In clock cycle: 0
Register Write to Reg: 0x02 Val: 0x10011000
In clock cycle: 1
Register Write to Reg: 0x00 Val: 0x00000000
In clock cycle: 2
Register Write to Reg: 0x00 Val: 0x00000000
In clock cycle: 3
Register Write to Reg: 0x00 Val: 0x00000000
In clock cycle: 4
Register Write to Reg: 0x08 Val: 0x00000000
In clock cycle: 5
Register Write to Reg: 0x00 Val: 0x00000000
In clock cycle: 6
Register Write to Reg: 0x00 Val: 0x00000000
In clock cycle: 7
Register Write to Reg: 0x00 Val: 0x00000000
In clock cycle: 8
Register Write to Reg: 0x01 Val: 0x00400020
In clock cycle: 9
Register Write to Reg: 0x00 Val: 0x00000000
In clock cycle: 10
Register Write to Reg: 0x00 Val: 0x00000000
In clock cycle: 11
Register Write to Reg: 0x00 Val: 0x00000000
In clock cycle: 12
Register Write to Reg: 0x01 Val: 0x0040004C
In clock cycle: 13
Register Write to Reg: 0x00 Val: 0x00000000
In clock cycle: 14
Register Write to Reg: 0x00 Val: 0x00000000
In clock cycle: 15
Register Write to Reg: 0x00 Val: 0x00000000
In clock cycle: 16
Register Write to Reg: 0x00 Val: 0x00400044
In clock cycle: 17
Register Write to Reg: 0x02 Val: 0x10010FD8
In clock cycle: 18
Register Write to Reg: 0x00 Val: 0x00000000
In clock cycle: 19
Register Write to Reg: 0x00 Val: 0x00000000
In clock cycle: 20
Register Write to Reg: 0x00 Val: 0x00000000
In clock cycle: 21
Memory Write to Addr: 0x10010FFC Val: 0x0040004C
In clock cycle: 22
Memory Write to Addr: 0x10010FF8 Val: 0x00000000
In clock cycle: 23
Register Write to Reg: 0x00 Val: 0x00000000
In clock cycle: 24
Register Write to Reg: 0x00 Val: 0x00000000
In clock cycle: 25
Register Write to Reg: 0x08 Val: 0x10010FD8
In clock cycle: 26
Register Write to Reg: 0x00 Val: 0x00000000
In clock cycle: 27
Register Write to Reg: 0x00 Val: 0x00000000
In clock cycle: 28
Register Write to Reg: 0x00 Val: 0x00000000
In clock cycle: 29
Memory Write to Addr: 0x10010FF0 Val: 0x00000000
In clock cycle: 30
Register Write to Reg: 0x00 Val: 0x00400090
In clock cycle: 31
Register Write to Reg: 0x07 Val: 0x00000000
In clock cycle: 32
Register Write to Reg: 0x00 Val: 0x00000000
In clock cycle: 33
Register Write to Reg: 0x00 Val: 0x00000000
In clock cycle: 34
Register Write to Reg: 0x00 Val: 0x00000000
In clock cycle: 35
Register Write to Reg: 0x07 Val: 0x00000001
In clock cycle: 36
Register Write to Reg: 0x00 Val: 0x00000000
In clock cycle: 37
Register Write to Reg: 0x00 Val: 0x00000000
In clock cycle: 38
Register Write to Reg: 0x00 Val: 0x00000000
In clock cycle: 40
Register Write to Reg: 0x00 Val: 0x00000000
In clock cycle: 41
Register Write to Reg: 0x00 Val: 0x00000000
In clock cycle: 42
Register Write to Reg: 0x00 Val: 0x00400190
In clock cycle: 43
Register Write to Reg: 0x1D Val: 0x00000000
In clock cycle: 44
Register Write to Reg: 0x00 Val: 0x00000000
In clock cycle: 45
Register Write to Reg: 0x00 Val: 0x00000000
In clock cycle: 46
Register Write to Reg: 0x00 Val: 0x00000000
In clock cycle: 47
Register Write to Reg: 0x01 Val: 0x004000A8
In clock cycle: 48
Register Write to Reg: 0x00 Val: 0x00000000
In clock cycle: 49
Register Write to Reg: 0x00 Val: 0x00000000
In clock cycle: 50
Register Write to Reg: 0x00 Val: 0x00000000
In clock cycle: 51
Register Write to Reg: 0x01 Val: 0x004000D4
In clock cycle: 52
Register Write to Reg: 0x00 Val: 0x00000000
In clock cycle: 53
Register Write to Reg: 0x00 Val: 0x00000000
In clock cycle: 54
Register Write to Reg: 0x00 Val: 0x00000000
In clock cycle: 55
Register Write to Reg: 0x00 Val: 0x004000CC
In clock cycle: 56
Register Write to Reg: 0x02 Val: 0x10010FB8
In clock cycle: 57
Register Write to Reg: 0x00 Val: 0x00000000
In clock cycle: 58
Register Write to Reg: 0x00 Val: 0x00000000
In clock cycle: 59
Register Write to Reg: 0x00 Val: 0x00000000
In clock cycle: 60
Memory Write to Addr: 0x10010FD4 Val: 0x10010FD8
In clock cycle: 61
Register Write to Reg: 0x00 Val: 0x00000000
In clock cycle: 62
Register Write to Reg: 0x00 Val: 0x00000000
In clock cycle: 63
Register Write to Reg: 0x00 Val: 0x00000000
In clock cycle: 64
Register Write to Reg: 0x08 Val: 0x10010FB8
In clock cycle: 65
Register Write to Reg: 0x00 Val: 0x00000000
In clock cycle: 66
Register Write to Reg: 0x00 Val: 0x00000000
In clock cycle: 67
Register Write to Reg: 0x00 Val: 0x00000000
In clock cycle: 68
Memory Write to Addr: 0x10010FD8 Val: 0x00000000
In clock cycle: 69
Register Write to Reg: 0x07 Val: 0x00000001
In clock cycle: 70
Register Write to Reg: 0x00 Val: 0x00000000
In clock cycle: 71
Register Write to Reg: 0x00 Val: 0x00000000
In clock cycle: 72
Register Write to Reg: 0x00 Val: 0x00000000
In clock cycle: 73
Memory Write to Addr: 0x10010FC0 Val: 0x00000001
In clock cycle: 74
Memory Write to Addr: 0x10010FC4 Val: 0x00000000
In clock cycle: 75
Register Write to Reg: 0x00 Val: 0x00400C94
In clock cycle: 76
Register Write to Reg: 0x1C Val: 0x00000000
In clock cycle: 77
Register Write to Reg: 0x07 Val: 0x00000000
In clock cycle: 78
Register Write to Reg: 0x00 Val: 0x00000000
In clock cycle: 79
Register Write to Reg: 0x00 Val: 0x00000000
In clock cycle: 80
Register Write to Reg: 0x00 Val: 0x00000000
In clock cycle: 81
Register Write to Reg: 0x07 Val: 0x00000000
In clock cycle: 82
Register Write to Reg: 0x00 Val: 0x00000000
In clock cycle: 83
Register Write to Reg: 0x00 Val: 0x00000000
In clock cycle: 84
Register Write to Reg: 0x00 Val: 0x00000000
In clock cycle: 86
Register Write to Reg: 0x07 Val: 0x1000FD20
In clock cycle: 87
Register Write to Reg: 0x00 Val: 0x00000000
In clock cycle: 88
Register Write to Reg: 0x00 Val: 0x00000000
In clock cycle: 89
Register Write to Reg: 0x00 Val: 0x00000000
In clock cycle: 90
Register Write to Reg: 0x07 Val: 0x10010024
In clock cycle: 91
Register Write to Reg: 0x00 Val: 0x00000000
In clock cycle: 92
Register Write to Reg: 0x00 Val: 0x00000000
In clock cycle: 93
Register Write to Reg: 0x00 Val: 0x00000000
In clock cycle: 94
Register Write to Reg: 0x07 Val: 0x00000000
In clock cycle: 95
Register Write to Reg: 0x00 Val: 0x00000000
In clock cycle: 96
Register Write to Reg: 0x00 Val: 0x00000000
In clock cycle: 97
Register Write to Reg: 0x00 Val: 0x00000000
In clock cycle: 98
Memory Write to Addr: 0x10010FC8 Val: 0x00000000
In clock cycle: 99
Register Write to Reg: 0x1C Val: 0x00000000
In clock cycle: 100
Register Write to Reg: 0x00 Val: 0x00000000
In clock cycle: 101
Register Write to Reg: 0x00 Val: 0x00000000
In clock cycle: 102
Register Write to Reg: 0x00 Val: 0x00000000
In clock cycle: 103
Register Write to Reg: 0x07 Val: 0x00000001
In clock cycle: 104
Register Write to Reg: 0x00 Val: 0x00000000
In clock cycle: 105
Register Write to Reg: 0x00 Val: 0x00000000
In clock cycle: 106
Register Write to Reg: 0x00 Val: 0x00000000
In clock cycle: 107
Register Write to Reg: 0x07 Val: 0x00000000
In clock cycle: 108
Register Write to Reg: 0x00 Val: 0x00000000
In clock cycle: 109
Register Write to Reg: 0x00 Val: 0x00000000
In clock cycle: 110
Register Write to Reg: 0x00 Val: 0x00000000
In clock cycle: 111
Register Write to Reg: 0x07 Val: 0x00000000
In clock cycle: 112
Register Write to Reg: 0x00 Val: 0x00000000
In clock cycle: 113
Register Write to Reg: 0x00 Val: 0x00000000
In clock cycle: 114
Register Write to Reg: 0x00 Val: 0x00000000
In clock cycle: 115
Register Write to Reg: 0x07 Val: 0x00000000
In clock cycle: 116
Register Write to Reg: 0x00 Val: 0x00000000
In clock cycle: 117
Register Write to Reg: 0x00 Val: 0x00000000
In clock cycle: 118
Register Write to Reg: 0x00 Val: 0x00000000
In clock cycle: 119
Register Write to Reg: 0x02 Val: 0x10010FB8
In clock cycle: 120
Register Write to Reg: 0x00 Val: 0x00000000
In clock cycle: 121
Register Write to Reg: 0x00 Val: 0x00000000
In clock cycle: 122
Register Write to Reg: 0x00 Val: 0x00000000
In clock cycle: 123
Register Write to Reg: 0x08 Val: 0x10010FD8
In clock cycle: 124
Register Write to Reg: 0x00 Val: 0x00000000
In clock cycle: 125
Register Write to Reg: 0x00 Val: 0x00000000
In clock cycle: 126
Register Write to Reg: 0x00 Val: 0x00000000
In clock cycle: 127
Register Write to Reg: 0x02 Val: 0x10010FD8
In clock cycle: 128
Register Write to Reg: 0x00 Val: 0x00000000
In clock cycle: 129
Register Write to Reg: 0x00 Val: 0x00000000
In clock cycle: 130
Register Write to Reg: 0x00 Val: 0x00400DD4
In clock cycle: 131
Register Write to Reg: 0x07 Val: 0x00000001
In clock cycle: 132
Register Write to Reg: 0x00 Val: 0x00000000
In clock cycle: 133
Register Write to Reg: 0x00 Val: 0x00000000
In clock cycle: 134
Register Write to Reg: 0x00 Val: 0x00000000
In clock cycle: 135
Register Write to Reg: 0x07 Val: 0x00000001
In clock cycle: 136
Register Write to Reg: 0x00 Val: 0x00000000
In clock cycle: 137
Register Write to Reg: 0x00 Val: 0x00000000
In clock cycle: 138
Register Write to Reg: 0x00 Val: 0x00000000
In clock cycle: 140
Register Write to Reg: 0x00 Val: 0x00000000
In clock cycle: 141
Register Write to Reg: 0x00 Val: 0x00000000
In clock cycle: 142
Register Write to Reg: 0x1D Val: 0x00000000
In clock cycle: 143
Register Write to Reg: 0x00 Val: 0x00000000
In clock cycle: 144
Register Write to Reg: 0x00 Val: 0x00000000
In clock cycle: 145
Register Write to Reg: 0x00 Val: 0x00000000
In clock cycle: 146
Register Write to Reg: 0x01 Val: 0x00400110
In clock cycle: 147
Register Write to Reg: 0x00 Val: 0x00000000
In clock cycle: 148
Register Write to Reg: 0x00 Val: 0x00000000
In clock cycle: 149
Register Write to Reg: 0x00 Val: 0x00000000
In clock cycle: 150
Register Write to Reg: 0x01 Val: 0x0040013C
In clock cycle: 151
Register Write to Reg: 0x00 Val: 0x00000000
In clock cycle: 152
Register Write to Reg: 0x00 Val: 0x00000000
In clock cycle: 153
Register Write to Reg: 0x00 Val: 0x00000000
In clock cycle: 154
Register Write to Reg: 0x00 Val: 0x00400134
In clock cycle: 155
Register Write to Reg: 0x02 Val: 0x10010FA8
In clock cycle: 156
Register Write to Reg: 0x00 Val: 0x00000000
In clock cycle: 157
Register Write to Reg: 0x00 Val: 0x00000000
In clock cycle: 158
Register Write to Reg: 0x00 Val: 0x00000000
In clock cycle: 159
Memory Write to Addr: 0x10010FD4 Val: 0x0040013C
In clock cycle: 160
Memory Write to Addr: 0x10010FD0 Val: 0x10010FD8
In clock cycle: 161
Register Write to Reg: 0x00 Val: 0x00000000
In clock cycle: 162
Register Write to Reg: 0x00 Val: 0x00000000
In clock cycle: 163
Register Write to Reg: 0x00 Val: 0x00000000
In clock cycle: 164
Register Write to Reg: 0x08 Val: 0x10010FA8
In clock cycle: 165
Register Write to Reg: 0x00 Val: 0x00000000
In clock cycle: 166
Register Write to Reg: 0x00 Val: 0x00000000
In clock cycle: 167
Register Write to Reg: 0x00 Val: 0x00000000
In clock cycle: 168
Memory Write to Addr: 0x10010FD8 Val: 0x00000000
In clock cycle: 169
Register Write to Reg: 0x1D Val: 0x00000000
In clock cycle: 170
Register Write to Reg: 0x00 Val: 0x00000000
In clock cycle: 171
Register Write to Reg: 0x00 Val: 0x00000000
In clock cycle: 172
Register Write to Reg: 0x00 Val: 0x00000000
In clock cycle: 173
Register Write to Reg: 0x01 Val: 0x0040056C
In clock cycle: 174
Register Write to Reg: 0x00 Val: 0x00000000
In clock cycle: 175
Register Write to Reg: 0x00 Val: 0x00000000
In clock cycle: 176
Register Write to Reg: 0x00 Val: 0x00000000
In clock cycle: 177
Register Write to Reg: 0x01 Val: 0x00400598
In clock cycle: 178
Register Write to Reg: 0x00 Val: 0x00000000
In clock cycle: 179
Register Write to Reg: 0x00 Val: 0x00000000
In clock cycle: 180
Register Write to Reg: 0x00 Val: 0x00000000
In clock cycle: 181
Register Write to Reg: 0x00 Val: 0x00400590
In clock cycle: 182
Register Write to Reg: 0x02 Val: 0x10010F88
In clock cycle: 183
Register Write to Reg: 0x00 Val: 0x00000000
In clock cycle: 184
Register Write to Reg: 0x00 Val: 0x00000000
In clock cycle: 185
Register Write to Reg: 0x00 Val: 0x00000000
In clock cycle: 186
Memory Write to Addr: 0x10010FA4 Val: 0x10010FA8
In clock cycle: 187
Register Write to Reg: 0x00 Val: 0x00000000
In clock cycle: 188
Register Write to Reg: 0x00 Val: 0x00000000
In clock cycle: 189
Register Write to Reg: 0x00 Val: 0x00000000
In clock cycle: 190
Register Write to Reg: 0x08 Val: 0x10010F88
In clock cycle: 191
Register Write to Reg: 0x00 Val: 0x00000000
In clock cycle: 192
Register Write to Reg: 0x00 Val: 0x00000000
In clock cycle: 193
Register Write to Reg: 0x00 Val: 0x00000000
In clock cycle: 194
Memory Write to Addr: 0x10010FA8 Val: 0x00000000
In clock cycle: 195
Register Write to Reg: 0x07 Val: 0x00000001
In clock cycle: 196
Register Write to Reg: 0x00 Val: 0x00000000
In clock cycle: 197
Register Write to Reg: 0x00 Val: 0x00000000
In clock cycle: 198
Register Write to Reg: 0x00 Val: 0x00000000
In clock cycle: 199
Memory Write to Addr: 0x10010F90 Val: 0x00000001
In clock cycle: 200
Memory Write to Addr: 0x10010F94 Val: 0x00000000
In clock cycle: 201
Register Write to Reg: 0x00 Val: 0x00400B08
In clock cycle: 202
Register Write to Reg: 0x1C Val: 0x00000000
In clock cycle: 203
Register Write to Reg: 0x07 Val: 0x00000000
In clock cycle: 204
Register Write to Reg: 0x00 Val: 0x00000000
In clock cycle: 205
Register Write to Reg: 0x00 Val: 0x00000000
In clock cycle: 206
Register Write to Reg: 0x00 Val: 0x00000000
In clock cycle: 207
Register Write to Reg: 0x07 Val: 0x00000000
In clock cycle: 208
Register Write to Reg: 0x00 Val: 0x00000000
In clock cycle: 209
Register Write to Reg: 0x00 Val: 0x00000000
In clock cycle: 210
Register Write to Reg: 0x00 Val: 0x00000000
In clock cycle: 212
Register Write to Reg: 0x07 Val: 0x1000FB94
In clock cycle: 213
Register Write to Reg: 0x00 Val: 0x00000000
In clock cycle: 214
Register Write to Reg: 0x00 Val: 0x00000000
In clock cycle: 215
Register Write to Reg: 0x00 Val: 0x00000000
In clock cycle: 216
Register Write to Reg: 0x07 Val: 0x10010024
In clock cycle: 217
Register Write to Reg: 0x00 Val: 0x00000000
In clock cycle: 218
Register Write to Reg: 0x00 Val: 0x00000000
In clock cycle: 219
Register Write to Reg: 0x00 Val: 0x00000000
In clock cycle: 220
Memory Write to Addr: 0x10010F98 Val: 0x10010024
In clock cycle: 221
Register Write to Reg: 0x07 Val: 0x10010024
In clock cycle: 222
Register Write to Reg: 0x00 Val: 0x00000000
In clock cycle: 223
Register Write to Reg: 0x00 Val: 0x00000000
In clock cycle: 224
Register Write to Reg: 0x00 Val: 0x00000000
In clock cycle: 225
Register Write to Reg: 0x1C Val: 0x00000000
In clock cycle: 226
Register Write to Reg: 0x00 Val: 0x00000000
In clock cycle: 227
Register Write to Reg: 0x00 Val: 0x00000000
In clock cycle: 228
Register Write to Reg: 0x00 Val: 0x00000000
In clock cycle: 229
Register Write to Reg: 0x07 Val: 0x00000001
In clock cycle: 230
Register Write to Reg: 0x00 Val: 0x00000000
In clock cycle: 231
Register Write to Reg: 0x00 Val: 0x00000000
In clock cycle: 232
Register Write to Reg: 0x00 Val: 0x00000000
In clock cycle: 233
Register Write to Reg: 0x1C Val: 0x00000001
In clock cycle: 234
Register Write to Reg: 0x00 Val: 0x00000000
In clock cycle: 235
Register Write to Reg: 0x00 Val: 0x00000000
In clock cycle: 236
Register Write to Reg: 0x00 Val: 0x00000000
In clock cycle: 237
Register Write to Reg: 0x07 Val: 0x10010024
In clock cycle: 238
Register Write to Reg: 0x00 Val: 0x00000000
In clock cycle: 239
Register Write to Reg: 0x00 Val: 0x00000000
In clock cycle: 240
Register Write to Reg: 0x00 Val: 0x00000000
In clock cycle: 241
Memory Write to Addr: 0x10010024 Val: 0x00000001
In clock cycle: 242
Register Write to Reg: 0x02 Val: 0x10010F88
In clock cycle: 243
Register Write to Reg: 0x00 Val: 0x00000000
In clock cycle: 244
Register Write to Reg: 0x00 Val: 0x00000000
In clock cycle: 245
Register Write to Reg: 0x00 Val: 0x00000000
In clock cycle: 246
Register Write to Reg: 0x08 Val: 0x10010FA8
In clock cycle: 247
Register Write to Reg: 0x00 Val: 0x00000000
In clock cycle: 248
Register Write to Reg: 0x00 Val: 0x00000000
In clock cycle: 249
Register Write to Reg: 0x00 Val: 0x00000000
In clock cycle: 250
Register Write to Reg: 0x02 Val: 0x10010FA8
In clock cycle: 251
Register Write to Reg: 0x00 Val: 0x00000000
In clock cycle: 252
Register Write to Reg: 0x00 Val: 0x00000000
In clock cycle: 253
Register Write to Reg: 0x00 Val: 0x00400C3C
In clock cycle: 254
Register Write to Reg: 0x07 Val: 0x10010FC4
In clock cycle: 255
Register Write to Reg: 0x00 Val: 0x00000000
In clock cycle: 256
Register Write to Reg: 0x00 Val: 0x00000000
In clock cycle: 257
Register Write to Reg: 0x00 Val: 0x00000000
In clock cycle: 258
Register Write to Reg: 0x1E Val: 0x00000000
In clock cycle: 259
Register Write to Reg: 0x00 Val: 0x00000000
In clock cycle: 260
Register Write to Reg: 0x00 Val: 0x00000000
In clock cycle: 261
Register Write to Reg: 0x00 Val: 0x00000000
In clock cycle: 262
Register Write to Reg: 0x1D Val: 0x10010FC4
In clock cycle: 263
Register Write to Reg: 0x00 Val: 0x00000000
In clock cycle: 264
Register Write to Reg: 0x00 Val: 0x00000000
In clock cycle: 265
Register Write to Reg: 0x00 Val: 0x00000000
In clock cycle: 266
Register Write to Reg: 0x01 Val: 0x004005C8
In clock cycle: 267
Register Write to Reg: 0x00 Val: 0x00000000
In clock cycle: 268
Register Write to Reg: 0x00 Val: 0x00000000
In clock cycle: 269
Register Write to Reg: 0x00 Val: 0x00000000
In clock cycle: 270
Register Write to Reg: 0x01 Val: 0x004005F4
In clock cycle: 271
Register Write to Reg: 0x00 Val: 0x00000000
In clock cycle: 272
Register Write to Reg: 0x00 Val: 0x00000000
In clock cycle: 273
Register Write to Reg: 0x00 Val: 0x00000000
In clock cycle: 274
Register Write to Reg: 0x00 Val: 0x004005EC
In clock cycle: 275
Register Write to Reg: 0x02 Val: 0x10010F90
In clock cycle: 276
Register Write to Reg: 0x00 Val: 0x00000000
In clock cycle: 277
Register Write to Reg: 0x00 Val: 0x00000000
In clock cycle: 278
Register Write to Reg: 0x00 Val: 0x00000000
In clock cycle: 279
Memory Write to Addr: 0x10010FA4 Val: 0x10010FA8
In clock cycle: 280
Register Write to Reg: 0x00 Val: 0x00000000
In clock cycle: 281
Register Write to Reg: 0x00 Val: 0x00000000
In clock cycle: 282
Register Write to Reg: 0x00 Val: 0x00000000
In clock cycle: 283
Register Write to Reg: 0x08 Val: 0x10010F90
In clock cycle: 284
Register Write to Reg: 0x00 Val: 0x00000000
In clock cycle: 285
Register Write to Reg: 0x00 Val: 0x00000000
In clock cycle: 286
Register Write to Reg: 0x00 Val: 0x00000000
In clock cycle: 287
Register Write to Reg: 0x1F Val: 0x00000000
In clock cycle: 288
Memory Write to Addr: 0x10010FA8 Val: 0x10010FC4
In clock cycle: 289
Memory Write to Addr: 0x10010FAC Val: 0x00000000
In clock cycle: 290
Register Write to Reg: 0x07 Val: 0x00000000
In clock cycle: 291
Register Write to Reg: 0x00 Val: 0x00000000
In clock cycle: 292
Register Write to Reg: 0x00 Val: 0x00000000
In clock cycle: 293
Register Write to Reg: 0x00 Val: 0x00000000
In clock cycle: 294
Memory Write to Addr: 0x10010F98 Val: 0x00000000
In clock cycle: 295
Memory Write to Addr: 0x10010F9C Val: 0x00000000
In clock cycle: 296
Register Write to Reg: 0x07 Val: 0x10010FC4
In clock cycle: 297
Register Write to Reg: 0x1D Val: 0x00000000
In clock cycle: 298
Register Write to Reg: 0x1C Val: 0x00000000
In clock cycle: 299
Register Write to Reg: 0x00 Val: 0x00000000
In clock cycle: 300
Register Write to Reg: 0x00 Val: 0x00000000
In clock cycle: 301
Register Write to Reg: 0x00 Val: 0x00000000
In clock cycle: 302
Memory Write to Addr: 0x10010FC4 Val: 0x00000000
In clock cycle: 303
Memory Write to Addr: 0x10010FC8 Val: 0x00000000
In clock cycle: 304
Register Write to Reg: 0x07 Val: 0x10010FC4
In clock cycle: 305
Register Write to Reg: 0x00 Val: 0x00000000
In clock cycle: 306
Register Write to Reg: 0x00 Val: 0x00000000
In clock cycle: 307
Register Write to Reg: 0x00 Val: 0x00000000
In clock cycle: 308
Register Write to Reg: 0x02 Val: 0x10010F90
In clock cycle: 309
Register Write to Reg: 0x00 Val: 0x00000000
In clock cycle: 310
Register Write to Reg: 0x00 Val: 0x00000000
In clock cycle: 311
Register Write to Reg: 0x00 Val: 0x00000000
In clock cycle: 312
Register Write to Reg: 0x08 Val: 0x10010FA8
In clock cycle: 313
Register Write to Reg: 0x00 Val: 0x00000000
In clock cycle: 314
Register Write to Reg: 0x00 Val: 0x00000000
In clock cycle: 315
Register Write to Reg: 0x00 Val: 0x00000000
In clock cycle: 316
Register Write to Reg: 0x02 Val: 0x10010FA8
In clock cycle: 317
Register Write to Reg: 0x00 Val: 0x00000000
In clock cycle: 318
Register Write to Reg: 0x00 Val: 0x00000000
In clock cycle: 319
Register Write to Reg: 0x00 Val: 0x00400704
In clock cycle: 320
Register Write to Reg: 0x07 Val: 0x10010FC4
In clock cycle: 321
Register Write to Reg: 0x00 Val: 0x00000000
In clock cycle: 322
Register Write to Reg: 0x00 Val: 0x00000000
In clock cycle: 323
Register Write to Reg: 0x00 Val: 0x00000000
In clock cycle: 324
Register Write to Reg: 0x1D Val: 0x10010FC4
In clock cycle: 325
Register Write to Reg: 0x00 Val: 0x00000000
In clock cycle: 326
Register Write to Reg: 0x00 Val: 0x00000000
In clock cycle: 327
Register Write to Reg: 0x00 Val: 0x00000000
In clock cycle: 328
Register Write to Reg: 0x01 Val: 0x00400614
In clock cycle: 329
Register Write to Reg: 0x00 Val: 0x00000000
In clock cycle: 330
Register Write to Reg: 0x00 Val: 0x00000000
In clock cycle: 331
Register Write to Reg: 0x00 Val: 0x00000000
In clock cycle: 332
Register Write to Reg: 0x01 Val: 0x00400640
In clock cycle: 333
Register Write to Reg: 0x00 Val: 0x00000000
In clock cycle: 334
Register Write to Reg: 0x00 Val: 0x00000000
In clock cycle: 335
Register Write to Reg: 0x00 Val: 0x00000000
In clock cycle: 336
Register Write to Reg: 0x00 Val: 0x00400638
In clock cycle: 337
Register Write to Reg: 0x02 Val: 0x10010F88
In clock cycle: 338
Register Write to Reg: 0x00 Val: 0x00000000
In clock cycle: 339
Register Write to Reg: 0x00 Val: 0x00000000
In clock cycle: 340
Register Write to Reg: 0x00 Val: 0x00000000
In clock cycle: 341
Memory Write to Addr: 0x10010FA4 Val: 0x00400640
In clock cycle: 342
Memory Write to Addr: 0x10010FA0 Val: 0x10010FA8
In clock cycle: 343
Register Write to Reg: 0x00 Val: 0x00000000
In clock cycle: 344
Register Write to Reg: 0x00 Val: 0x00000000
In clock cycle: 345
Register Write to Reg: 0x00 Val: 0x00000000
In clock cycle: 346
Register Write to Reg: 0x08 Val: 0x10010F88
In clock cycle: 347
Register Write to Reg: 0x00 Val: 0x00000000
In clock cycle: 348
Register Write to Reg: 0x00 Val: 0x00000000
In clock cycle: 349
Register Write to Reg: 0x00 Val: 0x00000000
In clock cycle: 350
Memory Write to Addr: 0x10010FA8 Val: 0x10010FC4
In clock cycle: 351
Register Write to Reg: 0x00 Val: 0x00400748
In clock cycle: 352
Register Write to Reg: 0x07 Val: 0x10010FC4
In clock cycle: 353
Register Write to Reg: 0x00 Val: 0x00000000
In clock cycle: 354
Register Write to Reg: 0x00 Val: 0x00000000
In clock cycle: 355
Register Write to Reg: 0x00 Val: 0x00000000
In clock cycle: 356
Register Write to Reg: 0x07 Val: 0x00000000
In clock cycle: 357
Register Write to Reg: 0x00 Val: 0x00000000
In clock cycle: 358
Register Write to Reg: 0x00 Val: 0x00000000
In clock cycle: 359
Register Write to Reg: 0x00 Val: 0x00000000
In clock cycle: 360
Register Write to Reg: 0x07 Val: 0x00000001
In clock cycle: 361
Register Write to Reg: 0x00 Val: 0x00000000
In clock cycle: 362
Register Write to Reg: 0x00 Val: 0x00000000
In clock cycle: 363
Register Write to Reg: 0x00 Val: 0x00000000
In clock cycle: 365
Register Write to Reg: 0x00 Val: 0x00000000
In clock cycle: 366
Register Write to Reg: 0x00 Val: 0x00000000
In clock cycle: 367
Register Write to Reg: 0x00 Val: 0x004008B0
In clock cycle: 368
Register Write to Reg: 0x07 Val: 0x10010FC4
In clock cycle: 369
Register Write to Reg: 0x00 Val: 0x00000000
In clock cycle: 370
Register Write to Reg: 0x00 Val: 0x00000000
In clock cycle: 371
Register Write to Reg: 0x00 Val: 0x00000000
In clock cycle: 372
Register Write to Reg: 0x1C Val: 0x00000000
In clock cycle: 373
Register Write to Reg: 0x00 Val: 0x00000000
In clock cycle: 374
Register Write to Reg: 0x00 Val: 0x00000000
In clock cycle: 375
Register Write to Reg: 0x00 Val: 0x00000000
In clock cycle: 376
Register Write to Reg: 0x07 Val: 0x10010FC4
In clock cycle: 377
Register Write to Reg: 0x00 Val: 0x00000000
In clock cycle: 378
Register Write to Reg: 0x00 Val: 0x00000000
In clock cycle: 379
Register Write to Reg: 0x00 Val: 0x00000000
In clock cycle: 380
Register Write to Reg: 0x07 Val: 0x00000000
In clock cycle: 381
Register Write to Reg: 0x00 Val: 0x00000000
In clock cycle: 382
Register Write to Reg: 0x00 Val: 0x00000000
In clock cycle: 383
Register Write to Reg: 0x00 Val: 0x00000000
In clock cycle: 384
Register Write to Reg: 0x1E Val: 0x00000000
In clock cycle: 385
Register Write to Reg: 0x1D Val: 0x00000000
In clock cycle: 386
Register Write to Reg: 0x00 Val: 0x00000000
In clock cycle: 387
Register Write to Reg: 0x00 Val: 0x00000000
In clock cycle: 388
Register Write to Reg: 0x00 Val: 0x00000000
In clock cycle: 389
Register Write to Reg: 0x01 Val: 0x004007A4
In clock cycle: 390
Register Write to Reg: 0x00 Val: 0x00000000
In clock cycle: 391
Register Write to Reg: 0x00 Val: 0x00000000
In clock cycle: 392
Register Write to Reg: 0x00 Val: 0x00000000
In clock cycle: 393
Register Write to Reg: 0x01 Val: 0x004007D0
In clock cycle: 394
Register Write to Reg: 0x00 Val: 0x00000000
In clock cycle: 395
Register Write to Reg: 0x00 Val: 0x00000000
In clock cycle: 396
Register Write to Reg: 0x00 Val: 0x00000000
In clock cycle: 397
Register Write to Reg: 0x00 Val: 0x004007C8
In clock cycle: 398
Register Write to Reg: 0x02 Val: 0x10010F68
In clock cycle: 399
Register Write to Reg: 0x00 Val: 0x00000000
In clock cycle: 400
Register Write to Reg: 0x00 Val: 0x00000000
In clock cycle: 401
Register Write to Reg: 0x00 Val: 0x00000000
In clock cycle: 402
Memory Write to Addr: 0x10010F84 Val: 0x10010F88
In clock cycle: 403
Register Write to Reg: 0x00 Val: 0x00000000
In clock cycle: 404
Register Write to Reg: 0x00 Val: 0x00000000
In clock cycle: 405
Register Write to Reg: 0x00 Val: 0x00000000
In clock cycle: 406
Register Write to Reg: 0x08 Val: 0x10010F68
In clock cycle: 407
Register Write to Reg: 0x00 Val: 0x00000000
In clock cycle: 408
Register Write to Reg: 0x00 Val: 0x00000000
In clock cycle: 409
Register Write to Reg: 0x00 Val: 0x00000000
In clock cycle: 410
Memory Write to Addr: 0x10010F88 Val: 0x00000000
In clock cycle: 411
Memory Write to Addr: 0x10010F8C Val: 0x00000000
In clock cycle: 412
Register Write to Reg: 0x07 Val: 0x1000F930
In clock cycle: 413
Register Write to Reg: 0x00 Val: 0x00000000
In clock cycle: 414
Register Write to Reg: 0x00 Val: 0x00000000
In clock cycle: 415
Register Write to Reg: 0x00 Val: 0x00000000
In clock cycle: 416
Register Write to Reg: 0x07 Val: 0x10010014
In clock cycle: 417
Register Write to Reg: 0x00 Val: 0x00000000
In clock cycle: 418
Register Write to Reg: 0x00 Val: 0x00000000
In clock cycle: 419
Register Write to Reg: 0x00 Val: 0x00000000
In clock cycle: 420
Register Write to Reg: 0x1C Val: 0x00000000
In clock cycle: 421
Register Write to Reg: 0x00 Val: 0x00000000
In clock cycle: 422
Register Write to Reg: 0x00 Val: 0x00000000
In clock cycle: 423
Register Write to Reg: 0x00 Val: 0x00000000
In clock cycle: 424
Register Write to Reg: 0x1C Val: 0x00000000
In clock cycle: 425
Register Write to Reg: 0x00 Val: 0x00000000
In clock cycle: 426
Register Write to Reg: 0x00 Val: 0x00000000
In clock cycle: 427
Register Write to Reg: 0x00 Val: 0x00000000
In clock cycle: 428
Register Write to Reg: 0x07 Val: 0x10010014
In clock cycle: 429
Register Write to Reg: 0x00 Val: 0x00000000
In clock cycle: 430
Register Write to Reg: 0x00 Val: 0x00000000
In clock cycle: 431
Register Write to Reg: 0x00 Val: 0x00000000
In clock cycle: 432
Register Write to Reg: 0x07 Val: 0x00000006
In clock cycle: 433
Register Write to Reg: 0x00 Val: 0x00000000
In clock cycle: 434
Register Write to Reg: 0x00 Val: 0x00000000
In clock cycle: 435
Register Write to Reg: 0x00 Val: 0x00000000
In clock cycle: 436
Memory Write to Addr: 0x10010F78 Val: 0x00000006
In clock cycle: 437
Register Write to Reg: 0x07 Val: 0x00000001
In clock cycle: 438
Register Write to Reg: 0x00 Val: 0x00000000
In clock cycle: 439
Register Write to Reg: 0x00 Val: 0x00000000
In clock cycle: 440
Register Write to Reg: 0x00 Val: 0x00000000
In clock cycle: 441
Memory Write to Addr: 0x10010F70 Val: 0x00000001
In clock cycle: 442
Memory Write to Addr: 0x10010F74 Val: 0x00000000
In clock cycle: 443
Register Write to Reg: 0x00 Val: 0x004009B0
In clock cycle: 444
Register Write to Reg: 0x1C Val: 0x00000000
In clock cycle: 445
Register Write to Reg: 0x07 Val: 0x00000000
In clock cycle: 446
Register Write to Reg: 0x00 Val: 0x00000000
In clock cycle: 447
Register Write to Reg: 0x00 Val: 0x00000000
In clock cycle: 448
Register Write to Reg: 0x00 Val: 0x00000000
In clock cycle: 449
Register Write to Reg: 0x07 Val: 0x00000000
In clock cycle: 450
Register Write to Reg: 0x00 Val: 0x00000000
In clock cycle: 451
Register Write to Reg: 0x00 Val: 0x00000000
In clock cycle: 452
Register Write to Reg: 0x00 Val: 0x00000000
In clock cycle: 454
Register Write to Reg: 0x1C Val: 0x00000001
In clock cycle: 455
Register Write to Reg: 0x07 Val: 0x00000006
In clock cycle: 456
Register Write to Reg: 0x00 Val: 0x00000000
In clock cycle: 457
Register Write to Reg: 0x00 Val: 0x00000000
In clock cycle: 458
Register Write to Reg: 0x00 Val: 0x00000000
In clock cycle: 459
Register Write to Reg: 0x07 Val: 0x00000000
In clock cycle: 460
Register Write to Reg: 0x00 Val: 0x00000000
In clock cycle: 461
Register Write to Reg: 0x00 Val: 0x00000000
In clock cycle: 462
Register Write to Reg: 0x00 Val: 0x00000000
In clock cycle: 463
Register Write to Reg: 0x07 Val: 0x00000000
In clock cycle: 464
Register Write to Reg: 0x00 Val: 0x00000000
In clock cycle: 465
Register Write to Reg: 0x00 Val: 0x00000000
In clock cycle: 466
Register Write to Reg: 0x00 Val: 0x00000000
In clock cycle: 467
Register Write to Reg: 0x07 Val: 0x00000000
In clock cycle: 468
Register Write to Reg: 0x00 Val: 0x00000000
In clock cycle: 469
Register Write to Reg: 0x00 Val: 0x00000000
In clock cycle: 470
Register Write to Reg: 0x00 Val: 0x00000000
In clock cycle: 471
Register Write to Reg: 0x02 Val: 0x10010F68
In clock cycle: 472
Register Write to Reg: 0x00 Val: 0x00000000
In clock cycle: 473
Register Write to Reg: 0x00 Val: 0x00000000
In clock cycle: 474
Register Write to Reg: 0x00 Val: 0x00000000
In clock cycle: 475
Register Write to Reg: 0x08 Val: 0x10010F88
In clock cycle: 476
Register Write to Reg: 0x00 Val: 0x00000000
In clock cycle: 477
Register Write to Reg: 0x00 Val: 0x00000000
In clock cycle: 478
Register Write to Reg: 0x00 Val: 0x00000000
In clock cycle: 479
Register Write to Reg: 0x02 Val: 0x10010F88
In clock cycle: 480
Register Write to Reg: 0x00 Val: 0x00000000
In clock cycle: 481
Register Write to Reg: 0x00 Val: 0x00000000
In clock cycle: 482
Register Write to Reg: 0x00 Val: 0x00400AB0
In clock cycle: 484
Register Write to Reg: 0x07 Val: 0x10010FC4
In clock cycle: 485
Register Write to Reg: 0x00 Val: 0x00000000
In clock cycle: 486
Register Write to Reg: 0x00 Val: 0x00000000
In clock cycle: 487
Register Write to Reg: 0x00 Val: 0x00000000
In clock cycle: 488
Register Write to Reg: 0x07 Val: 0x00000000
In clock cycle: 489
Register Write to Reg: 0x00 Val: 0x00000000
In clock cycle: 490
Register Write to Reg: 0x00 Val: 0x00000000
In clock cycle: 491
Register Write to Reg: 0x00 Val: 0x00000000
In clock cycle: 492
Register Write to Reg: 0x1C Val: 0x00000001
In clock cycle: 493
Register Write to Reg: 0x00 Val: 0x00000000
In clock cycle: 494
Register Write to Reg: 0x00 Val: 0x00000000
In clock cycle: 495
Register Write to Reg: 0x00 Val: 0x00000000
In clock cycle: 496
Register Write to Reg: 0x07 Val: 0x10010FC4
In clock cycle: 497
Register Write to Reg: 0x00 Val: 0x00000000
In clock cycle: 498
Register Write to Reg: 0x00 Val: 0x00000000
In clock cycle: 499
Register Write to Reg: 0x00 Val: 0x00000000
In clock cycle: 500
Memory Write to Addr: 0x10010FC8 Val: 0x00000001
In clock cycle: 501
Register Write to Reg: 0x07 Val: 0x10010FC4
In clock cycle: 502
Register Write to Reg: 0x00 Val: 0x00000000
In clock cycle: 503
Register Write to Reg: 0x00 Val: 0x00000000
In clock cycle: 504
Register Write to Reg: 0x00 Val: 0x00000000
In clock cycle: 505
Register Write to Reg: 0x07 Val: 0x00000001
In clock cycle: 506
Register Write to Reg: 0x00 Val: 0x00000000
In clock cycle: 507
Register Write to Reg: 0x00 Val: 0x00000000
In clock cycle: 508
Register Write to Reg: 0x00 Val: 0x00000000
In clock cycle: 509
Register Write to Reg: 0x07 Val: 0x00000001
In clock cycle: 510
Register Write to Reg: 0x00 Val: 0x00000000
In clock cycle: 511
Register Write to Reg: 0x00 Val: 0x00000000
In clock cycle: 512
Register Write to Reg: 0x00 Val: 0x00000000
In clock cycle: 514
Register Write to Reg: 0x00 Val: 0x00000000
In clock cycle: 515
Register Write to Reg: 0x00 Val: 0x00000000
In clock cycle: 516
Register Write to Reg: 0x00 Val: 0x004008B0
In clock cycle: 517
Register Write to Reg: 0x07 Val: 0x10010FC4
In clock cycle: 518
Register Write to Reg: 0x00 Val: 0x00000000
In clock cycle: 519
Register Write to Reg: 0x00 Val: 0x00000000
In clock cycle: 520
Register Write to Reg: 0x00 Val: 0x00000000
In clock cycle: 521
Register Write to Reg: 0x1C Val: 0x00000000
In clock cycle: 522
Register Write to Reg: 0x00 Val: 0x00000000
In clock cycle: 523
Register Write to Reg: 0x00 Val: 0x00000000
In clock cycle: 524
Register Write to Reg: 0x00 Val: 0x00000000
In clock cycle: 525
Register Write to Reg: 0x07 Val: 0x10010FC4
In clock cycle: 526
Register Write to Reg: 0x00 Val: 0x00000000
In clock cycle: 527
Register Write to Reg: 0x00 Val: 0x00000000
In clock cycle: 528
Register Write to Reg: 0x00 Val: 0x00000000
In clock cycle: 529
Register Write to Reg: 0x07 Val: 0x00000001
In clock cycle: 530
Register Write to Reg: 0x00 Val: 0x00000000
In clock cycle: 531
Register Write to Reg: 0x00 Val: 0x00000000
In clock cycle: 532
Register Write to Reg: 0x00 Val: 0x00000000
In clock cycle: 533
Register Write to Reg: 0x1E Val: 0x00000001
In clock cycle: 534
Register Write to Reg: 0x1D Val: 0x00000000
In clock cycle: 535
Register Write to Reg: 0x00 Val: 0x00000000
In clock cycle: 536
Register Write to Reg: 0x00 Val: 0x00000000
In clock cycle: 537
Register Write to Reg: 0x00 Val: 0x00000000
In clock cycle: 538
Register Write to Reg: 0x01 Val: 0x004007A4
In clock cycle: 539
Register Write to Reg: 0x00 Val: 0x00000000
In clock cycle: 540
Register Write to Reg: 0x00 Val: 0x00000000
In clock cycle: 541
Register Write to Reg: 0x00 Val: 0x00000000
In clock cycle: 542
Register Write to Reg: 0x01 Val: 0x004007D0
In clock cycle: 543
Register Write to Reg: 0x00 Val: 0x00000000
In clock cycle: 544
Register Write to Reg: 0x00 Val: 0x00000000
In clock cycle: 545
Register Write to Reg: 0x00 Val: 0x00000000
In clock cycle: 546
Register Write to Reg: 0x00 Val: 0x004007C8
In clock cycle: 547
Register Write to Reg: 0x02 Val: 0x10010F68
In clock cycle: 548
Register Write to Reg: 0x00 Val: 0x00000000
In clock cycle: 549
Register Write to Reg: 0x00 Val: 0x00000000
In clock cycle: 550
Register Write to Reg: 0x00 Val: 0x00000000
In clock cycle: 551
Memory Write to Addr: 0x10010F84 Val: 0x10010F88
In clock cycle: 552
Register Write to Reg: 0x00 Val: 0x00000000
In clock cycle: 553
Register Write to Reg: 0x00 Val: 0x00000000
In clock cycle: 554
Register Write to Reg: 0x00 Val: 0x00000000
In clock cycle: 555
Register Write to Reg: 0x08 Val: 0x10010F68
In clock cycle: 556
Register Write to Reg: 0x00 Val: 0x00000000
In clock cycle: 557
Register Write to Reg: 0x00 Val: 0x00000000
In clock cycle: 558
Register Write to Reg: 0x00 Val: 0x00000000
In clock cycle: 559
Memory Write to Addr: 0x10010F88 Val: 0x00000000
In clock cycle: 560
Memory Write to Addr: 0x10010F8C Val: 0x00000001
In clock cycle: 561
Register Write to Reg: 0x07 Val: 0x1000F930
In clock cycle: 562
Register Write to Reg: 0x00 Val: 0x00000000
In clock cycle: 563
Register Write to Reg: 0x00 Val: 0x00000000
In clock cycle: 564
Register Write to Reg: 0x00 Val: 0x00000000
In clock cycle: 565
Register Write to Reg: 0x07 Val: 0x10010014
In clock cycle: 566
Register Write to Reg: 0x00 Val: 0x00000000
In clock cycle: 567
Register Write to Reg: 0x00 Val: 0x00000000
In clock cycle: 568
Register Write to Reg: 0x00 Val: 0x00000000
In clock cycle: 569
Register Write to Reg: 0x1C Val: 0x00000000
In clock cycle: 570
Register Write to Reg: 0x00 Val: 0x00000000
In clock cycle: 571
Register Write to Reg: 0x00 Val: 0x00000000
In clock cycle: 572
Register Write to Reg: 0x00 Val: 0x00000000
In clock cycle: 573
Register Write to Reg: 0x1C Val: 0x00000000
In clock cycle: 574
Register Write to Reg: 0x00 Val: 0x00000000
In clock cycle: 575
Register Write to Reg: 0x00 Val: 0x00000000
In clock cycle: 576
Register Write to Reg: 0x00 Val: 0x00000000
In clock cycle: 577
Register Write to Reg: 0x07 Val: 0x10010014
In clock cycle: 578
Register Write to Reg: 0x00 Val: 0x00000000
In clock cycle: 579
Register Write to Reg: 0x00 Val: 0x00000000
In clock cycle: 580
Register Write to Reg: 0x00 Val: 0x00000000
In clock cycle: 581
Register Write to Reg: 0x07 Val: 0x00000006
In clock cycle: 582
Register Write to Reg: 0x00 Val: 0x00000000
In clock cycle: 583
Register Write to Reg: 0x00 Val: 0x00000000
In clock cycle: 584
Register Write to Reg: 0x00 Val: 0x00000000
In clock cycle: 585
Memory Write to Addr: 0x10010F78 Val: 0x00000006
In clock cycle: 586
Register Write to Reg: 0x07 Val: 0x00000001
In clock cycle: 587
Register Write to Reg: 0x00 Val: 0x00000000
In clock cycle: 588
Register Write to Reg: 0x00 Val: 0x00000000
In clock cycle: 589
Register Write to Reg: 0x00 Val: 0x00000000
In clock cycle: 590
Memory Write to Addr: 0x10010F70 Val: 0x00000001
In clock cycle: 591
Memory Write to Addr: 0x10010F74 Val: 0x00000000
In clock cycle: 592
Register Write to Reg: 0x00 Val: 0x004009B0
In clock cycle: 593
Register Write to Reg: 0x1C Val: 0x00000000
In clock cycle: 594
Register Write to Reg: 0x07 Val: 0x00000001
In clock cycle: 595
Register Write to Reg: 0x00 Val: 0x00000000
In clock cycle: 596
Register Write to Reg: 0x00 Val: 0x00000000
In clock cycle: 597
Register Write to Reg: 0x00 Val: 0x00000000
In clock cycle: 598
Register Write to Reg: 0x07 Val: 0x00000001
In clock cycle: 599
Register Write to Reg: 0x00 Val: 0x00000000
In clock cycle: 600
Register Write to Reg: 0x00 Val: 0x00000000
In clock cycle: 601
Register Write to Reg: 0x00 Val: 0x00000000
In clock cycle: 603
Register Write to Reg: 0x00 Val: 0x00000000
In clock cycle: 604
Register Write to Reg: 0x00 Val: 0x00000000
In clock cycle: 605
Register Write to Reg: 0x00 Val: 0x00400A34
In clock cycle: 606
Register Write to Reg: 0x07 Val: 0x00000001
In clock cycle: 607
Register Write to Reg: 0x00 Val: 0x00000000
In clock cycle: 608
Register Write to Reg: 0x00 Val: 0x00000000
In clock cycle: 609
Register Write to Reg: 0x00 Val: 0x00000000
In clock cycle: 610
Register Write to Reg: 0x07 Val: 0x00000002
In clock cycle: 611
Register Write to Reg: 0x00 Val: 0x00000000
In clock cycle: 612
Register Write to Reg: 0x00 Val: 0x00000000
In clock cycle: 613
Register Write to Reg: 0x00 Val: 0x00000000
In clock cycle: 614
Memory Write to Addr: 0x10010F70 Val: 0x00000002
In clock cycle: 615
Register Write to Reg: 0x07 Val: 0x00000000
In clock cycle: 616
Register Write to Reg: 0x00 Val: 0x00000000
In clock cycle: 617
Register Write to Reg: 0x00 Val: 0x00000000
In clock cycle: 618
Register Write to Reg: 0x00 Val: 0x00000000
In clock cycle: 619
Register Write to Reg: 0x07 Val: 0x00000001
In clock cycle: 620
Register Write to Reg: 0x00 Val: 0x00000000
In clock cycle: 621
Register Write to Reg: 0x00 Val: 0x00000000
In clock cycle: 622
Register Write to Reg: 0x00 Val: 0x00000000
In clock cycle: 623
Memory Write to Addr: 0x10010F74 Val: 0x00000001
In clock cycle: 624
Register Write to Reg: 0x1C Val: 0x00000001
In clock cycle: 625
Register Write to Reg: 0x07 Val: 0x00000001
In clock cycle: 626
Register Write to Reg: 0x00 Val: 0x00000000
In clock cycle: 627
Register Write to Reg: 0x00 Val: 0x00000000
In clock cycle: 628
Register Write to Reg: 0x00 Val: 0x00000000
In clock cycle: 629
Register Write to Reg: 0x07 Val: 0x00000000
In clock cycle: 630
Register Write to Reg: 0x00 Val: 0x00000000
In clock cycle: 631
Register Write to Reg: 0x00 Val: 0x00000000
In clock cycle: 632
Register Write to Reg: 0x00 Val: 0x00000000
In clock cycle: 634
Register Write to Reg: 0x1C Val: 0x00000002
In clock cycle: 635
Register Write to Reg: 0x07 Val: 0x00000006
In clock cycle: 636
Register Write to Reg: 0x00 Val: 0x00000000
In clock cycle: 637
Register Write to Reg: 0x00 Val: 0x00000000
In clock cycle: 638
Register Write to Reg: 0x00 Val: 0x00000000
In clock cycle: 639
Register Write to Reg: 0x07 Val: 0x00000002
In clock cycle: 640
Register Write to Reg: 0x00 Val: 0x00000000
In clock cycle: 641
Register Write to Reg: 0x00 Val: 0x00000000
In clock cycle: 642
Register Write to Reg: 0x00 Val: 0x00000000
In clock cycle: 643
Register Write to Reg: 0x07 Val: 0x00000001
In clock cycle: 644
Register Write to Reg: 0x00 Val: 0x00000000
In clock cycle: 645
Register Write to Reg: 0x00 Val: 0x00000000
In clock cycle: 646
Register Write to Reg: 0x00 Val: 0x00000000
In clock cycle: 647
Register Write to Reg: 0x07 Val: 0x00000001
In clock cycle: 648
Register Write to Reg: 0x00 Val: 0x00000000
In clock cycle: 649
Register Write to Reg: 0x00 Val: 0x00000000
In clock cycle: 650
Register Write to Reg: 0x00 Val: 0x00000000
In clock cycle: 651
Register Write to Reg: 0x02 Val: 0x10010F68
In clock cycle: 652
Register Write to Reg: 0x00 Val: 0x00000000
In clock cycle: 653
Register Write to Reg: 0x00 Val: 0x00000000
In clock cycle: 654
Register Write to Reg: 0x00 Val: 0x00000000
In clock cycle: 655
Register Write to Reg: 0x08 Val: 0x10010F88
In clock cycle: 656
Register Write to Reg: 0x00 Val: 0x00000000
In clock cycle: 657
Register Write to Reg: 0x00 Val: 0x00000000
In clock cycle: 658
Register Write to Reg: 0x00 Val: 0x00000000
In clock cycle: 659
Register Write to Reg: 0x02 Val: 0x10010F88
In clock cycle: 660
Register Write to Reg: 0x00 Val: 0x00000000
In clock cycle: 661
Register Write to Reg: 0x00 Val: 0x00000000
In clock cycle: 662
Register Write to Reg: 0x00 Val: 0x00400AB0
In clock cycle: 664
Register Write to Reg: 0x00 Val: 0x00000000
In clock cycle: 665
Register Write to Reg: 0x00 Val: 0x00000000
In clock cycle: 666
Register Write to Reg: 0x07 Val: 0x10010FC4
In clock cycle: 667
Register Write to Reg: 0x00 Val: 0x00000000
In clock cycle: 668
Register Write to Reg: 0x00 Val: 0x00000000
In clock cycle: 669
Register Write to Reg: 0x00 Val: 0x00000000
In clock cycle: 670
Register Write to Reg: 0x07 Val: 0x00000001
In clock cycle: 671
Register Write to Reg: 0x00 Val: 0x00000000
In clock cycle: 672
Register Write to Reg: 0x00 Val: 0x00000000
In clock cycle: 673
Register Write to Reg: 0x00 Val: 0x00000000
In clock cycle: 674
Register Write to Reg: 0x1D Val: 0x00000002
In clock cycle: 675
Register Write to Reg: 0x00 Val: 0x00000000
In clock cycle: 676
Register Write to Reg: 0x00 Val: 0x00000000
In clock cycle: 677
Register Write to Reg: 0x00 Val: 0x00000000
In clock cycle: 678
Register Write to Reg: 0x1C Val: 0x10010FC4
In clock cycle: 679
Register Write to Reg: 0x00 Val: 0x00000000
In clock cycle: 680
Register Write to Reg: 0x00 Val: 0x00000000
In clock cycle: 681
Register Write to Reg: 0x00 Val: 0x00000000
In clock cycle: 682
Memory Write to Addr: 0x10010FC8 Val: 0x00000002
In clock cycle: 683
Register Write to Reg: 0x00 Val: 0x00400824
In clock cycle: 684
Register Write to Reg: 0x02 Val: 0x10010F88
In clock cycle: 685
Register Write to Reg: 0x00 Val: 0x00000000
In clock cycle: 686
Register Write to Reg: 0x00 Val: 0x00000000
In clock cycle: 687
Register Write to Reg: 0x00 Val: 0x00000000
In clock cycle: 688
Register Write to Reg: 0x01 Val: 0x00400640
In clock cycle: 689
Register Write to Reg: 0x08 Val: 0x10010FA8
In clock cycle: 690
Register Write to Reg: 0x00 Val: 0x00000000
In clock cycle: 691
Register Write to Reg: 0x00 Val: 0x00000000
In clock cycle: 692
Register Write to Reg: 0x00 Val: 0x00000000
In clock cycle: 693
Register Write to Reg: 0x02 Val: 0x10010FA8
In clock cycle: 694
Register Write to Reg: 0x00 Val: 0x00000000
In clock cycle: 695
Register Write to Reg: 0x00 Val: 0x00000000
In clock cycle: 696
Register Write to Reg: 0x00 Val: 0x004008F0
In clock cycle: 697
Memory Write to Addr: 0x10010FC0 Val: 0x00000001
In clock cycle: 698
Register Write to Reg: 0x00 Val: 0x00400648
In clock cycle: 699
Register Write to Reg: 0x1C Val: 0x00000001
In clock cycle: 700
Register Write to Reg: 0x00 Val: 0x00000000
In clock cycle: 701
Register Write to Reg: 0x00 Val: 0x00000000
In clock cycle: 702
Register Write to Reg: 0x00 Val: 0x00000000
In clock cycle: 703
Register Write to Reg: 0x07 Val: 0xFFFFFFFF
In clock cycle: 704
Register Write to Reg: 0x00 Val: 0x00000000
In clock cycle: 705
Register Write to Reg: 0x00 Val: 0x00000000
In clock cycle: 707
Register Write to Reg: 0x00 Val: 0x00000000
In clock cycle: 708
Register Write to Reg: 0x00 Val: 0x00000000
In clock cycle: 709
Register Write to Reg: 0x00 Val: 0x00400368
In clock cycle: 710
Register Write to Reg: 0x1D Val: 0x00000001
In clock cycle: 711
Register Write to Reg: 0x00 Val: 0x00000000
In clock cycle: 712
Register Write to Reg: 0x00 Val: 0x00000000
In clock cycle: 713
Register Write to Reg: 0x00 Val: 0x00000000
In clock cycle: 714
Register Write to Reg: 0x01 Val: 0x00400258
In clock cycle: 715
Register Write to Reg: 0x00 Val: 0x00000000
In clock cycle: 716
Register Write to Reg: 0x00 Val: 0x00000000
In clock cycle: 717
Register Write to Reg: 0x00 Val: 0x00000000
In clock cycle: 718
Register Write to Reg: 0x01 Val: 0x00400284
In clock cycle: 719
Register Write to Reg: 0x00 Val: 0x00000000
In clock cycle: 720
Register Write to Reg: 0x00 Val: 0x00000000
In clock cycle: 721
Register Write to Reg: 0x00 Val: 0x00000000
In clock cycle: 722
Register Write to Reg: 0x00 Val: 0x0040027C
In clock cycle: 723
Register Write to Reg: 0x02 Val: 0x10010F88
In clock cycle: 724
Register Write to Reg: 0x00 Val: 0x00000000
In clock cycle: 725
Register Write to Reg: 0x00 Val: 0x00000000
In clock cycle: 726
Register Write to Reg: 0x00 Val: 0x00000000
In clock cycle: 727
Memory Write to Addr: 0x10010FA4 Val: 0x10010FA8
In clock cycle: 728
Register Write to Reg: 0x00 Val: 0x00000000
In clock cycle: 729
Register Write to Reg: 0x00 Val: 0x00000000
In clock cycle: 730
Register Write to Reg: 0x00 Val: 0x00000000
In clock cycle: 731
Register Write to Reg: 0x08 Val: 0x10010F88
In clock cycle: 732
Register Write to Reg: 0x00 Val: 0x00000000
In clock cycle: 733
Register Write to Reg: 0x00 Val: 0x00000000
In clock cycle: 734
Register Write to Reg: 0x00 Val: 0x00000000
In clock cycle: 735
Memory Write to Addr: 0x10010FA8 Val: 0x00000001
In clock cycle: 736
Register Write to Reg: 0x07 Val: 0x00000001
In clock cycle: 737
Register Write to Reg: 0x00 Val: 0x00000000
In clock cycle: 738
Register Write to Reg: 0x00 Val: 0x00000000
In clock cycle: 739
Register Write to Reg: 0x00 Val: 0x00000000
In clock cycle: 740
Memory Write to Addr: 0x10010F90 Val: 0x00000001
In clock cycle: 741
Memory Write to Addr: 0x10010F94 Val: 0x00000000
In clock cycle: 742
Register Write to Reg: 0x00 Val: 0x00400C94
In clock cycle: 743
Register Write to Reg: 0x1C Val: 0x00000000
In clock cycle: 744
Register Write to Reg: 0x07 Val: 0x00000001
In clock cycle: 745
Register Write to Reg: 0x00 Val: 0x00000000
In clock cycle: 746
Register Write to Reg: 0x00 Val: 0x00000000
In clock cycle: 747
Register Write to Reg: 0x00 Val: 0x00000000
In clock cycle: 748
Register Write to Reg: 0x07 Val: 0x00000001
In clock cycle: 749
Register Write to Reg: 0x00 Val: 0x00000000
In clock cycle: 750
Register Write to Reg: 0x00 Val: 0x00000000
In clock cycle: 751
Register Write to Reg: 0x00 Val: 0x00000000
In clock cycle: 753
Register Write to Reg: 0x00 Val: 0x00000000
In clock cycle: 754
Register Write to Reg: 0x00 Val: 0x00000000
In clock cycle: 755
Register Write to Reg: 0x00 Val: 0x00400D18
In clock cycle: 756
Register Write to Reg: 0x07 Val: 0x00000001
In clock cycle: 757
Register Write to Reg: 0x00 Val: 0x00000000
In clock cycle: 758
Register Write to Reg: 0x00 Val: 0x00000000
In clock cycle: 759
Register Write to Reg: 0x00 Val: 0x00000000
In clock cycle: 760
Register Write to Reg: 0x07 Val: 0x00000100
In clock cycle: 761
Register Write to Reg: 0x00 Val: 0x00000000
In clock cycle: 762
Register Write to Reg: 0x00 Val: 0x00000000
In clock cycle: 763
Register Write to Reg: 0x00 Val: 0x00000000
In clock cycle: 764
Memory Write to Addr: 0x10010F90 Val: 0x00000100
In clock cycle: 765
Register Write to Reg: 0x07 Val: 0x00000000
In clock cycle: 766
Register Write to Reg: 0x00 Val: 0x00000000
In clock cycle: 767
Register Write to Reg: 0x00 Val: 0x00000000
In clock cycle: 768
Register Write to Reg: 0x00 Val: 0x00000000
In clock cycle: 769
Register Write to Reg: 0x07 Val: 0x00000001
In clock cycle: 770
Register Write to Reg: 0x00 Val: 0x00000000
In clock cycle: 771
Register Write to Reg: 0x00 Val: 0x00000000
In clock cycle: 772
Register Write to Reg: 0x00 Val: 0x00000000
In clock cycle: 773
Memory Write to Addr: 0x10010F94 Val: 0x00000001
In clock cycle: 774
Register Write to Reg: 0x1C Val: 0x00000001
In clock cycle: 775
Register Write to Reg: 0x07 Val: 0x00000001
In clock cycle: 776
Register Write to Reg: 0x00 Val: 0x00000000
In clock cycle: 777
Register Write to Reg: 0x00 Val: 0x00000000
In clock cycle: 778
Register Write to Reg: 0x00 Val: 0x00000000
In clock cycle: 779
Register Write to Reg: 0x07 Val: 0x00000000
In clock cycle: 780
Register Write to Reg: 0x00 Val: 0x00000000
In clock cycle: 781
Register Write to Reg: 0x00 Val: 0x00000000
In clock cycle: 782
Register Write to Reg: 0x00 Val: 0x00000000
In clock cycle: 784
Register Write to Reg: 0x07 Val: 0x1000FD20
In clock cycle: 785
Register Write to Reg: 0x00 Val: 0x00000000
In clock cycle: 786
Register Write to Reg: 0x00 Val: 0x00000000
In clock cycle: 787
Register Write to Reg: 0x00 Val: 0x00000000
In clock cycle: 788
Register Write to Reg: 0x07 Val: 0x10010024
In clock cycle: 789
Register Write to Reg: 0x00 Val: 0x00000000
In clock cycle: 790
Register Write to Reg: 0x00 Val: 0x00000000
In clock cycle: 791
Register Write to Reg: 0x00 Val: 0x00000000
In clock cycle: 792
Register Write to Reg: 0x07 Val: 0x00000001
In clock cycle: 793
Register Write to Reg: 0x00 Val: 0x00000000
In clock cycle: 794
Register Write to Reg: 0x00 Val: 0x00000000
In clock cycle: 795
Register Write to Reg: 0x00 Val: 0x00000000
In clock cycle: 796
Memory Write to Addr: 0x10010F98 Val: 0x00000001
In clock cycle: 797
Register Write to Reg: 0x1C Val: 0x00000001
In clock cycle: 798
Register Write to Reg: 0x00 Val: 0x00000000
In clock cycle: 799
Register Write to Reg: 0x00 Val: 0x00000000
In clock cycle: 800
Register Write to Reg: 0x00 Val: 0x00000000
In clock cycle: 801
Register Write to Reg: 0x07 Val: 0x00000100
In clock cycle: 802
Register Write to Reg: 0x00 Val: 0x00000000
In clock cycle: 803
Register Write to Reg: 0x00 Val: 0x00000000
In clock cycle: 804
Register Write to Reg: 0x00 Val: 0x00000000
In clock cycle: 805
Register Write to Reg: 0x07 Val: 0x00000000
In clock cycle: 806
Register Write to Reg: 0x00 Val: 0x00000000
In clock cycle: 807
Register Write to Reg: 0x00 Val: 0x00000000
In clock cycle: 808
Register Write to Reg: 0x00 Val: 0x00000000
In clock cycle: 809
Register Write to Reg: 0x07 Val: 0x00000000
In clock cycle: 810
Register Write to Reg: 0x00 Val: 0x00000000
In clock cycle: 811
Register Write to Reg: 0x00 Val: 0x00000000
In clock cycle: 812
Register Write to Reg: 0x00 Val: 0x00000000
In clock cycle: 813
Register Write to Reg: 0x07 Val: 0x00000000
In clock cycle: 814
Register Write to Reg: 0x00 Val: 0x00000000
In clock cycle: 815
Register Write to Reg: 0x00 Val: 0x00000000
In clock cycle: 816
Register Write to Reg: 0x00 Val: 0x00000000
In clock cycle: 817
Register Write to Reg: 0x02 Val: 0x10010F88
In clock cycle: 818
Register Write to Reg: 0x00 Val: 0x00000000
In clock cycle: 819
Register Write to Reg: 0x00 Val: 0x00000000
In clock cycle: 820
Register Write to Reg: 0x00 Val: 0x00000000
In clock cycle: 821
Register Write to Reg: 0x08 Val: 0x10010FA8
In clock cycle: 822
Register Write to Reg: 0x00 Val: 0x00000000
In clock cycle: 823
Register Write to Reg: 0x00 Val: 0x00000000
In clock cycle: 824
Register Write to Reg: 0x00 Val: 0x00000000
In clock cycle: 825
Register Write to Reg: 0x02 Val: 0x10010FA8
In clock cycle: 826
Register Write to Reg: 0x00 Val: 0x00000000
In clock cycle: 827
Register Write to Reg: 0x00 Val: 0x00000000
In clock cycle: 828
Register Write to Reg: 0x00 Val: 0x00400DD4
In clock cycle: 829
Register Write to Reg: 0x07 Val: 0x00000001
In clock cycle: 830
Register Write to Reg: 0x00 Val: 0x00000000
In clock cycle: 831
Register Write to Reg: 0x00 Val: 0x00000000
In clock cycle: 832
Register Write to Reg: 0x00 Val: 0x00000000
In clock cycle: 833
Register Write to Reg: 0x07 Val: 0x00000001
In clock cycle: 834
Register Write to Reg: 0x00 Val: 0x00000000
In clock cycle: 835
Register Write to Reg: 0x00 Val: 0x00000000
In clock cycle: 836
Register Write to Reg: 0x00 Val: 0x00000000
In clock cycle: 838
Register Write to Reg: 0x00 Val: 0x00000000
In clock cycle: 839
Register Write to Reg: 0x00 Val: 0x00000000
In clock cycle: 840
Register Write to Reg: 0x1D Val: 0x00000001
In clock cycle: 841
Register Write to Reg: 0x00 Val: 0x00000000
In clock cycle: 842
Register Write to Reg: 0x00 Val: 0x00000000
In clock cycle: 843
Register Write to Reg: 0x00 Val: 0x00000000
In clock cycle: 844
Register Write to Reg: 0x01 Val: 0x004002C0
In clock cycle: 845
Register Write to Reg: 0x00 Val: 0x00000000
In clock cycle: 846
Register Write to Reg: 0x00 Val: 0x00000000
In clock cycle: 847
Register Write to Reg: 0x00 Val: 0x00000000
In clock cycle: 848
Register Write to Reg: 0x01 Val: 0x004002EC
In clock cycle: 849
Register Write to Reg: 0x00 Val: 0x00000000
In clock cycle: 850
Register Write to Reg: 0x00 Val: 0x00000000
In clock cycle: 851
Register Write to Reg: 0x00 Val: 0x00000000
In clock cycle: 852
Register Write to Reg: 0x00 Val: 0x004002E4
In clock cycle: 853
Register Write to Reg: 0x02 Val: 0x10010F78
In clock cycle: 854
Register Write to Reg: 0x00 Val: 0x00000000
In clock cycle: 855
Register Write to Reg: 0x00 Val: 0x00000000
In clock cycle: 856
Register Write to Reg: 0x00 Val: 0x00000000
In clock cycle: 857
Memory Write to Addr: 0x10010FA4 Val: 0x004002EC
In clock cycle: 858
Memory Write to Addr: 0x10010FA0 Val: 0x10010FA8
In clock cycle: 859
Register Write to Reg: 0x00 Val: 0x00000000
In clock cycle: 860
Register Write to Reg: 0x00 Val: 0x00000000
In clock cycle: 861
Register Write to Reg: 0x00 Val: 0x00000000
In clock cycle: 862
Register Write to Reg: 0x08 Val: 0x10010F78
In clock cycle: 863
Register Write to Reg: 0x00 Val: 0x00000000
In clock cycle: 864
Register Write to Reg: 0x00 Val: 0x00000000
In clock cycle: 865
Register Write to Reg: 0x00 Val: 0x00000000
In clock cycle: 866
Memory Write to Addr: 0x10010FA8 Val: 0x00000001
In clock cycle: 867
Register Write to Reg: 0x1D Val: 0x00000001
In clock cycle: 868
Register Write to Reg: 0x00 Val: 0x00000000
In clock cycle: 869
Register Write to Reg: 0x00 Val: 0x00000000
In clock cycle: 870
Register Write to Reg: 0x00 Val: 0x00000000
In clock cycle: 871
Register Write to Reg: 0x01 Val: 0x0040056C
In clock cycle: 872
Register Write to Reg: 0x00 Val: 0x00000000
In clock cycle: 873
Register Write to Reg: 0x00 Val: 0x00000000
In clock cycle: 874
Register Write to Reg: 0x00 Val: 0x00000000
In clock cycle: 875
Register Write to Reg: 0x01 Val: 0x00400598
In clock cycle: 876
Register Write to Reg: 0x00 Val: 0x00000000
In clock cycle: 877
Register Write to Reg: 0x00 Val: 0x00000000
In clock cycle: 878
Register Write to Reg: 0x00 Val: 0x00000000
In clock cycle: 879
Register Write to Reg: 0x00 Val: 0x00400590
In clock cycle: 880
Register Write to Reg: 0x02 Val: 0x10010F58
In clock cycle: 881
Register Write to Reg: 0x00 Val: 0x00000000
In clock cycle: 882
Register Write to Reg: 0x00 Val: 0x00000000
In clock cycle: 883
Register Write to Reg: 0x00 Val: 0x00000000
In clock cycle: 884
Memory Write to Addr: 0x10010F74 Val: 0x10010F78
In clock cycle: 885
Register Write to Reg: 0x00 Val: 0x00000000
In clock cycle: 886
Register Write to Reg: 0x00 Val: 0x00000000
In clock cycle: 887
Register Write to Reg: 0x00 Val: 0x00000000
In clock cycle: 888
Register Write to Reg: 0x08 Val: 0x10010F58
In clock cycle: 889
Register Write to Reg: 0x00 Val: 0x00000000
In clock cycle: 890
Register Write to Reg: 0x00 Val: 0x00000000
In clock cycle: 891
Register Write to Reg: 0x00 Val: 0x00000000
In clock cycle: 892
Memory Write to Addr: 0x10010F78 Val: 0x00000001
In clock cycle: 893
Register Write to Reg: 0x07 Val: 0x00000001
In clock cycle: 894
Register Write to Reg: 0x00 Val: 0x00000000
In clock cycle: 895
Register Write to Reg: 0x00 Val: 0x00000000
In clock cycle: 896
Register Write to Reg: 0x00 Val: 0x00000000
In clock cycle: 897
Memory Write to Addr: 0x10010F60 Val: 0x00000001
In clock cycle: 898
Memory Write to Addr: 0x10010F64 Val: 0x00000000
In clock cycle: 899
Register Write to Reg: 0x00 Val: 0x00400B08
In clock cycle: 900
Register Write to Reg: 0x1C Val: 0x00000000
In clock cycle: 901
Register Write to Reg: 0x07 Val: 0x00000001
In clock cycle: 902
Register Write to Reg: 0x00 Val: 0x00000000
In clock cycle: 903
Register Write to Reg: 0x00 Val: 0x00000000
In clock cycle: 904
Register Write to Reg: 0x00 Val: 0x00000000
In clock cycle: 905
Register Write to Reg: 0x07 Val: 0x00000001
In clock cycle: 906
Register Write to Reg: 0x00 Val: 0x00000000
In clock cycle: 907
Register Write to Reg: 0x00 Val: 0x00000000
In clock cycle: 908
Register Write to Reg: 0x00 Val: 0x00000000
In clock cycle: 910
Register Write to Reg: 0x00 Val: 0x00000000
In clock cycle: 911
Register Write to Reg: 0x00 Val: 0x00000000
In clock cycle: 912
Register Write to Reg: 0x00 Val: 0x00400B8C
In clock cycle: 913
Register Write to Reg: 0x07 Val: 0x00000001
In clock cycle: 914
Register Write to Reg: 0x00 Val: 0x00000000
In clock cycle: 915
Register Write to Reg: 0x00 Val: 0x00000000
In clock cycle: 916
Register Write to Reg: 0x00 Val: 0x00000000
In clock cycle: 917
Register Write to Reg: 0x07 Val: 0x00000100
In clock cycle: 918
Register Write to Reg: 0x00 Val: 0x00000000
In clock cycle: 919
Register Write to Reg: 0x00 Val: 0x00000000
In clock cycle: 920
Register Write to Reg: 0x00 Val: 0x00000000
In clock cycle: 921
Memory Write to Addr: 0x10010F60 Val: 0x00000100
In clock cycle: 922
Register Write to Reg: 0x07 Val: 0x00000000
In clock cycle: 923
Register Write to Reg: 0x00 Val: 0x00000000
In clock cycle: 924
Register Write to Reg: 0x00 Val: 0x00000000
In clock cycle: 925
Register Write to Reg: 0x00 Val: 0x00000000
In clock cycle: 926
Register Write to Reg: 0x07 Val: 0x00000001
In clock cycle: 927
Register Write to Reg: 0x00 Val: 0x00000000
In clock cycle: 928
Register Write to Reg: 0x00 Val: 0x00000000
In clock cycle: 929
Register Write to Reg: 0x00 Val: 0x00000000
In clock cycle: 930
Memory Write to Addr: 0x10010F64 Val: 0x00000001
In clock cycle: 931
Register Write to Reg: 0x1C Val: 0x00000001
In clock cycle: 932
Register Write to Reg: 0x07 Val: 0x00000001
In clock cycle: 933
Register Write to Reg: 0x00 Val: 0x00000000
In clock cycle: 934
Register Write to Reg: 0x00 Val: 0x00000000
In clock cycle: 935
Register Write to Reg: 0x00 Val: 0x00000000
In clock cycle: 936
Register Write to Reg: 0x07 Val: 0x00000000
In clock cycle: 937
Register Write to Reg: 0x00 Val: 0x00000000
In clock cycle: 938
Register Write to Reg: 0x00 Val: 0x00000000
In clock cycle: 939
Register Write to Reg: 0x00 Val: 0x00000000
In clock cycle: 941
Register Write to Reg: 0x07 Val: 0x1000FB94
In clock cycle: 942
Register Write to Reg: 0x00 Val: 0x00000000
In clock cycle: 943
Register Write to Reg: 0x00 Val: 0x00000000
In clock cycle: 944
Register Write to Reg: 0x00 Val: 0x00000000
In clock cycle: 945
Register Write to Reg: 0x07 Val: 0x10010024
In clock cycle: 946
Register Write to Reg: 0x00 Val: 0x00000000
In clock cycle: 947
Register Write to Reg: 0x00 Val: 0x00000000
In clock cycle: 948
Register Write to Reg: 0x00 Val: 0x00000000
In clock cycle: 949
Memory Write to Addr: 0x10010F68 Val: 0x10010024
In clock cycle: 950
Register Write to Reg: 0x07 Val: 0x10010024
In clock cycle: 951
Register Write to Reg: 0x00 Val: 0x00000000
In clock cycle: 952
Register Write to Reg: 0x00 Val: 0x00000000
In clock cycle: 953
Register Write to Reg: 0x00 Val: 0x00000000
In clock cycle: 954
Register Write to Reg: 0x1C Val: 0x00000001
In clock cycle: 955
Register Write to Reg: 0x00 Val: 0x00000000
In clock cycle: 956
Register Write to Reg: 0x00 Val: 0x00000000
In clock cycle: 957
Register Write to Reg: 0x00 Val: 0x00000000
In clock cycle: 958
Register Write to Reg: 0x07 Val: 0x00000100
In clock cycle: 959
Register Write to Reg: 0x00 Val: 0x00000000
In clock cycle: 960
Register Write to Reg: 0x00 Val: 0x00000000
In clock cycle: 961
Register Write to Reg: 0x00 Val: 0x00000000
In clock cycle: 962
Register Write to Reg: 0x1C Val: 0x00000101
In clock cycle: 963
Register Write to Reg: 0x00 Val: 0x00000000
In clock cycle: 964
Register Write to Reg: 0x00 Val: 0x00000000
In clock cycle: 965
Register Write to Reg: 0x00 Val: 0x00000000
In clock cycle: 966
Register Write to Reg: 0x07 Val: 0x10010024
In clock cycle: 967
Register Write to Reg: 0x00 Val: 0x00000000
In clock cycle: 968
Register Write to Reg: 0x00 Val: 0x00000000
In clock cycle: 969
Register Write to Reg: 0x00 Val: 0x00000000
In clock cycle: 970
Memory Write to Addr: 0x10010024 Val: 0x00000101
In clock cycle: 971
Register Write to Reg: 0x02 Val: 0x10010F58
In clock cycle: 972
Register Write to Reg: 0x00 Val: 0x00000000
In clock cycle: 973
Register Write to Reg: 0x00 Val: 0x00000000
In clock cycle: 974
Register Write to Reg: 0x00 Val: 0x00000000
In clock cycle: 975
Register Write to Reg: 0x08 Val: 0x10010F78
In clock cycle: 976
Register Write to Reg: 0x00 Val: 0x00000000
In clock cycle: 977
Register Write to Reg: 0x00 Val: 0x00000000
In clock cycle: 978
Register Write to Reg: 0x00 Val: 0x00000000
In clock cycle: 979
Register Write to Reg: 0x02 Val: 0x10010F78
In clock cycle: 980
Register Write to Reg: 0x00 Val: 0x00000000
In clock cycle: 981
Register Write to Reg: 0x00 Val: 0x00000000
In clock cycle: 982
Register Write to Reg: 0x00 Val: 0x00400C3C
In clock cycle: 983
Register Write to Reg: 0x07 Val: 0x10010F94
In clock cycle: 984
Register Write to Reg: 0x00 Val: 0x00000000
In clock cycle: 985
Register Write to Reg: 0x00 Val: 0x00000000
In clock cycle: 986
Register Write to Reg: 0x00 Val: 0x00000000
In clock cycle: 987
Register Write to Reg: 0x1E Val: 0x00000001
In clock cycle: 988
Register Write to Reg: 0x00 Val: 0x00000000
In clock cycle: 989
Register Write to Reg: 0x00 Val: 0x00000000
In clock cycle: 990
Register Write to Reg: 0x00 Val: 0x00000000
In clock cycle: 991
Register Write to Reg: 0x1D Val: 0x10010F94
In clock cycle: 992
Register Write to Reg: 0x00 Val: 0x00000000
In clock cycle: 993
Register Write to Reg: 0x00 Val: 0x00000000
In clock cycle: 994
Register Write to Reg: 0x00 Val: 0x00000000
In clock cycle: 995
Register Write to Reg: 0x01 Val: 0x004005C8
In clock cycle: 996
Register Write to Reg: 0x00 Val: 0x00000000
In clock cycle: 997
Register Write to Reg: 0x00 Val: 0x00000000
In clock cycle: 998
Register Write to Reg: 0x00 Val: 0x00000000
In clock cycle: 999
Register Write to Reg: 0x01 Val: 0x004005F4
In clock cycle: 1000
Register Write to Reg: 0x00 Val: 0x00000000
In clock cycle: 1001
Register Write to Reg: 0x00 Val: 0x00000000
In clock cycle: 1002
Register Write to Reg: 0x00 Val: 0x00000000
In clock cycle: 1003
Register Write to Reg: 0x00 Val: 0x004005EC
In clock cycle: 1004
Register Write to Reg: 0x02 Val: 0x10010F60
In clock cycle: 1005
Register Write to Reg: 0x00 Val: 0x00000000
In clock cycle: 1006
Register Write to Reg: 0x00 Val: 0x00000000
In clock cycle: 1007
Register Write to Reg: 0x00 Val: 0x00000000
In clock cycle: 1008
Memory Write to Addr: 0x10010F74 Val: 0x10010F78
In clock cycle: 1009
Register Write to Reg: 0x00 Val: 0x00000000
In clock cycle: 1010
Register Write to Reg: 0x00 Val: 0x00000000
In clock cycle: 1011
Register Write to Reg: 0x00 Val: 0x00000000
In clock cycle: 1012
Register Write to Reg: 0x08 Val: 0x10010F60
In clock cycle: 1013
Register Write to Reg: 0x00 Val: 0x00000000
In clock cycle: 1014
Register Write to Reg: 0x00 Val: 0x00000000
In clock cycle: 1015
Register Write to Reg: 0x00 Val: 0x00000000
In clock cycle: 1016
Register Write to Reg: 0x1F Val: 0x00000000
In clock cycle: 1017
Memory Write to Addr: 0x10010F78 Val: 0x10010F94
In clock cycle: 1018
Memory Write to Addr: 0x10010F7C Val: 0x00000001
In clock cycle: 1019
Register Write to Reg: 0x07 Val: 0x00000001
In clock cycle: 1020
Register Write to Reg: 0x00 Val: 0x00000000
In clock cycle: 1021
Register Write to Reg: 0x00 Val: 0x00000000
In clock cycle: 1022
Register Write to Reg: 0x00 Val: 0x00000000
In clock cycle: 1023
Memory Write to Addr: 0x10010F68 Val: 0x00000001
In clock cycle: 1024
Memory Write to Addr: 0x10010F6C Val: 0x00000000
In clock cycle: 1025
Register Write to Reg: 0x07 Val: 0x10010F94
In clock cycle: 1026
Register Write to Reg: 0x1D Val: 0x00000001
In clock cycle: 1027
Register Write to Reg: 0x1C Val: 0x00000000
In clock cycle: 1028
Register Write to Reg: 0x00 Val: 0x00000000
In clock cycle: 1029
Register Write to Reg: 0x00 Val: 0x00000000
In clock cycle: 1030
Register Write to Reg: 0x00 Val: 0x00000000
In clock cycle: 1031
Memory Write to Addr: 0x10010F94 Val: 0x00000001
In clock cycle: 1032
Memory Write to Addr: 0x10010F98 Val: 0x00000000
In clock cycle: 1033
Register Write to Reg: 0x07 Val: 0x10010F94
In clock cycle: 1034
Register Write to Reg: 0x00 Val: 0x00000000
In clock cycle: 1035
Register Write to Reg: 0x00 Val: 0x00000000
In clock cycle: 1036
Register Write to Reg: 0x00 Val: 0x00000000
In clock cycle: 1037
Register Write to Reg: 0x02 Val: 0x10010F60
In clock cycle: 1038
Register Write to Reg: 0x00 Val: 0x00000000
In clock cycle: 1039
Register Write to Reg: 0x00 Val: 0x00000000
In clock cycle: 1040
Register Write to Reg: 0x00 Val: 0x00000000
In clock cycle: 1041
Register Write to Reg: 0x08 Val: 0x10010F78
In clock cycle: 1042
Register Write to Reg: 0x00 Val: 0x00000000
In clock cycle: 1043
Register Write to Reg: 0x00 Val: 0x00000000
In clock cycle: 1044
Register Write to Reg: 0x00 Val: 0x00000000
In clock cycle: 1045
Register Write to Reg: 0x02 Val: 0x10010F78
In clock cycle: 1046
Register Write to Reg: 0x00 Val: 0x00000000
In clock cycle: 1047
Register Write to Reg: 0x00 Val: 0x00000000
In clock cycle: 1048
Register Write to Reg: 0x00 Val: 0x00400704
In clock cycle: 1049
Register Write to Reg: 0x07 Val: 0x10010F94
In clock cycle: 1050
Register Write to Reg: 0x00 Val: 0x00000000
In clock cycle: 1051
Register Write to Reg: 0x00 Val: 0x00000000
In clock cycle: 1052
Register Write to Reg: 0x00 Val: 0x00000000
In clock cycle: 1053
Register Write to Reg: 0x1D Val: 0x10010F94
In clock cycle: 1054
Register Write to Reg: 0x00 Val: 0x00000000
In clock cycle: 1055
Register Write to Reg: 0x00 Val: 0x00000000
In clock cycle: 1056
Register Write to Reg: 0x00 Val: 0x00000000
In clock cycle: 1057
Register Write to Reg: 0x01 Val: 0x00400614
In clock cycle: 1058
Register Write to Reg: 0x00 Val: 0x00000000
In clock cycle: 1059
Register Write to Reg: 0x00 Val: 0x00000000
In clock cycle: 1060
Register Write to Reg: 0x00 Val: 0x00000000
In clock cycle: 1061
Register Write to Reg: 0x01 Val: 0x00400640
In clock cycle: 1062
Register Write to Reg: 0x00 Val: 0x00000000
In clock cycle: 1063
Register Write to Reg: 0x00 Val: 0x00000000
In clock cycle: 1064
Register Write to Reg: 0x00 Val: 0x00000000
In clock cycle: 1065
Register Write to Reg: 0x00 Val: 0x00400638
In clock cycle: 1066
Register Write to Reg: 0x02 Val: 0x10010F58
In clock cycle: 1067
Register Write to Reg: 0x00 Val: 0x00000000
In clock cycle: 1068
Register Write to Reg: 0x00 Val: 0x00000000
In clock cycle: 1069
Register Write to Reg: 0x00 Val: 0x00000000
In clock cycle: 1070
Memory Write to Addr: 0x10010F74 Val: 0x00400640
In clock cycle: 1071
Memory Write to Addr: 0x10010F70 Val: 0x10010F78
In clock cycle: 1072
Register Write to Reg: 0x00 Val: 0x00000000
In clock cycle: 1073
Register Write to Reg: 0x00 Val: 0x00000000
In clock cycle: 1074
Register Write to Reg: 0x00 Val: 0x00000000
In clock cycle: 1075
Register Write to Reg: 0x08 Val: 0x10010F58
In clock cycle: 1076
Register Write to Reg: 0x00 Val: 0x00000000
In clock cycle: 1077
Register Write to Reg: 0x00 Val: 0x00000000
In clock cycle: 1078
Register Write to Reg: 0x00 Val: 0x00000000
In clock cycle: 1079
Memory Write to Addr: 0x10010F78 Val: 0x10010F94
In clock cycle: 1080
Register Write to Reg: 0x00 Val: 0x00400748
In clock cycle: 1081
Register Write to Reg: 0x07 Val: 0x10010F94
In clock cycle: 1082
Register Write to Reg: 0x00 Val: 0x00000000
In clock cycle: 1083
Register Write to Reg: 0x00 Val: 0x00000000
In clock cycle: 1084
Register Write to Reg: 0x00 Val: 0x00000000
In clock cycle: 1085
Register Write to Reg: 0x07 Val: 0x00000000
In clock cycle: 1086
Register Write to Reg: 0x00 Val: 0x00000000
In clock cycle: 1087
Register Write to Reg: 0x00 Val: 0x00000000
In clock cycle: 1088
Register Write to Reg: 0x00 Val: 0x00000000
In clock cycle: 1089
Register Write to Reg: 0x07 Val: 0x00000001
In clock cycle: 1090
Register Write to Reg: 0x00 Val: 0x00000000
In clock cycle: 1091
Register Write to Reg: 0x00 Val: 0x00000000
In clock cycle: 1092
Register Write to Reg: 0x00 Val: 0x00000000
In clock cycle: 1094
Register Write to Reg: 0x00 Val: 0x00000000
In clock cycle: 1095
Register Write to Reg: 0x00 Val: 0x00000000
In clock cycle: 1096
Register Write to Reg: 0x00 Val: 0x004008B0
In clock cycle: 1097
Register Write to Reg: 0x07 Val: 0x10010F94
In clock cycle: 1098
Register Write to Reg: 0x00 Val: 0x00000000
In clock cycle: 1099
Register Write to Reg: 0x00 Val: 0x00000000
In clock cycle: 1100
Register Write to Reg: 0x00 Val: 0x00000000
In clock cycle: 1101
Register Write to Reg: 0x1C Val: 0x00000001
In clock cycle: 1102
Register Write to Reg: 0x00 Val: 0x00000000
In clock cycle: 1103
Register Write to Reg: 0x00 Val: 0x00000000
In clock cycle: 1104
Register Write to Reg: 0x00 Val: 0x00000000
In clock cycle: 1105
Register Write to Reg: 0x07 Val: 0x10010F94
In clock cycle: 1106
Register Write to Reg: 0x00 Val: 0x00000000
In clock cycle: 1107
Register Write to Reg: 0x00 Val: 0x00000000
In clock cycle: 1108
Register Write to Reg: 0x00 Val: 0x00000000
In clock cycle: 1109
Register Write to Reg: 0x07 Val: 0x00000000
In clock cycle: 1110
Register Write to Reg: 0x00 Val: 0x00000000
In clock cycle: 1111
Register Write to Reg: 0x00 Val: 0x00000000
In clock cycle: 1112
Register Write to Reg: 0x00 Val: 0x00000000
In clock cycle: 1113
Register Write to Reg: 0x1E Val: 0x00000000
In clock cycle: 1114
Register Write to Reg: 0x1D Val: 0x00000001
In clock cycle: 1115
Register Write to Reg: 0x00 Val: 0x00000000
In clock cycle: 1116
Register Write to Reg: 0x00 Val: 0x00000000
In clock cycle: 1117
Register Write to Reg: 0x00 Val: 0x00000000
In clock cycle: 1118
Register Write to Reg: 0x01 Val: 0x004007A4
In clock cycle: 1119
Register Write to Reg: 0x00 Val: 0x00000000
In clock cycle: 1120
Register Write to Reg: 0x00 Val: 0x00000000
In clock cycle: 1121
Register Write to Reg: 0x00 Val: 0x00000000
In clock cycle: 1122
Register Write to Reg: 0x01 Val: 0x004007D0
In clock cycle: 1123
Register Write to Reg: 0x00 Val: 0x00000000
In clock cycle: 1124
Register Write to Reg: 0x00 Val: 0x00000000
In clock cycle: 1125
Register Write to Reg: 0x00 Val: 0x00000000
In clock cycle: 1126
Register Write to Reg: 0x00 Val: 0x004007C8
In clock cycle: 1127
Register Write to Reg: 0x02 Val: 0x10010F38
In clock cycle: 1128
Register Write to Reg: 0x00 Val: 0x00000000
In clock cycle: 1129
Register Write to Reg: 0x00 Val: 0x00000000
In clock cycle: 1130
Register Write to Reg: 0x00 Val: 0x00000000
In clock cycle: 1131
Memory Write to Addr: 0x10010F54 Val: 0x10010F58
In clock cycle: 1132
Register Write to Reg: 0x00 Val: 0x00000000
In clock cycle: 1133
Register Write to Reg: 0x00 Val: 0x00000000
In clock cycle: 1134
Register Write to Reg: 0x00 Val: 0x00000000
In clock cycle: 1135
Register Write to Reg: 0x08 Val: 0x10010F38
In clock cycle: 1136
Register Write to Reg: 0x00 Val: 0x00000000
In clock cycle: 1137
Register Write to Reg: 0x00 Val: 0x00000000
In clock cycle: 1138
Register Write to Reg: 0x00 Val: 0x00000000
In clock cycle: 1139
Memory Write to Addr: 0x10010F58 Val: 0x00000001
In clock cycle: 1140
Memory Write to Addr: 0x10010F5C Val: 0x00000000
In clock cycle: 1141
Register Write to Reg: 0x07 Val: 0x1000F930
In clock cycle: 1142
Register Write to Reg: 0x00 Val: 0x00000000
In clock cycle: 1143
Register Write to Reg: 0x00 Val: 0x00000000
In clock cycle: 1144
Register Write to Reg: 0x00 Val: 0x00000000
In clock cycle: 1145
Register Write to Reg: 0x07 Val: 0x10010014
In clock cycle: 1146
Register Write to Reg: 0x00 Val: 0x00000000
In clock cycle: 1147
Register Write to Reg: 0x00 Val: 0x00000000
In clock cycle: 1148
Register Write to Reg: 0x00 Val: 0x00000000
In clock cycle: 1149
Register Write to Reg: 0x1C Val: 0x00000001
In clock cycle: 1150
Register Write to Reg: 0x00 Val: 0x00000000
In clock cycle: 1151
Register Write to Reg: 0x00 Val: 0x00000000
In clock cycle: 1152
Register Write to Reg: 0x00 Val: 0x00000000
In clock cycle: 1153
Register Write to Reg: 0x1C Val: 0x00000004
In clock cycle: 1154
Register Write to Reg: 0x00 Val: 0x00000000
In clock cycle: 1155
Register Write to Reg: 0x00 Val: 0x00000000
In clock cycle: 1156
Register Write to Reg: 0x00 Val: 0x00000000
In clock cycle: 1157
Register Write to Reg: 0x07 Val: 0x10010018
In clock cycle: 1158
Register Write to Reg: 0x00 Val: 0x00000000
In clock cycle: 1159
Register Write to Reg: 0x00 Val: 0x00000000
In clock cycle: 1160
Register Write to Reg: 0x00 Val: 0x00000000
In clock cycle: 1161
Register Write to Reg: 0x07 Val: 0x00000000
In clock cycle: 1162
Register Write to Reg: 0x00 Val: 0x00000000
In clock cycle: 1163
Register Write to Reg: 0x00 Val: 0x00000000
In clock cycle: 1164
Register Write to Reg: 0x00 Val: 0x00000000
In clock cycle: 1165
Memory Write to Addr: 0x10010F48 Val: 0x00000000
In clock cycle: 1166
Register Write to Reg: 0x07 Val: 0x00000001
In clock cycle: 1167
Register Write to Reg: 0x00 Val: 0x00000000
In clock cycle: 1168
Register Write to Reg: 0x00 Val: 0x00000000
In clock cycle: 1169
Register Write to Reg: 0x00 Val: 0x00000000
In clock cycle: 1170
Memory Write to Addr: 0x10010F40 Val: 0x00000001
In clock cycle: 1171
Memory Write to Addr: 0x10010F44 Val: 0x00000000
In clock cycle: 1172
Register Write to Reg: 0x00 Val: 0x004009B0
In clock cycle: 1173
Register Write to Reg: 0x1C Val: 0x00000000
In clock cycle: 1174
Register Write to Reg: 0x07 Val: 0x00000000
In clock cycle: 1175
Register Write to Reg: 0x00 Val: 0x00000000
In clock cycle: 1176
Register Write to Reg: 0x00 Val: 0x00000000
In clock cycle: 1177
Register Write to Reg: 0x00 Val: 0x00000000
In clock cycle: 1178
Register Write to Reg: 0x07 Val: 0x00000000
In clock cycle: 1179
Register Write to Reg: 0x00 Val: 0x00000000
In clock cycle: 1180
Register Write to Reg: 0x00 Val: 0x00000000
In clock cycle: 1181
Register Write to Reg: 0x00 Val: 0x00000000
In clock cycle: 1183
Register Write to Reg: 0x1C Val: 0x00000001
In clock cycle: 1184
Register Write to Reg: 0x07 Val: 0x00000000
In clock cycle: 1185
Register Write to Reg: 0x00 Val: 0x00000000
In clock cycle: 1186
Register Write to Reg: 0x00 Val: 0x00000000
In clock cycle: 1187
Register Write to Reg: 0x00 Val: 0x00000000
In clock cycle: 1188
Register Write to Reg: 0x07 Val: 0x00000000
In clock cycle: 1189
Register Write to Reg: 0x00 Val: 0x00000000
In clock cycle: 1190
Register Write to Reg: 0x00 Val: 0x00000000
In clock cycle: 1191
Register Write to Reg: 0x00 Val: 0x00000000
In clock cycle: 1192
Register Write to Reg: 0x07 Val: 0x00000000
In clock cycle: 1193
Register Write to Reg: 0x00 Val: 0x00000000
In clock cycle: 1194
Register Write to Reg: 0x00 Val: 0x00000000
In clock cycle: 1195
Register Write to Reg: 0x00 Val: 0x00000000
In clock cycle: 1196
Register Write to Reg: 0x07 Val: 0x00000000
In clock cycle: 1197
Register Write to Reg: 0x00 Val: 0x00000000
In clock cycle: 1198
Register Write to Reg: 0x00 Val: 0x00000000
In clock cycle: 1199
Register Write to Reg: 0x00 Val: 0x00000000
In clock cycle: 1200
Register Write to Reg: 0x02 Val: 0x10010F38
In clock cycle: 1201
Register Write to Reg: 0x00 Val: 0x00000000
In clock cycle: 1202
Register Write to Reg: 0x00 Val: 0x00000000
In clock cycle: 1203
Register Write to Reg: 0x00 Val: 0x00000000
In clock cycle: 1204
Register Write to Reg: 0x08 Val: 0x10010F58
In clock cycle: 1205
Register Write to Reg: 0x00 Val: 0x00000000
In clock cycle: 1206
Register Write to Reg: 0x00 Val: 0x00000000
In clock cycle: 1207
Register Write to Reg: 0x00 Val: 0x00000000
In clock cycle: 1208
Register Write to Reg: 0x02 Val: 0x10010F58
In clock cycle: 1209
Register Write to Reg: 0x00 Val: 0x00000000
In clock cycle: 1210
Register Write to Reg: 0x00 Val: 0x00000000
In clock cycle: 1211
Register Write to Reg: 0x00 Val: 0x00400AB0
In clock cycle: 1213
Register Write to Reg: 0x07 Val: 0x10010F94
In clock cycle: 1214
Register Write to Reg: 0x00 Val: 0x00000000
In clock cycle: 1215
Register Write to Reg: 0x00 Val: 0x00000000
In clock cycle: 1216
Register Write to Reg: 0x00 Val: 0x00000000
In clock cycle: 1217
Register Write to Reg: 0x07 Val: 0x00000000
In clock cycle: 1218
Register Write to Reg: 0x00 Val: 0x00000000
In clock cycle: 1219
Register Write to Reg: 0x00 Val: 0x00000000
In clock cycle: 1220
Register Write to Reg: 0x00 Val: 0x00000000
In clock cycle: 1221
Register Write to Reg: 0x1C Val: 0x00000001
In clock cycle: 1222
Register Write to Reg: 0x00 Val: 0x00000000
In clock cycle: 1223
Register Write to Reg: 0x00 Val: 0x00000000
In clock cycle: 1224
Register Write to Reg: 0x00 Val: 0x00000000
In clock cycle: 1225
Register Write to Reg: 0x07 Val: 0x10010F94
In clock cycle: 1226
Register Write to Reg: 0x00 Val: 0x00000000
In clock cycle: 1227
Register Write to Reg: 0x00 Val: 0x00000000
In clock cycle: 1228
Register Write to Reg: 0x00 Val: 0x00000000
In clock cycle: 1229
Memory Write to Addr: 0x10010F98 Val: 0x00000001
In clock cycle: 1230
Register Write to Reg: 0x07 Val: 0x10010F94
In clock cycle: 1231
Register Write to Reg: 0x00 Val: 0x00000000
In clock cycle: 1232
Register Write to Reg: 0x00 Val: 0x00000000
In clock cycle: 1233
Register Write to Reg: 0x00 Val: 0x00000000
In clock cycle: 1234
Register Write to Reg: 0x07 Val: 0x00000001
In clock cycle: 1235
Register Write to Reg: 0x00 Val: 0x00000000
In clock cycle: 1236
Register Write to Reg: 0x00 Val: 0x00000000
In clock cycle: 1237
Register Write to Reg: 0x00 Val: 0x00000000
In clock cycle: 1238
Register Write to Reg: 0x07 Val: 0x00000001
In clock cycle: 1239
Register Write to Reg: 0x00 Val: 0x00000000
In clock cycle: 1240
Register Write to Reg: 0x00 Val: 0x00000000
In clock cycle: 1241
Register Write to Reg: 0x00 Val: 0x00000000
In clock cycle: 1243
Register Write to Reg: 0x00 Val: 0x00000000
In clock cycle: 1244
Register Write to Reg: 0x00 Val: 0x00000000
In clock cycle: 1245
Register Write to Reg: 0x00 Val: 0x004008B0
In clock cycle: 1246
Register Write to Reg: 0x07 Val: 0x10010F94
In clock cycle: 1247
Register Write to Reg: 0x00 Val: 0x00000000
In clock cycle: 1248
Register Write to Reg: 0x00 Val: 0x00000000
In clock cycle: 1249
Register Write to Reg: 0x00 Val: 0x00000000
In clock cycle: 1250
Register Write to Reg: 0x1C Val: 0x00000001
In clock cycle: 1251
Register Write to Reg: 0x00 Val: 0x00000000
In clock cycle: 1252
Register Write to Reg: 0x00 Val: 0x00000000
In clock cycle: 1253
Register Write to Reg: 0x00 Val: 0x00000000
In clock cycle: 1254
Register Write to Reg: 0x07 Val: 0x10010F94
In clock cycle: 1255
Register Write to Reg: 0x00 Val: 0x00000000
In clock cycle: 1256
Register Write to Reg: 0x00 Val: 0x00000000
In clock cycle: 1257
Register Write to Reg: 0x00 Val: 0x00000000
In clock cycle: 1258
Register Write to Reg: 0x07 Val: 0x00000001
In clock cycle: 1259
Register Write to Reg: 0x00 Val: 0x00000000
In clock cycle: 1260
Register Write to Reg: 0x00 Val: 0x00000000
In clock cycle: 1261
Register Write to Reg: 0x00 Val: 0x00000000
In clock cycle: 1262
Register Write to Reg: 0x1E Val: 0x00000001
In clock cycle: 1263
Register Write to Reg: 0x1D Val: 0x00000001
In clock cycle: 1264
Register Write to Reg: 0x00 Val: 0x00000000
In clock cycle: 1265
Register Write to Reg: 0x00 Val: 0x00000000
In clock cycle: 1266
Register Write to Reg: 0x00 Val: 0x00000000
In clock cycle: 1267
Register Write to Reg: 0x01 Val: 0x004007A4
In clock cycle: 1268
Register Write to Reg: 0x00 Val: 0x00000000
In clock cycle: 1269
Register Write to Reg: 0x00 Val: 0x00000000
In clock cycle: 1270
Register Write to Reg: 0x00 Val: 0x00000000
In clock cycle: 1271
Register Write to Reg: 0x01 Val: 0x004007D0
In clock cycle: 1272
Register Write to Reg: 0x00 Val: 0x00000000
In clock cycle: 1273
Register Write to Reg: 0x00 Val: 0x00000000
In clock cycle: 1274
Register Write to Reg: 0x00 Val: 0x00000000
In clock cycle: 1275
Register Write to Reg: 0x00 Val: 0x004007C8
In clock cycle: 1276
Register Write to Reg: 0x02 Val: 0x10010F38
In clock cycle: 1277
Register Write to Reg: 0x00 Val: 0x00000000
In clock cycle: 1278
Register Write to Reg: 0x00 Val: 0x00000000
In clock cycle: 1279
Register Write to Reg: 0x00 Val: 0x00000000
In clock cycle: 1280
Memory Write to Addr: 0x10010F54 Val: 0x10010F58
In clock cycle: 1281
Register Write to Reg: 0x00 Val: 0x00000000
In clock cycle: 1282
Register Write to Reg: 0x00 Val: 0x00000000
In clock cycle: 1283
Register Write to Reg: 0x00 Val: 0x00000000
In clock cycle: 1284
Register Write to Reg: 0x08 Val: 0x10010F38
In clock cycle: 1285
Register Write to Reg: 0x00 Val: 0x00000000
In clock cycle: 1286
Register Write to Reg: 0x00 Val: 0x00000000
In clock cycle: 1287
Register Write to Reg: 0x00 Val: 0x00000000
In clock cycle: 1288
Memory Write to Addr: 0x10010F58 Val: 0x00000001
In clock cycle: 1289
Memory Write to Addr: 0x10010F5C Val: 0x00000001
In clock cycle: 1290
Register Write to Reg: 0x07 Val: 0x1000F930
In clock cycle: 1291
Register Write to Reg: 0x00 Val: 0x00000000
In clock cycle: 1292
Register Write to Reg: 0x00 Val: 0x00000000
In clock cycle: 1293
Register Write to Reg: 0x00 Val: 0x00000000
In clock cycle: 1294
Register Write to Reg: 0x07 Val: 0x10010014
In clock cycle: 1295
Register Write to Reg: 0x00 Val: 0x00000000
In clock cycle: 1296
Register Write to Reg: 0x00 Val: 0x00000000
In clock cycle: 1297
Register Write to Reg: 0x00 Val: 0x00000000
In clock cycle: 1298
Register Write to Reg: 0x1C Val: 0x00000001
In clock cycle: 1299
Register Write to Reg: 0x00 Val: 0x00000000
In clock cycle: 1300
Register Write to Reg: 0x00 Val: 0x00000000
In clock cycle: 1301
Register Write to Reg: 0x00 Val: 0x00000000
In clock cycle: 1302
Register Write to Reg: 0x1C Val: 0x00000004
In clock cycle: 1303
Register Write to Reg: 0x00 Val: 0x00000000
In clock cycle: 1304
Register Write to Reg: 0x00 Val: 0x00000000
In clock cycle: 1305
Register Write to Reg: 0x00 Val: 0x00000000
In clock cycle: 1306
Register Write to Reg: 0x07 Val: 0x10010018
In clock cycle: 1307
Register Write to Reg: 0x00 Val: 0x00000000
In clock cycle: 1308
Register Write to Reg: 0x00 Val: 0x00000000
In clock cycle: 1309
Register Write to Reg: 0x00 Val: 0x00000000
In clock cycle: 1310
Register Write to Reg: 0x07 Val: 0x00000000
In clock cycle: 1311
Register Write to Reg: 0x00 Val: 0x00000000
In clock cycle: 1312
Register Write to Reg: 0x00 Val: 0x00000000
In clock cycle: 1313
Register Write to Reg: 0x00 Val: 0x00000000
In clock cycle: 1314
Memory Write to Addr: 0x10010F48 Val: 0x00000000
In clock cycle: 1315
Register Write to Reg: 0x07 Val: 0x00000001
In clock cycle: 1316
Register Write to Reg: 0x00 Val: 0x00000000
In clock cycle: 1317
Register Write to Reg: 0x00 Val: 0x00000000
In clock cycle: 1318
Register Write to Reg: 0x00 Val: 0x00000000
In clock cycle: 1319
Memory Write to Addr: 0x10010F40 Val: 0x00000001
In clock cycle: 1320
Memory Write to Addr: 0x10010F44 Val: 0x00000000
In clock cycle: 1321
Register Write to Reg: 0x00 Val: 0x004009B0
In clock cycle: 1322
Register Write to Reg: 0x1C Val: 0x00000000
In clock cycle: 1323
Register Write to Reg: 0x07 Val: 0x00000001
In clock cycle: 1324
Register Write to Reg: 0x00 Val: 0x00000000
In clock cycle: 1325
Register Write to Reg: 0x00 Val: 0x00000000
In clock cycle: 1326
Register Write to Reg: 0x00 Val: 0x00000000
In clock cycle: 1327
Register Write to Reg: 0x07 Val: 0x00000001
In clock cycle: 1328
Register Write to Reg: 0x00 Val: 0x00000000
In clock cycle: 1329
Register Write to Reg: 0x00 Val: 0x00000000
In clock cycle: 1330
Register Write to Reg: 0x00 Val: 0x00000000
In clock cycle: 1332
Register Write to Reg: 0x00 Val: 0x00000000
In clock cycle: 1333
Register Write to Reg: 0x00 Val: 0x00000000
In clock cycle: 1334
Register Write to Reg: 0x00 Val: 0x00400A34
In clock cycle: 1335
Register Write to Reg: 0x07 Val: 0x00000001
In clock cycle: 1336
Register Write to Reg: 0x00 Val: 0x00000000
In clock cycle: 1337
Register Write to Reg: 0x00 Val: 0x00000000
In clock cycle: 1338
Register Write to Reg: 0x00 Val: 0x00000000
In clock cycle: 1339
Register Write to Reg: 0x07 Val: 0x00000002
In clock cycle: 1340
Register Write to Reg: 0x00 Val: 0x00000000
In clock cycle: 1341
Register Write to Reg: 0x00 Val: 0x00000000
In clock cycle: 1342
Register Write to Reg: 0x00 Val: 0x00000000
In clock cycle: 1343
Memory Write to Addr: 0x10010F40 Val: 0x00000002
In clock cycle: 1344
Register Write to Reg: 0x07 Val: 0x00000000
In clock cycle: 1345
Register Write to Reg: 0x00 Val: 0x00000000
In clock cycle: 1346
Register Write to Reg: 0x00 Val: 0x00000000
In clock cycle: 1347
Register Write to Reg: 0x00 Val: 0x00000000
In clock cycle: 1348
Register Write to Reg: 0x07 Val: 0x00000001
In clock cycle: 1349
Register Write to Reg: 0x00 Val: 0x00000000
In clock cycle: 1350
Register Write to Reg: 0x00 Val: 0x00000000
In clock cycle: 1351
Register Write to Reg: 0x00 Val: 0x00000000
In clock cycle: 1352
Memory Write to Addr: 0x10010F44 Val: 0x00000001
In clock cycle: 1353
Register Write to Reg: 0x1C Val: 0x00000001
In clock cycle: 1354
Register Write to Reg: 0x07 Val: 0x00000001
In clock cycle: 1355
Register Write to Reg: 0x00 Val: 0x00000000
In clock cycle: 1356
Register Write to Reg: 0x00 Val: 0x00000000
In clock cycle: 1357
Register Write to Reg: 0x00 Val: 0x00000000
In clock cycle: 1358
Register Write to Reg: 0x07 Val: 0x00000000
In clock cycle: 1359
Register Write to Reg: 0x00 Val: 0x00000000
In clock cycle: 1360
Register Write to Reg: 0x00 Val: 0x00000000
In clock cycle: 1361
Register Write to Reg: 0x00 Val: 0x00000000
In clock cycle: 1363
Register Write to Reg: 0x1C Val: 0x00000002
In clock cycle: 1364
Register Write to Reg: 0x07 Val: 0x00000000
In clock cycle: 1365
Register Write to Reg: 0x00 Val: 0x00000000
In clock cycle: 1366
Register Write to Reg: 0x00 Val: 0x00000000
In clock cycle: 1367
Register Write to Reg: 0x00 Val: 0x00000000
In clock cycle: 1368
Register Write to Reg: 0x07 Val: 0x00000000
In clock cycle: 1369
Register Write to Reg: 0x00 Val: 0x00000000
In clock cycle: 1370
Register Write to Reg: 0x00 Val: 0x00000000
In clock cycle: 1371
Register Write to Reg: 0x00 Val: 0x00000000
In clock cycle: 1372
Register Write to Reg: 0x07 Val: 0x00000000
In clock cycle: 1373
Register Write to Reg: 0x00 Val: 0x00000000
In clock cycle: 1374
Register Write to Reg: 0x00 Val: 0x00000000
In clock cycle: 1375
Register Write to Reg: 0x00 Val: 0x00000000
In clock cycle: 1376
Register Write to Reg: 0x07 Val: 0x00000000
In clock cycle: 1377
Register Write to Reg: 0x00 Val: 0x00000000
In clock cycle: 1378
Register Write to Reg: 0x00 Val: 0x00000000
In clock cycle: 1379
Register Write to Reg: 0x00 Val: 0x00000000
In clock cycle: 1380
Register Write to Reg: 0x02 Val: 0x10010F38
In clock cycle: 1381
Register Write to Reg: 0x00 Val: 0x00000000
In clock cycle: 1382
Register Write to Reg: 0x00 Val: 0x00000000
In clock cycle: 1383
Register Write to Reg: 0x00 Val: 0x00000000
In clock cycle: 1384
Register Write to Reg: 0x08 Val: 0x10010F58
In clock cycle: 1385
Register Write to Reg: 0x00 Val: 0x00000000
In clock cycle: 1386
Register Write to Reg: 0x00 Val: 0x00000000
In clock cycle: 1387
Register Write to Reg: 0x00 Val: 0x00000000
In clock cycle: 1388
Register Write to Reg: 0x02 Val: 0x10010F58
In clock cycle: 1389
Register Write to Reg: 0x00 Val: 0x00000000
In clock cycle: 1390
Register Write to Reg: 0x00 Val: 0x00000000
In clock cycle: 1391
Register Write to Reg: 0x00 Val: 0x00400AB0
In clock cycle: 1393
Register Write to Reg: 0x07 Val: 0x10010F94
In clock cycle: 1394
Register Write to Reg: 0x00 Val: 0x00000000
In clock cycle: 1395
Register Write to Reg: 0x00 Val: 0x00000000
In clock cycle: 1396
Register Write to Reg: 0x00 Val: 0x00000000
In clock cycle: 1397
Register Write to Reg: 0x07 Val: 0x00000001
In clock cycle: 1398
Register Write to Reg: 0x00 Val: 0x00000000
In clock cycle: 1399
Register Write to Reg: 0x00 Val: 0x00000000
In clock cycle: 1400
Register Write to Reg: 0x00 Val: 0x00000000
In clock cycle: 1401
Register Write to Reg: 0x1C Val: 0x00000002
In clock cycle: 1402
Register Write to Reg: 0x00 Val: 0x00000000
In clock cycle: 1403
Register Write to Reg: 0x00 Val: 0x00000000
In clock cycle: 1404
Register Write to Reg: 0x00 Val: 0x00000000
In clock cycle: 1405
Register Write to Reg: 0x07 Val: 0x10010F94
In clock cycle: 1406
Register Write to Reg: 0x00 Val: 0x00000000
In clock cycle: 1407
Register Write to Reg: 0x00 Val: 0x00000000
In clock cycle: 1408
Register Write to Reg: 0x00 Val: 0x00000000
In clock cycle: 1409
Memory Write to Addr: 0x10010F98 Val: 0x00000002
In clock cycle: 1410
Register Write to Reg: 0x07 Val: 0x10010F94
In clock cycle: 1411
Register Write to Reg: 0x00 Val: 0x00000000
In clock cycle: 1412
Register Write to Reg: 0x00 Val: 0x00000000
In clock cycle: 1413
Register Write to Reg: 0x00 Val: 0x00000000
In clock cycle: 1414
Register Write to Reg: 0x07 Val: 0x00000002
In clock cycle: 1415
Register Write to Reg: 0x00 Val: 0x00000000
In clock cycle: 1416
Register Write to Reg: 0x00 Val: 0x00000000
In clock cycle: 1417
Register Write to Reg: 0x00 Val: 0x00000000
In clock cycle: 1418
Register Write to Reg: 0x07 Val: 0x00000001
In clock cycle: 1419
Register Write to Reg: 0x00 Val: 0x00000000
In clock cycle: 1420
Register Write to Reg: 0x00 Val: 0x00000000
In clock cycle: 1421
Register Write to Reg: 0x00 Val: 0x00000000
In clock cycle: 1423
Register Write to Reg: 0x00 Val: 0x00000000
In clock cycle: 1424
Register Write to Reg: 0x00 Val: 0x00000000
In clock cycle: 1425
Register Write to Reg: 0x00 Val: 0x004008B0
In clock cycle: 1426
Register Write to Reg: 0x07 Val: 0x10010F94
In clock cycle: 1427
Register Write to Reg: 0x00 Val: 0x00000000
In clock cycle: 1428
Register Write to Reg: 0x00 Val: 0x00000000
In clock cycle: 1429
Register Write to Reg: 0x00 Val: 0x00000000
In clock cycle: 1430
Register Write to Reg: 0x1C Val: 0x00000001
In clock cycle: 1431
Register Write to Reg: 0x00 Val: 0x00000000
In clock cycle: 1432
Register Write to Reg: 0x00 Val: 0x00000000
In clock cycle: 1433
Register Write to Reg: 0x00 Val: 0x00000000
In clock cycle: 1434
Register Write to Reg: 0x07 Val: 0x10010F94
In clock cycle: 1435
Register Write to Reg: 0x00 Val: 0x00000000
In clock cycle: 1436
Register Write to Reg: 0x00 Val: 0x00000000
In clock cycle: 1437
Register Write to Reg: 0x00 Val: 0x00000000
In clock cycle: 1438
Register Write to Reg: 0x07 Val: 0x00000002
In clock cycle: 1439
Register Write to Reg: 0x00 Val: 0x00000000
In clock cycle: 1440
Register Write to Reg: 0x00 Val: 0x00000000
In clock cycle: 1441
Register Write to Reg: 0x00 Val: 0x00000000
In clock cycle: 1442
Register Write to Reg: 0x1E Val: 0x00000002
In clock cycle: 1443
Register Write to Reg: 0x1D Val: 0x00000001
In clock cycle: 1444
Register Write to Reg: 0x00 Val: 0x00000000
In clock cycle: 1445
Register Write to Reg: 0x00 Val: 0x00000000
In clock cycle: 1446
Register Write to Reg: 0x00 Val: 0x00000000
In clock cycle: 1447
Register Write to Reg: 0x01 Val: 0x004007A4
In clock cycle: 1448
Register Write to Reg: 0x00 Val: 0x00000000
In clock cycle: 1449
Register Write to Reg: 0x00 Val: 0x00000000
In clock cycle: 1450
Register Write to Reg: 0x00 Val: 0x00000000
In clock cycle: 1451
Register Write to Reg: 0x01 Val: 0x004007D0
In clock cycle: 1452
Register Write to Reg: 0x00 Val: 0x00000000
In clock cycle: 1453
Register Write to Reg: 0x00 Val: 0x00000000
In clock cycle: 1454
Register Write to Reg: 0x00 Val: 0x00000000
In clock cycle: 1455
Register Write to Reg: 0x00 Val: 0x004007C8
In clock cycle: 1456
Register Write to Reg: 0x02 Val: 0x10010F38
In clock cycle: 1457
Register Write to Reg: 0x00 Val: 0x00000000
In clock cycle: 1458
Register Write to Reg: 0x00 Val: 0x00000000
In clock cycle: 1459
Register Write to Reg: 0x00 Val: 0x00000000
In clock cycle: 1460
Memory Write to Addr: 0x10010F54 Val: 0x10010F58
In clock cycle: 1461
Register Write to Reg: 0x00 Val: 0x00000000
In clock cycle: 1462
Register Write to Reg: 0x00 Val: 0x00000000
In clock cycle: 1463
Register Write to Reg: 0x00 Val: 0x00000000
In clock cycle: 1464
Register Write to Reg: 0x08 Val: 0x10010F38
In clock cycle: 1465
Register Write to Reg: 0x00 Val: 0x00000000
In clock cycle: 1466
Register Write to Reg: 0x00 Val: 0x00000000
In clock cycle: 1467
Register Write to Reg: 0x00 Val: 0x00000000
In clock cycle: 1468
Memory Write to Addr: 0x10010F58 Val: 0x00000001
In clock cycle: 1469
Memory Write to Addr: 0x10010F5C Val: 0x00000002
In clock cycle: 1470
Register Write to Reg: 0x07 Val: 0x1000F930
In clock cycle: 1471
Register Write to Reg: 0x00 Val: 0x00000000
In clock cycle: 1472
Register Write to Reg: 0x00 Val: 0x00000000
In clock cycle: 1473
Register Write to Reg: 0x00 Val: 0x00000000
In clock cycle: 1474
Register Write to Reg: 0x07 Val: 0x10010014
In clock cycle: 1475
Register Write to Reg: 0x00 Val: 0x00000000
In clock cycle: 1476
Register Write to Reg: 0x00 Val: 0x00000000
In clock cycle: 1477
Register Write to Reg: 0x00 Val: 0x00000000
In clock cycle: 1478
Register Write to Reg: 0x1C Val: 0x00000001
In clock cycle: 1479
Register Write to Reg: 0x00 Val: 0x00000000
In clock cycle: 1480
Register Write to Reg: 0x00 Val: 0x00000000
In clock cycle: 1481
Register Write to Reg: 0x00 Val: 0x00000000
In clock cycle: 1482
Register Write to Reg: 0x1C Val: 0x00000004
In clock cycle: 1483
Register Write to Reg: 0x00 Val: 0x00000000
In clock cycle: 1484
Register Write to Reg: 0x00 Val: 0x00000000
In clock cycle: 1485
Register Write to Reg: 0x00 Val: 0x00000000
In clock cycle: 1486
Register Write to Reg: 0x07 Val: 0x10010018
In clock cycle: 1487
Register Write to Reg: 0x00 Val: 0x00000000
In clock cycle: 1488
Register Write to Reg: 0x00 Val: 0x00000000
In clock cycle: 1489
Register Write to Reg: 0x00 Val: 0x00000000
In clock cycle: 1490
Register Write to Reg: 0x07 Val: 0x00000000
In clock cycle: 1491
Register Write to Reg: 0x00 Val: 0x00000000
In clock cycle: 1492
Register Write to Reg: 0x00 Val: 0x00000000
In clock cycle: 1493
Register Write to Reg: 0x00 Val: 0x00000000
In clock cycle: 1494
Memory Write to Addr: 0x10010F48 Val: 0x00000000
In clock cycle: 1495
Register Write to Reg: 0x07 Val: 0x00000001
In clock cycle: 1496
Register Write to Reg: 0x00 Val: 0x00000000
In clock cycle: 1497
Register Write to Reg: 0x00 Val: 0x00000000
In clock cycle: 1498
Register Write to Reg: 0x00 Val: 0x00000000
In clock cycle: 1499
Memory Write to Addr: 0x10010F40 Val: 0x00000001
In clock cycle: 1500
Memory Write to Addr: 0x10010F44 Val: 0x00000000
In clock cycle: 1501
Register Write to Reg: 0x00 Val: 0x004009B0
In clock cycle: 1502
Register Write to Reg: 0x1C Val: 0x00000000
In clock cycle: 1503
Register Write to Reg: 0x07 Val: 0x00000002
In clock cycle: 1504
Register Write to Reg: 0x00 Val: 0x00000000
In clock cycle: 1505
Register Write to Reg: 0x00 Val: 0x00000000
In clock cycle: 1506
Register Write to Reg: 0x00 Val: 0x00000000
In clock cycle: 1507
Register Write to Reg: 0x07 Val: 0x00000001
In clock cycle: 1508
Register Write to Reg: 0x00 Val: 0x00000000
In clock cycle: 1509
Register Write to Reg: 0x00 Val: 0x00000000
In clock cycle: 1510
Register Write to Reg: 0x00 Val: 0x00000000
In clock cycle: 1512
Register Write to Reg: 0x00 Val: 0x00000000
In clock cycle: 1513
Register Write to Reg: 0x00 Val: 0x00000000
In clock cycle: 1514
Register Write to Reg: 0x00 Val: 0x00400A34
In clock cycle: 1515
Register Write to Reg: 0x07 Val: 0x00000001
In clock cycle: 1516
Register Write to Reg: 0x00 Val: 0x00000000
In clock cycle: 1517
Register Write to Reg: 0x00 Val: 0x00000000
In clock cycle: 1518
Register Write to Reg: 0x00 Val: 0x00000000
In clock cycle: 1519
Register Write to Reg: 0x07 Val: 0x00000002
In clock cycle: 1520
Register Write to Reg: 0x00 Val: 0x00000000
In clock cycle: 1521
Register Write to Reg: 0x00 Val: 0x00000000
In clock cycle: 1522
Register Write to Reg: 0x00 Val: 0x00000000
In clock cycle: 1523
Memory Write to Addr: 0x10010F40 Val: 0x00000002
In clock cycle: 1524
Register Write to Reg: 0x07 Val: 0x00000000
In clock cycle: 1525
Register Write to Reg: 0x00 Val: 0x00000000
In clock cycle: 1526
Register Write to Reg: 0x00 Val: 0x00000000
In clock cycle: 1527
Register Write to Reg: 0x00 Val: 0x00000000
In clock cycle: 1528
Register Write to Reg: 0x07 Val: 0x00000001
In clock cycle: 1529
Register Write to Reg: 0x00 Val: 0x00000000
In clock cycle: 1530
Register Write to Reg: 0x00 Val: 0x00000000
In clock cycle: 1531
Register Write to Reg: 0x00 Val: 0x00000000
In clock cycle: 1532
Memory Write to Addr: 0x10010F44 Val: 0x00000001
In clock cycle: 1533
Register Write to Reg: 0x1C Val: 0x00000001
In clock cycle: 1534
Register Write to Reg: 0x07 Val: 0x00000002
In clock cycle: 1535
Register Write to Reg: 0x00 Val: 0x00000000
In clock cycle: 1536
Register Write to Reg: 0x00 Val: 0x00000000
In clock cycle: 1537
Register Write to Reg: 0x00 Val: 0x00000000
In clock cycle: 1538
Register Write to Reg: 0x07 Val: 0x00000001
In clock cycle: 1539
Register Write to Reg: 0x00 Val: 0x00000000
In clock cycle: 1540
Register Write to Reg: 0x00 Val: 0x00000000
In clock cycle: 1541
Register Write to Reg: 0x00 Val: 0x00000000
In clock cycle: 1543
Register Write to Reg: 0x00 Val: 0x00000000
In clock cycle: 1544
Register Write to Reg: 0x00 Val: 0x00000000
In clock cycle: 1545
Register Write to Reg: 0x00 Val: 0x00400A34
In clock cycle: 1546
Register Write to Reg: 0x07 Val: 0x00000002
In clock cycle: 1547
Register Write to Reg: 0x00 Val: 0x00000000
In clock cycle: 1548
Register Write to Reg: 0x00 Val: 0x00000000
In clock cycle: 1549
Register Write to Reg: 0x00 Val: 0x00000000
In clock cycle: 1550
Register Write to Reg: 0x07 Val: 0x00000004
In clock cycle: 1551
Register Write to Reg: 0x00 Val: 0x00000000
In clock cycle: 1552
Register Write to Reg: 0x00 Val: 0x00000000
In clock cycle: 1553
Register Write to Reg: 0x00 Val: 0x00000000
In clock cycle: 1554
Memory Write to Addr: 0x10010F40 Val: 0x00000004
In clock cycle: 1555
Register Write to Reg: 0x07 Val: 0x00000001
In clock cycle: 1556
Register Write to Reg: 0x00 Val: 0x00000000
In clock cycle: 1557
Register Write to Reg: 0x00 Val: 0x00000000
In clock cycle: 1558
Register Write to Reg: 0x00 Val: 0x00000000
In clock cycle: 1559
Register Write to Reg: 0x07 Val: 0x00000002
In clock cycle: 1560
Register Write to Reg: 0x00 Val: 0x00000000
In clock cycle: 1561
Register Write to Reg: 0x00 Val: 0x00000000
In clock cycle: 1562
Register Write to Reg: 0x00 Val: 0x00000000
In clock cycle: 1563
Memory Write to Addr: 0x10010F44 Val: 0x00000002
In clock cycle: 1564
Register Write to Reg: 0x1C Val: 0x00000002
In clock cycle: 1565
Register Write to Reg: 0x07 Val: 0x00000002
In clock cycle: 1566
Register Write to Reg: 0x00 Val: 0x00000000
In clock cycle: 1567
Register Write to Reg: 0x00 Val: 0x00000000
In clock cycle: 1568
Register Write to Reg: 0x00 Val: 0x00000000
In clock cycle: 1569
Register Write to Reg: 0x07 Val: 0x00000000
In clock cycle: 1570
Register Write to Reg: 0x00 Val: 0x00000000
In clock cycle: 1571
Register Write to Reg: 0x00 Val: 0x00000000
In clock cycle: 1572
Register Write to Reg: 0x00 Val: 0x00000000
In clock cycle: 1574
Register Write to Reg: 0x1C Val: 0x00000004
In clock cycle: 1575
Register Write to Reg: 0x07 Val: 0x00000000
In clock cycle: 1576
Register Write to Reg: 0x00 Val: 0x00000000
In clock cycle: 1577
Register Write to Reg: 0x00 Val: 0x00000000
In clock cycle: 1578
Register Write to Reg: 0x00 Val: 0x00000000
In clock cycle: 1579
Register Write to Reg: 0x07 Val: 0x00000000
In clock cycle: 1580
Register Write to Reg: 0x00 Val: 0x00000000
In clock cycle: 1581
Register Write to Reg: 0x00 Val: 0x00000000
In clock cycle: 1582
Register Write to Reg: 0x00 Val: 0x00000000
In clock cycle: 1583
Register Write to Reg: 0x07 Val: 0x00000000
In clock cycle: 1584
Register Write to Reg: 0x00 Val: 0x00000000
In clock cycle: 1585
Register Write to Reg: 0x00 Val: 0x00000000
In clock cycle: 1586
Register Write to Reg: 0x00 Val: 0x00000000
In clock cycle: 1587
Register Write to Reg: 0x07 Val: 0x00000000
In clock cycle: 1588
Register Write to Reg: 0x00 Val: 0x00000000
In clock cycle: 1589
Register Write to Reg: 0x00 Val: 0x00000000
In clock cycle: 1590
Register Write to Reg: 0x00 Val: 0x00000000
In clock cycle: 1591
Register Write to Reg: 0x02 Val: 0x10010F38
In clock cycle: 1592
Register Write to Reg: 0x00 Val: 0x00000000
In clock cycle: 1593
Register Write to Reg: 0x00 Val: 0x00000000
In clock cycle: 1594
Register Write to Reg: 0x00 Val: 0x00000000
In clock cycle: 1595
Register Write to Reg: 0x08 Val: 0x10010F58
In clock cycle: 1596
Register Write to Reg: 0x00 Val: 0x00000000
In clock cycle: 1597
Register Write to Reg: 0x00 Val: 0x00000000
In clock cycle: 1598
Register Write to Reg: 0x00 Val: 0x00000000
In clock cycle: 1599
Register Write to Reg: 0x02 Val: 0x10010F58
In clock cycle: 1600
Register Write to Reg: 0x00 Val: 0x00000000
In clock cycle: 1601
Register Write to Reg: 0x00 Val: 0x00000000
In clock cycle: 1602
Register Write to Reg: 0x00 Val: 0x00400AB0
In clock cycle: 1604
Register Write to Reg: 0x07 Val: 0x10010F94
In clock cycle: 1605
Register Write to Reg: 0x00 Val: 0x00000000
In clock cycle: 1606
Register Write to Reg: 0x00 Val: 0x00000000
In clock cycle: 1607
Register Write to Reg: 0x00 Val: 0x00000000
In clock cycle: 1608
Register Write to Reg: 0x07 Val: 0x00000002
In clock cycle: 1609
Register Write to Reg: 0x00 Val: 0x00000000
In clock cycle: 1610
Register Write to Reg: 0x00 Val: 0x00000000
In clock cycle: 1611
Register Write to Reg: 0x00 Val: 0x00000000
In clock cycle: 1612
Register Write to Reg: 0x1C Val: 0x00000003
In clock cycle: 1613
Register Write to Reg: 0x00 Val: 0x00000000
In clock cycle: 1614
Register Write to Reg: 0x00 Val: 0x00000000
In clock cycle: 1615
Register Write to Reg: 0x00 Val: 0x00000000
In clock cycle: 1616
Register Write to Reg: 0x07 Val: 0x10010F94
In clock cycle: 1617
Register Write to Reg: 0x00 Val: 0x00000000
In clock cycle: 1618
Register Write to Reg: 0x00 Val: 0x00000000
In clock cycle: 1619
Register Write to Reg: 0x00 Val: 0x00000000
In clock cycle: 1620
Memory Write to Addr: 0x10010F98 Val: 0x00000003
In clock cycle: 1621
Register Write to Reg: 0x07 Val: 0x10010F94
In clock cycle: 1622
Register Write to Reg: 0x00 Val: 0x00000000
In clock cycle: 1623
Register Write to Reg: 0x00 Val: 0x00000000
In clock cycle: 1624
Register Write to Reg: 0x00 Val: 0x00000000
In clock cycle: 1625
Register Write to Reg: 0x07 Val: 0x00000003
In clock cycle: 1626
Register Write to Reg: 0x00 Val: 0x00000000
In clock cycle: 1627
Register Write to Reg: 0x00 Val: 0x00000000
In clock cycle: 1628
Register Write to Reg: 0x00 Val: 0x00000000
In clock cycle: 1629
Register Write to Reg: 0x07 Val: 0x00000001
In clock cycle: 1630
Register Write to Reg: 0x00 Val: 0x00000000
In clock cycle: 1631
Register Write to Reg: 0x00 Val: 0x00000000
In clock cycle: 1632
Register Write to Reg: 0x00 Val: 0x00000000
In clock cycle: 1634
Register Write to Reg: 0x00 Val: 0x00000000
In clock cycle: 1635
Register Write to Reg: 0x00 Val: 0x00000000
In clock cycle: 1636
Register Write to Reg: 0x00 Val: 0x004008B0
In clock cycle: 1637
Register Write to Reg: 0x07 Val: 0x10010F94
In clock cycle: 1638
Register Write to Reg: 0x00 Val: 0x00000000
In clock cycle: 1639
Register Write to Reg: 0x00 Val: 0x00000000
In clock cycle: 1640
Register Write to Reg: 0x00 Val: 0x00000000
In clock cycle: 1641
Register Write to Reg: 0x1C Val: 0x00000001
In clock cycle: 1642
Register Write to Reg: 0x00 Val: 0x00000000
In clock cycle: 1643
Register Write to Reg: 0x00 Val: 0x00000000
In clock cycle: 1644
Register Write to Reg: 0x00 Val: 0x00000000
In clock cycle: 1645
Register Write to Reg: 0x07 Val: 0x10010F94
In clock cycle: 1646
Register Write to Reg: 0x00 Val: 0x00000000
In clock cycle: 1647
Register Write to Reg: 0x00 Val: 0x00000000
In clock cycle: 1648
Register Write to Reg: 0x00 Val: 0x00000000
In clock cycle: 1649
Register Write to Reg: 0x07 Val: 0x00000003
In clock cycle: 1650
Register Write to Reg: 0x00 Val: 0x00000000
In clock cycle: 1651
Register Write to Reg: 0x00 Val: 0x00000000
In clock cycle: 1652
Register Write to Reg: 0x00 Val: 0x00000000
In clock cycle: 1653
Register Write to Reg: 0x1E Val: 0x00000003
In clock cycle: 1654
Register Write to Reg: 0x1D Val: 0x00000001
In clock cycle: 1655
Register Write to Reg: 0x00 Val: 0x00000000
In clock cycle: 1656
Register Write to Reg: 0x00 Val: 0x00000000
In clock cycle: 1657
Register Write to Reg: 0x00 Val: 0x00000000
In clock cycle: 1658
Register Write to Reg: 0x01 Val: 0x004007A4
In clock cycle: 1659
Register Write to Reg: 0x00 Val: 0x00000000
In clock cycle: 1660
Register Write to Reg: 0x00 Val: 0x00000000
In clock cycle: 1661
Register Write to Reg: 0x00 Val: 0x00000000
In clock cycle: 1662
Register Write to Reg: 0x01 Val: 0x004007D0
In clock cycle: 1663
Register Write to Reg: 0x00 Val: 0x00000000
In clock cycle: 1664
Register Write to Reg: 0x00 Val: 0x00000000
In clock cycle: 1665
Register Write to Reg: 0x00 Val: 0x00000000
In clock cycle: 1666
Register Write to Reg: 0x00 Val: 0x004007C8
In clock cycle: 1667
Register Write to Reg: 0x02 Val: 0x10010F38
In clock cycle: 1668
Register Write to Reg: 0x00 Val: 0x00000000
In clock cycle: 1669
Register Write to Reg: 0x00 Val: 0x00000000
In clock cycle: 1670
Register Write to Reg: 0x00 Val: 0x00000000
In clock cycle: 1671
Memory Write to Addr: 0x10010F54 Val: 0x10010F58
In clock cycle: 1672
Register Write to Reg: 0x00 Val: 0x00000000
In clock cycle: 1673
Register Write to Reg: 0x00 Val: 0x00000000
In clock cycle: 1674
Register Write to Reg: 0x00 Val: 0x00000000
In clock cycle: 1675
Register Write to Reg: 0x08 Val: 0x10010F38
In clock cycle: 1676
Register Write to Reg: 0x00 Val: 0x00000000
In clock cycle: 1677
Register Write to Reg: 0x00 Val: 0x00000000
In clock cycle: 1678
Register Write to Reg: 0x00 Val: 0x00000000
In clock cycle: 1679
Memory Write to Addr: 0x10010F58 Val: 0x00000001
In clock cycle: 1680
Memory Write to Addr: 0x10010F5C Val: 0x00000003
In clock cycle: 1681
Register Write to Reg: 0x07 Val: 0x1000F930
In clock cycle: 1682
Register Write to Reg: 0x00 Val: 0x00000000
In clock cycle: 1683
Register Write to Reg: 0x00 Val: 0x00000000
In clock cycle: 1684
Register Write to Reg: 0x00 Val: 0x00000000
In clock cycle: 1685
Register Write to Reg: 0x07 Val: 0x10010014
In clock cycle: 1686
Register Write to Reg: 0x00 Val: 0x00000000
In clock cycle: 1687
Register Write to Reg: 0x00 Val: 0x00000000
In clock cycle: 1688
Register Write to Reg: 0x00 Val: 0x00000000
In clock cycle: 1689
Register Write to Reg: 0x1C Val: 0x00000001
In clock cycle: 1690
Register Write to Reg: 0x00 Val: 0x00000000
In clock cycle: 1691
Register Write to Reg: 0x00 Val: 0x00000000
In clock cycle: 1692
Register Write to Reg: 0x00 Val: 0x00000000
In clock cycle: 1693
Register Write to Reg: 0x1C Val: 0x00000004
In clock cycle: 1694
Register Write to Reg: 0x00 Val: 0x00000000
In clock cycle: 1695
Register Write to Reg: 0x00 Val: 0x00000000
In clock cycle: 1696
Register Write to Reg: 0x00 Val: 0x00000000
In clock cycle: 1697
Register Write to Reg: 0x07 Val: 0x10010018
In clock cycle: 1698
Register Write to Reg: 0x00 Val: 0x00000000
In clock cycle: 1699
Register Write to Reg: 0x00 Val: 0x00000000
In clock cycle: 1700
Register Write to Reg: 0x00 Val: 0x00000000
In clock cycle: 1701
Register Write to Reg: 0x07 Val: 0x00000000
In clock cycle: 1702
Register Write to Reg: 0x00 Val: 0x00000000
In clock cycle: 1703
Register Write to Reg: 0x00 Val: 0x00000000
In clock cycle: 1704
Register Write to Reg: 0x00 Val: 0x00000000
In clock cycle: 1705
Memory Write to Addr: 0x10010F48 Val: 0x00000000
In clock cycle: 1706
Register Write to Reg: 0x07 Val: 0x00000001
In clock cycle: 1707
Register Write to Reg: 0x00 Val: 0x00000000
In clock cycle: 1708
Register Write to Reg: 0x00 Val: 0x00000000
In clock cycle: 1709
Register Write to Reg: 0x00 Val: 0x00000000
In clock cycle: 1710
Memory Write to Addr: 0x10010F40 Val: 0x00000001
In clock cycle: 1711
Memory Write to Addr: 0x10010F44 Val: 0x00000000
In clock cycle: 1712
Register Write to Reg: 0x00 Val: 0x004009B0
In clock cycle: 1713
Register Write to Reg: 0x1C Val: 0x00000000
In clock cycle: 1714
Register Write to Reg: 0x07 Val: 0x00000003
In clock cycle: 1715
Register Write to Reg: 0x00 Val: 0x00000000
In clock cycle: 1716
Register Write to Reg: 0x00 Val: 0x00000000
In clock cycle: 1717
Register Write to Reg: 0x00 Val: 0x00000000
In clock cycle: 1718
Register Write to Reg: 0x07 Val: 0x00000001
In clock cycle: 1719
Register Write to Reg: 0x00 Val: 0x00000000
In clock cycle: 1720
Register Write to Reg: 0x00 Val: 0x00000000
In clock cycle: 1721
Register Write to Reg: 0x00 Val: 0x00000000
In clock cycle: 1723
Register Write to Reg: 0x00 Val: 0x00000000
In clock cycle: 1724
Register Write to Reg: 0x00 Val: 0x00000000
In clock cycle: 1725
Register Write to Reg: 0x00 Val: 0x00400A34
In clock cycle: 1726
Register Write to Reg: 0x07 Val: 0x00000001
In clock cycle: 1727
Register Write to Reg: 0x00 Val: 0x00000000
In clock cycle: 1728
Register Write to Reg: 0x00 Val: 0x00000000
In clock cycle: 1729
Register Write to Reg: 0x00 Val: 0x00000000
In clock cycle: 1730
Register Write to Reg: 0x07 Val: 0x00000002
In clock cycle: 1731
Register Write to Reg: 0x00 Val: 0x00000000
In clock cycle: 1732
Register Write to Reg: 0x00 Val: 0x00000000
In clock cycle: 1733
Register Write to Reg: 0x00 Val: 0x00000000
In clock cycle: 1734
Memory Write to Addr: 0x10010F40 Val: 0x00000002
In clock cycle: 1735
Register Write to Reg: 0x07 Val: 0x00000000
In clock cycle: 1736
Register Write to Reg: 0x00 Val: 0x00000000
In clock cycle: 1737
Register Write to Reg: 0x00 Val: 0x00000000
In clock cycle: 1738
Register Write to Reg: 0x00 Val: 0x00000000
In clock cycle: 1739
Register Write to Reg: 0x07 Val: 0x00000001
In clock cycle: 1740
Register Write to Reg: 0x00 Val: 0x00000000
In clock cycle: 1741
Register Write to Reg: 0x00 Val: 0x00000000
In clock cycle: 1742
Register Write to Reg: 0x00 Val: 0x00000000
In clock cycle: 1743
Memory Write to Addr: 0x10010F44 Val: 0x00000001
In clock cycle: 1744
Register Write to Reg: 0x1C Val: 0x00000001
In clock cycle: 1745
Register Write to Reg: 0x07 Val: 0x00000003
In clock cycle: 1746
Register Write to Reg: 0x00 Val: 0x00000000
In clock cycle: 1747
Register Write to Reg: 0x00 Val: 0x00000000
In clock cycle: 1748
Register Write to Reg: 0x00 Val: 0x00000000
In clock cycle: 1749
Register Write to Reg: 0x07 Val: 0x00000001
In clock cycle: 1750
Register Write to Reg: 0x00 Val: 0x00000000
In clock cycle: 1751
Register Write to Reg: 0x00 Val: 0x00000000
In clock cycle: 1752
Register Write to Reg: 0x00 Val: 0x00000000
In clock cycle: 1754
Register Write to Reg: 0x00 Val: 0x00000000
In clock cycle: 1755
Register Write to Reg: 0x00 Val: 0x00000000
In clock cycle: 1756
Register Write to Reg: 0x00 Val: 0x00400A34
In clock cycle: 1757
Register Write to Reg: 0x07 Val: 0x00000002
In clock cycle: 1758
Register Write to Reg: 0x00 Val: 0x00000000
In clock cycle: 1759
Register Write to Reg: 0x00 Val: 0x00000000
In clock cycle: 1760
Register Write to Reg: 0x00 Val: 0x00000000
In clock cycle: 1761
Register Write to Reg: 0x07 Val: 0x00000004
In clock cycle: 1762
Register Write to Reg: 0x00 Val: 0x00000000
In clock cycle: 1763
Register Write to Reg: 0x00 Val: 0x00000000
In clock cycle: 1764
Register Write to Reg: 0x00 Val: 0x00000000
In clock cycle: 1765
Memory Write to Addr: 0x10010F40 Val: 0x00000004
In clock cycle: 1766
Register Write to Reg: 0x07 Val: 0x00000001
In clock cycle: 1767
Register Write to Reg: 0x00 Val: 0x00000000
In clock cycle: 1768
Register Write to Reg: 0x00 Val: 0x00000000
In clock cycle: 1769
Register Write to Reg: 0x00 Val: 0x00000000
In clock cycle: 1770
Register Write to Reg: 0x07 Val: 0x00000002
In clock cycle: 1771
Register Write to Reg: 0x00 Val: 0x00000000
In clock cycle: 1772
Register Write to Reg: 0x00 Val: 0x00000000
In clock cycle: 1773
Register Write to Reg: 0x00 Val: 0x00000000
In clock cycle: 1774
Memory Write to Addr: 0x10010F44 Val: 0x00000002
In clock cycle: 1775
Register Write to Reg: 0x1C Val: 0x00000002
In clock cycle: 1776
Register Write to Reg: 0x07 Val: 0x00000003
In clock cycle: 1777
Register Write to Reg: 0x00 Val: 0x00000000
In clock cycle: 1778
Register Write to Reg: 0x00 Val: 0x00000000
In clock cycle: 1779
Register Write to Reg: 0x00 Val: 0x00000000
In clock cycle: 1780
Register Write to Reg: 0x07 Val: 0x00000001
In clock cycle: 1781
Register Write to Reg: 0x00 Val: 0x00000000
In clock cycle: 1782
Register Write to Reg: 0x00 Val: 0x00000000
In clock cycle: 1783
Register Write to Reg: 0x00 Val: 0x00000000
In clock cycle: 1785
Register Write to Reg: 0x00 Val: 0x00000000
In clock cycle: 1786
Register Write to Reg: 0x00 Val: 0x00000000
In clock cycle: 1787
Register Write to Reg: 0x00 Val: 0x00400A34
In clock cycle: 1788
Register Write to Reg: 0x07 Val: 0x00000004
In clock cycle: 1789
Register Write to Reg: 0x00 Val: 0x00000000
In clock cycle: 1790
Register Write to Reg: 0x00 Val: 0x00000000
In clock cycle: 1791
Register Write to Reg: 0x00 Val: 0x00000000
In clock cycle: 1792
Register Write to Reg: 0x07 Val: 0x00000008
In clock cycle: 1793
Register Write to Reg: 0x00 Val: 0x00000000
In clock cycle: 1794
Register Write to Reg: 0x00 Val: 0x00000000
In clock cycle: 1795
Register Write to Reg: 0x00 Val: 0x00000000
In clock cycle: 1796
Memory Write to Addr: 0x10010F40 Val: 0x00000008
In clock cycle: 1797
Register Write to Reg: 0x07 Val: 0x00000002
In clock cycle: 1798
Register Write to Reg: 0x00 Val: 0x00000000
In clock cycle: 1799
Register Write to Reg: 0x00 Val: 0x00000000
In clock cycle: 1800
Register Write to Reg: 0x00 Val: 0x00000000
In clock cycle: 1801
Register Write to Reg: 0x07 Val: 0x00000003
In clock cycle: 1802
Register Write to Reg: 0x00 Val: 0x00000000
In clock cycle: 1803
Register Write to Reg: 0x00 Val: 0x00000000
In clock cycle: 1804
Register Write to Reg: 0x00 Val: 0x00000000
In clock cycle: 1805
Memory Write to Addr: 0x10010F44 Val: 0x00000003
In clock cycle: 1806
Register Write to Reg: 0x1C Val: 0x00000003
In clock cycle: 1807
Register Write to Reg: 0x07 Val: 0x00000003
In clock cycle: 1808
Register Write to Reg: 0x00 Val: 0x00000000
In clock cycle: 1809
Register Write to Reg: 0x00 Val: 0x00000000
In clock cycle: 1810
Register Write to Reg: 0x00 Val: 0x00000000
In clock cycle: 1811
Register Write to Reg: 0x07 Val: 0x00000000
In clock cycle: 1812
Register Write to Reg: 0x00 Val: 0x00000000
In clock cycle: 1813
Register Write to Reg: 0x00 Val: 0x00000000
In clock cycle: 1814
Register Write to Reg: 0x00 Val: 0x00000000
In clock cycle: 1816
Register Write to Reg: 0x1C Val: 0x00000008
In clock cycle: 1817
Register Write to Reg: 0x07 Val: 0x00000000
In clock cycle: 1818
Register Write to Reg: 0x00 Val: 0x00000000
In clock cycle: 1819
Register Write to Reg: 0x00 Val: 0x00000000
In clock cycle: 1820
Register Write to Reg: 0x00 Val: 0x00000000
In clock cycle: 1821
Register Write to Reg: 0x07 Val: 0x00000000
In clock cycle: 1822
Register Write to Reg: 0x00 Val: 0x00000000
In clock cycle: 1823
Register Write to Reg: 0x00 Val: 0x00000000
In clock cycle: 1824
Register Write to Reg: 0x00 Val: 0x00000000
In clock cycle: 1825
Register Write to Reg: 0x07 Val: 0x00000000
In clock cycle: 1826
Register Write to Reg: 0x00 Val: 0x00000000
In clock cycle: 1827
Register Write to Reg: 0x00 Val: 0x00000000
In clock cycle: 1828
Register Write to Reg: 0x00 Val: 0x00000000
In clock cycle: 1829
Register Write to Reg: 0x07 Val: 0x00000000
In clock cycle: 1830
Register Write to Reg: 0x00 Val: 0x00000000
In clock cycle: 1831
Register Write to Reg: 0x00 Val: 0x00000000
In clock cycle: 1832
Register Write to Reg: 0x00 Val: 0x00000000
In clock cycle: 1833
Register Write to Reg: 0x02 Val: 0x10010F38
In clock cycle: 1834
Register Write to Reg: 0x00 Val: 0x00000000
In clock cycle: 1835
Register Write to Reg: 0x00 Val: 0x00000000
In clock cycle: 1836
Register Write to Reg: 0x00 Val: 0x00000000
In clock cycle: 1837
Register Write to Reg: 0x08 Val: 0x10010F58
In clock cycle: 1838
Register Write to Reg: 0x00 Val: 0x00000000
In clock cycle: 1839
Register Write to Reg: 0x00 Val: 0x00000000
In clock cycle: 1840
Register Write to Reg: 0x00 Val: 0x00000000
In clock cycle: 1841
Register Write to Reg: 0x02 Val: 0x10010F58
In clock cycle: 1842
Register Write to Reg: 0x00 Val: 0x00000000
In clock cycle: 1843
Register Write to Reg: 0x00 Val: 0x00000000
In clock cycle: 1844
Register Write to Reg: 0x00 Val: 0x00400AB0
In clock cycle: 1846
Register Write to Reg: 0x07 Val: 0x10010F94
In clock cycle: 1847
Register Write to Reg: 0x00 Val: 0x00000000
In clock cycle: 1848
Register Write to Reg: 0x00 Val: 0x00000000
In clock cycle: 1849
Register Write to Reg: 0x00 Val: 0x00000000
In clock cycle: 1850
Register Write to Reg: 0x07 Val: 0x00000003
In clock cycle: 1851
Register Write to Reg: 0x00 Val: 0x00000000
In clock cycle: 1852
Register Write to Reg: 0x00 Val: 0x00000000
In clock cycle: 1853
Register Write to Reg: 0x00 Val: 0x00000000
In clock cycle: 1854
Register Write to Reg: 0x1C Val: 0x00000004
In clock cycle: 1855
Register Write to Reg: 0x00 Val: 0x00000000
In clock cycle: 1856
Register Write to Reg: 0x00 Val: 0x00000000
In clock cycle: 1857
Register Write to Reg: 0x00 Val: 0x00000000
In clock cycle: 1858
Register Write to Reg: 0x07 Val: 0x10010F94
In clock cycle: 1859
Register Write to Reg: 0x00 Val: 0x00000000
In clock cycle: 1860
Register Write to Reg: 0x00 Val: 0x00000000
In clock cycle: 1861
Register Write to Reg: 0x00 Val: 0x00000000
In clock cycle: 1862
Memory Write to Addr: 0x10010F98 Val: 0x00000004
In clock cycle: 1863
Register Write to Reg: 0x07 Val: 0x10010F94
In clock cycle: 1864
Register Write to Reg: 0x00 Val: 0x00000000
In clock cycle: 1865
Register Write to Reg: 0x00 Val: 0x00000000
In clock cycle: 1866
Register Write to Reg: 0x00 Val: 0x00000000
In clock cycle: 1867
Register Write to Reg: 0x07 Val: 0x00000004
In clock cycle: 1868
Register Write to Reg: 0x00 Val: 0x00000000
In clock cycle: 1869
Register Write to Reg: 0x00 Val: 0x00000000
In clock cycle: 1870
Register Write to Reg: 0x00 Val: 0x00000000
In clock cycle: 1871
Register Write to Reg: 0x07 Val: 0x00000000
In clock cycle: 1872
Register Write to Reg: 0x00 Val: 0x00000000
In clock cycle: 1873
Register Write to Reg: 0x00 Val: 0x00000000
In clock cycle: 1874
Register Write to Reg: 0x00 Val: 0x00000000
In clock cycle: 1876
Register Write to Reg: 0x07 Val: 0xFFFFFFFF
In clock cycle: 1877
Register Write to Reg: 0x02 Val: 0x10010F58
In clock cycle: 1878
Register Write to Reg: 0x00 Val: 0x00000000
In clock cycle: 1879
Register Write to Reg: 0x00 Val: 0x00000000
In clock cycle: 1880
Register Write to Reg: 0x00 Val: 0x00000000
In clock cycle: 1881
Register Write to Reg: 0x01 Val: 0x00400640
In clock cycle: 1882
Register Write to Reg: 0x08 Val: 0x10010F78
In clock cycle: 1883
Register Write to Reg: 0x00 Val: 0x00000000
In clock cycle: 1884
Register Write to Reg: 0x00 Val: 0x00000000
In clock cycle: 1885
Register Write to Reg: 0x00 Val: 0x00000000
In clock cycle: 1886
Register Write to Reg: 0x02 Val: 0x10010F78
In clock cycle: 1887
Register Write to Reg: 0x00 Val: 0x00000000
In clock cycle: 1888
Register Write to Reg: 0x00 Val: 0x00000000
In clock cycle: 1889
Register Write to Reg: 0x00 Val: 0x004008F0
In clock cycle: 1890
Memory Write to Addr: 0x10010F90 Val: 0xFFFFFFFF
In clock cycle: 1891
Register Write to Reg: 0x00 Val: 0x00400648
In clock cycle: 1892
Register Write to Reg: 0x1C Val: 0xFFFFFFFF
In clock cycle: 1893
Register Write to Reg: 0x00 Val: 0x00000000
In clock cycle: 1894
Register Write to Reg: 0x00 Val: 0x00000000
In clock cycle: 1895
Register Write to Reg: 0x00 Val: 0x00000000
In clock cycle: 1896
Register Write to Reg: 0x07 Val: 0xFFFFFFFF
In clock cycle: 1897
Register Write to Reg: 0x00 Val: 0x00000000
In clock cycle: 1898
Register Write to Reg: 0x00 Val: 0x00000000
In clock cycle: 1900
Register Write to Reg: 0x07 Val: 0x10010370
In clock cycle: 1901
Register Write to Reg: 0x00 Val: 0x00000000
In clock cycle: 1902
Register Write to Reg: 0x00 Val: 0x00000000
In clock cycle: 1903
Register Write to Reg: 0x00 Val: 0x00000000
In clock cycle: 1904
Register Write to Reg: 0x07 Val: 0x10010028
In clock cycle: 1905
Register Write to Reg: 0x00 Val: 0x00000000
In clock cycle: 1906
Register Write to Reg: 0x00 Val: 0x00000000
In clock cycle: 1907
Register Write to Reg: 0x00 Val: 0x00000000
In clock cycle: 1908
Register Write to Reg: 0x07 Val: 0x00000003
In clock cycle: 1909
Register Write to Reg: 0x00 Val: 0x00000000
In clock cycle: 1910
Register Write to Reg: 0x00 Val: 0x00000000
In clock cycle: 1911
Register Write to Reg: 0x00 Val: 0x00000000
In clock cycle: 1912
Register Write to Reg: 0x1D Val: 0x00000002
In clock cycle: 1913
Register Write to Reg: 0x00 Val: 0x00000000
In clock cycle: 1914
Register Write to Reg: 0x00 Val: 0x00000000
In clock cycle: 1915
Register Write to Reg: 0x00 Val: 0x00000000
In clock cycle: 1916
Register Write to Reg: 0x1C Val: 0x100103B0
In clock cycle: 1917
Register Write to Reg: 0x00 Val: 0x00000000
In clock cycle: 1918
Register Write to Reg: 0x00 Val: 0x00000000
In clock cycle: 1919
Register Write to Reg: 0x00 Val: 0x00000000
In clock cycle: 1920
Register Write to Reg: 0x1C Val: 0x10010028
In clock cycle: 1921
Register Write to Reg: 0x00 Val: 0x00000000
In clock cycle: 1922
Register Write to Reg: 0x00 Val: 0x00000000
In clock cycle: 1923
Register Write to Reg: 0x00 Val: 0x00000000
In clock cycle: 1924
Memory Write to Addr: 0x10010028 Val: 0x00000002
In clock cycle: 1925
Register Write to Reg: 0x1D Val: 0x100103D4
In clock cycle: 1926
Register Write to Reg: 0x00 Val: 0x00000000
In clock cycle: 1927
Register Write to Reg: 0x00 Val: 0x00000000
In clock cycle: 1928
Register Write to Reg: 0x00 Val: 0x00000000
In clock cycle: 1929
Register Write to Reg: 0x1D Val: 0x10010000
In clock cycle: 1930
Register Write to Reg: 0x00 Val: 0x00000000
In clock cycle: 1931
Register Write to Reg: 0x00 Val: 0x00000000
In clock cycle: 1932
Register Write to Reg: 0x00 Val: 0x00000000
In clock cycle: 1933
Register Write to Reg: 0x1C Val: 0x0000000C
In clock cycle: 1934
Register Write to Reg: 0x00 Val: 0x00000000
In clock cycle: 1935
Register Write to Reg: 0x00 Val: 0x00000000
In clock cycle: 1936
Register Write to Reg: 0x00 Val: 0x00000000
In clock cycle: 1937
Register Write to Reg: 0x1C Val: 0x00000006
In clock cycle: 1938
Register Write to Reg: 0x00 Val: 0x00000000
In clock cycle: 1939
Register Write to Reg: 0x00 Val: 0x00000000
In clock cycle: 1940
Register Write to Reg: 0x00 Val: 0x00000000
In clock cycle: 1941
Register Write to Reg: 0x1C Val: 0x00000003
In clock cycle: 1942
Register Write to Reg: 0x00 Val: 0x00000000
In clock cycle: 1943
Register Write to Reg: 0x00 Val: 0x00000000
In clock cycle: 1944
Register Write to Reg: 0x00 Val: 0x00000000
In clock cycle: 1945
Register Write to Reg: 0x1C Val: 0x0000000C
In clock cycle: 1946
Register Write to Reg: 0x00 Val: 0x00000000
In clock cycle: 1947
Register Write to Reg: 0x00 Val: 0x00000000
In clock cycle: 1948
Register Write to Reg: 0x00 Val: 0x00000000
In clock cycle: 1949
Register Write to Reg: 0x1F Val: 0x00400643
In clock cycle: 1950
Register Write to Reg: 0x00 Val: 0x00000000
In clock cycle: 1951
Register Write to Reg: 0x00 Val: 0x00000000
In clock cycle: 1952
Register Write to Reg: 0x00 Val: 0x00000000
In clock cycle: 1953
Register Write to Reg: 0x1F Val: 0x00400643
In clock cycle: 1954
Register Write to Reg: 0x00 Val: 0x00000000
In clock cycle: 1955
Register Write to Reg: 0x00 Val: 0x00000000
In clock cycle: 1956
Register Write to Reg: 0x00 Val: 0x00000000
In clock cycle: 1957
Register Write to Reg: 0x1F Val: 0xFFBFF9BD
In clock cycle: 1958
Register Write to Reg: 0x00 Val: 0x00000000
In clock cycle: 1959
Register Write to Reg: 0x00 Val: 0x00000000
In clock cycle: 1960
Register Write to Reg: 0x00 Val: 0x00000000
In clock cycle: 1961
Register Write to Reg: 0x07 Val: 0x10010464
In clock cycle: 1962
Register Write to Reg: 0x00 Val: 0x00000000
In clock cycle: 1963
Register Write to Reg: 0x00 Val: 0x00000000
In clock cycle: 1964
Register Write to Reg: 0x00 Val: 0x00000000
In clock cycle: 1965
Register Write to Reg: 0x07 Val: 0x10010000
In clock cycle: 1966
Register Write to Reg: 0x00 Val: 0x00000000
In clock cycle: 1967
Register Write to Reg: 0x00 Val: 0x00000000
In clock cycle: 1968
Register Write to Reg: 0x00 Val: 0x00000000
In clock cycle: 1969
Register Write to Reg: 0x0B Val: 0x00010000
In clock cycle: 1970
Register Write to Reg: 0x00 Val: 0x00000000
In clock cycle: 1971
Register Write to Reg: 0x00 Val: 0x00000000
In clock cycle: 1972
Register Write to Reg: 0x00 Val: 0x00000000
In clock cycle: 1973
Register Write to Reg: 0x0B Val: 0x0000FFFF
In clock cycle: 1974
Register Write to Reg: 0x00 Val: 0x00000000
In clock cycle: 1975
Register Write to Reg: 0x00 Val: 0x00000000
In clock cycle: 1976
Register Write to Reg: 0x00 Val: 0x00000000
In clock cycle: 1977
Register Write to Reg: 0x1F Val: 0x00000000
In clock cycle: 1978
Register Write to Reg: 0x00 Val: 0x00000000
In clock cycle: 1979
Register Write to Reg: 0x00 Val: 0x00000000
In clock cycle: 1980
Register Write to Reg: 0x00 Val: 0x00000000
In clock cycle: 1981
Register Write to Reg: 0x07 Val: 0x10010000
In clock cycle: 1982
Register Write to Reg: 0x00 Val: 0x00000000
In clock cycle: 1983
Register Write to Reg: 0x00 Val: 0x00000000
In clock cycle: 1984
Register Write to Reg: 0x00 Val: 0x00000000
In clock cycle: 1985
Register Write to Reg: 0x07 Val: 0x1001000C
In clock cycle: 1986
Register Write to Reg: 0x00 Val: 0x00000000
In clock cycle: 1987
Register Write to Reg: 0x00 Val: 0x00000000
In clock cycle: 1988
Register Write to Reg: 0x00 Val: 0x00000000
In clock cycle: 1989
Register Write to Reg: 0x1C Val: 0x00000001
In clock cycle: 1990
Register Write to Reg: 0x00 Val: 0x00000000
In clock cycle: 1991
Register Write to Reg: 0x00 Val: 0x00000000
In clock cycle: 1992
Register Write to Reg: 0x00 Val: 0x00000000
In clock cycle: 1993
Memory Write to Addr: 0x1001000C Val: 0x00000001
In clock cycle: 1994
Register Write to Reg: 0x02 Val: 0x10010F78
In clock cycle: 1995
Register Write to Reg: 0x00 Val: 0x00000000
In clock cycle: 1996
Register Write to Reg: 0x00 Val: 0x00000000
In clock cycle: 1997
Register Write to Reg: 0x00 Val: 0x00000000
In clock cycle: 1998
Register Write to Reg: 0x01 Val: 0x004002EC
In clock cycle: 1999
Register Write to Reg: 0x08 Val: 0x10010FA8
In clock cycle: 2000
Register Write to Reg: 0x00 Val: 0x00000000
In clock cycle: 2001
Register Write to Reg: 0x00 Val: 0x00000000
In clock cycle: 2002
Register Write to Reg: 0x00 Val: 0x00000000
In clock cycle: 2003
Register Write to Reg: 0x02 Val: 0x10010FA8
In clock cycle: 2004
Register Write to Reg: 0x00 Val: 0x00000000
In clock cycle: 2005
Register Write to Reg: 0x00 Val: 0x00000000
In clock cycle: 2006
Register Write to Reg: 0x00 Val: 0x0040051C
In clock cycle: 2007
Register Write to Reg: 0x07 Val: 0x10010FC4
In clock cycle: 2008
Register Write to Reg: 0x00 Val: 0x00000000
In clock cycle: 2009
Register Write to Reg: 0x00 Val: 0x00000000
In clock cycle: 2010
Register Write to Reg: 0x00 Val: 0x00000000
In clock cycle: 2011
Register Write to Reg: 0x1D Val: 0x10010FC4
In clock cycle: 2012
Register Write to Reg: 0x00 Val: 0x00000000
In clock cycle: 2013
Register Write to Reg: 0x00 Val: 0x00000000
In clock cycle: 2014
Register Write to Reg: 0x00 Val: 0x00000000
In clock cycle: 2015
Register Write to Reg: 0x01 Val: 0x0040030C
In clock cycle: 2016
Register Write to Reg: 0x00 Val: 0x00000000
In clock cycle: 2017
Register Write to Reg: 0x00 Val: 0x00000000
In clock cycle: 2018
Register Write to Reg: 0x00 Val: 0x00000000
In clock cycle: 2019
Register Write to Reg: 0x01 Val: 0x00400338
In clock cycle: 2020
Register Write to Reg: 0x00 Val: 0x00000000
In clock cycle: 2021
Register Write to Reg: 0x00 Val: 0x00000000
In clock cycle: 2022
Register Write to Reg: 0x00 Val: 0x00000000
In clock cycle: 2023
Register Write to Reg: 0x00 Val: 0x00400330
In clock cycle: 2024
Register Write to Reg: 0x02 Val: 0x10010F88
In clock cycle: 2025
Register Write to Reg: 0x00 Val: 0x00000000
In clock cycle: 2026
Register Write to Reg: 0x00 Val: 0x00000000
In clock cycle: 2027
Register Write to Reg: 0x00 Val: 0x00000000
In clock cycle: 2028
Memory Write to Addr: 0x10010FA4 Val: 0x00400338
In clock cycle: 2029
Memory Write to Addr: 0x10010FA0 Val: 0x10010FA8
In clock cycle: 2030
Register Write to Reg: 0x00 Val: 0x00000000
In clock cycle: 2031
Register Write to Reg: 0x00 Val: 0x00000000
In clock cycle: 2032
Register Write to Reg: 0x00 Val: 0x00000000
In clock cycle: 2033
Register Write to Reg: 0x08 Val: 0x10010F88
In clock cycle: 2034
Register Write to Reg: 0x00 Val: 0x00000000
In clock cycle: 2035
Register Write to Reg: 0x00 Val: 0x00000000
In clock cycle: 2036
Register Write to Reg: 0x00 Val: 0x00000000
In clock cycle: 2037
Memory Write to Addr: 0x10010FA8 Val: 0x10010FC4
In clock cycle: 2038
Register Write to Reg: 0x00 Val: 0x00400748
In clock cycle: 2039
Register Write to Reg: 0x07 Val: 0x10010FC4
In clock cycle: 2040
Register Write to Reg: 0x00 Val: 0x00000000
In clock cycle: 2041
Register Write to Reg: 0x00 Val: 0x00000000
In clock cycle: 2042
Register Write to Reg: 0x00 Val: 0x00000000
In clock cycle: 2043
Register Write to Reg: 0x07 Val: 0x00000002
In clock cycle: 2044
Register Write to Reg: 0x00 Val: 0x00000000
In clock cycle: 2045
Register Write to Reg: 0x00 Val: 0x00000000
In clock cycle: 2046
Register Write to Reg: 0x00 Val: 0x00000000
In clock cycle: 2047
Register Write to Reg: 0x07 Val: 0x00000001
In clock cycle: 2048
Register Write to Reg: 0x00 Val: 0x00000000
In clock cycle: 2049
Register Write to Reg: 0x00 Val: 0x00000000
In clock cycle: 2050
Register Write to Reg: 0x00 Val: 0x00000000
In clock cycle: 2052
Register Write to Reg: 0x00 Val: 0x00000000
In clock cycle: 2053
Register Write to Reg: 0x00 Val: 0x00000000
In clock cycle: 2054
Register Write to Reg: 0x00 Val: 0x004008B0
In clock cycle: 2055
Register Write to Reg: 0x07 Val: 0x10010FC4
In clock cycle: 2056
Register Write to Reg: 0x00 Val: 0x00000000
In clock cycle: 2057
Register Write to Reg: 0x00 Val: 0x00000000
In clock cycle: 2058
Register Write to Reg: 0x00 Val: 0x00000000
In clock cycle: 2059
Register Write to Reg: 0x1C Val: 0x00000000
In clock cycle: 2060
Register Write to Reg: 0x00 Val: 0x00000000
In clock cycle: 2061
Register Write to Reg: 0x00 Val: 0x00000000
In clock cycle: 2062
Register Write to Reg: 0x00 Val: 0x00000000
In clock cycle: 2063
Register Write to Reg: 0x07 Val: 0x10010FC4
In clock cycle: 2064
Register Write to Reg: 0x00 Val: 0x00000000
In clock cycle: 2065
Register Write to Reg: 0x00 Val: 0x00000000
In clock cycle: 2066
Register Write to Reg: 0x00 Val: 0x00000000
In clock cycle: 2067
Register Write to Reg: 0x07 Val: 0x00000002
In clock cycle: 2068
Register Write to Reg: 0x00 Val: 0x00000000
In clock cycle: 2069
Register Write to Reg: 0x00 Val: 0x00000000
In clock cycle: 2070
Register Write to Reg: 0x00 Val: 0x00000000
In clock cycle: 2071
Register Write to Reg: 0x1E Val: 0x00000002
In clock cycle: 2072
Register Write to Reg: 0x1D Val: 0x00000000
In clock cycle: 2073
Register Write to Reg: 0x00 Val: 0x00000000
In clock cycle: 2074
Register Write to Reg: 0x00 Val: 0x00000000
In clock cycle: 2075
Register Write to Reg: 0x00 Val: 0x00000000
In clock cycle: 2076
Register Write to Reg: 0x01 Val: 0x004007A4
In clock cycle: 2077
Register Write to Reg: 0x00 Val: 0x00000000
In clock cycle: 2078
Register Write to Reg: 0x00 Val: 0x00000000
In clock cycle: 2079
Register Write to Reg: 0x00 Val: 0x00000000
In clock cycle: 2080
Register Write to Reg: 0x01 Val: 0x004007D0
In clock cycle: 2081
Register Write to Reg: 0x00 Val: 0x00000000
In clock cycle: 2082
Register Write to Reg: 0x00 Val: 0x00000000
In clock cycle: 2083
Register Write to Reg: 0x00 Val: 0x00000000
In clock cycle: 2084
Register Write to Reg: 0x00 Val: 0x004007C8
In clock cycle: 2085
Register Write to Reg: 0x02 Val: 0x10010F68
In clock cycle: 2086
Register Write to Reg: 0x00 Val: 0x00000000
In clock cycle: 2087
Register Write to Reg: 0x00 Val: 0x00000000
In clock cycle: 2088
Register Write to Reg: 0x00 Val: 0x00000000
In clock cycle: 2089
Memory Write to Addr: 0x10010F84 Val: 0x10010F88
In clock cycle: 2090
Register Write to Reg: 0x00 Val: 0x00000000
In clock cycle: 2091
Register Write to Reg: 0x00 Val: 0x00000000
In clock cycle: 2092
Register Write to Reg: 0x00 Val: 0x00000000
In clock cycle: 2093
Register Write to Reg: 0x08 Val: 0x10010F68
In clock cycle: 2094
Register Write to Reg: 0x00 Val: 0x00000000
In clock cycle: 2095
Register Write to Reg: 0x00 Val: 0x00000000
In clock cycle: 2096
Register Write to Reg: 0x00 Val: 0x00000000
In clock cycle: 2097
Memory Write to Addr: 0x10010F88 Val: 0x00000000
In clock cycle: 2098
Memory Write to Addr: 0x10010F8C Val: 0x00000002
In clock cycle: 2099
Register Write to Reg: 0x07 Val: 0x1000F930
In clock cycle: 2100
Register Write to Reg: 0x00 Val: 0x00000000
In clock cycle: 2101
Register Write to Reg: 0x00 Val: 0x00000000
In clock cycle: 2102
Register Write to Reg: 0x00 Val: 0x00000000
In clock cycle: 2103
Register Write to Reg: 0x07 Val: 0x10010014
In clock cycle: 2104
Register Write to Reg: 0x00 Val: 0x00000000
In clock cycle: 2105
Register Write to Reg: 0x00 Val: 0x00000000
In clock cycle: 2106
Register Write to Reg: 0x00 Val: 0x00000000
In clock cycle: 2107
Register Write to Reg: 0x1C Val: 0x00000000
In clock cycle: 2108
Register Write to Reg: 0x00 Val: 0x00000000
In clock cycle: 2109
Register Write to Reg: 0x00 Val: 0x00000000
In clock cycle: 2110
Register Write to Reg: 0x00 Val: 0x00000000
In clock cycle: 2111
Register Write to Reg: 0x1C Val: 0x00000000
In clock cycle: 2112
Register Write to Reg: 0x00 Val: 0x00000000
In clock cycle: 2113
Register Write to Reg: 0x00 Val: 0x00000000
In clock cycle: 2114
Register Write to Reg: 0x00 Val: 0x00000000
In clock cycle: 2115
Register Write to Reg: 0x07 Val: 0x10010014
In clock cycle: 2116
Register Write to Reg: 0x00 Val: 0x00000000
In clock cycle: 2117
Register Write to Reg: 0x00 Val: 0x00000000
In clock cycle: 2118
Register Write to Reg: 0x00 Val: 0x00000000
In clock cycle: 2119
Register Write to Reg: 0x07 Val: 0x00000006
In clock cycle: 2120
Register Write to Reg: 0x00 Val: 0x00000000
In clock cycle: 2121
Register Write to Reg: 0x00 Val: 0x00000000
In clock cycle: 2122
Register Write to Reg: 0x00 Val: 0x00000000
In clock cycle: 2123
Memory Write to Addr: 0x10010F78 Val: 0x00000006
In clock cycle: 2124
Register Write to Reg: 0x07 Val: 0x00000001
In clock cycle: 2125
Register Write to Reg: 0x00 Val: 0x00000000
In clock cycle: 2126
Register Write to Reg: 0x00 Val: 0x00000000
In clock cycle: 2127
Register Write to Reg: 0x00 Val: 0x00000000
In clock cycle: 2128
Memory Write to Addr: 0x10010F70 Val: 0x00000001
In clock cycle: 2129
Memory Write to Addr: 0x10010F74 Val: 0x00000000
In clock cycle: 2130
Register Write to Reg: 0x00 Val: 0x004009B0
In clock cycle: 2131
Register Write to Reg: 0x1C Val: 0x00000000
In clock cycle: 2132
Register Write to Reg: 0x07 Val: 0x00000002
In clock cycle: 2133
Register Write to Reg: 0x00 Val: 0x00000000
In clock cycle: 2134
Register Write to Reg: 0x00 Val: 0x00000000
In clock cycle: 2135
Register Write to Reg: 0x00 Val: 0x00000000
In clock cycle: 2136
Register Write to Reg: 0x07 Val: 0x00000001
In clock cycle: 2137
Register Write to Reg: 0x00 Val: 0x00000000
In clock cycle: 2138
Register Write to Reg: 0x00 Val: 0x00000000
In clock cycle: 2139
Register Write to Reg: 0x00 Val: 0x00000000
In clock cycle: 2141
Register Write to Reg: 0x00 Val: 0x00000000
In clock cycle: 2142
Register Write to Reg: 0x00 Val: 0x00000000
In clock cycle: 2143
Register Write to Reg: 0x00 Val: 0x00400A34
In clock cycle: 2144
Register Write to Reg: 0x07 Val: 0x00000001
In clock cycle: 2145
Register Write to Reg: 0x00 Val: 0x00000000
In clock cycle: 2146
Register Write to Reg: 0x00 Val: 0x00000000
In clock cycle: 2147
Register Write to Reg: 0x00 Val: 0x00000000
In clock cycle: 2148
Register Write to Reg: 0x07 Val: 0x00000002
In clock cycle: 2149
Register Write to Reg: 0x00 Val: 0x00000000
In clock cycle: 2150
Register Write to Reg: 0x00 Val: 0x00000000
In clock cycle: 2151
Register Write to Reg: 0x00 Val: 0x00000000
In clock cycle: 2152
Memory Write to Addr: 0x10010F70 Val: 0x00000002
In clock cycle: 2153
Register Write to Reg: 0x07 Val: 0x00000000
In clock cycle: 2154
Register Write to Reg: 0x00 Val: 0x00000000
In clock cycle: 2155
Register Write to Reg: 0x00 Val: 0x00000000
In clock cycle: 2156
Register Write to Reg: 0x00 Val: 0x00000000
In clock cycle: 2157
Register Write to Reg: 0x07 Val: 0x00000001
In clock cycle: 2158
Register Write to Reg: 0x00 Val: 0x00000000
In clock cycle: 2159
Register Write to Reg: 0x00 Val: 0x00000000
In clock cycle: 2160
Register Write to Reg: 0x00 Val: 0x00000000
In clock cycle: 2161
Memory Write to Addr: 0x10010F74 Val: 0x00000001
In clock cycle: 2162
Register Write to Reg: 0x1C Val: 0x00000001
In clock cycle: 2163
Register Write to Reg: 0x07 Val: 0x00000002
In clock cycle: 2164
Register Write to Reg: 0x00 Val: 0x00000000
In clock cycle: 2165
Register Write to Reg: 0x00 Val: 0x00000000
In clock cycle: 2166
Register Write to Reg: 0x00 Val: 0x00000000
In clock cycle: 2167
Register Write to Reg: 0x07 Val: 0x00000001
In clock cycle: 2168
Register Write to Reg: 0x00 Val: 0x00000000
In clock cycle: 2169
Register Write to Reg: 0x00 Val: 0x00000000
In clock cycle: 2170
Register Write to Reg: 0x00 Val: 0x00000000
In clock cycle: 2172
Register Write to Reg: 0x00 Val: 0x00000000
In clock cycle: 2173
Register Write to Reg: 0x00 Val: 0x00000000
In clock cycle: 2174
Register Write to Reg: 0x00 Val: 0x00400A34
In clock cycle: 2175
Register Write to Reg: 0x07 Val: 0x00000002
In clock cycle: 2176
Register Write to Reg: 0x00 Val: 0x00000000
In clock cycle: 2177
Register Write to Reg: 0x00 Val: 0x00000000
In clock cycle: 2178
Register Write to Reg: 0x00 Val: 0x00000000
In clock cycle: 2179
Register Write to Reg: 0x07 Val: 0x00000004
In clock cycle: 2180
Register Write to Reg: 0x00 Val: 0x00000000
In clock cycle: 2181
Register Write to Reg: 0x00 Val: 0x00000000
In clock cycle: 2182
Register Write to Reg: 0x00 Val: 0x00000000
In clock cycle: 2183
Memory Write to Addr: 0x10010F70 Val: 0x00000004
In clock cycle: 2184
Register Write to Reg: 0x07 Val: 0x00000001
In clock cycle: 2185
Register Write to Reg: 0x00 Val: 0x00000000
In clock cycle: 2186
Register Write to Reg: 0x00 Val: 0x00000000
In clock cycle: 2187
Register Write to Reg: 0x00 Val: 0x00000000
In clock cycle: 2188
Register Write to Reg: 0x07 Val: 0x00000002
In clock cycle: 2189
Register Write to Reg: 0x00 Val: 0x00000000
In clock cycle: 2190
Register Write to Reg: 0x00 Val: 0x00000000
In clock cycle: 2191
Register Write to Reg: 0x00 Val: 0x00000000
In clock cycle: 2192
Memory Write to Addr: 0x10010F74 Val: 0x00000002
In clock cycle: 2193
Register Write to Reg: 0x1C Val: 0x00000002
In clock cycle: 2194
Register Write to Reg: 0x07 Val: 0x00000002
In clock cycle: 2195
Register Write to Reg: 0x00 Val: 0x00000000
In clock cycle: 2196
Register Write to Reg: 0x00 Val: 0x00000000
In clock cycle: 2197
Register Write to Reg: 0x00 Val: 0x00000000
In clock cycle: 2198
Register Write to Reg: 0x07 Val: 0x00000000
In clock cycle: 2199
Register Write to Reg: 0x00 Val: 0x00000000
In clock cycle: 2200
Register Write to Reg: 0x00 Val: 0x00000000
In clock cycle: 2201
Register Write to Reg: 0x00 Val: 0x00000000
In clock cycle: 2203
Register Write to Reg: 0x1C Val: 0x00000004
In clock cycle: 2204
Register Write to Reg: 0x07 Val: 0x00000006
In clock cycle: 2205
Register Write to Reg: 0x00 Val: 0x00000000
In clock cycle: 2206
Register Write to Reg: 0x00 Val: 0x00000000
In clock cycle: 2207
Register Write to Reg: 0x00 Val: 0x00000000
In clock cycle: 2208
Register Write to Reg: 0x07 Val: 0x00000004
In clock cycle: 2209
Register Write to Reg: 0x00 Val: 0x00000000
In clock cycle: 2210
Register Write to Reg: 0x00 Val: 0x00000000
In clock cycle: 2211
Register Write to Reg: 0x00 Val: 0x00000000
In clock cycle: 2212
Register Write to Reg: 0x07 Val: 0x00000001
In clock cycle: 2213
Register Write to Reg: 0x00 Val: 0x00000000
In clock cycle: 2214
Register Write to Reg: 0x00 Val: 0x00000000
In clock cycle: 2215
Register Write to Reg: 0x00 Val: 0x00000000
In clock cycle: 2216
Register Write to Reg: 0x07 Val: 0x00000001
In clock cycle: 2217
Register Write to Reg: 0x00 Val: 0x00000000
In clock cycle: 2218
Register Write to Reg: 0x00 Val: 0x00000000
In clock cycle: 2219
Register Write to Reg: 0x00 Val: 0x00000000
In clock cycle: 2220
Register Write to Reg: 0x02 Val: 0x10010F68
In clock cycle: 2221
Register Write to Reg: 0x00 Val: 0x00000000
In clock cycle: 2222
Register Write to Reg: 0x00 Val: 0x00000000
In clock cycle: 2223
Register Write to Reg: 0x00 Val: 0x00000000
In clock cycle: 2224
Register Write to Reg: 0x08 Val: 0x10010F88
In clock cycle: 2225
Register Write to Reg: 0x00 Val: 0x00000000
In clock cycle: 2226
Register Write to Reg: 0x00 Val: 0x00000000
In clock cycle: 2227
Register Write to Reg: 0x00 Val: 0x00000000
In clock cycle: 2228
Register Write to Reg: 0x02 Val: 0x10010F88
In clock cycle: 2229
Register Write to Reg: 0x00 Val: 0x00000000
In clock cycle: 2230
Register Write to Reg: 0x00 Val: 0x00000000
In clock cycle: 2231
Register Write to Reg: 0x00 Val: 0x00400AB0
In clock cycle: 2233
Register Write to Reg: 0x00 Val: 0x00000000
In clock cycle: 2234
Register Write to Reg: 0x00 Val: 0x00000000
In clock cycle: 2235
Register Write to Reg: 0x07 Val: 0x10010FC4
In clock cycle: 2236
Register Write to Reg: 0x00 Val: 0x00000000
In clock cycle: 2237
Register Write to Reg: 0x00 Val: 0x00000000
In clock cycle: 2238
Register Write to Reg: 0x00 Val: 0x00000000
In clock cycle: 2239
Register Write to Reg: 0x07 Val: 0x00000002
In clock cycle: 2240
Register Write to Reg: 0x00 Val: 0x00000000
In clock cycle: 2241
Register Write to Reg: 0x00 Val: 0x00000000
In clock cycle: 2242
Register Write to Reg: 0x00 Val: 0x00000000
In clock cycle: 2243
Register Write to Reg: 0x1D Val: 0x00000003
In clock cycle: 2244
Register Write to Reg: 0x00 Val: 0x00000000
In clock cycle: 2245
Register Write to Reg: 0x00 Val: 0x00000000
In clock cycle: 2246
Register Write to Reg: 0x00 Val: 0x00000000
In clock cycle: 2247
Register Write to Reg: 0x1C Val: 0x10010FC4
In clock cycle: 2248
Register Write to Reg: 0x00 Val: 0x00000000
In clock cycle: 2249
Register Write to Reg: 0x00 Val: 0x00000000
In clock cycle: 2250
Register Write to Reg: 0x00 Val: 0x00000000
In clock cycle: 2251
Memory Write to Addr: 0x10010FC8 Val: 0x00000003
In clock cycle: 2252
Register Write to Reg: 0x00 Val: 0x00400824
In clock cycle: 2253
Register Write to Reg: 0x02 Val: 0x10010F88
In clock cycle: 2254
Register Write to Reg: 0x00 Val: 0x00000000
In clock cycle: 2255
Register Write to Reg: 0x00 Val: 0x00000000
In clock cycle: 2256
Register Write to Reg: 0x00 Val: 0x00000000
In clock cycle: 2257
Register Write to Reg: 0x01 Val: 0x00400338
In clock cycle: 2258
Register Write to Reg: 0x08 Val: 0x10010FA8
In clock cycle: 2259
Register Write to Reg: 0x00 Val: 0x00000000
In clock cycle: 2260
Register Write to Reg: 0x00 Val: 0x00000000
In clock cycle: 2261
Register Write to Reg: 0x00 Val: 0x00000000
In clock cycle: 2262
Register Write to Reg: 0x02 Val: 0x10010FA8
In clock cycle: 2263
Register Write to Reg: 0x00 Val: 0x00000000
In clock cycle: 2264
Register Write to Reg: 0x00 Val: 0x00000000
In clock cycle: 2265
Register Write to Reg: 0x00 Val: 0x004008F0
In clock cycle: 2266
Memory Write to Addr: 0x10010FC0 Val: 0x00000002
In clock cycle: 2267
Register Write to Reg: 0x1C Val: 0x00000002
In clock cycle: 2268
Register Write to Reg: 0x00 Val: 0x00000000
In clock cycle: 2269
Register Write to Reg: 0x00 Val: 0x00000000
In clock cycle: 2270
Register Write to Reg: 0x00 Val: 0x00000000
In clock cycle: 2271
Register Write to Reg: 0x07 Val: 0xFFFFFFFF
In clock cycle: 2272
Register Write to Reg: 0x00 Val: 0x00000000
In clock cycle: 2273
Register Write to Reg: 0x00 Val: 0x00000000
In clock cycle: 2275
Register Write to Reg: 0x00 Val: 0x00000000
In clock cycle: 2276
Register Write to Reg: 0x00 Val: 0x00000000
In clock cycle: 2277
Register Write to Reg: 0x00 Val: 0x00400368
In clock cycle: 2278
Register Write to Reg: 0x1D Val: 0x00000002
In clock cycle: 2279
Register Write to Reg: 0x00 Val: 0x00000000
In clock cycle: 2280
Register Write to Reg: 0x00 Val: 0x00000000
In clock cycle: 2281
Register Write to Reg: 0x00 Val: 0x00000000
In clock cycle: 2282
Register Write to Reg: 0x01 Val: 0x00400258
In clock cycle: 2283
Register Write to Reg: 0x00 Val: 0x00000000
In clock cycle: 2284
Register Write to Reg: 0x00 Val: 0x00000000
In clock cycle: 2285
Register Write to Reg: 0x00 Val: 0x00000000
In clock cycle: 2286
Register Write to Reg: 0x01 Val: 0x00400284
In clock cycle: 2287
Register Write to Reg: 0x00 Val: 0x00000000
In clock cycle: 2288
Register Write to Reg: 0x00 Val: 0x00000000
In clock cycle: 2289
Register Write to Reg: 0x00 Val: 0x00000000
In clock cycle: 2290
Register Write to Reg: 0x00 Val: 0x0040027C
In clock cycle: 2291
Register Write to Reg: 0x02 Val: 0x10010F88
In clock cycle: 2292
Register Write to Reg: 0x00 Val: 0x00000000
In clock cycle: 2293
Register Write to Reg: 0x00 Val: 0x00000000
In clock cycle: 2294
Register Write to Reg: 0x00 Val: 0x00000000
In clock cycle: 2295
Memory Write to Addr: 0x10010FA4 Val: 0x10010FA8
In clock cycle: 2296
Register Write to Reg: 0x00 Val: 0x00000000
In clock cycle: 2297
Register Write to Reg: 0x00 Val: 0x00000000
In clock cycle: 2298
Register Write to Reg: 0x00 Val: 0x00000000
In clock cycle: 2299
Register Write to Reg: 0x08 Val: 0x10010F88
In clock cycle: 2300
Register Write to Reg: 0x00 Val: 0x00000000
In clock cycle: 2301
Register Write to Reg: 0x00 Val: 0x00000000
In clock cycle: 2302
Register Write to Reg: 0x00 Val: 0x00000000
In clock cycle: 2303
Memory Write to Addr: 0x10010FA8 Val: 0x00000002
In clock cycle: 2304
Register Write to Reg: 0x07 Val: 0x00000001
In clock cycle: 2305
Register Write to Reg: 0x00 Val: 0x00000000
In clock cycle: 2306
Register Write to Reg: 0x00 Val: 0x00000000
In clock cycle: 2307
Register Write to Reg: 0x00 Val: 0x00000000
In clock cycle: 2308
Memory Write to Addr: 0x10010F90 Val: 0x00000001
In clock cycle: 2309
Memory Write to Addr: 0x10010F94 Val: 0x00000000
In clock cycle: 2310
Register Write to Reg: 0x00 Val: 0x00400C94
In clock cycle: 2311
Register Write to Reg: 0x1C Val: 0x00000000
In clock cycle: 2312
Register Write to Reg: 0x07 Val: 0x00000002
In clock cycle: 2313
Register Write to Reg: 0x00 Val: 0x00000000
In clock cycle: 2314
Register Write to Reg: 0x00 Val: 0x00000000
In clock cycle: 2315
Register Write to Reg: 0x00 Val: 0x00000000
In clock cycle: 2316
Register Write to Reg: 0x07 Val: 0x00000001
In clock cycle: 2317
Register Write to Reg: 0x00 Val: 0x00000000
In clock cycle: 2318
Register Write to Reg: 0x00 Val: 0x00000000
In clock cycle: 2319
Register Write to Reg: 0x00 Val: 0x00000000
In clock cycle: 2321
Register Write to Reg: 0x00 Val: 0x00000000
In clock cycle: 2322
Register Write to Reg: 0x00 Val: 0x00000000
In clock cycle: 2323
Register Write to Reg: 0x00 Val: 0x00400D18
In clock cycle: 2324
Register Write to Reg: 0x07 Val: 0x00000001
In clock cycle: 2325
Register Write to Reg: 0x00 Val: 0x00000000
In clock cycle: 2326
Register Write to Reg: 0x00 Val: 0x00000000
In clock cycle: 2327
Register Write to Reg: 0x00 Val: 0x00000000
In clock cycle: 2328
Register Write to Reg: 0x07 Val: 0x00000100
In clock cycle: 2329
Register Write to Reg: 0x00 Val: 0x00000000
In clock cycle: 2330
Register Write to Reg: 0x00 Val: 0x00000000
In clock cycle: 2331
Register Write to Reg: 0x00 Val: 0x00000000
In clock cycle: 2332
Memory Write to Addr: 0x10010F90 Val: 0x00000100
In clock cycle: 2333
Register Write to Reg: 0x07 Val: 0x00000000
In clock cycle: 2334
Register Write to Reg: 0x00 Val: 0x00000000
In clock cycle: 2335
Register Write to Reg: 0x00 Val: 0x00000000
In clock cycle: 2336
Register Write to Reg: 0x00 Val: 0x00000000
In clock cycle: 2337
Register Write to Reg: 0x07 Val: 0x00000001
In clock cycle: 2338
Register Write to Reg: 0x00 Val: 0x00000000
In clock cycle: 2339
Register Write to Reg: 0x00 Val: 0x00000000
In clock cycle: 2340
Register Write to Reg: 0x00 Val: 0x00000000
In clock cycle: 2341
Memory Write to Addr: 0x10010F94 Val: 0x00000001
In clock cycle: 2342
Register Write to Reg: 0x1C Val: 0x00000001
In clock cycle: 2343
Register Write to Reg: 0x07 Val: 0x00000002
In clock cycle: 2344
Register Write to Reg: 0x00 Val: 0x00000000
In clock cycle: 2345
Register Write to Reg: 0x00 Val: 0x00000000
In clock cycle: 2346
Register Write to Reg: 0x00 Val: 0x00000000
In clock cycle: 2347
Register Write to Reg: 0x07 Val: 0x00000001
In clock cycle: 2348
Register Write to Reg: 0x00 Val: 0x00000000
In clock cycle: 2349
Register Write to Reg: 0x00 Val: 0x00000000
In clock cycle: 2350
Register Write to Reg: 0x00 Val: 0x00000000
In clock cycle: 2352
Register Write to Reg: 0x00 Val: 0x00000000
In clock cycle: 2353
Register Write to Reg: 0x00 Val: 0x00000000
In clock cycle: 2354
Register Write to Reg: 0x00 Val: 0x00400D18
In clock cycle: 2355
Register Write to Reg: 0x07 Val: 0x00000100
In clock cycle: 2356
Register Write to Reg: 0x00 Val: 0x00000000
In clock cycle: 2357
Register Write to Reg: 0x00 Val: 0x00000000
In clock cycle: 2358
Register Write to Reg: 0x00 Val: 0x00000000
In clock cycle: 2359
Register Write to Reg: 0x07 Val: 0x00010000
In clock cycle: 2360
Register Write to Reg: 0x00 Val: 0x00000000
In clock cycle: 2361
Register Write to Reg: 0x00 Val: 0x00000000
In clock cycle: 2362
Register Write to Reg: 0x00 Val: 0x00000000
In clock cycle: 2363
Memory Write to Addr: 0x10010F90 Val: 0x00010000
In clock cycle: 2364
Register Write to Reg: 0x07 Val: 0x00000001
In clock cycle: 2365
Register Write to Reg: 0x00 Val: 0x00000000
In clock cycle: 2366
Register Write to Reg: 0x00 Val: 0x00000000
In clock cycle: 2367
Register Write to Reg: 0x00 Val: 0x00000000
In clock cycle: 2368
Register Write to Reg: 0x07 Val: 0x00000002
In clock cycle: 2369
Register Write to Reg: 0x00 Val: 0x00000000
In clock cycle: 2370
Register Write to Reg: 0x00 Val: 0x00000000
In clock cycle: 2371
Register Write to Reg: 0x00 Val: 0x00000000
In clock cycle: 2372
Memory Write to Addr: 0x10010F94 Val: 0x00000002
In clock cycle: 2373
Register Write to Reg: 0x1C Val: 0x00000002
In clock cycle: 2374
Register Write to Reg: 0x07 Val: 0x00000002
In clock cycle: 2375
Register Write to Reg: 0x00 Val: 0x00000000
In clock cycle: 2376
Register Write to Reg: 0x00 Val: 0x00000000
In clock cycle: 2377
Register Write to Reg: 0x00 Val: 0x00000000
In clock cycle: 2378
Register Write to Reg: 0x07 Val: 0x00000000
In clock cycle: 2379
Register Write to Reg: 0x00 Val: 0x00000000
In clock cycle: 2380
Register Write to Reg: 0x00 Val: 0x00000000
In clock cycle: 2381
Register Write to Reg: 0x00 Val: 0x00000000
In clock cycle: 2383
Register Write to Reg: 0x07 Val: 0x1000FD20
In clock cycle: 2384
Register Write to Reg: 0x00 Val: 0x00000000
In clock cycle: 2385
Register Write to Reg: 0x00 Val: 0x00000000
In clock cycle: 2386
Register Write to Reg: 0x00 Val: 0x00000000
In clock cycle: 2387
Register Write to Reg: 0x07 Val: 0x10010024
In clock cycle: 2388
Register Write to Reg: 0x00 Val: 0x00000000
In clock cycle: 2389
Register Write to Reg: 0x00 Val: 0x00000000
In clock cycle: 2390
Register Write to Reg: 0x00 Val: 0x00000000
In clock cycle: 2391
Register Write to Reg: 0x07 Val: 0x00000101
In clock cycle: 2392
Register Write to Reg: 0x00 Val: 0x00000000
In clock cycle: 2393
Register Write to Reg: 0x00 Val: 0x00000000
In clock cycle: 2394
Register Write to Reg: 0x00 Val: 0x00000000
In clock cycle: 2395
Memory Write to Addr: 0x10010F98 Val: 0x00000101
In clock cycle: 2396
Register Write to Reg: 0x1C Val: 0x00000101
In clock cycle: 2397
Register Write to Reg: 0x00 Val: 0x00000000
In clock cycle: 2398
Register Write to Reg: 0x00 Val: 0x00000000
In clock cycle: 2399
Register Write to Reg: 0x00 Val: 0x00000000
In clock cycle: 2400
Register Write to Reg: 0x07 Val: 0x00010000
In clock cycle: 2401
Register Write to Reg: 0x00 Val: 0x00000000
In clock cycle: 2402
Register Write to Reg: 0x00 Val: 0x00000000
In clock cycle: 2403
Register Write to Reg: 0x00 Val: 0x00000000
In clock cycle: 2404
Register Write to Reg: 0x07 Val: 0x00000000
In clock cycle: 2405
Register Write to Reg: 0x00 Val: 0x00000000
In clock cycle: 2406
Register Write to Reg: 0x00 Val: 0x00000000
In clock cycle: 2407
Register Write to Reg: 0x00 Val: 0x00000000
In clock cycle: 2408
Register Write to Reg: 0x07 Val: 0x00000000
In clock cycle: 2409
Register Write to Reg: 0x00 Val: 0x00000000
In clock cycle: 2410
Register Write to Reg: 0x00 Val: 0x00000000
In clock cycle: 2411
Register Write to Reg: 0x00 Val: 0x00000000
In clock cycle: 2412
Register Write to Reg: 0x07 Val: 0x00000000
In clock cycle: 2413
Register Write to Reg: 0x00 Val: 0x00000000
In clock cycle: 2414
Register Write to Reg: 0x00 Val: 0x00000000
In clock cycle: 2415
Register Write to Reg: 0x00 Val: 0x00000000
In clock cycle: 2416
Register Write to Reg: 0x02 Val: 0x10010F88
In clock cycle: 2417
Register Write to Reg: 0x00 Val: 0x00000000
In clock cycle: 2418
Register Write to Reg: 0x00 Val: 0x00000000
In clock cycle: 2419
Register Write to Reg: 0x00 Val: 0x00000000
In clock cycle: 2420
Register Write to Reg: 0x08 Val: 0x10010FA8
In clock cycle: 2421
Register Write to Reg: 0x00 Val: 0x00000000
In clock cycle: 2422
Register Write to Reg: 0x00 Val: 0x00000000
In clock cycle: 2423
Register Write to Reg: 0x00 Val: 0x00000000
In clock cycle: 2424
Register Write to Reg: 0x02 Val: 0x10010FA8
In clock cycle: 2425
Register Write to Reg: 0x00 Val: 0x00000000
In clock cycle: 2426
Register Write to Reg: 0x00 Val: 0x00000000
In clock cycle: 2427
Register Write to Reg: 0x00 Val: 0x00400DD4
In clock cycle: 2428
Register Write to Reg: 0x07 Val: 0x00000001
In clock cycle: 2429
Register Write to Reg: 0x00 Val: 0x00000000
In clock cycle: 2430
Register Write to Reg: 0x00 Val: 0x00000000
In clock cycle: 2431
Register Write to Reg: 0x00 Val: 0x00000000
In clock cycle: 2432
Register Write to Reg: 0x07 Val: 0x00000001
In clock cycle: 2433
Register Write to Reg: 0x00 Val: 0x00000000
In clock cycle: 2434
Register Write to Reg: 0x00 Val: 0x00000000
In clock cycle: 2435
Register Write to Reg: 0x00 Val: 0x00000000
In clock cycle: 2437
Register Write to Reg: 0x00 Val: 0x00000000
In clock cycle: 2438
Register Write to Reg: 0x00 Val: 0x00000000
In clock cycle: 2439
Register Write to Reg: 0x1D Val: 0x00000002
In clock cycle: 2440
Register Write to Reg: 0x00 Val: 0x00000000
In clock cycle: 2441
Register Write to Reg: 0x00 Val: 0x00000000
In clock cycle: 2442
Register Write to Reg: 0x00 Val: 0x00000000
In clock cycle: 2443
Register Write to Reg: 0x01 Val: 0x004002C0
In clock cycle: 2444
Register Write to Reg: 0x00 Val: 0x00000000
In clock cycle: 2445
Register Write to Reg: 0x00 Val: 0x00000000
In clock cycle: 2446
Register Write to Reg: 0x00 Val: 0x00000000
In clock cycle: 2447
Register Write to Reg: 0x01 Val: 0x004002EC
In clock cycle: 2448
Register Write to Reg: 0x00 Val: 0x00000000
In clock cycle: 2449
Register Write to Reg: 0x00 Val: 0x00000000
In clock cycle: 2450
Register Write to Reg: 0x00 Val: 0x00000000
In clock cycle: 2451
Register Write to Reg: 0x00 Val: 0x004002E4
In clock cycle: 2452
Register Write to Reg: 0x02 Val: 0x10010F78
In clock cycle: 2453
Register Write to Reg: 0x00 Val: 0x00000000
In clock cycle: 2454
Register Write to Reg: 0x00 Val: 0x00000000
In clock cycle: 2455
Register Write to Reg: 0x00 Val: 0x00000000
In clock cycle: 2456
Memory Write to Addr: 0x10010FA4 Val: 0x004002EC
In clock cycle: 2457
Memory Write to Addr: 0x10010FA0 Val: 0x10010FA8
In clock cycle: 2458
Register Write to Reg: 0x00 Val: 0x00000000
In clock cycle: 2459
Register Write to Reg: 0x00 Val: 0x00000000
In clock cycle: 2460
Register Write to Reg: 0x00 Val: 0x00000000
In clock cycle: 2461
Register Write to Reg: 0x08 Val: 0x10010F78
In clock cycle: 2462
Register Write to Reg: 0x00 Val: 0x00000000
In clock cycle: 2463
Register Write to Reg: 0x00 Val: 0x00000000
In clock cycle: 2464
Register Write to Reg: 0x00 Val: 0x00000000
In clock cycle: 2465
Memory Write to Addr: 0x10010FA8 Val: 0x00000002
In clock cycle: 2466
Register Write to Reg: 0x1D Val: 0x00000002
In clock cycle: 2467
Register Write to Reg: 0x00 Val: 0x00000000
In clock cycle: 2468
Register Write to Reg: 0x00 Val: 0x00000000
In clock cycle: 2469
Register Write to Reg: 0x00 Val: 0x00000000
In clock cycle: 2470
Register Write to Reg: 0x01 Val: 0x0040056C
In clock cycle: 2471
Register Write to Reg: 0x00 Val: 0x00000000
In clock cycle: 2472
Register Write to Reg: 0x00 Val: 0x00000000
In clock cycle: 2473
Register Write to Reg: 0x00 Val: 0x00000000
In clock cycle: 2474
Register Write to Reg: 0x01 Val: 0x00400598
In clock cycle: 2475
Register Write to Reg: 0x00 Val: 0x00000000
In clock cycle: 2476
Register Write to Reg: 0x00 Val: 0x00000000
In clock cycle: 2477
Register Write to Reg: 0x00 Val: 0x00000000
In clock cycle: 2478
Register Write to Reg: 0x00 Val: 0x00400590
In clock cycle: 2479
Register Write to Reg: 0x02 Val: 0x10010F58
In clock cycle: 2480
Register Write to Reg: 0x00 Val: 0x00000000
In clock cycle: 2481
Register Write to Reg: 0x00 Val: 0x00000000
In clock cycle: 2482
Register Write to Reg: 0x00 Val: 0x00000000
In clock cycle: 2483
Memory Write to Addr: 0x10010F74 Val: 0x10010F78
In clock cycle: 2484
Register Write to Reg: 0x00 Val: 0x00000000
In clock cycle: 2485
Register Write to Reg: 0x00 Val: 0x00000000
In clock cycle: 2486
Register Write to Reg: 0x00 Val: 0x00000000
In clock cycle: 2487
Register Write to Reg: 0x08 Val: 0x10010F58
In clock cycle: 2488
Register Write to Reg: 0x00 Val: 0x00000000
In clock cycle: 2489
Register Write to Reg: 0x00 Val: 0x00000000
In clock cycle: 2490
Register Write to Reg: 0x00 Val: 0x00000000
In clock cycle: 2491
Memory Write to Addr: 0x10010F78 Val: 0x00000002
In clock cycle: 2492
Register Write to Reg: 0x07 Val: 0x00000001
In clock cycle: 2493
Register Write to Reg: 0x00 Val: 0x00000000
In clock cycle: 2494
Register Write to Reg: 0x00 Val: 0x00000000
In clock cycle: 2495
Register Write to Reg: 0x00 Val: 0x00000000
In clock cycle: 2496
Memory Write to Addr: 0x10010F60 Val: 0x00000001
In clock cycle: 2497
Memory Write to Addr: 0x10010F64 Val: 0x00000000
In clock cycle: 2498
Register Write to Reg: 0x00 Val: 0x00400B08
In clock cycle: 2499
Register Write to Reg: 0x1C Val: 0x00000000
In clock cycle: 2500
Register Write to Reg: 0x07 Val: 0x00000002
In clock cycle: 2501
Register Write to Reg: 0x00 Val: 0x00000000
In clock cycle: 2502
Register Write to Reg: 0x00 Val: 0x00000000
In clock cycle: 2503
Register Write to Reg: 0x00 Val: 0x00000000
In clock cycle: 2504
Register Write to Reg: 0x07 Val: 0x00000001
In clock cycle: 2505
Register Write to Reg: 0x00 Val: 0x00000000
In clock cycle: 2506
Register Write to Reg: 0x00 Val: 0x00000000
In clock cycle: 2507
Register Write to Reg: 0x00 Val: 0x00000000
In clock cycle: 2509
Register Write to Reg: 0x00 Val: 0x00000000
In clock cycle: 2510
Register Write to Reg: 0x00 Val: 0x00000000
In clock cycle: 2511
Register Write to Reg: 0x00 Val: 0x00400B8C
In clock cycle: 2512
Register Write to Reg: 0x07 Val: 0x00000001
In clock cycle: 2513
Register Write to Reg: 0x00 Val: 0x00000000
In clock cycle: 2514
Register Write to Reg: 0x00 Val: 0x00000000
In clock cycle: 2515
Register Write to Reg: 0x00 Val: 0x00000000
In clock cycle: 2516
Register Write to Reg: 0x07 Val: 0x00000100
In clock cycle: 2517
Register Write to Reg: 0x00 Val: 0x00000000
In clock cycle: 2518
Register Write to Reg: 0x00 Val: 0x00000000
In clock cycle: 2519
Register Write to Reg: 0x00 Val: 0x00000000
In clock cycle: 2520
Memory Write to Addr: 0x10010F60 Val: 0x00000100
In clock cycle: 2521
Register Write to Reg: 0x07 Val: 0x00000000
In clock cycle: 2522
Register Write to Reg: 0x00 Val: 0x00000000
In clock cycle: 2523
Register Write to Reg: 0x00 Val: 0x00000000
In clock cycle: 2524
Register Write to Reg: 0x00 Val: 0x00000000
In clock cycle: 2525
Register Write to Reg: 0x07 Val: 0x00000001
In clock cycle: 2526
Register Write to Reg: 0x00 Val: 0x00000000
In clock cycle: 2527
Register Write to Reg: 0x00 Val: 0x00000000
In clock cycle: 2528
Register Write to Reg: 0x00 Val: 0x00000000
In clock cycle: 2529
Memory Write to Addr: 0x10010F64 Val: 0x00000001
In clock cycle: 2530
Register Write to Reg: 0x1C Val: 0x00000001
In clock cycle: 2531
Register Write to Reg: 0x07 Val: 0x00000002
In clock cycle: 2532
Register Write to Reg: 0x00 Val: 0x00000000
In clock cycle: 2533
Register Write to Reg: 0x00 Val: 0x00000000
In clock cycle: 2534
Register Write to Reg: 0x00 Val: 0x00000000
In clock cycle: 2535
Register Write to Reg: 0x07 Val: 0x00000001
In clock cycle: 2536
Register Write to Reg: 0x00 Val: 0x00000000
In clock cycle: 2537
Register Write to Reg: 0x00 Val: 0x00000000
In clock cycle: 2538
Register Write to Reg: 0x00 Val: 0x00000000
In clock cycle: 2540
Register Write to Reg: 0x00 Val: 0x00000000
In clock cycle: 2541
Register Write to Reg: 0x00 Val: 0x00000000
In clock cycle: 2542
Register Write to Reg: 0x00 Val: 0x00400B8C
In clock cycle: 2543
Register Write to Reg: 0x07 Val: 0x00000100
In clock cycle: 2544
Register Write to Reg: 0x00 Val: 0x00000000
In clock cycle: 2545
Register Write to Reg: 0x00 Val: 0x00000000
In clock cycle: 2546
Register Write to Reg: 0x00 Val: 0x00000000
In clock cycle: 2547
Register Write to Reg: 0x07 Val: 0x00010000
In clock cycle: 2548
Register Write to Reg: 0x00 Val: 0x00000000
In clock cycle: 2549
Register Write to Reg: 0x00 Val: 0x00000000
In clock cycle: 2550
Register Write to Reg: 0x00 Val: 0x00000000
In clock cycle: 2551
Memory Write to Addr: 0x10010F60 Val: 0x00010000
In clock cycle: 2552
Register Write to Reg: 0x07 Val: 0x00000001
In clock cycle: 2553
Register Write to Reg: 0x00 Val: 0x00000000
In clock cycle: 2554
Register Write to Reg: 0x00 Val: 0x00000000
In clock cycle: 2555
Register Write to Reg: 0x00 Val: 0x00000000
In clock cycle: 2556
Register Write to Reg: 0x07 Val: 0x00000002
In clock cycle: 2557
Register Write to Reg: 0x00 Val: 0x00000000
In clock cycle: 2558
Register Write to Reg: 0x00 Val: 0x00000000
In clock cycle: 2559
Register Write to Reg: 0x00 Val: 0x00000000
In clock cycle: 2560
Memory Write to Addr: 0x10010F64 Val: 0x00000002
In clock cycle: 2561
Register Write to Reg: 0x1C Val: 0x00000002
In clock cycle: 2562
Register Write to Reg: 0x07 Val: 0x00000002
In clock cycle: 2563
Register Write to Reg: 0x00 Val: 0x00000000
In clock cycle: 2564
Register Write to Reg: 0x00 Val: 0x00000000
In clock cycle: 2565
Register Write to Reg: 0x00 Val: 0x00000000
In clock cycle: 2566
Register Write to Reg: 0x07 Val: 0x00000000
In clock cycle: 2567
Register Write to Reg: 0x00 Val: 0x00000000
In clock cycle: 2568
Register Write to Reg: 0x00 Val: 0x00000000
In clock cycle: 2569
Register Write to Reg: 0x00 Val: 0x00000000
In clock cycle: 2571
Register Write to Reg: 0x07 Val: 0x1000FB94
In clock cycle: 2572
Register Write to Reg: 0x00 Val: 0x00000000
In clock cycle: 2573
Register Write to Reg: 0x00 Val: 0x00000000
In clock cycle: 2574
Register Write to Reg: 0x00 Val: 0x00000000
In clock cycle: 2575
Register Write to Reg: 0x07 Val: 0x10010024
In clock cycle: 2576
Register Write to Reg: 0x00 Val: 0x00000000
In clock cycle: 2577
Register Write to Reg: 0x00 Val: 0x00000000
In clock cycle: 2578
Register Write to Reg: 0x00 Val: 0x00000000
In clock cycle: 2579
Memory Write to Addr: 0x10010F68 Val: 0x10010024
In clock cycle: 2580
Register Write to Reg: 0x07 Val: 0x10010024
In clock cycle: 2581
Register Write to Reg: 0x00 Val: 0x00000000
In clock cycle: 2582
Register Write to Reg: 0x00 Val: 0x00000000
In clock cycle: 2583
Register Write to Reg: 0x00 Val: 0x00000000
In clock cycle: 2584
Register Write to Reg: 0x1C Val: 0x00000101
In clock cycle: 2585
Register Write to Reg: 0x00 Val: 0x00000000
In clock cycle: 2586
Register Write to Reg: 0x00 Val: 0x00000000
In clock cycle: 2587
Register Write to Reg: 0x00 Val: 0x00000000
In clock cycle: 2588
Register Write to Reg: 0x07 Val: 0x00010000
In clock cycle: 2589
Register Write to Reg: 0x00 Val: 0x00000000
In clock cycle: 2590
Register Write to Reg: 0x00 Val: 0x00000000
In clock cycle: 2591
Register Write to Reg: 0x00 Val: 0x00000000
In clock cycle: 2592
Register Write to Reg: 0x1C Val: 0x00010101
In clock cycle: 2593
Register Write to Reg: 0x00 Val: 0x00000000
In clock cycle: 2594
Register Write to Reg: 0x00 Val: 0x00000000
In clock cycle: 2595
Register Write to Reg: 0x00 Val: 0x00000000
In clock cycle: 2596
Register Write to Reg: 0x07 Val: 0x10010024
In clock cycle: 2597
Register Write to Reg: 0x00 Val: 0x00000000
In clock cycle: 2598
Register Write to Reg: 0x00 Val: 0x00000000
In clock cycle: 2599
Register Write to Reg: 0x00 Val: 0x00000000
In clock cycle: 2600
Memory Write to Addr: 0x10010024 Val: 0x00010101
In clock cycle: 2601
Register Write to Reg: 0x02 Val: 0x10010F58
In clock cycle: 2602
Register Write to Reg: 0x00 Val: 0x00000000
In clock cycle: 2603
Register Write to Reg: 0x00 Val: 0x00000000
In clock cycle: 2604
Register Write to Reg: 0x00 Val: 0x00000000
In clock cycle: 2605
Register Write to Reg: 0x08 Val: 0x10010F78
In clock cycle: 2606
Register Write to Reg: 0x00 Val: 0x00000000
In clock cycle: 2607
Register Write to Reg: 0x00 Val: 0x00000000
In clock cycle: 2608
Register Write to Reg: 0x00 Val: 0x00000000
In clock cycle: 2609
Register Write to Reg: 0x02 Val: 0x10010F78
In clock cycle: 2610
Register Write to Reg: 0x00 Val: 0x00000000
In clock cycle: 2611
Register Write to Reg: 0x00 Val: 0x00000000
In clock cycle: 2612
Register Write to Reg: 0x00 Val: 0x00400C3C
In clock cycle: 2613
Register Write to Reg: 0x07 Val: 0x10010F94
In clock cycle: 2614
Register Write to Reg: 0x00 Val: 0x00000000
In clock cycle: 2615
Register Write to Reg: 0x00 Val: 0x00000000
In clock cycle: 2616
Register Write to Reg: 0x00 Val: 0x00000000
In clock cycle: 2617
Register Write to Reg: 0x1E Val: 0x00000002
In clock cycle: 2618
Register Write to Reg: 0x00 Val: 0x00000000
In clock cycle: 2619
Register Write to Reg: 0x00 Val: 0x00000000
In clock cycle: 2620
Register Write to Reg: 0x00 Val: 0x00000000
In clock cycle: 2621
Register Write to Reg: 0x1D Val: 0x10010F94
In clock cycle: 2622
Register Write to Reg: 0x00 Val: 0x00000000
In clock cycle: 2623
Register Write to Reg: 0x00 Val: 0x00000000
In clock cycle: 2624
Register Write to Reg: 0x00 Val: 0x00000000
In clock cycle: 2625
Register Write to Reg: 0x01 Val: 0x004005C8
In clock cycle: 2626
Register Write to Reg: 0x00 Val: 0x00000000
In clock cycle: 2627
Register Write to Reg: 0x00 Val: 0x00000000
In clock cycle: 2628
Register Write to Reg: 0x00 Val: 0x00000000
In clock cycle: 2629
Register Write to Reg: 0x01 Val: 0x004005F4
In clock cycle: 2630
Register Write to Reg: 0x00 Val: 0x00000000
In clock cycle: 2631
Register Write to Reg: 0x00 Val: 0x00000000
In clock cycle: 2632
Register Write to Reg: 0x00 Val: 0x00000000
In clock cycle: 2633
Register Write to Reg: 0x00 Val: 0x004005EC
In clock cycle: 2634
Register Write to Reg: 0x02 Val: 0x10010F60
In clock cycle: 2635
Register Write to Reg: 0x00 Val: 0x00000000
In clock cycle: 2636
Register Write to Reg: 0x00 Val: 0x00000000
In clock cycle: 2637
Register Write to Reg: 0x00 Val: 0x00000000
In clock cycle: 2638
Memory Write to Addr: 0x10010F74 Val: 0x10010F78
In clock cycle: 2639
Register Write to Reg: 0x00 Val: 0x00000000
In clock cycle: 2640
Register Write to Reg: 0x00 Val: 0x00000000
In clock cycle: 2641
Register Write to Reg: 0x00 Val: 0x00000000
In clock cycle: 2642
Register Write to Reg: 0x08 Val: 0x10010F60
In clock cycle: 2643
Register Write to Reg: 0x00 Val: 0x00000000
In clock cycle: 2644
Register Write to Reg: 0x00 Val: 0x00000000
In clock cycle: 2645
Register Write to Reg: 0x00 Val: 0x00000000
In clock cycle: 2646
Register Write to Reg: 0x1F Val: 0x00000000
In clock cycle: 2647
Memory Write to Addr: 0x10010F78 Val: 0x10010F94
In clock cycle: 2648
Memory Write to Addr: 0x10010F7C Val: 0x00000002
In clock cycle: 2649
Register Write to Reg: 0x07 Val: 0x00000002
In clock cycle: 2650
Register Write to Reg: 0x00 Val: 0x00000000
In clock cycle: 2651
Register Write to Reg: 0x00 Val: 0x00000000
In clock cycle: 2652
Register Write to Reg: 0x00 Val: 0x00000000
In clock cycle: 2653
Memory Write to Addr: 0x10010F68 Val: 0x00000002
In clock cycle: 2654
Memory Write to Addr: 0x10010F6C Val: 0x00000000
In clock cycle: 2655
Register Write to Reg: 0x07 Val: 0x10010F94
In clock cycle: 2656
Register Write to Reg: 0x1D Val: 0x00000002
In clock cycle: 2657
Register Write to Reg: 0x1C Val: 0x00000000
In clock cycle: 2658
Register Write to Reg: 0x00 Val: 0x00000000
In clock cycle: 2659
Register Write to Reg: 0x00 Val: 0x00000000
In clock cycle: 2660
Register Write to Reg: 0x00 Val: 0x00000000
In clock cycle: 2661
Memory Write to Addr: 0x10010F94 Val: 0x00000002
In clock cycle: 2662
Memory Write to Addr: 0x10010F98 Val: 0x00000000
In clock cycle: 2663
Register Write to Reg: 0x07 Val: 0x10010F94
In clock cycle: 2664
Register Write to Reg: 0x00 Val: 0x00000000
In clock cycle: 2665
Register Write to Reg: 0x00 Val: 0x00000000
In clock cycle: 2666
Register Write to Reg: 0x00 Val: 0x00000000
In clock cycle: 2667
Register Write to Reg: 0x02 Val: 0x10010F60
In clock cycle: 2668
Register Write to Reg: 0x00 Val: 0x00000000
In clock cycle: 2669
Register Write to Reg: 0x00 Val: 0x00000000
In clock cycle: 2670
Register Write to Reg: 0x00 Val: 0x00000000
In clock cycle: 2671
Register Write to Reg: 0x08 Val: 0x10010F78
In clock cycle: 2672
Register Write to Reg: 0x00 Val: 0x00000000
In clock cycle: 2673
Register Write to Reg: 0x00 Val: 0x00000000
In clock cycle: 2674
Register Write to Reg: 0x00 Val: 0x00000000
In clock cycle: 2675
Register Write to Reg: 0x02 Val: 0x10010F78
In clock cycle: 2676
Register Write to Reg: 0x00 Val: 0x00000000
In clock cycle: 2677
Register Write to Reg: 0x00 Val: 0x00000000
In clock cycle: 2678
Register Write to Reg: 0x00 Val: 0x00400704
In clock cycle: 2679
Register Write to Reg: 0x07 Val: 0x10010F94
In clock cycle: 2680
Register Write to Reg: 0x00 Val: 0x00000000
In clock cycle: 2681
Register Write to Reg: 0x00 Val: 0x00000000
In clock cycle: 2682
Register Write to Reg: 0x00 Val: 0x00000000
In clock cycle: 2683
Register Write to Reg: 0x1D Val: 0x10010F94
In clock cycle: 2684
Register Write to Reg: 0x00 Val: 0x00000000
In clock cycle: 2685
Register Write to Reg: 0x00 Val: 0x00000000
In clock cycle: 2686
Register Write to Reg: 0x00 Val: 0x00000000
In clock cycle: 2687
Register Write to Reg: 0x01 Val: 0x00400614
In clock cycle: 2688
Register Write to Reg: 0x00 Val: 0x00000000
In clock cycle: 2689
Register Write to Reg: 0x00 Val: 0x00000000
In clock cycle: 2690
Register Write to Reg: 0x00 Val: 0x00000000
In clock cycle: 2691
Register Write to Reg: 0x01 Val: 0x00400640
In clock cycle: 2692
Register Write to Reg: 0x00 Val: 0x00000000
In clock cycle: 2693
Register Write to Reg: 0x00 Val: 0x00000000
In clock cycle: 2694
Register Write to Reg: 0x00 Val: 0x00000000
In clock cycle: 2695
Register Write to Reg: 0x00 Val: 0x00400638
In clock cycle: 2696
Register Write to Reg: 0x02 Val: 0x10010F58
In clock cycle: 2697
Register Write to Reg: 0x00 Val: 0x00000000
In clock cycle: 2698
Register Write to Reg: 0x00 Val: 0x00000000
In clock cycle: 2699
Register Write to Reg: 0x00 Val: 0x00000000
In clock cycle: 2700
Memory Write to Addr: 0x10010F74 Val: 0x00400640
In clock cycle: 2701
Memory Write to Addr: 0x10010F70 Val: 0x10010F78
In clock cycle: 2702
Register Write to Reg: 0x00 Val: 0x00000000
In clock cycle: 2703
Register Write to Reg: 0x00 Val: 0x00000000
In clock cycle: 2704
Register Write to Reg: 0x00 Val: 0x00000000
In clock cycle: 2705
Register Write to Reg: 0x08 Val: 0x10010F58
In clock cycle: 2706
Register Write to Reg: 0x00 Val: 0x00000000
In clock cycle: 2707
Register Write to Reg: 0x00 Val: 0x00000000
In clock cycle: 2708
Register Write to Reg: 0x00 Val: 0x00000000
In clock cycle: 2709
Memory Write to Addr: 0x10010F78 Val: 0x10010F94
In clock cycle: 2710
Register Write to Reg: 0x00 Val: 0x00400748
In clock cycle: 2711
Register Write to Reg: 0x07 Val: 0x10010F94
In clock cycle: 2712
Register Write to Reg: 0x00 Val: 0x00000000
In clock cycle: 2713
Register Write to Reg: 0x00 Val: 0x00000000
In clock cycle: 2714
Register Write to Reg: 0x00 Val: 0x00000000
In clock cycle: 2715
Register Write to Reg: 0x07 Val: 0x00000000
In clock cycle: 2716
Register Write to Reg: 0x00 Val: 0x00000000
In clock cycle: 2717
Register Write to Reg: 0x00 Val: 0x00000000
In clock cycle: 2718
Register Write to Reg: 0x00 Val: 0x00000000
In clock cycle: 2719
Register Write to Reg: 0x07 Val: 0x00000001
In clock cycle: 2720
Register Write to Reg: 0x00 Val: 0x00000000
In clock cycle: 2721
Register Write to Reg: 0x00 Val: 0x00000000
In clock cycle: 2722
Register Write to Reg: 0x00 Val: 0x00000000
In clock cycle: 2724
Register Write to Reg: 0x00 Val: 0x00000000
In clock cycle: 2725
Register Write to Reg: 0x00 Val: 0x00000000
In clock cycle: 2726
Register Write to Reg: 0x00 Val: 0x004008B0
In clock cycle: 2727
Register Write to Reg: 0x07 Val: 0x10010F94
In clock cycle: 2728
Register Write to Reg: 0x00 Val: 0x00000000
In clock cycle: 2729
Register Write to Reg: 0x00 Val: 0x00000000
In clock cycle: 2730
Register Write to Reg: 0x00 Val: 0x00000000
In clock cycle: 2731
Register Write to Reg: 0x1C Val: 0x00000002
In clock cycle: 2732
Register Write to Reg: 0x00 Val: 0x00000000
In clock cycle: 2733
Register Write to Reg: 0x00 Val: 0x00000000
In clock cycle: 2734
Register Write to Reg: 0x00 Val: 0x00000000
In clock cycle: 2735
Register Write to Reg: 0x07 Val: 0x10010F94
In clock cycle: 2736
Register Write to Reg: 0x00 Val: 0x00000000
In clock cycle: 2737
Register Write to Reg: 0x00 Val: 0x00000000
In clock cycle: 2738
Register Write to Reg: 0x00 Val: 0x00000000
In clock cycle: 2739
Register Write to Reg: 0x07 Val: 0x00000000
In clock cycle: 2740
Register Write to Reg: 0x00 Val: 0x00000000
In clock cycle: 2741
Register Write to Reg: 0x00 Val: 0x00000000
In clock cycle: 2742
Register Write to Reg: 0x00 Val: 0x00000000
In clock cycle: 2743
Register Write to Reg: 0x1E Val: 0x00000000
In clock cycle: 2744
Register Write to Reg: 0x1D Val: 0x00000002
In clock cycle: 2745
Register Write to Reg: 0x00 Val: 0x00000000
In clock cycle: 2746
Register Write to Reg: 0x00 Val: 0x00000000
In clock cycle: 2747
Register Write to Reg: 0x00 Val: 0x00000000
In clock cycle: 2748
Register Write to Reg: 0x01 Val: 0x004007A4
In clock cycle: 2749
Register Write to Reg: 0x00 Val: 0x00000000
In clock cycle: 2750
Register Write to Reg: 0x00 Val: 0x00000000
In clock cycle: 2751
Register Write to Reg: 0x00 Val: 0x00000000
In clock cycle: 2752
Register Write to Reg: 0x01 Val: 0x004007D0
In clock cycle: 2753
Register Write to Reg: 0x00 Val: 0x00000000
In clock cycle: 2754
Register Write to Reg: 0x00 Val: 0x00000000
In clock cycle: 2755
Register Write to Reg: 0x00 Val: 0x00000000
In clock cycle: 2756
Register Write to Reg: 0x00 Val: 0x004007C8
In clock cycle: 2757
Register Write to Reg: 0x02 Val: 0x10010F38
In clock cycle: 2758
Register Write to Reg: 0x00 Val: 0x00000000
In clock cycle: 2759
Register Write to Reg: 0x00 Val: 0x00000000
In clock cycle: 2760
Register Write to Reg: 0x00 Val: 0x00000000
In clock cycle: 2761
Memory Write to Addr: 0x10010F54 Val: 0x10010F58
In clock cycle: 2762
Register Write to Reg: 0x00 Val: 0x00000000
In clock cycle: 2763
Register Write to Reg: 0x00 Val: 0x00000000
In clock cycle: 2764
Register Write to Reg: 0x00 Val: 0x00000000
In clock cycle: 2765
Register Write to Reg: 0x08 Val: 0x10010F38
In clock cycle: 2766
Register Write to Reg: 0x00 Val: 0x00000000
In clock cycle: 2767
Register Write to Reg: 0x00 Val: 0x00000000
In clock cycle: 2768
Register Write to Reg: 0x00 Val: 0x00000000
In clock cycle: 2769
Memory Write to Addr: 0x10010F58 Val: 0x00000002
In clock cycle: 2770
Memory Write to Addr: 0x10010F5C Val: 0x00000000
In clock cycle: 2771
Register Write to Reg: 0x07 Val: 0x1000F930
In clock cycle: 2772
Register Write to Reg: 0x00 Val: 0x00000000
In clock cycle: 2773
Register Write to Reg: 0x00 Val: 0x00000000
In clock cycle: 2774
Register Write to Reg: 0x00 Val: 0x00000000
In clock cycle: 2775
Register Write to Reg: 0x07 Val: 0x10010014
In clock cycle: 2776
Register Write to Reg: 0x00 Val: 0x00000000
In clock cycle: 2777
Register Write to Reg: 0x00 Val: 0x00000000
In clock cycle: 2778
Register Write to Reg: 0x00 Val: 0x00000000
In clock cycle: 2779
Register Write to Reg: 0x1C Val: 0x00000002
In clock cycle: 2780
Register Write to Reg: 0x00 Val: 0x00000000
In clock cycle: 2781
Register Write to Reg: 0x00 Val: 0x00000000
In clock cycle: 2782
Register Write to Reg: 0x00 Val: 0x00000000
In clock cycle: 2783
Register Write to Reg: 0x1C Val: 0x00000008
In clock cycle: 2784
Register Write to Reg: 0x00 Val: 0x00000000
In clock cycle: 2785
Register Write to Reg: 0x00 Val: 0x00000000
In clock cycle: 2786
Register Write to Reg: 0x00 Val: 0x00000000
In clock cycle: 2787
Register Write to Reg: 0x07 Val: 0x1001001C
In clock cycle: 2788
Register Write to Reg: 0x00 Val: 0x00000000
In clock cycle: 2789
Register Write to Reg: 0x00 Val: 0x00000000
In clock cycle: 2790
Register Write to Reg: 0x00 Val: 0x00000000
In clock cycle: 2791
Register Write to Reg: 0x07 Val: 0x00000000
In clock cycle: 2792
Register Write to Reg: 0x00 Val: 0x00000000
In clock cycle: 2793
Register Write to Reg: 0x00 Val: 0x00000000
In clock cycle: 2794
Register Write to Reg: 0x00 Val: 0x00000000
In clock cycle: 2795
Memory Write to Addr: 0x10010F48 Val: 0x00000000
In clock cycle: 2796
Register Write to Reg: 0x07 Val: 0x00000001
In clock cycle: 2797
Register Write to Reg: 0x00 Val: 0x00000000
In clock cycle: 2798
Register Write to Reg: 0x00 Val: 0x00000000
In clock cycle: 2799
Register Write to Reg: 0x00 Val: 0x00000000
In clock cycle: 2800
Memory Write to Addr: 0x10010F40 Val: 0x00000001
In clock cycle: 2801
Memory Write to Addr: 0x10010F44 Val: 0x00000000
In clock cycle: 2802
Register Write to Reg: 0x00 Val: 0x004009B0
In clock cycle: 2803
Register Write to Reg: 0x1C Val: 0x00000000
In clock cycle: 2804
Register Write to Reg: 0x07 Val: 0x00000000
In clock cycle: 2805
Register Write to Reg: 0x00 Val: 0x00000000
In clock cycle: 2806
Register Write to Reg: 0x00 Val: 0x00000000
In clock cycle: 2807
Register Write to Reg: 0x00 Val: 0x00000000
In clock cycle: 2808
Register Write to Reg: 0x07 Val: 0x00000000
In clock cycle: 2809
Register Write to Reg: 0x00 Val: 0x00000000
In clock cycle: 2810
Register Write to Reg: 0x00 Val: 0x00000000
In clock cycle: 2811
Register Write to Reg: 0x00 Val: 0x00000000
In clock cycle: 2813
Register Write to Reg: 0x1C Val: 0x00000001
In clock cycle: 2814
Register Write to Reg: 0x07 Val: 0x00000000
In clock cycle: 2815
Register Write to Reg: 0x00 Val: 0x00000000
In clock cycle: 2816
Register Write to Reg: 0x00 Val: 0x00000000
In clock cycle: 2817
Register Write to Reg: 0x00 Val: 0x00000000
In clock cycle: 2818
Register Write to Reg: 0x07 Val: 0x00000000
In clock cycle: 2819
Register Write to Reg: 0x00 Val: 0x00000000
In clock cycle: 2820
Register Write to Reg: 0x00 Val: 0x00000000
In clock cycle: 2821
Register Write to Reg: 0x00 Val: 0x00000000
In clock cycle: 2822
Register Write to Reg: 0x07 Val: 0x00000000
In clock cycle: 2823
Register Write to Reg: 0x00 Val: 0x00000000
In clock cycle: 2824
Register Write to Reg: 0x00 Val: 0x00000000
In clock cycle: 2825
Register Write to Reg: 0x00 Val: 0x00000000
In clock cycle: 2826
Register Write to Reg: 0x07 Val: 0x00000000
In clock cycle: 2827
Register Write to Reg: 0x00 Val: 0x00000000
In clock cycle: 2828
Register Write to Reg: 0x00 Val: 0x00000000
In clock cycle: 2829
Register Write to Reg: 0x00 Val: 0x00000000
In clock cycle: 2830
Register Write to Reg: 0x02 Val: 0x10010F38
In clock cycle: 2831
Register Write to Reg: 0x00 Val: 0x00000000
In clock cycle: 2832
Register Write to Reg: 0x00 Val: 0x00000000
In clock cycle: 2833
Register Write to Reg: 0x00 Val: 0x00000000
In clock cycle: 2834
Register Write to Reg: 0x08 Val: 0x10010F58
In clock cycle: 2835
Register Write to Reg: 0x00 Val: 0x00000000
In clock cycle: 2836
Register Write to Reg: 0x00 Val: 0x00000000
In clock cycle: 2837
Register Write to Reg: 0x00 Val: 0x00000000
In clock cycle: 2838
Register Write to Reg: 0x02 Val: 0x10010F58
In clock cycle: 2839
Register Write to Reg: 0x00 Val: 0x00000000
In clock cycle: 2840
Register Write to Reg: 0x00 Val: 0x00000000
In clock cycle: 2841
Register Write to Reg: 0x00 Val: 0x00400AB0
In clock cycle: 2843
Register Write to Reg: 0x07 Val: 0x10010F94
In clock cycle: 2844
Register Write to Reg: 0x00 Val: 0x00000000
In clock cycle: 2845
Register Write to Reg: 0x00 Val: 0x00000000
In clock cycle: 2846
Register Write to Reg: 0x00 Val: 0x00000000
In clock cycle: 2847
Register Write to Reg: 0x07 Val: 0x00000000
In clock cycle: 2848
Register Write to Reg: 0x00 Val: 0x00000000
In clock cycle: 2849
Register Write to Reg: 0x00 Val: 0x00000000
In clock cycle: 2850
Register Write to Reg: 0x00 Val: 0x00000000
In clock cycle: 2851
Register Write to Reg: 0x1C Val: 0x00000001
In clock cycle: 2852
Register Write to Reg: 0x00 Val: 0x00000000
In clock cycle: 2853
Register Write to Reg: 0x00 Val: 0x00000000
In clock cycle: 2854
Register Write to Reg: 0x00 Val: 0x00000000
In clock cycle: 2855
Register Write to Reg: 0x07 Val: 0x10010F94
In clock cycle: 2856
Register Write to Reg: 0x00 Val: 0x00000000
In clock cycle: 2857
Register Write to Reg: 0x00 Val: 0x00000000
In clock cycle: 2858
Register Write to Reg: 0x00 Val: 0x00000000
In clock cycle: 2859
Memory Write to Addr: 0x10010F98 Val: 0x00000001
In clock cycle: 2860
Register Write to Reg: 0x07 Val: 0x10010F94
In clock cycle: 2861
Register Write to Reg: 0x00 Val: 0x00000000
In clock cycle: 2862
Register Write to Reg: 0x00 Val: 0x00000000
In clock cycle: 2863
Register Write to Reg: 0x00 Val: 0x00000000
In clock cycle: 2864
Register Write to Reg: 0x07 Val: 0x00000001
In clock cycle: 2865
Register Write to Reg: 0x00 Val: 0x00000000
In clock cycle: 2866
Register Write to Reg: 0x00 Val: 0x00000000
In clock cycle: 2867
Register Write to Reg: 0x00 Val: 0x00000000
In clock cycle: 2868
Register Write to Reg: 0x07 Val: 0x00000001
In clock cycle: 2869
Register Write to Reg: 0x00 Val: 0x00000000
In clock cycle: 2870
Register Write to Reg: 0x00 Val: 0x00000000
In clock cycle: 2871
Register Write to Reg: 0x00 Val: 0x00000000
In clock cycle: 2873
Register Write to Reg: 0x00 Val: 0x00000000
In clock cycle: 2874
Register Write to Reg: 0x00 Val: 0x00000000
In clock cycle: 2875
Register Write to Reg: 0x00 Val: 0x004008B0
In clock cycle: 2876
Register Write to Reg: 0x07 Val: 0x10010F94
In clock cycle: 2877
Register Write to Reg: 0x00 Val: 0x00000000
In clock cycle: 2878
Register Write to Reg: 0x00 Val: 0x00000000
In clock cycle: 2879
Register Write to Reg: 0x00 Val: 0x00000000
In clock cycle: 2880
Register Write to Reg: 0x1C Val: 0x00000002
In clock cycle: 2881
Register Write to Reg: 0x00 Val: 0x00000000
In clock cycle: 2882
Register Write to Reg: 0x00 Val: 0x00000000
In clock cycle: 2883
Register Write to Reg: 0x00 Val: 0x00000000
In clock cycle: 2884
Register Write to Reg: 0x07 Val: 0x10010F94
In clock cycle: 2885
Register Write to Reg: 0x00 Val: 0x00000000
In clock cycle: 2886
Register Write to Reg: 0x00 Val: 0x00000000
In clock cycle: 2887
Register Write to Reg: 0x00 Val: 0x00000000
In clock cycle: 2888
Register Write to Reg: 0x07 Val: 0x00000001
In clock cycle: 2889
Register Write to Reg: 0x00 Val: 0x00000000
In clock cycle: 2890
Register Write to Reg: 0x00 Val: 0x00000000
In clock cycle: 2891
Register Write to Reg: 0x00 Val: 0x00000000
In clock cycle: 2892
Register Write to Reg: 0x1E Val: 0x00000001
In clock cycle: 2893
Register Write to Reg: 0x1D Val: 0x00000002
In clock cycle: 2894
Register Write to Reg: 0x00 Val: 0x00000000
In clock cycle: 2895
Register Write to Reg: 0x00 Val: 0x00000000
In clock cycle: 2896
Register Write to Reg: 0x00 Val: 0x00000000
In clock cycle: 2897
Register Write to Reg: 0x01 Val: 0x004007A4
In clock cycle: 2898
Register Write to Reg: 0x00 Val: 0x00000000
In clock cycle: 2899
Register Write to Reg: 0x00 Val: 0x00000000
In clock cycle: 2900
Register Write to Reg: 0x00 Val: 0x00000000
In clock cycle: 2901
Register Write to Reg: 0x01 Val: 0x004007D0
In clock cycle: 2902
Register Write to Reg: 0x00 Val: 0x00000000
In clock cycle: 2903
Register Write to Reg: 0x00 Val: 0x00000000
In clock cycle: 2904
Register Write to Reg: 0x00 Val: 0x00000000
In clock cycle: 2905
Register Write to Reg: 0x00 Val: 0x004007C8
In clock cycle: 2906
Register Write to Reg: 0x02 Val: 0x10010F38
In clock cycle: 2907
Register Write to Reg: 0x00 Val: 0x00000000
In clock cycle: 2908
Register Write to Reg: 0x00 Val: 0x00000000
In clock cycle: 2909
Register Write to Reg: 0x00 Val: 0x00000000
In clock cycle: 2910
Memory Write to Addr: 0x10010F54 Val: 0x10010F58
In clock cycle: 2911
Register Write to Reg: 0x00 Val: 0x00000000
In clock cycle: 2912
Register Write to Reg: 0x00 Val: 0x00000000
In clock cycle: 2913
Register Write to Reg: 0x00 Val: 0x00000000
In clock cycle: 2914
Register Write to Reg: 0x08 Val: 0x10010F38
In clock cycle: 2915
Register Write to Reg: 0x00 Val: 0x00000000
In clock cycle: 2916
Register Write to Reg: 0x00 Val: 0x00000000
In clock cycle: 2917
Register Write to Reg: 0x00 Val: 0x00000000
In clock cycle: 2918
Memory Write to Addr: 0x10010F58 Val: 0x00000002
In clock cycle: 2919
Memory Write to Addr: 0x10010F5C Val: 0x00000001
In clock cycle: 2920
Register Write to Reg: 0x07 Val: 0x1000F930
In clock cycle: 2921
Register Write to Reg: 0x00 Val: 0x00000000
In clock cycle: 2922
Register Write to Reg: 0x00 Val: 0x00000000
In clock cycle: 2923
Register Write to Reg: 0x00 Val: 0x00000000
In clock cycle: 2924
Register Write to Reg: 0x07 Val: 0x10010014
In clock cycle: 2925
Register Write to Reg: 0x00 Val: 0x00000000
In clock cycle: 2926
Register Write to Reg: 0x00 Val: 0x00000000
In clock cycle: 2927
Register Write to Reg: 0x00 Val: 0x00000000
In clock cycle: 2928
Register Write to Reg: 0x1C Val: 0x00000002
In clock cycle: 2929
Register Write to Reg: 0x00 Val: 0x00000000
In clock cycle: 2930
Register Write to Reg: 0x00 Val: 0x00000000
In clock cycle: 2931
Register Write to Reg: 0x00 Val: 0x00000000
In clock cycle: 2932
Register Write to Reg: 0x1C Val: 0x00000008
In clock cycle: 2933
Register Write to Reg: 0x00 Val: 0x00000000
In clock cycle: 2934
Register Write to Reg: 0x00 Val: 0x00000000
In clock cycle: 2935
Register Write to Reg: 0x00 Val: 0x00000000
In clock cycle: 2936
Register Write to Reg: 0x07 Val: 0x1001001C
In clock cycle: 2937
Register Write to Reg: 0x00 Val: 0x00000000
In clock cycle: 2938
Register Write to Reg: 0x00 Val: 0x00000000
In clock cycle: 2939
Register Write to Reg: 0x00 Val: 0x00000000
In clock cycle: 2940
Register Write to Reg: 0x07 Val: 0x00000000
In clock cycle: 2941
Register Write to Reg: 0x00 Val: 0x00000000
In clock cycle: 2942
Register Write to Reg: 0x00 Val: 0x00000000
In clock cycle: 2943
Register Write to Reg: 0x00 Val: 0x00000000
In clock cycle: 2944
Memory Write to Addr: 0x10010F48 Val: 0x00000000
In clock cycle: 2945
Register Write to Reg: 0x07 Val: 0x00000001
In clock cycle: 2946
Register Write to Reg: 0x00 Val: 0x00000000
In clock cycle: 2947
Register Write to Reg: 0x00 Val: 0x00000000
In clock cycle: 2948
Register Write to Reg: 0x00 Val: 0x00000000
In clock cycle: 2949
Memory Write to Addr: 0x10010F40 Val: 0x00000001
In clock cycle: 2950
Memory Write to Addr: 0x10010F44 Val: 0x00000000
In clock cycle: 2951
Register Write to Reg: 0x00 Val: 0x004009B0
In clock cycle: 2952
Register Write to Reg: 0x1C Val: 0x00000000
In clock cycle: 2953
Register Write to Reg: 0x07 Val: 0x00000001
In clock cycle: 2954
Register Write to Reg: 0x00 Val: 0x00000000
In clock cycle: 2955
Register Write to Reg: 0x00 Val: 0x00000000
In clock cycle: 2956
Register Write to Reg: 0x00 Val: 0x00000000
In clock cycle: 2957
Register Write to Reg: 0x07 Val: 0x00000001
In clock cycle: 2958
Register Write to Reg: 0x00 Val: 0x00000000
In clock cycle: 2959
Register Write to Reg: 0x00 Val: 0x00000000
In clock cycle: 2960
Register Write to Reg: 0x00 Val: 0x00000000
In clock cycle: 2962
Register Write to Reg: 0x00 Val: 0x00000000
In clock cycle: 2963
Register Write to Reg: 0x00 Val: 0x00000000
In clock cycle: 2964
Register Write to Reg: 0x00 Val: 0x00400A34
In clock cycle: 2965
Register Write to Reg: 0x07 Val: 0x00000001
In clock cycle: 2966
Register Write to Reg: 0x00 Val: 0x00000000
In clock cycle: 2967
Register Write to Reg: 0x00 Val: 0x00000000
In clock cycle: 2968
Register Write to Reg: 0x00 Val: 0x00000000
In clock cycle: 2969
Register Write to Reg: 0x07 Val: 0x00000002
In clock cycle: 2970
Register Write to Reg: 0x00 Val: 0x00000000
In clock cycle: 2971
Register Write to Reg: 0x00 Val: 0x00000000
In clock cycle: 2972
Register Write to Reg: 0x00 Val: 0x00000000
In clock cycle: 2973
Memory Write to Addr: 0x10010F40 Val: 0x00000002
In clock cycle: 2974
Register Write to Reg: 0x07 Val: 0x00000000
In clock cycle: 2975
Register Write to Reg: 0x00 Val: 0x00000000
In clock cycle: 2976
Register Write to Reg: 0x00 Val: 0x00000000
In clock cycle: 2977
Register Write to Reg: 0x00 Val: 0x00000000
In clock cycle: 2978
Register Write to Reg: 0x07 Val: 0x00000001
In clock cycle: 2979
Register Write to Reg: 0x00 Val: 0x00000000
In clock cycle: 2980
Register Write to Reg: 0x00 Val: 0x00000000
In clock cycle: 2981
Register Write to Reg: 0x00 Val: 0x00000000
In clock cycle: 2982
Memory Write to Addr: 0x10010F44 Val: 0x00000001
In clock cycle: 2983
Register Write to Reg: 0x1C Val: 0x00000001
In clock cycle: 2984
Register Write to Reg: 0x07 Val: 0x00000001
In clock cycle: 2985
Register Write to Reg: 0x00 Val: 0x00000000
In clock cycle: 2986
Register Write to Reg: 0x00 Val: 0x00000000
In clock cycle: 2987
Register Write to Reg: 0x00 Val: 0x00000000
In clock cycle: 2988
Register Write to Reg: 0x07 Val: 0x00000000
In clock cycle: 2989
Register Write to Reg: 0x00 Val: 0x00000000
In clock cycle: 2990
Register Write to Reg: 0x00 Val: 0x00000000
In clock cycle: 2991
Register Write to Reg: 0x00 Val: 0x00000000
In clock cycle: 2993
Register Write to Reg: 0x1C Val: 0x00000002
In clock cycle: 2994
Register Write to Reg: 0x07 Val: 0x00000000
In clock cycle: 2995
Register Write to Reg: 0x00 Val: 0x00000000
In clock cycle: 2996
Register Write to Reg: 0x00 Val: 0x00000000
In clock cycle: 2997
Register Write to Reg: 0x00 Val: 0x00000000
In clock cycle: 2998
Register Write to Reg: 0x07 Val: 0x00000000
In clock cycle: 2999
Register Write to Reg: 0x00 Val: 0x00000000
In clock cycle: 3000
Register Write to Reg: 0x00 Val: 0x00000000
In clock cycle: 3001
Register Write to Reg: 0x00 Val: 0x00000000
In clock cycle: 3002
Register Write to Reg: 0x07 Val: 0x00000000
In clock cycle: 3003
Register Write to Reg: 0x00 Val: 0x00000000
In clock cycle: 3004
Register Write to Reg: 0x00 Val: 0x00000000
In clock cycle: 3005
Register Write to Reg: 0x00 Val: 0x00000000
In clock cycle: 3006
Register Write to Reg: 0x07 Val: 0x00000000
In clock cycle: 3007
Register Write to Reg: 0x00 Val: 0x00000000
In clock cycle: 3008
Register Write to Reg: 0x00 Val: 0x00000000
In clock cycle: 3009
Register Write to Reg: 0x00 Val: 0x00000000
In clock cycle: 3010
Register Write to Reg: 0x02 Val: 0x10010F38
In clock cycle: 3011
Register Write to Reg: 0x00 Val: 0x00000000
In clock cycle: 3012
Register Write to Reg: 0x00 Val: 0x00000000
In clock cycle: 3013
Register Write to Reg: 0x00 Val: 0x00000000
In clock cycle: 3014
Register Write to Reg: 0x08 Val: 0x10010F58
In clock cycle: 3015
Register Write to Reg: 0x00 Val: 0x00000000
In clock cycle: 3016
Register Write to Reg: 0x00 Val: 0x00000000
In clock cycle: 3017
Register Write to Reg: 0x00 Val: 0x00000000
In clock cycle: 3018
Register Write to Reg: 0x02 Val: 0x10010F58
In clock cycle: 3019
Register Write to Reg: 0x00 Val: 0x00000000
In clock cycle: 3020
Register Write to Reg: 0x00 Val: 0x00000000
In clock cycle: 3021
Register Write to Reg: 0x00 Val: 0x00400AB0
In clock cycle: 3023
Register Write to Reg: 0x07 Val: 0x10010F94
In clock cycle: 3024
Register Write to Reg: 0x00 Val: 0x00000000
In clock cycle: 3025
Register Write to Reg: 0x00 Val: 0x00000000
In clock cycle: 3026
Register Write to Reg: 0x00 Val: 0x00000000
In clock cycle: 3027
Register Write to Reg: 0x07 Val: 0x00000001
In clock cycle: 3028
Register Write to Reg: 0x00 Val: 0x00000000
In clock cycle: 3029
Register Write to Reg: 0x00 Val: 0x00000000
In clock cycle: 3030
Register Write to Reg: 0x00 Val: 0x00000000
In clock cycle: 3031
Register Write to Reg: 0x1C Val: 0x00000002
In clock cycle: 3032
Register Write to Reg: 0x00 Val: 0x00000000
In clock cycle: 3033
Register Write to Reg: 0x00 Val: 0x00000000
In clock cycle: 3034
Register Write to Reg: 0x00 Val: 0x00000000
In clock cycle: 3035
Register Write to Reg: 0x07 Val: 0x10010F94
In clock cycle: 3036
Register Write to Reg: 0x00 Val: 0x00000000
In clock cycle: 3037
Register Write to Reg: 0x00 Val: 0x00000000
In clock cycle: 3038
Register Write to Reg: 0x00 Val: 0x00000000
In clock cycle: 3039
Memory Write to Addr: 0x10010F98 Val: 0x00000002
In clock cycle: 3040
Register Write to Reg: 0x07 Val: 0x10010F94
In clock cycle: 3041
Register Write to Reg: 0x00 Val: 0x00000000
In clock cycle: 3042
Register Write to Reg: 0x00 Val: 0x00000000
In clock cycle: 3043
Register Write to Reg: 0x00 Val: 0x00000000
In clock cycle: 3044
Register Write to Reg: 0x07 Val: 0x00000002
In clock cycle: 3045
Register Write to Reg: 0x00 Val: 0x00000000
In clock cycle: 3046
Register Write to Reg: 0x00 Val: 0x00000000
In clock cycle: 3047
Register Write to Reg: 0x00 Val: 0x00000000
In clock cycle: 3048
Register Write to Reg: 0x07 Val: 0x00000001
In clock cycle: 3049
Register Write to Reg: 0x00 Val: 0x00000000
In clock cycle: 3050
Register Write to Reg: 0x00 Val: 0x00000000
In clock cycle: 3051
Register Write to Reg: 0x00 Val: 0x00000000
In clock cycle: 3053
Register Write to Reg: 0x00 Val: 0x00000000
In clock cycle: 3054
Register Write to Reg: 0x00 Val: 0x00000000
In clock cycle: 3055
Register Write to Reg: 0x00 Val: 0x004008B0
In clock cycle: 3056
Register Write to Reg: 0x07 Val: 0x10010F94
In clock cycle: 3057
Register Write to Reg: 0x00 Val: 0x00000000
In clock cycle: 3058
Register Write to Reg: 0x00 Val: 0x00000000
In clock cycle: 3059
Register Write to Reg: 0x00 Val: 0x00000000
In clock cycle: 3060
Register Write to Reg: 0x1C Val: 0x00000002
In clock cycle: 3061
Register Write to Reg: 0x00 Val: 0x00000000
In clock cycle: 3062
Register Write to Reg: 0x00 Val: 0x00000000
In clock cycle: 3063
Register Write to Reg: 0x00 Val: 0x00000000
In clock cycle: 3064
Register Write to Reg: 0x07 Val: 0x10010F94
In clock cycle: 3065
Register Write to Reg: 0x00 Val: 0x00000000
In clock cycle: 3066
Register Write to Reg: 0x00 Val: 0x00000000
In clock cycle: 3067
Register Write to Reg: 0x00 Val: 0x00000000
In clock cycle: 3068
Register Write to Reg: 0x07 Val: 0x00000002
In clock cycle: 3069
Register Write to Reg: 0x00 Val: 0x00000000
In clock cycle: 3070
Register Write to Reg: 0x00 Val: 0x00000000
In clock cycle: 3071
Register Write to Reg: 0x00 Val: 0x00000000
In clock cycle: 3072
Register Write to Reg: 0x1E Val: 0x00000002
In clock cycle: 3073
Register Write to Reg: 0x1D Val: 0x00000002
In clock cycle: 3074
Register Write to Reg: 0x00 Val: 0x00000000
In clock cycle: 3075
Register Write to Reg: 0x00 Val: 0x00000000
In clock cycle: 3076
Register Write to Reg: 0x00 Val: 0x00000000
In clock cycle: 3077
Register Write to Reg: 0x01 Val: 0x004007A4
In clock cycle: 3078
Register Write to Reg: 0x00 Val: 0x00000000
In clock cycle: 3079
Register Write to Reg: 0x00 Val: 0x00000000
In clock cycle: 3080
Register Write to Reg: 0x00 Val: 0x00000000
In clock cycle: 3081
Register Write to Reg: 0x01 Val: 0x004007D0
In clock cycle: 3082
Register Write to Reg: 0x00 Val: 0x00000000
In clock cycle: 3083
Register Write to Reg: 0x00 Val: 0x00000000
In clock cycle: 3084
Register Write to Reg: 0x00 Val: 0x00000000
In clock cycle: 3085
Register Write to Reg: 0x00 Val: 0x004007C8
In clock cycle: 3086
Register Write to Reg: 0x02 Val: 0x10010F38
In clock cycle: 3087
Register Write to Reg: 0x00 Val: 0x00000000
In clock cycle: 3088
Register Write to Reg: 0x00 Val: 0x00000000
In clock cycle: 3089
Register Write to Reg: 0x00 Val: 0x00000000
In clock cycle: 3090
Memory Write to Addr: 0x10010F54 Val: 0x10010F58
In clock cycle: 3091
Register Write to Reg: 0x00 Val: 0x00000000
In clock cycle: 3092
Register Write to Reg: 0x00 Val: 0x00000000
In clock cycle: 3093
Register Write to Reg: 0x00 Val: 0x00000000
In clock cycle: 3094
Register Write to Reg: 0x08 Val: 0x10010F38
In clock cycle: 3095
Register Write to Reg: 0x00 Val: 0x00000000
In clock cycle: 3096
Register Write to Reg: 0x00 Val: 0x00000000
In clock cycle: 3097
Register Write to Reg: 0x00 Val: 0x00000000
In clock cycle: 3098
Memory Write to Addr: 0x10010F58 Val: 0x00000002
In clock cycle: 3099
Memory Write to Addr: 0x10010F5C Val: 0x00000002
In clock cycle: 3100
Register Write to Reg: 0x07 Val: 0x1000F930
In clock cycle: 3101
Register Write to Reg: 0x00 Val: 0x00000000
In clock cycle: 3102
Register Write to Reg: 0x00 Val: 0x00000000
In clock cycle: 3103
Register Write to Reg: 0x00 Val: 0x00000000
In clock cycle: 3104
Register Write to Reg: 0x07 Val: 0x10010014
In clock cycle: 3105
Register Write to Reg: 0x00 Val: 0x00000000
In clock cycle: 3106
Register Write to Reg: 0x00 Val: 0x00000000
In clock cycle: 3107
Register Write to Reg: 0x00 Val: 0x00000000
In clock cycle: 3108
Register Write to Reg: 0x1C Val: 0x00000002
In clock cycle: 3109
Register Write to Reg: 0x00 Val: 0x00000000
In clock cycle: 3110
Register Write to Reg: 0x00 Val: 0x00000000
In clock cycle: 3111
Register Write to Reg: 0x00 Val: 0x00000000
In clock cycle: 3112
Register Write to Reg: 0x1C Val: 0x00000008
In clock cycle: 3113
Register Write to Reg: 0x00 Val: 0x00000000
In clock cycle: 3114
Register Write to Reg: 0x00 Val: 0x00000000
In clock cycle: 3115
Register Write to Reg: 0x00 Val: 0x00000000
In clock cycle: 3116
Register Write to Reg: 0x07 Val: 0x1001001C
In clock cycle: 3117
Register Write to Reg: 0x00 Val: 0x00000000
In clock cycle: 3118
Register Write to Reg: 0x00 Val: 0x00000000
In clock cycle: 3119
Register Write to Reg: 0x00 Val: 0x00000000
In clock cycle: 3120
Register Write to Reg: 0x07 Val: 0x00000000
In clock cycle: 3121
Register Write to Reg: 0x00 Val: 0x00000000
In clock cycle: 3122
Register Write to Reg: 0x00 Val: 0x00000000
In clock cycle: 3123
Register Write to Reg: 0x00 Val: 0x00000000
In clock cycle: 3124
Memory Write to Addr: 0x10010F48 Val: 0x00000000
In clock cycle: 3125
Register Write to Reg: 0x07 Val: 0x00000001
In clock cycle: 3126
Register Write to Reg: 0x00 Val: 0x00000000
In clock cycle: 3127
Register Write to Reg: 0x00 Val: 0x00000000
In clock cycle: 3128
Register Write to Reg: 0x00 Val: 0x00000000
In clock cycle: 3129
Memory Write to Addr: 0x10010F40 Val: 0x00000001
In clock cycle: 3130
Memory Write to Addr: 0x10010F44 Val: 0x00000000
In clock cycle: 3131
Register Write to Reg: 0x00 Val: 0x004009B0
In clock cycle: 3132
Register Write to Reg: 0x1C Val: 0x00000000
In clock cycle: 3133
Register Write to Reg: 0x07 Val: 0x00000002
In clock cycle: 3134
Register Write to Reg: 0x00 Val: 0x00000000
In clock cycle: 3135
Register Write to Reg: 0x00 Val: 0x00000000
In clock cycle: 3136
Register Write to Reg: 0x00 Val: 0x00000000
In clock cycle: 3137
Register Write to Reg: 0x07 Val: 0x00000001
In clock cycle: 3138
Register Write to Reg: 0x00 Val: 0x00000000
In clock cycle: 3139
Register Write to Reg: 0x00 Val: 0x00000000
In clock cycle: 3140
Register Write to Reg: 0x00 Val: 0x00000000
In clock cycle: 3142
Register Write to Reg: 0x00 Val: 0x00000000
In clock cycle: 3143
Register Write to Reg: 0x00 Val: 0x00000000
In clock cycle: 3144
Register Write to Reg: 0x00 Val: 0x00400A34
In clock cycle: 3145
Register Write to Reg: 0x07 Val: 0x00000001
In clock cycle: 3146
Register Write to Reg: 0x00 Val: 0x00000000
In clock cycle: 3147
Register Write to Reg: 0x00 Val: 0x00000000
In clock cycle: 3148
Register Write to Reg: 0x00 Val: 0x00000000
In clock cycle: 3149
Register Write to Reg: 0x07 Val: 0x00000002
In clock cycle: 3150
Register Write to Reg: 0x00 Val: 0x00000000
In clock cycle: 3151
Register Write to Reg: 0x00 Val: 0x00000000
In clock cycle: 3152
Register Write to Reg: 0x00 Val: 0x00000000
In clock cycle: 3153
Memory Write to Addr: 0x10010F40 Val: 0x00000002
In clock cycle: 3154
Register Write to Reg: 0x07 Val: 0x00000000
In clock cycle: 3155
Register Write to Reg: 0x00 Val: 0x00000000
In clock cycle: 3156
Register Write to Reg: 0x00 Val: 0x00000000
In clock cycle: 3157
Register Write to Reg: 0x00 Val: 0x00000000
In clock cycle: 3158
Register Write to Reg: 0x07 Val: 0x00000001
In clock cycle: 3159
Register Write to Reg: 0x00 Val: 0x00000000
In clock cycle: 3160
Register Write to Reg: 0x00 Val: 0x00000000
In clock cycle: 3161
Register Write to Reg: 0x00 Val: 0x00000000
In clock cycle: 3162
Memory Write to Addr: 0x10010F44 Val: 0x00000001
In clock cycle: 3163
Register Write to Reg: 0x1C Val: 0x00000001
In clock cycle: 3164
Register Write to Reg: 0x07 Val: 0x00000002
In clock cycle: 3165
Register Write to Reg: 0x00 Val: 0x00000000
In clock cycle: 3166
Register Write to Reg: 0x00 Val: 0x00000000
In clock cycle: 3167
Register Write to Reg: 0x00 Val: 0x00000000
In clock cycle: 3168
Register Write to Reg: 0x07 Val: 0x00000001
In clock cycle: 3169
Register Write to Reg: 0x00 Val: 0x00000000
In clock cycle: 3170
Register Write to Reg: 0x00 Val: 0x00000000
In clock cycle: 3171
Register Write to Reg: 0x00 Val: 0x00000000
In clock cycle: 3173
Register Write to Reg: 0x00 Val: 0x00000000
In clock cycle: 3174
Register Write to Reg: 0x00 Val: 0x00000000
In clock cycle: 3175
Register Write to Reg: 0x00 Val: 0x00400A34
In clock cycle: 3176
Register Write to Reg: 0x07 Val: 0x00000002
In clock cycle: 3177
Register Write to Reg: 0x00 Val: 0x00000000
In clock cycle: 3178
Register Write to Reg: 0x00 Val: 0x00000000
In clock cycle: 3179
Register Write to Reg: 0x00 Val: 0x00000000
In clock cycle: 3180
Register Write to Reg: 0x07 Val: 0x00000004
In clock cycle: 3181
Register Write to Reg: 0x00 Val: 0x00000000
In clock cycle: 3182
Register Write to Reg: 0x00 Val: 0x00000000
In clock cycle: 3183
Register Write to Reg: 0x00 Val: 0x00000000
In clock cycle: 3184
Memory Write to Addr: 0x10010F40 Val: 0x00000004
In clock cycle: 3185
Register Write to Reg: 0x07 Val: 0x00000001
In clock cycle: 3186
Register Write to Reg: 0x00 Val: 0x00000000
In clock cycle: 3187
Register Write to Reg: 0x00 Val: 0x00000000
In clock cycle: 3188
Register Write to Reg: 0x00 Val: 0x00000000
In clock cycle: 3189
Register Write to Reg: 0x07 Val: 0x00000002
In clock cycle: 3190
Register Write to Reg: 0x00 Val: 0x00000000
In clock cycle: 3191
Register Write to Reg: 0x00 Val: 0x00000000
In clock cycle: 3192
Register Write to Reg: 0x00 Val: 0x00000000
In clock cycle: 3193
Memory Write to Addr: 0x10010F44 Val: 0x00000002
In clock cycle: 3194
Register Write to Reg: 0x1C Val: 0x00000002
In clock cycle: 3195
Register Write to Reg: 0x07 Val: 0x00000002
In clock cycle: 3196
Register Write to Reg: 0x00 Val: 0x00000000
In clock cycle: 3197
Register Write to Reg: 0x00 Val: 0x00000000
In clock cycle: 3198
Register Write to Reg: 0x00 Val: 0x00000000
In clock cycle: 3199
Register Write to Reg: 0x07 Val: 0x00000000
In clock cycle: 3200
Register Write to Reg: 0x00 Val: 0x00000000
In clock cycle: 3201
Register Write to Reg: 0x00 Val: 0x00000000
In clock cycle: 3202
Register Write to Reg: 0x00 Val: 0x00000000
In clock cycle: 3204
Register Write to Reg: 0x1C Val: 0x00000004
In clock cycle: 3205
Register Write to Reg: 0x07 Val: 0x00000000
In clock cycle: 3206
Register Write to Reg: 0x00 Val: 0x00000000
In clock cycle: 3207
Register Write to Reg: 0x00 Val: 0x00000000
In clock cycle: 3208
Register Write to Reg: 0x00 Val: 0x00000000
In clock cycle: 3209
Register Write to Reg: 0x07 Val: 0x00000000
In clock cycle: 3210
Register Write to Reg: 0x00 Val: 0x00000000
In clock cycle: 3211
Register Write to Reg: 0x00 Val: 0x00000000
In clock cycle: 3212
Register Write to Reg: 0x00 Val: 0x00000000
In clock cycle: 3213
Register Write to Reg: 0x07 Val: 0x00000000
In clock cycle: 3214
Register Write to Reg: 0x00 Val: 0x00000000
In clock cycle: 3215
Register Write to Reg: 0x00 Val: 0x00000000
In clock cycle: 3216
Register Write to Reg: 0x00 Val: 0x00000000
In clock cycle: 3217
Register Write to Reg: 0x07 Val: 0x00000000
In clock cycle: 3218
Register Write to Reg: 0x00 Val: 0x00000000
In clock cycle: 3219
Register Write to Reg: 0x00 Val: 0x00000000
In clock cycle: 3220
Register Write to Reg: 0x00 Val: 0x00000000
In clock cycle: 3221
Register Write to Reg: 0x02 Val: 0x10010F38
In clock cycle: 3222
Register Write to Reg: 0x00 Val: 0x00000000
In clock cycle: 3223
Register Write to Reg: 0x00 Val: 0x00000000
In clock cycle: 3224
Register Write to Reg: 0x00 Val: 0x00000000
In clock cycle: 3225
Register Write to Reg: 0x08 Val: 0x10010F58
In clock cycle: 3226
Register Write to Reg: 0x00 Val: 0x00000000
In clock cycle: 3227
Register Write to Reg: 0x00 Val: 0x00000000
In clock cycle: 3228
Register Write to Reg: 0x00 Val: 0x00000000
In clock cycle: 3229
Register Write to Reg: 0x02 Val: 0x10010F58
In clock cycle: 3230
Register Write to Reg: 0x00 Val: 0x00000000
In clock cycle: 3231
Register Write to Reg: 0x00 Val: 0x00000000
In clock cycle: 3232
Register Write to Reg: 0x00 Val: 0x00400AB0
In clock cycle: 3234
Register Write to Reg: 0x07 Val: 0x10010F94
In clock cycle: 3235
Register Write to Reg: 0x00 Val: 0x00000000
In clock cycle: 3236
Register Write to Reg: 0x00 Val: 0x00000000
In clock cycle: 3237
Register Write to Reg: 0x00 Val: 0x00000000
In clock cycle: 3238
Register Write to Reg: 0x07 Val: 0x00000002
In clock cycle: 3239
Register Write to Reg: 0x00 Val: 0x00000000
In clock cycle: 3240
Register Write to Reg: 0x00 Val: 0x00000000
In clock cycle: 3241
Register Write to Reg: 0x00 Val: 0x00000000
In clock cycle: 3242
Register Write to Reg: 0x1C Val: 0x00000003
In clock cycle: 3243
Register Write to Reg: 0x00 Val: 0x00000000
In clock cycle: 3244
Register Write to Reg: 0x00 Val: 0x00000000
In clock cycle: 3245
Register Write to Reg: 0x00 Val: 0x00000000
In clock cycle: 3246
Register Write to Reg: 0x07 Val: 0x10010F94
In clock cycle: 3247
Register Write to Reg: 0x00 Val: 0x00000000
In clock cycle: 3248
Register Write to Reg: 0x00 Val: 0x00000000
In clock cycle: 3249
Register Write to Reg: 0x00 Val: 0x00000000
In clock cycle: 3250
Memory Write to Addr: 0x10010F98 Val: 0x00000003
In clock cycle: 3251
Register Write to Reg: 0x07 Val: 0x10010F94
In clock cycle: 3252
Register Write to Reg: 0x00 Val: 0x00000000
In clock cycle: 3253
Register Write to Reg: 0x00 Val: 0x00000000
In clock cycle: 3254
Register Write to Reg: 0x00 Val: 0x00000000
In clock cycle: 3255
Register Write to Reg: 0x07 Val: 0x00000003
In clock cycle: 3256
Register Write to Reg: 0x00 Val: 0x00000000
In clock cycle: 3257
Register Write to Reg: 0x00 Val: 0x00000000
In clock cycle: 3258
Register Write to Reg: 0x00 Val: 0x00000000
In clock cycle: 3259
Register Write to Reg: 0x07 Val: 0x00000001
In clock cycle: 3260
Register Write to Reg: 0x00 Val: 0x00000000
In clock cycle: 3261
Register Write to Reg: 0x00 Val: 0x00000000
In clock cycle: 3262
Register Write to Reg: 0x00 Val: 0x00000000
In clock cycle: 3264
Register Write to Reg: 0x00 Val: 0x00000000
In clock cycle: 3265
Register Write to Reg: 0x00 Val: 0x00000000
In clock cycle: 3266
Register Write to Reg: 0x00 Val: 0x004008B0
In clock cycle: 3267
Register Write to Reg: 0x07 Val: 0x10010F94
In clock cycle: 3268
Register Write to Reg: 0x00 Val: 0x00000000
In clock cycle: 3269
Register Write to Reg: 0x00 Val: 0x00000000
In clock cycle: 3270
Register Write to Reg: 0x00 Val: 0x00000000
In clock cycle: 3271
Register Write to Reg: 0x1C Val: 0x00000002
In clock cycle: 3272
Register Write to Reg: 0x00 Val: 0x00000000
In clock cycle: 3273
Register Write to Reg: 0x00 Val: 0x00000000
In clock cycle: 3274
Register Write to Reg: 0x00 Val: 0x00000000
In clock cycle: 3275
Register Write to Reg: 0x07 Val: 0x10010F94
In clock cycle: 3276
Register Write to Reg: 0x00 Val: 0x00000000
In clock cycle: 3277
Register Write to Reg: 0x00 Val: 0x00000000
In clock cycle: 3278
Register Write to Reg: 0x00 Val: 0x00000000
In clock cycle: 3279
Register Write to Reg: 0x07 Val: 0x00000003
In clock cycle: 3280
Register Write to Reg: 0x00 Val: 0x00000000
In clock cycle: 3281
Register Write to Reg: 0x00 Val: 0x00000000
In clock cycle: 3282
Register Write to Reg: 0x00 Val: 0x00000000
In clock cycle: 3283
Register Write to Reg: 0x1E Val: 0x00000003
In clock cycle: 3284
Register Write to Reg: 0x1D Val: 0x00000002
In clock cycle: 3285
Register Write to Reg: 0x00 Val: 0x00000000
In clock cycle: 3286
Register Write to Reg: 0x00 Val: 0x00000000
In clock cycle: 3287
Register Write to Reg: 0x00 Val: 0x00000000
In clock cycle: 3288
Register Write to Reg: 0x01 Val: 0x004007A4
In clock cycle: 3289
Register Write to Reg: 0x00 Val: 0x00000000
In clock cycle: 3290
Register Write to Reg: 0x00 Val: 0x00000000
In clock cycle: 3291
Register Write to Reg: 0x00 Val: 0x00000000
In clock cycle: 3292
Register Write to Reg: 0x01 Val: 0x004007D0
In clock cycle: 3293
Register Write to Reg: 0x00 Val: 0x00000000
In clock cycle: 3294
Register Write to Reg: 0x00 Val: 0x00000000
In clock cycle: 3295
Register Write to Reg: 0x00 Val: 0x00000000
In clock cycle: 3296
Register Write to Reg: 0x00 Val: 0x004007C8
In clock cycle: 3297
Register Write to Reg: 0x02 Val: 0x10010F38
In clock cycle: 3298
Register Write to Reg: 0x00 Val: 0x00000000
In clock cycle: 3299
Register Write to Reg: 0x00 Val: 0x00000000
In clock cycle: 3300
Register Write to Reg: 0x00 Val: 0x00000000
In clock cycle: 3301
Memory Write to Addr: 0x10010F54 Val: 0x10010F58
In clock cycle: 3302
Register Write to Reg: 0x00 Val: 0x00000000
In clock cycle: 3303
Register Write to Reg: 0x00 Val: 0x00000000
In clock cycle: 3304
Register Write to Reg: 0x00 Val: 0x00000000
In clock cycle: 3305
Register Write to Reg: 0x08 Val: 0x10010F38
In clock cycle: 3306
Register Write to Reg: 0x00 Val: 0x00000000
In clock cycle: 3307
Register Write to Reg: 0x00 Val: 0x00000000
In clock cycle: 3308
Register Write to Reg: 0x00 Val: 0x00000000
In clock cycle: 3309
Memory Write to Addr: 0x10010F58 Val: 0x00000002
In clock cycle: 3310
Memory Write to Addr: 0x10010F5C Val: 0x00000003
In clock cycle: 3311
Register Write to Reg: 0x07 Val: 0x1000F930
In clock cycle: 3312
Register Write to Reg: 0x00 Val: 0x00000000
In clock cycle: 3313
Register Write to Reg: 0x00 Val: 0x00000000
In clock cycle: 3314
Register Write to Reg: 0x00 Val: 0x00000000
In clock cycle: 3315
Register Write to Reg: 0x07 Val: 0x10010014
In clock cycle: 3316
Register Write to Reg: 0x00 Val: 0x00000000
In clock cycle: 3317
Register Write to Reg: 0x00 Val: 0x00000000
In clock cycle: 3318
Register Write to Reg: 0x00 Val: 0x00000000
In clock cycle: 3319
Register Write to Reg: 0x1C Val: 0x00000002
In clock cycle: 3320
Register Write to Reg: 0x00 Val: 0x00000000
In clock cycle: 3321
Register Write to Reg: 0x00 Val: 0x00000000
In clock cycle: 3322
Register Write to Reg: 0x00 Val: 0x00000000
In clock cycle: 3323
Register Write to Reg: 0x1C Val: 0x00000008
In clock cycle: 3324
Register Write to Reg: 0x00 Val: 0x00000000
In clock cycle: 3325
Register Write to Reg: 0x00 Val: 0x00000000
In clock cycle: 3326
Register Write to Reg: 0x00 Val: 0x00000000
In clock cycle: 3327
Register Write to Reg: 0x07 Val: 0x1001001C
In clock cycle: 3328
Register Write to Reg: 0x00 Val: 0x00000000
In clock cycle: 3329
Register Write to Reg: 0x00 Val: 0x00000000
In clock cycle: 3330
Register Write to Reg: 0x00 Val: 0x00000000
In clock cycle: 3331
Register Write to Reg: 0x07 Val: 0x00000000
In clock cycle: 3332
Register Write to Reg: 0x00 Val: 0x00000000
In clock cycle: 3333
Register Write to Reg: 0x00 Val: 0x00000000
In clock cycle: 3334
Register Write to Reg: 0x00 Val: 0x00000000
In clock cycle: 3335
Memory Write to Addr: 0x10010F48 Val: 0x00000000
In clock cycle: 3336
Register Write to Reg: 0x07 Val: 0x00000001
In clock cycle: 3337
Register Write to Reg: 0x00 Val: 0x00000000
In clock cycle: 3338
Register Write to Reg: 0x00 Val: 0x00000000
In clock cycle: 3339
Register Write to Reg: 0x00 Val: 0x00000000
In clock cycle: 3340
Memory Write to Addr: 0x10010F40 Val: 0x00000001
In clock cycle: 3341
Memory Write to Addr: 0x10010F44 Val: 0x00000000
In clock cycle: 3342
Register Write to Reg: 0x00 Val: 0x004009B0
In clock cycle: 3343
Register Write to Reg: 0x1C Val: 0x00000000
In clock cycle: 3344
Register Write to Reg: 0x07 Val: 0x00000003
In clock cycle: 3345
Register Write to Reg: 0x00 Val: 0x00000000
In clock cycle: 3346
Register Write to Reg: 0x00 Val: 0x00000000
In clock cycle: 3347
Register Write to Reg: 0x00 Val: 0x00000000
In clock cycle: 3348
Register Write to Reg: 0x07 Val: 0x00000001
In clock cycle: 3349
Register Write to Reg: 0x00 Val: 0x00000000
In clock cycle: 3350
Register Write to Reg: 0x00 Val: 0x00000000
In clock cycle: 3351
Register Write to Reg: 0x00 Val: 0x00000000
In clock cycle: 3353
Register Write to Reg: 0x00 Val: 0x00000000
In clock cycle: 3354
Register Write to Reg: 0x00 Val: 0x00000000
In clock cycle: 3355
Register Write to Reg: 0x00 Val: 0x00400A34
In clock cycle: 3356
Register Write to Reg: 0x07 Val: 0x00000001
In clock cycle: 3357
Register Write to Reg: 0x00 Val: 0x00000000
In clock cycle: 3358
Register Write to Reg: 0x00 Val: 0x00000000
In clock cycle: 3359
Register Write to Reg: 0x00 Val: 0x00000000
In clock cycle: 3360
Register Write to Reg: 0x07 Val: 0x00000002
In clock cycle: 3361
Register Write to Reg: 0x00 Val: 0x00000000
In clock cycle: 3362
Register Write to Reg: 0x00 Val: 0x00000000
In clock cycle: 3363
Register Write to Reg: 0x00 Val: 0x00000000
In clock cycle: 3364
Memory Write to Addr: 0x10010F40 Val: 0x00000002
In clock cycle: 3365
Register Write to Reg: 0x07 Val: 0x00000000
In clock cycle: 3366
Register Write to Reg: 0x00 Val: 0x00000000
In clock cycle: 3367
Register Write to Reg: 0x00 Val: 0x00000000
In clock cycle: 3368
Register Write to Reg: 0x00 Val: 0x00000000
In clock cycle: 3369
Register Write to Reg: 0x07 Val: 0x00000001
In clock cycle: 3370
Register Write to Reg: 0x00 Val: 0x00000000
In clock cycle: 3371
Register Write to Reg: 0x00 Val: 0x00000000
In clock cycle: 3372
Register Write to Reg: 0x00 Val: 0x00000000
In clock cycle: 3373
Memory Write to Addr: 0x10010F44 Val: 0x00000001
In clock cycle: 3374
Register Write to Reg: 0x1C Val: 0x00000001
In clock cycle: 3375
Register Write to Reg: 0x07 Val: 0x00000003
In clock cycle: 3376
Register Write to Reg: 0x00 Val: 0x00000000
In clock cycle: 3377
Register Write to Reg: 0x00 Val: 0x00000000
In clock cycle: 3378
Register Write to Reg: 0x00 Val: 0x00000000
In clock cycle: 3379
Register Write to Reg: 0x07 Val: 0x00000001
In clock cycle: 3380
Register Write to Reg: 0x00 Val: 0x00000000
In clock cycle: 3381
Register Write to Reg: 0x00 Val: 0x00000000
In clock cycle: 3382
Register Write to Reg: 0x00 Val: 0x00000000
In clock cycle: 3384
Register Write to Reg: 0x00 Val: 0x00000000
In clock cycle: 3385
Register Write to Reg: 0x00 Val: 0x00000000
In clock cycle: 3386
Register Write to Reg: 0x00 Val: 0x00400A34
In clock cycle: 3387
Register Write to Reg: 0x07 Val: 0x00000002
In clock cycle: 3388
Register Write to Reg: 0x00 Val: 0x00000000
In clock cycle: 3389
Register Write to Reg: 0x00 Val: 0x00000000
In clock cycle: 3390
Register Write to Reg: 0x00 Val: 0x00000000
In clock cycle: 3391
Register Write to Reg: 0x07 Val: 0x00000004
In clock cycle: 3392
Register Write to Reg: 0x00 Val: 0x00000000
In clock cycle: 3393
Register Write to Reg: 0x00 Val: 0x00000000
In clock cycle: 3394
Register Write to Reg: 0x00 Val: 0x00000000
In clock cycle: 3395
Memory Write to Addr: 0x10010F40 Val: 0x00000004
In clock cycle: 3396
Register Write to Reg: 0x07 Val: 0x00000001
In clock cycle: 3397
Register Write to Reg: 0x00 Val: 0x00000000
In clock cycle: 3398
Register Write to Reg: 0x00 Val: 0x00000000
In clock cycle: 3399
Register Write to Reg: 0x00 Val: 0x00000000
In clock cycle: 3400
Register Write to Reg: 0x07 Val: 0x00000002
In clock cycle: 3401
Register Write to Reg: 0x00 Val: 0x00000000
In clock cycle: 3402
Register Write to Reg: 0x00 Val: 0x00000000
In clock cycle: 3403
Register Write to Reg: 0x00 Val: 0x00000000
In clock cycle: 3404
Memory Write to Addr: 0x10010F44 Val: 0x00000002
In clock cycle: 3405
Register Write to Reg: 0x1C Val: 0x00000002
In clock cycle: 3406
Register Write to Reg: 0x07 Val: 0x00000003
In clock cycle: 3407
Register Write to Reg: 0x00 Val: 0x00000000
In clock cycle: 3408
Register Write to Reg: 0x00 Val: 0x00000000
In clock cycle: 3409
Register Write to Reg: 0x00 Val: 0x00000000
In clock cycle: 3410
Register Write to Reg: 0x07 Val: 0x00000001
In clock cycle: 3411
Register Write to Reg: 0x00 Val: 0x00000000
In clock cycle: 3412
Register Write to Reg: 0x00 Val: 0x00000000
In clock cycle: 3413
Register Write to Reg: 0x00 Val: 0x00000000
In clock cycle: 3415
Register Write to Reg: 0x00 Val: 0x00000000
In clock cycle: 3416
Register Write to Reg: 0x00 Val: 0x00000000
In clock cycle: 3417
Register Write to Reg: 0x00 Val: 0x00400A34
In clock cycle: 3418
Register Write to Reg: 0x07 Val: 0x00000004
In clock cycle: 3419
Register Write to Reg: 0x00 Val: 0x00000000
In clock cycle: 3420
Register Write to Reg: 0x00 Val: 0x00000000
In clock cycle: 3421
Register Write to Reg: 0x00 Val: 0x00000000
In clock cycle: 3422
Register Write to Reg: 0x07 Val: 0x00000008
In clock cycle: 3423
Register Write to Reg: 0x00 Val: 0x00000000
In clock cycle: 3424
Register Write to Reg: 0x00 Val: 0x00000000
In clock cycle: 3425
Register Write to Reg: 0x00 Val: 0x00000000
In clock cycle: 3426
Memory Write to Addr: 0x10010F40 Val: 0x00000008
In clock cycle: 3427
Register Write to Reg: 0x07 Val: 0x00000002
In clock cycle: 3428
Register Write to Reg: 0x00 Val: 0x00000000
In clock cycle: 3429
Register Write to Reg: 0x00 Val: 0x00000000
In clock cycle: 3430
Register Write to Reg: 0x00 Val: 0x00000000
In clock cycle: 3431
Register Write to Reg: 0x07 Val: 0x00000003
In clock cycle: 3432
Register Write to Reg: 0x00 Val: 0x00000000
In clock cycle: 3433
Register Write to Reg: 0x00 Val: 0x00000000
In clock cycle: 3434
Register Write to Reg: 0x00 Val: 0x00000000
In clock cycle: 3435
Memory Write to Addr: 0x10010F44 Val: 0x00000003
In clock cycle: 3436
Register Write to Reg: 0x1C Val: 0x00000003
In clock cycle: 3437
Register Write to Reg: 0x07 Val: 0x00000003
In clock cycle: 3438
Register Write to Reg: 0x00 Val: 0x00000000
In clock cycle: 3439
Register Write to Reg: 0x00 Val: 0x00000000
In clock cycle: 3440
Register Write to Reg: 0x00 Val: 0x00000000
In clock cycle: 3441
Register Write to Reg: 0x07 Val: 0x00000000
In clock cycle: 3442
Register Write to Reg: 0x00 Val: 0x00000000
In clock cycle: 3443
Register Write to Reg: 0x00 Val: 0x00000000
In clock cycle: 3444
Register Write to Reg: 0x00 Val: 0x00000000
In clock cycle: 3446
Register Write to Reg: 0x1C Val: 0x00000008
In clock cycle: 3447
Register Write to Reg: 0x07 Val: 0x00000000
In clock cycle: 3448
Register Write to Reg: 0x00 Val: 0x00000000
In clock cycle: 3449
Register Write to Reg: 0x00 Val: 0x00000000
In clock cycle: 3450
Register Write to Reg: 0x00 Val: 0x00000000
In clock cycle: 3451
Register Write to Reg: 0x07 Val: 0x00000000
In clock cycle: 3452
Register Write to Reg: 0x00 Val: 0x00000000
In clock cycle: 3453
Register Write to Reg: 0x00 Val: 0x00000000
In clock cycle: 3454
Register Write to Reg: 0x00 Val: 0x00000000
In clock cycle: 3455
Register Write to Reg: 0x07 Val: 0x00000000
In clock cycle: 3456
Register Write to Reg: 0x00 Val: 0x00000000
In clock cycle: 3457
Register Write to Reg: 0x00 Val: 0x00000000
In clock cycle: 3458
Register Write to Reg: 0x00 Val: 0x00000000
In clock cycle: 3459
Register Write to Reg: 0x07 Val: 0x00000000
In clock cycle: 3460
Register Write to Reg: 0x00 Val: 0x00000000
In clock cycle: 3461
Register Write to Reg: 0x00 Val: 0x00000000
In clock cycle: 3462
Register Write to Reg: 0x00 Val: 0x00000000
In clock cycle: 3463
Register Write to Reg: 0x02 Val: 0x10010F38
In clock cycle: 3464
Register Write to Reg: 0x00 Val: 0x00000000
In clock cycle: 3465
Register Write to Reg: 0x00 Val: 0x00000000
In clock cycle: 3466
Register Write to Reg: 0x00 Val: 0x00000000
In clock cycle: 3467
Register Write to Reg: 0x08 Val: 0x10010F58
In clock cycle: 3468
Register Write to Reg: 0x00 Val: 0x00000000
In clock cycle: 3469
Register Write to Reg: 0x00 Val: 0x00000000
In clock cycle: 3470
Register Write to Reg: 0x00 Val: 0x00000000
In clock cycle: 3471
Register Write to Reg: 0x02 Val: 0x10010F58
In clock cycle: 3472
Register Write to Reg: 0x00 Val: 0x00000000
In clock cycle: 3473
Register Write to Reg: 0x00 Val: 0x00000000
In clock cycle: 3474
Register Write to Reg: 0x00 Val: 0x00400AB0
In clock cycle: 3476
Register Write to Reg: 0x07 Val: 0x10010F94
In clock cycle: 3477
Register Write to Reg: 0x00 Val: 0x00000000
In clock cycle: 3478
Register Write to Reg: 0x00 Val: 0x00000000
In clock cycle: 3479
Register Write to Reg: 0x00 Val: 0x00000000
In clock cycle: 3480
Register Write to Reg: 0x07 Val: 0x00000003
In clock cycle: 3481
Register Write to Reg: 0x00 Val: 0x00000000
In clock cycle: 3482
Register Write to Reg: 0x00 Val: 0x00000000
In clock cycle: 3483
Register Write to Reg: 0x00 Val: 0x00000000
In clock cycle: 3484
Register Write to Reg: 0x1C Val: 0x00000004
In clock cycle: 3485
Register Write to Reg: 0x00 Val: 0x00000000
In clock cycle: 3486
Register Write to Reg: 0x00 Val: 0x00000000
In clock cycle: 3487
Register Write to Reg: 0x00 Val: 0x00000000
In clock cycle: 3488
Register Write to Reg: 0x07 Val: 0x10010F94
In clock cycle: 3489
Register Write to Reg: 0x00 Val: 0x00000000
In clock cycle: 3490
Register Write to Reg: 0x00 Val: 0x00000000
In clock cycle: 3491
Register Write to Reg: 0x00 Val: 0x00000000
In clock cycle: 3492
Memory Write to Addr: 0x10010F98 Val: 0x00000004
In clock cycle: 3493
Register Write to Reg: 0x07 Val: 0x10010F94
In clock cycle: 3494
Register Write to Reg: 0x00 Val: 0x00000000
In clock cycle: 3495
Register Write to Reg: 0x00 Val: 0x00000000
In clock cycle: 3496
Register Write to Reg: 0x00 Val: 0x00000000
In clock cycle: 3497
Register Write to Reg: 0x07 Val: 0x00000004
In clock cycle: 3498
Register Write to Reg: 0x00 Val: 0x00000000
In clock cycle: 3499
Register Write to Reg: 0x00 Val: 0x00000000
In clock cycle: 3500
Register Write to Reg: 0x00 Val: 0x00000000
In clock cycle: 3501
Register Write to Reg: 0x07 Val: 0x00000000
In clock cycle: 3502
Register Write to Reg: 0x00 Val: 0x00000000
In clock cycle: 3503
Register Write to Reg: 0x00 Val: 0x00000000
In clock cycle: 3504
Register Write to Reg: 0x00 Val: 0x00000000
In clock cycle: 3506
Register Write to Reg: 0x07 Val: 0xFFFFFFFF
In clock cycle: 3507
Register Write to Reg: 0x02 Val: 0x10010F58
In clock cycle: 3508
Register Write to Reg: 0x00 Val: 0x00000000
In clock cycle: 3509
Register Write to Reg: 0x00 Val: 0x00000000
In clock cycle: 3510
Register Write to Reg: 0x00 Val: 0x00000000
In clock cycle: 3511
Register Write to Reg: 0x01 Val: 0x00400640
In clock cycle: 3512
Register Write to Reg: 0x08 Val: 0x10010F78
In clock cycle: 3513
Register Write to Reg: 0x00 Val: 0x00000000
In clock cycle: 3514
Register Write to Reg: 0x00 Val: 0x00000000
In clock cycle: 3515
Register Write to Reg: 0x00 Val: 0x00000000
In clock cycle: 3516
Register Write to Reg: 0x02 Val: 0x10010F78
In clock cycle: 3517
Register Write to Reg: 0x00 Val: 0x00000000
In clock cycle: 3518
Register Write to Reg: 0x00 Val: 0x00000000
In clock cycle: 3519
Register Write to Reg: 0x00 Val: 0x004008F0
In clock cycle: 3520
Memory Write to Addr: 0x10010F90 Val: 0xFFFFFFFF
In clock cycle: 3521
Register Write to Reg: 0x00 Val: 0x00400648
In clock cycle: 3522
Register Write to Reg: 0x1C Val: 0xFFFFFFFF
In clock cycle: 3523
Register Write to Reg: 0x00 Val: 0x00000000
In clock cycle: 3524
Register Write to Reg: 0x00 Val: 0x00000000
In clock cycle: 3525
Register Write to Reg: 0x00 Val: 0x00000000
In clock cycle: 3526
Register Write to Reg: 0x07 Val: 0xFFFFFFFF
In clock cycle: 3527
Register Write to Reg: 0x00 Val: 0x00000000
In clock cycle: 3528
Register Write to Reg: 0x00 Val: 0x00000000
In clock cycle: 3530
Register Write to Reg: 0x07 Val: 0x10010370
In clock cycle: 3531
Register Write to Reg: 0x00 Val: 0x00000000
In clock cycle: 3532
Register Write to Reg: 0x00 Val: 0x00000000
In clock cycle: 3533
Register Write to Reg: 0x00 Val: 0x00000000
In clock cycle: 3534
Register Write to Reg: 0x07 Val: 0x10010028
In clock cycle: 3535
Register Write to Reg: 0x00 Val: 0x00000000
In clock cycle: 3536
Register Write to Reg: 0x00 Val: 0x00000000
In clock cycle: 3537
Register Write to Reg: 0x00 Val: 0x00000000
In clock cycle: 3538
Register Write to Reg: 0x07 Val: 0x00000002
In clock cycle: 3539
Register Write to Reg: 0x00 Val: 0x00000000
In clock cycle: 3540
Register Write to Reg: 0x00 Val: 0x00000000
In clock cycle: 3541
Register Write to Reg: 0x00 Val: 0x00000000
In clock cycle: 3542
Register Write to Reg: 0x1D Val: 0x00000001
In clock cycle: 3543
Register Write to Reg: 0x00 Val: 0x00000000
In clock cycle: 3544
Register Write to Reg: 0x00 Val: 0x00000000
In clock cycle: 3545
Register Write to Reg: 0x00 Val: 0x00000000
In clock cycle: 3546
Register Write to Reg: 0x1C Val: 0x100103B0
In clock cycle: 3547
Register Write to Reg: 0x00 Val: 0x00000000
In clock cycle: 3548
Register Write to Reg: 0x00 Val: 0x00000000
In clock cycle: 3549
Register Write to Reg: 0x00 Val: 0x00000000
In clock cycle: 3550
Register Write to Reg: 0x1C Val: 0x10010028
In clock cycle: 3551
Register Write to Reg: 0x00 Val: 0x00000000
In clock cycle: 3552
Register Write to Reg: 0x00 Val: 0x00000000
In clock cycle: 3553
Register Write to Reg: 0x00 Val: 0x00000000
In clock cycle: 3554
Memory Write to Addr: 0x10010028 Val: 0x00000001
In clock cycle: 3555
Register Write to Reg: 0x1D Val: 0x100103D4
In clock cycle: 3556
Register Write to Reg: 0x00 Val: 0x00000000
In clock cycle: 3557
Register Write to Reg: 0x00 Val: 0x00000000
In clock cycle: 3558
Register Write to Reg: 0x00 Val: 0x00000000
In clock cycle: 3559
Register Write to Reg: 0x1D Val: 0x10010000
In clock cycle: 3560
Register Write to Reg: 0x00 Val: 0x00000000
In clock cycle: 3561
Register Write to Reg: 0x00 Val: 0x00000000
In clock cycle: 3562
Register Write to Reg: 0x00 Val: 0x00000000
In clock cycle: 3563
Register Write to Reg: 0x1C Val: 0x00000008
In clock cycle: 3564
Register Write to Reg: 0x00 Val: 0x00000000
In clock cycle: 3565
Register Write to Reg: 0x00 Val: 0x00000000
In clock cycle: 3566
Register Write to Reg: 0x00 Val: 0x00000000
In clock cycle: 3567
Register Write to Reg: 0x1C Val: 0x00000004
In clock cycle: 3568
Register Write to Reg: 0x00 Val: 0x00000000
In clock cycle: 3569
Register Write to Reg: 0x00 Val: 0x00000000
In clock cycle: 3570
Register Write to Reg: 0x00 Val: 0x00000000
In clock cycle: 3571
Register Write to Reg: 0x1C Val: 0x00000002
In clock cycle: 3572
Register Write to Reg: 0x00 Val: 0x00000000
In clock cycle: 3573
Register Write to Reg: 0x00 Val: 0x00000000
In clock cycle: 3574
Register Write to Reg: 0x00 Val: 0x00000000
In clock cycle: 3575
Register Write to Reg: 0x1C Val: 0x00000008
In clock cycle: 3576
Register Write to Reg: 0x00 Val: 0x00000000
In clock cycle: 3577
Register Write to Reg: 0x00 Val: 0x00000000
In clock cycle: 3578
Register Write to Reg: 0x00 Val: 0x00000000
In clock cycle: 3579
Register Write to Reg: 0x1F Val: 0x00400642
In clock cycle: 3580
Register Write to Reg: 0x00 Val: 0x00000000
In clock cycle: 3581
Register Write to Reg: 0x00 Val: 0x00000000
In clock cycle: 3582
Register Write to Reg: 0x00 Val: 0x00000000
In clock cycle: 3583
Register Write to Reg: 0x1F Val: 0x00400642
In clock cycle: 3584
Register Write to Reg: 0x00 Val: 0x00000000
In clock cycle: 3585
Register Write to Reg: 0x00 Val: 0x00000000
In clock cycle: 3586
Register Write to Reg: 0x00 Val: 0x00000000
In clock cycle: 3587
Register Write to Reg: 0x1F Val: 0xFFBFF9BE
In clock cycle: 3588
Register Write to Reg: 0x00 Val: 0x00000000
In clock cycle: 3589
Register Write to Reg: 0x00 Val: 0x00000000
In clock cycle: 3590
Register Write to Reg: 0x00 Val: 0x00000000
In clock cycle: 3591
Register Write to Reg: 0x07 Val: 0x10010464
In clock cycle: 3592
Register Write to Reg: 0x00 Val: 0x00000000
In clock cycle: 3593
Register Write to Reg: 0x00 Val: 0x00000000
In clock cycle: 3594
Register Write to Reg: 0x00 Val: 0x00000000
In clock cycle: 3595
Register Write to Reg: 0x07 Val: 0x10010000
In clock cycle: 3596
Register Write to Reg: 0x00 Val: 0x00000000
In clock cycle: 3597
Register Write to Reg: 0x00 Val: 0x00000000
In clock cycle: 3598
Register Write to Reg: 0x00 Val: 0x00000000
In clock cycle: 3599
Register Write to Reg: 0x0B Val: 0x00010000
In clock cycle: 3600
Register Write to Reg: 0x00 Val: 0x00000000
In clock cycle: 3601
Register Write to Reg: 0x00 Val: 0x00000000
In clock cycle: 3602
Register Write to Reg: 0x00 Val: 0x00000000
In clock cycle: 3603
Register Write to Reg: 0x0B Val: 0x0000FFFF
In clock cycle: 3604
Register Write to Reg: 0x00 Val: 0x00000000
In clock cycle: 3605
Register Write to Reg: 0x00 Val: 0x00000000
In clock cycle: 3606
Register Write to Reg: 0x00 Val: 0x00000000
In clock cycle: 3607
Register Write to Reg: 0x1F Val: 0x00000000
In clock cycle: 3608
Register Write to Reg: 0x00 Val: 0x00000000
In clock cycle: 3609
Register Write to Reg: 0x00 Val: 0x00000000
In clock cycle: 3610
Register Write to Reg: 0x00 Val: 0x00000000
In clock cycle: 3611
Register Write to Reg: 0x07 Val: 0x10010000
In clock cycle: 3612
Register Write to Reg: 0x00 Val: 0x00000000
In clock cycle: 3613
Register Write to Reg: 0x00 Val: 0x00000000
In clock cycle: 3614
Register Write to Reg: 0x00 Val: 0x00000000
In clock cycle: 3615
Register Write to Reg: 0x07 Val: 0x10010008
In clock cycle: 3616
Register Write to Reg: 0x00 Val: 0x00000000
In clock cycle: 3617
Register Write to Reg: 0x00 Val: 0x00000000
In clock cycle: 3618
Register Write to Reg: 0x00 Val: 0x00000000
In clock cycle: 3619
Register Write to Reg: 0x1C Val: 0x00000002
In clock cycle: 3620
Register Write to Reg: 0x00 Val: 0x00000000
In clock cycle: 3621
Register Write to Reg: 0x00 Val: 0x00000000
In clock cycle: 3622
Register Write to Reg: 0x00 Val: 0x00000000
In clock cycle: 3623
Memory Write to Addr: 0x10010008 Val: 0x00000002
In clock cycle: 3624
Register Write to Reg: 0x02 Val: 0x10010F78
In clock cycle: 3625
Register Write to Reg: 0x00 Val: 0x00000000
In clock cycle: 3626
Register Write to Reg: 0x00 Val: 0x00000000
In clock cycle: 3627
Register Write to Reg: 0x00 Val: 0x00000000
In clock cycle: 3628
Register Write to Reg: 0x01 Val: 0x004002EC
In clock cycle: 3629
Register Write to Reg: 0x08 Val: 0x10010FA8
In clock cycle: 3630
Register Write to Reg: 0x00 Val: 0x00000000
In clock cycle: 3631
Register Write to Reg: 0x00 Val: 0x00000000
In clock cycle: 3632
Register Write to Reg: 0x00 Val: 0x00000000
In clock cycle: 3633
Register Write to Reg: 0x02 Val: 0x10010FA8
In clock cycle: 3634
Register Write to Reg: 0x00 Val: 0x00000000
In clock cycle: 3635
Register Write to Reg: 0x00 Val: 0x00000000
In clock cycle: 3636
Register Write to Reg: 0x00 Val: 0x0040051C
In clock cycle: 3637
Register Write to Reg: 0x07 Val: 0x10010FC4
In clock cycle: 3638
Register Write to Reg: 0x00 Val: 0x00000000
In clock cycle: 3639
Register Write to Reg: 0x00 Val: 0x00000000
In clock cycle: 3640
Register Write to Reg: 0x00 Val: 0x00000000
In clock cycle: 3641
Register Write to Reg: 0x1D Val: 0x10010FC4
In clock cycle: 3642
Register Write to Reg: 0x00 Val: 0x00000000
In clock cycle: 3643
Register Write to Reg: 0x00 Val: 0x00000000
In clock cycle: 3644
Register Write to Reg: 0x00 Val: 0x00000000
In clock cycle: 3645
Register Write to Reg: 0x01 Val: 0x0040030C
In clock cycle: 3646
Register Write to Reg: 0x00 Val: 0x00000000
In clock cycle: 3647
Register Write to Reg: 0x00 Val: 0x00000000
In clock cycle: 3648
Register Write to Reg: 0x00 Val: 0x00000000
In clock cycle: 3649
Register Write to Reg: 0x01 Val: 0x00400338
In clock cycle: 3650
Register Write to Reg: 0x00 Val: 0x00000000
In clock cycle: 3651
Register Write to Reg: 0x00 Val: 0x00000000
In clock cycle: 3652
Register Write to Reg: 0x00 Val: 0x00000000
In clock cycle: 3653
Register Write to Reg: 0x00 Val: 0x00400330
In clock cycle: 3654
Register Write to Reg: 0x02 Val: 0x10010F88
In clock cycle: 3655
Register Write to Reg: 0x00 Val: 0x00000000
In clock cycle: 3656
Register Write to Reg: 0x00 Val: 0x00000000
In clock cycle: 3657
Register Write to Reg: 0x00 Val: 0x00000000
In clock cycle: 3658
Memory Write to Addr: 0x10010FA4 Val: 0x00400338
In clock cycle: 3659
Memory Write to Addr: 0x10010FA0 Val: 0x10010FA8
In clock cycle: 3660
Register Write to Reg: 0x00 Val: 0x00000000
In clock cycle: 3661
Register Write to Reg: 0x00 Val: 0x00000000
In clock cycle: 3662
Register Write to Reg: 0x00 Val: 0x00000000
In clock cycle: 3663
Register Write to Reg: 0x08 Val: 0x10010F88
In clock cycle: 3664
Register Write to Reg: 0x00 Val: 0x00000000
In clock cycle: 3665
Register Write to Reg: 0x00 Val: 0x00000000
In clock cycle: 3666
Register Write to Reg: 0x00 Val: 0x00000000
In clock cycle: 3667
Memory Write to Addr: 0x10010FA8 Val: 0x10010FC4
In clock cycle: 3668
Register Write to Reg: 0x00 Val: 0x00400748
In clock cycle: 3669
Register Write to Reg: 0x07 Val: 0x10010FC4
In clock cycle: 3670
Register Write to Reg: 0x00 Val: 0x00000000
In clock cycle: 3671
Register Write to Reg: 0x00 Val: 0x00000000
In clock cycle: 3672
Register Write to Reg: 0x00 Val: 0x00000000
In clock cycle: 3673
Register Write to Reg: 0x07 Val: 0x00000003
In clock cycle: 3674
Register Write to Reg: 0x00 Val: 0x00000000
In clock cycle: 3675
Register Write to Reg: 0x00 Val: 0x00000000
In clock cycle: 3676
Register Write to Reg: 0x00 Val: 0x00000000
In clock cycle: 3677
Register Write to Reg: 0x07 Val: 0x00000001
In clock cycle: 3678
Register Write to Reg: 0x00 Val: 0x00000000
In clock cycle: 3679
Register Write to Reg: 0x00 Val: 0x00000000
In clock cycle: 3680
Register Write to Reg: 0x00 Val: 0x00000000
In clock cycle: 3682
Register Write to Reg: 0x00 Val: 0x00000000
In clock cycle: 3683
Register Write to Reg: 0x00 Val: 0x00000000
In clock cycle: 3684
Register Write to Reg: 0x00 Val: 0x004008B0
In clock cycle: 3685
Register Write to Reg: 0x07 Val: 0x10010FC4
In clock cycle: 3686
Register Write to Reg: 0x00 Val: 0x00000000
In clock cycle: 3687
Register Write to Reg: 0x00 Val: 0x00000000
In clock cycle: 3688
Register Write to Reg: 0x00 Val: 0x00000000
In clock cycle: 3689
Register Write to Reg: 0x1C Val: 0x00000000
In clock cycle: 3690
Register Write to Reg: 0x00 Val: 0x00000000
In clock cycle: 3691
Register Write to Reg: 0x00 Val: 0x00000000
In clock cycle: 3692
Register Write to Reg: 0x00 Val: 0x00000000
In clock cycle: 3693
Register Write to Reg: 0x07 Val: 0x10010FC4
In clock cycle: 3694
Register Write to Reg: 0x00 Val: 0x00000000
In clock cycle: 3695
Register Write to Reg: 0x00 Val: 0x00000000
In clock cycle: 3696
Register Write to Reg: 0x00 Val: 0x00000000
In clock cycle: 3697
Register Write to Reg: 0x07 Val: 0x00000003
In clock cycle: 3698
Register Write to Reg: 0x00 Val: 0x00000000
In clock cycle: 3699
Register Write to Reg: 0x00 Val: 0x00000000
In clock cycle: 3700
Register Write to Reg: 0x00 Val: 0x00000000
In clock cycle: 3701
Register Write to Reg: 0x1E Val: 0x00000003
In clock cycle: 3702
Register Write to Reg: 0x1D Val: 0x00000000
In clock cycle: 3703
Register Write to Reg: 0x00 Val: 0x00000000
In clock cycle: 3704
Register Write to Reg: 0x00 Val: 0x00000000
In clock cycle: 3705
Register Write to Reg: 0x00 Val: 0x00000000
In clock cycle: 3706
Register Write to Reg: 0x01 Val: 0x004007A4
In clock cycle: 3707
Register Write to Reg: 0x00 Val: 0x00000000
In clock cycle: 3708
Register Write to Reg: 0x00 Val: 0x00000000
In clock cycle: 3709
Register Write to Reg: 0x00 Val: 0x00000000
In clock cycle: 3710
Register Write to Reg: 0x01 Val: 0x004007D0
In clock cycle: 3711
Register Write to Reg: 0x00 Val: 0x00000000
In clock cycle: 3712
Register Write to Reg: 0x00 Val: 0x00000000
In clock cycle: 3713
Register Write to Reg: 0x00 Val: 0x00000000
In clock cycle: 3714
Register Write to Reg: 0x00 Val: 0x004007C8
In clock cycle: 3715
Register Write to Reg: 0x02 Val: 0x10010F68
In clock cycle: 3716
Register Write to Reg: 0x00 Val: 0x00000000
In clock cycle: 3717
Register Write to Reg: 0x00 Val: 0x00000000
In clock cycle: 3718
Register Write to Reg: 0x00 Val: 0x00000000
In clock cycle: 3719
Memory Write to Addr: 0x10010F84 Val: 0x10010F88
In clock cycle: 3720
Register Write to Reg: 0x00 Val: 0x00000000
In clock cycle: 3721
Register Write to Reg: 0x00 Val: 0x00000000
In clock cycle: 3722
Register Write to Reg: 0x00 Val: 0x00000000
In clock cycle: 3723
Register Write to Reg: 0x08 Val: 0x10010F68
In clock cycle: 3724
Register Write to Reg: 0x00 Val: 0x00000000
In clock cycle: 3725
Register Write to Reg: 0x00 Val: 0x00000000
In clock cycle: 3726
Register Write to Reg: 0x00 Val: 0x00000000
In clock cycle: 3727
Memory Write to Addr: 0x10010F88 Val: 0x00000000
In clock cycle: 3728
Memory Write to Addr: 0x10010F8C Val: 0x00000003
In clock cycle: 3729
Register Write to Reg: 0x07 Val: 0x1000F930
In clock cycle: 3730
Register Write to Reg: 0x00 Val: 0x00000000
In clock cycle: 3731
Register Write to Reg: 0x00 Val: 0x00000000
In clock cycle: 3732
Register Write to Reg: 0x00 Val: 0x00000000
In clock cycle: 3733
Register Write to Reg: 0x07 Val: 0x10010014
In clock cycle: 3734
Register Write to Reg: 0x00 Val: 0x00000000
In clock cycle: 3735
Register Write to Reg: 0x00 Val: 0x00000000
In clock cycle: 3736
Register Write to Reg: 0x00 Val: 0x00000000
In clock cycle: 3737
Register Write to Reg: 0x1C Val: 0x00000000
In clock cycle: 3738
Register Write to Reg: 0x00 Val: 0x00000000
In clock cycle: 3739
Register Write to Reg: 0x00 Val: 0x00000000
In clock cycle: 3740
Register Write to Reg: 0x00 Val: 0x00000000
In clock cycle: 3741
Register Write to Reg: 0x1C Val: 0x00000000
In clock cycle: 3742
Register Write to Reg: 0x00 Val: 0x00000000
In clock cycle: 3743
Register Write to Reg: 0x00 Val: 0x00000000
In clock cycle: 3744
Register Write to Reg: 0x00 Val: 0x00000000
In clock cycle: 3745
Register Write to Reg: 0x07 Val: 0x10010014
In clock cycle: 3746
Register Write to Reg: 0x00 Val: 0x00000000
In clock cycle: 3747
Register Write to Reg: 0x00 Val: 0x00000000
In clock cycle: 3748
Register Write to Reg: 0x00 Val: 0x00000000
In clock cycle: 3749
Register Write to Reg: 0x07 Val: 0x00000006
In clock cycle: 3750
Register Write to Reg: 0x00 Val: 0x00000000
In clock cycle: 3751
Register Write to Reg: 0x00 Val: 0x00000000
In clock cycle: 3752
Register Write to Reg: 0x00 Val: 0x00000000
In clock cycle: 3753
Memory Write to Addr: 0x10010F78 Val: 0x00000006
In clock cycle: 3754
Register Write to Reg: 0x07 Val: 0x00000001
In clock cycle: 3755
Register Write to Reg: 0x00 Val: 0x00000000
In clock cycle: 3756
Register Write to Reg: 0x00 Val: 0x00000000
In clock cycle: 3757
Register Write to Reg: 0x00 Val: 0x00000000
In clock cycle: 3758
Memory Write to Addr: 0x10010F70 Val: 0x00000001
In clock cycle: 3759
Memory Write to Addr: 0x10010F74 Val: 0x00000000
In clock cycle: 3760
Register Write to Reg: 0x00 Val: 0x004009B0
In clock cycle: 3761
Register Write to Reg: 0x1C Val: 0x00000000
In clock cycle: 3762
Register Write to Reg: 0x07 Val: 0x00000003
In clock cycle: 3763
Register Write to Reg: 0x00 Val: 0x00000000
In clock cycle: 3764
Register Write to Reg: 0x00 Val: 0x00000000
In clock cycle: 3765
Register Write to Reg: 0x00 Val: 0x00000000
In clock cycle: 3766
Register Write to Reg: 0x07 Val: 0x00000001
In clock cycle: 3767
Register Write to Reg: 0x00 Val: 0x00000000
In clock cycle: 3768
Register Write to Reg: 0x00 Val: 0x00000000
In clock cycle: 3769
Register Write to Reg: 0x00 Val: 0x00000000
In clock cycle: 3771
Register Write to Reg: 0x00 Val: 0x00000000
In clock cycle: 3772
Register Write to Reg: 0x00 Val: 0x00000000
In clock cycle: 3773
Register Write to Reg: 0x00 Val: 0x00400A34
In clock cycle: 3774
Register Write to Reg: 0x07 Val: 0x00000001
In clock cycle: 3775
Register Write to Reg: 0x00 Val: 0x00000000
In clock cycle: 3776
Register Write to Reg: 0x00 Val: 0x00000000
In clock cycle: 3777
Register Write to Reg: 0x00 Val: 0x00000000
In clock cycle: 3778
Register Write to Reg: 0x07 Val: 0x00000002
In clock cycle: 3779
Register Write to Reg: 0x00 Val: 0x00000000
In clock cycle: 3780
Register Write to Reg: 0x00 Val: 0x00000000
In clock cycle: 3781
Register Write to Reg: 0x00 Val: 0x00000000
In clock cycle: 3782
Memory Write to Addr: 0x10010F70 Val: 0x00000002
In clock cycle: 3783
Register Write to Reg: 0x07 Val: 0x00000000
In clock cycle: 3784
Register Write to Reg: 0x00 Val: 0x00000000
In clock cycle: 3785
Register Write to Reg: 0x00 Val: 0x00000000
In clock cycle: 3786
Register Write to Reg: 0x00 Val: 0x00000000
In clock cycle: 3787
Register Write to Reg: 0x07 Val: 0x00000001
In clock cycle: 3788
Register Write to Reg: 0x00 Val: 0x00000000
In clock cycle: 3789
Register Write to Reg: 0x00 Val: 0x00000000
In clock cycle: 3790
Register Write to Reg: 0x00 Val: 0x00000000
In clock cycle: 3791
Memory Write to Addr: 0x10010F74 Val: 0x00000001
In clock cycle: 3792
Register Write to Reg: 0x1C Val: 0x00000001
In clock cycle: 3793
Register Write to Reg: 0x07 Val: 0x00000003
In clock cycle: 3794
Register Write to Reg: 0x00 Val: 0x00000000
In clock cycle: 3795
Register Write to Reg: 0x00 Val: 0x00000000
In clock cycle: 3796
Register Write to Reg: 0x00 Val: 0x00000000
In clock cycle: 3797
Register Write to Reg: 0x07 Val: 0x00000001
In clock cycle: 3798
Register Write to Reg: 0x00 Val: 0x00000000
In clock cycle: 3799
Register Write to Reg: 0x00 Val: 0x00000000
In clock cycle: 3800
Register Write to Reg: 0x00 Val: 0x00000000
In clock cycle: 3802
Register Write to Reg: 0x00 Val: 0x00000000
In clock cycle: 3803
Register Write to Reg: 0x00 Val: 0x00000000
In clock cycle: 3804
Register Write to Reg: 0x00 Val: 0x00400A34
In clock cycle: 3805
Register Write to Reg: 0x07 Val: 0x00000002
In clock cycle: 3806
Register Write to Reg: 0x00 Val: 0x00000000
In clock cycle: 3807
Register Write to Reg: 0x00 Val: 0x00000000
In clock cycle: 3808
Register Write to Reg: 0x00 Val: 0x00000000
In clock cycle: 3809
Register Write to Reg: 0x07 Val: 0x00000004
In clock cycle: 3810
Register Write to Reg: 0x00 Val: 0x00000000
In clock cycle: 3811
Register Write to Reg: 0x00 Val: 0x00000000
In clock cycle: 3812
Register Write to Reg: 0x00 Val: 0x00000000
In clock cycle: 3813
Memory Write to Addr: 0x10010F70 Val: 0x00000004
In clock cycle: 3814
Register Write to Reg: 0x07 Val: 0x00000001
In clock cycle: 3815
Register Write to Reg: 0x00 Val: 0x00000000
In clock cycle: 3816
Register Write to Reg: 0x00 Val: 0x00000000
In clock cycle: 3817
Register Write to Reg: 0x00 Val: 0x00000000
In clock cycle: 3818
Register Write to Reg: 0x07 Val: 0x00000002
In clock cycle: 3819
Register Write to Reg: 0x00 Val: 0x00000000
In clock cycle: 3820
Register Write to Reg: 0x00 Val: 0x00000000
In clock cycle: 3821
Register Write to Reg: 0x00 Val: 0x00000000
In clock cycle: 3822
Memory Write to Addr: 0x10010F74 Val: 0x00000002
In clock cycle: 3823
Register Write to Reg: 0x1C Val: 0x00000002
In clock cycle: 3824
Register Write to Reg: 0x07 Val: 0x00000003
In clock cycle: 3825
Register Write to Reg: 0x00 Val: 0x00000000
In clock cycle: 3826
Register Write to Reg: 0x00 Val: 0x00000000
In clock cycle: 3827
Register Write to Reg: 0x00 Val: 0x00000000
In clock cycle: 3828
Register Write to Reg: 0x07 Val: 0x00000001
In clock cycle: 3829
Register Write to Reg: 0x00 Val: 0x00000000
In clock cycle: 3830
Register Write to Reg: 0x00 Val: 0x00000000
In clock cycle: 3831
Register Write to Reg: 0x00 Val: 0x00000000
In clock cycle: 3833
Register Write to Reg: 0x00 Val: 0x00000000
In clock cycle: 3834
Register Write to Reg: 0x00 Val: 0x00000000
In clock cycle: 3835
Register Write to Reg: 0x00 Val: 0x00400A34
In clock cycle: 3836
Register Write to Reg: 0x07 Val: 0x00000004
In clock cycle: 3837
Register Write to Reg: 0x00 Val: 0x00000000
In clock cycle: 3838
Register Write to Reg: 0x00 Val: 0x00000000
In clock cycle: 3839
Register Write to Reg: 0x00 Val: 0x00000000
In clock cycle: 3840
Register Write to Reg: 0x07 Val: 0x00000008
In clock cycle: 3841
Register Write to Reg: 0x00 Val: 0x00000000
In clock cycle: 3842
Register Write to Reg: 0x00 Val: 0x00000000
In clock cycle: 3843
Register Write to Reg: 0x00 Val: 0x00000000
In clock cycle: 3844
Memory Write to Addr: 0x10010F70 Val: 0x00000008
In clock cycle: 3845
Register Write to Reg: 0x07 Val: 0x00000002
In clock cycle: 3846
Register Write to Reg: 0x00 Val: 0x00000000
In clock cycle: 3847
Register Write to Reg: 0x00 Val: 0x00000000
In clock cycle: 3848
Register Write to Reg: 0x00 Val: 0x00000000
In clock cycle: 3849
Register Write to Reg: 0x07 Val: 0x00000003
In clock cycle: 3850
Register Write to Reg: 0x00 Val: 0x00000000
In clock cycle: 3851
Register Write to Reg: 0x00 Val: 0x00000000
In clock cycle: 3852
Register Write to Reg: 0x00 Val: 0x00000000
In clock cycle: 3853
Memory Write to Addr: 0x10010F74 Val: 0x00000003
In clock cycle: 3854
Register Write to Reg: 0x1C Val: 0x00000003
In clock cycle: 3855
Register Write to Reg: 0x07 Val: 0x00000003
In clock cycle: 3856
Register Write to Reg: 0x00 Val: 0x00000000
In clock cycle: 3857
Register Write to Reg: 0x00 Val: 0x00000000
In clock cycle: 3858
Register Write to Reg: 0x00 Val: 0x00000000
In clock cycle: 3859
Register Write to Reg: 0x07 Val: 0x00000000
In clock cycle: 3860
Register Write to Reg: 0x00 Val: 0x00000000
In clock cycle: 3861
Register Write to Reg: 0x00 Val: 0x00000000
In clock cycle: 3862
Register Write to Reg: 0x00 Val: 0x00000000
In clock cycle: 3864
Register Write to Reg: 0x1C Val: 0x00000008
In clock cycle: 3865
Register Write to Reg: 0x07 Val: 0x00000006
In clock cycle: 3866
Register Write to Reg: 0x00 Val: 0x00000000
In clock cycle: 3867
Register Write to Reg: 0x00 Val: 0x00000000
In clock cycle: 3868
Register Write to Reg: 0x00 Val: 0x00000000
In clock cycle: 3869
Register Write to Reg: 0x07 Val: 0x00000000
In clock cycle: 3870
Register Write to Reg: 0x00 Val: 0x00000000
In clock cycle: 3871
Register Write to Reg: 0x00 Val: 0x00000000
In clock cycle: 3872
Register Write to Reg: 0x00 Val: 0x00000000
In clock cycle: 3873
Register Write to Reg: 0x07 Val: 0x00000000
In clock cycle: 3874
Register Write to Reg: 0x00 Val: 0x00000000
In clock cycle: 3875
Register Write to Reg: 0x00 Val: 0x00000000
In clock cycle: 3876
Register Write to Reg: 0x00 Val: 0x00000000
In clock cycle: 3877
Register Write to Reg: 0x07 Val: 0x00000000
In clock cycle: 3878
Register Write to Reg: 0x00 Val: 0x00000000
In clock cycle: 3879
Register Write to Reg: 0x00 Val: 0x00000000
In clock cycle: 3880
Register Write to Reg: 0x00 Val: 0x00000000
In clock cycle: 3881
Register Write to Reg: 0x02 Val: 0x10010F68
In clock cycle: 3882
Register Write to Reg: 0x00 Val: 0x00000000
In clock cycle: 3883
Register Write to Reg: 0x00 Val: 0x00000000
In clock cycle: 3884
Register Write to Reg: 0x00 Val: 0x00000000
In clock cycle: 3885
Register Write to Reg: 0x08 Val: 0x10010F88
In clock cycle: 3886
Register Write to Reg: 0x00 Val: 0x00000000
In clock cycle: 3887
Register Write to Reg: 0x00 Val: 0x00000000
In clock cycle: 3888
Register Write to Reg: 0x00 Val: 0x00000000
In clock cycle: 3889
Register Write to Reg: 0x02 Val: 0x10010F88
In clock cycle: 3890
Register Write to Reg: 0x00 Val: 0x00000000
In clock cycle: 3891
Register Write to Reg: 0x00 Val: 0x00000000
In clock cycle: 3892
Register Write to Reg: 0x00 Val: 0x00400AB0
In clock cycle: 3894
Register Write to Reg: 0x07 Val: 0x10010FC4
In clock cycle: 3895
Register Write to Reg: 0x00 Val: 0x00000000
In clock cycle: 3896
Register Write to Reg: 0x00 Val: 0x00000000
In clock cycle: 3897
Register Write to Reg: 0x00 Val: 0x00000000
In clock cycle: 3898
Register Write to Reg: 0x07 Val: 0x00000003
In clock cycle: 3899
Register Write to Reg: 0x00 Val: 0x00000000
In clock cycle: 3900
Register Write to Reg: 0x00 Val: 0x00000000
In clock cycle: 3901
Register Write to Reg: 0x00 Val: 0x00000000
In clock cycle: 3902
Register Write to Reg: 0x1C Val: 0x00000004
In clock cycle: 3903
Register Write to Reg: 0x00 Val: 0x00000000
In clock cycle: 3904
Register Write to Reg: 0x00 Val: 0x00000000
In clock cycle: 3905
Register Write to Reg: 0x00 Val: 0x00000000
In clock cycle: 3906
Register Write to Reg: 0x07 Val: 0x10010FC4
In clock cycle: 3907
Register Write to Reg: 0x00 Val: 0x00000000
In clock cycle: 3908
Register Write to Reg: 0x00 Val: 0x00000000
In clock cycle: 3909
Register Write to Reg: 0x00 Val: 0x00000000
In clock cycle: 3910
Memory Write to Addr: 0x10010FC8 Val: 0x00000004
In clock cycle: 3911
Register Write to Reg: 0x07 Val: 0x10010FC4
In clock cycle: 3912
Register Write to Reg: 0x00 Val: 0x00000000
In clock cycle: 3913
Register Write to Reg: 0x00 Val: 0x00000000
In clock cycle: 3914
Register Write to Reg: 0x00 Val: 0x00000000
In clock cycle: 3915
Register Write to Reg: 0x07 Val: 0x00000004
In clock cycle: 3916
Register Write to Reg: 0x00 Val: 0x00000000
In clock cycle: 3917
Register Write to Reg: 0x00 Val: 0x00000000
In clock cycle: 3918
Register Write to Reg: 0x00 Val: 0x00000000
In clock cycle: 3919
Register Write to Reg: 0x07 Val: 0x00000000
In clock cycle: 3920
Register Write to Reg: 0x00 Val: 0x00000000
In clock cycle: 3921
Register Write to Reg: 0x00 Val: 0x00000000
In clock cycle: 3922
Register Write to Reg: 0x00 Val: 0x00000000
In clock cycle: 3924
Register Write to Reg: 0x07 Val: 0xFFFFFFFF
In clock cycle: 3925
Register Write to Reg: 0x02 Val: 0x10010F88
In clock cycle: 3926
Register Write to Reg: 0x00 Val: 0x00000000
In clock cycle: 3927
Register Write to Reg: 0x00 Val: 0x00000000
In clock cycle: 3928
Register Write to Reg: 0x00 Val: 0x00000000
In clock cycle: 3929
Register Write to Reg: 0x01 Val: 0x00400338
In clock cycle: 3930
Register Write to Reg: 0x08 Val: 0x10010FA8
In clock cycle: 3931
Register Write to Reg: 0x00 Val: 0x00000000
In clock cycle: 3932
Register Write to Reg: 0x00 Val: 0x00000000
In clock cycle: 3933
Register Write to Reg: 0x00 Val: 0x00000000
In clock cycle: 3934
Register Write to Reg: 0x02 Val: 0x10010FA8
In clock cycle: 3935
Register Write to Reg: 0x00 Val: 0x00000000
In clock cycle: 3936
Register Write to Reg: 0x00 Val: 0x00000000
In clock cycle: 3937
Register Write to Reg: 0x00 Val: 0x004008F0
In clock cycle: 3938
Memory Write to Addr: 0x10010FC0 Val: 0xFFFFFFFF
In clock cycle: 3939
Register Write to Reg: 0x1C Val: 0xFFFFFFFF
In clock cycle: 3940
Register Write to Reg: 0x00 Val: 0x00000000
In clock cycle: 3941
Register Write to Reg: 0x00 Val: 0x00000000
In clock cycle: 3942
Register Write to Reg: 0x00 Val: 0x00000000
In clock cycle: 3943
Register Write to Reg: 0x07 Val: 0xFFFFFFFF
In clock cycle: 3944
Register Write to Reg: 0x00 Val: 0x00000000
In clock cycle: 3945
Register Write to Reg: 0x00 Val: 0x00000000
In clock cycle: 3947
Register Write to Reg: 0x07 Val: 0x10010370
In clock cycle: 3948
Register Write to Reg: 0x00 Val: 0x00000000
In clock cycle: 3949
Register Write to Reg: 0x00 Val: 0x00000000
In clock cycle: 3950
Register Write to Reg: 0x00 Val: 0x00000000
In clock cycle: 3951
Register Write to Reg: 0x07 Val: 0x10010028
In clock cycle: 3952
Register Write to Reg: 0x00 Val: 0x00000000
In clock cycle: 3953
Register Write to Reg: 0x00 Val: 0x00000000
In clock cycle: 3954
Register Write to Reg: 0x00 Val: 0x00000000
In clock cycle: 3955
Register Write to Reg: 0x07 Val: 0x00000001
In clock cycle: 3956
Register Write to Reg: 0x00 Val: 0x00000000
In clock cycle: 3957
Register Write to Reg: 0x00 Val: 0x00000000
In clock cycle: 3958
Register Write to Reg: 0x00 Val: 0x00000000
In clock cycle: 3959
Register Write to Reg: 0x1D Val: 0x00000000
In clock cycle: 3960
Register Write to Reg: 0x00 Val: 0x00000000
In clock cycle: 3961
Register Write to Reg: 0x00 Val: 0x00000000
In clock cycle: 3962
Register Write to Reg: 0x00 Val: 0x00000000
In clock cycle: 3963
Register Write to Reg: 0x1C Val: 0x100103B0
In clock cycle: 3964
Register Write to Reg: 0x00 Val: 0x00000000
In clock cycle: 3965
Register Write to Reg: 0x00 Val: 0x00000000
In clock cycle: 3966
Register Write to Reg: 0x00 Val: 0x00000000
In clock cycle: 3967
Register Write to Reg: 0x1C Val: 0x10010028
In clock cycle: 3968
Register Write to Reg: 0x00 Val: 0x00000000
In clock cycle: 3969
Register Write to Reg: 0x00 Val: 0x00000000
In clock cycle: 3970
Register Write to Reg: 0x00 Val: 0x00000000
In clock cycle: 3971
Memory Write to Addr: 0x10010028 Val: 0x00000000
In clock cycle: 3972
Register Write to Reg: 0x1D Val: 0x100103D4
In clock cycle: 3973
Register Write to Reg: 0x00 Val: 0x00000000
In clock cycle: 3974
Register Write to Reg: 0x00 Val: 0x00000000
In clock cycle: 3975
Register Write to Reg: 0x00 Val: 0x00000000
In clock cycle: 3976
Register Write to Reg: 0x1D Val: 0x10010000
In clock cycle: 3977
Register Write to Reg: 0x00 Val: 0x00000000
In clock cycle: 3978
Register Write to Reg: 0x00 Val: 0x00000000
In clock cycle: 3979
Register Write to Reg: 0x00 Val: 0x00000000
In clock cycle: 3980
Register Write to Reg: 0x1C Val: 0x00000004
In clock cycle: 3981
Register Write to Reg: 0x00 Val: 0x00000000
In clock cycle: 3982
Register Write to Reg: 0x00 Val: 0x00000000
In clock cycle: 3983
Register Write to Reg: 0x00 Val: 0x00000000
In clock cycle: 3984
Register Write to Reg: 0x1C Val: 0x00000002
In clock cycle: 3985
Register Write to Reg: 0x00 Val: 0x00000000
In clock cycle: 3986
Register Write to Reg: 0x00 Val: 0x00000000
In clock cycle: 3987
Register Write to Reg: 0x00 Val: 0x00000000
In clock cycle: 3988
Register Write to Reg: 0x1C Val: 0x00000001
In clock cycle: 3989
Register Write to Reg: 0x00 Val: 0x00000000
In clock cycle: 3990
Register Write to Reg: 0x00 Val: 0x00000000
In clock cycle: 3991
Register Write to Reg: 0x00 Val: 0x00000000
In clock cycle: 3992
Register Write to Reg: 0x1C Val: 0x00000004
In clock cycle: 3993
Register Write to Reg: 0x00 Val: 0x00000000
In clock cycle: 3994
Register Write to Reg: 0x00 Val: 0x00000000
In clock cycle: 3995
Register Write to Reg: 0x00 Val: 0x00000000
In clock cycle: 3996
Register Write to Reg: 0x1F Val: 0x00400339
In clock cycle: 3997
Register Write to Reg: 0x00 Val: 0x00000000
In clock cycle: 3998
Register Write to Reg: 0x00 Val: 0x00000000
In clock cycle: 3999
Register Write to Reg: 0x00 Val: 0x00000000
In clock cycle: 4000
Register Write to Reg: 0x1F Val: 0x00400339
In clock cycle: 4001
Register Write to Reg: 0x00 Val: 0x00000000
In clock cycle: 4002
Register Write to Reg: 0x00 Val: 0x00000000
In clock cycle: 4003
Register Write to Reg: 0x00 Val: 0x00000000
In clock cycle: 4004
Register Write to Reg: 0x1F Val: 0xFFBFFCC7
In clock cycle: 4005
Register Write to Reg: 0x00 Val: 0x00000000
In clock cycle: 4006
Register Write to Reg: 0x00 Val: 0x00000000
In clock cycle: 4007
Register Write to Reg: 0x00 Val: 0x00000000
In clock cycle: 4008
Register Write to Reg: 0x07 Val: 0x10010464
In clock cycle: 4009
Register Write to Reg: 0x00 Val: 0x00000000
In clock cycle: 4010
Register Write to Reg: 0x00 Val: 0x00000000
In clock cycle: 4011
Register Write to Reg: 0x00 Val: 0x00000000
In clock cycle: 4012
Register Write to Reg: 0x07 Val: 0x10010000
In clock cycle: 4013
Register Write to Reg: 0x00 Val: 0x00000000
In clock cycle: 4014
Register Write to Reg: 0x00 Val: 0x00000000
In clock cycle: 4015
Register Write to Reg: 0x00 Val: 0x00000000
In clock cycle: 4016
Register Write to Reg: 0x0B Val: 0x00010000
In clock cycle: 4017
Register Write to Reg: 0x00 Val: 0x00000000
In clock cycle: 4018
Register Write to Reg: 0x00 Val: 0x00000000
In clock cycle: 4019
Register Write to Reg: 0x00 Val: 0x00000000
In clock cycle: 4020
Register Write to Reg: 0x0B Val: 0x0000FFFF
In clock cycle: 4021
Register Write to Reg: 0x00 Val: 0x00000000
In clock cycle: 4022
Register Write to Reg: 0x00 Val: 0x00000000
In clock cycle: 4023
Register Write to Reg: 0x00 Val: 0x00000000
In clock cycle: 4024
Register Write to Reg: 0x1F Val: 0x00000000
In clock cycle: 4025
Register Write to Reg: 0x00 Val: 0x00000000
In clock cycle: 4026
Register Write to Reg: 0x00 Val: 0x00000000
In clock cycle: 4027
Register Write to Reg: 0x00 Val: 0x00000000
In clock cycle: 4028
Register Write to Reg: 0x07 Val: 0x10010000
In clock cycle: 4029
Register Write to Reg: 0x00 Val: 0x00000000
In clock cycle: 4030
Register Write to Reg: 0x00 Val: 0x00000000
In clock cycle: 4031
Register Write to Reg: 0x00 Val: 0x00000000
In clock cycle: 4032
Register Write to Reg: 0x07 Val: 0x10010004
In clock cycle: 4033
Register Write to Reg: 0x00 Val: 0x00000000
In clock cycle: 4034
Register Write to Reg: 0x00 Val: 0x00000000
In clock cycle: 4035
Register Write to Reg: 0x00 Val: 0x00000000
In clock cycle: 4036
Register Write to Reg: 0x1C Val: 0x00000000
In clock cycle: 4037
Register Write to Reg: 0x00 Val: 0x00000000
In clock cycle: 4038
Register Write to Reg: 0x00 Val: 0x00000000
In clock cycle: 4039
Register Write to Reg: 0x00 Val: 0x00000000
In clock cycle: 4040
Memory Write to Addr: 0x10010004 Val: 0x00000000
In clock cycle: 4041
Register Write to Reg: 0x02 Val: 0x10010FA8
In clock cycle: 4042
Register Write to Reg: 0x00 Val: 0x00000000
In clock cycle: 4043
Register Write to Reg: 0x00 Val: 0x00000000
In clock cycle: 4044
Register Write to Reg: 0x00 Val: 0x00000000
In clock cycle: 4045
Register Write to Reg: 0x01 Val: 0x0040013C
In clock cycle: 4046
Register Write to Reg: 0x08 Val: 0x10010FD8
In clock cycle: 4047
Register Write to Reg: 0x00 Val: 0x00000000
In clock cycle: 4048
Register Write to Reg: 0x00 Val: 0x00000000
In clock cycle: 4049
Register Write to Reg: 0x00 Val: 0x00000000
In clock cycle: 4050
Register Write to Reg: 0x02 Val: 0x10010FD8
In clock cycle: 4051
Register Write to Reg: 0x00 Val: 0x00000000
In clock cycle: 4052
Register Write to Reg: 0x00 Val: 0x00000000
In clock cycle: 4053
Register Write to Reg: 0x00 Val: 0x0040051C
In clock cycle: 4054
Register Write to Reg: 0x07 Val: 0x00000000
In clock cycle: 4055
Register Write to Reg: 0x00 Val: 0x00000000
In clock cycle: 4056
Register Write to Reg: 0x00 Val: 0x00000000
In clock cycle: 4057
Register Write to Reg: 0x00 Val: 0x00000000
In clock cycle: 4058
Register Write to Reg: 0x07 Val: 0x00000001
In clock cycle: 4059
Register Write to Reg: 0x00 Val: 0x00000000
In clock cycle: 4060
Register Write to Reg: 0x00 Val: 0x00000000
In clock cycle: 4061
Register Write to Reg: 0x00 Val: 0x00000000
In clock cycle: 4062
Memory Write to Addr: 0x10010FF0 Val: 0x00000001
In clock cycle: 4063
Register Write to Reg: 0x07 Val: 0x00000001
In clock cycle: 4064
Register Write to Reg: 0x00 Val: 0x00000000
In clock cycle: 4065
Register Write to Reg: 0x00 Val: 0x00000000
In clock cycle: 4066
Register Write to Reg: 0x00 Val: 0x00000000
In clock cycle: 4067
Register Write to Reg: 0x07 Val: 0x00000001
In clock cycle: 4068
Register Write to Reg: 0x00 Val: 0x00000000
In clock cycle: 4069
Register Write to Reg: 0x00 Val: 0x00000000
In clock cycle: 4070
Register Write to Reg: 0x00 Val: 0x00000000
In clock cycle: 4072
Register Write to Reg: 0x00 Val: 0x00000000
In clock cycle: 4073
Register Write to Reg: 0x00 Val: 0x00000000
In clock cycle: 4074
Register Write to Reg: 0x00 Val: 0x00400190
In clock cycle: 4075
Register Write to Reg: 0x1D Val: 0x00000001
In clock cycle: 4076
Register Write to Reg: 0x00 Val: 0x00000000
In clock cycle: 4077
Register Write to Reg: 0x00 Val: 0x00000000
In clock cycle: 4078
Register Write to Reg: 0x00 Val: 0x00000000
In clock cycle: 4079
Register Write to Reg: 0x01 Val: 0x004000A8
In clock cycle: 4080
Register Write to Reg: 0x00 Val: 0x00000000
In clock cycle: 4081
Register Write to Reg: 0x00 Val: 0x00000000
In clock cycle: 4082
Register Write to Reg: 0x00 Val: 0x00000000
In clock cycle: 4083
Register Write to Reg: 0x01 Val: 0x004000D4
In clock cycle: 4084
Register Write to Reg: 0x00 Val: 0x00000000
In clock cycle: 4085
Register Write to Reg: 0x00 Val: 0x00000000
In clock cycle: 4086
Register Write to Reg: 0x00 Val: 0x00000000
In clock cycle: 4087
Register Write to Reg: 0x00 Val: 0x004000CC
In clock cycle: 4088
Register Write to Reg: 0x02 Val: 0x10010FB8
In clock cycle: 4089
Register Write to Reg: 0x00 Val: 0x00000000
In clock cycle: 4090
Register Write to Reg: 0x00 Val: 0x00000000
In clock cycle: 4091
Register Write to Reg: 0x00 Val: 0x00000000
In clock cycle: 4092
Memory Write to Addr: 0x10010FD4 Val: 0x10010FD8
In clock cycle: 4093
Register Write to Reg: 0x00 Val: 0x00000000
In clock cycle: 4094
Register Write to Reg: 0x00 Val: 0x00000000
In clock cycle: 4095
Register Write to Reg: 0x00 Val: 0x00000000
In clock cycle: 4096
Register Write to Reg: 0x08 Val: 0x10010FB8
In clock cycle: 4097
Register Write to Reg: 0x00 Val: 0x00000000
In clock cycle: 4098
Register Write to Reg: 0x00 Val: 0x00000000
In clock cycle: 4099
Register Write to Reg: 0x00 Val: 0x00000000
In clock cycle: 4100
Memory Write to Addr: 0x10010FD8 Val: 0x00000001
In clock cycle: 4101
Register Write to Reg: 0x07 Val: 0x00000001
In clock cycle: 4102
Register Write to Reg: 0x00 Val: 0x00000000
In clock cycle: 4103
Register Write to Reg: 0x00 Val: 0x00000000
In clock cycle: 4104
Register Write to Reg: 0x00 Val: 0x00000000
In clock cycle: 4105
Memory Write to Addr: 0x10010FC0 Val: 0x00000001
In clock cycle: 4106
Memory Write to Addr: 0x10010FC4 Val: 0x00000000
In clock cycle: 4107
Register Write to Reg: 0x00 Val: 0x00400C94
In clock cycle: 4108
Register Write to Reg: 0x1C Val: 0x00000000
In clock cycle: 4109
Register Write to Reg: 0x07 Val: 0x00000001
In clock cycle: 4110
Register Write to Reg: 0x00 Val: 0x00000000
In clock cycle: 4111
Register Write to Reg: 0x00 Val: 0x00000000
In clock cycle: 4112
Register Write to Reg: 0x00 Val: 0x00000000
In clock cycle: 4113
Register Write to Reg: 0x07 Val: 0x00000001
In clock cycle: 4114
Register Write to Reg: 0x00 Val: 0x00000000
In clock cycle: 4115
Register Write to Reg: 0x00 Val: 0x00000000
In clock cycle: 4116
Register Write to Reg: 0x00 Val: 0x00000000
In clock cycle: 4118
Register Write to Reg: 0x00 Val: 0x00000000
In clock cycle: 4119
Register Write to Reg: 0x00 Val: 0x00000000
In clock cycle: 4120
Register Write to Reg: 0x00 Val: 0x00400D18
In clock cycle: 4121
Register Write to Reg: 0x07 Val: 0x00000001
In clock cycle: 4122
Register Write to Reg: 0x00 Val: 0x00000000
In clock cycle: 4123
Register Write to Reg: 0x00 Val: 0x00000000
In clock cycle: 4124
Register Write to Reg: 0x00 Val: 0x00000000
In clock cycle: 4125
Register Write to Reg: 0x07 Val: 0x00000100
In clock cycle: 4126
Register Write to Reg: 0x00 Val: 0x00000000
In clock cycle: 4127
Register Write to Reg: 0x00 Val: 0x00000000
In clock cycle: 4128
Register Write to Reg: 0x00 Val: 0x00000000
In clock cycle: 4129
Memory Write to Addr: 0x10010FC0 Val: 0x00000100
In clock cycle: 4130
Register Write to Reg: 0x07 Val: 0x00000000
In clock cycle: 4131
Register Write to Reg: 0x00 Val: 0x00000000
In clock cycle: 4132
Register Write to Reg: 0x00 Val: 0x00000000
In clock cycle: 4133
Register Write to Reg: 0x00 Val: 0x00000000
In clock cycle: 4134
Register Write to Reg: 0x07 Val: 0x00000001
In clock cycle: 4135
Register Write to Reg: 0x00 Val: 0x00000000
In clock cycle: 4136
Register Write to Reg: 0x00 Val: 0x00000000
In clock cycle: 4137
Register Write to Reg: 0x00 Val: 0x00000000
In clock cycle: 4138
Memory Write to Addr: 0x10010FC4 Val: 0x00000001
In clock cycle: 4139
Register Write to Reg: 0x1C Val: 0x00000001
In clock cycle: 4140
Register Write to Reg: 0x07 Val: 0x00000001
In clock cycle: 4141
Register Write to Reg: 0x00 Val: 0x00000000
In clock cycle: 4142
Register Write to Reg: 0x00 Val: 0x00000000
In clock cycle: 4143
Register Write to Reg: 0x00 Val: 0x00000000
In clock cycle: 4144
Register Write to Reg: 0x07 Val: 0x00000000
In clock cycle: 4145
Register Write to Reg: 0x00 Val: 0x00000000
In clock cycle: 4146
Register Write to Reg: 0x00 Val: 0x00000000
In clock cycle: 4147
Register Write to Reg: 0x00 Val: 0x00000000
In clock cycle: 4149
Register Write to Reg: 0x07 Val: 0x1000FD20
In clock cycle: 4150
Register Write to Reg: 0x00 Val: 0x00000000
In clock cycle: 4151
Register Write to Reg: 0x00 Val: 0x00000000
In clock cycle: 4152
Register Write to Reg: 0x00 Val: 0x00000000
In clock cycle: 4153
Register Write to Reg: 0x07 Val: 0x10010024
In clock cycle: 4154
Register Write to Reg: 0x00 Val: 0x00000000
In clock cycle: 4155
Register Write to Reg: 0x00 Val: 0x00000000
In clock cycle: 4156
Register Write to Reg: 0x00 Val: 0x00000000
In clock cycle: 4157
Register Write to Reg: 0x07 Val: 0x00010101
In clock cycle: 4158
Register Write to Reg: 0x00 Val: 0x00000000
In clock cycle: 4159
Register Write to Reg: 0x00 Val: 0x00000000
In clock cycle: 4160
Register Write to Reg: 0x00 Val: 0x00000000
In clock cycle: 4161
Memory Write to Addr: 0x10010FC8 Val: 0x00010101
In clock cycle: 4162
Register Write to Reg: 0x1C Val: 0x00010101
In clock cycle: 4163
Register Write to Reg: 0x00 Val: 0x00000000
In clock cycle: 4164
Register Write to Reg: 0x00 Val: 0x00000000
In clock cycle: 4165
Register Write to Reg: 0x00 Val: 0x00000000
In clock cycle: 4166
Register Write to Reg: 0x07 Val: 0x00000100
In clock cycle: 4167
Register Write to Reg: 0x00 Val: 0x00000000
In clock cycle: 4168
Register Write to Reg: 0x00 Val: 0x00000000
In clock cycle: 4169
Register Write to Reg: 0x00 Val: 0x00000000
In clock cycle: 4170
Register Write to Reg: 0x07 Val: 0x00000100
In clock cycle: 4171
Register Write to Reg: 0x00 Val: 0x00000000
In clock cycle: 4172
Register Write to Reg: 0x00 Val: 0x00000000
In clock cycle: 4173
Register Write to Reg: 0x00 Val: 0x00000000
In clock cycle: 4174
Register Write to Reg: 0x07 Val: 0x00000001
In clock cycle: 4175
Register Write to Reg: 0x00 Val: 0x00000000
In clock cycle: 4176
Register Write to Reg: 0x00 Val: 0x00000000
In clock cycle: 4177
Register Write to Reg: 0x00 Val: 0x00000000
In clock cycle: 4178
Register Write to Reg: 0x07 Val: 0x00000001
In clock cycle: 4179
Register Write to Reg: 0x00 Val: 0x00000000
In clock cycle: 4180
Register Write to Reg: 0x00 Val: 0x00000000
In clock cycle: 4181
Register Write to Reg: 0x00 Val: 0x00000000
In clock cycle: 4182
Register Write to Reg: 0x02 Val: 0x10010FB8
In clock cycle: 4183
Register Write to Reg: 0x00 Val: 0x00000000
In clock cycle: 4184
Register Write to Reg: 0x00 Val: 0x00000000
In clock cycle: 4185
Register Write to Reg: 0x00 Val: 0x00000000
In clock cycle: 4186
Register Write to Reg: 0x08 Val: 0x10010FD8
In clock cycle: 4187
Register Write to Reg: 0x00 Val: 0x00000000
In clock cycle: 4188
Register Write to Reg: 0x00 Val: 0x00000000
In clock cycle: 4189
Register Write to Reg: 0x00 Val: 0x00000000
In clock cycle: 4190
Register Write to Reg: 0x02 Val: 0x10010FD8
In clock cycle: 4191
Register Write to Reg: 0x00 Val: 0x00000000
In clock cycle: 4192
Register Write to Reg: 0x00 Val: 0x00000000
In clock cycle: 4193
Register Write to Reg: 0x00 Val: 0x00400DD4
In clock cycle: 4194
Register Write to Reg: 0x07 Val: 0x00000000
In clock cycle: 4195
Register Write to Reg: 0x00 Val: 0x00000000
In clock cycle: 4196
Register Write to Reg: 0x00 Val: 0x00000000
In clock cycle: 4197
Register Write to Reg: 0x00 Val: 0x00000000
In clock cycle: 4198
Register Write to Reg: 0x07 Val: 0x00000000
In clock cycle: 4199
Register Write to Reg: 0x00 Val: 0x00000000
In clock cycle: 4200
Register Write to Reg: 0x00 Val: 0x00000000
In clock cycle: 4201
Register Write to Reg: 0x00 Val: 0x00000000
In clock cycle: 4203
Register Write to Reg: 0x07 Val: 0x00000001
In clock cycle: 4204
Register Write to Reg: 0x00 Val: 0x00000000
In clock cycle: 4205
Register Write to Reg: 0x00 Val: 0x00000000
In clock cycle: 4206
Register Write to Reg: 0x00 Val: 0x00000000
In clock cycle: 4207
Register Write to Reg: 0x07 Val: 0x00000002
In clock cycle: 4208
Register Write to Reg: 0x00 Val: 0x00000000
In clock cycle: 4209
Register Write to Reg: 0x00 Val: 0x00000000
In clock cycle: 4210
Register Write to Reg: 0x00 Val: 0x00000000
In clock cycle: 4211
Memory Write to Addr: 0x10010FF0 Val: 0x00000002
In clock cycle: 4212
Register Write to Reg: 0x07 Val: 0x00000002
In clock cycle: 4213
Register Write to Reg: 0x00 Val: 0x00000000
In clock cycle: 4214
Register Write to Reg: 0x00 Val: 0x00000000
In clock cycle: 4215
Register Write to Reg: 0x00 Val: 0x00000000
In clock cycle: 4216
Register Write to Reg: 0x07 Val: 0x00000001
In clock cycle: 4217
Register Write to Reg: 0x00 Val: 0x00000000
In clock cycle: 4218
Register Write to Reg: 0x00 Val: 0x00000000
In clock cycle: 4219
Register Write to Reg: 0x00 Val: 0x00000000
In clock cycle: 4221
Register Write to Reg: 0x00 Val: 0x00000000
In clock cycle: 4222
Register Write to Reg: 0x00 Val: 0x00000000
In clock cycle: 4223
Register Write to Reg: 0x00 Val: 0x00400190
In clock cycle: 4224
Register Write to Reg: 0x1D Val: 0x00000002
In clock cycle: 4225
Register Write to Reg: 0x00 Val: 0x00000000
In clock cycle: 4226
Register Write to Reg: 0x00 Val: 0x00000000
In clock cycle: 4227
Register Write to Reg: 0x00 Val: 0x00000000
In clock cycle: 4228
Register Write to Reg: 0x01 Val: 0x004000A8
In clock cycle: 4229
Register Write to Reg: 0x00 Val: 0x00000000
In clock cycle: 4230
Register Write to Reg: 0x00 Val: 0x00000000
In clock cycle: 4231
Register Write to Reg: 0x00 Val: 0x00000000
In clock cycle: 4232
Register Write to Reg: 0x01 Val: 0x004000D4
In clock cycle: 4233
Register Write to Reg: 0x00 Val: 0x00000000
In clock cycle: 4234
Register Write to Reg: 0x00 Val: 0x00000000
In clock cycle: 4235
Register Write to Reg: 0x00 Val: 0x00000000
In clock cycle: 4236
Register Write to Reg: 0x00 Val: 0x004000CC
In clock cycle: 4237
Register Write to Reg: 0x02 Val: 0x10010FB8
In clock cycle: 4238
Register Write to Reg: 0x00 Val: 0x00000000
In clock cycle: 4239
Register Write to Reg: 0x00 Val: 0x00000000
In clock cycle: 4240
Register Write to Reg: 0x00 Val: 0x00000000
In clock cycle: 4241
Memory Write to Addr: 0x10010FD4 Val: 0x10010FD8
In clock cycle: 4242
Register Write to Reg: 0x00 Val: 0x00000000
In clock cycle: 4243
Register Write to Reg: 0x00 Val: 0x00000000
In clock cycle: 4244
Register Write to Reg: 0x00 Val: 0x00000000
In clock cycle: 4245
Register Write to Reg: 0x08 Val: 0x10010FB8
In clock cycle: 4246
Register Write to Reg: 0x00 Val: 0x00000000
In clock cycle: 4247
Register Write to Reg: 0x00 Val: 0x00000000
In clock cycle: 4248
Register Write to Reg: 0x00 Val: 0x00000000
In clock cycle: 4249
Memory Write to Addr: 0x10010FD8 Val: 0x00000002
In clock cycle: 4250
Register Write to Reg: 0x07 Val: 0x00000001
In clock cycle: 4251
Register Write to Reg: 0x00 Val: 0x00000000
In clock cycle: 4252
Register Write to Reg: 0x00 Val: 0x00000000
In clock cycle: 4253
Register Write to Reg: 0x00 Val: 0x00000000
In clock cycle: 4254
Memory Write to Addr: 0x10010FC0 Val: 0x00000001
In clock cycle: 4255
Memory Write to Addr: 0x10010FC4 Val: 0x00000000
In clock cycle: 4256
Register Write to Reg: 0x00 Val: 0x00400C94
In clock cycle: 4257
Register Write to Reg: 0x1C Val: 0x00000000
In clock cycle: 4258
Register Write to Reg: 0x07 Val: 0x00000002
In clock cycle: 4259
Register Write to Reg: 0x00 Val: 0x00000000
In clock cycle: 4260
Register Write to Reg: 0x00 Val: 0x00000000
In clock cycle: 4261
Register Write to Reg: 0x00 Val: 0x00000000
In clock cycle: 4262
Register Write to Reg: 0x07 Val: 0x00000001
In clock cycle: 4263
Register Write to Reg: 0x00 Val: 0x00000000
In clock cycle: 4264
Register Write to Reg: 0x00 Val: 0x00000000
In clock cycle: 4265
Register Write to Reg: 0x00 Val: 0x00000000
In clock cycle: 4267
Register Write to Reg: 0x00 Val: 0x00000000
In clock cycle: 4268
Register Write to Reg: 0x00 Val: 0x00000000
In clock cycle: 4269
Register Write to Reg: 0x00 Val: 0x00400D18
In clock cycle: 4270
Register Write to Reg: 0x07 Val: 0x00000001
In clock cycle: 4271
Register Write to Reg: 0x00 Val: 0x00000000
In clock cycle: 4272
Register Write to Reg: 0x00 Val: 0x00000000
In clock cycle: 4273
Register Write to Reg: 0x00 Val: 0x00000000
In clock cycle: 4274
Register Write to Reg: 0x07 Val: 0x00000100
In clock cycle: 4275
Register Write to Reg: 0x00 Val: 0x00000000
In clock cycle: 4276
Register Write to Reg: 0x00 Val: 0x00000000
In clock cycle: 4277
Register Write to Reg: 0x00 Val: 0x00000000
In clock cycle: 4278
Memory Write to Addr: 0x10010FC0 Val: 0x00000100
In clock cycle: 4279
Register Write to Reg: 0x07 Val: 0x00000000
In clock cycle: 4280
Register Write to Reg: 0x00 Val: 0x00000000
In clock cycle: 4281
Register Write to Reg: 0x00 Val: 0x00000000
In clock cycle: 4282
Register Write to Reg: 0x00 Val: 0x00000000
In clock cycle: 4283
Register Write to Reg: 0x07 Val: 0x00000001
In clock cycle: 4284
Register Write to Reg: 0x00 Val: 0x00000000
In clock cycle: 4285
Register Write to Reg: 0x00 Val: 0x00000000
In clock cycle: 4286
Register Write to Reg: 0x00 Val: 0x00000000
In clock cycle: 4287
Memory Write to Addr: 0x10010FC4 Val: 0x00000001
In clock cycle: 4288
Register Write to Reg: 0x1C Val: 0x00000001
In clock cycle: 4289
Register Write to Reg: 0x07 Val: 0x00000002
In clock cycle: 4290
Register Write to Reg: 0x00 Val: 0x00000000
In clock cycle: 4291
Register Write to Reg: 0x00 Val: 0x00000000
In clock cycle: 4292
Register Write to Reg: 0x00 Val: 0x00000000
In clock cycle: 4293
Register Write to Reg: 0x07 Val: 0x00000001
In clock cycle: 4294
Register Write to Reg: 0x00 Val: 0x00000000
In clock cycle: 4295
Register Write to Reg: 0x00 Val: 0x00000000
In clock cycle: 4296
Register Write to Reg: 0x00 Val: 0x00000000
In clock cycle: 4298
Register Write to Reg: 0x00 Val: 0x00000000
In clock cycle: 4299
Register Write to Reg: 0x00 Val: 0x00000000
In clock cycle: 4300
Register Write to Reg: 0x00 Val: 0x00400D18
In clock cycle: 4301
Register Write to Reg: 0x07 Val: 0x00000100
In clock cycle: 4302
Register Write to Reg: 0x00 Val: 0x00000000
In clock cycle: 4303
Register Write to Reg: 0x00 Val: 0x00000000
In clock cycle: 4304
Register Write to Reg: 0x00 Val: 0x00000000
In clock cycle: 4305
Register Write to Reg: 0x07 Val: 0x00010000
In clock cycle: 4306
Register Write to Reg: 0x00 Val: 0x00000000
In clock cycle: 4307
Register Write to Reg: 0x00 Val: 0x00000000
In clock cycle: 4308
Register Write to Reg: 0x00 Val: 0x00000000
In clock cycle: 4309
Memory Write to Addr: 0x10010FC0 Val: 0x00010000
In clock cycle: 4310
Register Write to Reg: 0x07 Val: 0x00000001
In clock cycle: 4311
Register Write to Reg: 0x00 Val: 0x00000000
In clock cycle: 4312
Register Write to Reg: 0x00 Val: 0x00000000
In clock cycle: 4313
Register Write to Reg: 0x00 Val: 0x00000000
In clock cycle: 4314
Register Write to Reg: 0x07 Val: 0x00000002
In clock cycle: 4315
Register Write to Reg: 0x00 Val: 0x00000000
In clock cycle: 4316
Register Write to Reg: 0x00 Val: 0x00000000
In clock cycle: 4317
Register Write to Reg: 0x00 Val: 0x00000000
In clock cycle: 4318
Memory Write to Addr: 0x10010FC4 Val: 0x00000002
In clock cycle: 4319
Register Write to Reg: 0x1C Val: 0x00000002
In clock cycle: 4320
Register Write to Reg: 0x07 Val: 0x00000002
In clock cycle: 4321
Register Write to Reg: 0x00 Val: 0x00000000
In clock cycle: 4322
Register Write to Reg: 0x00 Val: 0x00000000
In clock cycle: 4323
Register Write to Reg: 0x00 Val: 0x00000000
In clock cycle: 4324
Register Write to Reg: 0x07 Val: 0x00000000
In clock cycle: 4325
Register Write to Reg: 0x00 Val: 0x00000000
In clock cycle: 4326
Register Write to Reg: 0x00 Val: 0x00000000
In clock cycle: 4327
Register Write to Reg: 0x00 Val: 0x00000000
In clock cycle: 4329
Register Write to Reg: 0x07 Val: 0x1000FD20
In clock cycle: 4330
Register Write to Reg: 0x00 Val: 0x00000000
In clock cycle: 4331
Register Write to Reg: 0x00 Val: 0x00000000
In clock cycle: 4332
Register Write to Reg: 0x00 Val: 0x00000000
In clock cycle: 4333
Register Write to Reg: 0x07 Val: 0x10010024
In clock cycle: 4334
Register Write to Reg: 0x00 Val: 0x00000000
In clock cycle: 4335
Register Write to Reg: 0x00 Val: 0x00000000
In clock cycle: 4336
Register Write to Reg: 0x00 Val: 0x00000000
In clock cycle: 4337
Register Write to Reg: 0x07 Val: 0x00010101
In clock cycle: 4338
Register Write to Reg: 0x00 Val: 0x00000000
In clock cycle: 4339
Register Write to Reg: 0x00 Val: 0x00000000
In clock cycle: 4340
Register Write to Reg: 0x00 Val: 0x00000000
In clock cycle: 4341
Memory Write to Addr: 0x10010FC8 Val: 0x00010101
In clock cycle: 4342
Register Write to Reg: 0x1C Val: 0x00010101
In clock cycle: 4343
Register Write to Reg: 0x00 Val: 0x00000000
In clock cycle: 4344
Register Write to Reg: 0x00 Val: 0x00000000
In clock cycle: 4345
Register Write to Reg: 0x00 Val: 0x00000000
In clock cycle: 4346
Register Write to Reg: 0x07 Val: 0x00010000
In clock cycle: 4347
Register Write to Reg: 0x00 Val: 0x00000000
In clock cycle: 4348
Register Write to Reg: 0x00 Val: 0x00000000
In clock cycle: 4349
Register Write to Reg: 0x00 Val: 0x00000000
In clock cycle: 4350
Register Write to Reg: 0x07 Val: 0x00010000
In clock cycle: 4351
Register Write to Reg: 0x00 Val: 0x00000000
In clock cycle: 4352
Register Write to Reg: 0x00 Val: 0x00000000
In clock cycle: 4353
Register Write to Reg: 0x00 Val: 0x00000000
In clock cycle: 4354
Register Write to Reg: 0x07 Val: 0x00000001
In clock cycle: 4355
Register Write to Reg: 0x00 Val: 0x00000000
In clock cycle: 4356
Register Write to Reg: 0x00 Val: 0x00000000
In clock cycle: 4357
Register Write to Reg: 0x00 Val: 0x00000000
In clock cycle: 4358
Register Write to Reg: 0x07 Val: 0x00000001
In clock cycle: 4359
Register Write to Reg: 0x00 Val: 0x00000000
In clock cycle: 4360
Register Write to Reg: 0x00 Val: 0x00000000
In clock cycle: 4361
Register Write to Reg: 0x00 Val: 0x00000000
In clock cycle: 4362
Register Write to Reg: 0x02 Val: 0x10010FB8
In clock cycle: 4363
Register Write to Reg: 0x00 Val: 0x00000000
In clock cycle: 4364
Register Write to Reg: 0x00 Val: 0x00000000
In clock cycle: 4365
Register Write to Reg: 0x00 Val: 0x00000000
In clock cycle: 4366
Register Write to Reg: 0x08 Val: 0x10010FD8
In clock cycle: 4367
Register Write to Reg: 0x00 Val: 0x00000000
In clock cycle: 4368
Register Write to Reg: 0x00 Val: 0x00000000
In clock cycle: 4369
Register Write to Reg: 0x00 Val: 0x00000000
In clock cycle: 4370
Register Write to Reg: 0x02 Val: 0x10010FD8
In clock cycle: 4371
Register Write to Reg: 0x00 Val: 0x00000000
In clock cycle: 4372
Register Write to Reg: 0x00 Val: 0x00000000
In clock cycle: 4373
Register Write to Reg: 0x00 Val: 0x00400DD4
In clock cycle: 4374
Register Write to Reg: 0x07 Val: 0x00000000
In clock cycle: 4375
Register Write to Reg: 0x00 Val: 0x00000000
In clock cycle: 4376
Register Write to Reg: 0x00 Val: 0x00000000
In clock cycle: 4377
Register Write to Reg: 0x00 Val: 0x00000000
In clock cycle: 4378
Register Write to Reg: 0x07 Val: 0x00000000
In clock cycle: 4379
Register Write to Reg: 0x00 Val: 0x00000000
In clock cycle: 4380
Register Write to Reg: 0x00 Val: 0x00000000
In clock cycle: 4381
Register Write to Reg: 0x00 Val: 0x00000000
In clock cycle: 4383
Register Write to Reg: 0x07 Val: 0x00000002
In clock cycle: 4384
Register Write to Reg: 0x00 Val: 0x00000000
In clock cycle: 4385
Register Write to Reg: 0x00 Val: 0x00000000
In clock cycle: 4386
Register Write to Reg: 0x00 Val: 0x00000000
In clock cycle: 4387
Register Write to Reg: 0x07 Val: 0x00000003
In clock cycle: 4388
Register Write to Reg: 0x00 Val: 0x00000000
In clock cycle: 4389
Register Write to Reg: 0x00 Val: 0x00000000
In clock cycle: 4390
Register Write to Reg: 0x00 Val: 0x00000000
In clock cycle: 4391
Memory Write to Addr: 0x10010FF0 Val: 0x00000003
In clock cycle: 4392
Register Write to Reg: 0x07 Val: 0x00000003
In clock cycle: 4393
Register Write to Reg: 0x00 Val: 0x00000000
In clock cycle: 4394
Register Write to Reg: 0x00 Val: 0x00000000
In clock cycle: 4395
Register Write to Reg: 0x00 Val: 0x00000000
In clock cycle: 4396
Register Write to Reg: 0x07 Val: 0x00000001
In clock cycle: 4397
Register Write to Reg: 0x00 Val: 0x00000000
In clock cycle: 4398
Register Write to Reg: 0x00 Val: 0x00000000
In clock cycle: 4399
Register Write to Reg: 0x00 Val: 0x00000000
In clock cycle: 4401
Register Write to Reg: 0x00 Val: 0x00000000
In clock cycle: 4402
Register Write to Reg: 0x00 Val: 0x00000000
In clock cycle: 4403
Register Write to Reg: 0x00 Val: 0x00400190
In clock cycle: 4404
Register Write to Reg: 0x1D Val: 0x00000003
In clock cycle: 4405
Register Write to Reg: 0x00 Val: 0x00000000
In clock cycle: 4406
Register Write to Reg: 0x00 Val: 0x00000000
In clock cycle: 4407
Register Write to Reg: 0x00 Val: 0x00000000
In clock cycle: 4408
Register Write to Reg: 0x01 Val: 0x004000A8
In clock cycle: 4409
Register Write to Reg: 0x00 Val: 0x00000000
In clock cycle: 4410
Register Write to Reg: 0x00 Val: 0x00000000
In clock cycle: 4411
Register Write to Reg: 0x00 Val: 0x00000000
In clock cycle: 4412
Register Write to Reg: 0x01 Val: 0x004000D4
In clock cycle: 4413
Register Write to Reg: 0x00 Val: 0x00000000
In clock cycle: 4414
Register Write to Reg: 0x00 Val: 0x00000000
In clock cycle: 4415
Register Write to Reg: 0x00 Val: 0x00000000
In clock cycle: 4416
Register Write to Reg: 0x00 Val: 0x004000CC
In clock cycle: 4417
Register Write to Reg: 0x02 Val: 0x10010FB8
In clock cycle: 4418
Register Write to Reg: 0x00 Val: 0x00000000
In clock cycle: 4419
Register Write to Reg: 0x00 Val: 0x00000000
In clock cycle: 4420
Register Write to Reg: 0x00 Val: 0x00000000
In clock cycle: 4421
Memory Write to Addr: 0x10010FD4 Val: 0x10010FD8
In clock cycle: 4422
Register Write to Reg: 0x00 Val: 0x00000000
In clock cycle: 4423
Register Write to Reg: 0x00 Val: 0x00000000
In clock cycle: 4424
Register Write to Reg: 0x00 Val: 0x00000000
In clock cycle: 4425
Register Write to Reg: 0x08 Val: 0x10010FB8
In clock cycle: 4426
Register Write to Reg: 0x00 Val: 0x00000000
In clock cycle: 4427
Register Write to Reg: 0x00 Val: 0x00000000
In clock cycle: 4428
Register Write to Reg: 0x00 Val: 0x00000000
In clock cycle: 4429
Memory Write to Addr: 0x10010FD8 Val: 0x00000003
In clock cycle: 4430
Register Write to Reg: 0x07 Val: 0x00000001
In clock cycle: 4431
Register Write to Reg: 0x00 Val: 0x00000000
In clock cycle: 4432
Register Write to Reg: 0x00 Val: 0x00000000
In clock cycle: 4433
Register Write to Reg: 0x00 Val: 0x00000000
In clock cycle: 4434
Memory Write to Addr: 0x10010FC0 Val: 0x00000001
In clock cycle: 4435
Memory Write to Addr: 0x10010FC4 Val: 0x00000000
In clock cycle: 4436
Register Write to Reg: 0x00 Val: 0x00400C94
In clock cycle: 4437
Register Write to Reg: 0x1C Val: 0x00000000
In clock cycle: 4438
Register Write to Reg: 0x07 Val: 0x00000003
In clock cycle: 4439
Register Write to Reg: 0x00 Val: 0x00000000
In clock cycle: 4440
Register Write to Reg: 0x00 Val: 0x00000000
In clock cycle: 4441
Register Write to Reg: 0x00 Val: 0x00000000
In clock cycle: 4442
Register Write to Reg: 0x07 Val: 0x00000001
In clock cycle: 4443
Register Write to Reg: 0x00 Val: 0x00000000
In clock cycle: 4444
Register Write to Reg: 0x00 Val: 0x00000000
In clock cycle: 4445
Register Write to Reg: 0x00 Val: 0x00000000
In clock cycle: 4447
Register Write to Reg: 0x00 Val: 0x00000000
In clock cycle: 4448
Register Write to Reg: 0x00 Val: 0x00000000
In clock cycle: 4449
Register Write to Reg: 0x00 Val: 0x00400D18
In clock cycle: 4450
Register Write to Reg: 0x07 Val: 0x00000001
In clock cycle: 4451
Register Write to Reg: 0x00 Val: 0x00000000
In clock cycle: 4452
Register Write to Reg: 0x00 Val: 0x00000000
In clock cycle: 4453
Register Write to Reg: 0x00 Val: 0x00000000
In clock cycle: 4454
Register Write to Reg: 0x07 Val: 0x00000100
In clock cycle: 4455
Register Write to Reg: 0x00 Val: 0x00000000
In clock cycle: 4456
Register Write to Reg: 0x00 Val: 0x00000000
In clock cycle: 4457
Register Write to Reg: 0x00 Val: 0x00000000
In clock cycle: 4458
Memory Write to Addr: 0x10010FC0 Val: 0x00000100
In clock cycle: 4459
Register Write to Reg: 0x07 Val: 0x00000000
In clock cycle: 4460
Register Write to Reg: 0x00 Val: 0x00000000
In clock cycle: 4461
Register Write to Reg: 0x00 Val: 0x00000000
In clock cycle: 4462
Register Write to Reg: 0x00 Val: 0x00000000
In clock cycle: 4463
Register Write to Reg: 0x07 Val: 0x00000001
In clock cycle: 4464
Register Write to Reg: 0x00 Val: 0x00000000
In clock cycle: 4465
Register Write to Reg: 0x00 Val: 0x00000000
In clock cycle: 4466
Register Write to Reg: 0x00 Val: 0x00000000
In clock cycle: 4467
Memory Write to Addr: 0x10010FC4 Val: 0x00000001
In clock cycle: 4468
Register Write to Reg: 0x1C Val: 0x00000001
In clock cycle: 4469
Register Write to Reg: 0x07 Val: 0x00000003
In clock cycle: 4470
Register Write to Reg: 0x00 Val: 0x00000000
In clock cycle: 4471
Register Write to Reg: 0x00 Val: 0x00000000
In clock cycle: 4472
Register Write to Reg: 0x00 Val: 0x00000000
In clock cycle: 4473
Register Write to Reg: 0x07 Val: 0x00000001
In clock cycle: 4474
Register Write to Reg: 0x00 Val: 0x00000000
In clock cycle: 4475
Register Write to Reg: 0x00 Val: 0x00000000
In clock cycle: 4476
Register Write to Reg: 0x00 Val: 0x00000000
In clock cycle: 4478
Register Write to Reg: 0x00 Val: 0x00000000
In clock cycle: 4479
Register Write to Reg: 0x00 Val: 0x00000000
In clock cycle: 4480
Register Write to Reg: 0x00 Val: 0x00400D18
In clock cycle: 4481
Register Write to Reg: 0x07 Val: 0x00000100
In clock cycle: 4482
Register Write to Reg: 0x00 Val: 0x00000000
In clock cycle: 4483
Register Write to Reg: 0x00 Val: 0x00000000
In clock cycle: 4484
Register Write to Reg: 0x00 Val: 0x00000000
In clock cycle: 4485
Register Write to Reg: 0x07 Val: 0x00010000
In clock cycle: 4486
Register Write to Reg: 0x00 Val: 0x00000000
In clock cycle: 4487
Register Write to Reg: 0x00 Val: 0x00000000
In clock cycle: 4488
Register Write to Reg: 0x00 Val: 0x00000000
In clock cycle: 4489
Memory Write to Addr: 0x10010FC0 Val: 0x00010000
In clock cycle: 4490
Register Write to Reg: 0x07 Val: 0x00000001
In clock cycle: 4491
Register Write to Reg: 0x00 Val: 0x00000000
In clock cycle: 4492
Register Write to Reg: 0x00 Val: 0x00000000
In clock cycle: 4493
Register Write to Reg: 0x00 Val: 0x00000000
In clock cycle: 4494
Register Write to Reg: 0x07 Val: 0x00000002
In clock cycle: 4495
Register Write to Reg: 0x00 Val: 0x00000000
In clock cycle: 4496
Register Write to Reg: 0x00 Val: 0x00000000
In clock cycle: 4497
Register Write to Reg: 0x00 Val: 0x00000000
In clock cycle: 4498
Memory Write to Addr: 0x10010FC4 Val: 0x00000002
In clock cycle: 4499
Register Write to Reg: 0x1C Val: 0x00000002
In clock cycle: 4500
Register Write to Reg: 0x07 Val: 0x00000003
In clock cycle: 4501
Register Write to Reg: 0x00 Val: 0x00000000
In clock cycle: 4502
Register Write to Reg: 0x00 Val: 0x00000000
In clock cycle: 4503
Register Write to Reg: 0x00 Val: 0x00000000
In clock cycle: 4504
Register Write to Reg: 0x07 Val: 0x00000001
In clock cycle: 4505
Register Write to Reg: 0x00 Val: 0x00000000
In clock cycle: 4506
Register Write to Reg: 0x00 Val: 0x00000000
In clock cycle: 4507
Register Write to Reg: 0x00 Val: 0x00000000
In clock cycle: 4509
Register Write to Reg: 0x00 Val: 0x00000000
In clock cycle: 4510
Register Write to Reg: 0x00 Val: 0x00000000
In clock cycle: 4511
Register Write to Reg: 0x00 Val: 0x00400D18
In clock cycle: 4512
Register Write to Reg: 0x07 Val: 0x00010000
In clock cycle: 4513
Register Write to Reg: 0x00 Val: 0x00000000
In clock cycle: 4514
Register Write to Reg: 0x00 Val: 0x00000000
In clock cycle: 4515
Register Write to Reg: 0x00 Val: 0x00000000
In clock cycle: 4516
Register Write to Reg: 0x07 Val: 0x01000000
In clock cycle: 4517
Register Write to Reg: 0x00 Val: 0x00000000
In clock cycle: 4518
Register Write to Reg: 0x00 Val: 0x00000000
In clock cycle: 4519
Register Write to Reg: 0x00 Val: 0x00000000
In clock cycle: 4520
Memory Write to Addr: 0x10010FC0 Val: 0x01000000
In clock cycle: 4521
Register Write to Reg: 0x07 Val: 0x00000002
In clock cycle: 4522
Register Write to Reg: 0x00 Val: 0x00000000
In clock cycle: 4523
Register Write to Reg: 0x00 Val: 0x00000000
In clock cycle: 4524
Register Write to Reg: 0x00 Val: 0x00000000
In clock cycle: 4525
Register Write to Reg: 0x07 Val: 0x00000003
In clock cycle: 4526
Register Write to Reg: 0x00 Val: 0x00000000
In clock cycle: 4527
Register Write to Reg: 0x00 Val: 0x00000000
In clock cycle: 4528
Register Write to Reg: 0x00 Val: 0x00000000
In clock cycle: 4529
Memory Write to Addr: 0x10010FC4 Val: 0x00000003
In clock cycle: 4530
Register Write to Reg: 0x1C Val: 0x00000003
In clock cycle: 4531
Register Write to Reg: 0x07 Val: 0x00000003
In clock cycle: 4532
Register Write to Reg: 0x00 Val: 0x00000000
In clock cycle: 4533
Register Write to Reg: 0x00 Val: 0x00000000
In clock cycle: 4534
Register Write to Reg: 0x00 Val: 0x00000000
In clock cycle: 4535
Register Write to Reg: 0x07 Val: 0x00000000
In clock cycle: 4536
Register Write to Reg: 0x00 Val: 0x00000000
In clock cycle: 4537
Register Write to Reg: 0x00 Val: 0x00000000
In clock cycle: 4538
Register Write to Reg: 0x00 Val: 0x00000000
In clock cycle: 4540
Register Write to Reg: 0x07 Val: 0x1000FD20
In clock cycle: 4541
Register Write to Reg: 0x00 Val: 0x00000000
In clock cycle: 4542
Register Write to Reg: 0x00 Val: 0x00000000
In clock cycle: 4543
Register Write to Reg: 0x00 Val: 0x00000000
In clock cycle: 4544
Register Write to Reg: 0x07 Val: 0x10010024
In clock cycle: 4545
Register Write to Reg: 0x00 Val: 0x00000000
In clock cycle: 4546
Register Write to Reg: 0x00 Val: 0x00000000
In clock cycle: 4547
Register Write to Reg: 0x00 Val: 0x00000000
In clock cycle: 4548
Register Write to Reg: 0x07 Val: 0x00010101
In clock cycle: 4549
Register Write to Reg: 0x00 Val: 0x00000000
In clock cycle: 4550
Register Write to Reg: 0x00 Val: 0x00000000
In clock cycle: 4551
Register Write to Reg: 0x00 Val: 0x00000000
In clock cycle: 4552
Memory Write to Addr: 0x10010FC8 Val: 0x00010101
In clock cycle: 4553
Register Write to Reg: 0x1C Val: 0x00010101
In clock cycle: 4554
Register Write to Reg: 0x00 Val: 0x00000000
In clock cycle: 4555
Register Write to Reg: 0x00 Val: 0x00000000
In clock cycle: 4556
Register Write to Reg: 0x00 Val: 0x00000000
In clock cycle: 4557
Register Write to Reg: 0x07 Val: 0x01000000
In clock cycle: 4558
Register Write to Reg: 0x00 Val: 0x00000000
In clock cycle: 4559
Register Write to Reg: 0x00 Val: 0x00000000
In clock cycle: 4560
Register Write to Reg: 0x00 Val: 0x00000000
In clock cycle: 4561
Register Write to Reg: 0x07 Val: 0x00000000
In clock cycle: 4562
Register Write to Reg: 0x00 Val: 0x00000000
In clock cycle: 4563
Register Write to Reg: 0x00 Val: 0x00000000
In clock cycle: 4564
Register Write to Reg: 0x00 Val: 0x00000000
In clock cycle: 4565
Register Write to Reg: 0x07 Val: 0x00000000
In clock cycle: 4566
Register Write to Reg: 0x00 Val: 0x00000000
In clock cycle: 4567
Register Write to Reg: 0x00 Val: 0x00000000
In clock cycle: 4568
Register Write to Reg: 0x00 Val: 0x00000000
In clock cycle: 4569
Register Write to Reg: 0x07 Val: 0x00000000
In clock cycle: 4570
Register Write to Reg: 0x00 Val: 0x00000000
In clock cycle: 4571
Register Write to Reg: 0x00 Val: 0x00000000
In clock cycle: 4572
Register Write to Reg: 0x00 Val: 0x00000000
In clock cycle: 4573
Register Write to Reg: 0x02 Val: 0x10010FB8
In clock cycle: 4574
Register Write to Reg: 0x00 Val: 0x00000000
In clock cycle: 4575
Register Write to Reg: 0x00 Val: 0x00000000
In clock cycle: 4576
Register Write to Reg: 0x00 Val: 0x00000000
In clock cycle: 4577
Register Write to Reg: 0x08 Val: 0x10010FD8
In clock cycle: 4578
Register Write to Reg: 0x00 Val: 0x00000000
In clock cycle: 4579
Register Write to Reg: 0x00 Val: 0x00000000
In clock cycle: 4580
Register Write to Reg: 0x00 Val: 0x00000000
In clock cycle: 4581
Register Write to Reg: 0x02 Val: 0x10010FD8
In clock cycle: 4582
Register Write to Reg: 0x00 Val: 0x00000000
In clock cycle: 4583
Register Write to Reg: 0x00 Val: 0x00000000
In clock cycle: 4584
Register Write to Reg: 0x00 Val: 0x00400DD4
In clock cycle: 4585
Register Write to Reg: 0x07 Val: 0x00000001
In clock cycle: 4586
Register Write to Reg: 0x00 Val: 0x00000000
In clock cycle: 4587
Register Write to Reg: 0x00 Val: 0x00000000
In clock cycle: 4588
Register Write to Reg: 0x00 Val: 0x00000000
In clock cycle: 4589
Register Write to Reg: 0x07 Val: 0x00000001
In clock cycle: 4590
Register Write to Reg: 0x00 Val: 0x00000000
In clock cycle: 4591
Register Write to Reg: 0x00 Val: 0x00000000
In clock cycle: 4592
Register Write to Reg: 0x00 Val: 0x00000000
In clock cycle: 4594
Register Write to Reg: 0x00 Val: 0x00000000
In clock cycle: 4595
Register Write to Reg: 0x00 Val: 0x00000000
In clock cycle: 4596
Register Write to Reg: 0x1D Val: 0x00000003
In clock cycle: 4597
Register Write to Reg: 0x00 Val: 0x00000000
In clock cycle: 4598
Register Write to Reg: 0x00 Val: 0x00000000
In clock cycle: 4599
Register Write to Reg: 0x00 Val: 0x00000000
In clock cycle: 4600
Register Write to Reg: 0x01 Val: 0x00400110
In clock cycle: 4601
Register Write to Reg: 0x00 Val: 0x00000000
In clock cycle: 4602
Register Write to Reg: 0x00 Val: 0x00000000
In clock cycle: 4603
Register Write to Reg: 0x00 Val: 0x00000000
In clock cycle: 4604
Register Write to Reg: 0x01 Val: 0x0040013C
In clock cycle: 4605
Register Write to Reg: 0x00 Val: 0x00000000
In clock cycle: 4606
Register Write to Reg: 0x00 Val: 0x00000000
In clock cycle: 4607
Register Write to Reg: 0x00 Val: 0x00000000
In clock cycle: 4608
Register Write to Reg: 0x00 Val: 0x00400134
In clock cycle: 4609
Register Write to Reg: 0x02 Val: 0x10010FA8
In clock cycle: 4610
Register Write to Reg: 0x00 Val: 0x00000000
In clock cycle: 4611
Register Write to Reg: 0x00 Val: 0x00000000
In clock cycle: 4612
Register Write to Reg: 0x00 Val: 0x00000000
In clock cycle: 4613
Memory Write to Addr: 0x10010FD4 Val: 0x0040013C
In clock cycle: 4614
Memory Write to Addr: 0x10010FD0 Val: 0x10010FD8
In clock cycle: 4615
Register Write to Reg: 0x00 Val: 0x00000000
In clock cycle: 4616
Register Write to Reg: 0x00 Val: 0x00000000
In clock cycle: 4617
Register Write to Reg: 0x00 Val: 0x00000000
In clock cycle: 4618
Register Write to Reg: 0x08 Val: 0x10010FA8
In clock cycle: 4619
Register Write to Reg: 0x00 Val: 0x00000000
In clock cycle: 4620
Register Write to Reg: 0x00 Val: 0x00000000
In clock cycle: 4621
Register Write to Reg: 0x00 Val: 0x00000000
In clock cycle: 4622
Memory Write to Addr: 0x10010FD8 Val: 0x00000003
In clock cycle: 4623
Register Write to Reg: 0x1D Val: 0x00000003
In clock cycle: 4624
Register Write to Reg: 0x00 Val: 0x00000000
In clock cycle: 4625
Register Write to Reg: 0x00 Val: 0x00000000
In clock cycle: 4626
Register Write to Reg: 0x00 Val: 0x00000000
In clock cycle: 4627
Register Write to Reg: 0x01 Val: 0x0040056C
In clock cycle: 4628
Register Write to Reg: 0x00 Val: 0x00000000
In clock cycle: 4629
Register Write to Reg: 0x00 Val: 0x00000000
In clock cycle: 4630
Register Write to Reg: 0x00 Val: 0x00000000
In clock cycle: 4631
Register Write to Reg: 0x01 Val: 0x00400598
In clock cycle: 4632
Register Write to Reg: 0x00 Val: 0x00000000
In clock cycle: 4633
Register Write to Reg: 0x00 Val: 0x00000000
In clock cycle: 4634
Register Write to Reg: 0x00 Val: 0x00000000
In clock cycle: 4635
Register Write to Reg: 0x00 Val: 0x00400590
In clock cycle: 4636
Register Write to Reg: 0x02 Val: 0x10010F88
In clock cycle: 4637
Register Write to Reg: 0x00 Val: 0x00000000
In clock cycle: 4638
Register Write to Reg: 0x00 Val: 0x00000000
In clock cycle: 4639
Register Write to Reg: 0x00 Val: 0x00000000
In clock cycle: 4640
Memory Write to Addr: 0x10010FA4 Val: 0x10010FA8
In clock cycle: 4641
Register Write to Reg: 0x00 Val: 0x00000000
In clock cycle: 4642
Register Write to Reg: 0x00 Val: 0x00000000
In clock cycle: 4643
Register Write to Reg: 0x00 Val: 0x00000000
In clock cycle: 4644
Register Write to Reg: 0x08 Val: 0x10010F88
In clock cycle: 4645
Register Write to Reg: 0x00 Val: 0x00000000
In clock cycle: 4646
Register Write to Reg: 0x00 Val: 0x00000000
In clock cycle: 4647
Register Write to Reg: 0x00 Val: 0x00000000
In clock cycle: 4648
Memory Write to Addr: 0x10010FA8 Val: 0x00000003
In clock cycle: 4649
Register Write to Reg: 0x07 Val: 0x00000001
In clock cycle: 4650
Register Write to Reg: 0x00 Val: 0x00000000
In clock cycle: 4651
Register Write to Reg: 0x00 Val: 0x00000000
In clock cycle: 4652
Register Write to Reg: 0x00 Val: 0x00000000
In clock cycle: 4653
Memory Write to Addr: 0x10010F90 Val: 0x00000001
In clock cycle: 4654
Memory Write to Addr: 0x10010F94 Val: 0x00000000
In clock cycle: 4655
Register Write to Reg: 0x00 Val: 0x00400B08
In clock cycle: 4656
Register Write to Reg: 0x1C Val: 0x00000000
In clock cycle: 4657
Register Write to Reg: 0x07 Val: 0x00000003
In clock cycle: 4658
Register Write to Reg: 0x00 Val: 0x00000000
In clock cycle: 4659
Register Write to Reg: 0x00 Val: 0x00000000
In clock cycle: 4660
Register Write to Reg: 0x00 Val: 0x00000000
In clock cycle: 4661
Register Write to Reg: 0x07 Val: 0x00000001
In clock cycle: 4662
Register Write to Reg: 0x00 Val: 0x00000000
In clock cycle: 4663
Register Write to Reg: 0x00 Val: 0x00000000
In clock cycle: 4664
Register Write to Reg: 0x00 Val: 0x00000000
In clock cycle: 4666
Register Write to Reg: 0x00 Val: 0x00000000
In clock cycle: 4667
Register Write to Reg: 0x00 Val: 0x00000000
In clock cycle: 4668
Register Write to Reg: 0x00 Val: 0x00400B8C
In clock cycle: 4669
Register Write to Reg: 0x07 Val: 0x00000001
In clock cycle: 4670
Register Write to Reg: 0x00 Val: 0x00000000
In clock cycle: 4671
Register Write to Reg: 0x00 Val: 0x00000000
In clock cycle: 4672
Register Write to Reg: 0x00 Val: 0x00000000
In clock cycle: 4673
Register Write to Reg: 0x07 Val: 0x00000100
In clock cycle: 4674
Register Write to Reg: 0x00 Val: 0x00000000
In clock cycle: 4675
Register Write to Reg: 0x00 Val: 0x00000000
In clock cycle: 4676
Register Write to Reg: 0x00 Val: 0x00000000
In clock cycle: 4677
Memory Write to Addr: 0x10010F90 Val: 0x00000100
In clock cycle: 4678
Register Write to Reg: 0x07 Val: 0x00000000
In clock cycle: 4679
Register Write to Reg: 0x00 Val: 0x00000000
In clock cycle: 4680
Register Write to Reg: 0x00 Val: 0x00000000
In clock cycle: 4681
Register Write to Reg: 0x00 Val: 0x00000000
In clock cycle: 4682
Register Write to Reg: 0x07 Val: 0x00000001
In clock cycle: 4683
Register Write to Reg: 0x00 Val: 0x00000000
In clock cycle: 4684
Register Write to Reg: 0x00 Val: 0x00000000
In clock cycle: 4685
Register Write to Reg: 0x00 Val: 0x00000000
In clock cycle: 4686
Memory Write to Addr: 0x10010F94 Val: 0x00000001
In clock cycle: 4687
Register Write to Reg: 0x1C Val: 0x00000001
In clock cycle: 4688
Register Write to Reg: 0x07 Val: 0x00000003
In clock cycle: 4689
Register Write to Reg: 0x00 Val: 0x00000000
In clock cycle: 4690
Register Write to Reg: 0x00 Val: 0x00000000
In clock cycle: 4691
Register Write to Reg: 0x00 Val: 0x00000000
In clock cycle: 4692
Register Write to Reg: 0x07 Val: 0x00000001
In clock cycle: 4693
Register Write to Reg: 0x00 Val: 0x00000000
In clock cycle: 4694
Register Write to Reg: 0x00 Val: 0x00000000
In clock cycle: 4695
Register Write to Reg: 0x00 Val: 0x00000000
In clock cycle: 4697
Register Write to Reg: 0x00 Val: 0x00000000
In clock cycle: 4698
Register Write to Reg: 0x00 Val: 0x00000000
In clock cycle: 4699
Register Write to Reg: 0x00 Val: 0x00400B8C
In clock cycle: 4700
Register Write to Reg: 0x07 Val: 0x00000100
In clock cycle: 4701
Register Write to Reg: 0x00 Val: 0x00000000
In clock cycle: 4702
Register Write to Reg: 0x00 Val: 0x00000000
In clock cycle: 4703
Register Write to Reg: 0x00 Val: 0x00000000
In clock cycle: 4704
Register Write to Reg: 0x07 Val: 0x00010000
In clock cycle: 4705
Register Write to Reg: 0x00 Val: 0x00000000
In clock cycle: 4706
Register Write to Reg: 0x00 Val: 0x00000000
In clock cycle: 4707
Register Write to Reg: 0x00 Val: 0x00000000
In clock cycle: 4708
Memory Write to Addr: 0x10010F90 Val: 0x00010000
In clock cycle: 4709
Register Write to Reg: 0x07 Val: 0x00000001
In clock cycle: 4710
Register Write to Reg: 0x00 Val: 0x00000000
In clock cycle: 4711
Register Write to Reg: 0x00 Val: 0x00000000
In clock cycle: 4712
Register Write to Reg: 0x00 Val: 0x00000000
In clock cycle: 4713
Register Write to Reg: 0x07 Val: 0x00000002
In clock cycle: 4714
Register Write to Reg: 0x00 Val: 0x00000000
In clock cycle: 4715
Register Write to Reg: 0x00 Val: 0x00000000
In clock cycle: 4716
Register Write to Reg: 0x00 Val: 0x00000000
In clock cycle: 4717
Memory Write to Addr: 0x10010F94 Val: 0x00000002
In clock cycle: 4718
Register Write to Reg: 0x1C Val: 0x00000002
In clock cycle: 4719
Register Write to Reg: 0x07 Val: 0x00000003
In clock cycle: 4720
Register Write to Reg: 0x00 Val: 0x00000000
In clock cycle: 4721
Register Write to Reg: 0x00 Val: 0x00000000
In clock cycle: 4722
Register Write to Reg: 0x00 Val: 0x00000000
In clock cycle: 4723
Register Write to Reg: 0x07 Val: 0x00000001
In clock cycle: 4724
Register Write to Reg: 0x00 Val: 0x00000000
In clock cycle: 4725
Register Write to Reg: 0x00 Val: 0x00000000
In clock cycle: 4726
Register Write to Reg: 0x00 Val: 0x00000000
In clock cycle: 4728
Register Write to Reg: 0x00 Val: 0x00000000
In clock cycle: 4729
Register Write to Reg: 0x00 Val: 0x00000000
In clock cycle: 4730
Register Write to Reg: 0x00 Val: 0x00400B8C
In clock cycle: 4731
Register Write to Reg: 0x07 Val: 0x00010000
In clock cycle: 4732
Register Write to Reg: 0x00 Val: 0x00000000
In clock cycle: 4733
Register Write to Reg: 0x00 Val: 0x00000000
In clock cycle: 4734
Register Write to Reg: 0x00 Val: 0x00000000
In clock cycle: 4735
Register Write to Reg: 0x07 Val: 0x01000000
In clock cycle: 4736
Register Write to Reg: 0x00 Val: 0x00000000
In clock cycle: 4737
Register Write to Reg: 0x00 Val: 0x00000000
In clock cycle: 4738
Register Write to Reg: 0x00 Val: 0x00000000
In clock cycle: 4739
Memory Write to Addr: 0x10010F90 Val: 0x01000000
In clock cycle: 4740
Register Write to Reg: 0x07 Val: 0x00000002
In clock cycle: 4741
Register Write to Reg: 0x00 Val: 0x00000000
In clock cycle: 4742
Register Write to Reg: 0x00 Val: 0x00000000
In clock cycle: 4743
Register Write to Reg: 0x00 Val: 0x00000000
In clock cycle: 4744
Register Write to Reg: 0x07 Val: 0x00000003
In clock cycle: 4745
Register Write to Reg: 0x00 Val: 0x00000000
In clock cycle: 4746
Register Write to Reg: 0x00 Val: 0x00000000
In clock cycle: 4747
Register Write to Reg: 0x00 Val: 0x00000000
In clock cycle: 4748
Memory Write to Addr: 0x10010F94 Val: 0x00000003
In clock cycle: 4749
Register Write to Reg: 0x1C Val: 0x00000003
In clock cycle: 4750
Register Write to Reg: 0x07 Val: 0x00000003
In clock cycle: 4751
Register Write to Reg: 0x00 Val: 0x00000000
In clock cycle: 4752
Register Write to Reg: 0x00 Val: 0x00000000
In clock cycle: 4753
Register Write to Reg: 0x00 Val: 0x00000000
In clock cycle: 4754
Register Write to Reg: 0x07 Val: 0x00000000
In clock cycle: 4755
Register Write to Reg: 0x00 Val: 0x00000000
In clock cycle: 4756
Register Write to Reg: 0x00 Val: 0x00000000
In clock cycle: 4757
Register Write to Reg: 0x00 Val: 0x00000000
In clock cycle: 4759
Register Write to Reg: 0x07 Val: 0x1000FB94
In clock cycle: 4760
Register Write to Reg: 0x00 Val: 0x00000000
In clock cycle: 4761
Register Write to Reg: 0x00 Val: 0x00000000
In clock cycle: 4762
Register Write to Reg: 0x00 Val: 0x00000000
In clock cycle: 4763
Register Write to Reg: 0x07 Val: 0x10010024
In clock cycle: 4764
Register Write to Reg: 0x00 Val: 0x00000000
In clock cycle: 4765
Register Write to Reg: 0x00 Val: 0x00000000
In clock cycle: 4766
Register Write to Reg: 0x00 Val: 0x00000000
In clock cycle: 4767
Memory Write to Addr: 0x10010F98 Val: 0x10010024
In clock cycle: 4768
Register Write to Reg: 0x07 Val: 0x10010024
In clock cycle: 4769
Register Write to Reg: 0x00 Val: 0x00000000
In clock cycle: 4770
Register Write to Reg: 0x00 Val: 0x00000000
In clock cycle: 4771
Register Write to Reg: 0x00 Val: 0x00000000
In clock cycle: 4772
Register Write to Reg: 0x1C Val: 0x00010101
In clock cycle: 4773
Register Write to Reg: 0x00 Val: 0x00000000
In clock cycle: 4774
Register Write to Reg: 0x00 Val: 0x00000000
In clock cycle: 4775
Register Write to Reg: 0x00 Val: 0x00000000
In clock cycle: 4776
Register Write to Reg: 0x07 Val: 0x01000000
In clock cycle: 4777
Register Write to Reg: 0x00 Val: 0x00000000
In clock cycle: 4778
Register Write to Reg: 0x00 Val: 0x00000000
In clock cycle: 4779
Register Write to Reg: 0x00 Val: 0x00000000
In clock cycle: 4780
Register Write to Reg: 0x1C Val: 0x01010101
In clock cycle: 4781
Register Write to Reg: 0x00 Val: 0x00000000
In clock cycle: 4782
Register Write to Reg: 0x00 Val: 0x00000000
In clock cycle: 4783
Register Write to Reg: 0x00 Val: 0x00000000
In clock cycle: 4784
Register Write to Reg: 0x07 Val: 0x10010024
In clock cycle: 4785
Register Write to Reg: 0x00 Val: 0x00000000
In clock cycle: 4786
Register Write to Reg: 0x00 Val: 0x00000000
In clock cycle: 4787
Register Write to Reg: 0x00 Val: 0x00000000
In clock cycle: 4788
Memory Write to Addr: 0x10010024 Val: 0x01010101
In clock cycle: 4789
Register Write to Reg: 0x02 Val: 0x10010F88
In clock cycle: 4790
Register Write to Reg: 0x00 Val: 0x00000000
In clock cycle: 4791
Register Write to Reg: 0x00 Val: 0x00000000
In clock cycle: 4792
Register Write to Reg: 0x00 Val: 0x00000000
In clock cycle: 4793
Register Write to Reg: 0x08 Val: 0x10010FA8
In clock cycle: 4794
Register Write to Reg: 0x00 Val: 0x00000000
In clock cycle: 4795
Register Write to Reg: 0x00 Val: 0x00000000
In clock cycle: 4796
Register Write to Reg: 0x00 Val: 0x00000000
In clock cycle: 4797
Register Write to Reg: 0x02 Val: 0x10010FA8
In clock cycle: 4798
Register Write to Reg: 0x00 Val: 0x00000000
In clock cycle: 4799
Register Write to Reg: 0x00 Val: 0x00000000
In clock cycle: 4800
Register Write to Reg: 0x00 Val: 0x00400C3C
In clock cycle: 4801
Register Write to Reg: 0x07 Val: 0x10010FC4
In clock cycle: 4802
Register Write to Reg: 0x00 Val: 0x00000000
In clock cycle: 4803
Register Write to Reg: 0x00 Val: 0x00000000
In clock cycle: 4804
Register Write to Reg: 0x00 Val: 0x00000000
In clock cycle: 4805
Register Write to Reg: 0x1E Val: 0x00000003
In clock cycle: 4806
Register Write to Reg: 0x00 Val: 0x00000000
In clock cycle: 4807
Register Write to Reg: 0x00 Val: 0x00000000
In clock cycle: 4808
Register Write to Reg: 0x00 Val: 0x00000000
In clock cycle: 4809
Register Write to Reg: 0x1D Val: 0x10010FC4
In clock cycle: 4810
Register Write to Reg: 0x00 Val: 0x00000000
In clock cycle: 4811
Register Write to Reg: 0x00 Val: 0x00000000
In clock cycle: 4812
Register Write to Reg: 0x00 Val: 0x00000000
In clock cycle: 4813
Register Write to Reg: 0x01 Val: 0x004005C8
In clock cycle: 4814
Register Write to Reg: 0x00 Val: 0x00000000
In clock cycle: 4815
Register Write to Reg: 0x00 Val: 0x00000000
In clock cycle: 4816
Register Write to Reg: 0x00 Val: 0x00000000
In clock cycle: 4817
Register Write to Reg: 0x01 Val: 0x004005F4
In clock cycle: 4818
Register Write to Reg: 0x00 Val: 0x00000000
In clock cycle: 4819
Register Write to Reg: 0x00 Val: 0x00000000
In clock cycle: 4820
Register Write to Reg: 0x00 Val: 0x00000000
In clock cycle: 4821
Register Write to Reg: 0x00 Val: 0x004005EC
In clock cycle: 4822
Register Write to Reg: 0x02 Val: 0x10010F90
In clock cycle: 4823
Register Write to Reg: 0x00 Val: 0x00000000
In clock cycle: 4824
Register Write to Reg: 0x00 Val: 0x00000000
In clock cycle: 4825
Register Write to Reg: 0x00 Val: 0x00000000
In clock cycle: 4826
Memory Write to Addr: 0x10010FA4 Val: 0x10010FA8
In clock cycle: 4827
Register Write to Reg: 0x00 Val: 0x00000000
In clock cycle: 4828
Register Write to Reg: 0x00 Val: 0x00000000
In clock cycle: 4829
Register Write to Reg: 0x00 Val: 0x00000000
In clock cycle: 4830
Register Write to Reg: 0x08 Val: 0x10010F90
In clock cycle: 4831
Register Write to Reg: 0x00 Val: 0x00000000
In clock cycle: 4832
Register Write to Reg: 0x00 Val: 0x00000000
In clock cycle: 4833
Register Write to Reg: 0x00 Val: 0x00000000
In clock cycle: 4834
Register Write to Reg: 0x1F Val: 0x00000000
In clock cycle: 4835
Memory Write to Addr: 0x10010FA8 Val: 0x10010FC4
In clock cycle: 4836
Memory Write to Addr: 0x10010FAC Val: 0x00000003
In clock cycle: 4837
Register Write to Reg: 0x07 Val: 0x00000003
In clock cycle: 4838
Register Write to Reg: 0x00 Val: 0x00000000
In clock cycle: 4839
Register Write to Reg: 0x00 Val: 0x00000000
In clock cycle: 4840
Register Write to Reg: 0x00 Val: 0x00000000
In clock cycle: 4841
Memory Write to Addr: 0x10010F98 Val: 0x00000003
In clock cycle: 4842
Memory Write to Addr: 0x10010F9C Val: 0x00000000
In clock cycle: 4843
Register Write to Reg: 0x07 Val: 0x10010FC4
In clock cycle: 4844
Register Write to Reg: 0x1D Val: 0x00000003
In clock cycle: 4845
Register Write to Reg: 0x1C Val: 0x00000000
In clock cycle: 4846
Register Write to Reg: 0x00 Val: 0x00000000
In clock cycle: 4847
Register Write to Reg: 0x00 Val: 0x00000000
In clock cycle: 4848
Register Write to Reg: 0x00 Val: 0x00000000
In clock cycle: 4849
Memory Write to Addr: 0x10010FC4 Val: 0x00000003
In clock cycle: 4850
Memory Write to Addr: 0x10010FC8 Val: 0x00000000
In clock cycle: 4851
Register Write to Reg: 0x07 Val: 0x10010FC4
In clock cycle: 4852
Register Write to Reg: 0x00 Val: 0x00000000
In clock cycle: 4853
Register Write to Reg: 0x00 Val: 0x00000000
In clock cycle: 4854
Register Write to Reg: 0x00 Val: 0x00000000
In clock cycle: 4855
Register Write to Reg: 0x02 Val: 0x10010F90
In clock cycle: 4856
Register Write to Reg: 0x00 Val: 0x00000000
In clock cycle: 4857
Register Write to Reg: 0x00 Val: 0x00000000
In clock cycle: 4858
Register Write to Reg: 0x00 Val: 0x00000000
In clock cycle: 4859
Register Write to Reg: 0x08 Val: 0x10010FA8
In clock cycle: 4860
Register Write to Reg: 0x00 Val: 0x00000000
In clock cycle: 4861
Register Write to Reg: 0x00 Val: 0x00000000
In clock cycle: 4862
Register Write to Reg: 0x00 Val: 0x00000000
In clock cycle: 4863
Register Write to Reg: 0x02 Val: 0x10010FA8
In clock cycle: 4864
Register Write to Reg: 0x00 Val: 0x00000000
In clock cycle: 4865
Register Write to Reg: 0x00 Val: 0x00000000
In clock cycle: 4866
Register Write to Reg: 0x00 Val: 0x00400704
In clock cycle: 4867
Register Write to Reg: 0x07 Val: 0x10010FC4
In clock cycle: 4868
Register Write to Reg: 0x00 Val: 0x00000000
In clock cycle: 4869
Register Write to Reg: 0x00 Val: 0x00000000
In clock cycle: 4870
Register Write to Reg: 0x00 Val: 0x00000000
In clock cycle: 4871
Register Write to Reg: 0x1D Val: 0x10010FC4
In clock cycle: 4872
Register Write to Reg: 0x00 Val: 0x00000000
In clock cycle: 4873
Register Write to Reg: 0x00 Val: 0x00000000
In clock cycle: 4874
Register Write to Reg: 0x00 Val: 0x00000000
In clock cycle: 4875
Register Write to Reg: 0x01 Val: 0x00400614
In clock cycle: 4876
Register Write to Reg: 0x00 Val: 0x00000000
In clock cycle: 4877
Register Write to Reg: 0x00 Val: 0x00000000
In clock cycle: 4878
Register Write to Reg: 0x00 Val: 0x00000000
In clock cycle: 4879
Register Write to Reg: 0x01 Val: 0x00400640
In clock cycle: 4880
Register Write to Reg: 0x00 Val: 0x00000000
In clock cycle: 4881
Register Write to Reg: 0x00 Val: 0x00000000
In clock cycle: 4882
Register Write to Reg: 0x00 Val: 0x00000000
In clock cycle: 4883
Register Write to Reg: 0x00 Val: 0x00400638
In clock cycle: 4884
Register Write to Reg: 0x02 Val: 0x10010F88
In clock cycle: 4885
Register Write to Reg: 0x00 Val: 0x00000000
In clock cycle: 4886
Register Write to Reg: 0x00 Val: 0x00000000
In clock cycle: 4887
Register Write to Reg: 0x00 Val: 0x00000000
In clock cycle: 4888
Memory Write to Addr: 0x10010FA4 Val: 0x00400640
In clock cycle: 4889
Memory Write to Addr: 0x10010FA0 Val: 0x10010FA8
In clock cycle: 4890
Register Write to Reg: 0x00 Val: 0x00000000
In clock cycle: 4891
Register Write to Reg: 0x00 Val: 0x00000000
In clock cycle: 4892
Register Write to Reg: 0x00 Val: 0x00000000
In clock cycle: 4893
Register Write to Reg: 0x08 Val: 0x10010F88
In clock cycle: 4894
Register Write to Reg: 0x00 Val: 0x00000000
In clock cycle: 4895
Register Write to Reg: 0x00 Val: 0x00000000
In clock cycle: 4896
Register Write to Reg: 0x00 Val: 0x00000000
In clock cycle: 4897
Memory Write to Addr: 0x10010FA8 Val: 0x10010FC4
In clock cycle: 4898
Register Write to Reg: 0x00 Val: 0x00400748
In clock cycle: 4899
Register Write to Reg: 0x07 Val: 0x10010FC4
In clock cycle: 4900
Register Write to Reg: 0x00 Val: 0x00000000
In clock cycle: 4901
Register Write to Reg: 0x00 Val: 0x00000000
In clock cycle: 4902
Register Write to Reg: 0x00 Val: 0x00000000
In clock cycle: 4903
Register Write to Reg: 0x07 Val: 0x00000000
In clock cycle: 4904
Register Write to Reg: 0x00 Val: 0x00000000
In clock cycle: 4905
Register Write to Reg: 0x00 Val: 0x00000000
In clock cycle: 4906
Register Write to Reg: 0x00 Val: 0x00000000
In clock cycle: 4907
Register Write to Reg: 0x07 Val: 0x00000001
In clock cycle: 4908
Register Write to Reg: 0x00 Val: 0x00000000
In clock cycle: 4909
Register Write to Reg: 0x00 Val: 0x00000000
In clock cycle: 4910
Register Write to Reg: 0x00 Val: 0x00000000
In clock cycle: 4912
Register Write to Reg: 0x00 Val: 0x00000000
In clock cycle: 4913
Register Write to Reg: 0x00 Val: 0x00000000
In clock cycle: 4914
Register Write to Reg: 0x00 Val: 0x004008B0
In clock cycle: 4915
Register Write to Reg: 0x07 Val: 0x10010FC4
In clock cycle: 4916
Register Write to Reg: 0x00 Val: 0x00000000
In clock cycle: 4917
Register Write to Reg: 0x00 Val: 0x00000000
In clock cycle: 4918
Register Write to Reg: 0x00 Val: 0x00000000
In clock cycle: 4919
Register Write to Reg: 0x1C Val: 0x00000003
In clock cycle: 4920
Register Write to Reg: 0x00 Val: 0x00000000
In clock cycle: 4921
Register Write to Reg: 0x00 Val: 0x00000000
In clock cycle: 4922
Register Write to Reg: 0x00 Val: 0x00000000
In clock cycle: 4923
Register Write to Reg: 0x07 Val: 0x10010FC4
In clock cycle: 4924
Register Write to Reg: 0x00 Val: 0x00000000
In clock cycle: 4925
Register Write to Reg: 0x00 Val: 0x00000000
In clock cycle: 4926
Register Write to Reg: 0x00 Val: 0x00000000
In clock cycle: 4927
Register Write to Reg: 0x07 Val: 0x00000000
In clock cycle: 4928
Register Write to Reg: 0x00 Val: 0x00000000
In clock cycle: 4929
Register Write to Reg: 0x00 Val: 0x00000000
In clock cycle: 4930
Register Write to Reg: 0x00 Val: 0x00000000
In clock cycle: 4931
Register Write to Reg: 0x1E Val: 0x00000000
In clock cycle: 4932
Register Write to Reg: 0x1D Val: 0x00000003
In clock cycle: 4933
Register Write to Reg: 0x00 Val: 0x00000000
In clock cycle: 4934
Register Write to Reg: 0x00 Val: 0x00000000
In clock cycle: 4935
Register Write to Reg: 0x00 Val: 0x00000000
In clock cycle: 4936
Register Write to Reg: 0x01 Val: 0x004007A4
In clock cycle: 4937
Register Write to Reg: 0x00 Val: 0x00000000
In clock cycle: 4938
Register Write to Reg: 0x00 Val: 0x00000000
In clock cycle: 4939
Register Write to Reg: 0x00 Val: 0x00000000
In clock cycle: 4940
Register Write to Reg: 0x01 Val: 0x004007D0
In clock cycle: 4941
Register Write to Reg: 0x00 Val: 0x00000000
In clock cycle: 4942
Register Write to Reg: 0x00 Val: 0x00000000
In clock cycle: 4943
Register Write to Reg: 0x00 Val: 0x00000000
In clock cycle: 4944
Register Write to Reg: 0x00 Val: 0x004007C8
In clock cycle: 4945
Register Write to Reg: 0x02 Val: 0x10010F68
In clock cycle: 4946
Register Write to Reg: 0x00 Val: 0x00000000
In clock cycle: 4947
Register Write to Reg: 0x00 Val: 0x00000000
In clock cycle: 4948
Register Write to Reg: 0x00 Val: 0x00000000
In clock cycle: 4949
Memory Write to Addr: 0x10010F84 Val: 0x10010F88
In clock cycle: 4950
Register Write to Reg: 0x00 Val: 0x00000000
In clock cycle: 4951
Register Write to Reg: 0x00 Val: 0x00000000
In clock cycle: 4952
Register Write to Reg: 0x00 Val: 0x00000000
In clock cycle: 4953
Register Write to Reg: 0x08 Val: 0x10010F68
In clock cycle: 4954
Register Write to Reg: 0x00 Val: 0x00000000
In clock cycle: 4955
Register Write to Reg: 0x00 Val: 0x00000000
In clock cycle: 4956
Register Write to Reg: 0x00 Val: 0x00000000
In clock cycle: 4957
Memory Write to Addr: 0x10010F88 Val: 0x00000003
In clock cycle: 4958
Memory Write to Addr: 0x10010F8C Val: 0x00000000
In clock cycle: 4959
Register Write to Reg: 0x07 Val: 0x1000F930
In clock cycle: 4960
Register Write to Reg: 0x00 Val: 0x00000000
In clock cycle: 4961
Register Write to Reg: 0x00 Val: 0x00000000
In clock cycle: 4962
Register Write to Reg: 0x00 Val: 0x00000000
In clock cycle: 4963
Register Write to Reg: 0x07 Val: 0x10010014
In clock cycle: 4964
Register Write to Reg: 0x00 Val: 0x00000000
In clock cycle: 4965
Register Write to Reg: 0x00 Val: 0x00000000
In clock cycle: 4966
Register Write to Reg: 0x00 Val: 0x00000000
In clock cycle: 4967
Register Write to Reg: 0x1C Val: 0x00000003
In clock cycle: 4968
Register Write to Reg: 0x00 Val: 0x00000000
In clock cycle: 4969
Register Write to Reg: 0x00 Val: 0x00000000
In clock cycle: 4970
Register Write to Reg: 0x00 Val: 0x00000000
In clock cycle: 4971
Register Write to Reg: 0x1C Val: 0x0000000C
In clock cycle: 4972
Register Write to Reg: 0x00 Val: 0x00000000
In clock cycle: 4973
Register Write to Reg: 0x00 Val: 0x00000000
In clock cycle: 4974
Register Write to Reg: 0x00 Val: 0x00000000
In clock cycle: 4975
Register Write to Reg: 0x07 Val: 0x10010020
In clock cycle: 4976
Register Write to Reg: 0x00 Val: 0x00000000
In clock cycle: 4977
Register Write to Reg: 0x00 Val: 0x00000000
In clock cycle: 4978
Register Write to Reg: 0x00 Val: 0x00000000
In clock cycle: 4979
Register Write to Reg: 0x07 Val: 0x00000003
In clock cycle: 4980
Register Write to Reg: 0x00 Val: 0x00000000
In clock cycle: 4981
Register Write to Reg: 0x00 Val: 0x00000000
In clock cycle: 4982
Register Write to Reg: 0x00 Val: 0x00000000
In clock cycle: 4983
Memory Write to Addr: 0x10010F78 Val: 0x00000003
In clock cycle: 4984
Register Write to Reg: 0x07 Val: 0x00000001
In clock cycle: 4985
Register Write to Reg: 0x00 Val: 0x00000000
In clock cycle: 4986
Register Write to Reg: 0x00 Val: 0x00000000
In clock cycle: 4987
Register Write to Reg: 0x00 Val: 0x00000000
In clock cycle: 4988
Memory Write to Addr: 0x10010F70 Val: 0x00000001
In clock cycle: 4989
Memory Write to Addr: 0x10010F74 Val: 0x00000000
In clock cycle: 4990
Register Write to Reg: 0x00 Val: 0x004009B0
In clock cycle: 4991
Register Write to Reg: 0x1C Val: 0x00000000
In clock cycle: 4992
Register Write to Reg: 0x07 Val: 0x00000000
In clock cycle: 4993
Register Write to Reg: 0x00 Val: 0x00000000
In clock cycle: 4994
Register Write to Reg: 0x00 Val: 0x00000000
In clock cycle: 4995
Register Write to Reg: 0x00 Val: 0x00000000
In clock cycle: 4996
Register Write to Reg: 0x07 Val: 0x00000000
In clock cycle: 4997
Register Write to Reg: 0x00 Val: 0x00000000
In clock cycle: 4998
Register Write to Reg: 0x00 Val: 0x00000000
In clock cycle: 4999
Register Write to Reg: 0x00 Val: 0x00000000
In clock cycle: 5001
Register Write to Reg: 0x1C Val: 0x00000001
In clock cycle: 5002
Register Write to Reg: 0x07 Val: 0x00000003
In clock cycle: 5003
Register Write to Reg: 0x00 Val: 0x00000000
In clock cycle: 5004
Register Write to Reg: 0x00 Val: 0x00000000
In clock cycle: 5005
Register Write to Reg: 0x00 Val: 0x00000000
In clock cycle: 5006
Register Write to Reg: 0x07 Val: 0x00000001
In clock cycle: 5007
Register Write to Reg: 0x00 Val: 0x00000000
In clock cycle: 5008
Register Write to Reg: 0x00 Val: 0x00000000
In clock cycle: 5009
Register Write to Reg: 0x00 Val: 0x00000000
In clock cycle: 5010
Register Write to Reg: 0x07 Val: 0x00000001
In clock cycle: 5011
Register Write to Reg: 0x00 Val: 0x00000000
In clock cycle: 5012
Register Write to Reg: 0x00 Val: 0x00000000
In clock cycle: 5013
Register Write to Reg: 0x00 Val: 0x00000000
In clock cycle: 5014
Register Write to Reg: 0x07 Val: 0x00000001
In clock cycle: 5015
Register Write to Reg: 0x00 Val: 0x00000000
In clock cycle: 5016
Register Write to Reg: 0x00 Val: 0x00000000
In clock cycle: 5017
Register Write to Reg: 0x00 Val: 0x00000000
In clock cycle: 5018
Register Write to Reg: 0x02 Val: 0x10010F68
In clock cycle: 5019
Register Write to Reg: 0x00 Val: 0x00000000
In clock cycle: 5020
Register Write to Reg: 0x00 Val: 0x00000000
In clock cycle: 5021
Register Write to Reg: 0x00 Val: 0x00000000
In clock cycle: 5022
Register Write to Reg: 0x08 Val: 0x10010F88
In clock cycle: 5023
Register Write to Reg: 0x00 Val: 0x00000000
In clock cycle: 5024
Register Write to Reg: 0x00 Val: 0x00000000
In clock cycle: 5025
Register Write to Reg: 0x00 Val: 0x00000000
In clock cycle: 5026
Register Write to Reg: 0x02 Val: 0x10010F88
In clock cycle: 5027
Register Write to Reg: 0x00 Val: 0x00000000
In clock cycle: 5028
Register Write to Reg: 0x00 Val: 0x00000000
In clock cycle: 5029
Register Write to Reg: 0x00 Val: 0x00400AB0
In clock cycle: 5031
Register Write to Reg: 0x00 Val: 0x00000000
In clock cycle: 5032
Register Write to Reg: 0x00 Val: 0x00000000
In clock cycle: 5033
Register Write to Reg: 0x07 Val: 0x10010FC4
In clock cycle: 5034
Register Write to Reg: 0x00 Val: 0x00000000
In clock cycle: 5035
Register Write to Reg: 0x00 Val: 0x00000000
In clock cycle: 5036
Register Write to Reg: 0x00 Val: 0x00000000
In clock cycle: 5037
Register Write to Reg: 0x07 Val: 0x00000000
In clock cycle: 5038
Register Write to Reg: 0x00 Val: 0x00000000
In clock cycle: 5039
Register Write to Reg: 0x00 Val: 0x00000000
In clock cycle: 5040
Register Write to Reg: 0x00 Val: 0x00000000
In clock cycle: 5041
Register Write to Reg: 0x1D Val: 0x00000001
In clock cycle: 5042
Register Write to Reg: 0x00 Val: 0x00000000
In clock cycle: 5043
Register Write to Reg: 0x00 Val: 0x00000000
In clock cycle: 5044
Register Write to Reg: 0x00 Val: 0x00000000
In clock cycle: 5045
Register Write to Reg: 0x1C Val: 0x10010FC4
In clock cycle: 5046
Register Write to Reg: 0x00 Val: 0x00000000
In clock cycle: 5047
Register Write to Reg: 0x00 Val: 0x00000000
In clock cycle: 5048
Register Write to Reg: 0x00 Val: 0x00000000
In clock cycle: 5049
Memory Write to Addr: 0x10010FC8 Val: 0x00000001
In clock cycle: 5050
Register Write to Reg: 0x00 Val: 0x00400824
In clock cycle: 5051
Register Write to Reg: 0x02 Val: 0x10010F88
In clock cycle: 5052
Register Write to Reg: 0x00 Val: 0x00000000
In clock cycle: 5053
Register Write to Reg: 0x00 Val: 0x00000000
In clock cycle: 5054
Register Write to Reg: 0x00 Val: 0x00000000
In clock cycle: 5055
Register Write to Reg: 0x01 Val: 0x00400640
In clock cycle: 5056
Register Write to Reg: 0x08 Val: 0x10010FA8
In clock cycle: 5057
Register Write to Reg: 0x00 Val: 0x00000000
In clock cycle: 5058
Register Write to Reg: 0x00 Val: 0x00000000
In clock cycle: 5059
Register Write to Reg: 0x00 Val: 0x00000000
In clock cycle: 5060
Register Write to Reg: 0x02 Val: 0x10010FA8
In clock cycle: 5061
Register Write to Reg: 0x00 Val: 0x00000000
In clock cycle: 5062
Register Write to Reg: 0x00 Val: 0x00000000
In clock cycle: 5063
Register Write to Reg: 0x00 Val: 0x004008F0
In clock cycle: 5064
Memory Write to Addr: 0x10010FC0 Val: 0x00000000
In clock cycle: 5065
Register Write to Reg: 0x00 Val: 0x00400648
In clock cycle: 5066
Register Write to Reg: 0x1C Val: 0x00000000
In clock cycle: 5067
Register Write to Reg: 0x00 Val: 0x00000000
In clock cycle: 5068
Register Write to Reg: 0x00 Val: 0x00000000
In clock cycle: 5069
Register Write to Reg: 0x00 Val: 0x00000000
In clock cycle: 5070
Register Write to Reg: 0x07 Val: 0xFFFFFFFF
In clock cycle: 5071
Register Write to Reg: 0x00 Val: 0x00000000
In clock cycle: 5072
Register Write to Reg: 0x00 Val: 0x00000000
In clock cycle: 5074
Register Write to Reg: 0x00 Val: 0x00000000
In clock cycle: 5075
Register Write to Reg: 0x00 Val: 0x00000000
In clock cycle: 5076
Register Write to Reg: 0x00 Val: 0x00400368
In clock cycle: 5077
Register Write to Reg: 0x1D Val: 0x00000000
In clock cycle: 5078
Register Write to Reg: 0x00 Val: 0x00000000
In clock cycle: 5079
Register Write to Reg: 0x00 Val: 0x00000000
In clock cycle: 5080
Register Write to Reg: 0x00 Val: 0x00000000
In clock cycle: 5081
Register Write to Reg: 0x01 Val: 0x00400258
In clock cycle: 5082
Register Write to Reg: 0x00 Val: 0x00000000
In clock cycle: 5083
Register Write to Reg: 0x00 Val: 0x00000000
In clock cycle: 5084
Register Write to Reg: 0x00 Val: 0x00000000
In clock cycle: 5085
Register Write to Reg: 0x01 Val: 0x00400284
In clock cycle: 5086
Register Write to Reg: 0x00 Val: 0x00000000
In clock cycle: 5087
Register Write to Reg: 0x00 Val: 0x00000000
In clock cycle: 5088
Register Write to Reg: 0x00 Val: 0x00000000
In clock cycle: 5089
Register Write to Reg: 0x00 Val: 0x0040027C
In clock cycle: 5090
Register Write to Reg: 0x02 Val: 0x10010F88
In clock cycle: 5091
Register Write to Reg: 0x00 Val: 0x00000000
In clock cycle: 5092
Register Write to Reg: 0x00 Val: 0x00000000
In clock cycle: 5093
Register Write to Reg: 0x00 Val: 0x00000000
In clock cycle: 5094
Memory Write to Addr: 0x10010FA4 Val: 0x10010FA8
In clock cycle: 5095
Register Write to Reg: 0x00 Val: 0x00000000
In clock cycle: 5096
Register Write to Reg: 0x00 Val: 0x00000000
In clock cycle: 5097
Register Write to Reg: 0x00 Val: 0x00000000
In clock cycle: 5098
Register Write to Reg: 0x08 Val: 0x10010F88
In clock cycle: 5099
Register Write to Reg: 0x00 Val: 0x00000000
In clock cycle: 5100
Register Write to Reg: 0x00 Val: 0x00000000
In clock cycle: 5101
Register Write to Reg: 0x00 Val: 0x00000000
In clock cycle: 5102
Memory Write to Addr: 0x10010FA8 Val: 0x00000000
In clock cycle: 5103
Register Write to Reg: 0x07 Val: 0x00000001
In clock cycle: 5104
Register Write to Reg: 0x00 Val: 0x00000000
In clock cycle: 5105
Register Write to Reg: 0x00 Val: 0x00000000
In clock cycle: 5106
Register Write to Reg: 0x00 Val: 0x00000000
In clock cycle: 5107
Memory Write to Addr: 0x10010F90 Val: 0x00000001
In clock cycle: 5108
Memory Write to Addr: 0x10010F94 Val: 0x00000000
In clock cycle: 5109
Register Write to Reg: 0x00 Val: 0x00400C94
In clock cycle: 5110
Register Write to Reg: 0x1C Val: 0x00000000
In clock cycle: 5111
Register Write to Reg: 0x07 Val: 0x00000000
In clock cycle: 5112
Register Write to Reg: 0x00 Val: 0x00000000
In clock cycle: 5113
Register Write to Reg: 0x00 Val: 0x00000000
In clock cycle: 5114
Register Write to Reg: 0x00 Val: 0x00000000
In clock cycle: 5115
Register Write to Reg: 0x07 Val: 0x00000000
In clock cycle: 5116
Register Write to Reg: 0x00 Val: 0x00000000
In clock cycle: 5117
Register Write to Reg: 0x00 Val: 0x00000000
In clock cycle: 5118
Register Write to Reg: 0x00 Val: 0x00000000
In clock cycle: 5120
Register Write to Reg: 0x07 Val: 0x1000FD20
In clock cycle: 5121
Register Write to Reg: 0x00 Val: 0x00000000
In clock cycle: 5122
Register Write to Reg: 0x00 Val: 0x00000000
In clock cycle: 5123
Register Write to Reg: 0x00 Val: 0x00000000
In clock cycle: 5124
Register Write to Reg: 0x07 Val: 0x10010024
In clock cycle: 5125
Register Write to Reg: 0x00 Val: 0x00000000
In clock cycle: 5126
Register Write to Reg: 0x00 Val: 0x00000000
In clock cycle: 5127
Register Write to Reg: 0x00 Val: 0x00000000
In clock cycle: 5128
Register Write to Reg: 0x07 Val: 0x01010101
In clock cycle: 5129
Register Write to Reg: 0x00 Val: 0x00000000
In clock cycle: 5130
Register Write to Reg: 0x00 Val: 0x00000000
In clock cycle: 5131
Register Write to Reg: 0x00 Val: 0x00000000
In clock cycle: 5132
Memory Write to Addr: 0x10010F98 Val: 0x01010101
In clock cycle: 5133
Register Write to Reg: 0x1C Val: 0x01010101
In clock cycle: 5134
Register Write to Reg: 0x00 Val: 0x00000000
In clock cycle: 5135
Register Write to Reg: 0x00 Val: 0x00000000
In clock cycle: 5136
Register Write to Reg: 0x00 Val: 0x00000000
In clock cycle: 5137
Register Write to Reg: 0x07 Val: 0x00000001
In clock cycle: 5138
Register Write to Reg: 0x00 Val: 0x00000000
In clock cycle: 5139
Register Write to Reg: 0x00 Val: 0x00000000
In clock cycle: 5140
Register Write to Reg: 0x00 Val: 0x00000000
In clock cycle: 5141
Register Write to Reg: 0x07 Val: 0x00000001
In clock cycle: 5142
Register Write to Reg: 0x00 Val: 0x00000000
In clock cycle: 5143
Register Write to Reg: 0x00 Val: 0x00000000
In clock cycle: 5144
Register Write to Reg: 0x00 Val: 0x00000000
In clock cycle: 5145
Register Write to Reg: 0x07 Val: 0x00000001
In clock cycle: 5146
Register Write to Reg: 0x00 Val: 0x00000000
In clock cycle: 5147
Register Write to Reg: 0x00 Val: 0x00000000
In clock cycle: 5148
Register Write to Reg: 0x00 Val: 0x00000000
In clock cycle: 5149
Register Write to Reg: 0x07 Val: 0x00000001
In clock cycle: 5150
Register Write to Reg: 0x00 Val: 0x00000000
In clock cycle: 5151
Register Write to Reg: 0x00 Val: 0x00000000
In clock cycle: 5152
Register Write to Reg: 0x00 Val: 0x00000000
In clock cycle: 5153
Register Write to Reg: 0x02 Val: 0x10010F88
In clock cycle: 5154
Register Write to Reg: 0x00 Val: 0x00000000
In clock cycle: 5155
Register Write to Reg: 0x00 Val: 0x00000000
In clock cycle: 5156
Register Write to Reg: 0x00 Val: 0x00000000
In clock cycle: 5157
Register Write to Reg: 0x08 Val: 0x10010FA8
In clock cycle: 5158
Register Write to Reg: 0x00 Val: 0x00000000
In clock cycle: 5159
Register Write to Reg: 0x00 Val: 0x00000000
In clock cycle: 5160
Register Write to Reg: 0x00 Val: 0x00000000
In clock cycle: 5161
Register Write to Reg: 0x02 Val: 0x10010FA8
In clock cycle: 5162
Register Write to Reg: 0x00 Val: 0x00000000
In clock cycle: 5163
Register Write to Reg: 0x00 Val: 0x00000000
In clock cycle: 5164
Register Write to Reg: 0x00 Val: 0x00400DD4
In clock cycle: 5165
Register Write to Reg: 0x07 Val: 0x00000000
In clock cycle: 5166
Register Write to Reg: 0x00 Val: 0x00000000
In clock cycle: 5167
Register Write to Reg: 0x00 Val: 0x00000000
In clock cycle: 5168
Register Write to Reg: 0x00 Val: 0x00000000
In clock cycle: 5169
Register Write to Reg: 0x07 Val: 0x00000000
In clock cycle: 5170
Register Write to Reg: 0x00 Val: 0x00000000
In clock cycle: 5171
Register Write to Reg: 0x00 Val: 0x00000000
In clock cycle: 5172
Register Write to Reg: 0x00 Val: 0x00000000
In clock cycle: 5174
Register Write to Reg: 0x07 Val: 0x10010FC4
In clock cycle: 5175
Register Write to Reg: 0x00 Val: 0x00000000
In clock cycle: 5176
Register Write to Reg: 0x00 Val: 0x00000000
In clock cycle: 5177
Register Write to Reg: 0x00 Val: 0x00000000
In clock cycle: 5178
Register Write to Reg: 0x1D Val: 0x10010FC4
In clock cycle: 5179
Register Write to Reg: 0x00 Val: 0x00000000
In clock cycle: 5180
Register Write to Reg: 0x00 Val: 0x00000000
In clock cycle: 5181
Register Write to Reg: 0x00 Val: 0x00000000
In clock cycle: 5182
Register Write to Reg: 0x01 Val: 0x0040030C
In clock cycle: 5183
Register Write to Reg: 0x00 Val: 0x00000000
In clock cycle: 5184
Register Write to Reg: 0x00 Val: 0x00000000
In clock cycle: 5185
Register Write to Reg: 0x00 Val: 0x00000000
In clock cycle: 5186
Register Write to Reg: 0x01 Val: 0x00400338
In clock cycle: 5187
Register Write to Reg: 0x00 Val: 0x00000000
In clock cycle: 5188
Register Write to Reg: 0x00 Val: 0x00000000
In clock cycle: 5189
Register Write to Reg: 0x00 Val: 0x00000000
In clock cycle: 5190
Register Write to Reg: 0x00 Val: 0x00400330
In clock cycle: 5191
Register Write to Reg: 0x02 Val: 0x10010F88
In clock cycle: 5192
Register Write to Reg: 0x00 Val: 0x00000000
In clock cycle: 5193
Register Write to Reg: 0x00 Val: 0x00000000
In clock cycle: 5194
Register Write to Reg: 0x00 Val: 0x00000000
In clock cycle: 5195
Memory Write to Addr: 0x10010FA4 Val: 0x00400338
In clock cycle: 5196
Memory Write to Addr: 0x10010FA0 Val: 0x10010FA8
In clock cycle: 5197
Register Write to Reg: 0x00 Val: 0x00000000
In clock cycle: 5198
Register Write to Reg: 0x00 Val: 0x00000000
In clock cycle: 5199
Register Write to Reg: 0x00 Val: 0x00000000
In clock cycle: 5200
Register Write to Reg: 0x08 Val: 0x10010F88
In clock cycle: 5201
Register Write to Reg: 0x00 Val: 0x00000000
In clock cycle: 5202
Register Write to Reg: 0x00 Val: 0x00000000
In clock cycle: 5203
Register Write to Reg: 0x00 Val: 0x00000000
In clock cycle: 5204
Memory Write to Addr: 0x10010FA8 Val: 0x10010FC4
In clock cycle: 5205
Register Write to Reg: 0x00 Val: 0x00400748
In clock cycle: 5206
Register Write to Reg: 0x07 Val: 0x10010FC4
In clock cycle: 5207
Register Write to Reg: 0x00 Val: 0x00000000
In clock cycle: 5208
Register Write to Reg: 0x00 Val: 0x00000000
In clock cycle: 5209
Register Write to Reg: 0x00 Val: 0x00000000
In clock cycle: 5210
Register Write to Reg: 0x07 Val: 0x00000001
In clock cycle: 5211
Register Write to Reg: 0x00 Val: 0x00000000
In clock cycle: 5212
Register Write to Reg: 0x00 Val: 0x00000000
In clock cycle: 5213
Register Write to Reg: 0x00 Val: 0x00000000
In clock cycle: 5214
Register Write to Reg: 0x07 Val: 0x00000001
In clock cycle: 5215
Register Write to Reg: 0x00 Val: 0x00000000
In clock cycle: 5216
Register Write to Reg: 0x00 Val: 0x00000000
In clock cycle: 5217
Register Write to Reg: 0x00 Val: 0x00000000
In clock cycle: 5219
Register Write to Reg: 0x00 Val: 0x00000000
In clock cycle: 5220
Register Write to Reg: 0x00 Val: 0x00000000
In clock cycle: 5221
Register Write to Reg: 0x00 Val: 0x004008B0
In clock cycle: 5222
Register Write to Reg: 0x07 Val: 0x10010FC4
In clock cycle: 5223
Register Write to Reg: 0x00 Val: 0x00000000
In clock cycle: 5224
Register Write to Reg: 0x00 Val: 0x00000000
In clock cycle: 5225
Register Write to Reg: 0x00 Val: 0x00000000
In clock cycle: 5226
Register Write to Reg: 0x1C Val: 0x00000003
In clock cycle: 5227
Register Write to Reg: 0x00 Val: 0x00000000
In clock cycle: 5228
Register Write to Reg: 0x00 Val: 0x00000000
In clock cycle: 5229
Register Write to Reg: 0x00 Val: 0x00000000
In clock cycle: 5230
Register Write to Reg: 0x07 Val: 0x10010FC4
In clock cycle: 5231
Register Write to Reg: 0x00 Val: 0x00000000
In clock cycle: 5232
Register Write to Reg: 0x00 Val: 0x00000000
In clock cycle: 5233
Register Write to Reg: 0x00 Val: 0x00000000
In clock cycle: 5234
Register Write to Reg: 0x07 Val: 0x00000001
In clock cycle: 5235
Register Write to Reg: 0x00 Val: 0x00000000
In clock cycle: 5236
Register Write to Reg: 0x00 Val: 0x00000000
In clock cycle: 5237
Register Write to Reg: 0x00 Val: 0x00000000
In clock cycle: 5238
Register Write to Reg: 0x1E Val: 0x00000001
In clock cycle: 5239
Register Write to Reg: 0x1D Val: 0x00000003
In clock cycle: 5240
Register Write to Reg: 0x00 Val: 0x00000000
In clock cycle: 5241
Register Write to Reg: 0x00 Val: 0x00000000
In clock cycle: 5242
Register Write to Reg: 0x00 Val: 0x00000000
In clock cycle: 5243
Register Write to Reg: 0x01 Val: 0x004007A4
In clock cycle: 5244
Register Write to Reg: 0x00 Val: 0x00000000
In clock cycle: 5245
Register Write to Reg: 0x00 Val: 0x00000000
In clock cycle: 5246
Register Write to Reg: 0x00 Val: 0x00000000
In clock cycle: 5247
Register Write to Reg: 0x01 Val: 0x004007D0
In clock cycle: 5248
Register Write to Reg: 0x00 Val: 0x00000000
In clock cycle: 5249
Register Write to Reg: 0x00 Val: 0x00000000
In clock cycle: 5250
Register Write to Reg: 0x00 Val: 0x00000000
In clock cycle: 5251
Register Write to Reg: 0x00 Val: 0x004007C8
In clock cycle: 5252
Register Write to Reg: 0x02 Val: 0x10010F68
In clock cycle: 5253
Register Write to Reg: 0x00 Val: 0x00000000
In clock cycle: 5254
Register Write to Reg: 0x00 Val: 0x00000000
In clock cycle: 5255
Register Write to Reg: 0x00 Val: 0x00000000
In clock cycle: 5256
Memory Write to Addr: 0x10010F84 Val: 0x10010F88
In clock cycle: 5257
Register Write to Reg: 0x00 Val: 0x00000000
In clock cycle: 5258
Register Write to Reg: 0x00 Val: 0x00000000
In clock cycle: 5259
Register Write to Reg: 0x00 Val: 0x00000000
In clock cycle: 5260
Register Write to Reg: 0x08 Val: 0x10010F68
In clock cycle: 5261
Register Write to Reg: 0x00 Val: 0x00000000
In clock cycle: 5262
Register Write to Reg: 0x00 Val: 0x00000000
In clock cycle: 5263
Register Write to Reg: 0x00 Val: 0x00000000
In clock cycle: 5264
Memory Write to Addr: 0x10010F88 Val: 0x00000003
In clock cycle: 5265
Memory Write to Addr: 0x10010F8C Val: 0x00000001
In clock cycle: 5266
Register Write to Reg: 0x07 Val: 0x1000F930
In clock cycle: 5267
Register Write to Reg: 0x00 Val: 0x00000000
In clock cycle: 5268
Register Write to Reg: 0x00 Val: 0x00000000
In clock cycle: 5269
Register Write to Reg: 0x00 Val: 0x00000000
In clock cycle: 5270
Register Write to Reg: 0x07 Val: 0x10010014
In clock cycle: 5271
Register Write to Reg: 0x00 Val: 0x00000000
In clock cycle: 5272
Register Write to Reg: 0x00 Val: 0x00000000
In clock cycle: 5273
Register Write to Reg: 0x00 Val: 0x00000000
In clock cycle: 5274
Register Write to Reg: 0x1C Val: 0x00000003
In clock cycle: 5275
Register Write to Reg: 0x00 Val: 0x00000000
In clock cycle: 5276
Register Write to Reg: 0x00 Val: 0x00000000
In clock cycle: 5277
Register Write to Reg: 0x00 Val: 0x00000000
In clock cycle: 5278
Register Write to Reg: 0x1C Val: 0x0000000C
In clock cycle: 5279
Register Write to Reg: 0x00 Val: 0x00000000
In clock cycle: 5280
Register Write to Reg: 0x00 Val: 0x00000000
In clock cycle: 5281
Register Write to Reg: 0x00 Val: 0x00000000
In clock cycle: 5282
Register Write to Reg: 0x07 Val: 0x10010020
In clock cycle: 5283
Register Write to Reg: 0x00 Val: 0x00000000
In clock cycle: 5284
Register Write to Reg: 0x00 Val: 0x00000000
In clock cycle: 5285
Register Write to Reg: 0x00 Val: 0x00000000
In clock cycle: 5286
Register Write to Reg: 0x07 Val: 0x00000003
In clock cycle: 5287
Register Write to Reg: 0x00 Val: 0x00000000
In clock cycle: 5288
Register Write to Reg: 0x00 Val: 0x00000000
In clock cycle: 5289
Register Write to Reg: 0x00 Val: 0x00000000
In clock cycle: 5290
Memory Write to Addr: 0x10010F78 Val: 0x00000003
In clock cycle: 5291
Register Write to Reg: 0x07 Val: 0x00000001
In clock cycle: 5292
Register Write to Reg: 0x00 Val: 0x00000000
In clock cycle: 5293
Register Write to Reg: 0x00 Val: 0x00000000
In clock cycle: 5294
Register Write to Reg: 0x00 Val: 0x00000000
In clock cycle: 5295
Memory Write to Addr: 0x10010F70 Val: 0x00000001
In clock cycle: 5296
Memory Write to Addr: 0x10010F74 Val: 0x00000000
In clock cycle: 5297
Register Write to Reg: 0x00 Val: 0x004009B0
In clock cycle: 5298
Register Write to Reg: 0x1C Val: 0x00000000
In clock cycle: 5299
Register Write to Reg: 0x07 Val: 0x00000001
In clock cycle: 5300
Register Write to Reg: 0x00 Val: 0x00000000
In clock cycle: 5301
Register Write to Reg: 0x00 Val: 0x00000000
In clock cycle: 5302
Register Write to Reg: 0x00 Val: 0x00000000
In clock cycle: 5303
Register Write to Reg: 0x07 Val: 0x00000001
In clock cycle: 5304
Register Write to Reg: 0x00 Val: 0x00000000
In clock cycle: 5305
Register Write to Reg: 0x00 Val: 0x00000000
In clock cycle: 5306
Register Write to Reg: 0x00 Val: 0x00000000
In clock cycle: 5308
Register Write to Reg: 0x00 Val: 0x00000000
In clock cycle: 5309
Register Write to Reg: 0x00 Val: 0x00000000
In clock cycle: 5310
Register Write to Reg: 0x00 Val: 0x00400A34
In clock cycle: 5311
Register Write to Reg: 0x07 Val: 0x00000001
In clock cycle: 5312
Register Write to Reg: 0x00 Val: 0x00000000
In clock cycle: 5313
Register Write to Reg: 0x00 Val: 0x00000000
In clock cycle: 5314
Register Write to Reg: 0x00 Val: 0x00000000
In clock cycle: 5315
Register Write to Reg: 0x07 Val: 0x00000002
In clock cycle: 5316
Register Write to Reg: 0x00 Val: 0x00000000
In clock cycle: 5317
Register Write to Reg: 0x00 Val: 0x00000000
In clock cycle: 5318
Register Write to Reg: 0x00 Val: 0x00000000
In clock cycle: 5319
Memory Write to Addr: 0x10010F70 Val: 0x00000002
In clock cycle: 5320
Register Write to Reg: 0x07 Val: 0x00000000
In clock cycle: 5321
Register Write to Reg: 0x00 Val: 0x00000000
In clock cycle: 5322
Register Write to Reg: 0x00 Val: 0x00000000
In clock cycle: 5323
Register Write to Reg: 0x00 Val: 0x00000000
In clock cycle: 5324
Register Write to Reg: 0x07 Val: 0x00000001
In clock cycle: 5325
Register Write to Reg: 0x00 Val: 0x00000000
In clock cycle: 5326
Register Write to Reg: 0x00 Val: 0x00000000
In clock cycle: 5327
Register Write to Reg: 0x00 Val: 0x00000000
In clock cycle: 5328
Memory Write to Addr: 0x10010F74 Val: 0x00000001
In clock cycle: 5329
Register Write to Reg: 0x1C Val: 0x00000001
In clock cycle: 5330
Register Write to Reg: 0x07 Val: 0x00000001
In clock cycle: 5331
Register Write to Reg: 0x00 Val: 0x00000000
In clock cycle: 5332
Register Write to Reg: 0x00 Val: 0x00000000
In clock cycle: 5333
Register Write to Reg: 0x00 Val: 0x00000000
In clock cycle: 5334
Register Write to Reg: 0x07 Val: 0x00000000
In clock cycle: 5335
Register Write to Reg: 0x00 Val: 0x00000000
In clock cycle: 5336
Register Write to Reg: 0x00 Val: 0x00000000
In clock cycle: 5337
Register Write to Reg: 0x00 Val: 0x00000000
In clock cycle: 5339
Register Write to Reg: 0x1C Val: 0x00000002
In clock cycle: 5340
Register Write to Reg: 0x07 Val: 0x00000003
In clock cycle: 5341
Register Write to Reg: 0x00 Val: 0x00000000
In clock cycle: 5342
Register Write to Reg: 0x00 Val: 0x00000000
In clock cycle: 5343
Register Write to Reg: 0x00 Val: 0x00000000
In clock cycle: 5344
Register Write to Reg: 0x07 Val: 0x00000002
In clock cycle: 5345
Register Write to Reg: 0x00 Val: 0x00000000
In clock cycle: 5346
Register Write to Reg: 0x00 Val: 0x00000000
In clock cycle: 5347
Register Write to Reg: 0x00 Val: 0x00000000
In clock cycle: 5348
Register Write to Reg: 0x07 Val: 0x00000001
In clock cycle: 5349
Register Write to Reg: 0x00 Val: 0x00000000
In clock cycle: 5350
Register Write to Reg: 0x00 Val: 0x00000000
In clock cycle: 5351
Register Write to Reg: 0x00 Val: 0x00000000
In clock cycle: 5352
Register Write to Reg: 0x07 Val: 0x00000001
In clock cycle: 5353
Register Write to Reg: 0x00 Val: 0x00000000
In clock cycle: 5354
Register Write to Reg: 0x00 Val: 0x00000000
In clock cycle: 5355
Register Write to Reg: 0x00 Val: 0x00000000
In clock cycle: 5356
Register Write to Reg: 0x02 Val: 0x10010F68
In clock cycle: 5357
Register Write to Reg: 0x00 Val: 0x00000000
In clock cycle: 5358
Register Write to Reg: 0x00 Val: 0x00000000
In clock cycle: 5359
Register Write to Reg: 0x00 Val: 0x00000000
In clock cycle: 5360
Register Write to Reg: 0x08 Val: 0x10010F88
In clock cycle: 5361
Register Write to Reg: 0x00 Val: 0x00000000
In clock cycle: 5362
Register Write to Reg: 0x00 Val: 0x00000000
In clock cycle: 5363
Register Write to Reg: 0x00 Val: 0x00000000
In clock cycle: 5364
Register Write to Reg: 0x02 Val: 0x10010F88
In clock cycle: 5365
Register Write to Reg: 0x00 Val: 0x00000000
In clock cycle: 5366
Register Write to Reg: 0x00 Val: 0x00000000
In clock cycle: 5367
Register Write to Reg: 0x00 Val: 0x00400AB0
In clock cycle: 5369
Register Write to Reg: 0x00 Val: 0x00000000
In clock cycle: 5370
Register Write to Reg: 0x00 Val: 0x00000000
In clock cycle: 5371
Register Write to Reg: 0x07 Val: 0x10010FC4
In clock cycle: 5372
Register Write to Reg: 0x00 Val: 0x00000000
In clock cycle: 5373
Register Write to Reg: 0x00 Val: 0x00000000
In clock cycle: 5374
Register Write to Reg: 0x00 Val: 0x00000000
In clock cycle: 5375
Register Write to Reg: 0x07 Val: 0x00000001
In clock cycle: 5376
Register Write to Reg: 0x00 Val: 0x00000000
In clock cycle: 5377
Register Write to Reg: 0x00 Val: 0x00000000
In clock cycle: 5378
Register Write to Reg: 0x00 Val: 0x00000000
In clock cycle: 5379
Register Write to Reg: 0x1D Val: 0x00000002
In clock cycle: 5380
Register Write to Reg: 0x00 Val: 0x00000000
In clock cycle: 5381
Register Write to Reg: 0x00 Val: 0x00000000
In clock cycle: 5382
Register Write to Reg: 0x00 Val: 0x00000000
In clock cycle: 5383
Register Write to Reg: 0x1C Val: 0x10010FC4
In clock cycle: 5384
Register Write to Reg: 0x00 Val: 0x00000000
In clock cycle: 5385
Register Write to Reg: 0x00 Val: 0x00000000
In clock cycle: 5386
Register Write to Reg: 0x00 Val: 0x00000000
In clock cycle: 5387
Memory Write to Addr: 0x10010FC8 Val: 0x00000002
In clock cycle: 5388
Register Write to Reg: 0x00 Val: 0x00400824
In clock cycle: 5389
Register Write to Reg: 0x02 Val: 0x10010F88
In clock cycle: 5390
Register Write to Reg: 0x00 Val: 0x00000000
In clock cycle: 5391
Register Write to Reg: 0x00 Val: 0x00000000
In clock cycle: 5392
Register Write to Reg: 0x00 Val: 0x00000000
In clock cycle: 5393
Register Write to Reg: 0x01 Val: 0x00400338
In clock cycle: 5394
Register Write to Reg: 0x08 Val: 0x10010FA8
In clock cycle: 5395
Register Write to Reg: 0x00 Val: 0x00000000
In clock cycle: 5396
Register Write to Reg: 0x00 Val: 0x00000000
In clock cycle: 5397
Register Write to Reg: 0x00 Val: 0x00000000
In clock cycle: 5398
Register Write to Reg: 0x02 Val: 0x10010FA8
In clock cycle: 5399
Register Write to Reg: 0x00 Val: 0x00000000
In clock cycle: 5400
Register Write to Reg: 0x00 Val: 0x00000000
In clock cycle: 5401
Register Write to Reg: 0x00 Val: 0x004008F0
In clock cycle: 5402
Memory Write to Addr: 0x10010FC0 Val: 0x00000001
In clock cycle: 5403
Register Write to Reg: 0x1C Val: 0x00000001
In clock cycle: 5404
Register Write to Reg: 0x00 Val: 0x00000000
In clock cycle: 5405
Register Write to Reg: 0x00 Val: 0x00000000
In clock cycle: 5406
Register Write to Reg: 0x00 Val: 0x00000000
In clock cycle: 5407
Register Write to Reg: 0x07 Val: 0xFFFFFFFF
In clock cycle: 5408
Register Write to Reg: 0x00 Val: 0x00000000
In clock cycle: 5409
Register Write to Reg: 0x00 Val: 0x00000000
In clock cycle: 5411
Register Write to Reg: 0x00 Val: 0x00000000
In clock cycle: 5412
Register Write to Reg: 0x00 Val: 0x00000000
In clock cycle: 5413
Register Write to Reg: 0x00 Val: 0x00400368
In clock cycle: 5414
Register Write to Reg: 0x1D Val: 0x00000001
In clock cycle: 5415
Register Write to Reg: 0x00 Val: 0x00000000
In clock cycle: 5416
Register Write to Reg: 0x00 Val: 0x00000000
In clock cycle: 5417
Register Write to Reg: 0x00 Val: 0x00000000
In clock cycle: 5418
Register Write to Reg: 0x01 Val: 0x00400258
In clock cycle: 5419
Register Write to Reg: 0x00 Val: 0x00000000
In clock cycle: 5420
Register Write to Reg: 0x00 Val: 0x00000000
In clock cycle: 5421
Register Write to Reg: 0x00 Val: 0x00000000
In clock cycle: 5422
Register Write to Reg: 0x01 Val: 0x00400284
In clock cycle: 5423
Register Write to Reg: 0x00 Val: 0x00000000
In clock cycle: 5424
Register Write to Reg: 0x00 Val: 0x00000000
In clock cycle: 5425
Register Write to Reg: 0x00 Val: 0x00000000
In clock cycle: 5426
Register Write to Reg: 0x00 Val: 0x0040027C
In clock cycle: 5427
Register Write to Reg: 0x02 Val: 0x10010F88
In clock cycle: 5428
Register Write to Reg: 0x00 Val: 0x00000000
In clock cycle: 5429
Register Write to Reg: 0x00 Val: 0x00000000
In clock cycle: 5430
Register Write to Reg: 0x00 Val: 0x00000000
In clock cycle: 5431
Memory Write to Addr: 0x10010FA4 Val: 0x10010FA8
In clock cycle: 5432
Register Write to Reg: 0x00 Val: 0x00000000
In clock cycle: 5433
Register Write to Reg: 0x00 Val: 0x00000000
In clock cycle: 5434
Register Write to Reg: 0x00 Val: 0x00000000
In clock cycle: 5435
Register Write to Reg: 0x08 Val: 0x10010F88
In clock cycle: 5436
Register Write to Reg: 0x00 Val: 0x00000000
In clock cycle: 5437
Register Write to Reg: 0x00 Val: 0x00000000
In clock cycle: 5438
Register Write to Reg: 0x00 Val: 0x00000000
In clock cycle: 5439
Memory Write to Addr: 0x10010FA8 Val: 0x00000001
In clock cycle: 5440
Register Write to Reg: 0x07 Val: 0x00000001
In clock cycle: 5441
Register Write to Reg: 0x00 Val: 0x00000000
In clock cycle: 5442
Register Write to Reg: 0x00 Val: 0x00000000
In clock cycle: 5443
Register Write to Reg: 0x00 Val: 0x00000000
In clock cycle: 5444
Memory Write to Addr: 0x10010F90 Val: 0x00000001
In clock cycle: 5445
Memory Write to Addr: 0x10010F94 Val: 0x00000000
In clock cycle: 5446
Register Write to Reg: 0x00 Val: 0x00400C94
In clock cycle: 5447
Register Write to Reg: 0x1C Val: 0x00000000
In clock cycle: 5448
Register Write to Reg: 0x07 Val: 0x00000001
In clock cycle: 5449
Register Write to Reg: 0x00 Val: 0x00000000
In clock cycle: 5450
Register Write to Reg: 0x00 Val: 0x00000000
In clock cycle: 5451
Register Write to Reg: 0x00 Val: 0x00000000
In clock cycle: 5452
Register Write to Reg: 0x07 Val: 0x00000001
In clock cycle: 5453
Register Write to Reg: 0x00 Val: 0x00000000
In clock cycle: 5454
Register Write to Reg: 0x00 Val: 0x00000000
In clock cycle: 5455
Register Write to Reg: 0x00 Val: 0x00000000
In clock cycle: 5457
Register Write to Reg: 0x00 Val: 0x00000000
In clock cycle: 5458
Register Write to Reg: 0x00 Val: 0x00000000
In clock cycle: 5459
Register Write to Reg: 0x00 Val: 0x00400D18
In clock cycle: 5460
Register Write to Reg: 0x07 Val: 0x00000001
In clock cycle: 5461
Register Write to Reg: 0x00 Val: 0x00000000
In clock cycle: 5462
Register Write to Reg: 0x00 Val: 0x00000000
In clock cycle: 5463
Register Write to Reg: 0x00 Val: 0x00000000
In clock cycle: 5464
Register Write to Reg: 0x07 Val: 0x00000100
In clock cycle: 5465
Register Write to Reg: 0x00 Val: 0x00000000
In clock cycle: 5466
Register Write to Reg: 0x00 Val: 0x00000000
In clock cycle: 5467
Register Write to Reg: 0x00 Val: 0x00000000
In clock cycle: 5468
Memory Write to Addr: 0x10010F90 Val: 0x00000100
In clock cycle: 5469
Register Write to Reg: 0x07 Val: 0x00000000
In clock cycle: 5470
Register Write to Reg: 0x00 Val: 0x00000000
In clock cycle: 5471
Register Write to Reg: 0x00 Val: 0x00000000
In clock cycle: 5472
Register Write to Reg: 0x00 Val: 0x00000000
In clock cycle: 5473
Register Write to Reg: 0x07 Val: 0x00000001
In clock cycle: 5474
Register Write to Reg: 0x00 Val: 0x00000000
In clock cycle: 5475
Register Write to Reg: 0x00 Val: 0x00000000
In clock cycle: 5476
Register Write to Reg: 0x00 Val: 0x00000000
In clock cycle: 5477
Memory Write to Addr: 0x10010F94 Val: 0x00000001
In clock cycle: 5478
Register Write to Reg: 0x1C Val: 0x00000001
In clock cycle: 5479
Register Write to Reg: 0x07 Val: 0x00000001
In clock cycle: 5480
Register Write to Reg: 0x00 Val: 0x00000000
In clock cycle: 5481
Register Write to Reg: 0x00 Val: 0x00000000
In clock cycle: 5482
Register Write to Reg: 0x00 Val: 0x00000000
In clock cycle: 5483
Register Write to Reg: 0x07 Val: 0x00000000
In clock cycle: 5484
Register Write to Reg: 0x00 Val: 0x00000000
In clock cycle: 5485
Register Write to Reg: 0x00 Val: 0x00000000
In clock cycle: 5486
Register Write to Reg: 0x00 Val: 0x00000000
In clock cycle: 5488
Register Write to Reg: 0x07 Val: 0x1000FD20
In clock cycle: 5489
Register Write to Reg: 0x00 Val: 0x00000000
In clock cycle: 5490
Register Write to Reg: 0x00 Val: 0x00000000
In clock cycle: 5491
Register Write to Reg: 0x00 Val: 0x00000000
In clock cycle: 5492
Register Write to Reg: 0x07 Val: 0x10010024
In clock cycle: 5493
Register Write to Reg: 0x00 Val: 0x00000000
In clock cycle: 5494
Register Write to Reg: 0x00 Val: 0x00000000
In clock cycle: 5495
Register Write to Reg: 0x00 Val: 0x00000000
In clock cycle: 5496
Register Write to Reg: 0x07 Val: 0x01010101
In clock cycle: 5497
Register Write to Reg: 0x00 Val: 0x00000000
In clock cycle: 5498
Register Write to Reg: 0x00 Val: 0x00000000
In clock cycle: 5499
Register Write to Reg: 0x00 Val: 0x00000000
In clock cycle: 5500
Memory Write to Addr: 0x10010F98 Val: 0x01010101
In clock cycle: 5501
Register Write to Reg: 0x1C Val: 0x01010101
In clock cycle: 5502
Register Write to Reg: 0x00 Val: 0x00000000
In clock cycle: 5503
Register Write to Reg: 0x00 Val: 0x00000000
In clock cycle: 5504
Register Write to Reg: 0x00 Val: 0x00000000
In clock cycle: 5505
Register Write to Reg: 0x07 Val: 0x00000100
In clock cycle: 5506
Register Write to Reg: 0x00 Val: 0x00000000
In clock cycle: 5507
Register Write to Reg: 0x00 Val: 0x00000000
In clock cycle: 5508
Register Write to Reg: 0x00 Val: 0x00000000
In clock cycle: 5509
Register Write to Reg: 0x07 Val: 0x00000100
In clock cycle: 5510
Register Write to Reg: 0x00 Val: 0x00000000
In clock cycle: 5511
Register Write to Reg: 0x00 Val: 0x00000000
In clock cycle: 5512
Register Write to Reg: 0x00 Val: 0x00000000
In clock cycle: 5513
Register Write to Reg: 0x07 Val: 0x00000001
In clock cycle: 5514
Register Write to Reg: 0x00 Val: 0x00000000
In clock cycle: 5515
Register Write to Reg: 0x00 Val: 0x00000000
In clock cycle: 5516
Register Write to Reg: 0x00 Val: 0x00000000
In clock cycle: 5517
Register Write to Reg: 0x07 Val: 0x00000001
In clock cycle: 5518
Register Write to Reg: 0x00 Val: 0x00000000
In clock cycle: 5519
Register Write to Reg: 0x00 Val: 0x00000000
In clock cycle: 5520
Register Write to Reg: 0x00 Val: 0x00000000
In clock cycle: 5521
Register Write to Reg: 0x02 Val: 0x10010F88
In clock cycle: 5522
Register Write to Reg: 0x00 Val: 0x00000000
In clock cycle: 5523
Register Write to Reg: 0x00 Val: 0x00000000
In clock cycle: 5524
Register Write to Reg: 0x00 Val: 0x00000000
In clock cycle: 5525
Register Write to Reg: 0x08 Val: 0x10010FA8
In clock cycle: 5526
Register Write to Reg: 0x00 Val: 0x00000000
In clock cycle: 5527
Register Write to Reg: 0x00 Val: 0x00000000
In clock cycle: 5528
Register Write to Reg: 0x00 Val: 0x00000000
In clock cycle: 5529
Register Write to Reg: 0x02 Val: 0x10010FA8
In clock cycle: 5530
Register Write to Reg: 0x00 Val: 0x00000000
In clock cycle: 5531
Register Write to Reg: 0x00 Val: 0x00000000
In clock cycle: 5532
Register Write to Reg: 0x00 Val: 0x00400DD4
In clock cycle: 5533
Register Write to Reg: 0x07 Val: 0x00000000
In clock cycle: 5534
Register Write to Reg: 0x00 Val: 0x00000000
In clock cycle: 5535
Register Write to Reg: 0x00 Val: 0x00000000
In clock cycle: 5536
Register Write to Reg: 0x00 Val: 0x00000000
In clock cycle: 5537
Register Write to Reg: 0x07 Val: 0x00000000
In clock cycle: 5538
Register Write to Reg: 0x00 Val: 0x00000000
In clock cycle: 5539
Register Write to Reg: 0x00 Val: 0x00000000
In clock cycle: 5540
Register Write to Reg: 0x00 Val: 0x00000000
In clock cycle: 5542
Register Write to Reg: 0x07 Val: 0x10010FC4
In clock cycle: 5543
Register Write to Reg: 0x00 Val: 0x00000000
In clock cycle: 5544
Register Write to Reg: 0x00 Val: 0x00000000
In clock cycle: 5545
Register Write to Reg: 0x00 Val: 0x00000000
In clock cycle: 5546
Register Write to Reg: 0x1D Val: 0x10010FC4
In clock cycle: 5547
Register Write to Reg: 0x00 Val: 0x00000000
In clock cycle: 5548
Register Write to Reg: 0x00 Val: 0x00000000
In clock cycle: 5549
Register Write to Reg: 0x00 Val: 0x00000000
In clock cycle: 5550
Register Write to Reg: 0x01 Val: 0x0040030C
In clock cycle: 5551
Register Write to Reg: 0x00 Val: 0x00000000
In clock cycle: 5552
Register Write to Reg: 0x00 Val: 0x00000000
In clock cycle: 5553
Register Write to Reg: 0x00 Val: 0x00000000
In clock cycle: 5554
Register Write to Reg: 0x01 Val: 0x00400338
In clock cycle: 5555
Register Write to Reg: 0x00 Val: 0x00000000
In clock cycle: 5556
Register Write to Reg: 0x00 Val: 0x00000000
In clock cycle: 5557
Register Write to Reg: 0x00 Val: 0x00000000
In clock cycle: 5558
Register Write to Reg: 0x00 Val: 0x00400330
In clock cycle: 5559
Register Write to Reg: 0x02 Val: 0x10010F88
In clock cycle: 5560
Register Write to Reg: 0x00 Val: 0x00000000
In clock cycle: 5561
Register Write to Reg: 0x00 Val: 0x00000000
In clock cycle: 5562
Register Write to Reg: 0x00 Val: 0x00000000
In clock cycle: 5563
Memory Write to Addr: 0x10010FA4 Val: 0x00400338
In clock cycle: 5564
Memory Write to Addr: 0x10010FA0 Val: 0x10010FA8
In clock cycle: 5565
Register Write to Reg: 0x00 Val: 0x00000000
In clock cycle: 5566
Register Write to Reg: 0x00 Val: 0x00000000
In clock cycle: 5567
Register Write to Reg: 0x00 Val: 0x00000000
In clock cycle: 5568
Register Write to Reg: 0x08 Val: 0x10010F88
In clock cycle: 5569
Register Write to Reg: 0x00 Val: 0x00000000
In clock cycle: 5570
Register Write to Reg: 0x00 Val: 0x00000000
In clock cycle: 5571
Register Write to Reg: 0x00 Val: 0x00000000
In clock cycle: 5572
Memory Write to Addr: 0x10010FA8 Val: 0x10010FC4
In clock cycle: 5573
Register Write to Reg: 0x00 Val: 0x00400748
In clock cycle: 5574
Register Write to Reg: 0x07 Val: 0x10010FC4
In clock cycle: 5575
Register Write to Reg: 0x00 Val: 0x00000000
In clock cycle: 5576
Register Write to Reg: 0x00 Val: 0x00000000
In clock cycle: 5577
Register Write to Reg: 0x00 Val: 0x00000000
In clock cycle: 5578
Register Write to Reg: 0x07 Val: 0x00000002
In clock cycle: 5579
Register Write to Reg: 0x00 Val: 0x00000000
In clock cycle: 5580
Register Write to Reg: 0x00 Val: 0x00000000
In clock cycle: 5581
Register Write to Reg: 0x00 Val: 0x00000000
In clock cycle: 5582
Register Write to Reg: 0x07 Val: 0x00000001
In clock cycle: 5583
Register Write to Reg: 0x00 Val: 0x00000000
In clock cycle: 5584
Register Write to Reg: 0x00 Val: 0x00000000
In clock cycle: 5585
Register Write to Reg: 0x00 Val: 0x00000000
In clock cycle: 5587
Register Write to Reg: 0x00 Val: 0x00000000
In clock cycle: 5588
Register Write to Reg: 0x00 Val: 0x00000000
In clock cycle: 5589
Register Write to Reg: 0x00 Val: 0x004008B0
In clock cycle: 5590
Register Write to Reg: 0x07 Val: 0x10010FC4
In clock cycle: 5591
Register Write to Reg: 0x00 Val: 0x00000000
In clock cycle: 5592
Register Write to Reg: 0x00 Val: 0x00000000
In clock cycle: 5593
Register Write to Reg: 0x00 Val: 0x00000000
In clock cycle: 5594
Register Write to Reg: 0x1C Val: 0x00000003
In clock cycle: 5595
Register Write to Reg: 0x00 Val: 0x00000000
In clock cycle: 5596
Register Write to Reg: 0x00 Val: 0x00000000
In clock cycle: 5597
Register Write to Reg: 0x00 Val: 0x00000000
In clock cycle: 5598
Register Write to Reg: 0x07 Val: 0x10010FC4
In clock cycle: 5599
Register Write to Reg: 0x00 Val: 0x00000000
In clock cycle: 5600
Register Write to Reg: 0x00 Val: 0x00000000
In clock cycle: 5601
Register Write to Reg: 0x00 Val: 0x00000000
In clock cycle: 5602
Register Write to Reg: 0x07 Val: 0x00000002
In clock cycle: 5603
Register Write to Reg: 0x00 Val: 0x00000000
In clock cycle: 5604
Register Write to Reg: 0x00 Val: 0x00000000
In clock cycle: 5605
Register Write to Reg: 0x00 Val: 0x00000000
In clock cycle: 5606
Register Write to Reg: 0x1E Val: 0x00000002
In clock cycle: 5607
Register Write to Reg: 0x1D Val: 0x00000003
In clock cycle: 5608
Register Write to Reg: 0x00 Val: 0x00000000
In clock cycle: 5609
Register Write to Reg: 0x00 Val: 0x00000000
In clock cycle: 5610
Register Write to Reg: 0x00 Val: 0x00000000
In clock cycle: 5611
Register Write to Reg: 0x01 Val: 0x004007A4
In clock cycle: 5612
Register Write to Reg: 0x00 Val: 0x00000000
In clock cycle: 5613
Register Write to Reg: 0x00 Val: 0x00000000
In clock cycle: 5614
Register Write to Reg: 0x00 Val: 0x00000000
In clock cycle: 5615
Register Write to Reg: 0x01 Val: 0x004007D0
In clock cycle: 5616
Register Write to Reg: 0x00 Val: 0x00000000
In clock cycle: 5617
Register Write to Reg: 0x00 Val: 0x00000000
In clock cycle: 5618
Register Write to Reg: 0x00 Val: 0x00000000
In clock cycle: 5619
Register Write to Reg: 0x00 Val: 0x004007C8
In clock cycle: 5620
Register Write to Reg: 0x02 Val: 0x10010F68
In clock cycle: 5621
Register Write to Reg: 0x00 Val: 0x00000000
In clock cycle: 5622
Register Write to Reg: 0x00 Val: 0x00000000
In clock cycle: 5623
Register Write to Reg: 0x00 Val: 0x00000000
In clock cycle: 5624
Memory Write to Addr: 0x10010F84 Val: 0x10010F88
In clock cycle: 5625
Register Write to Reg: 0x00 Val: 0x00000000
In clock cycle: 5626
Register Write to Reg: 0x00 Val: 0x00000000
In clock cycle: 5627
Register Write to Reg: 0x00 Val: 0x00000000
In clock cycle: 5628
Register Write to Reg: 0x08 Val: 0x10010F68
In clock cycle: 5629
Register Write to Reg: 0x00 Val: 0x00000000
In clock cycle: 5630
Register Write to Reg: 0x00 Val: 0x00000000
In clock cycle: 5631
Register Write to Reg: 0x00 Val: 0x00000000
In clock cycle: 5632
Memory Write to Addr: 0x10010F88 Val: 0x00000003
In clock cycle: 5633
Memory Write to Addr: 0x10010F8C Val: 0x00000002
In clock cycle: 5634
Register Write to Reg: 0x07 Val: 0x1000F930
In clock cycle: 5635
Register Write to Reg: 0x00 Val: 0x00000000
In clock cycle: 5636
Register Write to Reg: 0x00 Val: 0x00000000
In clock cycle: 5637
Register Write to Reg: 0x00 Val: 0x00000000
In clock cycle: 5638
Register Write to Reg: 0x07 Val: 0x10010014
In clock cycle: 5639
Register Write to Reg: 0x00 Val: 0x00000000
In clock cycle: 5640
Register Write to Reg: 0x00 Val: 0x00000000
In clock cycle: 5641
Register Write to Reg: 0x00 Val: 0x00000000
In clock cycle: 5642
Register Write to Reg: 0x1C Val: 0x00000003
In clock cycle: 5643
Register Write to Reg: 0x00 Val: 0x00000000
In clock cycle: 5644
Register Write to Reg: 0x00 Val: 0x00000000
In clock cycle: 5645
Register Write to Reg: 0x00 Val: 0x00000000
In clock cycle: 5646
Register Write to Reg: 0x1C Val: 0x0000000C
In clock cycle: 5647
Register Write to Reg: 0x00 Val: 0x00000000
In clock cycle: 5648
Register Write to Reg: 0x00 Val: 0x00000000
In clock cycle: 5649
Register Write to Reg: 0x00 Val: 0x00000000
In clock cycle: 5650
Register Write to Reg: 0x07 Val: 0x10010020
In clock cycle: 5651
Register Write to Reg: 0x00 Val: 0x00000000
In clock cycle: 5652
Register Write to Reg: 0x00 Val: 0x00000000
In clock cycle: 5653
Register Write to Reg: 0x00 Val: 0x00000000
In clock cycle: 5654
Register Write to Reg: 0x07 Val: 0x00000003
In clock cycle: 5655
Register Write to Reg: 0x00 Val: 0x00000000
In clock cycle: 5656
Register Write to Reg: 0x00 Val: 0x00000000
In clock cycle: 5657
Register Write to Reg: 0x00 Val: 0x00000000
In clock cycle: 5658
Memory Write to Addr: 0x10010F78 Val: 0x00000003
In clock cycle: 5659
Register Write to Reg: 0x07 Val: 0x00000001
In clock cycle: 5660
Register Write to Reg: 0x00 Val: 0x00000000
In clock cycle: 5661
Register Write to Reg: 0x00 Val: 0x00000000
In clock cycle: 5662
Register Write to Reg: 0x00 Val: 0x00000000
In clock cycle: 5663
Memory Write to Addr: 0x10010F70 Val: 0x00000001
In clock cycle: 5664
Memory Write to Addr: 0x10010F74 Val: 0x00000000
In clock cycle: 5665
Register Write to Reg: 0x00 Val: 0x004009B0
In clock cycle: 5666
Register Write to Reg: 0x1C Val: 0x00000000
In clock cycle: 5667
Register Write to Reg: 0x07 Val: 0x00000002
In clock cycle: 5668
Register Write to Reg: 0x00 Val: 0x00000000
In clock cycle: 5669
Register Write to Reg: 0x00 Val: 0x00000000
In clock cycle: 5670
Register Write to Reg: 0x00 Val: 0x00000000
In clock cycle: 5671
Register Write to Reg: 0x07 Val: 0x00000001
In clock cycle: 5672
Register Write to Reg: 0x00 Val: 0x00000000
In clock cycle: 5673
Register Write to Reg: 0x00 Val: 0x00000000
In clock cycle: 5674
Register Write to Reg: 0x00 Val: 0x00000000
In clock cycle: 5676
Register Write to Reg: 0x00 Val: 0x00000000
In clock cycle: 5677
Register Write to Reg: 0x00 Val: 0x00000000
In clock cycle: 5678
Register Write to Reg: 0x00 Val: 0x00400A34
In clock cycle: 5679
Register Write to Reg: 0x07 Val: 0x00000001
In clock cycle: 5680
Register Write to Reg: 0x00 Val: 0x00000000
In clock cycle: 5681
Register Write to Reg: 0x00 Val: 0x00000000
In clock cycle: 5682
Register Write to Reg: 0x00 Val: 0x00000000
In clock cycle: 5683
Register Write to Reg: 0x07 Val: 0x00000002
In clock cycle: 5684
Register Write to Reg: 0x00 Val: 0x00000000
In clock cycle: 5685
Register Write to Reg: 0x00 Val: 0x00000000
In clock cycle: 5686
Register Write to Reg: 0x00 Val: 0x00000000
In clock cycle: 5687
Memory Write to Addr: 0x10010F70 Val: 0x00000002
In clock cycle: 5688
Register Write to Reg: 0x07 Val: 0x00000000
In clock cycle: 5689
Register Write to Reg: 0x00 Val: 0x00000000
In clock cycle: 5690
Register Write to Reg: 0x00 Val: 0x00000000
In clock cycle: 5691
Register Write to Reg: 0x00 Val: 0x00000000
In clock cycle: 5692
Register Write to Reg: 0x07 Val: 0x00000001
In clock cycle: 5693
Register Write to Reg: 0x00 Val: 0x00000000
In clock cycle: 5694
Register Write to Reg: 0x00 Val: 0x00000000
In clock cycle: 5695
Register Write to Reg: 0x00 Val: 0x00000000
In clock cycle: 5696
Memory Write to Addr: 0x10010F74 Val: 0x00000001
In clock cycle: 5697
Register Write to Reg: 0x1C Val: 0x00000001
In clock cycle: 5698
Register Write to Reg: 0x07 Val: 0x00000002
In clock cycle: 5699
Register Write to Reg: 0x00 Val: 0x00000000
In clock cycle: 5700
Register Write to Reg: 0x00 Val: 0x00000000
In clock cycle: 5701
Register Write to Reg: 0x00 Val: 0x00000000
In clock cycle: 5702
Register Write to Reg: 0x07 Val: 0x00000001
In clock cycle: 5703
Register Write to Reg: 0x00 Val: 0x00000000
In clock cycle: 5704
Register Write to Reg: 0x00 Val: 0x00000000
In clock cycle: 5705
Register Write to Reg: 0x00 Val: 0x00000000
In clock cycle: 5707
Register Write to Reg: 0x00 Val: 0x00000000
In clock cycle: 5708
Register Write to Reg: 0x00 Val: 0x00000000
In clock cycle: 5709
Register Write to Reg: 0x00 Val: 0x00400A34
In clock cycle: 5710
Register Write to Reg: 0x07 Val: 0x00000002
In clock cycle: 5711
Register Write to Reg: 0x00 Val: 0x00000000
In clock cycle: 5712
Register Write to Reg: 0x00 Val: 0x00000000
In clock cycle: 5713
Register Write to Reg: 0x00 Val: 0x00000000
In clock cycle: 5714
Register Write to Reg: 0x07 Val: 0x00000004
In clock cycle: 5715
Register Write to Reg: 0x00 Val: 0x00000000
In clock cycle: 5716
Register Write to Reg: 0x00 Val: 0x00000000
In clock cycle: 5717
Register Write to Reg: 0x00 Val: 0x00000000
In clock cycle: 5718
Memory Write to Addr: 0x10010F70 Val: 0x00000004
In clock cycle: 5719
Register Write to Reg: 0x07 Val: 0x00000001
In clock cycle: 5720
Register Write to Reg: 0x00 Val: 0x00000000
In clock cycle: 5721
Register Write to Reg: 0x00 Val: 0x00000000
In clock cycle: 5722
Register Write to Reg: 0x00 Val: 0x00000000
In clock cycle: 5723
Register Write to Reg: 0x07 Val: 0x00000002
In clock cycle: 5724
Register Write to Reg: 0x00 Val: 0x00000000
In clock cycle: 5725
Register Write to Reg: 0x00 Val: 0x00000000
In clock cycle: 5726
Register Write to Reg: 0x00 Val: 0x00000000
In clock cycle: 5727
Memory Write to Addr: 0x10010F74 Val: 0x00000002
In clock cycle: 5728
Register Write to Reg: 0x1C Val: 0x00000002
In clock cycle: 5729
Register Write to Reg: 0x07 Val: 0x00000002
In clock cycle: 5730
Register Write to Reg: 0x00 Val: 0x00000000
In clock cycle: 5731
Register Write to Reg: 0x00 Val: 0x00000000
In clock cycle: 5732
Register Write to Reg: 0x00 Val: 0x00000000
In clock cycle: 5733
Register Write to Reg: 0x07 Val: 0x00000000
In clock cycle: 5734
Register Write to Reg: 0x00 Val: 0x00000000
In clock cycle: 5735
Register Write to Reg: 0x00 Val: 0x00000000
In clock cycle: 5736
Register Write to Reg: 0x00 Val: 0x00000000
In clock cycle: 5738
Register Write to Reg: 0x1C Val: 0x00000004
In clock cycle: 5739
Register Write to Reg: 0x07 Val: 0x00000003
In clock cycle: 5740
Register Write to Reg: 0x00 Val: 0x00000000
In clock cycle: 5741
Register Write to Reg: 0x00 Val: 0x00000000
In clock cycle: 5742
Register Write to Reg: 0x00 Val: 0x00000000
In clock cycle: 5743
Register Write to Reg: 0x07 Val: 0x00000000
In clock cycle: 5744
Register Write to Reg: 0x00 Val: 0x00000000
In clock cycle: 5745
Register Write to Reg: 0x00 Val: 0x00000000
In clock cycle: 5746
Register Write to Reg: 0x00 Val: 0x00000000
In clock cycle: 5747
Register Write to Reg: 0x07 Val: 0x00000000
In clock cycle: 5748
Register Write to Reg: 0x00 Val: 0x00000000
In clock cycle: 5749
Register Write to Reg: 0x00 Val: 0x00000000
In clock cycle: 5750
Register Write to Reg: 0x00 Val: 0x00000000
In clock cycle: 5751
Register Write to Reg: 0x07 Val: 0x00000000
In clock cycle: 5752
Register Write to Reg: 0x00 Val: 0x00000000
In clock cycle: 5753
Register Write to Reg: 0x00 Val: 0x00000000
In clock cycle: 5754
Register Write to Reg: 0x00 Val: 0x00000000
In clock cycle: 5755
Register Write to Reg: 0x02 Val: 0x10010F68
In clock cycle: 5756
Register Write to Reg: 0x00 Val: 0x00000000
In clock cycle: 5757
Register Write to Reg: 0x00 Val: 0x00000000
In clock cycle: 5758
Register Write to Reg: 0x00 Val: 0x00000000
In clock cycle: 5759
Register Write to Reg: 0x08 Val: 0x10010F88
In clock cycle: 5760
Register Write to Reg: 0x00 Val: 0x00000000
In clock cycle: 5761
Register Write to Reg: 0x00 Val: 0x00000000
In clock cycle: 5762
Register Write to Reg: 0x00 Val: 0x00000000
In clock cycle: 5763
Register Write to Reg: 0x02 Val: 0x10010F88
In clock cycle: 5764
Register Write to Reg: 0x00 Val: 0x00000000
In clock cycle: 5765
Register Write to Reg: 0x00 Val: 0x00000000
In clock cycle: 5766
Register Write to Reg: 0x00 Val: 0x00400AB0
In clock cycle: 5768
Register Write to Reg: 0x07 Val: 0x10010FC4
In clock cycle: 5769
Register Write to Reg: 0x00 Val: 0x00000000
In clock cycle: 5770
Register Write to Reg: 0x00 Val: 0x00000000
In clock cycle: 5771
Register Write to Reg: 0x00 Val: 0x00000000
In clock cycle: 5772
Register Write to Reg: 0x07 Val: 0x00000002
In clock cycle: 5773
Register Write to Reg: 0x00 Val: 0x00000000
In clock cycle: 5774
Register Write to Reg: 0x00 Val: 0x00000000
In clock cycle: 5775
Register Write to Reg: 0x00 Val: 0x00000000
In clock cycle: 5776
Register Write to Reg: 0x1C Val: 0x00000003
In clock cycle: 5777
Register Write to Reg: 0x00 Val: 0x00000000
In clock cycle: 5778
Register Write to Reg: 0x00 Val: 0x00000000
In clock cycle: 5779
Register Write to Reg: 0x00 Val: 0x00000000
In clock cycle: 5780
Register Write to Reg: 0x07 Val: 0x10010FC4
In clock cycle: 5781
Register Write to Reg: 0x00 Val: 0x00000000
In clock cycle: 5782
Register Write to Reg: 0x00 Val: 0x00000000
In clock cycle: 5783
Register Write to Reg: 0x00 Val: 0x00000000
In clock cycle: 5784
Memory Write to Addr: 0x10010FC8 Val: 0x00000003
In clock cycle: 5785
Register Write to Reg: 0x07 Val: 0x10010FC4
In clock cycle: 5786
Register Write to Reg: 0x00 Val: 0x00000000
In clock cycle: 5787
Register Write to Reg: 0x00 Val: 0x00000000
In clock cycle: 5788
Register Write to Reg: 0x00 Val: 0x00000000
In clock cycle: 5789
Register Write to Reg: 0x07 Val: 0x00000003
In clock cycle: 5790
Register Write to Reg: 0x00 Val: 0x00000000
In clock cycle: 5791
Register Write to Reg: 0x00 Val: 0x00000000
In clock cycle: 5792
Register Write to Reg: 0x00 Val: 0x00000000
In clock cycle: 5793
Register Write to Reg: 0x07 Val: 0x00000001
In clock cycle: 5794
Register Write to Reg: 0x00 Val: 0x00000000
In clock cycle: 5795
Register Write to Reg: 0x00 Val: 0x00000000
In clock cycle: 5796
Register Write to Reg: 0x00 Val: 0x00000000
In clock cycle: 5798
Register Write to Reg: 0x00 Val: 0x00000000
In clock cycle: 5799
Register Write to Reg: 0x00 Val: 0x00000000
In clock cycle: 5800
Register Write to Reg: 0x00 Val: 0x004008B0
In clock cycle: 5801
Register Write to Reg: 0x07 Val: 0x10010FC4
In clock cycle: 5802
Register Write to Reg: 0x00 Val: 0x00000000
In clock cycle: 5803
Register Write to Reg: 0x00 Val: 0x00000000
In clock cycle: 5804
Register Write to Reg: 0x00 Val: 0x00000000
In clock cycle: 5805
Register Write to Reg: 0x1C Val: 0x00000003
In clock cycle: 5806
Register Write to Reg: 0x00 Val: 0x00000000
In clock cycle: 5807
Register Write to Reg: 0x00 Val: 0x00000000
In clock cycle: 5808
Register Write to Reg: 0x00 Val: 0x00000000
In clock cycle: 5809
Register Write to Reg: 0x07 Val: 0x10010FC4
In clock cycle: 5810
Register Write to Reg: 0x00 Val: 0x00000000
In clock cycle: 5811
Register Write to Reg: 0x00 Val: 0x00000000
In clock cycle: 5812
Register Write to Reg: 0x00 Val: 0x00000000
In clock cycle: 5813
Register Write to Reg: 0x07 Val: 0x00000003
In clock cycle: 5814
Register Write to Reg: 0x00 Val: 0x00000000
In clock cycle: 5815
Register Write to Reg: 0x00 Val: 0x00000000
In clock cycle: 5816
Register Write to Reg: 0x00 Val: 0x00000000
In clock cycle: 5817
Register Write to Reg: 0x1E Val: 0x00000003
In clock cycle: 5818
Register Write to Reg: 0x1D Val: 0x00000003
In clock cycle: 5819
Register Write to Reg: 0x00 Val: 0x00000000
In clock cycle: 5820
Register Write to Reg: 0x00 Val: 0x00000000
In clock cycle: 5821
Register Write to Reg: 0x00 Val: 0x00000000
In clock cycle: 5822
Register Write to Reg: 0x01 Val: 0x004007A4
In clock cycle: 5823
Register Write to Reg: 0x00 Val: 0x00000000
In clock cycle: 5824
Register Write to Reg: 0x00 Val: 0x00000000
In clock cycle: 5825
Register Write to Reg: 0x00 Val: 0x00000000
In clock cycle: 5826
Register Write to Reg: 0x01 Val: 0x004007D0
In clock cycle: 5827
Register Write to Reg: 0x00 Val: 0x00000000
In clock cycle: 5828
Register Write to Reg: 0x00 Val: 0x00000000
In clock cycle: 5829
Register Write to Reg: 0x00 Val: 0x00000000
In clock cycle: 5830
Register Write to Reg: 0x00 Val: 0x004007C8
In clock cycle: 5831
Register Write to Reg: 0x02 Val: 0x10010F68
In clock cycle: 5832
Register Write to Reg: 0x00 Val: 0x00000000
In clock cycle: 5833
Register Write to Reg: 0x00 Val: 0x00000000
In clock cycle: 5834
Register Write to Reg: 0x00 Val: 0x00000000
In clock cycle: 5835
Memory Write to Addr: 0x10010F84 Val: 0x10010F88
In clock cycle: 5836
Register Write to Reg: 0x00 Val: 0x00000000
In clock cycle: 5837
Register Write to Reg: 0x00 Val: 0x00000000
In clock cycle: 5838
Register Write to Reg: 0x00 Val: 0x00000000
In clock cycle: 5839
Register Write to Reg: 0x08 Val: 0x10010F68
In clock cycle: 5840
Register Write to Reg: 0x00 Val: 0x00000000
In clock cycle: 5841
Register Write to Reg: 0x00 Val: 0x00000000
In clock cycle: 5842
Register Write to Reg: 0x00 Val: 0x00000000
In clock cycle: 5843
Memory Write to Addr: 0x10010F88 Val: 0x00000003
In clock cycle: 5844
Memory Write to Addr: 0x10010F8C Val: 0x00000003
In clock cycle: 5845
Register Write to Reg: 0x07 Val: 0x1000F930
In clock cycle: 5846
Register Write to Reg: 0x00 Val: 0x00000000
In clock cycle: 5847
Register Write to Reg: 0x00 Val: 0x00000000
In clock cycle: 5848
Register Write to Reg: 0x00 Val: 0x00000000
In clock cycle: 5849
Register Write to Reg: 0x07 Val: 0x10010014
In clock cycle: 5850
Register Write to Reg: 0x00 Val: 0x00000000
In clock cycle: 5851
Register Write to Reg: 0x00 Val: 0x00000000
In clock cycle: 5852
Register Write to Reg: 0x00 Val: 0x00000000
In clock cycle: 5853
Register Write to Reg: 0x1C Val: 0x00000003
In clock cycle: 5854
Register Write to Reg: 0x00 Val: 0x00000000
In clock cycle: 5855
Register Write to Reg: 0x00 Val: 0x00000000
In clock cycle: 5856
Register Write to Reg: 0x00 Val: 0x00000000
In clock cycle: 5857
Register Write to Reg: 0x1C Val: 0x0000000C
In clock cycle: 5858
Register Write to Reg: 0x00 Val: 0x00000000
In clock cycle: 5859
Register Write to Reg: 0x00 Val: 0x00000000
In clock cycle: 5860
Register Write to Reg: 0x00 Val: 0x00000000
In clock cycle: 5861
Register Write to Reg: 0x07 Val: 0x10010020
In clock cycle: 5862
Register Write to Reg: 0x00 Val: 0x00000000
In clock cycle: 5863
Register Write to Reg: 0x00 Val: 0x00000000
In clock cycle: 5864
Register Write to Reg: 0x00 Val: 0x00000000
In clock cycle: 5865
Register Write to Reg: 0x07 Val: 0x00000003
In clock cycle: 5866
Register Write to Reg: 0x00 Val: 0x00000000
In clock cycle: 5867
Register Write to Reg: 0x00 Val: 0x00000000
In clock cycle: 5868
Register Write to Reg: 0x00 Val: 0x00000000
In clock cycle: 5869
Memory Write to Addr: 0x10010F78 Val: 0x00000003
In clock cycle: 5870
Register Write to Reg: 0x07 Val: 0x00000001
In clock cycle: 5871
Register Write to Reg: 0x00 Val: 0x00000000
In clock cycle: 5872
Register Write to Reg: 0x00 Val: 0x00000000
In clock cycle: 5873
Register Write to Reg: 0x00 Val: 0x00000000
In clock cycle: 5874
Memory Write to Addr: 0x10010F70 Val: 0x00000001
In clock cycle: 5875
Memory Write to Addr: 0x10010F74 Val: 0x00000000
In clock cycle: 5876
Register Write to Reg: 0x00 Val: 0x004009B0
In clock cycle: 5877
Register Write to Reg: 0x1C Val: 0x00000000
In clock cycle: 5878
Register Write to Reg: 0x07 Val: 0x00000003
In clock cycle: 5879
Register Write to Reg: 0x00 Val: 0x00000000
In clock cycle: 5880
Register Write to Reg: 0x00 Val: 0x00000000
In clock cycle: 5881
Register Write to Reg: 0x00 Val: 0x00000000
In clock cycle: 5882
Register Write to Reg: 0x07 Val: 0x00000001
In clock cycle: 5883
Register Write to Reg: 0x00 Val: 0x00000000
In clock cycle: 5884
Register Write to Reg: 0x00 Val: 0x00000000
In clock cycle: 5885
Register Write to Reg: 0x00 Val: 0x00000000
In clock cycle: 5887
Register Write to Reg: 0x00 Val: 0x00000000
In clock cycle: 5888
Register Write to Reg: 0x00 Val: 0x00000000
In clock cycle: 5889
Register Write to Reg: 0x00 Val: 0x00400A34
In clock cycle: 5890
Register Write to Reg: 0x07 Val: 0x00000001
In clock cycle: 5891
Register Write to Reg: 0x00 Val: 0x00000000
In clock cycle: 5892
Register Write to Reg: 0x00 Val: 0x00000000
In clock cycle: 5893
Register Write to Reg: 0x00 Val: 0x00000000
In clock cycle: 5894
Register Write to Reg: 0x07 Val: 0x00000002
In clock cycle: 5895
Register Write to Reg: 0x00 Val: 0x00000000
In clock cycle: 5896
Register Write to Reg: 0x00 Val: 0x00000000
In clock cycle: 5897
Register Write to Reg: 0x00 Val: 0x00000000
In clock cycle: 5898
Memory Write to Addr: 0x10010F70 Val: 0x00000002
In clock cycle: 5899
Register Write to Reg: 0x07 Val: 0x00000000
In clock cycle: 5900
Register Write to Reg: 0x00 Val: 0x00000000
In clock cycle: 5901
Register Write to Reg: 0x00 Val: 0x00000000
In clock cycle: 5902
Register Write to Reg: 0x00 Val: 0x00000000
In clock cycle: 5903
Register Write to Reg: 0x07 Val: 0x00000001
In clock cycle: 5904
Register Write to Reg: 0x00 Val: 0x00000000
In clock cycle: 5905
Register Write to Reg: 0x00 Val: 0x00000000
In clock cycle: 5906
Register Write to Reg: 0x00 Val: 0x00000000
In clock cycle: 5907
Memory Write to Addr: 0x10010F74 Val: 0x00000001
In clock cycle: 5908
Register Write to Reg: 0x1C Val: 0x00000001
In clock cycle: 5909
Register Write to Reg: 0x07 Val: 0x00000003
In clock cycle: 5910
Register Write to Reg: 0x00 Val: 0x00000000
In clock cycle: 5911
Register Write to Reg: 0x00 Val: 0x00000000
In clock cycle: 5912
Register Write to Reg: 0x00 Val: 0x00000000
In clock cycle: 5913
Register Write to Reg: 0x07 Val: 0x00000001
In clock cycle: 5914
Register Write to Reg: 0x00 Val: 0x00000000
In clock cycle: 5915
Register Write to Reg: 0x00 Val: 0x00000000
In clock cycle: 5916
Register Write to Reg: 0x00 Val: 0x00000000
In clock cycle: 5918
Register Write to Reg: 0x00 Val: 0x00000000
In clock cycle: 5919
Register Write to Reg: 0x00 Val: 0x00000000
In clock cycle: 5920
Register Write to Reg: 0x00 Val: 0x00400A34
In clock cycle: 5921
Register Write to Reg: 0x07 Val: 0x00000002
In clock cycle: 5922
Register Write to Reg: 0x00 Val: 0x00000000
In clock cycle: 5923
Register Write to Reg: 0x00 Val: 0x00000000
In clock cycle: 5924
Register Write to Reg: 0x00 Val: 0x00000000
In clock cycle: 5925
Register Write to Reg: 0x07 Val: 0x00000004
In clock cycle: 5926
Register Write to Reg: 0x00 Val: 0x00000000
In clock cycle: 5927
Register Write to Reg: 0x00 Val: 0x00000000
In clock cycle: 5928
Register Write to Reg: 0x00 Val: 0x00000000
In clock cycle: 5929
Memory Write to Addr: 0x10010F70 Val: 0x00000004
In clock cycle: 5930
Register Write to Reg: 0x07 Val: 0x00000001
In clock cycle: 5931
Register Write to Reg: 0x00 Val: 0x00000000
In clock cycle: 5932
Register Write to Reg: 0x00 Val: 0x00000000
In clock cycle: 5933
Register Write to Reg: 0x00 Val: 0x00000000
In clock cycle: 5934
Register Write to Reg: 0x07 Val: 0x00000002
In clock cycle: 5935
Register Write to Reg: 0x00 Val: 0x00000000
In clock cycle: 5936
Register Write to Reg: 0x00 Val: 0x00000000
In clock cycle: 5937
Register Write to Reg: 0x00 Val: 0x00000000
In clock cycle: 5938
Memory Write to Addr: 0x10010F74 Val: 0x00000002
In clock cycle: 5939
Register Write to Reg: 0x1C Val: 0x00000002
In clock cycle: 5940
Register Write to Reg: 0x07 Val: 0x00000003
In clock cycle: 5941
Register Write to Reg: 0x00 Val: 0x00000000
In clock cycle: 5942
Register Write to Reg: 0x00 Val: 0x00000000
In clock cycle: 5943
Register Write to Reg: 0x00 Val: 0x00000000
In clock cycle: 5944
Register Write to Reg: 0x07 Val: 0x00000001
In clock cycle: 5945
Register Write to Reg: 0x00 Val: 0x00000000
In clock cycle: 5946
Register Write to Reg: 0x00 Val: 0x00000000
In clock cycle: 5947
Register Write to Reg: 0x00 Val: 0x00000000
In clock cycle: 5949
Register Write to Reg: 0x00 Val: 0x00000000
In clock cycle: 5950
Register Write to Reg: 0x00 Val: 0x00000000
In clock cycle: 5951
Register Write to Reg: 0x00 Val: 0x00400A34
In clock cycle: 5952
Register Write to Reg: 0x07 Val: 0x00000004
In clock cycle: 5953
Register Write to Reg: 0x00 Val: 0x00000000
In clock cycle: 5954
Register Write to Reg: 0x00 Val: 0x00000000
In clock cycle: 5955
Register Write to Reg: 0x00 Val: 0x00000000
In clock cycle: 5956
Register Write to Reg: 0x07 Val: 0x00000008
In clock cycle: 5957
Register Write to Reg: 0x00 Val: 0x00000000
In clock cycle: 5958
Register Write to Reg: 0x00 Val: 0x00000000
In clock cycle: 5959
Register Write to Reg: 0x00 Val: 0x00000000
In clock cycle: 5960
Memory Write to Addr: 0x10010F70 Val: 0x00000008
In clock cycle: 5961
Register Write to Reg: 0x07 Val: 0x00000002
In clock cycle: 5962
Register Write to Reg: 0x00 Val: 0x00000000
In clock cycle: 5963
Register Write to Reg: 0x00 Val: 0x00000000
In clock cycle: 5964
Register Write to Reg: 0x00 Val: 0x00000000
In clock cycle: 5965
Register Write to Reg: 0x07 Val: 0x00000003
In clock cycle: 5966
Register Write to Reg: 0x00 Val: 0x00000000
In clock cycle: 5967
Register Write to Reg: 0x00 Val: 0x00000000
In clock cycle: 5968
Register Write to Reg: 0x00 Val: 0x00000000
In clock cycle: 5969
Memory Write to Addr: 0x10010F74 Val: 0x00000003
In clock cycle: 5970
Register Write to Reg: 0x1C Val: 0x00000003
In clock cycle: 5971
Register Write to Reg: 0x07 Val: 0x00000003
In clock cycle: 5972
Register Write to Reg: 0x00 Val: 0x00000000
In clock cycle: 5973
Register Write to Reg: 0x00 Val: 0x00000000
In clock cycle: 5974
Register Write to Reg: 0x00 Val: 0x00000000
In clock cycle: 5975
Register Write to Reg: 0x07 Val: 0x00000000
In clock cycle: 5976
Register Write to Reg: 0x00 Val: 0x00000000
In clock cycle: 5977
Register Write to Reg: 0x00 Val: 0x00000000
In clock cycle: 5978
Register Write to Reg: 0x00 Val: 0x00000000
In clock cycle: 5980
Register Write to Reg: 0x1C Val: 0x00000008
In clock cycle: 5981
Register Write to Reg: 0x07 Val: 0x00000003
In clock cycle: 5982
Register Write to Reg: 0x00 Val: 0x00000000
In clock cycle: 5983
Register Write to Reg: 0x00 Val: 0x00000000
In clock cycle: 5984
Register Write to Reg: 0x00 Val: 0x00000000
In clock cycle: 5985
Register Write to Reg: 0x07 Val: 0x00000000
In clock cycle: 5986
Register Write to Reg: 0x00 Val: 0x00000000
In clock cycle: 5987
Register Write to Reg: 0x00 Val: 0x00000000
In clock cycle: 5988
Register Write to Reg: 0x00 Val: 0x00000000
In clock cycle: 5989
Register Write to Reg: 0x07 Val: 0x00000000
In clock cycle: 5990
Register Write to Reg: 0x00 Val: 0x00000000
In clock cycle: 5991
Register Write to Reg: 0x00 Val: 0x00000000
In clock cycle: 5992
Register Write to Reg: 0x00 Val: 0x00000000
In clock cycle: 5993
Register Write to Reg: 0x07 Val: 0x00000000
In clock cycle: 5994
Register Write to Reg: 0x00 Val: 0x00000000
In clock cycle: 5995
Register Write to Reg: 0x00 Val: 0x00000000
In clock cycle: 5996
Register Write to Reg: 0x00 Val: 0x00000000
In clock cycle: 5997
Register Write to Reg: 0x02 Val: 0x10010F68
In clock cycle: 5998
Register Write to Reg: 0x00 Val: 0x00000000
In clock cycle: 5999
Register Write to Reg: 0x00 Val: 0x00000000
In clock cycle: 6000
Register Write to Reg: 0x00 Val: 0x00000000
In clock cycle: 6001
Register Write to Reg: 0x08 Val: 0x10010F88
In clock cycle: 6002
Register Write to Reg: 0x00 Val: 0x00000000
In clock cycle: 6003
Register Write to Reg: 0x00 Val: 0x00000000
In clock cycle: 6004
Register Write to Reg: 0x00 Val: 0x00000000
In clock cycle: 6005
Register Write to Reg: 0x02 Val: 0x10010F88
In clock cycle: 6006
Register Write to Reg: 0x00 Val: 0x00000000
In clock cycle: 6007
Register Write to Reg: 0x00 Val: 0x00000000
In clock cycle: 6008
Register Write to Reg: 0x00 Val: 0x00400AB0
In clock cycle: 6010
Register Write to Reg: 0x07 Val: 0x10010FC4
In clock cycle: 6011
Register Write to Reg: 0x00 Val: 0x00000000
In clock cycle: 6012
Register Write to Reg: 0x00 Val: 0x00000000
In clock cycle: 6013
Register Write to Reg: 0x00 Val: 0x00000000
In clock cycle: 6014
Register Write to Reg: 0x07 Val: 0x00000003
In clock cycle: 6015
Register Write to Reg: 0x00 Val: 0x00000000
In clock cycle: 6016
Register Write to Reg: 0x00 Val: 0x00000000
In clock cycle: 6017
Register Write to Reg: 0x00 Val: 0x00000000
In clock cycle: 6018
Register Write to Reg: 0x1C Val: 0x00000004
In clock cycle: 6019
Register Write to Reg: 0x00 Val: 0x00000000
In clock cycle: 6020
Register Write to Reg: 0x00 Val: 0x00000000
In clock cycle: 6021
Register Write to Reg: 0x00 Val: 0x00000000
In clock cycle: 6022
Register Write to Reg: 0x07 Val: 0x10010FC4
In clock cycle: 6023
Register Write to Reg: 0x00 Val: 0x00000000
In clock cycle: 6024
Register Write to Reg: 0x00 Val: 0x00000000
In clock cycle: 6025
Register Write to Reg: 0x00 Val: 0x00000000
In clock cycle: 6026
Memory Write to Addr: 0x10010FC8 Val: 0x00000004
In clock cycle: 6027
Register Write to Reg: 0x07 Val: 0x10010FC4
In clock cycle: 6028
Register Write to Reg: 0x00 Val: 0x00000000
In clock cycle: 6029
Register Write to Reg: 0x00 Val: 0x00000000
In clock cycle: 6030
Register Write to Reg: 0x00 Val: 0x00000000
In clock cycle: 6031
Register Write to Reg: 0x07 Val: 0x00000004
In clock cycle: 6032
Register Write to Reg: 0x00 Val: 0x00000000
In clock cycle: 6033
Register Write to Reg: 0x00 Val: 0x00000000
In clock cycle: 6034
Register Write to Reg: 0x00 Val: 0x00000000
In clock cycle: 6035
Register Write to Reg: 0x07 Val: 0x00000000
In clock cycle: 6036
Register Write to Reg: 0x00 Val: 0x00000000
In clock cycle: 6037
Register Write to Reg: 0x00 Val: 0x00000000
In clock cycle: 6038
Register Write to Reg: 0x00 Val: 0x00000000
In clock cycle: 6040
Register Write to Reg: 0x07 Val: 0xFFFFFFFF
In clock cycle: 6041
Register Write to Reg: 0x02 Val: 0x10010F88
In clock cycle: 6042
Register Write to Reg: 0x00 Val: 0x00000000
In clock cycle: 6043
Register Write to Reg: 0x00 Val: 0x00000000
In clock cycle: 6044
Register Write to Reg: 0x00 Val: 0x00000000
In clock cycle: 6045
Register Write to Reg: 0x01 Val: 0x00400338
In clock cycle: 6046
Register Write to Reg: 0x08 Val: 0x10010FA8
In clock cycle: 6047
Register Write to Reg: 0x00 Val: 0x00000000
In clock cycle: 6048
Register Write to Reg: 0x00 Val: 0x00000000
In clock cycle: 6049
Register Write to Reg: 0x00 Val: 0x00000000
In clock cycle: 6050
Register Write to Reg: 0x02 Val: 0x10010FA8
In clock cycle: 6051
Register Write to Reg: 0x00 Val: 0x00000000
In clock cycle: 6052
Register Write to Reg: 0x00 Val: 0x00000000
In clock cycle: 6053
Register Write to Reg: 0x00 Val: 0x004008F0
In clock cycle: 6054
Memory Write to Addr: 0x10010FC0 Val: 0xFFFFFFFF
In clock cycle: 6055
Register Write to Reg: 0x1C Val: 0xFFFFFFFF
In clock cycle: 6056
Register Write to Reg: 0x00 Val: 0x00000000
In clock cycle: 6057
Register Write to Reg: 0x00 Val: 0x00000000
In clock cycle: 6058
Register Write to Reg: 0x00 Val: 0x00000000
In clock cycle: 6059
Register Write to Reg: 0x07 Val: 0xFFFFFFFF
In clock cycle: 6060
Register Write to Reg: 0x00 Val: 0x00000000
In clock cycle: 6061
Register Write to Reg: 0x00 Val: 0x00000000
In clock cycle: 6063
Register Write to Reg: 0x07 Val: 0x10010370
In clock cycle: 6064
Register Write to Reg: 0x00 Val: 0x00000000
In clock cycle: 6065
Register Write to Reg: 0x00 Val: 0x00000000
In clock cycle: 6066
Register Write to Reg: 0x00 Val: 0x00000000
In clock cycle: 6067
Register Write to Reg: 0x07 Val: 0x10010028
In clock cycle: 6068
Register Write to Reg: 0x00 Val: 0x00000000
In clock cycle: 6069
Register Write to Reg: 0x00 Val: 0x00000000
In clock cycle: 6070
Register Write to Reg: 0x00 Val: 0x00000000
In clock cycle: 6071
Register Write to Reg: 0x07 Val: 0x00000000
In clock cycle: 6072
Register Write to Reg: 0x00 Val: 0x00000000
In clock cycle: 6073
Register Write to Reg: 0x00 Val: 0x00000000
In clock cycle: 6074
Register Write to Reg: 0x00 Val: 0x00000000
In clock cycle: 6075
Register Write to Reg: 0x1D Val: 0xFFFFFFFF
In clock cycle: 6076
Register Write to Reg: 0x00 Val: 0x00000000
In clock cycle: 6077
Register Write to Reg: 0x00 Val: 0x00000000
In clock cycle: 6078
Register Write to Reg: 0x00 Val: 0x00000000
In clock cycle: 6079
Register Write to Reg: 0x1C Val: 0x100103B0
In clock cycle: 6080
Register Write to Reg: 0x00 Val: 0x00000000
In clock cycle: 6081
Register Write to Reg: 0x00 Val: 0x00000000
In clock cycle: 6082
Register Write to Reg: 0x00 Val: 0x00000000
In clock cycle: 6083
Register Write to Reg: 0x1C Val: 0x10010028
In clock cycle: 6084
Register Write to Reg: 0x00 Val: 0x00000000
In clock cycle: 6085
Register Write to Reg: 0x00 Val: 0x00000000
In clock cycle: 6086
Register Write to Reg: 0x00 Val: 0x00000000
In clock cycle: 6087
Memory Write to Addr: 0x10010028 Val: 0xFFFFFFFF
In clock cycle: 6088
Register Write to Reg: 0x1D Val: 0x100103D4
In clock cycle: 6089
Register Write to Reg: 0x00 Val: 0x00000000
In clock cycle: 6090
Register Write to Reg: 0x00 Val: 0x00000000
In clock cycle: 6091
Register Write to Reg: 0x00 Val: 0x00000000
In clock cycle: 6092
Register Write to Reg: 0x1D Val: 0x10010000
In clock cycle: 6093
Register Write to Reg: 0x00 Val: 0x00000000
In clock cycle: 6094
Register Write to Reg: 0x00 Val: 0x00000000
In clock cycle: 6095
Register Write to Reg: 0x00 Val: 0x00000000
In clock cycle: 6096
Register Write to Reg: 0x1C Val: 0x00000000
In clock cycle: 6097
Register Write to Reg: 0x00 Val: 0x00000000
In clock cycle: 6098
Register Write to Reg: 0x00 Val: 0x00000000
In clock cycle: 6099
Register Write to Reg: 0x00 Val: 0x00000000
In clock cycle: 6100
Register Write to Reg: 0x1C Val: 0x00000000
In clock cycle: 6101
Register Write to Reg: 0x00 Val: 0x00000000
In clock cycle: 6102
Register Write to Reg: 0x00 Val: 0x00000000
In clock cycle: 6103
Register Write to Reg: 0x00 Val: 0x00000000
In clock cycle: 6104
Register Write to Reg: 0x1C Val: 0x00000000
In clock cycle: 6105
Register Write to Reg: 0x00 Val: 0x00000000
In clock cycle: 6106
Register Write to Reg: 0x00 Val: 0x00000000
In clock cycle: 6107
Register Write to Reg: 0x00 Val: 0x00000000
In clock cycle: 6108
Register Write to Reg: 0x1C Val: 0x00000000
In clock cycle: 6109
Register Write to Reg: 0x00 Val: 0x00000000
In clock cycle: 6110
Register Write to Reg: 0x00 Val: 0x00000000
In clock cycle: 6111
Register Write to Reg: 0x00 Val: 0x00000000
In clock cycle: 6112
Register Write to Reg: 0x1F Val: 0x00400338
In clock cycle: 6113
Register Write to Reg: 0x00 Val: 0x00000000
In clock cycle: 6114
Register Write to Reg: 0x00 Val: 0x00000000
In clock cycle: 6115
Register Write to Reg: 0x00 Val: 0x00000000
In clock cycle: 6116
Register Write to Reg: 0x1F Val: 0x00400338
In clock cycle: 6117
Register Write to Reg: 0x00 Val: 0x00000000
In clock cycle: 6118
Register Write to Reg: 0x00 Val: 0x00000000
In clock cycle: 6119
Register Write to Reg: 0x00 Val: 0x00000000
In clock cycle: 6120
Register Write to Reg: 0x1F Val: 0xFFBFFCC8
In clock cycle: 6121
Register Write to Reg: 0x00 Val: 0x00000000
In clock cycle: 6122
Register Write to Reg: 0x00 Val: 0x00000000
In clock cycle: 6123
Register Write to Reg: 0x00 Val: 0x00000000
In clock cycle: 6124
Register Write to Reg: 0x07 Val: 0x10010464
In clock cycle: 6125
Register Write to Reg: 0x00 Val: 0x00000000
In clock cycle: 6126
Register Write to Reg: 0x00 Val: 0x00000000
In clock cycle: 6127
Register Write to Reg: 0x00 Val: 0x00000000
In clock cycle: 6128
Register Write to Reg: 0x07 Val: 0x10010000
In clock cycle: 6129
Register Write to Reg: 0x00 Val: 0x00000000
In clock cycle: 6130
Register Write to Reg: 0x00 Val: 0x00000000
In clock cycle: 6131
Register Write to Reg: 0x00 Val: 0x00000000
In clock cycle: 6132
Register Write to Reg: 0x0B Val: 0x00010000
In clock cycle: 6133
Register Write to Reg: 0x00 Val: 0x00000000
In clock cycle: 6134
Register Write to Reg: 0x00 Val: 0x00000000
In clock cycle: 6135
Register Write to Reg: 0x00 Val: 0x00000000
In clock cycle: 6136
Register Write to Reg: 0x0B Val: 0x0000FFFF
In clock cycle: 6137
Register Write to Reg: 0x00 Val: 0x00000000
In clock cycle: 6138
Register Write to Reg: 0x00 Val: 0x00000000
In clock cycle: 6139
Register Write to Reg: 0x00 Val: 0x00000000
In clock cycle: 6140
Register Write to Reg: 0x1F Val: 0x00000000
In clock cycle: 6141
Register Write to Reg: 0x00 Val: 0x00000000
In clock cycle: 6142
Register Write to Reg: 0x00 Val: 0x00000000
In clock cycle: 6143
Register Write to Reg: 0x00 Val: 0x00000000
In clock cycle: 6144
Register Write to Reg: 0x07 Val: 0x10010000
In clock cycle: 6145
Register Write to Reg: 0x00 Val: 0x00000000
In clock cycle: 6146
Register Write to Reg: 0x00 Val: 0x00000000
In clock cycle: 6147
Register Write to Reg: 0x00 Val: 0x00000000
In clock cycle: 6148
Register Write to Reg: 0x07 Val: 0x10010000
In clock cycle: 6149
Register Write to Reg: 0x00 Val: 0x00000000
In clock cycle: 6150
Register Write to Reg: 0x00 Val: 0x00000000
In clock cycle: 6151
Register Write to Reg: 0x00 Val: 0x00000000
In clock cycle: 6152
Register Write to Reg: 0x1C Val: 0x00000003
In clock cycle: 6153
Register Write to Reg: 0x00 Val: 0x00000000
In clock cycle: 6154
Register Write to Reg: 0x00 Val: 0x00000000
In clock cycle: 6155
Register Write to Reg: 0x00 Val: 0x00000000
In clock cycle: 6156
Memory Write to Addr: 0x10010000 Val: 0x00000003
In clock cycle: 6157
Register Write to Reg: 0x02 Val: 0x10010FA8
In clock cycle: 6158
Register Write to Reg: 0x00 Val: 0x00000000
In clock cycle: 6159
Register Write to Reg: 0x00 Val: 0x00000000
In clock cycle: 6160
Register Write to Reg: 0x00 Val: 0x00000000
In clock cycle: 6161
Register Write to Reg: 0x01 Val: 0x0040013C
In clock cycle: 6162
Register Write to Reg: 0x08 Val: 0x10010FD8
In clock cycle: 6163
Register Write to Reg: 0x00 Val: 0x00000000
In clock cycle: 6164
Register Write to Reg: 0x00 Val: 0x00000000
In clock cycle: 6165
Register Write to Reg: 0x00 Val: 0x00000000
In clock cycle: 6166
Register Write to Reg: 0x02 Val: 0x10010FD8
In clock cycle: 6167
Register Write to Reg: 0x00 Val: 0x00000000
In clock cycle: 6168
Register Write to Reg: 0x00 Val: 0x00000000
In clock cycle: 6169
Register Write to Reg: 0x00 Val: 0x0040051C
In clock cycle: 6170
Register Write to Reg: 0x07 Val: 0x00000003
In clock cycle: 6171
Register Write to Reg: 0x00 Val: 0x00000000
In clock cycle: 6172
Register Write to Reg: 0x00 Val: 0x00000000
In clock cycle: 6173
Register Write to Reg: 0x00 Val: 0x00000000
In clock cycle: 6174
Register Write to Reg: 0x07 Val: 0x00000004
In clock cycle: 6175
Register Write to Reg: 0x00 Val: 0x00000000
In clock cycle: 6176
Register Write to Reg: 0x00 Val: 0x00000000
In clock cycle: 6177
Register Write to Reg: 0x00 Val: 0x00000000
In clock cycle: 6178
Memory Write to Addr: 0x10010FF0 Val: 0x00000004
In clock cycle: 6179
Register Write to Reg: 0x07 Val: 0x00000004
In clock cycle: 6180
Register Write to Reg: 0x00 Val: 0x00000000
In clock cycle: 6181
Register Write to Reg: 0x00 Val: 0x00000000
In clock cycle: 6182
Register Write to Reg: 0x00 Val: 0x00000000
In clock cycle: 6183
Register Write to Reg: 0x07 Val: 0x00000000
In clock cycle: 6184
Register Write to Reg: 0x00 Val: 0x00000000
In clock cycle: 6185
Register Write to Reg: 0x00 Val: 0x00000000
In clock cycle: 6186
Register Write to Reg: 0x00 Val: 0x00000000
In clock cycle: 6188
Memory Write to Addr: 0x10010FF4 Val: 0x00000000
In clock cycle: 6189
Register Write to Reg: 0x00 Val: 0x004001A0
In clock cycle: 6190
Register Write to Reg: 0x07 Val: 0x00000000
In clock cycle: 6191
Register Write to Reg: 0x00 Val: 0x00000000
In clock cycle: 6192
Register Write to Reg: 0x00 Val: 0x00000000
In clock cycle: 6193
Register Write to Reg: 0x00 Val: 0x00000000
In clock cycle: 6194
Register Write to Reg: 0x07 Val: 0x00000001
In clock cycle: 6195
Register Write to Reg: 0x00 Val: 0x00000000
In clock cycle: 6196
Register Write to Reg: 0x00 Val: 0x00000000
In clock cycle: 6197
Register Write to Reg: 0x00 Val: 0x00000000
In clock cycle: 6198
Register Write to Reg: 0x07 Val: 0x00000000
In clock cycle: 6199
Register Write to Reg: 0x00 Val: 0x00000000
In clock cycle: 6200
Register Write to Reg: 0x00 Val: 0x00000000
In clock cycle: 6201
Register Write to Reg: 0x00 Val: 0x00000000
In clock cycle: 6203
Register Write to Reg: 0x07 Val: 0x00000000
In clock cycle: 6204
Register Write to Reg: 0x00 Val: 0x00000000
In clock cycle: 6205
Register Write to Reg: 0x00 Val: 0x00000000
In clock cycle: 6206
Register Write to Reg: 0x00 Val: 0x00000000
In clock cycle: 6207
Register Write to Reg: 0x07 Val: 0x00000001
In clock cycle: 6208
Register Write to Reg: 0x00 Val: 0x00000000
In clock cycle: 6209
Register Write to Reg: 0x00 Val: 0x00000000
In clock cycle: 6210
Register Write to Reg: 0x00 Val: 0x00000000
In clock cycle: 6211
Memory Write to Addr: 0x10010FF4 Val: 0x00000001
In clock cycle: 6212
Register Write to Reg: 0x07 Val: 0x00000001
In clock cycle: 6213
Register Write to Reg: 0x00 Val: 0x00000000
In clock cycle: 6214
Register Write to Reg: 0x00 Val: 0x00000000
In clock cycle: 6215
Register Write to Reg: 0x00 Val: 0x00000000
In clock cycle: 6216
Register Write to Reg: 0x07 Val: 0x00000001
In clock cycle: 6217
Register Write to Reg: 0x00 Val: 0x00000000
In clock cycle: 6218
Register Write to Reg: 0x00 Val: 0x00000000
In clock cycle: 6219
Register Write to Reg: 0x00 Val: 0x00000000
In clock cycle: 6220
Register Write to Reg: 0x07 Val: 0x00000000
In clock cycle: 6221
Register Write to Reg: 0x00 Val: 0x00000000
In clock cycle: 6222
Register Write to Reg: 0x00 Val: 0x00000000
In clock cycle: 6223
Register Write to Reg: 0x00 Val: 0x00000000
In clock cycle: 6225
Register Write to Reg: 0x07 Val: 0x00000001
In clock cycle: 6226
Register Write to Reg: 0x00 Val: 0x00000000
In clock cycle: 6227
Register Write to Reg: 0x00 Val: 0x00000000
In clock cycle: 6228
Register Write to Reg: 0x00 Val: 0x00000000
In clock cycle: 6229
Register Write to Reg: 0x07 Val: 0x00000002
In clock cycle: 6230
Register Write to Reg: 0x00 Val: 0x00000000
In clock cycle: 6231
Register Write to Reg: 0x00 Val: 0x00000000
In clock cycle: 6232
Register Write to Reg: 0x00 Val: 0x00000000
In clock cycle: 6233
Memory Write to Addr: 0x10010FF4 Val: 0x00000002
In clock cycle: 6234
Register Write to Reg: 0x07 Val: 0x00000002
In clock cycle: 6235
Register Write to Reg: 0x00 Val: 0x00000000
In clock cycle: 6236
Register Write to Reg: 0x00 Val: 0x00000000
In clock cycle: 6237
Register Write to Reg: 0x00 Val: 0x00000000
In clock cycle: 6238
Register Write to Reg: 0x07 Val: 0x00000001
In clock cycle: 6239
Register Write to Reg: 0x00 Val: 0x00000000
In clock cycle: 6240
Register Write to Reg: 0x00 Val: 0x00000000
In clock cycle: 6241
Register Write to Reg: 0x00 Val: 0x00000000
In clock cycle: 6242
Register Write to Reg: 0x07 Val: 0x00000000
In clock cycle: 6243
Register Write to Reg: 0x00 Val: 0x00000000
In clock cycle: 6244
Register Write to Reg: 0x00 Val: 0x00000000
In clock cycle: 6245
Register Write to Reg: 0x00 Val: 0x00000000
In clock cycle: 6247
Register Write to Reg: 0x07 Val: 0x00000002
In clock cycle: 6248
Register Write to Reg: 0x00 Val: 0x00000000
In clock cycle: 6249
Register Write to Reg: 0x00 Val: 0x00000000
In clock cycle: 6250
Register Write to Reg: 0x00 Val: 0x00000000
In clock cycle: 6251
Register Write to Reg: 0x07 Val: 0x00000003
In clock cycle: 6252
Register Write to Reg: 0x00 Val: 0x00000000
In clock cycle: 6253
Register Write to Reg: 0x00 Val: 0x00000000
In clock cycle: 6254
Register Write to Reg: 0x00 Val: 0x00000000
In clock cycle: 6255
Memory Write to Addr: 0x10010FF4 Val: 0x00000003
In clock cycle: 6256
Register Write to Reg: 0x07 Val: 0x00000003
In clock cycle: 6257
Register Write to Reg: 0x00 Val: 0x00000000
In clock cycle: 6258
Register Write to Reg: 0x00 Val: 0x00000000
In clock cycle: 6259
Register Write to Reg: 0x00 Val: 0x00000000
In clock cycle: 6260
Register Write to Reg: 0x07 Val: 0x00000001
In clock cycle: 6261
Register Write to Reg: 0x00 Val: 0x00000000
In clock cycle: 6262
Register Write to Reg: 0x00 Val: 0x00000000
In clock cycle: 6263
Register Write to Reg: 0x00 Val: 0x00000000
In clock cycle: 6264
Register Write to Reg: 0x07 Val: 0x00000000
In clock cycle: 6265
Register Write to Reg: 0x00 Val: 0x00000000
In clock cycle: 6266
Register Write to Reg: 0x00 Val: 0x00000000
In clock cycle: 6267
Register Write to Reg: 0x00 Val: 0x00000000
In clock cycle: 6269
Register Write to Reg: 0x07 Val: 0x00000003
In clock cycle: 6270
Register Write to Reg: 0x00 Val: 0x00000000
In clock cycle: 6271
Register Write to Reg: 0x00 Val: 0x00000000
In clock cycle: 6272
Register Write to Reg: 0x00 Val: 0x00000000
In clock cycle: 6273
Register Write to Reg: 0x07 Val: 0x00000004
In clock cycle: 6274
Register Write to Reg: 0x00 Val: 0x00000000
In clock cycle: 6275
Register Write to Reg: 0x00 Val: 0x00000000
In clock cycle: 6276
Register Write to Reg: 0x00 Val: 0x00000000
In clock cycle: 6277
Memory Write to Addr: 0x10010FF4 Val: 0x00000004
In clock cycle: 6278
Register Write to Reg: 0x07 Val: 0x00000004
In clock cycle: 6279
Register Write to Reg: 0x00 Val: 0x00000000
In clock cycle: 6280
Register Write to Reg: 0x00 Val: 0x00000000
In clock cycle: 6281
Register Write to Reg: 0x00 Val: 0x00000000
In clock cycle: 6282
Register Write to Reg: 0x07 Val: 0x00000000
In clock cycle: 6283
Register Write to Reg: 0x00 Val: 0x00000000
In clock cycle: 6284
Register Write to Reg: 0x00 Val: 0x00000000
In clock cycle: 6285
Register Write to Reg: 0x00 Val: 0x00000000
In clock cycle: 6286
Register Write to Reg: 0x07 Val: 0x00000001
In clock cycle: 6287
Register Write to Reg: 0x00 Val: 0x00000000
In clock cycle: 6288
Register Write to Reg: 0x00 Val: 0x00000000
In clock cycle: 6289
Register Write to Reg: 0x00 Val: 0x00000000
In clock cycle: 6291
Register Write to Reg: 0x00 Val: 0x00000000
In clock cycle: 6292
Register Write to Reg: 0x00 Val: 0x00000000
In clock cycle: 6293
Register Write to Reg: 0x07 Val: 0x00000000
In clock cycle: 6294
Register Write to Reg: 0x02 Val: 0x10010FD8
In clock cycle: 6295
Register Write to Reg: 0x00 Val: 0x00000000
In clock cycle: 6296
Register Write to Reg: 0x00 Val: 0x00000000
In clock cycle: 6297
Register Write to Reg: 0x00 Val: 0x00000000
In clock cycle: 6298
Register Write to Reg: 0x01 Val: 0x0040004C
In clock cycle: 6299
Register Write to Reg: 0x08 Val: 0x00000000
In clock cycle: 6300
Register Write to Reg: 0x00 Val: 0x00000000
In clock cycle: 6301
Register Write to Reg: 0x00 Val: 0x00000000
In clock cycle: 6302
Register Write to Reg: 0x00 Val: 0x00000000
In clock cycle: 6303
Register Write to Reg: 0x02 Val: 0x10011000
In clock cycle: 6304
Register Write to Reg: 0x00 Val: 0x00000000
In clock cycle: 6305
Register Write to Reg: 0x00 Val: 0x00000000
In clock cycle: 6306
Register Write to Reg: 0x00 Val: 0x00400240
In clock cycle: 6307
Register Write to Reg: 0x00 Val: 0x00400050
Execution is stopping! Clock Cycle: 6308
