[inst #1] lui x2,65553
Register Write to Reg: 0x02 Val: 0x10011000
[inst #2] addi x0,x0,0
Register Write to Reg: 0x00 Val: 0x00000000
[inst #3] addi x0,x0,0
Register Write to Reg: 0x00 Val: 0x00000000
[inst #4] addi x0,x0,0
Register Write to Reg: 0x00 Val: 0x00000000
[inst #5] addi x8,x0,0
Register Write to Reg: 0x08 Val: 0x00000000
[inst #6] addi x0,x0,0
Register Write to Reg: 0x00 Val: 0x00000000
[inst #7] addi x0,x0,0
Register Write to Reg: 0x00 Val: 0x00000000
[inst #8] addi x0,x0,0
Register Write to Reg: 0x00 Val: 0x00000000
[inst #9] auipc x1,0
Register Write to Reg: 0x01 Val: 0x00400020
[inst #10] sll x0,x0,x0
Register Write to Reg: 0x00 Val: 0x00000000
[inst #11] sll x0,x0,x0
Register Write to Reg: 0x00 Val: 0x00000000
[inst #12] sll x0,x0,x0
Register Write to Reg: 0x00 Val: 0x00000000
[inst #13] addi x1,x1,44
Register Write to Reg: 0x01 Val: 0x0040004C
[inst #14] addi x0,x0,0
Register Write to Reg: 0x00 Val: 0x00000000
[inst #15] addi x0,x0,0
Register Write to Reg: 0x00 Val: 0x00000000
[inst #16] addi x0,x0,0
Register Write to Reg: 0x00 Val: 0x00000000
[inst #17] jal x0,24
Register Write to Reg: 0x00 Val: 0x00400044
[inst #18] addi x2,x2,-40
Register Write to Reg: 0x02 Val: 0x10010FD8
[inst #19] addi x0,x0,0
Register Write to Reg: 0x00 Val: 0x00000000
[inst #20] addi x0,x0,0
Register Write to Reg: 0x00 Val: 0x00000000
[inst #21] addi x0,x0,0
Register Write to Reg: 0x00 Val: 0x00000000
[inst #22] sw x1,36(x2)
Memory Write to Addr: 0x10010FFC Val: 0x0040004C
[inst #23] sw x8,32(x2)
Memory Write to Addr: 0x10010FF8 Val: 0x00000000
[inst #24] addi x0,x0,0
Register Write to Reg: 0x00 Val: 0x00000000
[inst #25] addi x0,x0,0
Register Write to Reg: 0x00 Val: 0x00000000
[inst #26] add x8,x2,x0
Register Write to Reg: 0x08 Val: 0x10010FD8
[inst #27] addi x0,x0,0
Register Write to Reg: 0x00 Val: 0x00000000
[inst #28] addi x0,x0,0
Register Write to Reg: 0x00 Val: 0x00000000
[inst #29] addi x0,x0,0
Register Write to Reg: 0x00 Val: 0x00000000
[inst #30] sw x0,24(x2)
Memory Write to Addr: 0x10010FF0 Val: 0x00000000
[inst #31] jal x0,212
Register Write to Reg: 0x00 Val: 0x00400090
[inst #32] lw x7,24(x8)
Register Write to Reg: 0x07 Val: 0x00000000
[inst #33] addi x0,x0,0
Register Write to Reg: 0x00 Val: 0x00000000
[inst #34] addi x0,x0,0
Register Write to Reg: 0x00 Val: 0x00000000
[inst #35] addi x0,x0,0
Register Write to Reg: 0x00 Val: 0x00000000
[inst #36] slti x7,x7,4
Register Write to Reg: 0x07 Val: 0x00000001
[inst #37] addi x0,x0,0
Register Write to Reg: 0x00 Val: 0x00000000
[inst #38] addi x0,x0,0
Register Write to Reg: 0x00 Val: 0x00000000
[inst #39] addi x0,x0,0
Register Write to Reg: 0x00 Val: 0x00000000
[inst #40] beq x7,x0,24
[inst #41] addi x0,x0,0
Register Write to Reg: 0x00 Val: 0x00000000
[inst #42] addi x0,x0,0
Register Write to Reg: 0x00 Val: 0x00000000
[inst #43] jal x0,-244
Register Write to Reg: 0x00 Val: 0x00400190
[inst #44] lw x29,24(x8)
Register Write to Reg: 0x1D Val: 0x00000000
[inst #45] addi x0,x0,0
Register Write to Reg: 0x00 Val: 0x00000000
[inst #46] addi x0,x0,0
Register Write to Reg: 0x00 Val: 0x00000000
[inst #47] addi x0,x0,0
Register Write to Reg: 0x00 Val: 0x00000000
[inst #48] auipc x1,0
Register Write to Reg: 0x01 Val: 0x004000A8
[inst #49] sll x0,x0,x0
Register Write to Reg: 0x00 Val: 0x00000000
[inst #50] sll x0,x0,x0
Register Write to Reg: 0x00 Val: 0x00000000
[inst #51] sll x0,x0,x0
Register Write to Reg: 0x00 Val: 0x00000000
[inst #52] addi x1,x1,44
Register Write to Reg: 0x01 Val: 0x004000D4
[inst #53] addi x0,x0,0
Register Write to Reg: 0x00 Val: 0x00000000
[inst #54] addi x0,x0,0
Register Write to Reg: 0x00 Val: 0x00000000
[inst #55] addi x0,x0,0
Register Write to Reg: 0x00 Val: 0x00000000
[inst #56] jal x0,2940
Register Write to Reg: 0x00 Val: 0x004000CC
[inst #57] addi x2,x2,-32
Register Write to Reg: 0x02 Val: 0x10010FB8
[inst #58] addi x0,x0,0
Register Write to Reg: 0x00 Val: 0x00000000
[inst #59] addi x0,x0,0
Register Write to Reg: 0x00 Val: 0x00000000
[inst #60] addi x0,x0,0
Register Write to Reg: 0x00 Val: 0x00000000
[inst #61] sw x8,28(x2)
Memory Write to Addr: 0x10010FD4 Val: 0x10010FD8
[inst #62] addi x0,x0,0
Register Write to Reg: 0x00 Val: 0x00000000
[inst #63] addi x0,x0,0
Register Write to Reg: 0x00 Val: 0x00000000
[inst #64] addi x0,x0,0
Register Write to Reg: 0x00 Val: 0x00000000
[inst #65] add x8,x0,x2
Register Write to Reg: 0x08 Val: 0x10010FB8
[inst #66] addi x0,x0,0
Register Write to Reg: 0x00 Val: 0x00000000
[inst #67] addi x0,x0,0
Register Write to Reg: 0x00 Val: 0x00000000
[inst #68] addi x0,x0,0
Register Write to Reg: 0x00 Val: 0x00000000
[inst #69] sw x29,32(x8)
Memory Write to Addr: 0x10010FD8 Val: 0x00000000
[inst #70] ori x7,x0,1
Register Write to Reg: 0x07 Val: 0x00000001
[inst #71] addi x0,x0,0
Register Write to Reg: 0x00 Val: 0x00000000
[inst #72] addi x0,x0,0
Register Write to Reg: 0x00 Val: 0x00000000
[inst #73] addi x0,x0,0
Register Write to Reg: 0x00 Val: 0x00000000
[inst #74] sw x7,8(x8)
Memory Write to Addr: 0x10010FC0 Val: 0x00000001
[inst #75] sw x0,12(x8)
Memory Write to Addr: 0x10010FC4 Val: 0x00000000
[inst #76] jal x0,84
Register Write to Reg: 0x00 Val: 0x00400C94
[inst #77] lw x28,12(x8)
Register Write to Reg: 0x1C Val: 0x00000000
[inst #78] lw x7,32(x8)
Register Write to Reg: 0x07 Val: 0x00000000
[inst #79] addi x0,x0,0
Register Write to Reg: 0x00 Val: 0x00000000
[inst #80] addi x0,x0,0
Register Write to Reg: 0x00 Val: 0x00000000
[inst #81] addi x0,x0,0
Register Write to Reg: 0x00 Val: 0x00000000
[inst #82] slt x7,x28,x7
Register Write to Reg: 0x07 Val: 0x00000000
[inst #83] addi x0,x0,0
Register Write to Reg: 0x00 Val: 0x00000000
[inst #84] addi x0,x0,0
Register Write to Reg: 0x00 Val: 0x00000000
[inst #85] addi x0,x0,0
Register Write to Reg: 0x00 Val: 0x00000000
[inst #86] beq x7,x0,24
[inst #87] auipc x7,64527
Register Write to Reg: 0x07 Val: 0x1000FD20
[inst #88] sll x0,x0,x0
Register Write to Reg: 0x00 Val: 0x00000000
[inst #89] sll x0,x0,x0
Register Write to Reg: 0x00 Val: 0x00000000
[inst #90] sll x0,x0,x0
Register Write to Reg: 0x00 Val: 0x00000000
[inst #91] addi x7,x7,772
Register Write to Reg: 0x07 Val: 0x10010024
[inst #92] addi x0,x0,0
Register Write to Reg: 0x00 Val: 0x00000000
[inst #93] addi x0,x0,0
Register Write to Reg: 0x00 Val: 0x00000000
[inst #94] addi x0,x0,0
Register Write to Reg: 0x00 Val: 0x00000000
[inst #95] lw x7,0(x7)
Register Write to Reg: 0x07 Val: 0x00000000
[inst #96] addi x0,x0,0
Register Write to Reg: 0x00 Val: 0x00000000
[inst #97] addi x0,x0,0
Register Write to Reg: 0x00 Val: 0x00000000
[inst #98] addi x0,x0,0
Register Write to Reg: 0x00 Val: 0x00000000
[inst #99] sw x7,16(x8)
Memory Write to Addr: 0x10010FC8 Val: 0x00000000
[inst #100] lw x28,16(x8)
Register Write to Reg: 0x1C Val: 0x00000000
[inst #101] addi x0,x0,0
Register Write to Reg: 0x00 Val: 0x00000000
[inst #102] addi x0,x0,0
Register Write to Reg: 0x00 Val: 0x00000000
[inst #103] addi x0,x0,0
Register Write to Reg: 0x00 Val: 0x00000000
[inst #104] lw x7,8(x8)
Register Write to Reg: 0x07 Val: 0x00000001
[inst #105] addi x0,x0,0
Register Write to Reg: 0x00 Val: 0x00000000
[inst #106] addi x0,x0,0
Register Write to Reg: 0x00 Val: 0x00000000
[inst #107] addi x0,x0,0
Register Write to Reg: 0x00 Val: 0x00000000
[inst #108] and x7,x28,x7
Register Write to Reg: 0x07 Val: 0x00000000
[inst #109] addi x0,x0,0
Register Write to Reg: 0x00 Val: 0x00000000
[inst #110] addi x0,x0,0
Register Write to Reg: 0x00 Val: 0x00000000
[inst #111] addi x0,x0,0
Register Write to Reg: 0x00 Val: 0x00000000
[inst #112] slt x7,x0,x7
Register Write to Reg: 0x07 Val: 0x00000000
[inst #113] addi x0,x0,0
Register Write to Reg: 0x00 Val: 0x00000000
[inst #114] addi x0,x0,0
Register Write to Reg: 0x00 Val: 0x00000000
[inst #115] addi x0,x0,0
Register Write to Reg: 0x00 Val: 0x00000000
[inst #116] andi x7,x7,255
Register Write to Reg: 0x07 Val: 0x00000000
[inst #117] addi x0,x0,0
Register Write to Reg: 0x00 Val: 0x00000000
[inst #118] addi x0,x0,0
Register Write to Reg: 0x00 Val: 0x00000000
[inst #119] addi x0,x0,0
Register Write to Reg: 0x00 Val: 0x00000000
[inst #120] add x2,x0,x8
Register Write to Reg: 0x02 Val: 0x10010FB8
[inst #121] addi x0,x0,0
Register Write to Reg: 0x00 Val: 0x00000000
[inst #122] addi x0,x0,0
Register Write to Reg: 0x00 Val: 0x00000000
[inst #123] addi x0,x0,0
Register Write to Reg: 0x00 Val: 0x00000000
[inst #124] lw x8,28(x2)
Register Write to Reg: 0x08 Val: 0x10010FD8
[inst #125] addi x0,x0,0
Register Write to Reg: 0x00 Val: 0x00000000
[inst #126] addi x0,x0,0
Register Write to Reg: 0x00 Val: 0x00000000
[inst #127] addi x0,x0,0
Register Write to Reg: 0x00 Val: 0x00000000
[inst #128] addi x2,x2,32
Register Write to Reg: 0x02 Val: 0x10010FD8
[inst #129] addi x0,x0,0
Register Write to Reg: 0x00 Val: 0x00000000
[inst #130] addi x0,x0,0
Register Write to Reg: 0x00 Val: 0x00000000
[inst #131] jalr x0,x1,0
Register Write to Reg: 0x00 Val: 0x00400DD4
[inst #132] xori x7,x7,1
Register Write to Reg: 0x07 Val: 0x00000001
[inst #133] addi x0,x0,0
Register Write to Reg: 0x00 Val: 0x00000000
[inst #134] addi x0,x0,0
Register Write to Reg: 0x00 Val: 0x00000000
[inst #135] addi x0,x0,0
Register Write to Reg: 0x00 Val: 0x00000000
[inst #136] andi x7,x7,255
Register Write to Reg: 0x07 Val: 0x00000001
[inst #137] addi x0,x0,0
Register Write to Reg: 0x00 Val: 0x00000000
[inst #138] addi x0,x0,0
Register Write to Reg: 0x00 Val: 0x00000000
[inst #139] addi x0,x0,0
Register Write to Reg: 0x00 Val: 0x00000000
[inst #140] beq x7,x0,72
[inst #141] addi x0,x0,0
Register Write to Reg: 0x00 Val: 0x00000000
[inst #142] addi x0,x0,0
Register Write to Reg: 0x00 Val: 0x00000000
[inst #143] lw x29,24(x8)
Register Write to Reg: 0x1D Val: 0x00000000
[inst #144] addi x0,x0,0
Register Write to Reg: 0x00 Val: 0x00000000
[inst #145] addi x0,x0,0
Register Write to Reg: 0x00 Val: 0x00000000
[inst #146] addi x0,x0,0
Register Write to Reg: 0x00 Val: 0x00000000
[inst #147] auipc x1,0
Register Write to Reg: 0x01 Val: 0x00400110
[inst #148] sll x0,x0,x0
Register Write to Reg: 0x00 Val: 0x00000000
[inst #149] sll x0,x0,x0
Register Write to Reg: 0x00 Val: 0x00000000
[inst #150] sll x0,x0,x0
Register Write to Reg: 0x00 Val: 0x00000000
[inst #151] addi x1,x1,44
Register Write to Reg: 0x01 Val: 0x0040013C
[inst #152] addi x0,x0,0
Register Write to Reg: 0x00 Val: 0x00000000
[inst #153] addi x0,x0,0
Register Write to Reg: 0x00 Val: 0x00000000
[inst #154] addi x0,x0,0
Register Write to Reg: 0x00 Val: 0x00000000
[inst #155] jal x0,1012
Register Write to Reg: 0x00 Val: 0x00400134
[inst #156] addi x2,x2,-48
Register Write to Reg: 0x02 Val: 0x10010FA8
[inst #157] addi x0,x0,0
Register Write to Reg: 0x00 Val: 0x00000000
[inst #158] addi x0,x0,0
Register Write to Reg: 0x00 Val: 0x00000000
[inst #159] addi x0,x0,0
Register Write to Reg: 0x00 Val: 0x00000000
[inst #160] sw x1,44(x2)
Memory Write to Addr: 0x10010FD4 Val: 0x0040013C
[inst #161] sw x8,40(x2)
Memory Write to Addr: 0x10010FD0 Val: 0x10010FD8
[inst #162] addi x0,x0,0
Register Write to Reg: 0x00 Val: 0x00000000
[inst #163] addi x0,x0,0
Register Write to Reg: 0x00 Val: 0x00000000
[inst #164] addi x0,x0,0
Register Write to Reg: 0x00 Val: 0x00000000
[inst #165] add x8,x0,x2
Register Write to Reg: 0x08 Val: 0x10010FA8
[inst #166] addi x0,x0,0
Register Write to Reg: 0x00 Val: 0x00000000
[inst #167] addi x0,x0,0
Register Write to Reg: 0x00 Val: 0x00000000
[inst #168] addi x0,x0,0
Register Write to Reg: 0x00 Val: 0x00000000
[inst #169] sw x29,48(x8)
Memory Write to Addr: 0x10010FD8 Val: 0x00000000
[inst #170] lw x29,48(x8)
Register Write to Reg: 0x1D Val: 0x00000000
[inst #171] addi x0,x0,0
Register Write to Reg: 0x00 Val: 0x00000000
[inst #172] addi x0,x0,0
Register Write to Reg: 0x00 Val: 0x00000000
[inst #173] addi x0,x0,0
Register Write to Reg: 0x00 Val: 0x00000000
[inst #174] auipc x1,0
Register Write to Reg: 0x01 Val: 0x0040056C
[inst #175] sll x0,x0,x0
Register Write to Reg: 0x00 Val: 0x00000000
[inst #176] sll x0,x0,x0
Register Write to Reg: 0x00 Val: 0x00000000
[inst #177] sll x0,x0,x0
Register Write to Reg: 0x00 Val: 0x00000000
[inst #178] addi x1,x1,44
Register Write to Reg: 0x01 Val: 0x00400598
[inst #179] addi x0,x0,0
Register Write to Reg: 0x00 Val: 0x00000000
[inst #180] addi x0,x0,0
Register Write to Reg: 0x00 Val: 0x00000000
[inst #181] addi x0,x0,0
Register Write to Reg: 0x00 Val: 0x00000000
[inst #182] jal x0,1324
Register Write to Reg: 0x00 Val: 0x00400590
[inst #183] addi x2,x2,-32
Register Write to Reg: 0x02 Val: 0x10010F88
[inst #184] addi x0,x0,0
Register Write to Reg: 0x00 Val: 0x00000000
[inst #185] addi x0,x0,0
Register Write to Reg: 0x00 Val: 0x00000000
[inst #186] addi x0,x0,0
Register Write to Reg: 0x00 Val: 0x00000000
[inst #187] sw x8,28(x2)
Memory Write to Addr: 0x10010FA4 Val: 0x10010FA8
[inst #188] addi x0,x0,0
Register Write to Reg: 0x00 Val: 0x00000000
[inst #189] addi x0,x0,0
Register Write to Reg: 0x00 Val: 0x00000000
[inst #190] addi x0,x0,0
Register Write to Reg: 0x00 Val: 0x00000000
[inst #191] add x8,x0,x2
Register Write to Reg: 0x08 Val: 0x10010F88
[inst #192] addi x0,x0,0
Register Write to Reg: 0x00 Val: 0x00000000
[inst #193] addi x0,x0,0
Register Write to Reg: 0x00 Val: 0x00000000
[inst #194] addi x0,x0,0
Register Write to Reg: 0x00 Val: 0x00000000
[inst #195] sw x29,32(x8)
Memory Write to Addr: 0x10010FA8 Val: 0x00000000
[inst #196] addi x7,x0,1
Register Write to Reg: 0x07 Val: 0x00000001
[inst #197] addi x0,x0,0
Register Write to Reg: 0x00 Val: 0x00000000
[inst #198] addi x0,x0,0
Register Write to Reg: 0x00 Val: 0x00000000
[inst #199] addi x0,x0,0
Register Write to Reg: 0x00 Val: 0x00000000
[inst #200] sw x7,8(x8)
Memory Write to Addr: 0x10010F90 Val: 0x00000001
[inst #201] sw x0,12(x8)
Memory Write to Addr: 0x10010F94 Val: 0x00000000
[inst #202] jal x0,84
Register Write to Reg: 0x00 Val: 0x00400B08
[inst #203] lw x28,12(x8)
Register Write to Reg: 0x1C Val: 0x00000000
[inst #204] lw x7,32(x8)
Register Write to Reg: 0x07 Val: 0x00000000
[inst #205] addi x0,x0,0
Register Write to Reg: 0x00 Val: 0x00000000
[inst #206] addi x0,x0,0
Register Write to Reg: 0x00 Val: 0x00000000
[inst #207] addi x0,x0,0
Register Write to Reg: 0x00 Val: 0x00000000
[inst #208] slt x7,x28,x7
Register Write to Reg: 0x07 Val: 0x00000000
[inst #209] addi x0,x0,0
Register Write to Reg: 0x00 Val: 0x00000000
[inst #210] addi x0,x0,0
Register Write to Reg: 0x00 Val: 0x00000000
[inst #211] addi x0,x0,0
Register Write to Reg: 0x00 Val: 0x00000000
[inst #212] beq x7,x0,24
[inst #213] auipc x7,64527
Register Write to Reg: 0x07 Val: 0x1000FB94
[inst #214] sll x0,x0,x0
Register Write to Reg: 0x00 Val: 0x00000000
[inst #215] sll x0,x0,x0
Register Write to Reg: 0x00 Val: 0x00000000
[inst #216] sll x0,x0,x0
Register Write to Reg: 0x00 Val: 0x00000000
[inst #217] addi x7,x7,1168
Register Write to Reg: 0x07 Val: 0x10010024
[inst #218] addi x0,x0,0
Register Write to Reg: 0x00 Val: 0x00000000
[inst #219] addi x0,x0,0
Register Write to Reg: 0x00 Val: 0x00000000
[inst #220] addi x0,x0,0
Register Write to Reg: 0x00 Val: 0x00000000
[inst #221] sw x7,16(x8)
Memory Write to Addr: 0x10010F98 Val: 0x10010024
[inst #222] lw x7,16(x8)
Register Write to Reg: 0x07 Val: 0x10010024
[inst #223] addi x0,x0,0
Register Write to Reg: 0x00 Val: 0x00000000
[inst #224] addi x0,x0,0
Register Write to Reg: 0x00 Val: 0x00000000
[inst #225] addi x0,x0,0
Register Write to Reg: 0x00 Val: 0x00000000
[inst #226] lw x28,0(x7)
Register Write to Reg: 0x1C Val: 0x00000000
[inst #227] addi x0,x0,0
Register Write to Reg: 0x00 Val: 0x00000000
[inst #228] addi x0,x0,0
Register Write to Reg: 0x00 Val: 0x00000000
[inst #229] addi x0,x0,0
Register Write to Reg: 0x00 Val: 0x00000000
[inst #230] lw x7,8(x8)
Register Write to Reg: 0x07 Val: 0x00000001
[inst #231] addi x0,x0,0
Register Write to Reg: 0x00 Val: 0x00000000
[inst #232] addi x0,x0,0
Register Write to Reg: 0x00 Val: 0x00000000
[inst #233] addi x0,x0,0
Register Write to Reg: 0x00 Val: 0x00000000
[inst #234] or x28,x28,x7
Register Write to Reg: 0x1C Val: 0x00000001
[inst #235] addi x0,x0,0
Register Write to Reg: 0x00 Val: 0x00000000
[inst #236] addi x0,x0,0
Register Write to Reg: 0x00 Val: 0x00000000
[inst #237] addi x0,x0,0
Register Write to Reg: 0x00 Val: 0x00000000
[inst #238] lw x7,16(x8)
Register Write to Reg: 0x07 Val: 0x10010024
[inst #239] addi x0,x0,0
Register Write to Reg: 0x00 Val: 0x00000000
[inst #240] addi x0,x0,0
Register Write to Reg: 0x00 Val: 0x00000000
[inst #241] addi x0,x0,0
Register Write to Reg: 0x00 Val: 0x00000000
[inst #242] sw x28,0(x7)
Memory Write to Addr: 0x10010024 Val: 0x00000001
[inst #243] add x2,x0,x8
Register Write to Reg: 0x02 Val: 0x10010F88
[inst #244] addi x0,x0,0
Register Write to Reg: 0x00 Val: 0x00000000
[inst #245] addi x0,x0,0
Register Write to Reg: 0x00 Val: 0x00000000
[inst #246] addi x0,x0,0
Register Write to Reg: 0x00 Val: 0x00000000
[inst #247] lw x8,28(x2)
Register Write to Reg: 0x08 Val: 0x10010FA8
[inst #248] addi x0,x0,0
Register Write to Reg: 0x00 Val: 0x00000000
[inst #249] addi x0,x0,0
Register Write to Reg: 0x00 Val: 0x00000000
[inst #250] addi x0,x0,0
Register Write to Reg: 0x00 Val: 0x00000000
[inst #251] addi x2,x2,32
Register Write to Reg: 0x02 Val: 0x10010FA8
[inst #252] addi x0,x0,0
Register Write to Reg: 0x00 Val: 0x00000000
[inst #253] addi x0,x0,0
Register Write to Reg: 0x00 Val: 0x00000000
[inst #254] jalr x0,x1,0
Register Write to Reg: 0x00 Val: 0x00400C3C
[inst #255] addi x7,x8,28
Register Write to Reg: 0x07 Val: 0x10010FC4
[inst #256] addi x0,x0,0
Register Write to Reg: 0x00 Val: 0x00000000
[inst #257] addi x0,x0,0
Register Write to Reg: 0x00 Val: 0x00000000
[inst #258] addi x0,x0,0
Register Write to Reg: 0x00 Val: 0x00000000
[inst #259] lw x30,48(x8)
Register Write to Reg: 0x1E Val: 0x00000000
[inst #260] addi x0,x0,0
Register Write to Reg: 0x00 Val: 0x00000000
[inst #261] addi x0,x0,0
Register Write to Reg: 0x00 Val: 0x00000000
[inst #262] addi x0,x0,0
Register Write to Reg: 0x00 Val: 0x00000000
[inst #263] add x29,x0,x7
Register Write to Reg: 0x1D Val: 0x10010FC4
[inst #264] addi x0,x0,0
Register Write to Reg: 0x00 Val: 0x00000000
[inst #265] addi x0,x0,0
Register Write to Reg: 0x00 Val: 0x00000000
[inst #266] addi x0,x0,0
Register Write to Reg: 0x00 Val: 0x00000000
[inst #267] auipc x1,0
Register Write to Reg: 0x01 Val: 0x004005C8
[inst #268] sll x0,x0,x0
Register Write to Reg: 0x00 Val: 0x00000000
[inst #269] sll x0,x0,x0
Register Write to Reg: 0x00 Val: 0x00000000
[inst #270] sll x0,x0,x0
Register Write to Reg: 0x00 Val: 0x00000000
[inst #271] addi x1,x1,44
Register Write to Reg: 0x01 Val: 0x004005F4
[inst #272] addi x0,x0,0
Register Write to Reg: 0x00 Val: 0x00000000
[inst #273] addi x0,x0,0
Register Write to Reg: 0x00 Val: 0x00000000
[inst #274] addi x0,x0,0
Register Write to Reg: 0x00 Val: 0x00000000
[inst #275] jal x0,104
Register Write to Reg: 0x00 Val: 0x004005EC
[inst #276] addi x2,x2,-24
Register Write to Reg: 0x02 Val: 0x10010F90
[inst #277] addi x0,x0,0
Register Write to Reg: 0x00 Val: 0x00000000
[inst #278] addi x0,x0,0
Register Write to Reg: 0x00 Val: 0x00000000
[inst #279] addi x0,x0,0
Register Write to Reg: 0x00 Val: 0x00000000
[inst #280] sw x8,20(x2)
Memory Write to Addr: 0x10010FA4 Val: 0x10010FA8
[inst #281] addi x0,x0,0
Register Write to Reg: 0x00 Val: 0x00000000
[inst #282] addi x0,x0,0
Register Write to Reg: 0x00 Val: 0x00000000
[inst #283] addi x0,x0,0
Register Write to Reg: 0x00 Val: 0x00000000
[inst #284] add x8,x0,x2
Register Write to Reg: 0x08 Val: 0x10010F90
[inst #285] addi x0,x0,0
Register Write to Reg: 0x00 Val: 0x00000000
[inst #286] addi x0,x0,0
Register Write to Reg: 0x00 Val: 0x00000000
[inst #287] addi x0,x0,0
Register Write to Reg: 0x00 Val: 0x00000000
[inst #288] sub x31,x8,x2
Register Write to Reg: 0x1F Val: 0x00000000
[inst #289] sw x29,24(x8)
Memory Write to Addr: 0x10010FA8 Val: 0x10010FC4
[inst #290] sw x30,28(x8)
Memory Write to Addr: 0x10010FAC Val: 0x00000000
[inst #291] lw x7,28(x8)
Register Write to Reg: 0x07 Val: 0x00000000
[inst #292] addi x0,x0,0
Register Write to Reg: 0x00 Val: 0x00000000
[inst #293] addi x0,x0,0
Register Write to Reg: 0x00 Val: 0x00000000
[inst #294] addi x0,x0,0
Register Write to Reg: 0x00 Val: 0x00000000
[inst #295] sw x7,8(x8)
Memory Write to Addr: 0x10010F98 Val: 0x00000000
[inst #296] sw x0,12(x8)
Memory Write to Addr: 0x10010F9C Val: 0x00000000
[inst #297] lw x7,24(x8)
Register Write to Reg: 0x07 Val: 0x10010FC4
[inst #298] lw x29,8(x8)
Register Write to Reg: 0x1D Val: 0x00000000
[inst #299] lw x28,12(x8)
Register Write to Reg: 0x1C Val: 0x00000000
[inst #300] addi x0,x0,0
Register Write to Reg: 0x00 Val: 0x00000000
[inst #301] addi x0,x0,0
Register Write to Reg: 0x00 Val: 0x00000000
[inst #302] addi x0,x0,0
Register Write to Reg: 0x00 Val: 0x00000000
[inst #303] sw x29,0(x7)
Memory Write to Addr: 0x10010FC4 Val: 0x00000000
[inst #304] sw x28,4(x7)
Memory Write to Addr: 0x10010FC8 Val: 0x00000000
[inst #305] lw x7,24(x8)
Register Write to Reg: 0x07 Val: 0x10010FC4
[inst #306] addi x0,x0,0
Register Write to Reg: 0x00 Val: 0x00000000
[inst #307] addi x0,x0,0
Register Write to Reg: 0x00 Val: 0x00000000
[inst #308] addi x0,x0,0
Register Write to Reg: 0x00 Val: 0x00000000
[inst #309] add x2,x0,x8
Register Write to Reg: 0x02 Val: 0x10010F90
[inst #310] addi x0,x0,0
Register Write to Reg: 0x00 Val: 0x00000000
[inst #311] addi x0,x0,0
Register Write to Reg: 0x00 Val: 0x00000000
[inst #312] addi x0,x0,0
Register Write to Reg: 0x00 Val: 0x00000000
[inst #313] lw x8,20(x2)
Register Write to Reg: 0x08 Val: 0x10010FA8
[inst #314] addi x0,x0,0
Register Write to Reg: 0x00 Val: 0x00000000
[inst #315] addi x0,x0,0
Register Write to Reg: 0x00 Val: 0x00000000
[inst #316] addi x0,x0,0
Register Write to Reg: 0x00 Val: 0x00000000
[inst #317] addi x2,x2,24
Register Write to Reg: 0x02 Val: 0x10010FA8
[inst #318] addi x0,x0,0
Register Write to Reg: 0x00 Val: 0x00000000
[inst #319] addi x0,x0,0
Register Write to Reg: 0x00 Val: 0x00000000
[inst #320] jalr x0,x1,0
Register Write to Reg: 0x00 Val: 0x00400704
[inst #321] addi x7,x8,28
Register Write to Reg: 0x07 Val: 0x10010FC4
[inst #322] addi x0,x0,0
Register Write to Reg: 0x00 Val: 0x00000000
[inst #323] addi x0,x0,0
Register Write to Reg: 0x00 Val: 0x00000000
[inst #324] addi x0,x0,0
Register Write to Reg: 0x00 Val: 0x00000000
[inst #325] add x29,x0,x7
Register Write to Reg: 0x1D Val: 0x10010FC4
[inst #326] addi x0,x0,0
Register Write to Reg: 0x00 Val: 0x00000000
[inst #327] addi x0,x0,0
Register Write to Reg: 0x00 Val: 0x00000000
[inst #328] addi x0,x0,0
Register Write to Reg: 0x00 Val: 0x00000000
[inst #329] auipc x1,0
Register Write to Reg: 0x01 Val: 0x00400614
[inst #330] sll x0,x0,x0
Register Write to Reg: 0x00 Val: 0x00000000
[inst #331] sll x0,x0,x0
Register Write to Reg: 0x00 Val: 0x00000000
[inst #332] sll x0,x0,x0
Register Write to Reg: 0x00 Val: 0x00000000
[inst #333] addi x1,x1,44
Register Write to Reg: 0x01 Val: 0x00400640
[inst #334] addi x0,x0,0
Register Write to Reg: 0x00 Val: 0x00000000
[inst #335] addi x0,x0,0
Register Write to Reg: 0x00 Val: 0x00000000
[inst #336] addi x0,x0,0
Register Write to Reg: 0x00 Val: 0x00000000
[inst #337] jal x0,216
Register Write to Reg: 0x00 Val: 0x00400638
[inst #338] addi x2,x2,-32
Register Write to Reg: 0x02 Val: 0x10010F88
[inst #339] addi x0,x0,0
Register Write to Reg: 0x00 Val: 0x00000000
[inst #340] addi x0,x0,0
Register Write to Reg: 0x00 Val: 0x00000000
[inst #341] addi x0,x0,0
Register Write to Reg: 0x00 Val: 0x00000000
[inst #342] sw x1,28(x2)
Memory Write to Addr: 0x10010FA4 Val: 0x00400640
[inst #343] sw x8,24(x2)
Memory Write to Addr: 0x10010FA0 Val: 0x10010FA8
[inst #344] addi x0,x0,0
Register Write to Reg: 0x00 Val: 0x00000000
[inst #345] addi x0,x0,0
Register Write to Reg: 0x00 Val: 0x00000000
[inst #346] addi x0,x0,0
Register Write to Reg: 0x00 Val: 0x00000000
[inst #347] add x8,x0,x2
Register Write to Reg: 0x08 Val: 0x10010F88
[inst #348] addi x0,x0,0
Register Write to Reg: 0x00 Val: 0x00000000
[inst #349] addi x0,x0,0
Register Write to Reg: 0x00 Val: 0x00000000
[inst #350] addi x0,x0,0
Register Write to Reg: 0x00 Val: 0x00000000
[inst #351] sw x29,32(x8)
Memory Write to Addr: 0x10010FA8 Val: 0x10010FC4
[inst #352] jal x0,300
Register Write to Reg: 0x00 Val: 0x00400748
[inst #353] lw x7,32(x8)
Register Write to Reg: 0x07 Val: 0x10010FC4
[inst #354] addi x0,x0,0
Register Write to Reg: 0x00 Val: 0x00000000
[inst #355] addi x0,x0,0
Register Write to Reg: 0x00 Val: 0x00000000
[inst #356] addi x0,x0,0
Register Write to Reg: 0x00 Val: 0x00000000
[inst #357] lw x7,4(x7)
Register Write to Reg: 0x07 Val: 0x00000000
[inst #358] addi x0,x0,0
Register Write to Reg: 0x00 Val: 0x00000000
[inst #359] addi x0,x0,0
Register Write to Reg: 0x00 Val: 0x00000000
[inst #360] addi x0,x0,0
Register Write to Reg: 0x00 Val: 0x00000000
[inst #361] slti x7,x7,4
Register Write to Reg: 0x07 Val: 0x00000001
[inst #362] addi x0,x0,0
Register Write to Reg: 0x00 Val: 0x00000000
[inst #363] addi x0,x0,0
Register Write to Reg: 0x00 Val: 0x00000000
[inst #364] addi x0,x0,0
Register Write to Reg: 0x00 Val: 0x00000000
[inst #365] beq x7,x0,24
[inst #366] addi x0,x0,0
Register Write to Reg: 0x00 Val: 0x00000000
[inst #367] addi x0,x0,0
Register Write to Reg: 0x00 Val: 0x00000000
[inst #368] jal x0,-348
Register Write to Reg: 0x00 Val: 0x004008B0
[inst #369] lw x7,32(x8)
Register Write to Reg: 0x07 Val: 0x10010FC4
[inst #370] addi x0,x0,0
Register Write to Reg: 0x00 Val: 0x00000000
[inst #371] addi x0,x0,0
Register Write to Reg: 0x00 Val: 0x00000000
[inst #372] addi x0,x0,0
Register Write to Reg: 0x00 Val: 0x00000000
[inst #373] lw x28,0(x7)
Register Write to Reg: 0x1C Val: 0x00000000
[inst #374] addi x0,x0,0
Register Write to Reg: 0x00 Val: 0x00000000
[inst #375] addi x0,x0,0
Register Write to Reg: 0x00 Val: 0x00000000
[inst #376] addi x0,x0,0
Register Write to Reg: 0x00 Val: 0x00000000
[inst #377] lw x7,32(x8)
Register Write to Reg: 0x07 Val: 0x10010FC4
[inst #378] addi x0,x0,0
Register Write to Reg: 0x00 Val: 0x00000000
[inst #379] addi x0,x0,0
Register Write to Reg: 0x00 Val: 0x00000000
[inst #380] addi x0,x0,0
Register Write to Reg: 0x00 Val: 0x00000000
[inst #381] lw x7,4(x7)
Register Write to Reg: 0x07 Val: 0x00000000
[inst #382] addi x0,x0,0
Register Write to Reg: 0x00 Val: 0x00000000
[inst #383] addi x0,x0,0
Register Write to Reg: 0x00 Val: 0x00000000
[inst #384] addi x0,x0,0
Register Write to Reg: 0x00 Val: 0x00000000
[inst #385] add x30,x0,x7
Register Write to Reg: 0x1E Val: 0x00000000
[inst #386] add x29,x0,x28
Register Write to Reg: 0x1D Val: 0x00000000
[inst #387] addi x0,x0,0
Register Write to Reg: 0x00 Val: 0x00000000
[inst #388] addi x0,x0,0
Register Write to Reg: 0x00 Val: 0x00000000
[inst #389] addi x0,x0,0
Register Write to Reg: 0x00 Val: 0x00000000
[inst #390] auipc x1,0
Register Write to Reg: 0x01 Val: 0x004007A4
[inst #391] sll x0,x0,x0
Register Write to Reg: 0x00 Val: 0x00000000
[inst #392] sll x0,x0,x0
Register Write to Reg: 0x00 Val: 0x00000000
[inst #393] sll x0,x0,x0
Register Write to Reg: 0x00 Val: 0x00000000
[inst #394] addi x1,x1,44
Register Write to Reg: 0x01 Val: 0x004007D0
[inst #395] addi x0,x0,0
Register Write to Reg: 0x00 Val: 0x00000000
[inst #396] addi x0,x0,0
Register Write to Reg: 0x00 Val: 0x00000000
[inst #397] addi x0,x0,0
Register Write to Reg: 0x00 Val: 0x00000000
[inst #398] jal x0,308
Register Write to Reg: 0x00 Val: 0x004007C8
[inst #399] addi x2,x2,-32
Register Write to Reg: 0x02 Val: 0x10010F68
[inst #400] addi x0,x0,0
Register Write to Reg: 0x00 Val: 0x00000000
[inst #401] addi x0,x0,0
Register Write to Reg: 0x00 Val: 0x00000000
[inst #402] addi x0,x0,0
Register Write to Reg: 0x00 Val: 0x00000000
[inst #403] sw x8,28(x2)
Memory Write to Addr: 0x10010F84 Val: 0x10010F88
[inst #404] addi x0,x0,0
Register Write to Reg: 0x00 Val: 0x00000000
[inst #405] addi x0,x0,0
Register Write to Reg: 0x00 Val: 0x00000000
[inst #406] addi x0,x0,0
Register Write to Reg: 0x00 Val: 0x00000000
[inst #407] add x8,x0,x2
Register Write to Reg: 0x08 Val: 0x10010F68
[inst #408] addi x0,x0,0
Register Write to Reg: 0x00 Val: 0x00000000
[inst #409] addi x0,x0,0
Register Write to Reg: 0x00 Val: 0x00000000
[inst #410] addi x0,x0,0
Register Write to Reg: 0x00 Val: 0x00000000
[inst #411] sw x29,32(x8)
Memory Write to Addr: 0x10010F88 Val: 0x00000000
[inst #412] sw x30,36(x8)
Memory Write to Addr: 0x10010F8C Val: 0x00000000
[inst #413] auipc x7,64527
Register Write to Reg: 0x07 Val: 0x1000F930
[inst #414] sll x0,x0,x0
Register Write to Reg: 0x00 Val: 0x00000000
[inst #415] sll x0,x0,x0
Register Write to Reg: 0x00 Val: 0x00000000
[inst #416] sll x0,x0,x0
Register Write to Reg: 0x00 Val: 0x00000000
[inst #417] addi x7,x7,1764
Register Write to Reg: 0x07 Val: 0x10010014
[inst #418] addi x0,x0,0
Register Write to Reg: 0x00 Val: 0x00000000
[inst #419] addi x0,x0,0
Register Write to Reg: 0x00 Val: 0x00000000
[inst #420] addi x0,x0,0
Register Write to Reg: 0x00 Val: 0x00000000
[inst #421] lw x28,32(x8)
Register Write to Reg: 0x1C Val: 0x00000000
[inst #422] addi x0,x0,0
Register Write to Reg: 0x00 Val: 0x00000000
[inst #423] addi x0,x0,0
Register Write to Reg: 0x00 Val: 0x00000000
[inst #424] addi x0,x0,0
Register Write to Reg: 0x00 Val: 0x00000000
[inst #425] slli x28,x28,2
Register Write to Reg: 0x1C Val: 0x00000000
[inst #426] addi x0,x0,0
Register Write to Reg: 0x00 Val: 0x00000000
[inst #427] addi x0,x0,0
Register Write to Reg: 0x00 Val: 0x00000000
[inst #428] addi x0,x0,0
Register Write to Reg: 0x00 Val: 0x00000000
[inst #429] add x7,x28,x7
Register Write to Reg: 0x07 Val: 0x10010014
[inst #430] addi x0,x0,0
Register Write to Reg: 0x00 Val: 0x00000000
[inst #431] addi x0,x0,0
Register Write to Reg: 0x00 Val: 0x00000000
[inst #432] addi x0,x0,0
Register Write to Reg: 0x00 Val: 0x00000000
[inst #433] lw x7,0(x7)
Register Write to Reg: 0x07 Val: 0x00000006
[inst #434] addi x0,x0,0
Register Write to Reg: 0x00 Val: 0x00000000
[inst #435] addi x0,x0,0
Register Write to Reg: 0x00 Val: 0x00000000
[inst #436] addi x0,x0,0
Register Write to Reg: 0x00 Val: 0x00000000
[inst #437] sw x7,16(x8)
Memory Write to Addr: 0x10010F78 Val: 0x00000006
[inst #438] addi x7,x0,1
Register Write to Reg: 0x07 Val: 0x00000001
[inst #439] addi x0,x0,0
Register Write to Reg: 0x00 Val: 0x00000000
[inst #440] addi x0,x0,0
Register Write to Reg: 0x00 Val: 0x00000000
[inst #441] addi x0,x0,0
Register Write to Reg: 0x00 Val: 0x00000000
[inst #442] sw x7,8(x8)
Memory Write to Addr: 0x10010F70 Val: 0x00000001
[inst #443] sw x0,12(x8)
Memory Write to Addr: 0x10010F74 Val: 0x00000000
[inst #444] jal x0,84
Register Write to Reg: 0x00 Val: 0x004009B0
[inst #445] lw x28,12(x8)
Register Write to Reg: 0x1C Val: 0x00000000
[inst #446] lw x7,36(x8)
Register Write to Reg: 0x07 Val: 0x00000000
[inst #447] addi x0,x0,0
Register Write to Reg: 0x00 Val: 0x00000000
[inst #448] addi x0,x0,0
Register Write to Reg: 0x00 Val: 0x00000000
[inst #449] addi x0,x0,0
Register Write to Reg: 0x00 Val: 0x00000000
[inst #450] slt x7,x28,x7
Register Write to Reg: 0x07 Val: 0x00000000
[inst #451] addi x0,x0,0
Register Write to Reg: 0x00 Val: 0x00000000
[inst #452] addi x0,x0,0
Register Write to Reg: 0x00 Val: 0x00000000
[inst #453] addi x0,x0,0
Register Write to Reg: 0x00 Val: 0x00000000
[inst #454] beq x7,x0,24
[inst #455] lw x28,8(x8)
Register Write to Reg: 0x1C Val: 0x00000001
[inst #456] lw x7,16(x8)
Register Write to Reg: 0x07 Val: 0x00000006
[inst #457] addi x0,x0,0
Register Write to Reg: 0x00 Val: 0x00000000
[inst #458] addi x0,x0,0
Register Write to Reg: 0x00 Val: 0x00000000
[inst #459] addi x0,x0,0
Register Write to Reg: 0x00 Val: 0x00000000
[inst #460] and x7,x28,x7
Register Write to Reg: 0x07 Val: 0x00000000
[inst #461] addi x0,x0,0
Register Write to Reg: 0x00 Val: 0x00000000
[inst #462] addi x0,x0,0
Register Write to Reg: 0x00 Val: 0x00000000
[inst #463] addi x0,x0,0
Register Write to Reg: 0x00 Val: 0x00000000
[inst #464] slt x7,x0,x7
Register Write to Reg: 0x07 Val: 0x00000000
[inst #465] addi x0,x0,0
Register Write to Reg: 0x00 Val: 0x00000000
[inst #466] addi x0,x0,0
Register Write to Reg: 0x00 Val: 0x00000000
[inst #467] addi x0,x0,0
Register Write to Reg: 0x00 Val: 0x00000000
[inst #468] andi x7,x7,255
Register Write to Reg: 0x07 Val: 0x00000000
[inst #469] addi x0,x0,0
Register Write to Reg: 0x00 Val: 0x00000000
[inst #470] addi x0,x0,0
Register Write to Reg: 0x00 Val: 0x00000000
[inst #471] addi x0,x0,0
Register Write to Reg: 0x00 Val: 0x00000000
[inst #472] add x2,x0,x8
Register Write to Reg: 0x02 Val: 0x10010F68
[inst #473] addi x0,x0,0
Register Write to Reg: 0x00 Val: 0x00000000
[inst #474] addi x0,x0,0
Register Write to Reg: 0x00 Val: 0x00000000
[inst #475] addi x0,x0,0
Register Write to Reg: 0x00 Val: 0x00000000
[inst #476] lw x8,28(x2)
Register Write to Reg: 0x08 Val: 0x10010F88
[inst #477] addi x0,x0,0
Register Write to Reg: 0x00 Val: 0x00000000
[inst #478] addi x0,x0,0
Register Write to Reg: 0x00 Val: 0x00000000
[inst #479] addi x0,x0,0
Register Write to Reg: 0x00 Val: 0x00000000
[inst #480] addi x2,x2,32
Register Write to Reg: 0x02 Val: 0x10010F88
[inst #481] addi x0,x0,0
Register Write to Reg: 0x00 Val: 0x00000000
[inst #482] addi x0,x0,0
Register Write to Reg: 0x00 Val: 0x00000000
[inst #483] jalr x0,x1,0
Register Write to Reg: 0x00 Val: 0x00400AB0
[inst #484] beq x7,x0,92
[inst #485] lw x7,32(x8)
Register Write to Reg: 0x07 Val: 0x10010FC4
[inst #486] addi x0,x0,0
Register Write to Reg: 0x00 Val: 0x00000000
[inst #487] addi x0,x0,0
Register Write to Reg: 0x00 Val: 0x00000000
[inst #488] addi x0,x0,0
Register Write to Reg: 0x00 Val: 0x00000000
[inst #489] lw x7,4(x7)
Register Write to Reg: 0x07 Val: 0x00000000
[inst #490] addi x0,x0,0
Register Write to Reg: 0x00 Val: 0x00000000
[inst #491] addi x0,x0,0
Register Write to Reg: 0x00 Val: 0x00000000
[inst #492] addi x0,x0,0
Register Write to Reg: 0x00 Val: 0x00000000
[inst #493] addi x28,x7,1
Register Write to Reg: 0x1C Val: 0x00000001
[inst #494] addi x0,x0,0
Register Write to Reg: 0x00 Val: 0x00000000
[inst #495] addi x0,x0,0
Register Write to Reg: 0x00 Val: 0x00000000
[inst #496] addi x0,x0,0
Register Write to Reg: 0x00 Val: 0x00000000
[inst #497] lw x7,32(x8)
Register Write to Reg: 0x07 Val: 0x10010FC4
[inst #498] addi x0,x0,0
Register Write to Reg: 0x00 Val: 0x00000000
[inst #499] addi x0,x0,0
Register Write to Reg: 0x00 Val: 0x00000000
[inst #500] addi x0,x0,0
Register Write to Reg: 0x00 Val: 0x00000000
[inst #501] sw x28,4(x7)
Memory Write to Addr: 0x10010FC8 Val: 0x00000001
[inst #502] lw x7,32(x8)
Register Write to Reg: 0x07 Val: 0x10010FC4
[inst #503] addi x0,x0,0
Register Write to Reg: 0x00 Val: 0x00000000
[inst #504] addi x0,x0,0
Register Write to Reg: 0x00 Val: 0x00000000
[inst #505] addi x0,x0,0
Register Write to Reg: 0x00 Val: 0x00000000
[inst #506] lw x7,4(x7)
Register Write to Reg: 0x07 Val: 0x00000001
[inst #507] addi x0,x0,0
Register Write to Reg: 0x00 Val: 0x00000000
[inst #508] addi x0,x0,0
Register Write to Reg: 0x00 Val: 0x00000000
[inst #509] addi x0,x0,0
Register Write to Reg: 0x00 Val: 0x00000000
[inst #510] slti x7,x7,4
Register Write to Reg: 0x07 Val: 0x00000001
[inst #511] addi x0,x0,0
Register Write to Reg: 0x00 Val: 0x00000000
[inst #512] addi x0,x0,0
Register Write to Reg: 0x00 Val: 0x00000000
[inst #513] addi x0,x0,0
Register Write to Reg: 0x00 Val: 0x00000000
[inst #514] beq x7,x0,24
[inst #515] addi x0,x0,0
Register Write to Reg: 0x00 Val: 0x00000000
[inst #516] addi x0,x0,0
Register Write to Reg: 0x00 Val: 0x00000000
[inst #517] jal x0,-348
Register Write to Reg: 0x00 Val: 0x004008B0
[inst #518] lw x7,32(x8)
Register Write to Reg: 0x07 Val: 0x10010FC4
[inst #519] addi x0,x0,0
Register Write to Reg: 0x00 Val: 0x00000000
[inst #520] addi x0,x0,0
Register Write to Reg: 0x00 Val: 0x00000000
[inst #521] addi x0,x0,0
Register Write to Reg: 0x00 Val: 0x00000000
[inst #522] lw x28,0(x7)
Register Write to Reg: 0x1C Val: 0x00000000
[inst #523] addi x0,x0,0
Register Write to Reg: 0x00 Val: 0x00000000
[inst #524] addi x0,x0,0
Register Write to Reg: 0x00 Val: 0x00000000
[inst #525] addi x0,x0,0
Register Write to Reg: 0x00 Val: 0x00000000
[inst #526] lw x7,32(x8)
Register Write to Reg: 0x07 Val: 0x10010FC4
[inst #527] addi x0,x0,0
Register Write to Reg: 0x00 Val: 0x00000000
[inst #528] addi x0,x0,0
Register Write to Reg: 0x00 Val: 0x00000000
[inst #529] addi x0,x0,0
Register Write to Reg: 0x00 Val: 0x00000000
[inst #530] lw x7,4(x7)
Register Write to Reg: 0x07 Val: 0x00000001
[inst #531] addi x0,x0,0
Register Write to Reg: 0x00 Val: 0x00000000
[inst #532] addi x0,x0,0
Register Write to Reg: 0x00 Val: 0x00000000
[inst #533] addi x0,x0,0
Register Write to Reg: 0x00 Val: 0x00000000
[inst #534] add x30,x0,x7
Register Write to Reg: 0x1E Val: 0x00000001
[inst #535] add x29,x0,x28
Register Write to Reg: 0x1D Val: 0x00000000
[inst #536] addi x0,x0,0
Register Write to Reg: 0x00 Val: 0x00000000
[inst #537] addi x0,x0,0
Register Write to Reg: 0x00 Val: 0x00000000
[inst #538] addi x0,x0,0
Register Write to Reg: 0x00 Val: 0x00000000
[inst #539] auipc x1,0
Register Write to Reg: 0x01 Val: 0x004007A4
[inst #540] sll x0,x0,x0
Register Write to Reg: 0x00 Val: 0x00000000
[inst #541] sll x0,x0,x0
Register Write to Reg: 0x00 Val: 0x00000000
[inst #542] sll x0,x0,x0
Register Write to Reg: 0x00 Val: 0x00000000
[inst #543] addi x1,x1,44
Register Write to Reg: 0x01 Val: 0x004007D0
[inst #544] addi x0,x0,0
Register Write to Reg: 0x00 Val: 0x00000000
[inst #545] addi x0,x0,0
Register Write to Reg: 0x00 Val: 0x00000000
[inst #546] addi x0,x0,0
Register Write to Reg: 0x00 Val: 0x00000000
[inst #547] jal x0,308
Register Write to Reg: 0x00 Val: 0x004007C8
[inst #548] addi x2,x2,-32
Register Write to Reg: 0x02 Val: 0x10010F68
[inst #549] addi x0,x0,0
Register Write to Reg: 0x00 Val: 0x00000000
[inst #550] addi x0,x0,0
Register Write to Reg: 0x00 Val: 0x00000000
[inst #551] addi x0,x0,0
Register Write to Reg: 0x00 Val: 0x00000000
[inst #552] sw x8,28(x2)
Memory Write to Addr: 0x10010F84 Val: 0x10010F88
[inst #553] addi x0,x0,0
Register Write to Reg: 0x00 Val: 0x00000000
[inst #554] addi x0,x0,0
Register Write to Reg: 0x00 Val: 0x00000000
[inst #555] addi x0,x0,0
Register Write to Reg: 0x00 Val: 0x00000000
[inst #556] add x8,x0,x2
Register Write to Reg: 0x08 Val: 0x10010F68
[inst #557] addi x0,x0,0
Register Write to Reg: 0x00 Val: 0x00000000
[inst #558] addi x0,x0,0
Register Write to Reg: 0x00 Val: 0x00000000
[inst #559] addi x0,x0,0
Register Write to Reg: 0x00 Val: 0x00000000
[inst #560] sw x29,32(x8)
Memory Write to Addr: 0x10010F88 Val: 0x00000000
[inst #561] sw x30,36(x8)
Memory Write to Addr: 0x10010F8C Val: 0x00000001
[inst #562] auipc x7,64527
Register Write to Reg: 0x07 Val: 0x1000F930
[inst #563] sll x0,x0,x0
Register Write to Reg: 0x00 Val: 0x00000000
[inst #564] sll x0,x0,x0
Register Write to Reg: 0x00 Val: 0x00000000
[inst #565] sll x0,x0,x0
Register Write to Reg: 0x00 Val: 0x00000000
[inst #566] addi x7,x7,1764
Register Write to Reg: 0x07 Val: 0x10010014
[inst #567] addi x0,x0,0
Register Write to Reg: 0x00 Val: 0x00000000
[inst #568] addi x0,x0,0
Register Write to Reg: 0x00 Val: 0x00000000
[inst #569] addi x0,x0,0
Register Write to Reg: 0x00 Val: 0x00000000
[inst #570] lw x28,32(x8)
Register Write to Reg: 0x1C Val: 0x00000000
[inst #571] addi x0,x0,0
Register Write to Reg: 0x00 Val: 0x00000000
[inst #572] addi x0,x0,0
Register Write to Reg: 0x00 Val: 0x00000000
[inst #573] addi x0,x0,0
Register Write to Reg: 0x00 Val: 0x00000000
[inst #574] slli x28,x28,2
Register Write to Reg: 0x1C Val: 0x00000000
[inst #575] addi x0,x0,0
Register Write to Reg: 0x00 Val: 0x00000000
[inst #576] addi x0,x0,0
Register Write to Reg: 0x00 Val: 0x00000000
[inst #577] addi x0,x0,0
Register Write to Reg: 0x00 Val: 0x00000000
[inst #578] add x7,x28,x7
Register Write to Reg: 0x07 Val: 0x10010014
[inst #579] addi x0,x0,0
Register Write to Reg: 0x00 Val: 0x00000000
[inst #580] addi x0,x0,0
Register Write to Reg: 0x00 Val: 0x00000000
[inst #581] addi x0,x0,0
Register Write to Reg: 0x00 Val: 0x00000000
[inst #582] lw x7,0(x7)
Register Write to Reg: 0x07 Val: 0x00000006
[inst #583] addi x0,x0,0
Register Write to Reg: 0x00 Val: 0x00000000
[inst #584] addi x0,x0,0
Register Write to Reg: 0x00 Val: 0x00000000
[inst #585] addi x0,x0,0
Register Write to Reg: 0x00 Val: 0x00000000
[inst #586] sw x7,16(x8)
Memory Write to Addr: 0x10010F78 Val: 0x00000006
[inst #587] addi x7,x0,1
Register Write to Reg: 0x07 Val: 0x00000001
[inst #588] addi x0,x0,0
Register Write to Reg: 0x00 Val: 0x00000000
[inst #589] addi x0,x0,0
Register Write to Reg: 0x00 Val: 0x00000000
[inst #590] addi x0,x0,0
Register Write to Reg: 0x00 Val: 0x00000000
[inst #591] sw x7,8(x8)
Memory Write to Addr: 0x10010F70 Val: 0x00000001
[inst #592] sw x0,12(x8)
Memory Write to Addr: 0x10010F74 Val: 0x00000000
[inst #593] jal x0,84
Register Write to Reg: 0x00 Val: 0x004009B0
[inst #594] lw x28,12(x8)
Register Write to Reg: 0x1C Val: 0x00000000
[inst #595] lw x7,36(x8)
Register Write to Reg: 0x07 Val: 0x00000001
[inst #596] addi x0,x0,0
Register Write to Reg: 0x00 Val: 0x00000000
[inst #597] addi x0,x0,0
Register Write to Reg: 0x00 Val: 0x00000000
[inst #598] addi x0,x0,0
Register Write to Reg: 0x00 Val: 0x00000000
[inst #599] slt x7,x28,x7
Register Write to Reg: 0x07 Val: 0x00000001
[inst #600] addi x0,x0,0
Register Write to Reg: 0x00 Val: 0x00000000
[inst #601] addi x0,x0,0
Register Write to Reg: 0x00 Val: 0x00000000
[inst #602] addi x0,x0,0
Register Write to Reg: 0x00 Val: 0x00000000
[inst #603] beq x7,x0,24
[inst #604] addi x0,x0,0
Register Write to Reg: 0x00 Val: 0x00000000
[inst #605] addi x0,x0,0
Register Write to Reg: 0x00 Val: 0x00000000
[inst #606] jal x0,-120
Register Write to Reg: 0x00 Val: 0x00400A34
[inst #607] lw x7,8(x8)
Register Write to Reg: 0x07 Val: 0x00000001
[inst #608] addi x0,x0,0
Register Write to Reg: 0x00 Val: 0x00000000
[inst #609] addi x0,x0,0
Register Write to Reg: 0x00 Val: 0x00000000
[inst #610] addi x0,x0,0
Register Write to Reg: 0x00 Val: 0x00000000
[inst #611] slli x7,x7,1
Register Write to Reg: 0x07 Val: 0x00000002
[inst #612] addi x0,x0,0
Register Write to Reg: 0x00 Val: 0x00000000
[inst #613] addi x0,x0,0
Register Write to Reg: 0x00 Val: 0x00000000
[inst #614] addi x0,x0,0
Register Write to Reg: 0x00 Val: 0x00000000
[inst #615] sw x7,8(x8)
Memory Write to Addr: 0x10010F70 Val: 0x00000002
[inst #616] lw x7,12(x8)
Register Write to Reg: 0x07 Val: 0x00000000
[inst #617] addi x0,x0,0
Register Write to Reg: 0x00 Val: 0x00000000
[inst #618] addi x0,x0,0
Register Write to Reg: 0x00 Val: 0x00000000
[inst #619] addi x0,x0,0
Register Write to Reg: 0x00 Val: 0x00000000
[inst #620] addi x7,x7,1
Register Write to Reg: 0x07 Val: 0x00000001
[inst #621] addi x0,x0,0
Register Write to Reg: 0x00 Val: 0x00000000
[inst #622] addi x0,x0,0
Register Write to Reg: 0x00 Val: 0x00000000
[inst #623] addi x0,x0,0
Register Write to Reg: 0x00 Val: 0x00000000
[inst #624] sw x7,12(x8)
Memory Write to Addr: 0x10010F74 Val: 0x00000001
[inst #625] lw x28,12(x8)
Register Write to Reg: 0x1C Val: 0x00000001
[inst #626] lw x7,36(x8)
Register Write to Reg: 0x07 Val: 0x00000001
[inst #627] addi x0,x0,0
Register Write to Reg: 0x00 Val: 0x00000000
[inst #628] addi x0,x0,0
Register Write to Reg: 0x00 Val: 0x00000000
[inst #629] addi x0,x0,0
Register Write to Reg: 0x00 Val: 0x00000000
[inst #630] slt x7,x28,x7
Register Write to Reg: 0x07 Val: 0x00000000
[inst #631] addi x0,x0,0
Register Write to Reg: 0x00 Val: 0x00000000
[inst #632] addi x0,x0,0
Register Write to Reg: 0x00 Val: 0x00000000
[inst #633] addi x0,x0,0
Register Write to Reg: 0x00 Val: 0x00000000
[inst #634] beq x7,x0,24
[inst #635] lw x28,8(x8)
Register Write to Reg: 0x1C Val: 0x00000002
[inst #636] lw x7,16(x8)
Register Write to Reg: 0x07 Val: 0x00000006
[inst #637] addi x0,x0,0
Register Write to Reg: 0x00 Val: 0x00000000
[inst #638] addi x0,x0,0
Register Write to Reg: 0x00 Val: 0x00000000
[inst #639] addi x0,x0,0
Register Write to Reg: 0x00 Val: 0x00000000
[inst #640] and x7,x28,x7
Register Write to Reg: 0x07 Val: 0x00000002
[inst #641] addi x0,x0,0
Register Write to Reg: 0x00 Val: 0x00000000
[inst #642] addi x0,x0,0
Register Write to Reg: 0x00 Val: 0x00000000
[inst #643] addi x0,x0,0
Register Write to Reg: 0x00 Val: 0x00000000
[inst #644] slt x7,x0,x7
Register Write to Reg: 0x07 Val: 0x00000001
[inst #645] addi x0,x0,0
Register Write to Reg: 0x00 Val: 0x00000000
[inst #646] addi x0,x0,0
Register Write to Reg: 0x00 Val: 0x00000000
[inst #647] addi x0,x0,0
Register Write to Reg: 0x00 Val: 0x00000000
[inst #648] andi x7,x7,255
Register Write to Reg: 0x07 Val: 0x00000001
[inst #649] addi x0,x0,0
Register Write to Reg: 0x00 Val: 0x00000000
[inst #650] addi x0,x0,0
Register Write to Reg: 0x00 Val: 0x00000000
[inst #651] addi x0,x0,0
Register Write to Reg: 0x00 Val: 0x00000000
[inst #652] add x2,x0,x8
Register Write to Reg: 0x02 Val: 0x10010F68
[inst #653] addi x0,x0,0
Register Write to Reg: 0x00 Val: 0x00000000
[inst #654] addi x0,x0,0
Register Write to Reg: 0x00 Val: 0x00000000
[inst #655] addi x0,x0,0
Register Write to Reg: 0x00 Val: 0x00000000
[inst #656] lw x8,28(x2)
Register Write to Reg: 0x08 Val: 0x10010F88
[inst #657] addi x0,x0,0
Register Write to Reg: 0x00 Val: 0x00000000
[inst #658] addi x0,x0,0
Register Write to Reg: 0x00 Val: 0x00000000
[inst #659] addi x0,x0,0
Register Write to Reg: 0x00 Val: 0x00000000
[inst #660] addi x2,x2,32
Register Write to Reg: 0x02 Val: 0x10010F88
[inst #661] addi x0,x0,0
Register Write to Reg: 0x00 Val: 0x00000000
[inst #662] addi x0,x0,0
Register Write to Reg: 0x00 Val: 0x00000000
[inst #663] jalr x0,x1,0
Register Write to Reg: 0x00 Val: 0x00400AB0
[inst #664] beq x7,x0,92
[inst #665] addi x0,x0,0
Register Write to Reg: 0x00 Val: 0x00000000
[inst #666] addi x0,x0,0
Register Write to Reg: 0x00 Val: 0x00000000
[inst #667] lw x7,32(x8)
Register Write to Reg: 0x07 Val: 0x10010FC4
[inst #668] addi x0,x0,0
Register Write to Reg: 0x00 Val: 0x00000000
[inst #669] addi x0,x0,0
Register Write to Reg: 0x00 Val: 0x00000000
[inst #670] addi x0,x0,0
Register Write to Reg: 0x00 Val: 0x00000000
[inst #671] lw x7,4(x7)
Register Write to Reg: 0x07 Val: 0x00000001
[inst #672] addi x0,x0,0
Register Write to Reg: 0x00 Val: 0x00000000
[inst #673] addi x0,x0,0
Register Write to Reg: 0x00 Val: 0x00000000
[inst #674] addi x0,x0,0
Register Write to Reg: 0x00 Val: 0x00000000
[inst #675] addi x29,x7,1
Register Write to Reg: 0x1D Val: 0x00000002
[inst #676] addi x0,x0,0
Register Write to Reg: 0x00 Val: 0x00000000
[inst #677] addi x0,x0,0
Register Write to Reg: 0x00 Val: 0x00000000
[inst #678] addi x0,x0,0
Register Write to Reg: 0x00 Val: 0x00000000
[inst #679] lw x28,32(x8)
Register Write to Reg: 0x1C Val: 0x10010FC4
[inst #680] addi x0,x0,0
Register Write to Reg: 0x00 Val: 0x00000000
[inst #681] addi x0,x0,0
Register Write to Reg: 0x00 Val: 0x00000000
[inst #682] addi x0,x0,0
Register Write to Reg: 0x00 Val: 0x00000000
[inst #683] sw x29,4(x28)
Memory Write to Addr: 0x10010FC8 Val: 0x00000002
[inst #684] jal x0,156
Register Write to Reg: 0x00 Val: 0x00400824
[inst #685] add x2,x0,x8
Register Write to Reg: 0x02 Val: 0x10010F88
[inst #686] addi x0,x0,0
Register Write to Reg: 0x00 Val: 0x00000000
[inst #687] addi x0,x0,0
Register Write to Reg: 0x00 Val: 0x00000000
[inst #688] addi x0,x0,0
Register Write to Reg: 0x00 Val: 0x00000000
[inst #689] lw x1,28(x2)
Register Write to Reg: 0x01 Val: 0x00400640
[inst #690] lw x8,24(x2)
Register Write to Reg: 0x08 Val: 0x10010FA8
[inst #691] addi x0,x0,0
Register Write to Reg: 0x00 Val: 0x00000000
[inst #692] addi x0,x0,0
Register Write to Reg: 0x00 Val: 0x00000000
[inst #693] addi x0,x0,0
Register Write to Reg: 0x00 Val: 0x00000000
[inst #694] addi x2,x2,32
Register Write to Reg: 0x02 Val: 0x10010FA8
[inst #695] addi x0,x0,0
Register Write to Reg: 0x00 Val: 0x00000000
[inst #696] addi x0,x0,0
Register Write to Reg: 0x00 Val: 0x00000000
[inst #697] jalr x0,x1,0
Register Write to Reg: 0x00 Val: 0x004008F0
[inst #698] sw x7,24(x8)
Memory Write to Addr: 0x10010FC0 Val: 0x00000001
[inst #699] jal x0,-776
Register Write to Reg: 0x00 Val: 0x00400648
[inst #700] lw x28,24(x8)
Register Write to Reg: 0x1C Val: 0x00000001
[inst #701] addi x0,x0,0
Register Write to Reg: 0x00 Val: 0x00000000
[inst #702] addi x0,x0,0
Register Write to Reg: 0x00 Val: 0x00000000
[inst #703] addi x0,x0,0
Register Write to Reg: 0x00 Val: 0x00000000
[inst #704] addi x7,x0,-1
Register Write to Reg: 0x07 Val: 0xFFFFFFFF
[inst #705] addi x0,x0,0
Register Write to Reg: 0x00 Val: 0x00000000
[inst #706] addi x0,x0,0
Register Write to Reg: 0x00 Val: 0x00000000
[inst #707] beq x28,x7,24
[inst #708] addi x0,x0,0
Register Write to Reg: 0x00 Val: 0x00000000
[inst #709] addi x0,x0,0
Register Write to Reg: 0x00 Val: 0x00000000
[inst #710] jal x0,-284
Register Write to Reg: 0x00 Val: 0x00400368
[inst #711] lw x29,24(x8)
Register Write to Reg: 0x1D Val: 0x00000001
[inst #712] addi x0,x0,0
Register Write to Reg: 0x00 Val: 0x00000000
[inst #713] addi x0,x0,0
Register Write to Reg: 0x00 Val: 0x00000000
[inst #714] addi x0,x0,0
Register Write to Reg: 0x00 Val: 0x00000000
[inst #715] auipc x1,0
Register Write to Reg: 0x01 Val: 0x00400258
[inst #716] sll x0,x0,x0
Register Write to Reg: 0x00 Val: 0x00000000
[inst #717] sll x0,x0,x0
Register Write to Reg: 0x00 Val: 0x00000000
[inst #718] sll x0,x0,x0
Register Write to Reg: 0x00 Val: 0x00000000
[inst #719] addi x1,x1,44
Register Write to Reg: 0x01 Val: 0x00400284
[inst #720] addi x0,x0,0
Register Write to Reg: 0x00 Val: 0x00000000
[inst #721] addi x0,x0,0
Register Write to Reg: 0x00 Val: 0x00000000
[inst #722] addi x0,x0,0
Register Write to Reg: 0x00 Val: 0x00000000
[inst #723] jal x0,2508
Register Write to Reg: 0x00 Val: 0x0040027C
[inst #724] addi x2,x2,-32
Register Write to Reg: 0x02 Val: 0x10010F88
[inst #725] addi x0,x0,0
Register Write to Reg: 0x00 Val: 0x00000000
[inst #726] addi x0,x0,0
Register Write to Reg: 0x00 Val: 0x00000000
[inst #727] addi x0,x0,0
Register Write to Reg: 0x00 Val: 0x00000000
[inst #728] sw x8,28(x2)
Memory Write to Addr: 0x10010FA4 Val: 0x10010FA8
[inst #729] addi x0,x0,0
Register Write to Reg: 0x00 Val: 0x00000000
[inst #730] addi x0,x0,0
Register Write to Reg: 0x00 Val: 0x00000000
[inst #731] addi x0,x0,0
Register Write to Reg: 0x00 Val: 0x00000000
[inst #732] add x8,x0,x2
Register Write to Reg: 0x08 Val: 0x10010F88
[inst #733] addi x0,x0,0
Register Write to Reg: 0x00 Val: 0x00000000
[inst #734] addi x0,x0,0
Register Write to Reg: 0x00 Val: 0x00000000
[inst #735] addi x0,x0,0
Register Write to Reg: 0x00 Val: 0x00000000
[inst #736] sw x29,32(x8)
Memory Write to Addr: 0x10010FA8 Val: 0x00000001
[inst #737] ori x7,x0,1
Register Write to Reg: 0x07 Val: 0x00000001
[inst #738] addi x0,x0,0
Register Write to Reg: 0x00 Val: 0x00000000
[inst #739] addi x0,x0,0
Register Write to Reg: 0x00 Val: 0x00000000
[inst #740] addi x0,x0,0
Register Write to Reg: 0x00 Val: 0x00000000
[inst #741] sw x7,8(x8)
Memory Write to Addr: 0x10010F90 Val: 0x00000001
[inst #742] sw x0,12(x8)
Memory Write to Addr: 0x10010F94 Val: 0x00000000
[inst #743] jal x0,84
Register Write to Reg: 0x00 Val: 0x00400C94
[inst #744] lw x28,12(x8)
Register Write to Reg: 0x1C Val: 0x00000000
[inst #745] lw x7,32(x8)
Register Write to Reg: 0x07 Val: 0x00000001
[inst #746] addi x0,x0,0
Register Write to Reg: 0x00 Val: 0x00000000
[inst #747] addi x0,x0,0
Register Write to Reg: 0x00 Val: 0x00000000
[inst #748] addi x0,x0,0
Register Write to Reg: 0x00 Val: 0x00000000
[inst #749] slt x7,x28,x7
Register Write to Reg: 0x07 Val: 0x00000001
[inst #750] addi x0,x0,0
Register Write to Reg: 0x00 Val: 0x00000000
[inst #751] addi x0,x0,0
Register Write to Reg: 0x00 Val: 0x00000000
[inst #752] addi x0,x0,0
Register Write to Reg: 0x00 Val: 0x00000000
[inst #753] beq x7,x0,24
[inst #754] addi x0,x0,0
Register Write to Reg: 0x00 Val: 0x00000000
[inst #755] addi x0,x0,0
Register Write to Reg: 0x00 Val: 0x00000000
[inst #756] jal x0,-120
Register Write to Reg: 0x00 Val: 0x00400D18
[inst #757] lw x7,8(x8)
Register Write to Reg: 0x07 Val: 0x00000001
[inst #758] addi x0,x0,0
Register Write to Reg: 0x00 Val: 0x00000000
[inst #759] addi x0,x0,0
Register Write to Reg: 0x00 Val: 0x00000000
[inst #760] addi x0,x0,0
Register Write to Reg: 0x00 Val: 0x00000000
[inst #761] slli x7,x7,8
Register Write to Reg: 0x07 Val: 0x00000100
[inst #762] addi x0,x0,0
Register Write to Reg: 0x00 Val: 0x00000000
[inst #763] addi x0,x0,0
Register Write to Reg: 0x00 Val: 0x00000000
[inst #764] addi x0,x0,0
Register Write to Reg: 0x00 Val: 0x00000000
[inst #765] sw x7,8(x8)
Memory Write to Addr: 0x10010F90 Val: 0x00000100
[inst #766] lw x7,12(x8)
Register Write to Reg: 0x07 Val: 0x00000000
[inst #767] addi x0,x0,0
Register Write to Reg: 0x00 Val: 0x00000000
[inst #768] addi x0,x0,0
Register Write to Reg: 0x00 Val: 0x00000000
[inst #769] addi x0,x0,0
Register Write to Reg: 0x00 Val: 0x00000000
[inst #770] addi x7,x7,1
Register Write to Reg: 0x07 Val: 0x00000001
[inst #771] addi x0,x0,0
Register Write to Reg: 0x00 Val: 0x00000000
[inst #772] addi x0,x0,0
Register Write to Reg: 0x00 Val: 0x00000000
[inst #773] addi x0,x0,0
Register Write to Reg: 0x00 Val: 0x00000000
[inst #774] sw x7,12(x8)
Memory Write to Addr: 0x10010F94 Val: 0x00000001
[inst #775] lw x28,12(x8)
Register Write to Reg: 0x1C Val: 0x00000001
[inst #776] lw x7,32(x8)
Register Write to Reg: 0x07 Val: 0x00000001
[inst #777] addi x0,x0,0
Register Write to Reg: 0x00 Val: 0x00000000
[inst #778] addi x0,x0,0
Register Write to Reg: 0x00 Val: 0x00000000
[inst #779] addi x0,x0,0
Register Write to Reg: 0x00 Val: 0x00000000
[inst #780] slt x7,x28,x7
Register Write to Reg: 0x07 Val: 0x00000000
[inst #781] addi x0,x0,0
Register Write to Reg: 0x00 Val: 0x00000000
[inst #782] addi x0,x0,0
Register Write to Reg: 0x00 Val: 0x00000000
[inst #783] addi x0,x0,0
Register Write to Reg: 0x00 Val: 0x00000000
[inst #784] beq x7,x0,24
[inst #785] auipc x7,64527
Register Write to Reg: 0x07 Val: 0x1000FD20
[inst #786] sll x0,x0,x0
Register Write to Reg: 0x00 Val: 0x00000000
[inst #787] sll x0,x0,x0
Register Write to Reg: 0x00 Val: 0x00000000
[inst #788] sll x0,x0,x0
Register Write to Reg: 0x00 Val: 0x00000000
[inst #789] addi x7,x7,772
Register Write to Reg: 0x07 Val: 0x10010024
[inst #790] addi x0,x0,0
Register Write to Reg: 0x00 Val: 0x00000000
[inst #791] addi x0,x0,0
Register Write to Reg: 0x00 Val: 0x00000000
[inst #792] addi x0,x0,0
Register Write to Reg: 0x00 Val: 0x00000000
[inst #793] lw x7,0(x7)
Register Write to Reg: 0x07 Val: 0x00000001
[inst #794] addi x0,x0,0
Register Write to Reg: 0x00 Val: 0x00000000
[inst #795] addi x0,x0,0
Register Write to Reg: 0x00 Val: 0x00000000
[inst #796] addi x0,x0,0
Register Write to Reg: 0x00 Val: 0x00000000
[inst #797] sw x7,16(x8)
Memory Write to Addr: 0x10010F98 Val: 0x00000001
[inst #798] lw x28,16(x8)
Register Write to Reg: 0x1C Val: 0x00000001
[inst #799] addi x0,x0,0
Register Write to Reg: 0x00 Val: 0x00000000
[inst #800] addi x0,x0,0
Register Write to Reg: 0x00 Val: 0x00000000
[inst #801] addi x0,x0,0
Register Write to Reg: 0x00 Val: 0x00000000
[inst #802] lw x7,8(x8)
Register Write to Reg: 0x07 Val: 0x00000100
[inst #803] addi x0,x0,0
Register Write to Reg: 0x00 Val: 0x00000000
[inst #804] addi x0,x0,0
Register Write to Reg: 0x00 Val: 0x00000000
[inst #805] addi x0,x0,0
Register Write to Reg: 0x00 Val: 0x00000000
[inst #806] and x7,x28,x7
Register Write to Reg: 0x07 Val: 0x00000000
[inst #807] addi x0,x0,0
Register Write to Reg: 0x00 Val: 0x00000000
[inst #808] addi x0,x0,0
Register Write to Reg: 0x00 Val: 0x00000000
[inst #809] addi x0,x0,0
Register Write to Reg: 0x00 Val: 0x00000000
[inst #810] slt x7,x0,x7
Register Write to Reg: 0x07 Val: 0x00000000
[inst #811] addi x0,x0,0
Register Write to Reg: 0x00 Val: 0x00000000
[inst #812] addi x0,x0,0
Register Write to Reg: 0x00 Val: 0x00000000
[inst #813] addi x0,x0,0
Register Write to Reg: 0x00 Val: 0x00000000
[inst #814] andi x7,x7,255
Register Write to Reg: 0x07 Val: 0x00000000
[inst #815] addi x0,x0,0
Register Write to Reg: 0x00 Val: 0x00000000
[inst #816] addi x0,x0,0
Register Write to Reg: 0x00 Val: 0x00000000
[inst #817] addi x0,x0,0
Register Write to Reg: 0x00 Val: 0x00000000
[inst #818] add x2,x0,x8
Register Write to Reg: 0x02 Val: 0x10010F88
[inst #819] addi x0,x0,0
Register Write to Reg: 0x00 Val: 0x00000000
[inst #820] addi x0,x0,0
Register Write to Reg: 0x00 Val: 0x00000000
[inst #821] addi x0,x0,0
Register Write to Reg: 0x00 Val: 0x00000000
[inst #822] lw x8,28(x2)
Register Write to Reg: 0x08 Val: 0x10010FA8
[inst #823] addi x0,x0,0
Register Write to Reg: 0x00 Val: 0x00000000
[inst #824] addi x0,x0,0
Register Write to Reg: 0x00 Val: 0x00000000
[inst #825] addi x0,x0,0
Register Write to Reg: 0x00 Val: 0x00000000
[inst #826] addi x2,x2,32
Register Write to Reg: 0x02 Val: 0x10010FA8
[inst #827] addi x0,x0,0
Register Write to Reg: 0x00 Val: 0x00000000
[inst #828] addi x0,x0,0
Register Write to Reg: 0x00 Val: 0x00000000
[inst #829] jalr x0,x1,0
Register Write to Reg: 0x00 Val: 0x00400DD4
[inst #830] xori x7,x7,1
Register Write to Reg: 0x07 Val: 0x00000001
[inst #831] addi x0,x0,0
Register Write to Reg: 0x00 Val: 0x00000000
[inst #832] addi x0,x0,0
Register Write to Reg: 0x00 Val: 0x00000000
[inst #833] addi x0,x0,0
Register Write to Reg: 0x00 Val: 0x00000000
[inst #834] andi x7,x7,255
Register Write to Reg: 0x07 Val: 0x00000001
[inst #835] addi x0,x0,0
Register Write to Reg: 0x00 Val: 0x00000000
[inst #836] addi x0,x0,0
Register Write to Reg: 0x00 Val: 0x00000000
[inst #837] addi x0,x0,0
Register Write to Reg: 0x00 Val: 0x00000000
[inst #838] beq x7,x0,72
[inst #839] addi x0,x0,0
Register Write to Reg: 0x00 Val: 0x00000000
[inst #840] addi x0,x0,0
Register Write to Reg: 0x00 Val: 0x00000000
[inst #841] lw x29,24(x8)
Register Write to Reg: 0x1D Val: 0x00000001
[inst #842] addi x0,x0,0
Register Write to Reg: 0x00 Val: 0x00000000
[inst #843] addi x0,x0,0
Register Write to Reg: 0x00 Val: 0x00000000
[inst #844] addi x0,x0,0
Register Write to Reg: 0x00 Val: 0x00000000
[inst #845] auipc x1,0
Register Write to Reg: 0x01 Val: 0x004002C0
[inst #846] sll x0,x0,x0
Register Write to Reg: 0x00 Val: 0x00000000
[inst #847] sll x0,x0,x0
Register Write to Reg: 0x00 Val: 0x00000000
[inst #848] sll x0,x0,x0
Register Write to Reg: 0x00 Val: 0x00000000
[inst #849] addi x1,x1,44
Register Write to Reg: 0x01 Val: 0x004002EC
[inst #850] addi x0,x0,0
Register Write to Reg: 0x00 Val: 0x00000000
[inst #851] addi x0,x0,0
Register Write to Reg: 0x00 Val: 0x00000000
[inst #852] addi x0,x0,0
Register Write to Reg: 0x00 Val: 0x00000000
[inst #853] jal x0,580
Register Write to Reg: 0x00 Val: 0x004002E4
[inst #854] addi x2,x2,-48
Register Write to Reg: 0x02 Val: 0x10010F78
[inst #855] addi x0,x0,0
Register Write to Reg: 0x00 Val: 0x00000000
[inst #856] addi x0,x0,0
Register Write to Reg: 0x00 Val: 0x00000000
[inst #857] addi x0,x0,0
Register Write to Reg: 0x00 Val: 0x00000000
[inst #858] sw x1,44(x2)
Memory Write to Addr: 0x10010FA4 Val: 0x004002EC
[inst #859] sw x8,40(x2)
Memory Write to Addr: 0x10010FA0 Val: 0x10010FA8
[inst #860] addi x0,x0,0
Register Write to Reg: 0x00 Val: 0x00000000
[inst #861] addi x0,x0,0
Register Write to Reg: 0x00 Val: 0x00000000
[inst #862] addi x0,x0,0
Register Write to Reg: 0x00 Val: 0x00000000
[inst #863] add x8,x0,x2
Register Write to Reg: 0x08 Val: 0x10010F78
[inst #864] addi x0,x0,0
Register Write to Reg: 0x00 Val: 0x00000000
[inst #865] addi x0,x0,0
Register Write to Reg: 0x00 Val: 0x00000000
[inst #866] addi x0,x0,0
Register Write to Reg: 0x00 Val: 0x00000000
[inst #867] sw x29,48(x8)
Memory Write to Addr: 0x10010FA8 Val: 0x00000001
[inst #868] lw x29,48(x8)
Register Write to Reg: 0x1D Val: 0x00000001
[inst #869] addi x0,x0,0
Register Write to Reg: 0x00 Val: 0x00000000
[inst #870] addi x0,x0,0
Register Write to Reg: 0x00 Val: 0x00000000
[inst #871] addi x0,x0,0
Register Write to Reg: 0x00 Val: 0x00000000
[inst #872] auipc x1,0
Register Write to Reg: 0x01 Val: 0x0040056C
[inst #873] sll x0,x0,x0
Register Write to Reg: 0x00 Val: 0x00000000
[inst #874] sll x0,x0,x0
Register Write to Reg: 0x00 Val: 0x00000000
[inst #875] sll x0,x0,x0
Register Write to Reg: 0x00 Val: 0x00000000
[inst #876] addi x1,x1,44
Register Write to Reg: 0x01 Val: 0x00400598
[inst #877] addi x0,x0,0
Register Write to Reg: 0x00 Val: 0x00000000
[inst #878] addi x0,x0,0
Register Write to Reg: 0x00 Val: 0x00000000
[inst #879] addi x0,x0,0
Register Write to Reg: 0x00 Val: 0x00000000
[inst #880] jal x0,1324
Register Write to Reg: 0x00 Val: 0x00400590
[inst #881] addi x2,x2,-32
Register Write to Reg: 0x02 Val: 0x10010F58
[inst #882] addi x0,x0,0
Register Write to Reg: 0x00 Val: 0x00000000
[inst #883] addi x0,x0,0
Register Write to Reg: 0x00 Val: 0x00000000
[inst #884] addi x0,x0,0
Register Write to Reg: 0x00 Val: 0x00000000
[inst #885] sw x8,28(x2)
Memory Write to Addr: 0x10010F74 Val: 0x10010F78
[inst #886] addi x0,x0,0
Register Write to Reg: 0x00 Val: 0x00000000
[inst #887] addi x0,x0,0
Register Write to Reg: 0x00 Val: 0x00000000
[inst #888] addi x0,x0,0
Register Write to Reg: 0x00 Val: 0x00000000
[inst #889] add x8,x0,x2
Register Write to Reg: 0x08 Val: 0x10010F58
[inst #890] addi x0,x0,0
Register Write to Reg: 0x00 Val: 0x00000000
[inst #891] addi x0,x0,0
Register Write to Reg: 0x00 Val: 0x00000000
[inst #892] addi x0,x0,0
Register Write to Reg: 0x00 Val: 0x00000000
[inst #893] sw x29,32(x8)
Memory Write to Addr: 0x10010F78 Val: 0x00000001
[inst #894] addi x7,x0,1
Register Write to Reg: 0x07 Val: 0x00000001
[inst #895] addi x0,x0,0
Register Write to Reg: 0x00 Val: 0x00000000
[inst #896] addi x0,x0,0
Register Write to Reg: 0x00 Val: 0x00000000
[inst #897] addi x0,x0,0
Register Write to Reg: 0x00 Val: 0x00000000
[inst #898] sw x7,8(x8)
Memory Write to Addr: 0x10010F60 Val: 0x00000001
[inst #899] sw x0,12(x8)
Memory Write to Addr: 0x10010F64 Val: 0x00000000
[inst #900] jal x0,84
Register Write to Reg: 0x00 Val: 0x00400B08
[inst #901] lw x28,12(x8)
Register Write to Reg: 0x1C Val: 0x00000000
[inst #902] lw x7,32(x8)
Register Write to Reg: 0x07 Val: 0x00000001
[inst #903] addi x0,x0,0
Register Write to Reg: 0x00 Val: 0x00000000
[inst #904] addi x0,x0,0
Register Write to Reg: 0x00 Val: 0x00000000
[inst #905] addi x0,x0,0
Register Write to Reg: 0x00 Val: 0x00000000
[inst #906] slt x7,x28,x7
Register Write to Reg: 0x07 Val: 0x00000001
[inst #907] addi x0,x0,0
Register Write to Reg: 0x00 Val: 0x00000000
[inst #908] addi x0,x0,0
Register Write to Reg: 0x00 Val: 0x00000000
[inst #909] addi x0,x0,0
Register Write to Reg: 0x00 Val: 0x00000000
[inst #910] beq x7,x0,24
[inst #911] addi x0,x0,0
Register Write to Reg: 0x00 Val: 0x00000000
[inst #912] addi x0,x0,0
Register Write to Reg: 0x00 Val: 0x00000000
[inst #913] jal x0,-120
Register Write to Reg: 0x00 Val: 0x00400B8C
[inst #914] lw x7,8(x8)
Register Write to Reg: 0x07 Val: 0x00000001
[inst #915] addi x0,x0,0
Register Write to Reg: 0x00 Val: 0x00000000
[inst #916] addi x0,x0,0
Register Write to Reg: 0x00 Val: 0x00000000
[inst #917] addi x0,x0,0
Register Write to Reg: 0x00 Val: 0x00000000
[inst #918] slli x7,x7,8
Register Write to Reg: 0x07 Val: 0x00000100
[inst #919] addi x0,x0,0
Register Write to Reg: 0x00 Val: 0x00000000
[inst #920] addi x0,x0,0
Register Write to Reg: 0x00 Val: 0x00000000
[inst #921] addi x0,x0,0
Register Write to Reg: 0x00 Val: 0x00000000
[inst #922] sw x7,8(x8)
Memory Write to Addr: 0x10010F60 Val: 0x00000100
[inst #923] lw x7,12(x8)
Register Write to Reg: 0x07 Val: 0x00000000
[inst #924] addi x0,x0,0
Register Write to Reg: 0x00 Val: 0x00000000
[inst #925] addi x0,x0,0
Register Write to Reg: 0x00 Val: 0x00000000
[inst #926] addi x0,x0,0
Register Write to Reg: 0x00 Val: 0x00000000
[inst #927] addi x7,x7,1
Register Write to Reg: 0x07 Val: 0x00000001
[inst #928] addi x0,x0,0
Register Write to Reg: 0x00 Val: 0x00000000
[inst #929] addi x0,x0,0
Register Write to Reg: 0x00 Val: 0x00000000
[inst #930] addi x0,x0,0
Register Write to Reg: 0x00 Val: 0x00000000
[inst #931] sw x7,12(x8)
Memory Write to Addr: 0x10010F64 Val: 0x00000001
[inst #932] lw x28,12(x8)
Register Write to Reg: 0x1C Val: 0x00000001
[inst #933] lw x7,32(x8)
Register Write to Reg: 0x07 Val: 0x00000001
[inst #934] addi x0,x0,0
Register Write to Reg: 0x00 Val: 0x00000000
[inst #935] addi x0,x0,0
Register Write to Reg: 0x00 Val: 0x00000000
[inst #936] addi x0,x0,0
Register Write to Reg: 0x00 Val: 0x00000000
[inst #937] slt x7,x28,x7
Register Write to Reg: 0x07 Val: 0x00000000
[inst #938] addi x0,x0,0
Register Write to Reg: 0x00 Val: 0x00000000
[inst #939] addi x0,x0,0
Register Write to Reg: 0x00 Val: 0x00000000
[inst #940] addi x0,x0,0
Register Write to Reg: 0x00 Val: 0x00000000
[inst #941] beq x7,x0,24
[inst #942] auipc x7,64527
Register Write to Reg: 0x07 Val: 0x1000FB94
[inst #943] sll x0,x0,x0
Register Write to Reg: 0x00 Val: 0x00000000
[inst #944] sll x0,x0,x0
Register Write to Reg: 0x00 Val: 0x00000000
[inst #945] sll x0,x0,x0
Register Write to Reg: 0x00 Val: 0x00000000
[inst #946] addi x7,x7,1168
Register Write to Reg: 0x07 Val: 0x10010024
[inst #947] addi x0,x0,0
Register Write to Reg: 0x00 Val: 0x00000000
[inst #948] addi x0,x0,0
Register Write to Reg: 0x00 Val: 0x00000000
[inst #949] addi x0,x0,0
Register Write to Reg: 0x00 Val: 0x00000000
[inst #950] sw x7,16(x8)
Memory Write to Addr: 0x10010F68 Val: 0x10010024
[inst #951] lw x7,16(x8)
Register Write to Reg: 0x07 Val: 0x10010024
[inst #952] addi x0,x0,0
Register Write to Reg: 0x00 Val: 0x00000000
[inst #953] addi x0,x0,0
Register Write to Reg: 0x00 Val: 0x00000000
[inst #954] addi x0,x0,0
Register Write to Reg: 0x00 Val: 0x00000000
[inst #955] lw x28,0(x7)
Register Write to Reg: 0x1C Val: 0x00000001
[inst #956] addi x0,x0,0
Register Write to Reg: 0x00 Val: 0x00000000
[inst #957] addi x0,x0,0
Register Write to Reg: 0x00 Val: 0x00000000
[inst #958] addi x0,x0,0
Register Write to Reg: 0x00 Val: 0x00000000
[inst #959] lw x7,8(x8)
Register Write to Reg: 0x07 Val: 0x00000100
[inst #960] addi x0,x0,0
Register Write to Reg: 0x00 Val: 0x00000000
[inst #961] addi x0,x0,0
Register Write to Reg: 0x00 Val: 0x00000000
[inst #962] addi x0,x0,0
Register Write to Reg: 0x00 Val: 0x00000000
[inst #963] or x28,x28,x7
Register Write to Reg: 0x1C Val: 0x00000101
[inst #964] addi x0,x0,0
Register Write to Reg: 0x00 Val: 0x00000000
[inst #965] addi x0,x0,0
Register Write to Reg: 0x00 Val: 0x00000000
[inst #966] addi x0,x0,0
Register Write to Reg: 0x00 Val: 0x00000000
[inst #967] lw x7,16(x8)
Register Write to Reg: 0x07 Val: 0x10010024
[inst #968] addi x0,x0,0
Register Write to Reg: 0x00 Val: 0x00000000
[inst #969] addi x0,x0,0
Register Write to Reg: 0x00 Val: 0x00000000
[inst #970] addi x0,x0,0
Register Write to Reg: 0x00 Val: 0x00000000
[inst #971] sw x28,0(x7)
Memory Write to Addr: 0x10010024 Val: 0x00000101
[inst #972] add x2,x0,x8
Register Write to Reg: 0x02 Val: 0x10010F58
[inst #973] addi x0,x0,0
Register Write to Reg: 0x00 Val: 0x00000000
[inst #974] addi x0,x0,0
Register Write to Reg: 0x00 Val: 0x00000000
[inst #975] addi x0,x0,0
Register Write to Reg: 0x00 Val: 0x00000000
[inst #976] lw x8,28(x2)
Register Write to Reg: 0x08 Val: 0x10010F78
[inst #977] addi x0,x0,0
Register Write to Reg: 0x00 Val: 0x00000000
[inst #978] addi x0,x0,0
Register Write to Reg: 0x00 Val: 0x00000000
[inst #979] addi x0,x0,0
Register Write to Reg: 0x00 Val: 0x00000000
[inst #980] addi x2,x2,32
Register Write to Reg: 0x02 Val: 0x10010F78
[inst #981] addi x0,x0,0
Register Write to Reg: 0x00 Val: 0x00000000
[inst #982] addi x0,x0,0
Register Write to Reg: 0x00 Val: 0x00000000
[inst #983] jalr x0,x1,0
Register Write to Reg: 0x00 Val: 0x00400C3C
[inst #984] addi x7,x8,28
Register Write to Reg: 0x07 Val: 0x10010F94
[inst #985] addi x0,x0,0
Register Write to Reg: 0x00 Val: 0x00000000
[inst #986] addi x0,x0,0
Register Write to Reg: 0x00 Val: 0x00000000
[inst #987] addi x0,x0,0
Register Write to Reg: 0x00 Val: 0x00000000
[inst #988] lw x30,48(x8)
Register Write to Reg: 0x1E Val: 0x00000001
[inst #989] addi x0,x0,0
Register Write to Reg: 0x00 Val: 0x00000000
[inst #990] addi x0,x0,0
Register Write to Reg: 0x00 Val: 0x00000000
[inst #991] addi x0,x0,0
Register Write to Reg: 0x00 Val: 0x00000000
[inst #992] add x29,x0,x7
Register Write to Reg: 0x1D Val: 0x10010F94
[inst #993] addi x0,x0,0
Register Write to Reg: 0x00 Val: 0x00000000
[inst #994] addi x0,x0,0
Register Write to Reg: 0x00 Val: 0x00000000
[inst #995] addi x0,x0,0
Register Write to Reg: 0x00 Val: 0x00000000
[inst #996] auipc x1,0
Register Write to Reg: 0x01 Val: 0x004005C8
[inst #997] sll x0,x0,x0
Register Write to Reg: 0x00 Val: 0x00000000
[inst #998] sll x0,x0,x0
Register Write to Reg: 0x00 Val: 0x00000000
[inst #999] sll x0,x0,x0
Register Write to Reg: 0x00 Val: 0x00000000
[inst #1000] addi x1,x1,44
Register Write to Reg: 0x01 Val: 0x004005F4
[inst #1001] addi x0,x0,0
Register Write to Reg: 0x00 Val: 0x00000000
[inst #1002] addi x0,x0,0
Register Write to Reg: 0x00 Val: 0x00000000
[inst #1003] addi x0,x0,0
Register Write to Reg: 0x00 Val: 0x00000000
[inst #1004] jal x0,104
Register Write to Reg: 0x00 Val: 0x004005EC
[inst #1005] addi x2,x2,-24
Register Write to Reg: 0x02 Val: 0x10010F60
[inst #1006] addi x0,x0,0
Register Write to Reg: 0x00 Val: 0x00000000
[inst #1007] addi x0,x0,0
Register Write to Reg: 0x00 Val: 0x00000000
[inst #1008] addi x0,x0,0
Register Write to Reg: 0x00 Val: 0x00000000
[inst #1009] sw x8,20(x2)
Memory Write to Addr: 0x10010F74 Val: 0x10010F78
[inst #1010] addi x0,x0,0
Register Write to Reg: 0x00 Val: 0x00000000
[inst #1011] addi x0,x0,0
Register Write to Reg: 0x00 Val: 0x00000000
[inst #1012] addi x0,x0,0
Register Write to Reg: 0x00 Val: 0x00000000
[inst #1013] add x8,x0,x2
Register Write to Reg: 0x08 Val: 0x10010F60
[inst #1014] addi x0,x0,0
Register Write to Reg: 0x00 Val: 0x00000000
[inst #1015] addi x0,x0,0
Register Write to Reg: 0x00 Val: 0x00000000
[inst #1016] addi x0,x0,0
Register Write to Reg: 0x00 Val: 0x00000000
[inst #1017] sub x31,x8,x2
Register Write to Reg: 0x1F Val: 0x00000000
[inst #1018] sw x29,24(x8)
Memory Write to Addr: 0x10010F78 Val: 0x10010F94
[inst #1019] sw x30,28(x8)
Memory Write to Addr: 0x10010F7C Val: 0x00000001
[inst #1020] lw x7,28(x8)
Register Write to Reg: 0x07 Val: 0x00000001
[inst #1021] addi x0,x0,0
Register Write to Reg: 0x00 Val: 0x00000000
[inst #1022] addi x0,x0,0
Register Write to Reg: 0x00 Val: 0x00000000
[inst #1023] addi x0,x0,0
Register Write to Reg: 0x00 Val: 0x00000000
[inst #1024] sw x7,8(x8)
Memory Write to Addr: 0x10010F68 Val: 0x00000001
[inst #1025] sw x0,12(x8)
Memory Write to Addr: 0x10010F6C Val: 0x00000000
[inst #1026] lw x7,24(x8)
Register Write to Reg: 0x07 Val: 0x10010F94
[inst #1027] lw x29,8(x8)
Register Write to Reg: 0x1D Val: 0x00000001
[inst #1028] lw x28,12(x8)
Register Write to Reg: 0x1C Val: 0x00000000
[inst #1029] addi x0,x0,0
Register Write to Reg: 0x00 Val: 0x00000000
[inst #1030] addi x0,x0,0
Register Write to Reg: 0x00 Val: 0x00000000
[inst #1031] addi x0,x0,0
Register Write to Reg: 0x00 Val: 0x00000000
[inst #1032] sw x29,0(x7)
Memory Write to Addr: 0x10010F94 Val: 0x00000001
[inst #1033] sw x28,4(x7)
Memory Write to Addr: 0x10010F98 Val: 0x00000000
[inst #1034] lw x7,24(x8)
Register Write to Reg: 0x07 Val: 0x10010F94
[inst #1035] addi x0,x0,0
Register Write to Reg: 0x00 Val: 0x00000000
[inst #1036] addi x0,x0,0
Register Write to Reg: 0x00 Val: 0x00000000
[inst #1037] addi x0,x0,0
Register Write to Reg: 0x00 Val: 0x00000000
[inst #1038] add x2,x0,x8
Register Write to Reg: 0x02 Val: 0x10010F60
[inst #1039] addi x0,x0,0
Register Write to Reg: 0x00 Val: 0x00000000
[inst #1040] addi x0,x0,0
Register Write to Reg: 0x00 Val: 0x00000000
[inst #1041] addi x0,x0,0
Register Write to Reg: 0x00 Val: 0x00000000
[inst #1042] lw x8,20(x2)
Register Write to Reg: 0x08 Val: 0x10010F78
[inst #1043] addi x0,x0,0
Register Write to Reg: 0x00 Val: 0x00000000
[inst #1044] addi x0,x0,0
Register Write to Reg: 0x00 Val: 0x00000000
[inst #1045] addi x0,x0,0
Register Write to Reg: 0x00 Val: 0x00000000
[inst #1046] addi x2,x2,24
Register Write to Reg: 0x02 Val: 0x10010F78
[inst #1047] addi x0,x0,0
Register Write to Reg: 0x00 Val: 0x00000000
[inst #1048] addi x0,x0,0
Register Write to Reg: 0x00 Val: 0x00000000
[inst #1049] jalr x0,x1,0
Register Write to Reg: 0x00 Val: 0x00400704
[inst #1050] addi x7,x8,28
Register Write to Reg: 0x07 Val: 0x10010F94
[inst #1051] addi x0,x0,0
Register Write to Reg: 0x00 Val: 0x00000000
[inst #1052] addi x0,x0,0
Register Write to Reg: 0x00 Val: 0x00000000
[inst #1053] addi x0,x0,0
Register Write to Reg: 0x00 Val: 0x00000000
[inst #1054] add x29,x0,x7
Register Write to Reg: 0x1D Val: 0x10010F94
[inst #1055] addi x0,x0,0
Register Write to Reg: 0x00 Val: 0x00000000
[inst #1056] addi x0,x0,0
Register Write to Reg: 0x00 Val: 0x00000000
[inst #1057] addi x0,x0,0
Register Write to Reg: 0x00 Val: 0x00000000
[inst #1058] auipc x1,0
Register Write to Reg: 0x01 Val: 0x00400614
[inst #1059] sll x0,x0,x0
Register Write to Reg: 0x00 Val: 0x00000000
[inst #1060] sll x0,x0,x0
Register Write to Reg: 0x00 Val: 0x00000000
[inst #1061] sll x0,x0,x0
Register Write to Reg: 0x00 Val: 0x00000000
[inst #1062] addi x1,x1,44
Register Write to Reg: 0x01 Val: 0x00400640
[inst #1063] addi x0,x0,0
Register Write to Reg: 0x00 Val: 0x00000000
[inst #1064] addi x0,x0,0
Register Write to Reg: 0x00 Val: 0x00000000
[inst #1065] addi x0,x0,0
Register Write to Reg: 0x00 Val: 0x00000000
[inst #1066] jal x0,216
Register Write to Reg: 0x00 Val: 0x00400638
[inst #1067] addi x2,x2,-32
Register Write to Reg: 0x02 Val: 0x10010F58
[inst #1068] addi x0,x0,0
Register Write to Reg: 0x00 Val: 0x00000000
[inst #1069] addi x0,x0,0
Register Write to Reg: 0x00 Val: 0x00000000
[inst #1070] addi x0,x0,0
Register Write to Reg: 0x00 Val: 0x00000000
[inst #1071] sw x1,28(x2)
Memory Write to Addr: 0x10010F74 Val: 0x00400640
[inst #1072] sw x8,24(x2)
Memory Write to Addr: 0x10010F70 Val: 0x10010F78
[inst #1073] addi x0,x0,0
Register Write to Reg: 0x00 Val: 0x00000000
[inst #1074] addi x0,x0,0
Register Write to Reg: 0x00 Val: 0x00000000
[inst #1075] addi x0,x0,0
Register Write to Reg: 0x00 Val: 0x00000000
[inst #1076] add x8,x0,x2
Register Write to Reg: 0x08 Val: 0x10010F58
[inst #1077] addi x0,x0,0
Register Write to Reg: 0x00 Val: 0x00000000
[inst #1078] addi x0,x0,0
Register Write to Reg: 0x00 Val: 0x00000000
[inst #1079] addi x0,x0,0
Register Write to Reg: 0x00 Val: 0x00000000
[inst #1080] sw x29,32(x8)
Memory Write to Addr: 0x10010F78 Val: 0x10010F94
[inst #1081] jal x0,300
Register Write to Reg: 0x00 Val: 0x00400748
[inst #1082] lw x7,32(x8)
Register Write to Reg: 0x07 Val: 0x10010F94
[inst #1083] addi x0,x0,0
Register Write to Reg: 0x00 Val: 0x00000000
[inst #1084] addi x0,x0,0
Register Write to Reg: 0x00 Val: 0x00000000
[inst #1085] addi x0,x0,0
Register Write to Reg: 0x00 Val: 0x00000000
[inst #1086] lw x7,4(x7)
Register Write to Reg: 0x07 Val: 0x00000000
[inst #1087] addi x0,x0,0
Register Write to Reg: 0x00 Val: 0x00000000
[inst #1088] addi x0,x0,0
Register Write to Reg: 0x00 Val: 0x00000000
[inst #1089] addi x0,x0,0
Register Write to Reg: 0x00 Val: 0x00000000
[inst #1090] slti x7,x7,4
Register Write to Reg: 0x07 Val: 0x00000001
[inst #1091] addi x0,x0,0
Register Write to Reg: 0x00 Val: 0x00000000
[inst #1092] addi x0,x0,0
Register Write to Reg: 0x00 Val: 0x00000000
[inst #1093] addi x0,x0,0
Register Write to Reg: 0x00 Val: 0x00000000
[inst #1094] beq x7,x0,24
[inst #1095] addi x0,x0,0
Register Write to Reg: 0x00 Val: 0x00000000
[inst #1096] addi x0,x0,0
Register Write to Reg: 0x00 Val: 0x00000000
[inst #1097] jal x0,-348
Register Write to Reg: 0x00 Val: 0x004008B0
[inst #1098] lw x7,32(x8)
Register Write to Reg: 0x07 Val: 0x10010F94
[inst #1099] addi x0,x0,0
Register Write to Reg: 0x00 Val: 0x00000000
[inst #1100] addi x0,x0,0
Register Write to Reg: 0x00 Val: 0x00000000
[inst #1101] addi x0,x0,0
Register Write to Reg: 0x00 Val: 0x00000000
[inst #1102] lw x28,0(x7)
Register Write to Reg: 0x1C Val: 0x00000001
[inst #1103] addi x0,x0,0
Register Write to Reg: 0x00 Val: 0x00000000
[inst #1104] addi x0,x0,0
Register Write to Reg: 0x00 Val: 0x00000000
[inst #1105] addi x0,x0,0
Register Write to Reg: 0x00 Val: 0x00000000
[inst #1106] lw x7,32(x8)
Register Write to Reg: 0x07 Val: 0x10010F94
[inst #1107] addi x0,x0,0
Register Write to Reg: 0x00 Val: 0x00000000
[inst #1108] addi x0,x0,0
Register Write to Reg: 0x00 Val: 0x00000000
[inst #1109] addi x0,x0,0
Register Write to Reg: 0x00 Val: 0x00000000
[inst #1110] lw x7,4(x7)
Register Write to Reg: 0x07 Val: 0x00000000
[inst #1111] addi x0,x0,0
Register Write to Reg: 0x00 Val: 0x00000000
[inst #1112] addi x0,x0,0
Register Write to Reg: 0x00 Val: 0x00000000
[inst #1113] addi x0,x0,0
Register Write to Reg: 0x00 Val: 0x00000000
[inst #1114] add x30,x0,x7
Register Write to Reg: 0x1E Val: 0x00000000
[inst #1115] add x29,x0,x28
Register Write to Reg: 0x1D Val: 0x00000001
[inst #1116] addi x0,x0,0
Register Write to Reg: 0x00 Val: 0x00000000
[inst #1117] addi x0,x0,0
Register Write to Reg: 0x00 Val: 0x00000000
[inst #1118] addi x0,x0,0
Register Write to Reg: 0x00 Val: 0x00000000
[inst #1119] auipc x1,0
Register Write to Reg: 0x01 Val: 0x004007A4
[inst #1120] sll x0,x0,x0
Register Write to Reg: 0x00 Val: 0x00000000
[inst #1121] sll x0,x0,x0
Register Write to Reg: 0x00 Val: 0x00000000
[inst #1122] sll x0,x0,x0
Register Write to Reg: 0x00 Val: 0x00000000
[inst #1123] addi x1,x1,44
Register Write to Reg: 0x01 Val: 0x004007D0
[inst #1124] addi x0,x0,0
Register Write to Reg: 0x00 Val: 0x00000000
[inst #1125] addi x0,x0,0
Register Write to Reg: 0x00 Val: 0x00000000
[inst #1126] addi x0,x0,0
Register Write to Reg: 0x00 Val: 0x00000000
[inst #1127] jal x0,308
Register Write to Reg: 0x00 Val: 0x004007C8
[inst #1128] addi x2,x2,-32
Register Write to Reg: 0x02 Val: 0x10010F38
[inst #1129] addi x0,x0,0
Register Write to Reg: 0x00 Val: 0x00000000
[inst #1130] addi x0,x0,0
Register Write to Reg: 0x00 Val: 0x00000000
[inst #1131] addi x0,x0,0
Register Write to Reg: 0x00 Val: 0x00000000
[inst #1132] sw x8,28(x2)
Memory Write to Addr: 0x10010F54 Val: 0x10010F58
[inst #1133] addi x0,x0,0
Register Write to Reg: 0x00 Val: 0x00000000
[inst #1134] addi x0,x0,0
Register Write to Reg: 0x00 Val: 0x00000000
[inst #1135] addi x0,x0,0
Register Write to Reg: 0x00 Val: 0x00000000
[inst #1136] add x8,x0,x2
Register Write to Reg: 0x08 Val: 0x10010F38
[inst #1137] addi x0,x0,0
Register Write to Reg: 0x00 Val: 0x00000000
[inst #1138] addi x0,x0,0
Register Write to Reg: 0x00 Val: 0x00000000
[inst #1139] addi x0,x0,0
Register Write to Reg: 0x00 Val: 0x00000000
[inst #1140] sw x29,32(x8)
Memory Write to Addr: 0x10010F58 Val: 0x00000001
[inst #1141] sw x30,36(x8)
Memory Write to Addr: 0x10010F5C Val: 0x00000000
[inst #1142] auipc x7,64527
Register Write to Reg: 0x07 Val: 0x1000F930
[inst #1143] sll x0,x0,x0
Register Write to Reg: 0x00 Val: 0x00000000
[inst #1144] sll x0,x0,x0
Register Write to Reg: 0x00 Val: 0x00000000
[inst #1145] sll x0,x0,x0
Register Write to Reg: 0x00 Val: 0x00000000
[inst #1146] addi x7,x7,1764
Register Write to Reg: 0x07 Val: 0x10010014
[inst #1147] addi x0,x0,0
Register Write to Reg: 0x00 Val: 0x00000000
[inst #1148] addi x0,x0,0
Register Write to Reg: 0x00 Val: 0x00000000
[inst #1149] addi x0,x0,0
Register Write to Reg: 0x00 Val: 0x00000000
[inst #1150] lw x28,32(x8)
Register Write to Reg: 0x1C Val: 0x00000001
[inst #1151] addi x0,x0,0
Register Write to Reg: 0x00 Val: 0x00000000
[inst #1152] addi x0,x0,0
Register Write to Reg: 0x00 Val: 0x00000000
[inst #1153] addi x0,x0,0
Register Write to Reg: 0x00 Val: 0x00000000
[inst #1154] slli x28,x28,2
Register Write to Reg: 0x1C Val: 0x00000004
[inst #1155] addi x0,x0,0
Register Write to Reg: 0x00 Val: 0x00000000
[inst #1156] addi x0,x0,0
Register Write to Reg: 0x00 Val: 0x00000000
[inst #1157] addi x0,x0,0
Register Write to Reg: 0x00 Val: 0x00000000
[inst #1158] add x7,x28,x7
Register Write to Reg: 0x07 Val: 0x10010018
[inst #1159] addi x0,x0,0
Register Write to Reg: 0x00 Val: 0x00000000
[inst #1160] addi x0,x0,0
Register Write to Reg: 0x00 Val: 0x00000000
[inst #1161] addi x0,x0,0
Register Write to Reg: 0x00 Val: 0x00000000
[inst #1162] lw x7,0(x7)
Register Write to Reg: 0x07 Val: 0x00000000
[inst #1163] addi x0,x0,0
Register Write to Reg: 0x00 Val: 0x00000000
[inst #1164] addi x0,x0,0
Register Write to Reg: 0x00 Val: 0x00000000
[inst #1165] addi x0,x0,0
Register Write to Reg: 0x00 Val: 0x00000000
[inst #1166] sw x7,16(x8)
Memory Write to Addr: 0x10010F48 Val: 0x00000000
[inst #1167] addi x7,x0,1
Register Write to Reg: 0x07 Val: 0x00000001
[inst #1168] addi x0,x0,0
Register Write to Reg: 0x00 Val: 0x00000000
[inst #1169] addi x0,x0,0
Register Write to Reg: 0x00 Val: 0x00000000
[inst #1170] addi x0,x0,0
Register Write to Reg: 0x00 Val: 0x00000000
[inst #1171] sw x7,8(x8)
Memory Write to Addr: 0x10010F40 Val: 0x00000001
[inst #1172] sw x0,12(x8)
Memory Write to Addr: 0x10010F44 Val: 0x00000000
[inst #1173] jal x0,84
Register Write to Reg: 0x00 Val: 0x004009B0
[inst #1174] lw x28,12(x8)
Register Write to Reg: 0x1C Val: 0x00000000
[inst #1175] lw x7,36(x8)
Register Write to Reg: 0x07 Val: 0x00000000
[inst #1176] addi x0,x0,0
Register Write to Reg: 0x00 Val: 0x00000000
[inst #1177] addi x0,x0,0
Register Write to Reg: 0x00 Val: 0x00000000
[inst #1178] addi x0,x0,0
Register Write to Reg: 0x00 Val: 0x00000000
[inst #1179] slt x7,x28,x7
Register Write to Reg: 0x07 Val: 0x00000000
[inst #1180] addi x0,x0,0
Register Write to Reg: 0x00 Val: 0x00000000
[inst #1181] addi x0,x0,0
Register Write to Reg: 0x00 Val: 0x00000000
[inst #1182] addi x0,x0,0
Register Write to Reg: 0x00 Val: 0x00000000
[inst #1183] beq x7,x0,24
[inst #1184] lw x28,8(x8)
Register Write to Reg: 0x1C Val: 0x00000001
[inst #1185] lw x7,16(x8)
Register Write to Reg: 0x07 Val: 0x00000000
[inst #1186] addi x0,x0,0
Register Write to Reg: 0x00 Val: 0x00000000
[inst #1187] addi x0,x0,0
Register Write to Reg: 0x00 Val: 0x00000000
[inst #1188] addi x0,x0,0
Register Write to Reg: 0x00 Val: 0x00000000
[inst #1189] and x7,x28,x7
Register Write to Reg: 0x07 Val: 0x00000000
[inst #1190] addi x0,x0,0
Register Write to Reg: 0x00 Val: 0x00000000
[inst #1191] addi x0,x0,0
Register Write to Reg: 0x00 Val: 0x00000000
[inst #1192] addi x0,x0,0
Register Write to Reg: 0x00 Val: 0x00000000
[inst #1193] slt x7,x0,x7
Register Write to Reg: 0x07 Val: 0x00000000
[inst #1194] addi x0,x0,0
Register Write to Reg: 0x00 Val: 0x00000000
[inst #1195] addi x0,x0,0
Register Write to Reg: 0x00 Val: 0x00000000
[inst #1196] addi x0,x0,0
Register Write to Reg: 0x00 Val: 0x00000000
[inst #1197] andi x7,x7,255
Register Write to Reg: 0x07 Val: 0x00000000
[inst #1198] addi x0,x0,0
Register Write to Reg: 0x00 Val: 0x00000000
[inst #1199] addi x0,x0,0
Register Write to Reg: 0x00 Val: 0x00000000
[inst #1200] addi x0,x0,0
Register Write to Reg: 0x00 Val: 0x00000000
[inst #1201] add x2,x0,x8
Register Write to Reg: 0x02 Val: 0x10010F38
[inst #1202] addi x0,x0,0
Register Write to Reg: 0x00 Val: 0x00000000
[inst #1203] addi x0,x0,0
Register Write to Reg: 0x00 Val: 0x00000000
[inst #1204] addi x0,x0,0
Register Write to Reg: 0x00 Val: 0x00000000
[inst #1205] lw x8,28(x2)
Register Write to Reg: 0x08 Val: 0x10010F58
[inst #1206] addi x0,x0,0
Register Write to Reg: 0x00 Val: 0x00000000
[inst #1207] addi x0,x0,0
Register Write to Reg: 0x00 Val: 0x00000000
[inst #1208] addi x0,x0,0
Register Write to Reg: 0x00 Val: 0x00000000
[inst #1209] addi x2,x2,32
Register Write to Reg: 0x02 Val: 0x10010F58
[inst #1210] addi x0,x0,0
Register Write to Reg: 0x00 Val: 0x00000000
[inst #1211] addi x0,x0,0
Register Write to Reg: 0x00 Val: 0x00000000
[inst #1212] jalr x0,x1,0
Register Write to Reg: 0x00 Val: 0x00400AB0
[inst #1213] beq x7,x0,92
[inst #1214] lw x7,32(x8)
Register Write to Reg: 0x07 Val: 0x10010F94
[inst #1215] addi x0,x0,0
Register Write to Reg: 0x00 Val: 0x00000000
[inst #1216] addi x0,x0,0
Register Write to Reg: 0x00 Val: 0x00000000
[inst #1217] addi x0,x0,0
Register Write to Reg: 0x00 Val: 0x00000000
[inst #1218] lw x7,4(x7)
Register Write to Reg: 0x07 Val: 0x00000000
[inst #1219] addi x0,x0,0
Register Write to Reg: 0x00 Val: 0x00000000
[inst #1220] addi x0,x0,0
Register Write to Reg: 0x00 Val: 0x00000000
[inst #1221] addi x0,x0,0
Register Write to Reg: 0x00 Val: 0x00000000
[inst #1222] addi x28,x7,1
Register Write to Reg: 0x1C Val: 0x00000001
[inst #1223] addi x0,x0,0
Register Write to Reg: 0x00 Val: 0x00000000
[inst #1224] addi x0,x0,0
Register Write to Reg: 0x00 Val: 0x00000000
[inst #1225] addi x0,x0,0
Register Write to Reg: 0x00 Val: 0x00000000
[inst #1226] lw x7,32(x8)
Register Write to Reg: 0x07 Val: 0x10010F94
[inst #1227] addi x0,x0,0
Register Write to Reg: 0x00 Val: 0x00000000
[inst #1228] addi x0,x0,0
Register Write to Reg: 0x00 Val: 0x00000000
[inst #1229] addi x0,x0,0
Register Write to Reg: 0x00 Val: 0x00000000
[inst #1230] sw x28,4(x7)
Memory Write to Addr: 0x10010F98 Val: 0x00000001
[inst #1231] lw x7,32(x8)
Register Write to Reg: 0x07 Val: 0x10010F94
[inst #1232] addi x0,x0,0
Register Write to Reg: 0x00 Val: 0x00000000
[inst #1233] addi x0,x0,0
Register Write to Reg: 0x00 Val: 0x00000000
[inst #1234] addi x0,x0,0
Register Write to Reg: 0x00 Val: 0x00000000
[inst #1235] lw x7,4(x7)
Register Write to Reg: 0x07 Val: 0x00000001
[inst #1236] addi x0,x0,0
Register Write to Reg: 0x00 Val: 0x00000000
[inst #1237] addi x0,x0,0
Register Write to Reg: 0x00 Val: 0x00000000
[inst #1238] addi x0,x0,0
Register Write to Reg: 0x00 Val: 0x00000000
[inst #1239] slti x7,x7,4
Register Write to Reg: 0x07 Val: 0x00000001
[inst #1240] addi x0,x0,0
Register Write to Reg: 0x00 Val: 0x00000000
[inst #1241] addi x0,x0,0
Register Write to Reg: 0x00 Val: 0x00000000
[inst #1242] addi x0,x0,0
Register Write to Reg: 0x00 Val: 0x00000000
[inst #1243] beq x7,x0,24
[inst #1244] addi x0,x0,0
Register Write to Reg: 0x00 Val: 0x00000000
[inst #1245] addi x0,x0,0
Register Write to Reg: 0x00 Val: 0x00000000
[inst #1246] jal x0,-348
Register Write to Reg: 0x00 Val: 0x004008B0
[inst #1247] lw x7,32(x8)
Register Write to Reg: 0x07 Val: 0x10010F94
[inst #1248] addi x0,x0,0
Register Write to Reg: 0x00 Val: 0x00000000
[inst #1249] addi x0,x0,0
Register Write to Reg: 0x00 Val: 0x00000000
[inst #1250] addi x0,x0,0
Register Write to Reg: 0x00 Val: 0x00000000
[inst #1251] lw x28,0(x7)
Register Write to Reg: 0x1C Val: 0x00000001
[inst #1252] addi x0,x0,0
Register Write to Reg: 0x00 Val: 0x00000000
[inst #1253] addi x0,x0,0
Register Write to Reg: 0x00 Val: 0x00000000
[inst #1254] addi x0,x0,0
Register Write to Reg: 0x00 Val: 0x00000000
[inst #1255] lw x7,32(x8)
Register Write to Reg: 0x07 Val: 0x10010F94
[inst #1256] addi x0,x0,0
Register Write to Reg: 0x00 Val: 0x00000000
[inst #1257] addi x0,x0,0
Register Write to Reg: 0x00 Val: 0x00000000
[inst #1258] addi x0,x0,0
Register Write to Reg: 0x00 Val: 0x00000000
[inst #1259] lw x7,4(x7)
Register Write to Reg: 0x07 Val: 0x00000001
[inst #1260] addi x0,x0,0
Register Write to Reg: 0x00 Val: 0x00000000
[inst #1261] addi x0,x0,0
Register Write to Reg: 0x00 Val: 0x00000000
[inst #1262] addi x0,x0,0
Register Write to Reg: 0x00 Val: 0x00000000
[inst #1263] add x30,x0,x7
Register Write to Reg: 0x1E Val: 0x00000001
[inst #1264] add x29,x0,x28
Register Write to Reg: 0x1D Val: 0x00000001
[inst #1265] addi x0,x0,0
Register Write to Reg: 0x00 Val: 0x00000000
[inst #1266] addi x0,x0,0
Register Write to Reg: 0x00 Val: 0x00000000
[inst #1267] addi x0,x0,0
Register Write to Reg: 0x00 Val: 0x00000000
[inst #1268] auipc x1,0
Register Write to Reg: 0x01 Val: 0x004007A4
[inst #1269] sll x0,x0,x0
Register Write to Reg: 0x00 Val: 0x00000000
[inst #1270] sll x0,x0,x0
Register Write to Reg: 0x00 Val: 0x00000000
[inst #1271] sll x0,x0,x0
Register Write to Reg: 0x00 Val: 0x00000000
[inst #1272] addi x1,x1,44
Register Write to Reg: 0x01 Val: 0x004007D0
[inst #1273] addi x0,x0,0
Register Write to Reg: 0x00 Val: 0x00000000
[inst #1274] addi x0,x0,0
Register Write to Reg: 0x00 Val: 0x00000000
[inst #1275] addi x0,x0,0
Register Write to Reg: 0x00 Val: 0x00000000
[inst #1276] jal x0,308
Register Write to Reg: 0x00 Val: 0x004007C8
[inst #1277] addi x2,x2,-32
Register Write to Reg: 0x02 Val: 0x10010F38
[inst #1278] addi x0,x0,0
Register Write to Reg: 0x00 Val: 0x00000000
[inst #1279] addi x0,x0,0
Register Write to Reg: 0x00 Val: 0x00000000
[inst #1280] addi x0,x0,0
Register Write to Reg: 0x00 Val: 0x00000000
[inst #1281] sw x8,28(x2)
Memory Write to Addr: 0x10010F54 Val: 0x10010F58
[inst #1282] addi x0,x0,0
Register Write to Reg: 0x00 Val: 0x00000000
[inst #1283] addi x0,x0,0
Register Write to Reg: 0x00 Val: 0x00000000
[inst #1284] addi x0,x0,0
Register Write to Reg: 0x00 Val: 0x00000000
[inst #1285] add x8,x0,x2
Register Write to Reg: 0x08 Val: 0x10010F38
[inst #1286] addi x0,x0,0
Register Write to Reg: 0x00 Val: 0x00000000
[inst #1287] addi x0,x0,0
Register Write to Reg: 0x00 Val: 0x00000000
[inst #1288] addi x0,x0,0
Register Write to Reg: 0x00 Val: 0x00000000
[inst #1289] sw x29,32(x8)
Memory Write to Addr: 0x10010F58 Val: 0x00000001
[inst #1290] sw x30,36(x8)
Memory Write to Addr: 0x10010F5C Val: 0x00000001
[inst #1291] auipc x7,64527
Register Write to Reg: 0x07 Val: 0x1000F930
[inst #1292] sll x0,x0,x0
Register Write to Reg: 0x00 Val: 0x00000000
[inst #1293] sll x0,x0,x0
Register Write to Reg: 0x00 Val: 0x00000000
[inst #1294] sll x0,x0,x0
Register Write to Reg: 0x00 Val: 0x00000000
[inst #1295] addi x7,x7,1764
Register Write to Reg: 0x07 Val: 0x10010014
[inst #1296] addi x0,x0,0
Register Write to Reg: 0x00 Val: 0x00000000
[inst #1297] addi x0,x0,0
Register Write to Reg: 0x00 Val: 0x00000000
[inst #1298] addi x0,x0,0
Register Write to Reg: 0x00 Val: 0x00000000
[inst #1299] lw x28,32(x8)
Register Write to Reg: 0x1C Val: 0x00000001
[inst #1300] addi x0,x0,0
Register Write to Reg: 0x00 Val: 0x00000000
[inst #1301] addi x0,x0,0
Register Write to Reg: 0x00 Val: 0x00000000
[inst #1302] addi x0,x0,0
Register Write to Reg: 0x00 Val: 0x00000000
[inst #1303] slli x28,x28,2
Register Write to Reg: 0x1C Val: 0x00000004
[inst #1304] addi x0,x0,0
Register Write to Reg: 0x00 Val: 0x00000000
[inst #1305] addi x0,x0,0
Register Write to Reg: 0x00 Val: 0x00000000
[inst #1306] addi x0,x0,0
Register Write to Reg: 0x00 Val: 0x00000000
[inst #1307] add x7,x28,x7
Register Write to Reg: 0x07 Val: 0x10010018
[inst #1308] addi x0,x0,0
Register Write to Reg: 0x00 Val: 0x00000000
[inst #1309] addi x0,x0,0
Register Write to Reg: 0x00 Val: 0x00000000
[inst #1310] addi x0,x0,0
Register Write to Reg: 0x00 Val: 0x00000000
[inst #1311] lw x7,0(x7)
Register Write to Reg: 0x07 Val: 0x00000000
[inst #1312] addi x0,x0,0
Register Write to Reg: 0x00 Val: 0x00000000
[inst #1313] addi x0,x0,0
Register Write to Reg: 0x00 Val: 0x00000000
[inst #1314] addi x0,x0,0
Register Write to Reg: 0x00 Val: 0x00000000
[inst #1315] sw x7,16(x8)
Memory Write to Addr: 0x10010F48 Val: 0x00000000
[inst #1316] addi x7,x0,1
Register Write to Reg: 0x07 Val: 0x00000001
[inst #1317] addi x0,x0,0
Register Write to Reg: 0x00 Val: 0x00000000
[inst #1318] addi x0,x0,0
Register Write to Reg: 0x00 Val: 0x00000000
[inst #1319] addi x0,x0,0
Register Write to Reg: 0x00 Val: 0x00000000
[inst #1320] sw x7,8(x8)
Memory Write to Addr: 0x10010F40 Val: 0x00000001
[inst #1321] sw x0,12(x8)
Memory Write to Addr: 0x10010F44 Val: 0x00000000
[inst #1322] jal x0,84
Register Write to Reg: 0x00 Val: 0x004009B0
[inst #1323] lw x28,12(x8)
Register Write to Reg: 0x1C Val: 0x00000000
[inst #1324] lw x7,36(x8)
Register Write to Reg: 0x07 Val: 0x00000001
[inst #1325] addi x0,x0,0
Register Write to Reg: 0x00 Val: 0x00000000
[inst #1326] addi x0,x0,0
Register Write to Reg: 0x00 Val: 0x00000000
[inst #1327] addi x0,x0,0
Register Write to Reg: 0x00 Val: 0x00000000
[inst #1328] slt x7,x28,x7
Register Write to Reg: 0x07 Val: 0x00000001
[inst #1329] addi x0,x0,0
Register Write to Reg: 0x00 Val: 0x00000000
[inst #1330] addi x0,x0,0
Register Write to Reg: 0x00 Val: 0x00000000
[inst #1331] addi x0,x0,0
Register Write to Reg: 0x00 Val: 0x00000000
[inst #1332] beq x7,x0,24
[inst #1333] addi x0,x0,0
Register Write to Reg: 0x00 Val: 0x00000000
[inst #1334] addi x0,x0,0
Register Write to Reg: 0x00 Val: 0x00000000
[inst #1335] jal x0,-120
Register Write to Reg: 0x00 Val: 0x00400A34
[inst #1336] lw x7,8(x8)
Register Write to Reg: 0x07 Val: 0x00000001
[inst #1337] addi x0,x0,0
Register Write to Reg: 0x00 Val: 0x00000000
[inst #1338] addi x0,x0,0
Register Write to Reg: 0x00 Val: 0x00000000
[inst #1339] addi x0,x0,0
Register Write to Reg: 0x00 Val: 0x00000000
[inst #1340] slli x7,x7,1
Register Write to Reg: 0x07 Val: 0x00000002
[inst #1341] addi x0,x0,0
Register Write to Reg: 0x00 Val: 0x00000000
[inst #1342] addi x0,x0,0
Register Write to Reg: 0x00 Val: 0x00000000
[inst #1343] addi x0,x0,0
Register Write to Reg: 0x00 Val: 0x00000000
[inst #1344] sw x7,8(x8)
Memory Write to Addr: 0x10010F40 Val: 0x00000002
[inst #1345] lw x7,12(x8)
Register Write to Reg: 0x07 Val: 0x00000000
[inst #1346] addi x0,x0,0
Register Write to Reg: 0x00 Val: 0x00000000
[inst #1347] addi x0,x0,0
Register Write to Reg: 0x00 Val: 0x00000000
[inst #1348] addi x0,x0,0
Register Write to Reg: 0x00 Val: 0x00000000
[inst #1349] addi x7,x7,1
Register Write to Reg: 0x07 Val: 0x00000001
[inst #1350] addi x0,x0,0
Register Write to Reg: 0x00 Val: 0x00000000
[inst #1351] addi x0,x0,0
Register Write to Reg: 0x00 Val: 0x00000000
[inst #1352] addi x0,x0,0
Register Write to Reg: 0x00 Val: 0x00000000
[inst #1353] sw x7,12(x8)
Memory Write to Addr: 0x10010F44 Val: 0x00000001
[inst #1354] lw x28,12(x8)
Register Write to Reg: 0x1C Val: 0x00000001
[inst #1355] lw x7,36(x8)
Register Write to Reg: 0x07 Val: 0x00000001
[inst #1356] addi x0,x0,0
Register Write to Reg: 0x00 Val: 0x00000000
[inst #1357] addi x0,x0,0
Register Write to Reg: 0x00 Val: 0x00000000
[inst #1358] addi x0,x0,0
Register Write to Reg: 0x00 Val: 0x00000000
[inst #1359] slt x7,x28,x7
Register Write to Reg: 0x07 Val: 0x00000000
[inst #1360] addi x0,x0,0
Register Write to Reg: 0x00 Val: 0x00000000
[inst #1361] addi x0,x0,0
Register Write to Reg: 0x00 Val: 0x00000000
[inst #1362] addi x0,x0,0
Register Write to Reg: 0x00 Val: 0x00000000
[inst #1363] beq x7,x0,24
[inst #1364] lw x28,8(x8)
Register Write to Reg: 0x1C Val: 0x00000002
[inst #1365] lw x7,16(x8)
Register Write to Reg: 0x07 Val: 0x00000000
[inst #1366] addi x0,x0,0
Register Write to Reg: 0x00 Val: 0x00000000
[inst #1367] addi x0,x0,0
Register Write to Reg: 0x00 Val: 0x00000000
[inst #1368] addi x0,x0,0
Register Write to Reg: 0x00 Val: 0x00000000
[inst #1369] and x7,x28,x7
Register Write to Reg: 0x07 Val: 0x00000000
[inst #1370] addi x0,x0,0
Register Write to Reg: 0x00 Val: 0x00000000
[inst #1371] addi x0,x0,0
Register Write to Reg: 0x00 Val: 0x00000000
[inst #1372] addi x0,x0,0
Register Write to Reg: 0x00 Val: 0x00000000
[inst #1373] slt x7,x0,x7
Register Write to Reg: 0x07 Val: 0x00000000
[inst #1374] addi x0,x0,0
Register Write to Reg: 0x00 Val: 0x00000000
[inst #1375] addi x0,x0,0
Register Write to Reg: 0x00 Val: 0x00000000
[inst #1376] addi x0,x0,0
Register Write to Reg: 0x00 Val: 0x00000000
[inst #1377] andi x7,x7,255
Register Write to Reg: 0x07 Val: 0x00000000
[inst #1378] addi x0,x0,0
Register Write to Reg: 0x00 Val: 0x00000000
[inst #1379] addi x0,x0,0
Register Write to Reg: 0x00 Val: 0x00000000
[inst #1380] addi x0,x0,0
Register Write to Reg: 0x00 Val: 0x00000000
[inst #1381] add x2,x0,x8
Register Write to Reg: 0x02 Val: 0x10010F38
[inst #1382] addi x0,x0,0
Register Write to Reg: 0x00 Val: 0x00000000
[inst #1383] addi x0,x0,0
Register Write to Reg: 0x00 Val: 0x00000000
[inst #1384] addi x0,x0,0
Register Write to Reg: 0x00 Val: 0x00000000
[inst #1385] lw x8,28(x2)
Register Write to Reg: 0x08 Val: 0x10010F58
[inst #1386] addi x0,x0,0
Register Write to Reg: 0x00 Val: 0x00000000
[inst #1387] addi x0,x0,0
Register Write to Reg: 0x00 Val: 0x00000000
[inst #1388] addi x0,x0,0
Register Write to Reg: 0x00 Val: 0x00000000
[inst #1389] addi x2,x2,32
Register Write to Reg: 0x02 Val: 0x10010F58
[inst #1390] addi x0,x0,0
Register Write to Reg: 0x00 Val: 0x00000000
[inst #1391] addi x0,x0,0
Register Write to Reg: 0x00 Val: 0x00000000
[inst #1392] jalr x0,x1,0
Register Write to Reg: 0x00 Val: 0x00400AB0
[inst #1393] beq x7,x0,92
[inst #1394] lw x7,32(x8)
Register Write to Reg: 0x07 Val: 0x10010F94
[inst #1395] addi x0,x0,0
Register Write to Reg: 0x00 Val: 0x00000000
[inst #1396] addi x0,x0,0
Register Write to Reg: 0x00 Val: 0x00000000
[inst #1397] addi x0,x0,0
Register Write to Reg: 0x00 Val: 0x00000000
[inst #1398] lw x7,4(x7)
Register Write to Reg: 0x07 Val: 0x00000001
[inst #1399] addi x0,x0,0
Register Write to Reg: 0x00 Val: 0x00000000
[inst #1400] addi x0,x0,0
Register Write to Reg: 0x00 Val: 0x00000000
[inst #1401] addi x0,x0,0
Register Write to Reg: 0x00 Val: 0x00000000
[inst #1402] addi x28,x7,1
Register Write to Reg: 0x1C Val: 0x00000002
[inst #1403] addi x0,x0,0
Register Write to Reg: 0x00 Val: 0x00000000
[inst #1404] addi x0,x0,0
Register Write to Reg: 0x00 Val: 0x00000000
[inst #1405] addi x0,x0,0
Register Write to Reg: 0x00 Val: 0x00000000
[inst #1406] lw x7,32(x8)
Register Write to Reg: 0x07 Val: 0x10010F94
[inst #1407] addi x0,x0,0
Register Write to Reg: 0x00 Val: 0x00000000
[inst #1408] addi x0,x0,0
Register Write to Reg: 0x00 Val: 0x00000000
[inst #1409] addi x0,x0,0
Register Write to Reg: 0x00 Val: 0x00000000
[inst #1410] sw x28,4(x7)
Memory Write to Addr: 0x10010F98 Val: 0x00000002
[inst #1411] lw x7,32(x8)
Register Write to Reg: 0x07 Val: 0x10010F94
[inst #1412] addi x0,x0,0
Register Write to Reg: 0x00 Val: 0x00000000
[inst #1413] addi x0,x0,0
Register Write to Reg: 0x00 Val: 0x00000000
[inst #1414] addi x0,x0,0
Register Write to Reg: 0x00 Val: 0x00000000
[inst #1415] lw x7,4(x7)
Register Write to Reg: 0x07 Val: 0x00000002
[inst #1416] addi x0,x0,0
Register Write to Reg: 0x00 Val: 0x00000000
[inst #1417] addi x0,x0,0
Register Write to Reg: 0x00 Val: 0x00000000
[inst #1418] addi x0,x0,0
Register Write to Reg: 0x00 Val: 0x00000000
[inst #1419] slti x7,x7,4
Register Write to Reg: 0x07 Val: 0x00000001
[inst #1420] addi x0,x0,0
Register Write to Reg: 0x00 Val: 0x00000000
[inst #1421] addi x0,x0,0
Register Write to Reg: 0x00 Val: 0x00000000
[inst #1422] addi x0,x0,0
Register Write to Reg: 0x00 Val: 0x00000000
[inst #1423] beq x7,x0,24
[inst #1424] addi x0,x0,0
Register Write to Reg: 0x00 Val: 0x00000000
[inst #1425] addi x0,x0,0
Register Write to Reg: 0x00 Val: 0x00000000
[inst #1426] jal x0,-348
Register Write to Reg: 0x00 Val: 0x004008B0
[inst #1427] lw x7,32(x8)
Register Write to Reg: 0x07 Val: 0x10010F94
[inst #1428] addi x0,x0,0
Register Write to Reg: 0x00 Val: 0x00000000
[inst #1429] addi x0,x0,0
Register Write to Reg: 0x00 Val: 0x00000000
[inst #1430] addi x0,x0,0
Register Write to Reg: 0x00 Val: 0x00000000
[inst #1431] lw x28,0(x7)
Register Write to Reg: 0x1C Val: 0x00000001
[inst #1432] addi x0,x0,0
Register Write to Reg: 0x00 Val: 0x00000000
[inst #1433] addi x0,x0,0
Register Write to Reg: 0x00 Val: 0x00000000
[inst #1434] addi x0,x0,0
Register Write to Reg: 0x00 Val: 0x00000000
[inst #1435] lw x7,32(x8)
Register Write to Reg: 0x07 Val: 0x10010F94
[inst #1436] addi x0,x0,0
Register Write to Reg: 0x00 Val: 0x00000000
[inst #1437] addi x0,x0,0
Register Write to Reg: 0x00 Val: 0x00000000
[inst #1438] addi x0,x0,0
Register Write to Reg: 0x00 Val: 0x00000000
[inst #1439] lw x7,4(x7)
Register Write to Reg: 0x07 Val: 0x00000002
[inst #1440] addi x0,x0,0
Register Write to Reg: 0x00 Val: 0x00000000
[inst #1441] addi x0,x0,0
Register Write to Reg: 0x00 Val: 0x00000000
[inst #1442] addi x0,x0,0
Register Write to Reg: 0x00 Val: 0x00000000
[inst #1443] add x30,x0,x7
Register Write to Reg: 0x1E Val: 0x00000002
[inst #1444] add x29,x0,x28
Register Write to Reg: 0x1D Val: 0x00000001
[inst #1445] addi x0,x0,0
Register Write to Reg: 0x00 Val: 0x00000000
[inst #1446] addi x0,x0,0
Register Write to Reg: 0x00 Val: 0x00000000
[inst #1447] addi x0,x0,0
Register Write to Reg: 0x00 Val: 0x00000000
[inst #1448] auipc x1,0
Register Write to Reg: 0x01 Val: 0x004007A4
[inst #1449] sll x0,x0,x0
Register Write to Reg: 0x00 Val: 0x00000000
[inst #1450] sll x0,x0,x0
Register Write to Reg: 0x00 Val: 0x00000000
[inst #1451] sll x0,x0,x0
Register Write to Reg: 0x00 Val: 0x00000000
[inst #1452] addi x1,x1,44
Register Write to Reg: 0x01 Val: 0x004007D0
[inst #1453] addi x0,x0,0
Register Write to Reg: 0x00 Val: 0x00000000
[inst #1454] addi x0,x0,0
Register Write to Reg: 0x00 Val: 0x00000000
[inst #1455] addi x0,x0,0
Register Write to Reg: 0x00 Val: 0x00000000
[inst #1456] jal x0,308
Register Write to Reg: 0x00 Val: 0x004007C8
[inst #1457] addi x2,x2,-32
Register Write to Reg: 0x02 Val: 0x10010F38
[inst #1458] addi x0,x0,0
Register Write to Reg: 0x00 Val: 0x00000000
[inst #1459] addi x0,x0,0
Register Write to Reg: 0x00 Val: 0x00000000
[inst #1460] addi x0,x0,0
Register Write to Reg: 0x00 Val: 0x00000000
[inst #1461] sw x8,28(x2)
Memory Write to Addr: 0x10010F54 Val: 0x10010F58
[inst #1462] addi x0,x0,0
Register Write to Reg: 0x00 Val: 0x00000000
[inst #1463] addi x0,x0,0
Register Write to Reg: 0x00 Val: 0x00000000
[inst #1464] addi x0,x0,0
Register Write to Reg: 0x00 Val: 0x00000000
[inst #1465] add x8,x0,x2
Register Write to Reg: 0x08 Val: 0x10010F38
[inst #1466] addi x0,x0,0
Register Write to Reg: 0x00 Val: 0x00000000
[inst #1467] addi x0,x0,0
Register Write to Reg: 0x00 Val: 0x00000000
[inst #1468] addi x0,x0,0
Register Write to Reg: 0x00 Val: 0x00000000
[inst #1469] sw x29,32(x8)
Memory Write to Addr: 0x10010F58 Val: 0x00000001
[inst #1470] sw x30,36(x8)
Memory Write to Addr: 0x10010F5C Val: 0x00000002
[inst #1471] auipc x7,64527
Register Write to Reg: 0x07 Val: 0x1000F930
[inst #1472] sll x0,x0,x0
Register Write to Reg: 0x00 Val: 0x00000000
[inst #1473] sll x0,x0,x0
Register Write to Reg: 0x00 Val: 0x00000000
[inst #1474] sll x0,x0,x0
Register Write to Reg: 0x00 Val: 0x00000000
[inst #1475] addi x7,x7,1764
Register Write to Reg: 0x07 Val: 0x10010014
[inst #1476] addi x0,x0,0
Register Write to Reg: 0x00 Val: 0x00000000
[inst #1477] addi x0,x0,0
Register Write to Reg: 0x00 Val: 0x00000000
[inst #1478] addi x0,x0,0
Register Write to Reg: 0x00 Val: 0x00000000
[inst #1479] lw x28,32(x8)
Register Write to Reg: 0x1C Val: 0x00000001
[inst #1480] addi x0,x0,0
Register Write to Reg: 0x00 Val: 0x00000000
[inst #1481] addi x0,x0,0
Register Write to Reg: 0x00 Val: 0x00000000
[inst #1482] addi x0,x0,0
Register Write to Reg: 0x00 Val: 0x00000000
[inst #1483] slli x28,x28,2
Register Write to Reg: 0x1C Val: 0x00000004
[inst #1484] addi x0,x0,0
Register Write to Reg: 0x00 Val: 0x00000000
[inst #1485] addi x0,x0,0
Register Write to Reg: 0x00 Val: 0x00000000
[inst #1486] addi x0,x0,0
Register Write to Reg: 0x00 Val: 0x00000000
[inst #1487] add x7,x28,x7
Register Write to Reg: 0x07 Val: 0x10010018
[inst #1488] addi x0,x0,0
Register Write to Reg: 0x00 Val: 0x00000000
[inst #1489] addi x0,x0,0
Register Write to Reg: 0x00 Val: 0x00000000
[inst #1490] addi x0,x0,0
Register Write to Reg: 0x00 Val: 0x00000000
[inst #1491] lw x7,0(x7)
Register Write to Reg: 0x07 Val: 0x00000000
[inst #1492] addi x0,x0,0
Register Write to Reg: 0x00 Val: 0x00000000
[inst #1493] addi x0,x0,0
Register Write to Reg: 0x00 Val: 0x00000000
[inst #1494] addi x0,x0,0
Register Write to Reg: 0x00 Val: 0x00000000
[inst #1495] sw x7,16(x8)
Memory Write to Addr: 0x10010F48 Val: 0x00000000
[inst #1496] addi x7,x0,1
Register Write to Reg: 0x07 Val: 0x00000001
[inst #1497] addi x0,x0,0
Register Write to Reg: 0x00 Val: 0x00000000
[inst #1498] addi x0,x0,0
Register Write to Reg: 0x00 Val: 0x00000000
[inst #1499] addi x0,x0,0
Register Write to Reg: 0x00 Val: 0x00000000
[inst #1500] sw x7,8(x8)
Memory Write to Addr: 0x10010F40 Val: 0x00000001
[inst #1501] sw x0,12(x8)
Memory Write to Addr: 0x10010F44 Val: 0x00000000
[inst #1502] jal x0,84
Register Write to Reg: 0x00 Val: 0x004009B0
[inst #1503] lw x28,12(x8)
Register Write to Reg: 0x1C Val: 0x00000000
[inst #1504] lw x7,36(x8)
Register Write to Reg: 0x07 Val: 0x00000002
[inst #1505] addi x0,x0,0
Register Write to Reg: 0x00 Val: 0x00000000
[inst #1506] addi x0,x0,0
Register Write to Reg: 0x00 Val: 0x00000000
[inst #1507] addi x0,x0,0
Register Write to Reg: 0x00 Val: 0x00000000
[inst #1508] slt x7,x28,x7
Register Write to Reg: 0x07 Val: 0x00000001
[inst #1509] addi x0,x0,0
Register Write to Reg: 0x00 Val: 0x00000000
[inst #1510] addi x0,x0,0
Register Write to Reg: 0x00 Val: 0x00000000
[inst #1511] addi x0,x0,0
Register Write to Reg: 0x00 Val: 0x00000000
[inst #1512] beq x7,x0,24
[inst #1513] addi x0,x0,0
Register Write to Reg: 0x00 Val: 0x00000000
[inst #1514] addi x0,x0,0
Register Write to Reg: 0x00 Val: 0x00000000
[inst #1515] jal x0,-120
Register Write to Reg: 0x00 Val: 0x00400A34
[inst #1516] lw x7,8(x8)
Register Write to Reg: 0x07 Val: 0x00000001
[inst #1517] addi x0,x0,0
Register Write to Reg: 0x00 Val: 0x00000000
[inst #1518] addi x0,x0,0
Register Write to Reg: 0x00 Val: 0x00000000
[inst #1519] addi x0,x0,0
Register Write to Reg: 0x00 Val: 0x00000000
[inst #1520] slli x7,x7,1
Register Write to Reg: 0x07 Val: 0x00000002
[inst #1521] addi x0,x0,0
Register Write to Reg: 0x00 Val: 0x00000000
[inst #1522] addi x0,x0,0
Register Write to Reg: 0x00 Val: 0x00000000
[inst #1523] addi x0,x0,0
Register Write to Reg: 0x00 Val: 0x00000000
[inst #1524] sw x7,8(x8)
Memory Write to Addr: 0x10010F40 Val: 0x00000002
[inst #1525] lw x7,12(x8)
Register Write to Reg: 0x07 Val: 0x00000000
[inst #1526] addi x0,x0,0
Register Write to Reg: 0x00 Val: 0x00000000
[inst #1527] addi x0,x0,0
Register Write to Reg: 0x00 Val: 0x00000000
[inst #1528] addi x0,x0,0
Register Write to Reg: 0x00 Val: 0x00000000
[inst #1529] addi x7,x7,1
Register Write to Reg: 0x07 Val: 0x00000001
[inst #1530] addi x0,x0,0
Register Write to Reg: 0x00 Val: 0x00000000
[inst #1531] addi x0,x0,0
Register Write to Reg: 0x00 Val: 0x00000000
[inst #1532] addi x0,x0,0
Register Write to Reg: 0x00 Val: 0x00000000
[inst #1533] sw x7,12(x8)
Memory Write to Addr: 0x10010F44 Val: 0x00000001
[inst #1534] lw x28,12(x8)
Register Write to Reg: 0x1C Val: 0x00000001
[inst #1535] lw x7,36(x8)
Register Write to Reg: 0x07 Val: 0x00000002
[inst #1536] addi x0,x0,0
Register Write to Reg: 0x00 Val: 0x00000000
[inst #1537] addi x0,x0,0
Register Write to Reg: 0x00 Val: 0x00000000
[inst #1538] addi x0,x0,0
Register Write to Reg: 0x00 Val: 0x00000000
[inst #1539] slt x7,x28,x7
Register Write to Reg: 0x07 Val: 0x00000001
[inst #1540] addi x0,x0,0
Register Write to Reg: 0x00 Val: 0x00000000
[inst #1541] addi x0,x0,0
Register Write to Reg: 0x00 Val: 0x00000000
[inst #1542] addi x0,x0,0
Register Write to Reg: 0x00 Val: 0x00000000
[inst #1543] beq x7,x0,24
[inst #1544] addi x0,x0,0
Register Write to Reg: 0x00 Val: 0x00000000
[inst #1545] addi x0,x0,0
Register Write to Reg: 0x00 Val: 0x00000000
[inst #1546] jal x0,-120
Register Write to Reg: 0x00 Val: 0x00400A34
[inst #1547] lw x7,8(x8)
Register Write to Reg: 0x07 Val: 0x00000002
[inst #1548] addi x0,x0,0
Register Write to Reg: 0x00 Val: 0x00000000
[inst #1549] addi x0,x0,0
Register Write to Reg: 0x00 Val: 0x00000000
[inst #1550] addi x0,x0,0
Register Write to Reg: 0x00 Val: 0x00000000
[inst #1551] slli x7,x7,1
Register Write to Reg: 0x07 Val: 0x00000004
[inst #1552] addi x0,x0,0
Register Write to Reg: 0x00 Val: 0x00000000
[inst #1553] addi x0,x0,0
Register Write to Reg: 0x00 Val: 0x00000000
[inst #1554] addi x0,x0,0
Register Write to Reg: 0x00 Val: 0x00000000
[inst #1555] sw x7,8(x8)
Memory Write to Addr: 0x10010F40 Val: 0x00000004
[inst #1556] lw x7,12(x8)
Register Write to Reg: 0x07 Val: 0x00000001
[inst #1557] addi x0,x0,0
Register Write to Reg: 0x00 Val: 0x00000000
[inst #1558] addi x0,x0,0
Register Write to Reg: 0x00 Val: 0x00000000
[inst #1559] addi x0,x0,0
Register Write to Reg: 0x00 Val: 0x00000000
[inst #1560] addi x7,x7,1
Register Write to Reg: 0x07 Val: 0x00000002
[inst #1561] addi x0,x0,0
Register Write to Reg: 0x00 Val: 0x00000000
[inst #1562] addi x0,x0,0
Register Write to Reg: 0x00 Val: 0x00000000
[inst #1563] addi x0,x0,0
Register Write to Reg: 0x00 Val: 0x00000000
[inst #1564] sw x7,12(x8)
Memory Write to Addr: 0x10010F44 Val: 0x00000002
[inst #1565] lw x28,12(x8)
Register Write to Reg: 0x1C Val: 0x00000002
[inst #1566] lw x7,36(x8)
Register Write to Reg: 0x07 Val: 0x00000002
[inst #1567] addi x0,x0,0
Register Write to Reg: 0x00 Val: 0x00000000
[inst #1568] addi x0,x0,0
Register Write to Reg: 0x00 Val: 0x00000000
[inst #1569] addi x0,x0,0
Register Write to Reg: 0x00 Val: 0x00000000
[inst #1570] slt x7,x28,x7
Register Write to Reg: 0x07 Val: 0x00000000
[inst #1571] addi x0,x0,0
Register Write to Reg: 0x00 Val: 0x00000000
[inst #1572] addi x0,x0,0
Register Write to Reg: 0x00 Val: 0x00000000
[inst #1573] addi x0,x0,0
Register Write to Reg: 0x00 Val: 0x00000000
[inst #1574] beq x7,x0,24
[inst #1575] lw x28,8(x8)
Register Write to Reg: 0x1C Val: 0x00000004
[inst #1576] lw x7,16(x8)
Register Write to Reg: 0x07 Val: 0x00000000
[inst #1577] addi x0,x0,0
Register Write to Reg: 0x00 Val: 0x00000000
[inst #1578] addi x0,x0,0
Register Write to Reg: 0x00 Val: 0x00000000
[inst #1579] addi x0,x0,0
Register Write to Reg: 0x00 Val: 0x00000000
[inst #1580] and x7,x28,x7
Register Write to Reg: 0x07 Val: 0x00000000
[inst #1581] addi x0,x0,0
Register Write to Reg: 0x00 Val: 0x00000000
[inst #1582] addi x0,x0,0
Register Write to Reg: 0x00 Val: 0x00000000
[inst #1583] addi x0,x0,0
Register Write to Reg: 0x00 Val: 0x00000000
[inst #1584] slt x7,x0,x7
Register Write to Reg: 0x07 Val: 0x00000000
[inst #1585] addi x0,x0,0
Register Write to Reg: 0x00 Val: 0x00000000
[inst #1586] addi x0,x0,0
Register Write to Reg: 0x00 Val: 0x00000000
[inst #1587] addi x0,x0,0
Register Write to Reg: 0x00 Val: 0x00000000
[inst #1588] andi x7,x7,255
Register Write to Reg: 0x07 Val: 0x00000000
[inst #1589] addi x0,x0,0
Register Write to Reg: 0x00 Val: 0x00000000
[inst #1590] addi x0,x0,0
Register Write to Reg: 0x00 Val: 0x00000000
[inst #1591] addi x0,x0,0
Register Write to Reg: 0x00 Val: 0x00000000
[inst #1592] add x2,x0,x8
Register Write to Reg: 0x02 Val: 0x10010F38
[inst #1593] addi x0,x0,0
Register Write to Reg: 0x00 Val: 0x00000000
[inst #1594] addi x0,x0,0
Register Write to Reg: 0x00 Val: 0x00000000
[inst #1595] addi x0,x0,0
Register Write to Reg: 0x00 Val: 0x00000000
[inst #1596] lw x8,28(x2)
Register Write to Reg: 0x08 Val: 0x10010F58
[inst #1597] addi x0,x0,0
Register Write to Reg: 0x00 Val: 0x00000000
[inst #1598] addi x0,x0,0
Register Write to Reg: 0x00 Val: 0x00000000
[inst #1599] addi x0,x0,0
Register Write to Reg: 0x00 Val: 0x00000000
[inst #1600] addi x2,x2,32
Register Write to Reg: 0x02 Val: 0x10010F58
[inst #1601] addi x0,x0,0
Register Write to Reg: 0x00 Val: 0x00000000
[inst #1602] addi x0,x0,0
Register Write to Reg: 0x00 Val: 0x00000000
[inst #1603] jalr x0,x1,0
Register Write to Reg: 0x00 Val: 0x00400AB0
[inst #1604] beq x7,x0,92
[inst #1605] lw x7,32(x8)
Register Write to Reg: 0x07 Val: 0x10010F94
[inst #1606] addi x0,x0,0
Register Write to Reg: 0x00 Val: 0x00000000
[inst #1607] addi x0,x0,0
Register Write to Reg: 0x00 Val: 0x00000000
[inst #1608] addi x0,x0,0
Register Write to Reg: 0x00 Val: 0x00000000
[inst #1609] lw x7,4(x7)
Register Write to Reg: 0x07 Val: 0x00000002
[inst #1610] addi x0,x0,0
Register Write to Reg: 0x00 Val: 0x00000000
[inst #1611] addi x0,x0,0
Register Write to Reg: 0x00 Val: 0x00000000
[inst #1612] addi x0,x0,0
Register Write to Reg: 0x00 Val: 0x00000000
[inst #1613] addi x28,x7,1
Register Write to Reg: 0x1C Val: 0x00000003
[inst #1614] addi x0,x0,0
Register Write to Reg: 0x00 Val: 0x00000000
[inst #1615] addi x0,x0,0
Register Write to Reg: 0x00 Val: 0x00000000
[inst #1616] addi x0,x0,0
Register Write to Reg: 0x00 Val: 0x00000000
[inst #1617] lw x7,32(x8)
Register Write to Reg: 0x07 Val: 0x10010F94
[inst #1618] addi x0,x0,0
Register Write to Reg: 0x00 Val: 0x00000000
[inst #1619] addi x0,x0,0
Register Write to Reg: 0x00 Val: 0x00000000
[inst #1620] addi x0,x0,0
Register Write to Reg: 0x00 Val: 0x00000000
[inst #1621] sw x28,4(x7)
Memory Write to Addr: 0x10010F98 Val: 0x00000003
[inst #1622] lw x7,32(x8)
Register Write to Reg: 0x07 Val: 0x10010F94
[inst #1623] addi x0,x0,0
Register Write to Reg: 0x00 Val: 0x00000000
[inst #1624] addi x0,x0,0
Register Write to Reg: 0x00 Val: 0x00000000
[inst #1625] addi x0,x0,0
Register Write to Reg: 0x00 Val: 0x00000000
[inst #1626] lw x7,4(x7)
Register Write to Reg: 0x07 Val: 0x00000003
[inst #1627] addi x0,x0,0
Register Write to Reg: 0x00 Val: 0x00000000
[inst #1628] addi x0,x0,0
Register Write to Reg: 0x00 Val: 0x00000000
[inst #1629] addi x0,x0,0
Register Write to Reg: 0x00 Val: 0x00000000
[inst #1630] slti x7,x7,4
Register Write to Reg: 0x07 Val: 0x00000001
[inst #1631] addi x0,x0,0
Register Write to Reg: 0x00 Val: 0x00000000
[inst #1632] addi x0,x0,0
Register Write to Reg: 0x00 Val: 0x00000000
[inst #1633] addi x0,x0,0
Register Write to Reg: 0x00 Val: 0x00000000
[inst #1634] beq x7,x0,24
[inst #1635] addi x0,x0,0
Register Write to Reg: 0x00 Val: 0x00000000
[inst #1636] addi x0,x0,0
Register Write to Reg: 0x00 Val: 0x00000000
[inst #1637] jal x0,-348
Register Write to Reg: 0x00 Val: 0x004008B0
[inst #1638] lw x7,32(x8)
Register Write to Reg: 0x07 Val: 0x10010F94
[inst #1639] addi x0,x0,0
Register Write to Reg: 0x00 Val: 0x00000000
[inst #1640] addi x0,x0,0
Register Write to Reg: 0x00 Val: 0x00000000
[inst #1641] addi x0,x0,0
Register Write to Reg: 0x00 Val: 0x00000000
[inst #1642] lw x28,0(x7)
Register Write to Reg: 0x1C Val: 0x00000001
[inst #1643] addi x0,x0,0
Register Write to Reg: 0x00 Val: 0x00000000
[inst #1644] addi x0,x0,0
Register Write to Reg: 0x00 Val: 0x00000000
[inst #1645] addi x0,x0,0
Register Write to Reg: 0x00 Val: 0x00000000
[inst #1646] lw x7,32(x8)
Register Write to Reg: 0x07 Val: 0x10010F94
[inst #1647] addi x0,x0,0
Register Write to Reg: 0x00 Val: 0x00000000
[inst #1648] addi x0,x0,0
Register Write to Reg: 0x00 Val: 0x00000000
[inst #1649] addi x0,x0,0
Register Write to Reg: 0x00 Val: 0x00000000
[inst #1650] lw x7,4(x7)
Register Write to Reg: 0x07 Val: 0x00000003
[inst #1651] addi x0,x0,0
Register Write to Reg: 0x00 Val: 0x00000000
[inst #1652] addi x0,x0,0
Register Write to Reg: 0x00 Val: 0x00000000
[inst #1653] addi x0,x0,0
Register Write to Reg: 0x00 Val: 0x00000000
[inst #1654] add x30,x0,x7
Register Write to Reg: 0x1E Val: 0x00000003
[inst #1655] add x29,x0,x28
Register Write to Reg: 0x1D Val: 0x00000001
[inst #1656] addi x0,x0,0
Register Write to Reg: 0x00 Val: 0x00000000
[inst #1657] addi x0,x0,0
Register Write to Reg: 0x00 Val: 0x00000000
[inst #1658] addi x0,x0,0
Register Write to Reg: 0x00 Val: 0x00000000
[inst #1659] auipc x1,0
Register Write to Reg: 0x01 Val: 0x004007A4
[inst #1660] sll x0,x0,x0
Register Write to Reg: 0x00 Val: 0x00000000
[inst #1661] sll x0,x0,x0
Register Write to Reg: 0x00 Val: 0x00000000
[inst #1662] sll x0,x0,x0
Register Write to Reg: 0x00 Val: 0x00000000
[inst #1663] addi x1,x1,44
Register Write to Reg: 0x01 Val: 0x004007D0
[inst #1664] addi x0,x0,0
Register Write to Reg: 0x00 Val: 0x00000000
[inst #1665] addi x0,x0,0
Register Write to Reg: 0x00 Val: 0x00000000
[inst #1666] addi x0,x0,0
Register Write to Reg: 0x00 Val: 0x00000000
[inst #1667] jal x0,308
Register Write to Reg: 0x00 Val: 0x004007C8
[inst #1668] addi x2,x2,-32
Register Write to Reg: 0x02 Val: 0x10010F38
[inst #1669] addi x0,x0,0
Register Write to Reg: 0x00 Val: 0x00000000
[inst #1670] addi x0,x0,0
Register Write to Reg: 0x00 Val: 0x00000000
[inst #1671] addi x0,x0,0
Register Write to Reg: 0x00 Val: 0x00000000
[inst #1672] sw x8,28(x2)
Memory Write to Addr: 0x10010F54 Val: 0x10010F58
[inst #1673] addi x0,x0,0
Register Write to Reg: 0x00 Val: 0x00000000
[inst #1674] addi x0,x0,0
Register Write to Reg: 0x00 Val: 0x00000000
[inst #1675] addi x0,x0,0
Register Write to Reg: 0x00 Val: 0x00000000
[inst #1676] add x8,x0,x2
Register Write to Reg: 0x08 Val: 0x10010F38
[inst #1677] addi x0,x0,0
Register Write to Reg: 0x00 Val: 0x00000000
[inst #1678] addi x0,x0,0
Register Write to Reg: 0x00 Val: 0x00000000
[inst #1679] addi x0,x0,0
Register Write to Reg: 0x00 Val: 0x00000000
[inst #1680] sw x29,32(x8)
Memory Write to Addr: 0x10010F58 Val: 0x00000001
[inst #1681] sw x30,36(x8)
Memory Write to Addr: 0x10010F5C Val: 0x00000003
[inst #1682] auipc x7,64527
Register Write to Reg: 0x07 Val: 0x1000F930
[inst #1683] sll x0,x0,x0
Register Write to Reg: 0x00 Val: 0x00000000
[inst #1684] sll x0,x0,x0
Register Write to Reg: 0x00 Val: 0x00000000
[inst #1685] sll x0,x0,x0
Register Write to Reg: 0x00 Val: 0x00000000
[inst #1686] addi x7,x7,1764
Register Write to Reg: 0x07 Val: 0x10010014
[inst #1687] addi x0,x0,0
Register Write to Reg: 0x00 Val: 0x00000000
[inst #1688] addi x0,x0,0
Register Write to Reg: 0x00 Val: 0x00000000
[inst #1689] addi x0,x0,0
Register Write to Reg: 0x00 Val: 0x00000000
[inst #1690] lw x28,32(x8)
Register Write to Reg: 0x1C Val: 0x00000001
[inst #1691] addi x0,x0,0
Register Write to Reg: 0x00 Val: 0x00000000
[inst #1692] addi x0,x0,0
Register Write to Reg: 0x00 Val: 0x00000000
[inst #1693] addi x0,x0,0
Register Write to Reg: 0x00 Val: 0x00000000
[inst #1694] slli x28,x28,2
Register Write to Reg: 0x1C Val: 0x00000004
[inst #1695] addi x0,x0,0
Register Write to Reg: 0x00 Val: 0x00000000
[inst #1696] addi x0,x0,0
Register Write to Reg: 0x00 Val: 0x00000000
[inst #1697] addi x0,x0,0
Register Write to Reg: 0x00 Val: 0x00000000
[inst #1698] add x7,x28,x7
Register Write to Reg: 0x07 Val: 0x10010018
[inst #1699] addi x0,x0,0
Register Write to Reg: 0x00 Val: 0x00000000
[inst #1700] addi x0,x0,0
Register Write to Reg: 0x00 Val: 0x00000000
[inst #1701] addi x0,x0,0
Register Write to Reg: 0x00 Val: 0x00000000
[inst #1702] lw x7,0(x7)
Register Write to Reg: 0x07 Val: 0x00000000
[inst #1703] addi x0,x0,0
Register Write to Reg: 0x00 Val: 0x00000000
[inst #1704] addi x0,x0,0
Register Write to Reg: 0x00 Val: 0x00000000
[inst #1705] addi x0,x0,0
Register Write to Reg: 0x00 Val: 0x00000000
[inst #1706] sw x7,16(x8)
Memory Write to Addr: 0x10010F48 Val: 0x00000000
[inst #1707] addi x7,x0,1
Register Write to Reg: 0x07 Val: 0x00000001
[inst #1708] addi x0,x0,0
Register Write to Reg: 0x00 Val: 0x00000000
[inst #1709] addi x0,x0,0
Register Write to Reg: 0x00 Val: 0x00000000
[inst #1710] addi x0,x0,0
Register Write to Reg: 0x00 Val: 0x00000000
[inst #1711] sw x7,8(x8)
Memory Write to Addr: 0x10010F40 Val: 0x00000001
[inst #1712] sw x0,12(x8)
Memory Write to Addr: 0x10010F44 Val: 0x00000000
[inst #1713] jal x0,84
Register Write to Reg: 0x00 Val: 0x004009B0
[inst #1714] lw x28,12(x8)
Register Write to Reg: 0x1C Val: 0x00000000
[inst #1715] lw x7,36(x8)
Register Write to Reg: 0x07 Val: 0x00000003
[inst #1716] addi x0,x0,0
Register Write to Reg: 0x00 Val: 0x00000000
[inst #1717] addi x0,x0,0
Register Write to Reg: 0x00 Val: 0x00000000
[inst #1718] addi x0,x0,0
Register Write to Reg: 0x00 Val: 0x00000000
[inst #1719] slt x7,x28,x7
Register Write to Reg: 0x07 Val: 0x00000001
[inst #1720] addi x0,x0,0
Register Write to Reg: 0x00 Val: 0x00000000
[inst #1721] addi x0,x0,0
Register Write to Reg: 0x00 Val: 0x00000000
[inst #1722] addi x0,x0,0
Register Write to Reg: 0x00 Val: 0x00000000
[inst #1723] beq x7,x0,24
[inst #1724] addi x0,x0,0
Register Write to Reg: 0x00 Val: 0x00000000
[inst #1725] addi x0,x0,0
Register Write to Reg: 0x00 Val: 0x00000000
[inst #1726] jal x0,-120
Register Write to Reg: 0x00 Val: 0x00400A34
[inst #1727] lw x7,8(x8)
Register Write to Reg: 0x07 Val: 0x00000001
[inst #1728] addi x0,x0,0
Register Write to Reg: 0x00 Val: 0x00000000
[inst #1729] addi x0,x0,0
Register Write to Reg: 0x00 Val: 0x00000000
[inst #1730] addi x0,x0,0
Register Write to Reg: 0x00 Val: 0x00000000
[inst #1731] slli x7,x7,1
Register Write to Reg: 0x07 Val: 0x00000002
[inst #1732] addi x0,x0,0
Register Write to Reg: 0x00 Val: 0x00000000
[inst #1733] addi x0,x0,0
Register Write to Reg: 0x00 Val: 0x00000000
[inst #1734] addi x0,x0,0
Register Write to Reg: 0x00 Val: 0x00000000
[inst #1735] sw x7,8(x8)
Memory Write to Addr: 0x10010F40 Val: 0x00000002
[inst #1736] lw x7,12(x8)
Register Write to Reg: 0x07 Val: 0x00000000
[inst #1737] addi x0,x0,0
Register Write to Reg: 0x00 Val: 0x00000000
[inst #1738] addi x0,x0,0
Register Write to Reg: 0x00 Val: 0x00000000
[inst #1739] addi x0,x0,0
Register Write to Reg: 0x00 Val: 0x00000000
[inst #1740] addi x7,x7,1
Register Write to Reg: 0x07 Val: 0x00000001
[inst #1741] addi x0,x0,0
Register Write to Reg: 0x00 Val: 0x00000000
[inst #1742] addi x0,x0,0
Register Write to Reg: 0x00 Val: 0x00000000
[inst #1743] addi x0,x0,0
Register Write to Reg: 0x00 Val: 0x00000000
[inst #1744] sw x7,12(x8)
Memory Write to Addr: 0x10010F44 Val: 0x00000001
[inst #1745] lw x28,12(x8)
Register Write to Reg: 0x1C Val: 0x00000001
[inst #1746] lw x7,36(x8)
Register Write to Reg: 0x07 Val: 0x00000003
[inst #1747] addi x0,x0,0
Register Write to Reg: 0x00 Val: 0x00000000
[inst #1748] addi x0,x0,0
Register Write to Reg: 0x00 Val: 0x00000000
[inst #1749] addi x0,x0,0
Register Write to Reg: 0x00 Val: 0x00000000
[inst #1750] slt x7,x28,x7
Register Write to Reg: 0x07 Val: 0x00000001
[inst #1751] addi x0,x0,0
Register Write to Reg: 0x00 Val: 0x00000000
[inst #1752] addi x0,x0,0
Register Write to Reg: 0x00 Val: 0x00000000
[inst #1753] addi x0,x0,0
Register Write to Reg: 0x00 Val: 0x00000000
[inst #1754] beq x7,x0,24
[inst #1755] addi x0,x0,0
Register Write to Reg: 0x00 Val: 0x00000000
[inst #1756] addi x0,x0,0
Register Write to Reg: 0x00 Val: 0x00000000
[inst #1757] jal x0,-120
Register Write to Reg: 0x00 Val: 0x00400A34
[inst #1758] lw x7,8(x8)
Register Write to Reg: 0x07 Val: 0x00000002
[inst #1759] addi x0,x0,0
Register Write to Reg: 0x00 Val: 0x00000000
[inst #1760] addi x0,x0,0
Register Write to Reg: 0x00 Val: 0x00000000
[inst #1761] addi x0,x0,0
Register Write to Reg: 0x00 Val: 0x00000000
[inst #1762] slli x7,x7,1
Register Write to Reg: 0x07 Val: 0x00000004
[inst #1763] addi x0,x0,0
Register Write to Reg: 0x00 Val: 0x00000000
[inst #1764] addi x0,x0,0
Register Write to Reg: 0x00 Val: 0x00000000
[inst #1765] addi x0,x0,0
Register Write to Reg: 0x00 Val: 0x00000000
[inst #1766] sw x7,8(x8)
Memory Write to Addr: 0x10010F40 Val: 0x00000004
[inst #1767] lw x7,12(x8)
Register Write to Reg: 0x07 Val: 0x00000001
[inst #1768] addi x0,x0,0
Register Write to Reg: 0x00 Val: 0x00000000
[inst #1769] addi x0,x0,0
Register Write to Reg: 0x00 Val: 0x00000000
[inst #1770] addi x0,x0,0
Register Write to Reg: 0x00 Val: 0x00000000
[inst #1771] addi x7,x7,1
Register Write to Reg: 0x07 Val: 0x00000002
[inst #1772] addi x0,x0,0
Register Write to Reg: 0x00 Val: 0x00000000
[inst #1773] addi x0,x0,0
Register Write to Reg: 0x00 Val: 0x00000000
[inst #1774] addi x0,x0,0
Register Write to Reg: 0x00 Val: 0x00000000
[inst #1775] sw x7,12(x8)
Memory Write to Addr: 0x10010F44 Val: 0x00000002
[inst #1776] lw x28,12(x8)
Register Write to Reg: 0x1C Val: 0x00000002
[inst #1777] lw x7,36(x8)
Register Write to Reg: 0x07 Val: 0x00000003
[inst #1778] addi x0,x0,0
Register Write to Reg: 0x00 Val: 0x00000000
[inst #1779] addi x0,x0,0
Register Write to Reg: 0x00 Val: 0x00000000
[inst #1780] addi x0,x0,0
Register Write to Reg: 0x00 Val: 0x00000000
[inst #1781] slt x7,x28,x7
Register Write to Reg: 0x07 Val: 0x00000001
[inst #1782] addi x0,x0,0
Register Write to Reg: 0x00 Val: 0x00000000
[inst #1783] addi x0,x0,0
Register Write to Reg: 0x00 Val: 0x00000000
[inst #1784] addi x0,x0,0
Register Write to Reg: 0x00 Val: 0x00000000
[inst #1785] beq x7,x0,24
[inst #1786] addi x0,x0,0
Register Write to Reg: 0x00 Val: 0x00000000
[inst #1787] addi x0,x0,0
Register Write to Reg: 0x00 Val: 0x00000000
[inst #1788] jal x0,-120
Register Write to Reg: 0x00 Val: 0x00400A34
[inst #1789] lw x7,8(x8)
Register Write to Reg: 0x07 Val: 0x00000004
[inst #1790] addi x0,x0,0
Register Write to Reg: 0x00 Val: 0x00000000
[inst #1791] addi x0,x0,0
Register Write to Reg: 0x00 Val: 0x00000000
[inst #1792] addi x0,x0,0
Register Write to Reg: 0x00 Val: 0x00000000
[inst #1793] slli x7,x7,1
Register Write to Reg: 0x07 Val: 0x00000008
[inst #1794] addi x0,x0,0
Register Write to Reg: 0x00 Val: 0x00000000
[inst #1795] addi x0,x0,0
Register Write to Reg: 0x00 Val: 0x00000000
[inst #1796] addi x0,x0,0
Register Write to Reg: 0x00 Val: 0x00000000
[inst #1797] sw x7,8(x8)
Memory Write to Addr: 0x10010F40 Val: 0x00000008
[inst #1798] lw x7,12(x8)
Register Write to Reg: 0x07 Val: 0x00000002
[inst #1799] addi x0,x0,0
Register Write to Reg: 0x00 Val: 0x00000000
[inst #1800] addi x0,x0,0
Register Write to Reg: 0x00 Val: 0x00000000
[inst #1801] addi x0,x0,0
Register Write to Reg: 0x00 Val: 0x00000000
[inst #1802] addi x7,x7,1
Register Write to Reg: 0x07 Val: 0x00000003
[inst #1803] addi x0,x0,0
Register Write to Reg: 0x00 Val: 0x00000000
[inst #1804] addi x0,x0,0
Register Write to Reg: 0x00 Val: 0x00000000
[inst #1805] addi x0,x0,0
Register Write to Reg: 0x00 Val: 0x00000000
[inst #1806] sw x7,12(x8)
Memory Write to Addr: 0x10010F44 Val: 0x00000003
[inst #1807] lw x28,12(x8)
Register Write to Reg: 0x1C Val: 0x00000003
[inst #1808] lw x7,36(x8)
Register Write to Reg: 0x07 Val: 0x00000003
[inst #1809] addi x0,x0,0
Register Write to Reg: 0x00 Val: 0x00000000
[inst #1810] addi x0,x0,0
Register Write to Reg: 0x00 Val: 0x00000000
[inst #1811] addi x0,x0,0
Register Write to Reg: 0x00 Val: 0x00000000
[inst #1812] slt x7,x28,x7
Register Write to Reg: 0x07 Val: 0x00000000
[inst #1813] addi x0,x0,0
Register Write to Reg: 0x00 Val: 0x00000000
[inst #1814] addi x0,x0,0
Register Write to Reg: 0x00 Val: 0x00000000
[inst #1815] addi x0,x0,0
Register Write to Reg: 0x00 Val: 0x00000000
[inst #1816] beq x7,x0,24
[inst #1817] lw x28,8(x8)
Register Write to Reg: 0x1C Val: 0x00000008
[inst #1818] lw x7,16(x8)
Register Write to Reg: 0x07 Val: 0x00000000
[inst #1819] addi x0,x0,0
Register Write to Reg: 0x00 Val: 0x00000000
[inst #1820] addi x0,x0,0
Register Write to Reg: 0x00 Val: 0x00000000
[inst #1821] addi x0,x0,0
Register Write to Reg: 0x00 Val: 0x00000000
[inst #1822] and x7,x28,x7
Register Write to Reg: 0x07 Val: 0x00000000
[inst #1823] addi x0,x0,0
Register Write to Reg: 0x00 Val: 0x00000000
[inst #1824] addi x0,x0,0
Register Write to Reg: 0x00 Val: 0x00000000
[inst #1825] addi x0,x0,0
Register Write to Reg: 0x00 Val: 0x00000000
[inst #1826] slt x7,x0,x7
Register Write to Reg: 0x07 Val: 0x00000000
[inst #1827] addi x0,x0,0
Register Write to Reg: 0x00 Val: 0x00000000
[inst #1828] addi x0,x0,0
Register Write to Reg: 0x00 Val: 0x00000000
[inst #1829] addi x0,x0,0
Register Write to Reg: 0x00 Val: 0x00000000
[inst #1830] andi x7,x7,255
Register Write to Reg: 0x07 Val: 0x00000000
[inst #1831] addi x0,x0,0
Register Write to Reg: 0x00 Val: 0x00000000
[inst #1832] addi x0,x0,0
Register Write to Reg: 0x00 Val: 0x00000000
[inst #1833] addi x0,x0,0
Register Write to Reg: 0x00 Val: 0x00000000
[inst #1834] add x2,x0,x8
Register Write to Reg: 0x02 Val: 0x10010F38
[inst #1835] addi x0,x0,0
Register Write to Reg: 0x00 Val: 0x00000000
[inst #1836] addi x0,x0,0
Register Write to Reg: 0x00 Val: 0x00000000
[inst #1837] addi x0,x0,0
Register Write to Reg: 0x00 Val: 0x00000000
[inst #1838] lw x8,28(x2)
Register Write to Reg: 0x08 Val: 0x10010F58
[inst #1839] addi x0,x0,0
Register Write to Reg: 0x00 Val: 0x00000000
[inst #1840] addi x0,x0,0
Register Write to Reg: 0x00 Val: 0x00000000
[inst #1841] addi x0,x0,0
Register Write to Reg: 0x00 Val: 0x00000000
[inst #1842] addi x2,x2,32
Register Write to Reg: 0x02 Val: 0x10010F58
[inst #1843] addi x0,x0,0
Register Write to Reg: 0x00 Val: 0x00000000
[inst #1844] addi x0,x0,0
Register Write to Reg: 0x00 Val: 0x00000000
[inst #1845] jalr x0,x1,0
Register Write to Reg: 0x00 Val: 0x00400AB0
[inst #1846] beq x7,x0,92
[inst #1847] lw x7,32(x8)
Register Write to Reg: 0x07 Val: 0x10010F94
[inst #1848] addi x0,x0,0
Register Write to Reg: 0x00 Val: 0x00000000
[inst #1849] addi x0,x0,0
Register Write to Reg: 0x00 Val: 0x00000000
[inst #1850] addi x0,x0,0
Register Write to Reg: 0x00 Val: 0x00000000
[inst #1851] lw x7,4(x7)
Register Write to Reg: 0x07 Val: 0x00000003
[inst #1852] addi x0,x0,0
Register Write to Reg: 0x00 Val: 0x00000000
[inst #1853] addi x0,x0,0
Register Write to Reg: 0x00 Val: 0x00000000
[inst #1854] addi x0,x0,0
Register Write to Reg: 0x00 Val: 0x00000000
[inst #1855] addi x28,x7,1
Register Write to Reg: 0x1C Val: 0x00000004
[inst #1856] addi x0,x0,0
Register Write to Reg: 0x00 Val: 0x00000000
[inst #1857] addi x0,x0,0
Register Write to Reg: 0x00 Val: 0x00000000
[inst #1858] addi x0,x0,0
Register Write to Reg: 0x00 Val: 0x00000000
[inst #1859] lw x7,32(x8)
Register Write to Reg: 0x07 Val: 0x10010F94
[inst #1860] addi x0,x0,0
Register Write to Reg: 0x00 Val: 0x00000000
[inst #1861] addi x0,x0,0
Register Write to Reg: 0x00 Val: 0x00000000
[inst #1862] addi x0,x0,0
Register Write to Reg: 0x00 Val: 0x00000000
[inst #1863] sw x28,4(x7)
Memory Write to Addr: 0x10010F98 Val: 0x00000004
[inst #1864] lw x7,32(x8)
Register Write to Reg: 0x07 Val: 0x10010F94
[inst #1865] addi x0,x0,0
Register Write to Reg: 0x00 Val: 0x00000000
[inst #1866] addi x0,x0,0
Register Write to Reg: 0x00 Val: 0x00000000
[inst #1867] addi x0,x0,0
Register Write to Reg: 0x00 Val: 0x00000000
[inst #1868] lw x7,4(x7)
Register Write to Reg: 0x07 Val: 0x00000004
[inst #1869] addi x0,x0,0
Register Write to Reg: 0x00 Val: 0x00000000
[inst #1870] addi x0,x0,0
Register Write to Reg: 0x00 Val: 0x00000000
[inst #1871] addi x0,x0,0
Register Write to Reg: 0x00 Val: 0x00000000
[inst #1872] slti x7,x7,4
Register Write to Reg: 0x07 Val: 0x00000000
[inst #1873] addi x0,x0,0
Register Write to Reg: 0x00 Val: 0x00000000
[inst #1874] addi x0,x0,0
Register Write to Reg: 0x00 Val: 0x00000000
[inst #1875] addi x0,x0,0
Register Write to Reg: 0x00 Val: 0x00000000
[inst #1876] beq x7,x0,24
[inst #1877] addi x7,x0,-1
Register Write to Reg: 0x07 Val: 0xFFFFFFFF
[inst #1878] add x2,x0,x8
Register Write to Reg: 0x02 Val: 0x10010F58
[inst #1879] addi x0,x0,0
Register Write to Reg: 0x00 Val: 0x00000000
[inst #1880] addi x0,x0,0
Register Write to Reg: 0x00 Val: 0x00000000
[inst #1881] addi x0,x0,0
Register Write to Reg: 0x00 Val: 0x00000000
[inst #1882] lw x1,28(x2)
Register Write to Reg: 0x01 Val: 0x00400640
[inst #1883] lw x8,24(x2)
Register Write to Reg: 0x08 Val: 0x10010F78
[inst #1884] addi x0,x0,0
Register Write to Reg: 0x00 Val: 0x00000000
[inst #1885] addi x0,x0,0
Register Write to Reg: 0x00 Val: 0x00000000
[inst #1886] addi x0,x0,0
Register Write to Reg: 0x00 Val: 0x00000000
[inst #1887] addi x2,x2,32
Register Write to Reg: 0x02 Val: 0x10010F78
[inst #1888] addi x0,x0,0
Register Write to Reg: 0x00 Val: 0x00000000
[inst #1889] addi x0,x0,0
Register Write to Reg: 0x00 Val: 0x00000000
[inst #1890] jalr x0,x1,0
Register Write to Reg: 0x00 Val: 0x004008F0
[inst #1891] sw x7,24(x8)
Memory Write to Addr: 0x10010F90 Val: 0xFFFFFFFF
[inst #1892] jal x0,-776
Register Write to Reg: 0x00 Val: 0x00400648
[inst #1893] lw x28,24(x8)
Register Write to Reg: 0x1C Val: 0xFFFFFFFF
[inst #1894] addi x0,x0,0
Register Write to Reg: 0x00 Val: 0x00000000
[inst #1895] addi x0,x0,0
Register Write to Reg: 0x00 Val: 0x00000000
[inst #1896] addi x0,x0,0
Register Write to Reg: 0x00 Val: 0x00000000
[inst #1897] addi x7,x0,-1
Register Write to Reg: 0x07 Val: 0xFFFFFFFF
[inst #1898] addi x0,x0,0
Register Write to Reg: 0x00 Val: 0x00000000
[inst #1899] addi x0,x0,0
Register Write to Reg: 0x00 Val: 0x00000000
[inst #1900] beq x28,x7,24
[inst #1901] auipc x7,64528
Register Write to Reg: 0x07 Val: 0x10010370
[inst #1902] sll x0,x0,x0
Register Write to Reg: 0x00 Val: 0x00000000
[inst #1903] sll x0,x0,x0
Register Write to Reg: 0x00 Val: 0x00000000
[inst #1904] sll x0,x0,x0
Register Write to Reg: 0x00 Val: 0x00000000
[inst #1905] addi x7,x7,-840
Register Write to Reg: 0x07 Val: 0x10010028
[inst #1906] addi x0,x0,0
Register Write to Reg: 0x00 Val: 0x00000000
[inst #1907] addi x0,x0,0
Register Write to Reg: 0x00 Val: 0x00000000
[inst #1908] addi x0,x0,0
Register Write to Reg: 0x00 Val: 0x00000000
[inst #1909] lw x7,0(x7)
Register Write to Reg: 0x07 Val: 0x00000003
[inst #1910] addi x0,x0,0
Register Write to Reg: 0x00 Val: 0x00000000
[inst #1911] addi x0,x0,0
Register Write to Reg: 0x00 Val: 0x00000000
[inst #1912] addi x0,x0,0
Register Write to Reg: 0x00 Val: 0x00000000
[inst #1913] addi x29,x7,-1
Register Write to Reg: 0x1D Val: 0x00000002
[inst #1914] addi x0,x0,0
Register Write to Reg: 0x00 Val: 0x00000000
[inst #1915] addi x0,x0,0
Register Write to Reg: 0x00 Val: 0x00000000
[inst #1916] addi x0,x0,0
Register Write to Reg: 0x00 Val: 0x00000000
[inst #1917] auipc x28,64528
Register Write to Reg: 0x1C Val: 0x100103B0
[inst #1918] sll x0,x0,x0
Register Write to Reg: 0x00 Val: 0x00000000
[inst #1919] sll x0,x0,x0
Register Write to Reg: 0x00 Val: 0x00000000
[inst #1920] sll x0,x0,x0
Register Write to Reg: 0x00 Val: 0x00000000
[inst #1921] addi x28,x28,-904
Register Write to Reg: 0x1C Val: 0x10010028
[inst #1922] addi x0,x0,0
Register Write to Reg: 0x00 Val: 0x00000000
[inst #1923] addi x0,x0,0
Register Write to Reg: 0x00 Val: 0x00000000
[inst #1924] addi x0,x0,0
Register Write to Reg: 0x00 Val: 0x00000000
[inst #1925] sw x29,0(x28)
Memory Write to Addr: 0x10010028 Val: 0x00000002
[inst #1926] auipc x29,64528
Register Write to Reg: 0x1D Val: 0x100103D4
[inst #1927] sll x0,x0,x0
Register Write to Reg: 0x00 Val: 0x00000000
[inst #1928] sll x0,x0,x0
Register Write to Reg: 0x00 Val: 0x00000000
[inst #1929] sll x0,x0,x0
Register Write to Reg: 0x00 Val: 0x00000000
[inst #1930] addi x29,x29,-980
Register Write to Reg: 0x1D Val: 0x10010000
[inst #1931] addi x0,x0,0
Register Write to Reg: 0x00 Val: 0x00000000
[inst #1932] addi x0,x0,0
Register Write to Reg: 0x00 Val: 0x00000000
[inst #1933] addi x0,x0,0
Register Write to Reg: 0x00 Val: 0x00000000
[inst #1934] slli x28,x7,2
Register Write to Reg: 0x1C Val: 0x0000000C
[inst #1935] addi x0,x0,0
Register Write to Reg: 0x00 Val: 0x00000000
[inst #1936] addi x0,x0,0
Register Write to Reg: 0x00 Val: 0x00000000
[inst #1937] addi x0,x0,0
Register Write to Reg: 0x00 Val: 0x00000000
[inst #1938] srli x28,x28,1
Register Write to Reg: 0x1C Val: 0x00000006
[inst #1939] addi x0,x0,0
Register Write to Reg: 0x00 Val: 0x00000000
[inst #1940] addi x0,x0,0
Register Write to Reg: 0x00 Val: 0x00000000
[inst #1941] addi x0,x0,0
Register Write to Reg: 0x00 Val: 0x00000000
[inst #1942] srai x28,x28,1
Register Write to Reg: 0x1C Val: 0x00000003
[inst #1943] addi x0,x0,0
Register Write to Reg: 0x00 Val: 0x00000000
[inst #1944] addi x0,x0,0
Register Write to Reg: 0x00 Val: 0x00000000
[inst #1945] addi x0,x0,0
Register Write to Reg: 0x00 Val: 0x00000000
[inst #1946] slli x28,x28,2
Register Write to Reg: 0x1C Val: 0x0000000C
[inst #1947] addi x0,x0,0
Register Write to Reg: 0x00 Val: 0x00000000
[inst #1948] addi x0,x0,0
Register Write to Reg: 0x00 Val: 0x00000000
[inst #1949] addi x0,x0,0
Register Write to Reg: 0x00 Val: 0x00000000
[inst #1950] xor x31,x1,x7
Register Write to Reg: 0x1F Val: 0x00400643
[inst #1951] addi x0,x0,0
Register Write to Reg: 0x00 Val: 0x00000000
[inst #1952] addi x0,x0,0
Register Write to Reg: 0x00 Val: 0x00000000
[inst #1953] addi x0,x0,0
Register Write to Reg: 0x00 Val: 0x00000000
[inst #1954] or x31,x1,x7
Register Write to Reg: 0x1F Val: 0x00400643
[inst #1955] addi x0,x0,0
Register Write to Reg: 0x00 Val: 0x00000000
[inst #1956] addi x0,x0,0
Register Write to Reg: 0x00 Val: 0x00000000
[inst #1957] addi x0,x0,0
Register Write to Reg: 0x00 Val: 0x00000000
[inst #1958] sub x31,x0,x31
Register Write to Reg: 0x1F Val: 0xFFBFF9BD
[inst #1959] addi x0,x0,0
Register Write to Reg: 0x00 Val: 0x00000000
[inst #1960] addi x0,x0,0
Register Write to Reg: 0x00 Val: 0x00000000
[inst #1961] addi x0,x0,0
Register Write to Reg: 0x00 Val: 0x00000000
[inst #1962] auipc x7,64528
Register Write to Reg: 0x07 Val: 0x10010464
[inst #1963] sll x0,x0,x0
Register Write to Reg: 0x00 Val: 0x00000000
[inst #1964] sll x0,x0,x0
Register Write to Reg: 0x00 Val: 0x00000000
[inst #1965] sll x0,x0,x0
Register Write to Reg: 0x00 Val: 0x00000000
[inst #1966] addi x7,x7,-1124
Register Write to Reg: 0x07 Val: 0x10010000
[inst #1967] addi x0,x0,0
Register Write to Reg: 0x00 Val: 0x00000000
[inst #1968] addi x0,x0,0
Register Write to Reg: 0x00 Val: 0x00000000
[inst #1969] addi x0,x0,0
Register Write to Reg: 0x00 Val: 0x00000000
[inst #1970] lui x11,16
Register Write to Reg: 0x0B Val: 0x00010000
[inst #1971] addi x0,x0,0
Register Write to Reg: 0x00 Val: 0x00000000
[inst #1972] addi x0,x0,0
Register Write to Reg: 0x00 Val: 0x00000000
[inst #1973] addi x0,x0,0
Register Write to Reg: 0x00 Val: 0x00000000
[inst #1974] addi x11,x11,-1
Register Write to Reg: 0x0B Val: 0x0000FFFF
[inst #1975] addi x0,x0,0
Register Write to Reg: 0x00 Val: 0x00000000
[inst #1976] addi x0,x0,0
Register Write to Reg: 0x00 Val: 0x00000000
[inst #1977] addi x0,x0,0
Register Write to Reg: 0x00 Val: 0x00000000
[inst #1978] and x31,x7,x11
Register Write to Reg: 0x1F Val: 0x00000000
[inst #1979] addi x0,x0,0
Register Write to Reg: 0x00 Val: 0x00000000
[inst #1980] addi x0,x0,0
Register Write to Reg: 0x00 Val: 0x00000000
[inst #1981] addi x0,x0,0
Register Write to Reg: 0x00 Val: 0x00000000
[inst #1982] add x7,x29,x31
Register Write to Reg: 0x07 Val: 0x10010000
[inst #1983] addi x0,x0,0
Register Write to Reg: 0x00 Val: 0x00000000
[inst #1984] addi x0,x0,0
Register Write to Reg: 0x00 Val: 0x00000000
[inst #1985] addi x0,x0,0
Register Write to Reg: 0x00 Val: 0x00000000
[inst #1986] add x7,x28,x7
Register Write to Reg: 0x07 Val: 0x1001000C
[inst #1987] addi x0,x0,0
Register Write to Reg: 0x00 Val: 0x00000000
[inst #1988] addi x0,x0,0
Register Write to Reg: 0x00 Val: 0x00000000
[inst #1989] addi x0,x0,0
Register Write to Reg: 0x00 Val: 0x00000000
[inst #1990] lw x28,48(x8)
Register Write to Reg: 0x1C Val: 0x00000001
[inst #1991] addi x0,x0,0
Register Write to Reg: 0x00 Val: 0x00000000
[inst #1992] addi x0,x0,0
Register Write to Reg: 0x00 Val: 0x00000000
[inst #1993] addi x0,x0,0
Register Write to Reg: 0x00 Val: 0x00000000
[inst #1994] sw x28,0(x7)
Memory Write to Addr: 0x1001000C Val: 0x00000001
[inst #1995] add x2,x0,x8
Register Write to Reg: 0x02 Val: 0x10010F78
[inst #1996] addi x0,x0,0
Register Write to Reg: 0x00 Val: 0x00000000
[inst #1997] addi x0,x0,0
Register Write to Reg: 0x00 Val: 0x00000000
[inst #1998] addi x0,x0,0
Register Write to Reg: 0x00 Val: 0x00000000
[inst #1999] lw x1,44(x2)
Register Write to Reg: 0x01 Val: 0x004002EC
[inst #2000] lw x8,40(x2)
Register Write to Reg: 0x08 Val: 0x10010FA8
[inst #2001] addi x0,x0,0
Register Write to Reg: 0x00 Val: 0x00000000
[inst #2002] addi x0,x0,0
Register Write to Reg: 0x00 Val: 0x00000000
[inst #2003] addi x0,x0,0
Register Write to Reg: 0x00 Val: 0x00000000
[inst #2004] addi x2,x2,48
Register Write to Reg: 0x02 Val: 0x10010FA8
[inst #2005] addi x0,x0,0
Register Write to Reg: 0x00 Val: 0x00000000
[inst #2006] addi x0,x0,0
Register Write to Reg: 0x00 Val: 0x00000000
[inst #2007] jalr x0,x1,0
Register Write to Reg: 0x00 Val: 0x0040051C
[inst #2008] addi x7,x8,28
Register Write to Reg: 0x07 Val: 0x10010FC4
[inst #2009] addi x0,x0,0
Register Write to Reg: 0x00 Val: 0x00000000
[inst #2010] addi x0,x0,0
Register Write to Reg: 0x00 Val: 0x00000000
[inst #2011] addi x0,x0,0
Register Write to Reg: 0x00 Val: 0x00000000
[inst #2012] add x29,x0,x7
Register Write to Reg: 0x1D Val: 0x10010FC4
[inst #2013] addi x0,x0,0
Register Write to Reg: 0x00 Val: 0x00000000
[inst #2014] addi x0,x0,0
Register Write to Reg: 0x00 Val: 0x00000000
[inst #2015] addi x0,x0,0
Register Write to Reg: 0x00 Val: 0x00000000
[inst #2016] auipc x1,0
Register Write to Reg: 0x01 Val: 0x0040030C
[inst #2017] sll x0,x0,x0
Register Write to Reg: 0x00 Val: 0x00000000
[inst #2018] sll x0,x0,x0
Register Write to Reg: 0x00 Val: 0x00000000
[inst #2019] sll x0,x0,x0
Register Write to Reg: 0x00 Val: 0x00000000
[inst #2020] addi x1,x1,44
Register Write to Reg: 0x01 Val: 0x00400338
[inst #2021] addi x0,x0,0
Register Write to Reg: 0x00 Val: 0x00000000
[inst #2022] addi x0,x0,0
Register Write to Reg: 0x00 Val: 0x00000000
[inst #2023] addi x0,x0,0
Register Write to Reg: 0x00 Val: 0x00000000
[inst #2024] jal x0,992
Register Write to Reg: 0x00 Val: 0x00400330
[inst #2025] addi x2,x2,-32
Register Write to Reg: 0x02 Val: 0x10010F88
[inst #2026] addi x0,x0,0
Register Write to Reg: 0x00 Val: 0x00000000
[inst #2027] addi x0,x0,0
Register Write to Reg: 0x00 Val: 0x00000000
[inst #2028] addi x0,x0,0
Register Write to Reg: 0x00 Val: 0x00000000
[inst #2029] sw x1,28(x2)
Memory Write to Addr: 0x10010FA4 Val: 0x00400338
[inst #2030] sw x8,24(x2)
Memory Write to Addr: 0x10010FA0 Val: 0x10010FA8
[inst #2031] addi x0,x0,0
Register Write to Reg: 0x00 Val: 0x00000000
[inst #2032] addi x0,x0,0
Register Write to Reg: 0x00 Val: 0x00000000
[inst #2033] addi x0,x0,0
Register Write to Reg: 0x00 Val: 0x00000000
[inst #2034] add x8,x0,x2
Register Write to Reg: 0x08 Val: 0x10010F88
[inst #2035] addi x0,x0,0
Register Write to Reg: 0x00 Val: 0x00000000
[inst #2036] addi x0,x0,0
Register Write to Reg: 0x00 Val: 0x00000000
[inst #2037] addi x0,x0,0
Register Write to Reg: 0x00 Val: 0x00000000
[inst #2038] sw x29,32(x8)
Memory Write to Addr: 0x10010FA8 Val: 0x10010FC4
[inst #2039] jal x0,300
Register Write to Reg: 0x00 Val: 0x00400748
[inst #2040] lw x7,32(x8)
Register Write to Reg: 0x07 Val: 0x10010FC4
[inst #2041] addi x0,x0,0
Register Write to Reg: 0x00 Val: 0x00000000
[inst #2042] addi x0,x0,0
Register Write to Reg: 0x00 Val: 0x00000000
[inst #2043] addi x0,x0,0
Register Write to Reg: 0x00 Val: 0x00000000
[inst #2044] lw x7,4(x7)
Register Write to Reg: 0x07 Val: 0x00000002
[inst #2045] addi x0,x0,0
Register Write to Reg: 0x00 Val: 0x00000000
[inst #2046] addi x0,x0,0
Register Write to Reg: 0x00 Val: 0x00000000
[inst #2047] addi x0,x0,0
Register Write to Reg: 0x00 Val: 0x00000000
[inst #2048] slti x7,x7,4
Register Write to Reg: 0x07 Val: 0x00000001
[inst #2049] addi x0,x0,0
Register Write to Reg: 0x00 Val: 0x00000000
[inst #2050] addi x0,x0,0
Register Write to Reg: 0x00 Val: 0x00000000
[inst #2051] addi x0,x0,0
Register Write to Reg: 0x00 Val: 0x00000000
[inst #2052] beq x7,x0,24
[inst #2053] addi x0,x0,0
Register Write to Reg: 0x00 Val: 0x00000000
[inst #2054] addi x0,x0,0
Register Write to Reg: 0x00 Val: 0x00000000
[inst #2055] jal x0,-348
Register Write to Reg: 0x00 Val: 0x004008B0
[inst #2056] lw x7,32(x8)
Register Write to Reg: 0x07 Val: 0x10010FC4
[inst #2057] addi x0,x0,0
Register Write to Reg: 0x00 Val: 0x00000000
[inst #2058] addi x0,x0,0
Register Write to Reg: 0x00 Val: 0x00000000
[inst #2059] addi x0,x0,0
Register Write to Reg: 0x00 Val: 0x00000000
[inst #2060] lw x28,0(x7)
Register Write to Reg: 0x1C Val: 0x00000000
[inst #2061] addi x0,x0,0
Register Write to Reg: 0x00 Val: 0x00000000
[inst #2062] addi x0,x0,0
Register Write to Reg: 0x00 Val: 0x00000000
[inst #2063] addi x0,x0,0
Register Write to Reg: 0x00 Val: 0x00000000
[inst #2064] lw x7,32(x8)
Register Write to Reg: 0x07 Val: 0x10010FC4
[inst #2065] addi x0,x0,0
Register Write to Reg: 0x00 Val: 0x00000000
[inst #2066] addi x0,x0,0
Register Write to Reg: 0x00 Val: 0x00000000
[inst #2067] addi x0,x0,0
Register Write to Reg: 0x00 Val: 0x00000000
[inst #2068] lw x7,4(x7)
Register Write to Reg: 0x07 Val: 0x00000002
[inst #2069] addi x0,x0,0
Register Write to Reg: 0x00 Val: 0x00000000
[inst #2070] addi x0,x0,0
Register Write to Reg: 0x00 Val: 0x00000000
[inst #2071] addi x0,x0,0
Register Write to Reg: 0x00 Val: 0x00000000
[inst #2072] add x30,x0,x7
Register Write to Reg: 0x1E Val: 0x00000002
[inst #2073] add x29,x0,x28
Register Write to Reg: 0x1D Val: 0x00000000
[inst #2074] addi x0,x0,0
Register Write to Reg: 0x00 Val: 0x00000000
[inst #2075] addi x0,x0,0
Register Write to Reg: 0x00 Val: 0x00000000
[inst #2076] addi x0,x0,0
Register Write to Reg: 0x00 Val: 0x00000000
[inst #2077] auipc x1,0
Register Write to Reg: 0x01 Val: 0x004007A4
[inst #2078] sll x0,x0,x0
Register Write to Reg: 0x00 Val: 0x00000000
[inst #2079] sll x0,x0,x0
Register Write to Reg: 0x00 Val: 0x00000000
[inst #2080] sll x0,x0,x0
Register Write to Reg: 0x00 Val: 0x00000000
[inst #2081] addi x1,x1,44
Register Write to Reg: 0x01 Val: 0x004007D0
[inst #2082] addi x0,x0,0
Register Write to Reg: 0x00 Val: 0x00000000
[inst #2083] addi x0,x0,0
Register Write to Reg: 0x00 Val: 0x00000000
[inst #2084] addi x0,x0,0
Register Write to Reg: 0x00 Val: 0x00000000
[inst #2085] jal x0,308
Register Write to Reg: 0x00 Val: 0x004007C8
[inst #2086] addi x2,x2,-32
Register Write to Reg: 0x02 Val: 0x10010F68
[inst #2087] addi x0,x0,0
Register Write to Reg: 0x00 Val: 0x00000000
[inst #2088] addi x0,x0,0
Register Write to Reg: 0x00 Val: 0x00000000
[inst #2089] addi x0,x0,0
Register Write to Reg: 0x00 Val: 0x00000000
[inst #2090] sw x8,28(x2)
Memory Write to Addr: 0x10010F84 Val: 0x10010F88
[inst #2091] addi x0,x0,0
Register Write to Reg: 0x00 Val: 0x00000000
[inst #2092] addi x0,x0,0
Register Write to Reg: 0x00 Val: 0x00000000
[inst #2093] addi x0,x0,0
Register Write to Reg: 0x00 Val: 0x00000000
[inst #2094] add x8,x0,x2
Register Write to Reg: 0x08 Val: 0x10010F68
[inst #2095] addi x0,x0,0
Register Write to Reg: 0x00 Val: 0x00000000
[inst #2096] addi x0,x0,0
Register Write to Reg: 0x00 Val: 0x00000000
[inst #2097] addi x0,x0,0
Register Write to Reg: 0x00 Val: 0x00000000
[inst #2098] sw x29,32(x8)
Memory Write to Addr: 0x10010F88 Val: 0x00000000
[inst #2099] sw x30,36(x8)
Memory Write to Addr: 0x10010F8C Val: 0x00000002
[inst #2100] auipc x7,64527
Register Write to Reg: 0x07 Val: 0x1000F930
[inst #2101] sll x0,x0,x0
Register Write to Reg: 0x00 Val: 0x00000000
[inst #2102] sll x0,x0,x0
Register Write to Reg: 0x00 Val: 0x00000000
[inst #2103] sll x0,x0,x0
Register Write to Reg: 0x00 Val: 0x00000000
[inst #2104] addi x7,x7,1764
Register Write to Reg: 0x07 Val: 0x10010014
[inst #2105] addi x0,x0,0
Register Write to Reg: 0x00 Val: 0x00000000
[inst #2106] addi x0,x0,0
Register Write to Reg: 0x00 Val: 0x00000000
[inst #2107] addi x0,x0,0
Register Write to Reg: 0x00 Val: 0x00000000
[inst #2108] lw x28,32(x8)
Register Write to Reg: 0x1C Val: 0x00000000
[inst #2109] addi x0,x0,0
Register Write to Reg: 0x00 Val: 0x00000000
[inst #2110] addi x0,x0,0
Register Write to Reg: 0x00 Val: 0x00000000
[inst #2111] addi x0,x0,0
Register Write to Reg: 0x00 Val: 0x00000000
[inst #2112] slli x28,x28,2
Register Write to Reg: 0x1C Val: 0x00000000
[inst #2113] addi x0,x0,0
Register Write to Reg: 0x00 Val: 0x00000000
[inst #2114] addi x0,x0,0
Register Write to Reg: 0x00 Val: 0x00000000
[inst #2115] addi x0,x0,0
Register Write to Reg: 0x00 Val: 0x00000000
[inst #2116] add x7,x28,x7
Register Write to Reg: 0x07 Val: 0x10010014
[inst #2117] addi x0,x0,0
Register Write to Reg: 0x00 Val: 0x00000000
[inst #2118] addi x0,x0,0
Register Write to Reg: 0x00 Val: 0x00000000
[inst #2119] addi x0,x0,0
Register Write to Reg: 0x00 Val: 0x00000000
[inst #2120] lw x7,0(x7)
Register Write to Reg: 0x07 Val: 0x00000006
[inst #2121] addi x0,x0,0
Register Write to Reg: 0x00 Val: 0x00000000
[inst #2122] addi x0,x0,0
Register Write to Reg: 0x00 Val: 0x00000000
[inst #2123] addi x0,x0,0
Register Write to Reg: 0x00 Val: 0x00000000
[inst #2124] sw x7,16(x8)
Memory Write to Addr: 0x10010F78 Val: 0x00000006
[inst #2125] addi x7,x0,1
Register Write to Reg: 0x07 Val: 0x00000001
[inst #2126] addi x0,x0,0
Register Write to Reg: 0x00 Val: 0x00000000
[inst #2127] addi x0,x0,0
Register Write to Reg: 0x00 Val: 0x00000000
[inst #2128] addi x0,x0,0
Register Write to Reg: 0x00 Val: 0x00000000
[inst #2129] sw x7,8(x8)
Memory Write to Addr: 0x10010F70 Val: 0x00000001
[inst #2130] sw x0,12(x8)
Memory Write to Addr: 0x10010F74 Val: 0x00000000
[inst #2131] jal x0,84
Register Write to Reg: 0x00 Val: 0x004009B0
[inst #2132] lw x28,12(x8)
Register Write to Reg: 0x1C Val: 0x00000000
[inst #2133] lw x7,36(x8)
Register Write to Reg: 0x07 Val: 0x00000002
[inst #2134] addi x0,x0,0
Register Write to Reg: 0x00 Val: 0x00000000
[inst #2135] addi x0,x0,0
Register Write to Reg: 0x00 Val: 0x00000000
[inst #2136] addi x0,x0,0
Register Write to Reg: 0x00 Val: 0x00000000
[inst #2137] slt x7,x28,x7
Register Write to Reg: 0x07 Val: 0x00000001
[inst #2138] addi x0,x0,0
Register Write to Reg: 0x00 Val: 0x00000000
[inst #2139] addi x0,x0,0
Register Write to Reg: 0x00 Val: 0x00000000
[inst #2140] addi x0,x0,0
Register Write to Reg: 0x00 Val: 0x00000000
[inst #2141] beq x7,x0,24
[inst #2142] addi x0,x0,0
Register Write to Reg: 0x00 Val: 0x00000000
[inst #2143] addi x0,x0,0
Register Write to Reg: 0x00 Val: 0x00000000
[inst #2144] jal x0,-120
Register Write to Reg: 0x00 Val: 0x00400A34
[inst #2145] lw x7,8(x8)
Register Write to Reg: 0x07 Val: 0x00000001
[inst #2146] addi x0,x0,0
Register Write to Reg: 0x00 Val: 0x00000000
[inst #2147] addi x0,x0,0
Register Write to Reg: 0x00 Val: 0x00000000
[inst #2148] addi x0,x0,0
Register Write to Reg: 0x00 Val: 0x00000000
[inst #2149] slli x7,x7,1
Register Write to Reg: 0x07 Val: 0x00000002
[inst #2150] addi x0,x0,0
Register Write to Reg: 0x00 Val: 0x00000000
[inst #2151] addi x0,x0,0
Register Write to Reg: 0x00 Val: 0x00000000
[inst #2152] addi x0,x0,0
Register Write to Reg: 0x00 Val: 0x00000000
[inst #2153] sw x7,8(x8)
Memory Write to Addr: 0x10010F70 Val: 0x00000002
[inst #2154] lw x7,12(x8)
Register Write to Reg: 0x07 Val: 0x00000000
[inst #2155] addi x0,x0,0
Register Write to Reg: 0x00 Val: 0x00000000
[inst #2156] addi x0,x0,0
Register Write to Reg: 0x00 Val: 0x00000000
[inst #2157] addi x0,x0,0
Register Write to Reg: 0x00 Val: 0x00000000
[inst #2158] addi x7,x7,1
Register Write to Reg: 0x07 Val: 0x00000001
[inst #2159] addi x0,x0,0
Register Write to Reg: 0x00 Val: 0x00000000
[inst #2160] addi x0,x0,0
Register Write to Reg: 0x00 Val: 0x00000000
[inst #2161] addi x0,x0,0
Register Write to Reg: 0x00 Val: 0x00000000
[inst #2162] sw x7,12(x8)
Memory Write to Addr: 0x10010F74 Val: 0x00000001
[inst #2163] lw x28,12(x8)
Register Write to Reg: 0x1C Val: 0x00000001
[inst #2164] lw x7,36(x8)
Register Write to Reg: 0x07 Val: 0x00000002
[inst #2165] addi x0,x0,0
Register Write to Reg: 0x00 Val: 0x00000000
[inst #2166] addi x0,x0,0
Register Write to Reg: 0x00 Val: 0x00000000
[inst #2167] addi x0,x0,0
Register Write to Reg: 0x00 Val: 0x00000000
[inst #2168] slt x7,x28,x7
Register Write to Reg: 0x07 Val: 0x00000001
[inst #2169] addi x0,x0,0
Register Write to Reg: 0x00 Val: 0x00000000
[inst #2170] addi x0,x0,0
Register Write to Reg: 0x00 Val: 0x00000000
[inst #2171] addi x0,x0,0
Register Write to Reg: 0x00 Val: 0x00000000
[inst #2172] beq x7,x0,24
[inst #2173] addi x0,x0,0
Register Write to Reg: 0x00 Val: 0x00000000
[inst #2174] addi x0,x0,0
Register Write to Reg: 0x00 Val: 0x00000000
[inst #2175] jal x0,-120
Register Write to Reg: 0x00 Val: 0x00400A34
[inst #2176] lw x7,8(x8)
Register Write to Reg: 0x07 Val: 0x00000002
[inst #2177] addi x0,x0,0
Register Write to Reg: 0x00 Val: 0x00000000
[inst #2178] addi x0,x0,0
Register Write to Reg: 0x00 Val: 0x00000000
[inst #2179] addi x0,x0,0
Register Write to Reg: 0x00 Val: 0x00000000
[inst #2180] slli x7,x7,1
Register Write to Reg: 0x07 Val: 0x00000004
[inst #2181] addi x0,x0,0
Register Write to Reg: 0x00 Val: 0x00000000
[inst #2182] addi x0,x0,0
Register Write to Reg: 0x00 Val: 0x00000000
[inst #2183] addi x0,x0,0
Register Write to Reg: 0x00 Val: 0x00000000
[inst #2184] sw x7,8(x8)
Memory Write to Addr: 0x10010F70 Val: 0x00000004
[inst #2185] lw x7,12(x8)
Register Write to Reg: 0x07 Val: 0x00000001
[inst #2186] addi x0,x0,0
Register Write to Reg: 0x00 Val: 0x00000000
[inst #2187] addi x0,x0,0
Register Write to Reg: 0x00 Val: 0x00000000
[inst #2188] addi x0,x0,0
Register Write to Reg: 0x00 Val: 0x00000000
[inst #2189] addi x7,x7,1
Register Write to Reg: 0x07 Val: 0x00000002
[inst #2190] addi x0,x0,0
Register Write to Reg: 0x00 Val: 0x00000000
[inst #2191] addi x0,x0,0
Register Write to Reg: 0x00 Val: 0x00000000
[inst #2192] addi x0,x0,0
Register Write to Reg: 0x00 Val: 0x00000000
[inst #2193] sw x7,12(x8)
Memory Write to Addr: 0x10010F74 Val: 0x00000002
[inst #2194] lw x28,12(x8)
Register Write to Reg: 0x1C Val: 0x00000002
[inst #2195] lw x7,36(x8)
Register Write to Reg: 0x07 Val: 0x00000002
[inst #2196] addi x0,x0,0
Register Write to Reg: 0x00 Val: 0x00000000
[inst #2197] addi x0,x0,0
Register Write to Reg: 0x00 Val: 0x00000000
[inst #2198] addi x0,x0,0
Register Write to Reg: 0x00 Val: 0x00000000
[inst #2199] slt x7,x28,x7
Register Write to Reg: 0x07 Val: 0x00000000
[inst #2200] addi x0,x0,0
Register Write to Reg: 0x00 Val: 0x00000000
[inst #2201] addi x0,x0,0
Register Write to Reg: 0x00 Val: 0x00000000
[inst #2202] addi x0,x0,0
Register Write to Reg: 0x00 Val: 0x00000000
[inst #2203] beq x7,x0,24
[inst #2204] lw x28,8(x8)
Register Write to Reg: 0x1C Val: 0x00000004
[inst #2205] lw x7,16(x8)
Register Write to Reg: 0x07 Val: 0x00000006
[inst #2206] addi x0,x0,0
Register Write to Reg: 0x00 Val: 0x00000000
[inst #2207] addi x0,x0,0
Register Write to Reg: 0x00 Val: 0x00000000
[inst #2208] addi x0,x0,0
Register Write to Reg: 0x00 Val: 0x00000000
[inst #2209] and x7,x28,x7
Register Write to Reg: 0x07 Val: 0x00000004
[inst #2210] addi x0,x0,0
Register Write to Reg: 0x00 Val: 0x00000000
[inst #2211] addi x0,x0,0
Register Write to Reg: 0x00 Val: 0x00000000
[inst #2212] addi x0,x0,0
Register Write to Reg: 0x00 Val: 0x00000000
[inst #2213] slt x7,x0,x7
Register Write to Reg: 0x07 Val: 0x00000001
[inst #2214] addi x0,x0,0
Register Write to Reg: 0x00 Val: 0x00000000
[inst #2215] addi x0,x0,0
Register Write to Reg: 0x00 Val: 0x00000000
[inst #2216] addi x0,x0,0
Register Write to Reg: 0x00 Val: 0x00000000
[inst #2217] andi x7,x7,255
Register Write to Reg: 0x07 Val: 0x00000001
[inst #2218] addi x0,x0,0
Register Write to Reg: 0x00 Val: 0x00000000
[inst #2219] addi x0,x0,0
Register Write to Reg: 0x00 Val: 0x00000000
[inst #2220] addi x0,x0,0
Register Write to Reg: 0x00 Val: 0x00000000
[inst #2221] add x2,x0,x8
Register Write to Reg: 0x02 Val: 0x10010F68
[inst #2222] addi x0,x0,0
Register Write to Reg: 0x00 Val: 0x00000000
[inst #2223] addi x0,x0,0
Register Write to Reg: 0x00 Val: 0x00000000
[inst #2224] addi x0,x0,0
Register Write to Reg: 0x00 Val: 0x00000000
[inst #2225] lw x8,28(x2)
Register Write to Reg: 0x08 Val: 0x10010F88
[inst #2226] addi x0,x0,0
Register Write to Reg: 0x00 Val: 0x00000000
[inst #2227] addi x0,x0,0
Register Write to Reg: 0x00 Val: 0x00000000
[inst #2228] addi x0,x0,0
Register Write to Reg: 0x00 Val: 0x00000000
[inst #2229] addi x2,x2,32
Register Write to Reg: 0x02 Val: 0x10010F88
[inst #2230] addi x0,x0,0
Register Write to Reg: 0x00 Val: 0x00000000
[inst #2231] addi x0,x0,0
Register Write to Reg: 0x00 Val: 0x00000000
[inst #2232] jalr x0,x1,0
Register Write to Reg: 0x00 Val: 0x00400AB0
[inst #2233] beq x7,x0,92
[inst #2234] addi x0,x0,0
Register Write to Reg: 0x00 Val: 0x00000000
[inst #2235] addi x0,x0,0
Register Write to Reg: 0x00 Val: 0x00000000
[inst #2236] lw x7,32(x8)
Register Write to Reg: 0x07 Val: 0x10010FC4
[inst #2237] addi x0,x0,0
Register Write to Reg: 0x00 Val: 0x00000000
[inst #2238] addi x0,x0,0
Register Write to Reg: 0x00 Val: 0x00000000
[inst #2239] addi x0,x0,0
Register Write to Reg: 0x00 Val: 0x00000000
[inst #2240] lw x7,4(x7)
Register Write to Reg: 0x07 Val: 0x00000002
[inst #2241] addi x0,x0,0
Register Write to Reg: 0x00 Val: 0x00000000
[inst #2242] addi x0,x0,0
Register Write to Reg: 0x00 Val: 0x00000000
[inst #2243] addi x0,x0,0
Register Write to Reg: 0x00 Val: 0x00000000
[inst #2244] addi x29,x7,1
Register Write to Reg: 0x1D Val: 0x00000003
[inst #2245] addi x0,x0,0
Register Write to Reg: 0x00 Val: 0x00000000
[inst #2246] addi x0,x0,0
Register Write to Reg: 0x00 Val: 0x00000000
[inst #2247] addi x0,x0,0
Register Write to Reg: 0x00 Val: 0x00000000
[inst #2248] lw x28,32(x8)
Register Write to Reg: 0x1C Val: 0x10010FC4
[inst #2249] addi x0,x0,0
Register Write to Reg: 0x00 Val: 0x00000000
[inst #2250] addi x0,x0,0
Register Write to Reg: 0x00 Val: 0x00000000
[inst #2251] addi x0,x0,0
Register Write to Reg: 0x00 Val: 0x00000000
[inst #2252] sw x29,4(x28)
Memory Write to Addr: 0x10010FC8 Val: 0x00000003
[inst #2253] jal x0,156
Register Write to Reg: 0x00 Val: 0x00400824
[inst #2254] add x2,x0,x8
Register Write to Reg: 0x02 Val: 0x10010F88
[inst #2255] addi x0,x0,0
Register Write to Reg: 0x00 Val: 0x00000000
[inst #2256] addi x0,x0,0
Register Write to Reg: 0x00 Val: 0x00000000
[inst #2257] addi x0,x0,0
Register Write to Reg: 0x00 Val: 0x00000000
[inst #2258] lw x1,28(x2)
Register Write to Reg: 0x01 Val: 0x00400338
[inst #2259] lw x8,24(x2)
Register Write to Reg: 0x08 Val: 0x10010FA8
[inst #2260] addi x0,x0,0
Register Write to Reg: 0x00 Val: 0x00000000
[inst #2261] addi x0,x0,0
Register Write to Reg: 0x00 Val: 0x00000000
[inst #2262] addi x0,x0,0
Register Write to Reg: 0x00 Val: 0x00000000
[inst #2263] addi x2,x2,32
Register Write to Reg: 0x02 Val: 0x10010FA8
[inst #2264] addi x0,x0,0
Register Write to Reg: 0x00 Val: 0x00000000
[inst #2265] addi x0,x0,0
Register Write to Reg: 0x00 Val: 0x00000000
[inst #2266] jalr x0,x1,0
Register Write to Reg: 0x00 Val: 0x004008F0
[inst #2267] sw x7,24(x8)
Memory Write to Addr: 0x10010FC0 Val: 0x00000002
[inst #2268] lw x28,24(x8)
Register Write to Reg: 0x1C Val: 0x00000002
[inst #2269] addi x0,x0,0
Register Write to Reg: 0x00 Val: 0x00000000
[inst #2270] addi x0,x0,0
Register Write to Reg: 0x00 Val: 0x00000000
[inst #2271] addi x0,x0,0
Register Write to Reg: 0x00 Val: 0x00000000
[inst #2272] addi x7,x0,-1
Register Write to Reg: 0x07 Val: 0xFFFFFFFF
[inst #2273] addi x0,x0,0
Register Write to Reg: 0x00 Val: 0x00000000
[inst #2274] addi x0,x0,0
Register Write to Reg: 0x00 Val: 0x00000000
[inst #2275] beq x28,x7,24
[inst #2276] addi x0,x0,0
Register Write to Reg: 0x00 Val: 0x00000000
[inst #2277] addi x0,x0,0
Register Write to Reg: 0x00 Val: 0x00000000
[inst #2278] jal x0,-284
Register Write to Reg: 0x00 Val: 0x00400368
[inst #2279] lw x29,24(x8)
Register Write to Reg: 0x1D Val: 0x00000002
[inst #2280] addi x0,x0,0
Register Write to Reg: 0x00 Val: 0x00000000
[inst #2281] addi x0,x0,0
Register Write to Reg: 0x00 Val: 0x00000000
[inst #2282] addi x0,x0,0
Register Write to Reg: 0x00 Val: 0x00000000
[inst #2283] auipc x1,0
Register Write to Reg: 0x01 Val: 0x00400258
[inst #2284] sll x0,x0,x0
Register Write to Reg: 0x00 Val: 0x00000000
[inst #2285] sll x0,x0,x0
Register Write to Reg: 0x00 Val: 0x00000000
[inst #2286] sll x0,x0,x0
Register Write to Reg: 0x00 Val: 0x00000000
[inst #2287] addi x1,x1,44
Register Write to Reg: 0x01 Val: 0x00400284
[inst #2288] addi x0,x0,0
Register Write to Reg: 0x00 Val: 0x00000000
[inst #2289] addi x0,x0,0
Register Write to Reg: 0x00 Val: 0x00000000
[inst #2290] addi x0,x0,0
Register Write to Reg: 0x00 Val: 0x00000000
[inst #2291] jal x0,2508
Register Write to Reg: 0x00 Val: 0x0040027C
[inst #2292] addi x2,x2,-32
Register Write to Reg: 0x02 Val: 0x10010F88
[inst #2293] addi x0,x0,0
Register Write to Reg: 0x00 Val: 0x00000000
[inst #2294] addi x0,x0,0
Register Write to Reg: 0x00 Val: 0x00000000
[inst #2295] addi x0,x0,0
Register Write to Reg: 0x00 Val: 0x00000000
[inst #2296] sw x8,28(x2)
Memory Write to Addr: 0x10010FA4 Val: 0x10010FA8
[inst #2297] addi x0,x0,0
Register Write to Reg: 0x00 Val: 0x00000000
[inst #2298] addi x0,x0,0
Register Write to Reg: 0x00 Val: 0x00000000
[inst #2299] addi x0,x0,0
Register Write to Reg: 0x00 Val: 0x00000000
[inst #2300] add x8,x0,x2
Register Write to Reg: 0x08 Val: 0x10010F88
[inst #2301] addi x0,x0,0
Register Write to Reg: 0x00 Val: 0x00000000
[inst #2302] addi x0,x0,0
Register Write to Reg: 0x00 Val: 0x00000000
[inst #2303] addi x0,x0,0
Register Write to Reg: 0x00 Val: 0x00000000
[inst #2304] sw x29,32(x8)
Memory Write to Addr: 0x10010FA8 Val: 0x00000002
[inst #2305] ori x7,x0,1
Register Write to Reg: 0x07 Val: 0x00000001
[inst #2306] addi x0,x0,0
Register Write to Reg: 0x00 Val: 0x00000000
[inst #2307] addi x0,x0,0
Register Write to Reg: 0x00 Val: 0x00000000
[inst #2308] addi x0,x0,0
Register Write to Reg: 0x00 Val: 0x00000000
[inst #2309] sw x7,8(x8)
Memory Write to Addr: 0x10010F90 Val: 0x00000001
[inst #2310] sw x0,12(x8)
Memory Write to Addr: 0x10010F94 Val: 0x00000000
[inst #2311] jal x0,84
Register Write to Reg: 0x00 Val: 0x00400C94
[inst #2312] lw x28,12(x8)
Register Write to Reg: 0x1C Val: 0x00000000
[inst #2313] lw x7,32(x8)
Register Write to Reg: 0x07 Val: 0x00000002
[inst #2314] addi x0,x0,0
Register Write to Reg: 0x00 Val: 0x00000000
[inst #2315] addi x0,x0,0
Register Write to Reg: 0x00 Val: 0x00000000
[inst #2316] addi x0,x0,0
Register Write to Reg: 0x00 Val: 0x00000000
[inst #2317] slt x7,x28,x7
Register Write to Reg: 0x07 Val: 0x00000001
[inst #2318] addi x0,x0,0
Register Write to Reg: 0x00 Val: 0x00000000
[inst #2319] addi x0,x0,0
Register Write to Reg: 0x00 Val: 0x00000000
[inst #2320] addi x0,x0,0
Register Write to Reg: 0x00 Val: 0x00000000
[inst #2321] beq x7,x0,24
[inst #2322] addi x0,x0,0
Register Write to Reg: 0x00 Val: 0x00000000
[inst #2323] addi x0,x0,0
Register Write to Reg: 0x00 Val: 0x00000000
[inst #2324] jal x0,-120
Register Write to Reg: 0x00 Val: 0x00400D18
[inst #2325] lw x7,8(x8)
Register Write to Reg: 0x07 Val: 0x00000001
[inst #2326] addi x0,x0,0
Register Write to Reg: 0x00 Val: 0x00000000
[inst #2327] addi x0,x0,0
Register Write to Reg: 0x00 Val: 0x00000000
[inst #2328] addi x0,x0,0
Register Write to Reg: 0x00 Val: 0x00000000
[inst #2329] slli x7,x7,8
Register Write to Reg: 0x07 Val: 0x00000100
[inst #2330] addi x0,x0,0
Register Write to Reg: 0x00 Val: 0x00000000
[inst #2331] addi x0,x0,0
Register Write to Reg: 0x00 Val: 0x00000000
[inst #2332] addi x0,x0,0
Register Write to Reg: 0x00 Val: 0x00000000
[inst #2333] sw x7,8(x8)
Memory Write to Addr: 0x10010F90 Val: 0x00000100
[inst #2334] lw x7,12(x8)
Register Write to Reg: 0x07 Val: 0x00000000
[inst #2335] addi x0,x0,0
Register Write to Reg: 0x00 Val: 0x00000000
[inst #2336] addi x0,x0,0
Register Write to Reg: 0x00 Val: 0x00000000
[inst #2337] addi x0,x0,0
Register Write to Reg: 0x00 Val: 0x00000000
[inst #2338] addi x7,x7,1
Register Write to Reg: 0x07 Val: 0x00000001
[inst #2339] addi x0,x0,0
Register Write to Reg: 0x00 Val: 0x00000000
[inst #2340] addi x0,x0,0
Register Write to Reg: 0x00 Val: 0x00000000
[inst #2341] addi x0,x0,0
Register Write to Reg: 0x00 Val: 0x00000000
[inst #2342] sw x7,12(x8)
Memory Write to Addr: 0x10010F94 Val: 0x00000001
[inst #2343] lw x28,12(x8)
Register Write to Reg: 0x1C Val: 0x00000001
[inst #2344] lw x7,32(x8)
Register Write to Reg: 0x07 Val: 0x00000002
[inst #2345] addi x0,x0,0
Register Write to Reg: 0x00 Val: 0x00000000
[inst #2346] addi x0,x0,0
Register Write to Reg: 0x00 Val: 0x00000000
[inst #2347] addi x0,x0,0
Register Write to Reg: 0x00 Val: 0x00000000
[inst #2348] slt x7,x28,x7
Register Write to Reg: 0x07 Val: 0x00000001
[inst #2349] addi x0,x0,0
Register Write to Reg: 0x00 Val: 0x00000000
[inst #2350] addi x0,x0,0
Register Write to Reg: 0x00 Val: 0x00000000
[inst #2351] addi x0,x0,0
Register Write to Reg: 0x00 Val: 0x00000000
[inst #2352] beq x7,x0,24
[inst #2353] addi x0,x0,0
Register Write to Reg: 0x00 Val: 0x00000000
[inst #2354] addi x0,x0,0
Register Write to Reg: 0x00 Val: 0x00000000
[inst #2355] jal x0,-120
Register Write to Reg: 0x00 Val: 0x00400D18
[inst #2356] lw x7,8(x8)
Register Write to Reg: 0x07 Val: 0x00000100
[inst #2357] addi x0,x0,0
Register Write to Reg: 0x00 Val: 0x00000000
[inst #2358] addi x0,x0,0
Register Write to Reg: 0x00 Val: 0x00000000
[inst #2359] addi x0,x0,0
Register Write to Reg: 0x00 Val: 0x00000000
[inst #2360] slli x7,x7,8
Register Write to Reg: 0x07 Val: 0x00010000
[inst #2361] addi x0,x0,0
Register Write to Reg: 0x00 Val: 0x00000000
[inst #2362] addi x0,x0,0
Register Write to Reg: 0x00 Val: 0x00000000
[inst #2363] addi x0,x0,0
Register Write to Reg: 0x00 Val: 0x00000000
[inst #2364] sw x7,8(x8)
Memory Write to Addr: 0x10010F90 Val: 0x00010000
[inst #2365] lw x7,12(x8)
Register Write to Reg: 0x07 Val: 0x00000001
[inst #2366] addi x0,x0,0
Register Write to Reg: 0x00 Val: 0x00000000
[inst #2367] addi x0,x0,0
Register Write to Reg: 0x00 Val: 0x00000000
[inst #2368] addi x0,x0,0
Register Write to Reg: 0x00 Val: 0x00000000
[inst #2369] addi x7,x7,1
Register Write to Reg: 0x07 Val: 0x00000002
[inst #2370] addi x0,x0,0
Register Write to Reg: 0x00 Val: 0x00000000
[inst #2371] addi x0,x0,0
Register Write to Reg: 0x00 Val: 0x00000000
[inst #2372] addi x0,x0,0
Register Write to Reg: 0x00 Val: 0x00000000
[inst #2373] sw x7,12(x8)
Memory Write to Addr: 0x10010F94 Val: 0x00000002
[inst #2374] lw x28,12(x8)
Register Write to Reg: 0x1C Val: 0x00000002
[inst #2375] lw x7,32(x8)
Register Write to Reg: 0x07 Val: 0x00000002
[inst #2376] addi x0,x0,0
Register Write to Reg: 0x00 Val: 0x00000000
[inst #2377] addi x0,x0,0
Register Write to Reg: 0x00 Val: 0x00000000
[inst #2378] addi x0,x0,0
Register Write to Reg: 0x00 Val: 0x00000000
[inst #2379] slt x7,x28,x7
Register Write to Reg: 0x07 Val: 0x00000000
[inst #2380] addi x0,x0,0
Register Write to Reg: 0x00 Val: 0x00000000
[inst #2381] addi x0,x0,0
Register Write to Reg: 0x00 Val: 0x00000000
[inst #2382] addi x0,x0,0
Register Write to Reg: 0x00 Val: 0x00000000
[inst #2383] beq x7,x0,24
[inst #2384] auipc x7,64527
Register Write to Reg: 0x07 Val: 0x1000FD20
[inst #2385] sll x0,x0,x0
Register Write to Reg: 0x00 Val: 0x00000000
[inst #2386] sll x0,x0,x0
Register Write to Reg: 0x00 Val: 0x00000000
[inst #2387] sll x0,x0,x0
Register Write to Reg: 0x00 Val: 0x00000000
[inst #2388] addi x7,x7,772
Register Write to Reg: 0x07 Val: 0x10010024
[inst #2389] addi x0,x0,0
Register Write to Reg: 0x00 Val: 0x00000000
[inst #2390] addi x0,x0,0
Register Write to Reg: 0x00 Val: 0x00000000
[inst #2391] addi x0,x0,0
Register Write to Reg: 0x00 Val: 0x00000000
[inst #2392] lw x7,0(x7)
Register Write to Reg: 0x07 Val: 0x00000101
[inst #2393] addi x0,x0,0
Register Write to Reg: 0x00 Val: 0x00000000
[inst #2394] addi x0,x0,0
Register Write to Reg: 0x00 Val: 0x00000000
[inst #2395] addi x0,x0,0
Register Write to Reg: 0x00 Val: 0x00000000
[inst #2396] sw x7,16(x8)
Memory Write to Addr: 0x10010F98 Val: 0x00000101
[inst #2397] lw x28,16(x8)
Register Write to Reg: 0x1C Val: 0x00000101
[inst #2398] addi x0,x0,0
Register Write to Reg: 0x00 Val: 0x00000000
[inst #2399] addi x0,x0,0
Register Write to Reg: 0x00 Val: 0x00000000
[inst #2400] addi x0,x0,0
Register Write to Reg: 0x00 Val: 0x00000000
[inst #2401] lw x7,8(x8)
Register Write to Reg: 0x07 Val: 0x00010000
[inst #2402] addi x0,x0,0
Register Write to Reg: 0x00 Val: 0x00000000
[inst #2403] addi x0,x0,0
Register Write to Reg: 0x00 Val: 0x00000000
[inst #2404] addi x0,x0,0
Register Write to Reg: 0x00 Val: 0x00000000
[inst #2405] and x7,x28,x7
Register Write to Reg: 0x07 Val: 0x00000000
[inst #2406] addi x0,x0,0
Register Write to Reg: 0x00 Val: 0x00000000
[inst #2407] addi x0,x0,0
Register Write to Reg: 0x00 Val: 0x00000000
[inst #2408] addi x0,x0,0
Register Write to Reg: 0x00 Val: 0x00000000
[inst #2409] slt x7,x0,x7
Register Write to Reg: 0x07 Val: 0x00000000
[inst #2410] addi x0,x0,0
Register Write to Reg: 0x00 Val: 0x00000000
[inst #2411] addi x0,x0,0
Register Write to Reg: 0x00 Val: 0x00000000
[inst #2412] addi x0,x0,0
Register Write to Reg: 0x00 Val: 0x00000000
[inst #2413] andi x7,x7,255
Register Write to Reg: 0x07 Val: 0x00000000
[inst #2414] addi x0,x0,0
Register Write to Reg: 0x00 Val: 0x00000000
[inst #2415] addi x0,x0,0
Register Write to Reg: 0x00 Val: 0x00000000
[inst #2416] addi x0,x0,0
Register Write to Reg: 0x00 Val: 0x00000000
[inst #2417] add x2,x0,x8
Register Write to Reg: 0x02 Val: 0x10010F88
[inst #2418] addi x0,x0,0
Register Write to Reg: 0x00 Val: 0x00000000
[inst #2419] addi x0,x0,0
Register Write to Reg: 0x00 Val: 0x00000000
[inst #2420] addi x0,x0,0
Register Write to Reg: 0x00 Val: 0x00000000
[inst #2421] lw x8,28(x2)
Register Write to Reg: 0x08 Val: 0x10010FA8
[inst #2422] addi x0,x0,0
Register Write to Reg: 0x00 Val: 0x00000000
[inst #2423] addi x0,x0,0
Register Write to Reg: 0x00 Val: 0x00000000
[inst #2424] addi x0,x0,0
Register Write to Reg: 0x00 Val: 0x00000000
[inst #2425] addi x2,x2,32
Register Write to Reg: 0x02 Val: 0x10010FA8
[inst #2426] addi x0,x0,0
Register Write to Reg: 0x00 Val: 0x00000000
[inst #2427] addi x0,x0,0
Register Write to Reg: 0x00 Val: 0x00000000
[inst #2428] jalr x0,x1,0
Register Write to Reg: 0x00 Val: 0x00400DD4
[inst #2429] xori x7,x7,1
Register Write to Reg: 0x07 Val: 0x00000001
[inst #2430] addi x0,x0,0
Register Write to Reg: 0x00 Val: 0x00000000
[inst #2431] addi x0,x0,0
Register Write to Reg: 0x00 Val: 0x00000000
[inst #2432] addi x0,x0,0
Register Write to Reg: 0x00 Val: 0x00000000
[inst #2433] andi x7,x7,255
Register Write to Reg: 0x07 Val: 0x00000001
[inst #2434] addi x0,x0,0
Register Write to Reg: 0x00 Val: 0x00000000
[inst #2435] addi x0,x0,0
Register Write to Reg: 0x00 Val: 0x00000000
[inst #2436] addi x0,x0,0
Register Write to Reg: 0x00 Val: 0x00000000
[inst #2437] beq x7,x0,72
[inst #2438] addi x0,x0,0
Register Write to Reg: 0x00 Val: 0x00000000
[inst #2439] addi x0,x0,0
Register Write to Reg: 0x00 Val: 0x00000000
[inst #2440] lw x29,24(x8)
Register Write to Reg: 0x1D Val: 0x00000002
[inst #2441] addi x0,x0,0
Register Write to Reg: 0x00 Val: 0x00000000
[inst #2442] addi x0,x0,0
Register Write to Reg: 0x00 Val: 0x00000000
[inst #2443] addi x0,x0,0
Register Write to Reg: 0x00 Val: 0x00000000
[inst #2444] auipc x1,0
Register Write to Reg: 0x01 Val: 0x004002C0
[inst #2445] sll x0,x0,x0
Register Write to Reg: 0x00 Val: 0x00000000
[inst #2446] sll x0,x0,x0
Register Write to Reg: 0x00 Val: 0x00000000
[inst #2447] sll x0,x0,x0
Register Write to Reg: 0x00 Val: 0x00000000
[inst #2448] addi x1,x1,44
Register Write to Reg: 0x01 Val: 0x004002EC
[inst #2449] addi x0,x0,0
Register Write to Reg: 0x00 Val: 0x00000000
[inst #2450] addi x0,x0,0
Register Write to Reg: 0x00 Val: 0x00000000
[inst #2451] addi x0,x0,0
Register Write to Reg: 0x00 Val: 0x00000000
[inst #2452] jal x0,580
Register Write to Reg: 0x00 Val: 0x004002E4
[inst #2453] addi x2,x2,-48
Register Write to Reg: 0x02 Val: 0x10010F78
[inst #2454] addi x0,x0,0
Register Write to Reg: 0x00 Val: 0x00000000
[inst #2455] addi x0,x0,0
Register Write to Reg: 0x00 Val: 0x00000000
[inst #2456] addi x0,x0,0
Register Write to Reg: 0x00 Val: 0x00000000
[inst #2457] sw x1,44(x2)
Memory Write to Addr: 0x10010FA4 Val: 0x004002EC
[inst #2458] sw x8,40(x2)
Memory Write to Addr: 0x10010FA0 Val: 0x10010FA8
[inst #2459] addi x0,x0,0
Register Write to Reg: 0x00 Val: 0x00000000
[inst #2460] addi x0,x0,0
Register Write to Reg: 0x00 Val: 0x00000000
[inst #2461] addi x0,x0,0
Register Write to Reg: 0x00 Val: 0x00000000
[inst #2462] add x8,x0,x2
Register Write to Reg: 0x08 Val: 0x10010F78
[inst #2463] addi x0,x0,0
Register Write to Reg: 0x00 Val: 0x00000000
[inst #2464] addi x0,x0,0
Register Write to Reg: 0x00 Val: 0x00000000
[inst #2465] addi x0,x0,0
Register Write to Reg: 0x00 Val: 0x00000000
[inst #2466] sw x29,48(x8)
Memory Write to Addr: 0x10010FA8 Val: 0x00000002
[inst #2467] lw x29,48(x8)
Register Write to Reg: 0x1D Val: 0x00000002
[inst #2468] addi x0,x0,0
Register Write to Reg: 0x00 Val: 0x00000000
[inst #2469] addi x0,x0,0
Register Write to Reg: 0x00 Val: 0x00000000
[inst #2470] addi x0,x0,0
Register Write to Reg: 0x00 Val: 0x00000000
[inst #2471] auipc x1,0
Register Write to Reg: 0x01 Val: 0x0040056C
[inst #2472] sll x0,x0,x0
Register Write to Reg: 0x00 Val: 0x00000000
[inst #2473] sll x0,x0,x0
Register Write to Reg: 0x00 Val: 0x00000000
[inst #2474] sll x0,x0,x0
Register Write to Reg: 0x00 Val: 0x00000000
[inst #2475] addi x1,x1,44
Register Write to Reg: 0x01 Val: 0x00400598
[inst #2476] addi x0,x0,0
Register Write to Reg: 0x00 Val: 0x00000000
[inst #2477] addi x0,x0,0
Register Write to Reg: 0x00 Val: 0x00000000
[inst #2478] addi x0,x0,0
Register Write to Reg: 0x00 Val: 0x00000000
[inst #2479] jal x0,1324
Register Write to Reg: 0x00 Val: 0x00400590
[inst #2480] addi x2,x2,-32
Register Write to Reg: 0x02 Val: 0x10010F58
[inst #2481] addi x0,x0,0
Register Write to Reg: 0x00 Val: 0x00000000
[inst #2482] addi x0,x0,0
Register Write to Reg: 0x00 Val: 0x00000000
[inst #2483] addi x0,x0,0
Register Write to Reg: 0x00 Val: 0x00000000
[inst #2484] sw x8,28(x2)
Memory Write to Addr: 0x10010F74 Val: 0x10010F78
[inst #2485] addi x0,x0,0
Register Write to Reg: 0x00 Val: 0x00000000
[inst #2486] addi x0,x0,0
Register Write to Reg: 0x00 Val: 0x00000000
[inst #2487] addi x0,x0,0
Register Write to Reg: 0x00 Val: 0x00000000
[inst #2488] add x8,x0,x2
Register Write to Reg: 0x08 Val: 0x10010F58
[inst #2489] addi x0,x0,0
Register Write to Reg: 0x00 Val: 0x00000000
[inst #2490] addi x0,x0,0
Register Write to Reg: 0x00 Val: 0x00000000
[inst #2491] addi x0,x0,0
Register Write to Reg: 0x00 Val: 0x00000000
[inst #2492] sw x29,32(x8)
Memory Write to Addr: 0x10010F78 Val: 0x00000002
[inst #2493] addi x7,x0,1
Register Write to Reg: 0x07 Val: 0x00000001
[inst #2494] addi x0,x0,0
Register Write to Reg: 0x00 Val: 0x00000000
[inst #2495] addi x0,x0,0
Register Write to Reg: 0x00 Val: 0x00000000
[inst #2496] addi x0,x0,0
Register Write to Reg: 0x00 Val: 0x00000000
[inst #2497] sw x7,8(x8)
Memory Write to Addr: 0x10010F60 Val: 0x00000001
[inst #2498] sw x0,12(x8)
Memory Write to Addr: 0x10010F64 Val: 0x00000000
[inst #2499] jal x0,84
Register Write to Reg: 0x00 Val: 0x00400B08
[inst #2500] lw x28,12(x8)
Register Write to Reg: 0x1C Val: 0x00000000
[inst #2501] lw x7,32(x8)
Register Write to Reg: 0x07 Val: 0x00000002
[inst #2502] addi x0,x0,0
Register Write to Reg: 0x00 Val: 0x00000000
[inst #2503] addi x0,x0,0
Register Write to Reg: 0x00 Val: 0x00000000
[inst #2504] addi x0,x0,0
Register Write to Reg: 0x00 Val: 0x00000000
[inst #2505] slt x7,x28,x7
Register Write to Reg: 0x07 Val: 0x00000001
[inst #2506] addi x0,x0,0
Register Write to Reg: 0x00 Val: 0x00000000
[inst #2507] addi x0,x0,0
Register Write to Reg: 0x00 Val: 0x00000000
[inst #2508] addi x0,x0,0
Register Write to Reg: 0x00 Val: 0x00000000
[inst #2509] beq x7,x0,24
[inst #2510] addi x0,x0,0
Register Write to Reg: 0x00 Val: 0x00000000
[inst #2511] addi x0,x0,0
Register Write to Reg: 0x00 Val: 0x00000000
[inst #2512] jal x0,-120
Register Write to Reg: 0x00 Val: 0x00400B8C
[inst #2513] lw x7,8(x8)
Register Write to Reg: 0x07 Val: 0x00000001
[inst #2514] addi x0,x0,0
Register Write to Reg: 0x00 Val: 0x00000000
[inst #2515] addi x0,x0,0
Register Write to Reg: 0x00 Val: 0x00000000
[inst #2516] addi x0,x0,0
Register Write to Reg: 0x00 Val: 0x00000000
[inst #2517] slli x7,x7,8
Register Write to Reg: 0x07 Val: 0x00000100
[inst #2518] addi x0,x0,0
Register Write to Reg: 0x00 Val: 0x00000000
[inst #2519] addi x0,x0,0
Register Write to Reg: 0x00 Val: 0x00000000
[inst #2520] addi x0,x0,0
Register Write to Reg: 0x00 Val: 0x00000000
[inst #2521] sw x7,8(x8)
Memory Write to Addr: 0x10010F60 Val: 0x00000100
[inst #2522] lw x7,12(x8)
Register Write to Reg: 0x07 Val: 0x00000000
[inst #2523] addi x0,x0,0
Register Write to Reg: 0x00 Val: 0x00000000
[inst #2524] addi x0,x0,0
Register Write to Reg: 0x00 Val: 0x00000000
[inst #2525] addi x0,x0,0
Register Write to Reg: 0x00 Val: 0x00000000
[inst #2526] addi x7,x7,1
Register Write to Reg: 0x07 Val: 0x00000001
[inst #2527] addi x0,x0,0
Register Write to Reg: 0x00 Val: 0x00000000
[inst #2528] addi x0,x0,0
Register Write to Reg: 0x00 Val: 0x00000000
[inst #2529] addi x0,x0,0
Register Write to Reg: 0x00 Val: 0x00000000
[inst #2530] sw x7,12(x8)
Memory Write to Addr: 0x10010F64 Val: 0x00000001
[inst #2531] lw x28,12(x8)
Register Write to Reg: 0x1C Val: 0x00000001
[inst #2532] lw x7,32(x8)
Register Write to Reg: 0x07 Val: 0x00000002
[inst #2533] addi x0,x0,0
Register Write to Reg: 0x00 Val: 0x00000000
[inst #2534] addi x0,x0,0
Register Write to Reg: 0x00 Val: 0x00000000
[inst #2535] addi x0,x0,0
Register Write to Reg: 0x00 Val: 0x00000000
[inst #2536] slt x7,x28,x7
Register Write to Reg: 0x07 Val: 0x00000001
[inst #2537] addi x0,x0,0
Register Write to Reg: 0x00 Val: 0x00000000
[inst #2538] addi x0,x0,0
Register Write to Reg: 0x00 Val: 0x00000000
[inst #2539] addi x0,x0,0
Register Write to Reg: 0x00 Val: 0x00000000
[inst #2540] beq x7,x0,24
[inst #2541] addi x0,x0,0
Register Write to Reg: 0x00 Val: 0x00000000
[inst #2542] addi x0,x0,0
Register Write to Reg: 0x00 Val: 0x00000000
[inst #2543] jal x0,-120
Register Write to Reg: 0x00 Val: 0x00400B8C
[inst #2544] lw x7,8(x8)
Register Write to Reg: 0x07 Val: 0x00000100
[inst #2545] addi x0,x0,0
Register Write to Reg: 0x00 Val: 0x00000000
[inst #2546] addi x0,x0,0
Register Write to Reg: 0x00 Val: 0x00000000
[inst #2547] addi x0,x0,0
Register Write to Reg: 0x00 Val: 0x00000000
[inst #2548] slli x7,x7,8
Register Write to Reg: 0x07 Val: 0x00010000
[inst #2549] addi x0,x0,0
Register Write to Reg: 0x00 Val: 0x00000000
[inst #2550] addi x0,x0,0
Register Write to Reg: 0x00 Val: 0x00000000
[inst #2551] addi x0,x0,0
Register Write to Reg: 0x00 Val: 0x00000000
[inst #2552] sw x7,8(x8)
Memory Write to Addr: 0x10010F60 Val: 0x00010000
[inst #2553] lw x7,12(x8)
Register Write to Reg: 0x07 Val: 0x00000001
[inst #2554] addi x0,x0,0
Register Write to Reg: 0x00 Val: 0x00000000
[inst #2555] addi x0,x0,0
Register Write to Reg: 0x00 Val: 0x00000000
[inst #2556] addi x0,x0,0
Register Write to Reg: 0x00 Val: 0x00000000
[inst #2557] addi x7,x7,1
Register Write to Reg: 0x07 Val: 0x00000002
[inst #2558] addi x0,x0,0
Register Write to Reg: 0x00 Val: 0x00000000
[inst #2559] addi x0,x0,0
Register Write to Reg: 0x00 Val: 0x00000000
[inst #2560] addi x0,x0,0
Register Write to Reg: 0x00 Val: 0x00000000
[inst #2561] sw x7,12(x8)
Memory Write to Addr: 0x10010F64 Val: 0x00000002
[inst #2562] lw x28,12(x8)
Register Write to Reg: 0x1C Val: 0x00000002
[inst #2563] lw x7,32(x8)
Register Write to Reg: 0x07 Val: 0x00000002
[inst #2564] addi x0,x0,0
Register Write to Reg: 0x00 Val: 0x00000000
[inst #2565] addi x0,x0,0
Register Write to Reg: 0x00 Val: 0x00000000
[inst #2566] addi x0,x0,0
Register Write to Reg: 0x00 Val: 0x00000000
[inst #2567] slt x7,x28,x7
Register Write to Reg: 0x07 Val: 0x00000000
[inst #2568] addi x0,x0,0
Register Write to Reg: 0x00 Val: 0x00000000
[inst #2569] addi x0,x0,0
Register Write to Reg: 0x00 Val: 0x00000000
[inst #2570] addi x0,x0,0
Register Write to Reg: 0x00 Val: 0x00000000
[inst #2571] beq x7,x0,24
[inst #2572] auipc x7,64527
Register Write to Reg: 0x07 Val: 0x1000FB94
[inst #2573] sll x0,x0,x0
Register Write to Reg: 0x00 Val: 0x00000000
[inst #2574] sll x0,x0,x0
Register Write to Reg: 0x00 Val: 0x00000000
[inst #2575] sll x0,x0,x0
Register Write to Reg: 0x00 Val: 0x00000000
[inst #2576] addi x7,x7,1168
Register Write to Reg: 0x07 Val: 0x10010024
[inst #2577] addi x0,x0,0
Register Write to Reg: 0x00 Val: 0x00000000
[inst #2578] addi x0,x0,0
Register Write to Reg: 0x00 Val: 0x00000000
[inst #2579] addi x0,x0,0
Register Write to Reg: 0x00 Val: 0x00000000
[inst #2580] sw x7,16(x8)
Memory Write to Addr: 0x10010F68 Val: 0x10010024
[inst #2581] lw x7,16(x8)
Register Write to Reg: 0x07 Val: 0x10010024
[inst #2582] addi x0,x0,0
Register Write to Reg: 0x00 Val: 0x00000000
[inst #2583] addi x0,x0,0
Register Write to Reg: 0x00 Val: 0x00000000
[inst #2584] addi x0,x0,0
Register Write to Reg: 0x00 Val: 0x00000000
[inst #2585] lw x28,0(x7)
Register Write to Reg: 0x1C Val: 0x00000101
[inst #2586] addi x0,x0,0
Register Write to Reg: 0x00 Val: 0x00000000
[inst #2587] addi x0,x0,0
Register Write to Reg: 0x00 Val: 0x00000000
[inst #2588] addi x0,x0,0
Register Write to Reg: 0x00 Val: 0x00000000
[inst #2589] lw x7,8(x8)
Register Write to Reg: 0x07 Val: 0x00010000
[inst #2590] addi x0,x0,0
Register Write to Reg: 0x00 Val: 0x00000000
[inst #2591] addi x0,x0,0
Register Write to Reg: 0x00 Val: 0x00000000
[inst #2592] addi x0,x0,0
Register Write to Reg: 0x00 Val: 0x00000000
[inst #2593] or x28,x28,x7
Register Write to Reg: 0x1C Val: 0x00010101
[inst #2594] addi x0,x0,0
Register Write to Reg: 0x00 Val: 0x00000000
[inst #2595] addi x0,x0,0
Register Write to Reg: 0x00 Val: 0x00000000
[inst #2596] addi x0,x0,0
Register Write to Reg: 0x00 Val: 0x00000000
[inst #2597] lw x7,16(x8)
Register Write to Reg: 0x07 Val: 0x10010024
[inst #2598] addi x0,x0,0
Register Write to Reg: 0x00 Val: 0x00000000
[inst #2599] addi x0,x0,0
Register Write to Reg: 0x00 Val: 0x00000000
[inst #2600] addi x0,x0,0
Register Write to Reg: 0x00 Val: 0x00000000
[inst #2601] sw x28,0(x7)
Memory Write to Addr: 0x10010024 Val: 0x00010101
[inst #2602] add x2,x0,x8
Register Write to Reg: 0x02 Val: 0x10010F58
[inst #2603] addi x0,x0,0
Register Write to Reg: 0x00 Val: 0x00000000
[inst #2604] addi x0,x0,0
Register Write to Reg: 0x00 Val: 0x00000000
[inst #2605] addi x0,x0,0
Register Write to Reg: 0x00 Val: 0x00000000
[inst #2606] lw x8,28(x2)
Register Write to Reg: 0x08 Val: 0x10010F78
[inst #2607] addi x0,x0,0
Register Write to Reg: 0x00 Val: 0x00000000
[inst #2608] addi x0,x0,0
Register Write to Reg: 0x00 Val: 0x00000000
[inst #2609] addi x0,x0,0
Register Write to Reg: 0x00 Val: 0x00000000
[inst #2610] addi x2,x2,32
Register Write to Reg: 0x02 Val: 0x10010F78
[inst #2611] addi x0,x0,0
Register Write to Reg: 0x00 Val: 0x00000000
[inst #2612] addi x0,x0,0
Register Write to Reg: 0x00 Val: 0x00000000
[inst #2613] jalr x0,x1,0
Register Write to Reg: 0x00 Val: 0x00400C3C
[inst #2614] addi x7,x8,28
Register Write to Reg: 0x07 Val: 0x10010F94
[inst #2615] addi x0,x0,0
Register Write to Reg: 0x00 Val: 0x00000000
[inst #2616] addi x0,x0,0
Register Write to Reg: 0x00 Val: 0x00000000
[inst #2617] addi x0,x0,0
Register Write to Reg: 0x00 Val: 0x00000000
[inst #2618] lw x30,48(x8)
Register Write to Reg: 0x1E Val: 0x00000002
[inst #2619] addi x0,x0,0
Register Write to Reg: 0x00 Val: 0x00000000
[inst #2620] addi x0,x0,0
Register Write to Reg: 0x00 Val: 0x00000000
[inst #2621] addi x0,x0,0
Register Write to Reg: 0x00 Val: 0x00000000
[inst #2622] add x29,x0,x7
Register Write to Reg: 0x1D Val: 0x10010F94
[inst #2623] addi x0,x0,0
Register Write to Reg: 0x00 Val: 0x00000000
[inst #2624] addi x0,x0,0
Register Write to Reg: 0x00 Val: 0x00000000
[inst #2625] addi x0,x0,0
Register Write to Reg: 0x00 Val: 0x00000000
[inst #2626] auipc x1,0
Register Write to Reg: 0x01 Val: 0x004005C8
[inst #2627] sll x0,x0,x0
Register Write to Reg: 0x00 Val: 0x00000000
[inst #2628] sll x0,x0,x0
Register Write to Reg: 0x00 Val: 0x00000000
[inst #2629] sll x0,x0,x0
Register Write to Reg: 0x00 Val: 0x00000000
[inst #2630] addi x1,x1,44
Register Write to Reg: 0x01 Val: 0x004005F4
[inst #2631] addi x0,x0,0
Register Write to Reg: 0x00 Val: 0x00000000
[inst #2632] addi x0,x0,0
Register Write to Reg: 0x00 Val: 0x00000000
[inst #2633] addi x0,x0,0
Register Write to Reg: 0x00 Val: 0x00000000
[inst #2634] jal x0,104
Register Write to Reg: 0x00 Val: 0x004005EC
[inst #2635] addi x2,x2,-24
Register Write to Reg: 0x02 Val: 0x10010F60
[inst #2636] addi x0,x0,0
Register Write to Reg: 0x00 Val: 0x00000000
[inst #2637] addi x0,x0,0
Register Write to Reg: 0x00 Val: 0x00000000
[inst #2638] addi x0,x0,0
Register Write to Reg: 0x00 Val: 0x00000000
[inst #2639] sw x8,20(x2)
Memory Write to Addr: 0x10010F74 Val: 0x10010F78
[inst #2640] addi x0,x0,0
Register Write to Reg: 0x00 Val: 0x00000000
[inst #2641] addi x0,x0,0
Register Write to Reg: 0x00 Val: 0x00000000
[inst #2642] addi x0,x0,0
Register Write to Reg: 0x00 Val: 0x00000000
[inst #2643] add x8,x0,x2
Register Write to Reg: 0x08 Val: 0x10010F60
[inst #2644] addi x0,x0,0
Register Write to Reg: 0x00 Val: 0x00000000
[inst #2645] addi x0,x0,0
Register Write to Reg: 0x00 Val: 0x00000000
[inst #2646] addi x0,x0,0
Register Write to Reg: 0x00 Val: 0x00000000
[inst #2647] sub x31,x8,x2
Register Write to Reg: 0x1F Val: 0x00000000
[inst #2648] sw x29,24(x8)
Memory Write to Addr: 0x10010F78 Val: 0x10010F94
[inst #2649] sw x30,28(x8)
Memory Write to Addr: 0x10010F7C Val: 0x00000002
[inst #2650] lw x7,28(x8)
Register Write to Reg: 0x07 Val: 0x00000002
[inst #2651] addi x0,x0,0
Register Write to Reg: 0x00 Val: 0x00000000
[inst #2652] addi x0,x0,0
Register Write to Reg: 0x00 Val: 0x00000000
[inst #2653] addi x0,x0,0
Register Write to Reg: 0x00 Val: 0x00000000
[inst #2654] sw x7,8(x8)
Memory Write to Addr: 0x10010F68 Val: 0x00000002
[inst #2655] sw x0,12(x8)
Memory Write to Addr: 0x10010F6C Val: 0x00000000
[inst #2656] lw x7,24(x8)
Register Write to Reg: 0x07 Val: 0x10010F94
[inst #2657] lw x29,8(x8)
Register Write to Reg: 0x1D Val: 0x00000002
[inst #2658] lw x28,12(x8)
Register Write to Reg: 0x1C Val: 0x00000000
[inst #2659] addi x0,x0,0
Register Write to Reg: 0x00 Val: 0x00000000
[inst #2660] addi x0,x0,0
Register Write to Reg: 0x00 Val: 0x00000000
[inst #2661] addi x0,x0,0
Register Write to Reg: 0x00 Val: 0x00000000
[inst #2662] sw x29,0(x7)
Memory Write to Addr: 0x10010F94 Val: 0x00000002
[inst #2663] sw x28,4(x7)
Memory Write to Addr: 0x10010F98 Val: 0x00000000
[inst #2664] lw x7,24(x8)
Register Write to Reg: 0x07 Val: 0x10010F94
[inst #2665] addi x0,x0,0
Register Write to Reg: 0x00 Val: 0x00000000
[inst #2666] addi x0,x0,0
Register Write to Reg: 0x00 Val: 0x00000000
[inst #2667] addi x0,x0,0
Register Write to Reg: 0x00 Val: 0x00000000
[inst #2668] add x2,x0,x8
Register Write to Reg: 0x02 Val: 0x10010F60
[inst #2669] addi x0,x0,0
Register Write to Reg: 0x00 Val: 0x00000000
[inst #2670] addi x0,x0,0
Register Write to Reg: 0x00 Val: 0x00000000
[inst #2671] addi x0,x0,0
Register Write to Reg: 0x00 Val: 0x00000000
[inst #2672] lw x8,20(x2)
Register Write to Reg: 0x08 Val: 0x10010F78
[inst #2673] addi x0,x0,0
Register Write to Reg: 0x00 Val: 0x00000000
[inst #2674] addi x0,x0,0
Register Write to Reg: 0x00 Val: 0x00000000
[inst #2675] addi x0,x0,0
Register Write to Reg: 0x00 Val: 0x00000000
[inst #2676] addi x2,x2,24
Register Write to Reg: 0x02 Val: 0x10010F78
[inst #2677] addi x0,x0,0
Register Write to Reg: 0x00 Val: 0x00000000
[inst #2678] addi x0,x0,0
Register Write to Reg: 0x00 Val: 0x00000000
[inst #2679] jalr x0,x1,0
Register Write to Reg: 0x00 Val: 0x00400704
[inst #2680] addi x7,x8,28
Register Write to Reg: 0x07 Val: 0x10010F94
[inst #2681] addi x0,x0,0
Register Write to Reg: 0x00 Val: 0x00000000
[inst #2682] addi x0,x0,0
Register Write to Reg: 0x00 Val: 0x00000000
[inst #2683] addi x0,x0,0
Register Write to Reg: 0x00 Val: 0x00000000
[inst #2684] add x29,x0,x7
Register Write to Reg: 0x1D Val: 0x10010F94
[inst #2685] addi x0,x0,0
Register Write to Reg: 0x00 Val: 0x00000000
[inst #2686] addi x0,x0,0
Register Write to Reg: 0x00 Val: 0x00000000
[inst #2687] addi x0,x0,0
Register Write to Reg: 0x00 Val: 0x00000000
[inst #2688] auipc x1,0
Register Write to Reg: 0x01 Val: 0x00400614
[inst #2689] sll x0,x0,x0
Register Write to Reg: 0x00 Val: 0x00000000
[inst #2690] sll x0,x0,x0
Register Write to Reg: 0x00 Val: 0x00000000
[inst #2691] sll x0,x0,x0
Register Write to Reg: 0x00 Val: 0x00000000
[inst #2692] addi x1,x1,44
Register Write to Reg: 0x01 Val: 0x00400640
[inst #2693] addi x0,x0,0
Register Write to Reg: 0x00 Val: 0x00000000
[inst #2694] addi x0,x0,0
Register Write to Reg: 0x00 Val: 0x00000000
[inst #2695] addi x0,x0,0
Register Write to Reg: 0x00 Val: 0x00000000
[inst #2696] jal x0,216
Register Write to Reg: 0x00 Val: 0x00400638
[inst #2697] addi x2,x2,-32
Register Write to Reg: 0x02 Val: 0x10010F58
[inst #2698] addi x0,x0,0
Register Write to Reg: 0x00 Val: 0x00000000
[inst #2699] addi x0,x0,0
Register Write to Reg: 0x00 Val: 0x00000000
[inst #2700] addi x0,x0,0
Register Write to Reg: 0x00 Val: 0x00000000
[inst #2701] sw x1,28(x2)
Memory Write to Addr: 0x10010F74 Val: 0x00400640
[inst #2702] sw x8,24(x2)
Memory Write to Addr: 0x10010F70 Val: 0x10010F78
[inst #2703] addi x0,x0,0
Register Write to Reg: 0x00 Val: 0x00000000
[inst #2704] addi x0,x0,0
Register Write to Reg: 0x00 Val: 0x00000000
[inst #2705] addi x0,x0,0
Register Write to Reg: 0x00 Val: 0x00000000
[inst #2706] add x8,x0,x2
Register Write to Reg: 0x08 Val: 0x10010F58
[inst #2707] addi x0,x0,0
Register Write to Reg: 0x00 Val: 0x00000000
[inst #2708] addi x0,x0,0
Register Write to Reg: 0x00 Val: 0x00000000
[inst #2709] addi x0,x0,0
Register Write to Reg: 0x00 Val: 0x00000000
[inst #2710] sw x29,32(x8)
Memory Write to Addr: 0x10010F78 Val: 0x10010F94
[inst #2711] jal x0,300
Register Write to Reg: 0x00 Val: 0x00400748
[inst #2712] lw x7,32(x8)
Register Write to Reg: 0x07 Val: 0x10010F94
[inst #2713] addi x0,x0,0
Register Write to Reg: 0x00 Val: 0x00000000
[inst #2714] addi x0,x0,0
Register Write to Reg: 0x00 Val: 0x00000000
[inst #2715] addi x0,x0,0
Register Write to Reg: 0x00 Val: 0x00000000
[inst #2716] lw x7,4(x7)
Register Write to Reg: 0x07 Val: 0x00000000
[inst #2717] addi x0,x0,0
Register Write to Reg: 0x00 Val: 0x00000000
[inst #2718] addi x0,x0,0
Register Write to Reg: 0x00 Val: 0x00000000
[inst #2719] addi x0,x0,0
Register Write to Reg: 0x00 Val: 0x00000000
[inst #2720] slti x7,x7,4
Register Write to Reg: 0x07 Val: 0x00000001
[inst #2721] addi x0,x0,0
Register Write to Reg: 0x00 Val: 0x00000000
[inst #2722] addi x0,x0,0
Register Write to Reg: 0x00 Val: 0x00000000
[inst #2723] addi x0,x0,0
Register Write to Reg: 0x00 Val: 0x00000000
[inst #2724] beq x7,x0,24
[inst #2725] addi x0,x0,0
Register Write to Reg: 0x00 Val: 0x00000000
[inst #2726] addi x0,x0,0
Register Write to Reg: 0x00 Val: 0x00000000
[inst #2727] jal x0,-348
Register Write to Reg: 0x00 Val: 0x004008B0
[inst #2728] lw x7,32(x8)
Register Write to Reg: 0x07 Val: 0x10010F94
[inst #2729] addi x0,x0,0
Register Write to Reg: 0x00 Val: 0x00000000
[inst #2730] addi x0,x0,0
Register Write to Reg: 0x00 Val: 0x00000000
[inst #2731] addi x0,x0,0
Register Write to Reg: 0x00 Val: 0x00000000
[inst #2732] lw x28,0(x7)
Register Write to Reg: 0x1C Val: 0x00000002
[inst #2733] addi x0,x0,0
Register Write to Reg: 0x00 Val: 0x00000000
[inst #2734] addi x0,x0,0
Register Write to Reg: 0x00 Val: 0x00000000
[inst #2735] addi x0,x0,0
Register Write to Reg: 0x00 Val: 0x00000000
[inst #2736] lw x7,32(x8)
Register Write to Reg: 0x07 Val: 0x10010F94
[inst #2737] addi x0,x0,0
Register Write to Reg: 0x00 Val: 0x00000000
[inst #2738] addi x0,x0,0
Register Write to Reg: 0x00 Val: 0x00000000
[inst #2739] addi x0,x0,0
Register Write to Reg: 0x00 Val: 0x00000000
[inst #2740] lw x7,4(x7)
Register Write to Reg: 0x07 Val: 0x00000000
[inst #2741] addi x0,x0,0
Register Write to Reg: 0x00 Val: 0x00000000
[inst #2742] addi x0,x0,0
Register Write to Reg: 0x00 Val: 0x00000000
[inst #2743] addi x0,x0,0
Register Write to Reg: 0x00 Val: 0x00000000
[inst #2744] add x30,x0,x7
Register Write to Reg: 0x1E Val: 0x00000000
[inst #2745] add x29,x0,x28
Register Write to Reg: 0x1D Val: 0x00000002
[inst #2746] addi x0,x0,0
Register Write to Reg: 0x00 Val: 0x00000000
[inst #2747] addi x0,x0,0
Register Write to Reg: 0x00 Val: 0x00000000
[inst #2748] addi x0,x0,0
Register Write to Reg: 0x00 Val: 0x00000000
[inst #2749] auipc x1,0
Register Write to Reg: 0x01 Val: 0x004007A4
[inst #2750] sll x0,x0,x0
Register Write to Reg: 0x00 Val: 0x00000000
[inst #2751] sll x0,x0,x0
Register Write to Reg: 0x00 Val: 0x00000000
[inst #2752] sll x0,x0,x0
Register Write to Reg: 0x00 Val: 0x00000000
[inst #2753] addi x1,x1,44
Register Write to Reg: 0x01 Val: 0x004007D0
[inst #2754] addi x0,x0,0
Register Write to Reg: 0x00 Val: 0x00000000
[inst #2755] addi x0,x0,0
Register Write to Reg: 0x00 Val: 0x00000000
[inst #2756] addi x0,x0,0
Register Write to Reg: 0x00 Val: 0x00000000
[inst #2757] jal x0,308
Register Write to Reg: 0x00 Val: 0x004007C8
[inst #2758] addi x2,x2,-32
Register Write to Reg: 0x02 Val: 0x10010F38
[inst #2759] addi x0,x0,0
Register Write to Reg: 0x00 Val: 0x00000000
[inst #2760] addi x0,x0,0
Register Write to Reg: 0x00 Val: 0x00000000
[inst #2761] addi x0,x0,0
Register Write to Reg: 0x00 Val: 0x00000000
[inst #2762] sw x8,28(x2)
Memory Write to Addr: 0x10010F54 Val: 0x10010F58
[inst #2763] addi x0,x0,0
Register Write to Reg: 0x00 Val: 0x00000000
[inst #2764] addi x0,x0,0
Register Write to Reg: 0x00 Val: 0x00000000
[inst #2765] addi x0,x0,0
Register Write to Reg: 0x00 Val: 0x00000000
[inst #2766] add x8,x0,x2
Register Write to Reg: 0x08 Val: 0x10010F38
[inst #2767] addi x0,x0,0
Register Write to Reg: 0x00 Val: 0x00000000
[inst #2768] addi x0,x0,0
Register Write to Reg: 0x00 Val: 0x00000000
[inst #2769] addi x0,x0,0
Register Write to Reg: 0x00 Val: 0x00000000
[inst #2770] sw x29,32(x8)
Memory Write to Addr: 0x10010F58 Val: 0x00000002
[inst #2771] sw x30,36(x8)
Memory Write to Addr: 0x10010F5C Val: 0x00000000
[inst #2772] auipc x7,64527
Register Write to Reg: 0x07 Val: 0x1000F930
[inst #2773] sll x0,x0,x0
Register Write to Reg: 0x00 Val: 0x00000000
[inst #2774] sll x0,x0,x0
Register Write to Reg: 0x00 Val: 0x00000000
[inst #2775] sll x0,x0,x0
Register Write to Reg: 0x00 Val: 0x00000000
[inst #2776] addi x7,x7,1764
Register Write to Reg: 0x07 Val: 0x10010014
[inst #2777] addi x0,x0,0
Register Write to Reg: 0x00 Val: 0x00000000
[inst #2778] addi x0,x0,0
Register Write to Reg: 0x00 Val: 0x00000000
[inst #2779] addi x0,x0,0
Register Write to Reg: 0x00 Val: 0x00000000
[inst #2780] lw x28,32(x8)
Register Write to Reg: 0x1C Val: 0x00000002
[inst #2781] addi x0,x0,0
Register Write to Reg: 0x00 Val: 0x00000000
[inst #2782] addi x0,x0,0
Register Write to Reg: 0x00 Val: 0x00000000
[inst #2783] addi x0,x0,0
Register Write to Reg: 0x00 Val: 0x00000000
[inst #2784] slli x28,x28,2
Register Write to Reg: 0x1C Val: 0x00000008
[inst #2785] addi x0,x0,0
Register Write to Reg: 0x00 Val: 0x00000000
[inst #2786] addi x0,x0,0
Register Write to Reg: 0x00 Val: 0x00000000
[inst #2787] addi x0,x0,0
Register Write to Reg: 0x00 Val: 0x00000000
[inst #2788] add x7,x28,x7
Register Write to Reg: 0x07 Val: 0x1001001C
[inst #2789] addi x0,x0,0
Register Write to Reg: 0x00 Val: 0x00000000
[inst #2790] addi x0,x0,0
Register Write to Reg: 0x00 Val: 0x00000000
[inst #2791] addi x0,x0,0
Register Write to Reg: 0x00 Val: 0x00000000
[inst #2792] lw x7,0(x7)
Register Write to Reg: 0x07 Val: 0x00000000
[inst #2793] addi x0,x0,0
Register Write to Reg: 0x00 Val: 0x00000000
[inst #2794] addi x0,x0,0
Register Write to Reg: 0x00 Val: 0x00000000
[inst #2795] addi x0,x0,0
Register Write to Reg: 0x00 Val: 0x00000000
[inst #2796] sw x7,16(x8)
Memory Write to Addr: 0x10010F48 Val: 0x00000000
[inst #2797] addi x7,x0,1
Register Write to Reg: 0x07 Val: 0x00000001
[inst #2798] addi x0,x0,0
Register Write to Reg: 0x00 Val: 0x00000000
[inst #2799] addi x0,x0,0
Register Write to Reg: 0x00 Val: 0x00000000
[inst #2800] addi x0,x0,0
Register Write to Reg: 0x00 Val: 0x00000000
[inst #2801] sw x7,8(x8)
Memory Write to Addr: 0x10010F40 Val: 0x00000001
[inst #2802] sw x0,12(x8)
Memory Write to Addr: 0x10010F44 Val: 0x00000000
[inst #2803] jal x0,84
Register Write to Reg: 0x00 Val: 0x004009B0
[inst #2804] lw x28,12(x8)
Register Write to Reg: 0x1C Val: 0x00000000
[inst #2805] lw x7,36(x8)
Register Write to Reg: 0x07 Val: 0x00000000
[inst #2806] addi x0,x0,0
Register Write to Reg: 0x00 Val: 0x00000000
[inst #2807] addi x0,x0,0
Register Write to Reg: 0x00 Val: 0x00000000
[inst #2808] addi x0,x0,0
Register Write to Reg: 0x00 Val: 0x00000000
[inst #2809] slt x7,x28,x7
Register Write to Reg: 0x07 Val: 0x00000000
[inst #2810] addi x0,x0,0
Register Write to Reg: 0x00 Val: 0x00000000
[inst #2811] addi x0,x0,0
Register Write to Reg: 0x00 Val: 0x00000000
[inst #2812] addi x0,x0,0
Register Write to Reg: 0x00 Val: 0x00000000
[inst #2813] beq x7,x0,24
[inst #2814] lw x28,8(x8)
Register Write to Reg: 0x1C Val: 0x00000001
[inst #2815] lw x7,16(x8)
Register Write to Reg: 0x07 Val: 0x00000000
[inst #2816] addi x0,x0,0
Register Write to Reg: 0x00 Val: 0x00000000
[inst #2817] addi x0,x0,0
Register Write to Reg: 0x00 Val: 0x00000000
[inst #2818] addi x0,x0,0
Register Write to Reg: 0x00 Val: 0x00000000
[inst #2819] and x7,x28,x7
Register Write to Reg: 0x07 Val: 0x00000000
[inst #2820] addi x0,x0,0
Register Write to Reg: 0x00 Val: 0x00000000
[inst #2821] addi x0,x0,0
Register Write to Reg: 0x00 Val: 0x00000000
[inst #2822] addi x0,x0,0
Register Write to Reg: 0x00 Val: 0x00000000
[inst #2823] slt x7,x0,x7
Register Write to Reg: 0x07 Val: 0x00000000
[inst #2824] addi x0,x0,0
Register Write to Reg: 0x00 Val: 0x00000000
[inst #2825] addi x0,x0,0
Register Write to Reg: 0x00 Val: 0x00000000
[inst #2826] addi x0,x0,0
Register Write to Reg: 0x00 Val: 0x00000000
[inst #2827] andi x7,x7,255
Register Write to Reg: 0x07 Val: 0x00000000
[inst #2828] addi x0,x0,0
Register Write to Reg: 0x00 Val: 0x00000000
[inst #2829] addi x0,x0,0
Register Write to Reg: 0x00 Val: 0x00000000
[inst #2830] addi x0,x0,0
Register Write to Reg: 0x00 Val: 0x00000000
[inst #2831] add x2,x0,x8
Register Write to Reg: 0x02 Val: 0x10010F38
[inst #2832] addi x0,x0,0
Register Write to Reg: 0x00 Val: 0x00000000
[inst #2833] addi x0,x0,0
Register Write to Reg: 0x00 Val: 0x00000000
[inst #2834] addi x0,x0,0
Register Write to Reg: 0x00 Val: 0x00000000
[inst #2835] lw x8,28(x2)
Register Write to Reg: 0x08 Val: 0x10010F58
[inst #2836] addi x0,x0,0
Register Write to Reg: 0x00 Val: 0x00000000
[inst #2837] addi x0,x0,0
Register Write to Reg: 0x00 Val: 0x00000000
[inst #2838] addi x0,x0,0
Register Write to Reg: 0x00 Val: 0x00000000
[inst #2839] addi x2,x2,32
Register Write to Reg: 0x02 Val: 0x10010F58
[inst #2840] addi x0,x0,0
Register Write to Reg: 0x00 Val: 0x00000000
[inst #2841] addi x0,x0,0
Register Write to Reg: 0x00 Val: 0x00000000
[inst #2842] jalr x0,x1,0
Register Write to Reg: 0x00 Val: 0x00400AB0
[inst #2843] beq x7,x0,92
[inst #2844] lw x7,32(x8)
Register Write to Reg: 0x07 Val: 0x10010F94
[inst #2845] addi x0,x0,0
Register Write to Reg: 0x00 Val: 0x00000000
[inst #2846] addi x0,x0,0
Register Write to Reg: 0x00 Val: 0x00000000
[inst #2847] addi x0,x0,0
Register Write to Reg: 0x00 Val: 0x00000000
[inst #2848] lw x7,4(x7)
Register Write to Reg: 0x07 Val: 0x00000000
[inst #2849] addi x0,x0,0
Register Write to Reg: 0x00 Val: 0x00000000
[inst #2850] addi x0,x0,0
Register Write to Reg: 0x00 Val: 0x00000000
[inst #2851] addi x0,x0,0
Register Write to Reg: 0x00 Val: 0x00000000
[inst #2852] addi x28,x7,1
Register Write to Reg: 0x1C Val: 0x00000001
[inst #2853] addi x0,x0,0
Register Write to Reg: 0x00 Val: 0x00000000
[inst #2854] addi x0,x0,0
Register Write to Reg: 0x00 Val: 0x00000000
[inst #2855] addi x0,x0,0
Register Write to Reg: 0x00 Val: 0x00000000
[inst #2856] lw x7,32(x8)
Register Write to Reg: 0x07 Val: 0x10010F94
[inst #2857] addi x0,x0,0
Register Write to Reg: 0x00 Val: 0x00000000
[inst #2858] addi x0,x0,0
Register Write to Reg: 0x00 Val: 0x00000000
[inst #2859] addi x0,x0,0
Register Write to Reg: 0x00 Val: 0x00000000
[inst #2860] sw x28,4(x7)
Memory Write to Addr: 0x10010F98 Val: 0x00000001
[inst #2861] lw x7,32(x8)
Register Write to Reg: 0x07 Val: 0x10010F94
[inst #2862] addi x0,x0,0
Register Write to Reg: 0x00 Val: 0x00000000
[inst #2863] addi x0,x0,0
Register Write to Reg: 0x00 Val: 0x00000000
[inst #2864] addi x0,x0,0
Register Write to Reg: 0x00 Val: 0x00000000
[inst #2865] lw x7,4(x7)
Register Write to Reg: 0x07 Val: 0x00000001
[inst #2866] addi x0,x0,0
Register Write to Reg: 0x00 Val: 0x00000000
[inst #2867] addi x0,x0,0
Register Write to Reg: 0x00 Val: 0x00000000
[inst #2868] addi x0,x0,0
Register Write to Reg: 0x00 Val: 0x00000000
[inst #2869] slti x7,x7,4
Register Write to Reg: 0x07 Val: 0x00000001
[inst #2870] addi x0,x0,0
Register Write to Reg: 0x00 Val: 0x00000000
[inst #2871] addi x0,x0,0
Register Write to Reg: 0x00 Val: 0x00000000
[inst #2872] addi x0,x0,0
Register Write to Reg: 0x00 Val: 0x00000000
[inst #2873] beq x7,x0,24
[inst #2874] addi x0,x0,0
Register Write to Reg: 0x00 Val: 0x00000000
[inst #2875] addi x0,x0,0
Register Write to Reg: 0x00 Val: 0x00000000
[inst #2876] jal x0,-348
Register Write to Reg: 0x00 Val: 0x004008B0
[inst #2877] lw x7,32(x8)
Register Write to Reg: 0x07 Val: 0x10010F94
[inst #2878] addi x0,x0,0
Register Write to Reg: 0x00 Val: 0x00000000
[inst #2879] addi x0,x0,0
Register Write to Reg: 0x00 Val: 0x00000000
[inst #2880] addi x0,x0,0
Register Write to Reg: 0x00 Val: 0x00000000
[inst #2881] lw x28,0(x7)
Register Write to Reg: 0x1C Val: 0x00000002
[inst #2882] addi x0,x0,0
Register Write to Reg: 0x00 Val: 0x00000000
[inst #2883] addi x0,x0,0
Register Write to Reg: 0x00 Val: 0x00000000
[inst #2884] addi x0,x0,0
Register Write to Reg: 0x00 Val: 0x00000000
[inst #2885] lw x7,32(x8)
Register Write to Reg: 0x07 Val: 0x10010F94
[inst #2886] addi x0,x0,0
Register Write to Reg: 0x00 Val: 0x00000000
[inst #2887] addi x0,x0,0
Register Write to Reg: 0x00 Val: 0x00000000
[inst #2888] addi x0,x0,0
Register Write to Reg: 0x00 Val: 0x00000000
[inst #2889] lw x7,4(x7)
Register Write to Reg: 0x07 Val: 0x00000001
[inst #2890] addi x0,x0,0
Register Write to Reg: 0x00 Val: 0x00000000
[inst #2891] addi x0,x0,0
Register Write to Reg: 0x00 Val: 0x00000000
[inst #2892] addi x0,x0,0
Register Write to Reg: 0x00 Val: 0x00000000
[inst #2893] add x30,x0,x7
Register Write to Reg: 0x1E Val: 0x00000001
[inst #2894] add x29,x0,x28
Register Write to Reg: 0x1D Val: 0x00000002
[inst #2895] addi x0,x0,0
Register Write to Reg: 0x00 Val: 0x00000000
[inst #2896] addi x0,x0,0
Register Write to Reg: 0x00 Val: 0x00000000
[inst #2897] addi x0,x0,0
Register Write to Reg: 0x00 Val: 0x00000000
[inst #2898] auipc x1,0
Register Write to Reg: 0x01 Val: 0x004007A4
[inst #2899] sll x0,x0,x0
Register Write to Reg: 0x00 Val: 0x00000000
[inst #2900] sll x0,x0,x0
Register Write to Reg: 0x00 Val: 0x00000000
[inst #2901] sll x0,x0,x0
Register Write to Reg: 0x00 Val: 0x00000000
[inst #2902] addi x1,x1,44
Register Write to Reg: 0x01 Val: 0x004007D0
[inst #2903] addi x0,x0,0
Register Write to Reg: 0x00 Val: 0x00000000
[inst #2904] addi x0,x0,0
Register Write to Reg: 0x00 Val: 0x00000000
[inst #2905] addi x0,x0,0
Register Write to Reg: 0x00 Val: 0x00000000
[inst #2906] jal x0,308
Register Write to Reg: 0x00 Val: 0x004007C8
[inst #2907] addi x2,x2,-32
Register Write to Reg: 0x02 Val: 0x10010F38
[inst #2908] addi x0,x0,0
Register Write to Reg: 0x00 Val: 0x00000000
[inst #2909] addi x0,x0,0
Register Write to Reg: 0x00 Val: 0x00000000
[inst #2910] addi x0,x0,0
Register Write to Reg: 0x00 Val: 0x00000000
[inst #2911] sw x8,28(x2)
Memory Write to Addr: 0x10010F54 Val: 0x10010F58
[inst #2912] addi x0,x0,0
Register Write to Reg: 0x00 Val: 0x00000000
[inst #2913] addi x0,x0,0
Register Write to Reg: 0x00 Val: 0x00000000
[inst #2914] addi x0,x0,0
Register Write to Reg: 0x00 Val: 0x00000000
[inst #2915] add x8,x0,x2
Register Write to Reg: 0x08 Val: 0x10010F38
[inst #2916] addi x0,x0,0
Register Write to Reg: 0x00 Val: 0x00000000
[inst #2917] addi x0,x0,0
Register Write to Reg: 0x00 Val: 0x00000000
[inst #2918] addi x0,x0,0
Register Write to Reg: 0x00 Val: 0x00000000
[inst #2919] sw x29,32(x8)
Memory Write to Addr: 0x10010F58 Val: 0x00000002
[inst #2920] sw x30,36(x8)
Memory Write to Addr: 0x10010F5C Val: 0x00000001
[inst #2921] auipc x7,64527
Register Write to Reg: 0x07 Val: 0x1000F930
[inst #2922] sll x0,x0,x0
Register Write to Reg: 0x00 Val: 0x00000000
[inst #2923] sll x0,x0,x0
Register Write to Reg: 0x00 Val: 0x00000000
[inst #2924] sll x0,x0,x0
Register Write to Reg: 0x00 Val: 0x00000000
[inst #2925] addi x7,x7,1764
Register Write to Reg: 0x07 Val: 0x10010014
[inst #2926] addi x0,x0,0
Register Write to Reg: 0x00 Val: 0x00000000
[inst #2927] addi x0,x0,0
Register Write to Reg: 0x00 Val: 0x00000000
[inst #2928] addi x0,x0,0
Register Write to Reg: 0x00 Val: 0x00000000
[inst #2929] lw x28,32(x8)
Register Write to Reg: 0x1C Val: 0x00000002
[inst #2930] addi x0,x0,0
Register Write to Reg: 0x00 Val: 0x00000000
[inst #2931] addi x0,x0,0
Register Write to Reg: 0x00 Val: 0x00000000
[inst #2932] addi x0,x0,0
Register Write to Reg: 0x00 Val: 0x00000000
[inst #2933] slli x28,x28,2
Register Write to Reg: 0x1C Val: 0x00000008
[inst #2934] addi x0,x0,0
Register Write to Reg: 0x00 Val: 0x00000000
[inst #2935] addi x0,x0,0
Register Write to Reg: 0x00 Val: 0x00000000
[inst #2936] addi x0,x0,0
Register Write to Reg: 0x00 Val: 0x00000000
[inst #2937] add x7,x28,x7
Register Write to Reg: 0x07 Val: 0x1001001C
[inst #2938] addi x0,x0,0
Register Write to Reg: 0x00 Val: 0x00000000
[inst #2939] addi x0,x0,0
Register Write to Reg: 0x00 Val: 0x00000000
[inst #2940] addi x0,x0,0
Register Write to Reg: 0x00 Val: 0x00000000
[inst #2941] lw x7,0(x7)
Register Write to Reg: 0x07 Val: 0x00000000
[inst #2942] addi x0,x0,0
Register Write to Reg: 0x00 Val: 0x00000000
[inst #2943] addi x0,x0,0
Register Write to Reg: 0x00 Val: 0x00000000
[inst #2944] addi x0,x0,0
Register Write to Reg: 0x00 Val: 0x00000000
[inst #2945] sw x7,16(x8)
Memory Write to Addr: 0x10010F48 Val: 0x00000000
[inst #2946] addi x7,x0,1
Register Write to Reg: 0x07 Val: 0x00000001
[inst #2947] addi x0,x0,0
Register Write to Reg: 0x00 Val: 0x00000000
[inst #2948] addi x0,x0,0
Register Write to Reg: 0x00 Val: 0x00000000
[inst #2949] addi x0,x0,0
Register Write to Reg: 0x00 Val: 0x00000000
[inst #2950] sw x7,8(x8)
Memory Write to Addr: 0x10010F40 Val: 0x00000001
[inst #2951] sw x0,12(x8)
Memory Write to Addr: 0x10010F44 Val: 0x00000000
[inst #2952] jal x0,84
Register Write to Reg: 0x00 Val: 0x004009B0
[inst #2953] lw x28,12(x8)
Register Write to Reg: 0x1C Val: 0x00000000
[inst #2954] lw x7,36(x8)
Register Write to Reg: 0x07 Val: 0x00000001
[inst #2955] addi x0,x0,0
Register Write to Reg: 0x00 Val: 0x00000000
[inst #2956] addi x0,x0,0
Register Write to Reg: 0x00 Val: 0x00000000
[inst #2957] addi x0,x0,0
Register Write to Reg: 0x00 Val: 0x00000000
[inst #2958] slt x7,x28,x7
Register Write to Reg: 0x07 Val: 0x00000001
[inst #2959] addi x0,x0,0
Register Write to Reg: 0x00 Val: 0x00000000
[inst #2960] addi x0,x0,0
Register Write to Reg: 0x00 Val: 0x00000000
[inst #2961] addi x0,x0,0
Register Write to Reg: 0x00 Val: 0x00000000
[inst #2962] beq x7,x0,24
[inst #2963] addi x0,x0,0
Register Write to Reg: 0x00 Val: 0x00000000
[inst #2964] addi x0,x0,0
Register Write to Reg: 0x00 Val: 0x00000000
[inst #2965] jal x0,-120
Register Write to Reg: 0x00 Val: 0x00400A34
[inst #2966] lw x7,8(x8)
Register Write to Reg: 0x07 Val: 0x00000001
[inst #2967] addi x0,x0,0
Register Write to Reg: 0x00 Val: 0x00000000
[inst #2968] addi x0,x0,0
Register Write to Reg: 0x00 Val: 0x00000000
[inst #2969] addi x0,x0,0
Register Write to Reg: 0x00 Val: 0x00000000
[inst #2970] slli x7,x7,1
Register Write to Reg: 0x07 Val: 0x00000002
[inst #2971] addi x0,x0,0
Register Write to Reg: 0x00 Val: 0x00000000
[inst #2972] addi x0,x0,0
Register Write to Reg: 0x00 Val: 0x00000000
[inst #2973] addi x0,x0,0
Register Write to Reg: 0x00 Val: 0x00000000
[inst #2974] sw x7,8(x8)
Memory Write to Addr: 0x10010F40 Val: 0x00000002
[inst #2975] lw x7,12(x8)
Register Write to Reg: 0x07 Val: 0x00000000
[inst #2976] addi x0,x0,0
Register Write to Reg: 0x00 Val: 0x00000000
[inst #2977] addi x0,x0,0
Register Write to Reg: 0x00 Val: 0x00000000
[inst #2978] addi x0,x0,0
Register Write to Reg: 0x00 Val: 0x00000000
[inst #2979] addi x7,x7,1
Register Write to Reg: 0x07 Val: 0x00000001
[inst #2980] addi x0,x0,0
Register Write to Reg: 0x00 Val: 0x00000000
[inst #2981] addi x0,x0,0
Register Write to Reg: 0x00 Val: 0x00000000
[inst #2982] addi x0,x0,0
Register Write to Reg: 0x00 Val: 0x00000000
[inst #2983] sw x7,12(x8)
Memory Write to Addr: 0x10010F44 Val: 0x00000001
[inst #2984] lw x28,12(x8)
Register Write to Reg: 0x1C Val: 0x00000001
[inst #2985] lw x7,36(x8)
Register Write to Reg: 0x07 Val: 0x00000001
[inst #2986] addi x0,x0,0
Register Write to Reg: 0x00 Val: 0x00000000
[inst #2987] addi x0,x0,0
Register Write to Reg: 0x00 Val: 0x00000000
[inst #2988] addi x0,x0,0
Register Write to Reg: 0x00 Val: 0x00000000
[inst #2989] slt x7,x28,x7
Register Write to Reg: 0x07 Val: 0x00000000
[inst #2990] addi x0,x0,0
Register Write to Reg: 0x00 Val: 0x00000000
[inst #2991] addi x0,x0,0
Register Write to Reg: 0x00 Val: 0x00000000
[inst #2992] addi x0,x0,0
Register Write to Reg: 0x00 Val: 0x00000000
[inst #2993] beq x7,x0,24
[inst #2994] lw x28,8(x8)
Register Write to Reg: 0x1C Val: 0x00000002
[inst #2995] lw x7,16(x8)
Register Write to Reg: 0x07 Val: 0x00000000
[inst #2996] addi x0,x0,0
Register Write to Reg: 0x00 Val: 0x00000000
[inst #2997] addi x0,x0,0
Register Write to Reg: 0x00 Val: 0x00000000
[inst #2998] addi x0,x0,0
Register Write to Reg: 0x00 Val: 0x00000000
[inst #2999] and x7,x28,x7
Register Write to Reg: 0x07 Val: 0x00000000
[inst #3000] addi x0,x0,0
Register Write to Reg: 0x00 Val: 0x00000000
[inst #3001] addi x0,x0,0
Register Write to Reg: 0x00 Val: 0x00000000
[inst #3002] addi x0,x0,0
Register Write to Reg: 0x00 Val: 0x00000000
[inst #3003] slt x7,x0,x7
Register Write to Reg: 0x07 Val: 0x00000000
[inst #3004] addi x0,x0,0
Register Write to Reg: 0x00 Val: 0x00000000
[inst #3005] addi x0,x0,0
Register Write to Reg: 0x00 Val: 0x00000000
[inst #3006] addi x0,x0,0
Register Write to Reg: 0x00 Val: 0x00000000
[inst #3007] andi x7,x7,255
Register Write to Reg: 0x07 Val: 0x00000000
[inst #3008] addi x0,x0,0
Register Write to Reg: 0x00 Val: 0x00000000
[inst #3009] addi x0,x0,0
Register Write to Reg: 0x00 Val: 0x00000000
[inst #3010] addi x0,x0,0
Register Write to Reg: 0x00 Val: 0x00000000
[inst #3011] add x2,x0,x8
Register Write to Reg: 0x02 Val: 0x10010F38
[inst #3012] addi x0,x0,0
Register Write to Reg: 0x00 Val: 0x00000000
[inst #3013] addi x0,x0,0
Register Write to Reg: 0x00 Val: 0x00000000
[inst #3014] addi x0,x0,0
Register Write to Reg: 0x00 Val: 0x00000000
[inst #3015] lw x8,28(x2)
Register Write to Reg: 0x08 Val: 0x10010F58
[inst #3016] addi x0,x0,0
Register Write to Reg: 0x00 Val: 0x00000000
[inst #3017] addi x0,x0,0
Register Write to Reg: 0x00 Val: 0x00000000
[inst #3018] addi x0,x0,0
Register Write to Reg: 0x00 Val: 0x00000000
[inst #3019] addi x2,x2,32
Register Write to Reg: 0x02 Val: 0x10010F58
[inst #3020] addi x0,x0,0
Register Write to Reg: 0x00 Val: 0x00000000
[inst #3021] addi x0,x0,0
Register Write to Reg: 0x00 Val: 0x00000000
[inst #3022] jalr x0,x1,0
Register Write to Reg: 0x00 Val: 0x00400AB0
[inst #3023] beq x7,x0,92
[inst #3024] lw x7,32(x8)
Register Write to Reg: 0x07 Val: 0x10010F94
[inst #3025] addi x0,x0,0
Register Write to Reg: 0x00 Val: 0x00000000
[inst #3026] addi x0,x0,0
Register Write to Reg: 0x00 Val: 0x00000000
[inst #3027] addi x0,x0,0
Register Write to Reg: 0x00 Val: 0x00000000
[inst #3028] lw x7,4(x7)
Register Write to Reg: 0x07 Val: 0x00000001
[inst #3029] addi x0,x0,0
Register Write to Reg: 0x00 Val: 0x00000000
[inst #3030] addi x0,x0,0
Register Write to Reg: 0x00 Val: 0x00000000
[inst #3031] addi x0,x0,0
Register Write to Reg: 0x00 Val: 0x00000000
[inst #3032] addi x28,x7,1
Register Write to Reg: 0x1C Val: 0x00000002
[inst #3033] addi x0,x0,0
Register Write to Reg: 0x00 Val: 0x00000000
[inst #3034] addi x0,x0,0
Register Write to Reg: 0x00 Val: 0x00000000
[inst #3035] addi x0,x0,0
Register Write to Reg: 0x00 Val: 0x00000000
[inst #3036] lw x7,32(x8)
Register Write to Reg: 0x07 Val: 0x10010F94
[inst #3037] addi x0,x0,0
Register Write to Reg: 0x00 Val: 0x00000000
[inst #3038] addi x0,x0,0
Register Write to Reg: 0x00 Val: 0x00000000
[inst #3039] addi x0,x0,0
Register Write to Reg: 0x00 Val: 0x00000000
[inst #3040] sw x28,4(x7)
Memory Write to Addr: 0x10010F98 Val: 0x00000002
[inst #3041] lw x7,32(x8)
Register Write to Reg: 0x07 Val: 0x10010F94
[inst #3042] addi x0,x0,0
Register Write to Reg: 0x00 Val: 0x00000000
[inst #3043] addi x0,x0,0
Register Write to Reg: 0x00 Val: 0x00000000
[inst #3044] addi x0,x0,0
Register Write to Reg: 0x00 Val: 0x00000000
[inst #3045] lw x7,4(x7)
Register Write to Reg: 0x07 Val: 0x00000002
[inst #3046] addi x0,x0,0
Register Write to Reg: 0x00 Val: 0x00000000
[inst #3047] addi x0,x0,0
Register Write to Reg: 0x00 Val: 0x00000000
[inst #3048] addi x0,x0,0
Register Write to Reg: 0x00 Val: 0x00000000
[inst #3049] slti x7,x7,4
Register Write to Reg: 0x07 Val: 0x00000001
[inst #3050] addi x0,x0,0
Register Write to Reg: 0x00 Val: 0x00000000
[inst #3051] addi x0,x0,0
Register Write to Reg: 0x00 Val: 0x00000000
[inst #3052] addi x0,x0,0
Register Write to Reg: 0x00 Val: 0x00000000
[inst #3053] beq x7,x0,24
[inst #3054] addi x0,x0,0
Register Write to Reg: 0x00 Val: 0x00000000
[inst #3055] addi x0,x0,0
Register Write to Reg: 0x00 Val: 0x00000000
[inst #3056] jal x0,-348
Register Write to Reg: 0x00 Val: 0x004008B0
[inst #3057] lw x7,32(x8)
Register Write to Reg: 0x07 Val: 0x10010F94
[inst #3058] addi x0,x0,0
Register Write to Reg: 0x00 Val: 0x00000000
[inst #3059] addi x0,x0,0
Register Write to Reg: 0x00 Val: 0x00000000
[inst #3060] addi x0,x0,0
Register Write to Reg: 0x00 Val: 0x00000000
[inst #3061] lw x28,0(x7)
Register Write to Reg: 0x1C Val: 0x00000002
[inst #3062] addi x0,x0,0
Register Write to Reg: 0x00 Val: 0x00000000
[inst #3063] addi x0,x0,0
Register Write to Reg: 0x00 Val: 0x00000000
[inst #3064] addi x0,x0,0
Register Write to Reg: 0x00 Val: 0x00000000
[inst #3065] lw x7,32(x8)
Register Write to Reg: 0x07 Val: 0x10010F94
[inst #3066] addi x0,x0,0
Register Write to Reg: 0x00 Val: 0x00000000
[inst #3067] addi x0,x0,0
Register Write to Reg: 0x00 Val: 0x00000000
[inst #3068] addi x0,x0,0
Register Write to Reg: 0x00 Val: 0x00000000
[inst #3069] lw x7,4(x7)
Register Write to Reg: 0x07 Val: 0x00000002
[inst #3070] addi x0,x0,0
Register Write to Reg: 0x00 Val: 0x00000000
[inst #3071] addi x0,x0,0
Register Write to Reg: 0x00 Val: 0x00000000
[inst #3072] addi x0,x0,0
Register Write to Reg: 0x00 Val: 0x00000000
[inst #3073] add x30,x0,x7
Register Write to Reg: 0x1E Val: 0x00000002
[inst #3074] add x29,x0,x28
Register Write to Reg: 0x1D Val: 0x00000002
[inst #3075] addi x0,x0,0
Register Write to Reg: 0x00 Val: 0x00000000
[inst #3076] addi x0,x0,0
Register Write to Reg: 0x00 Val: 0x00000000
[inst #3077] addi x0,x0,0
Register Write to Reg: 0x00 Val: 0x00000000
[inst #3078] auipc x1,0
Register Write to Reg: 0x01 Val: 0x004007A4
[inst #3079] sll x0,x0,x0
Register Write to Reg: 0x00 Val: 0x00000000
[inst #3080] sll x0,x0,x0
Register Write to Reg: 0x00 Val: 0x00000000
[inst #3081] sll x0,x0,x0
Register Write to Reg: 0x00 Val: 0x00000000
[inst #3082] addi x1,x1,44
Register Write to Reg: 0x01 Val: 0x004007D0
[inst #3083] addi x0,x0,0
Register Write to Reg: 0x00 Val: 0x00000000
[inst #3084] addi x0,x0,0
Register Write to Reg: 0x00 Val: 0x00000000
[inst #3085] addi x0,x0,0
Register Write to Reg: 0x00 Val: 0x00000000
[inst #3086] jal x0,308
Register Write to Reg: 0x00 Val: 0x004007C8
[inst #3087] addi x2,x2,-32
Register Write to Reg: 0x02 Val: 0x10010F38
[inst #3088] addi x0,x0,0
Register Write to Reg: 0x00 Val: 0x00000000
[inst #3089] addi x0,x0,0
Register Write to Reg: 0x00 Val: 0x00000000
[inst #3090] addi x0,x0,0
Register Write to Reg: 0x00 Val: 0x00000000
[inst #3091] sw x8,28(x2)
Memory Write to Addr: 0x10010F54 Val: 0x10010F58
[inst #3092] addi x0,x0,0
Register Write to Reg: 0x00 Val: 0x00000000
[inst #3093] addi x0,x0,0
Register Write to Reg: 0x00 Val: 0x00000000
[inst #3094] addi x0,x0,0
Register Write to Reg: 0x00 Val: 0x00000000
[inst #3095] add x8,x0,x2
Register Write to Reg: 0x08 Val: 0x10010F38
[inst #3096] addi x0,x0,0
Register Write to Reg: 0x00 Val: 0x00000000
[inst #3097] addi x0,x0,0
Register Write to Reg: 0x00 Val: 0x00000000
[inst #3098] addi x0,x0,0
Register Write to Reg: 0x00 Val: 0x00000000
[inst #3099] sw x29,32(x8)
Memory Write to Addr: 0x10010F58 Val: 0x00000002
[inst #3100] sw x30,36(x8)
Memory Write to Addr: 0x10010F5C Val: 0x00000002
[inst #3101] auipc x7,64527
Register Write to Reg: 0x07 Val: 0x1000F930
[inst #3102] sll x0,x0,x0
Register Write to Reg: 0x00 Val: 0x00000000
[inst #3103] sll x0,x0,x0
Register Write to Reg: 0x00 Val: 0x00000000
[inst #3104] sll x0,x0,x0
Register Write to Reg: 0x00 Val: 0x00000000
[inst #3105] addi x7,x7,1764
Register Write to Reg: 0x07 Val: 0x10010014
[inst #3106] addi x0,x0,0
Register Write to Reg: 0x00 Val: 0x00000000
[inst #3107] addi x0,x0,0
Register Write to Reg: 0x00 Val: 0x00000000
[inst #3108] addi x0,x0,0
Register Write to Reg: 0x00 Val: 0x00000000
[inst #3109] lw x28,32(x8)
Register Write to Reg: 0x1C Val: 0x00000002
[inst #3110] addi x0,x0,0
Register Write to Reg: 0x00 Val: 0x00000000
[inst #3111] addi x0,x0,0
Register Write to Reg: 0x00 Val: 0x00000000
[inst #3112] addi x0,x0,0
Register Write to Reg: 0x00 Val: 0x00000000
[inst #3113] slli x28,x28,2
Register Write to Reg: 0x1C Val: 0x00000008
[inst #3114] addi x0,x0,0
Register Write to Reg: 0x00 Val: 0x00000000
[inst #3115] addi x0,x0,0
Register Write to Reg: 0x00 Val: 0x00000000
[inst #3116] addi x0,x0,0
Register Write to Reg: 0x00 Val: 0x00000000
[inst #3117] add x7,x28,x7
Register Write to Reg: 0x07 Val: 0x1001001C
[inst #3118] addi x0,x0,0
Register Write to Reg: 0x00 Val: 0x00000000
[inst #3119] addi x0,x0,0
Register Write to Reg: 0x00 Val: 0x00000000
[inst #3120] addi x0,x0,0
Register Write to Reg: 0x00 Val: 0x00000000
[inst #3121] lw x7,0(x7)
Register Write to Reg: 0x07 Val: 0x00000000
[inst #3122] addi x0,x0,0
Register Write to Reg: 0x00 Val: 0x00000000
[inst #3123] addi x0,x0,0
Register Write to Reg: 0x00 Val: 0x00000000
[inst #3124] addi x0,x0,0
Register Write to Reg: 0x00 Val: 0x00000000
[inst #3125] sw x7,16(x8)
Memory Write to Addr: 0x10010F48 Val: 0x00000000
[inst #3126] addi x7,x0,1
Register Write to Reg: 0x07 Val: 0x00000001
[inst #3127] addi x0,x0,0
Register Write to Reg: 0x00 Val: 0x00000000
[inst #3128] addi x0,x0,0
Register Write to Reg: 0x00 Val: 0x00000000
[inst #3129] addi x0,x0,0
Register Write to Reg: 0x00 Val: 0x00000000
[inst #3130] sw x7,8(x8)
Memory Write to Addr: 0x10010F40 Val: 0x00000001
[inst #3131] sw x0,12(x8)
Memory Write to Addr: 0x10010F44 Val: 0x00000000
[inst #3132] jal x0,84
Register Write to Reg: 0x00 Val: 0x004009B0
[inst #3133] lw x28,12(x8)
Register Write to Reg: 0x1C Val: 0x00000000
[inst #3134] lw x7,36(x8)
Register Write to Reg: 0x07 Val: 0x00000002
[inst #3135] addi x0,x0,0
Register Write to Reg: 0x00 Val: 0x00000000
[inst #3136] addi x0,x0,0
Register Write to Reg: 0x00 Val: 0x00000000
[inst #3137] addi x0,x0,0
Register Write to Reg: 0x00 Val: 0x00000000
[inst #3138] slt x7,x28,x7
Register Write to Reg: 0x07 Val: 0x00000001
[inst #3139] addi x0,x0,0
Register Write to Reg: 0x00 Val: 0x00000000
[inst #3140] addi x0,x0,0
Register Write to Reg: 0x00 Val: 0x00000000
[inst #3141] addi x0,x0,0
Register Write to Reg: 0x00 Val: 0x00000000
[inst #3142] beq x7,x0,24
[inst #3143] addi x0,x0,0
Register Write to Reg: 0x00 Val: 0x00000000
[inst #3144] addi x0,x0,0
Register Write to Reg: 0x00 Val: 0x00000000
[inst #3145] jal x0,-120
Register Write to Reg: 0x00 Val: 0x00400A34
[inst #3146] lw x7,8(x8)
Register Write to Reg: 0x07 Val: 0x00000001
[inst #3147] addi x0,x0,0
Register Write to Reg: 0x00 Val: 0x00000000
[inst #3148] addi x0,x0,0
Register Write to Reg: 0x00 Val: 0x00000000
[inst #3149] addi x0,x0,0
Register Write to Reg: 0x00 Val: 0x00000000
[inst #3150] slli x7,x7,1
Register Write to Reg: 0x07 Val: 0x00000002
[inst #3151] addi x0,x0,0
Register Write to Reg: 0x00 Val: 0x00000000
[inst #3152] addi x0,x0,0
Register Write to Reg: 0x00 Val: 0x00000000
[inst #3153] addi x0,x0,0
Register Write to Reg: 0x00 Val: 0x00000000
[inst #3154] sw x7,8(x8)
Memory Write to Addr: 0x10010F40 Val: 0x00000002
[inst #3155] lw x7,12(x8)
Register Write to Reg: 0x07 Val: 0x00000000
[inst #3156] addi x0,x0,0
Register Write to Reg: 0x00 Val: 0x00000000
[inst #3157] addi x0,x0,0
Register Write to Reg: 0x00 Val: 0x00000000
[inst #3158] addi x0,x0,0
Register Write to Reg: 0x00 Val: 0x00000000
[inst #3159] addi x7,x7,1
Register Write to Reg: 0x07 Val: 0x00000001
[inst #3160] addi x0,x0,0
Register Write to Reg: 0x00 Val: 0x00000000
[inst #3161] addi x0,x0,0
Register Write to Reg: 0x00 Val: 0x00000000
[inst #3162] addi x0,x0,0
Register Write to Reg: 0x00 Val: 0x00000000
[inst #3163] sw x7,12(x8)
Memory Write to Addr: 0x10010F44 Val: 0x00000001
[inst #3164] lw x28,12(x8)
Register Write to Reg: 0x1C Val: 0x00000001
[inst #3165] lw x7,36(x8)
Register Write to Reg: 0x07 Val: 0x00000002
[inst #3166] addi x0,x0,0
Register Write to Reg: 0x00 Val: 0x00000000
[inst #3167] addi x0,x0,0
Register Write to Reg: 0x00 Val: 0x00000000
[inst #3168] addi x0,x0,0
Register Write to Reg: 0x00 Val: 0x00000000
[inst #3169] slt x7,x28,x7
Register Write to Reg: 0x07 Val: 0x00000001
[inst #3170] addi x0,x0,0
Register Write to Reg: 0x00 Val: 0x00000000
[inst #3171] addi x0,x0,0
Register Write to Reg: 0x00 Val: 0x00000000
[inst #3172] addi x0,x0,0
Register Write to Reg: 0x00 Val: 0x00000000
[inst #3173] beq x7,x0,24
[inst #3174] addi x0,x0,0
Register Write to Reg: 0x00 Val: 0x00000000
[inst #3175] addi x0,x0,0
Register Write to Reg: 0x00 Val: 0x00000000
[inst #3176] jal x0,-120
Register Write to Reg: 0x00 Val: 0x00400A34
[inst #3177] lw x7,8(x8)
Register Write to Reg: 0x07 Val: 0x00000002
[inst #3178] addi x0,x0,0
Register Write to Reg: 0x00 Val: 0x00000000
[inst #3179] addi x0,x0,0
Register Write to Reg: 0x00 Val: 0x00000000
[inst #3180] addi x0,x0,0
Register Write to Reg: 0x00 Val: 0x00000000
[inst #3181] slli x7,x7,1
Register Write to Reg: 0x07 Val: 0x00000004
[inst #3182] addi x0,x0,0
Register Write to Reg: 0x00 Val: 0x00000000
[inst #3183] addi x0,x0,0
Register Write to Reg: 0x00 Val: 0x00000000
[inst #3184] addi x0,x0,0
Register Write to Reg: 0x00 Val: 0x00000000
[inst #3185] sw x7,8(x8)
Memory Write to Addr: 0x10010F40 Val: 0x00000004
[inst #3186] lw x7,12(x8)
Register Write to Reg: 0x07 Val: 0x00000001
[inst #3187] addi x0,x0,0
Register Write to Reg: 0x00 Val: 0x00000000
[inst #3188] addi x0,x0,0
Register Write to Reg: 0x00 Val: 0x00000000
[inst #3189] addi x0,x0,0
Register Write to Reg: 0x00 Val: 0x00000000
[inst #3190] addi x7,x7,1
Register Write to Reg: 0x07 Val: 0x00000002
[inst #3191] addi x0,x0,0
Register Write to Reg: 0x00 Val: 0x00000000
[inst #3192] addi x0,x0,0
Register Write to Reg: 0x00 Val: 0x00000000
[inst #3193] addi x0,x0,0
Register Write to Reg: 0x00 Val: 0x00000000
[inst #3194] sw x7,12(x8)
Memory Write to Addr: 0x10010F44 Val: 0x00000002
[inst #3195] lw x28,12(x8)
Register Write to Reg: 0x1C Val: 0x00000002
[inst #3196] lw x7,36(x8)
Register Write to Reg: 0x07 Val: 0x00000002
[inst #3197] addi x0,x0,0
Register Write to Reg: 0x00 Val: 0x00000000
[inst #3198] addi x0,x0,0
Register Write to Reg: 0x00 Val: 0x00000000
[inst #3199] addi x0,x0,0
Register Write to Reg: 0x00 Val: 0x00000000
[inst #3200] slt x7,x28,x7
Register Write to Reg: 0x07 Val: 0x00000000
[inst #3201] addi x0,x0,0
Register Write to Reg: 0x00 Val: 0x00000000
[inst #3202] addi x0,x0,0
Register Write to Reg: 0x00 Val: 0x00000000
[inst #3203] addi x0,x0,0
Register Write to Reg: 0x00 Val: 0x00000000
[inst #3204] beq x7,x0,24
[inst #3205] lw x28,8(x8)
Register Write to Reg: 0x1C Val: 0x00000004
[inst #3206] lw x7,16(x8)
Register Write to Reg: 0x07 Val: 0x00000000
[inst #3207] addi x0,x0,0
Register Write to Reg: 0x00 Val: 0x00000000
[inst #3208] addi x0,x0,0
Register Write to Reg: 0x00 Val: 0x00000000
[inst #3209] addi x0,x0,0
Register Write to Reg: 0x00 Val: 0x00000000
[inst #3210] and x7,x28,x7
Register Write to Reg: 0x07 Val: 0x00000000
[inst #3211] addi x0,x0,0
Register Write to Reg: 0x00 Val: 0x00000000
[inst #3212] addi x0,x0,0
Register Write to Reg: 0x00 Val: 0x00000000
[inst #3213] addi x0,x0,0
Register Write to Reg: 0x00 Val: 0x00000000
[inst #3214] slt x7,x0,x7
Register Write to Reg: 0x07 Val: 0x00000000
[inst #3215] addi x0,x0,0
Register Write to Reg: 0x00 Val: 0x00000000
[inst #3216] addi x0,x0,0
Register Write to Reg: 0x00 Val: 0x00000000
[inst #3217] addi x0,x0,0
Register Write to Reg: 0x00 Val: 0x00000000
[inst #3218] andi x7,x7,255
Register Write to Reg: 0x07 Val: 0x00000000
[inst #3219] addi x0,x0,0
Register Write to Reg: 0x00 Val: 0x00000000
[inst #3220] addi x0,x0,0
Register Write to Reg: 0x00 Val: 0x00000000
[inst #3221] addi x0,x0,0
Register Write to Reg: 0x00 Val: 0x00000000
[inst #3222] add x2,x0,x8
Register Write to Reg: 0x02 Val: 0x10010F38
[inst #3223] addi x0,x0,0
Register Write to Reg: 0x00 Val: 0x00000000
[inst #3224] addi x0,x0,0
Register Write to Reg: 0x00 Val: 0x00000000
[inst #3225] addi x0,x0,0
Register Write to Reg: 0x00 Val: 0x00000000
[inst #3226] lw x8,28(x2)
Register Write to Reg: 0x08 Val: 0x10010F58
[inst #3227] addi x0,x0,0
Register Write to Reg: 0x00 Val: 0x00000000
[inst #3228] addi x0,x0,0
Register Write to Reg: 0x00 Val: 0x00000000
[inst #3229] addi x0,x0,0
Register Write to Reg: 0x00 Val: 0x00000000
[inst #3230] addi x2,x2,32
Register Write to Reg: 0x02 Val: 0x10010F58
[inst #3231] addi x0,x0,0
Register Write to Reg: 0x00 Val: 0x00000000
[inst #3232] addi x0,x0,0
Register Write to Reg: 0x00 Val: 0x00000000
[inst #3233] jalr x0,x1,0
Register Write to Reg: 0x00 Val: 0x00400AB0
[inst #3234] beq x7,x0,92
[inst #3235] lw x7,32(x8)
Register Write to Reg: 0x07 Val: 0x10010F94
[inst #3236] addi x0,x0,0
Register Write to Reg: 0x00 Val: 0x00000000
[inst #3237] addi x0,x0,0
Register Write to Reg: 0x00 Val: 0x00000000
[inst #3238] addi x0,x0,0
Register Write to Reg: 0x00 Val: 0x00000000
[inst #3239] lw x7,4(x7)
Register Write to Reg: 0x07 Val: 0x00000002
[inst #3240] addi x0,x0,0
Register Write to Reg: 0x00 Val: 0x00000000
[inst #3241] addi x0,x0,0
Register Write to Reg: 0x00 Val: 0x00000000
[inst #3242] addi x0,x0,0
Register Write to Reg: 0x00 Val: 0x00000000
[inst #3243] addi x28,x7,1
Register Write to Reg: 0x1C Val: 0x00000003
[inst #3244] addi x0,x0,0
Register Write to Reg: 0x00 Val: 0x00000000
[inst #3245] addi x0,x0,0
Register Write to Reg: 0x00 Val: 0x00000000
[inst #3246] addi x0,x0,0
Register Write to Reg: 0x00 Val: 0x00000000
[inst #3247] lw x7,32(x8)
Register Write to Reg: 0x07 Val: 0x10010F94
[inst #3248] addi x0,x0,0
Register Write to Reg: 0x00 Val: 0x00000000
[inst #3249] addi x0,x0,0
Register Write to Reg: 0x00 Val: 0x00000000
[inst #3250] addi x0,x0,0
Register Write to Reg: 0x00 Val: 0x00000000
[inst #3251] sw x28,4(x7)
Memory Write to Addr: 0x10010F98 Val: 0x00000003
[inst #3252] lw x7,32(x8)
Register Write to Reg: 0x07 Val: 0x10010F94
[inst #3253] addi x0,x0,0
Register Write to Reg: 0x00 Val: 0x00000000
[inst #3254] addi x0,x0,0
Register Write to Reg: 0x00 Val: 0x00000000
[inst #3255] addi x0,x0,0
Register Write to Reg: 0x00 Val: 0x00000000
[inst #3256] lw x7,4(x7)
Register Write to Reg: 0x07 Val: 0x00000003
[inst #3257] addi x0,x0,0
Register Write to Reg: 0x00 Val: 0x00000000
[inst #3258] addi x0,x0,0
Register Write to Reg: 0x00 Val: 0x00000000
[inst #3259] addi x0,x0,0
Register Write to Reg: 0x00 Val: 0x00000000
[inst #3260] slti x7,x7,4
Register Write to Reg: 0x07 Val: 0x00000001
[inst #3261] addi x0,x0,0
Register Write to Reg: 0x00 Val: 0x00000000
[inst #3262] addi x0,x0,0
Register Write to Reg: 0x00 Val: 0x00000000
[inst #3263] addi x0,x0,0
Register Write to Reg: 0x00 Val: 0x00000000
[inst #3264] beq x7,x0,24
[inst #3265] addi x0,x0,0
Register Write to Reg: 0x00 Val: 0x00000000
[inst #3266] addi x0,x0,0
Register Write to Reg: 0x00 Val: 0x00000000
[inst #3267] jal x0,-348
Register Write to Reg: 0x00 Val: 0x004008B0
[inst #3268] lw x7,32(x8)
Register Write to Reg: 0x07 Val: 0x10010F94
[inst #3269] addi x0,x0,0
Register Write to Reg: 0x00 Val: 0x00000000
[inst #3270] addi x0,x0,0
Register Write to Reg: 0x00 Val: 0x00000000
[inst #3271] addi x0,x0,0
Register Write to Reg: 0x00 Val: 0x00000000
[inst #3272] lw x28,0(x7)
Register Write to Reg: 0x1C Val: 0x00000002
[inst #3273] addi x0,x0,0
Register Write to Reg: 0x00 Val: 0x00000000
[inst #3274] addi x0,x0,0
Register Write to Reg: 0x00 Val: 0x00000000
[inst #3275] addi x0,x0,0
Register Write to Reg: 0x00 Val: 0x00000000
[inst #3276] lw x7,32(x8)
Register Write to Reg: 0x07 Val: 0x10010F94
[inst #3277] addi x0,x0,0
Register Write to Reg: 0x00 Val: 0x00000000
[inst #3278] addi x0,x0,0
Register Write to Reg: 0x00 Val: 0x00000000
[inst #3279] addi x0,x0,0
Register Write to Reg: 0x00 Val: 0x00000000
[inst #3280] lw x7,4(x7)
Register Write to Reg: 0x07 Val: 0x00000003
[inst #3281] addi x0,x0,0
Register Write to Reg: 0x00 Val: 0x00000000
[inst #3282] addi x0,x0,0
Register Write to Reg: 0x00 Val: 0x00000000
[inst #3283] addi x0,x0,0
Register Write to Reg: 0x00 Val: 0x00000000
[inst #3284] add x30,x0,x7
Register Write to Reg: 0x1E Val: 0x00000003
[inst #3285] add x29,x0,x28
Register Write to Reg: 0x1D Val: 0x00000002
[inst #3286] addi x0,x0,0
Register Write to Reg: 0x00 Val: 0x00000000
[inst #3287] addi x0,x0,0
Register Write to Reg: 0x00 Val: 0x00000000
[inst #3288] addi x0,x0,0
Register Write to Reg: 0x00 Val: 0x00000000
[inst #3289] auipc x1,0
Register Write to Reg: 0x01 Val: 0x004007A4
[inst #3290] sll x0,x0,x0
Register Write to Reg: 0x00 Val: 0x00000000
[inst #3291] sll x0,x0,x0
Register Write to Reg: 0x00 Val: 0x00000000
[inst #3292] sll x0,x0,x0
Register Write to Reg: 0x00 Val: 0x00000000
[inst #3293] addi x1,x1,44
Register Write to Reg: 0x01 Val: 0x004007D0
[inst #3294] addi x0,x0,0
Register Write to Reg: 0x00 Val: 0x00000000
[inst #3295] addi x0,x0,0
Register Write to Reg: 0x00 Val: 0x00000000
[inst #3296] addi x0,x0,0
Register Write to Reg: 0x00 Val: 0x00000000
[inst #3297] jal x0,308
Register Write to Reg: 0x00 Val: 0x004007C8
[inst #3298] addi x2,x2,-32
Register Write to Reg: 0x02 Val: 0x10010F38
[inst #3299] addi x0,x0,0
Register Write to Reg: 0x00 Val: 0x00000000
[inst #3300] addi x0,x0,0
Register Write to Reg: 0x00 Val: 0x00000000
[inst #3301] addi x0,x0,0
Register Write to Reg: 0x00 Val: 0x00000000
[inst #3302] sw x8,28(x2)
Memory Write to Addr: 0x10010F54 Val: 0x10010F58
[inst #3303] addi x0,x0,0
Register Write to Reg: 0x00 Val: 0x00000000
[inst #3304] addi x0,x0,0
Register Write to Reg: 0x00 Val: 0x00000000
[inst #3305] addi x0,x0,0
Register Write to Reg: 0x00 Val: 0x00000000
[inst #3306] add x8,x0,x2
Register Write to Reg: 0x08 Val: 0x10010F38
[inst #3307] addi x0,x0,0
Register Write to Reg: 0x00 Val: 0x00000000
[inst #3308] addi x0,x0,0
Register Write to Reg: 0x00 Val: 0x00000000
[inst #3309] addi x0,x0,0
Register Write to Reg: 0x00 Val: 0x00000000
[inst #3310] sw x29,32(x8)
Memory Write to Addr: 0x10010F58 Val: 0x00000002
[inst #3311] sw x30,36(x8)
Memory Write to Addr: 0x10010F5C Val: 0x00000003
[inst #3312] auipc x7,64527
Register Write to Reg: 0x07 Val: 0x1000F930
[inst #3313] sll x0,x0,x0
Register Write to Reg: 0x00 Val: 0x00000000
[inst #3314] sll x0,x0,x0
Register Write to Reg: 0x00 Val: 0x00000000
[inst #3315] sll x0,x0,x0
Register Write to Reg: 0x00 Val: 0x00000000
[inst #3316] addi x7,x7,1764
Register Write to Reg: 0x07 Val: 0x10010014
[inst #3317] addi x0,x0,0
Register Write to Reg: 0x00 Val: 0x00000000
[inst #3318] addi x0,x0,0
Register Write to Reg: 0x00 Val: 0x00000000
[inst #3319] addi x0,x0,0
Register Write to Reg: 0x00 Val: 0x00000000
[inst #3320] lw x28,32(x8)
Register Write to Reg: 0x1C Val: 0x00000002
[inst #3321] addi x0,x0,0
Register Write to Reg: 0x00 Val: 0x00000000
[inst #3322] addi x0,x0,0
Register Write to Reg: 0x00 Val: 0x00000000
[inst #3323] addi x0,x0,0
Register Write to Reg: 0x00 Val: 0x00000000
[inst #3324] slli x28,x28,2
Register Write to Reg: 0x1C Val: 0x00000008
[inst #3325] addi x0,x0,0
Register Write to Reg: 0x00 Val: 0x00000000
[inst #3326] addi x0,x0,0
Register Write to Reg: 0x00 Val: 0x00000000
[inst #3327] addi x0,x0,0
Register Write to Reg: 0x00 Val: 0x00000000
[inst #3328] add x7,x28,x7
Register Write to Reg: 0x07 Val: 0x1001001C
[inst #3329] addi x0,x0,0
Register Write to Reg: 0x00 Val: 0x00000000
[inst #3330] addi x0,x0,0
Register Write to Reg: 0x00 Val: 0x00000000
[inst #3331] addi x0,x0,0
Register Write to Reg: 0x00 Val: 0x00000000
[inst #3332] lw x7,0(x7)
Register Write to Reg: 0x07 Val: 0x00000000
[inst #3333] addi x0,x0,0
Register Write to Reg: 0x00 Val: 0x00000000
[inst #3334] addi x0,x0,0
Register Write to Reg: 0x00 Val: 0x00000000
[inst #3335] addi x0,x0,0
Register Write to Reg: 0x00 Val: 0x00000000
[inst #3336] sw x7,16(x8)
Memory Write to Addr: 0x10010F48 Val: 0x00000000
[inst #3337] addi x7,x0,1
Register Write to Reg: 0x07 Val: 0x00000001
[inst #3338] addi x0,x0,0
Register Write to Reg: 0x00 Val: 0x00000000
[inst #3339] addi x0,x0,0
Register Write to Reg: 0x00 Val: 0x00000000
[inst #3340] addi x0,x0,0
Register Write to Reg: 0x00 Val: 0x00000000
[inst #3341] sw x7,8(x8)
Memory Write to Addr: 0x10010F40 Val: 0x00000001
[inst #3342] sw x0,12(x8)
Memory Write to Addr: 0x10010F44 Val: 0x00000000
[inst #3343] jal x0,84
Register Write to Reg: 0x00 Val: 0x004009B0
[inst #3344] lw x28,12(x8)
Register Write to Reg: 0x1C Val: 0x00000000
[inst #3345] lw x7,36(x8)
Register Write to Reg: 0x07 Val: 0x00000003
[inst #3346] addi x0,x0,0
Register Write to Reg: 0x00 Val: 0x00000000
[inst #3347] addi x0,x0,0
Register Write to Reg: 0x00 Val: 0x00000000
[inst #3348] addi x0,x0,0
Register Write to Reg: 0x00 Val: 0x00000000
[inst #3349] slt x7,x28,x7
Register Write to Reg: 0x07 Val: 0x00000001
[inst #3350] addi x0,x0,0
Register Write to Reg: 0x00 Val: 0x00000000
[inst #3351] addi x0,x0,0
Register Write to Reg: 0x00 Val: 0x00000000
[inst #3352] addi x0,x0,0
Register Write to Reg: 0x00 Val: 0x00000000
[inst #3353] beq x7,x0,24
[inst #3354] addi x0,x0,0
Register Write to Reg: 0x00 Val: 0x00000000
[inst #3355] addi x0,x0,0
Register Write to Reg: 0x00 Val: 0x00000000
[inst #3356] jal x0,-120
Register Write to Reg: 0x00 Val: 0x00400A34
[inst #3357] lw x7,8(x8)
Register Write to Reg: 0x07 Val: 0x00000001
[inst #3358] addi x0,x0,0
Register Write to Reg: 0x00 Val: 0x00000000
[inst #3359] addi x0,x0,0
Register Write to Reg: 0x00 Val: 0x00000000
[inst #3360] addi x0,x0,0
Register Write to Reg: 0x00 Val: 0x00000000
[inst #3361] slli x7,x7,1
Register Write to Reg: 0x07 Val: 0x00000002
[inst #3362] addi x0,x0,0
Register Write to Reg: 0x00 Val: 0x00000000
[inst #3363] addi x0,x0,0
Register Write to Reg: 0x00 Val: 0x00000000
[inst #3364] addi x0,x0,0
Register Write to Reg: 0x00 Val: 0x00000000
[inst #3365] sw x7,8(x8)
Memory Write to Addr: 0x10010F40 Val: 0x00000002
[inst #3366] lw x7,12(x8)
Register Write to Reg: 0x07 Val: 0x00000000
[inst #3367] addi x0,x0,0
Register Write to Reg: 0x00 Val: 0x00000000
[inst #3368] addi x0,x0,0
Register Write to Reg: 0x00 Val: 0x00000000
[inst #3369] addi x0,x0,0
Register Write to Reg: 0x00 Val: 0x00000000
[inst #3370] addi x7,x7,1
Register Write to Reg: 0x07 Val: 0x00000001
[inst #3371] addi x0,x0,0
Register Write to Reg: 0x00 Val: 0x00000000
[inst #3372] addi x0,x0,0
Register Write to Reg: 0x00 Val: 0x00000000
[inst #3373] addi x0,x0,0
Register Write to Reg: 0x00 Val: 0x00000000
[inst #3374] sw x7,12(x8)
Memory Write to Addr: 0x10010F44 Val: 0x00000001
[inst #3375] lw x28,12(x8)
Register Write to Reg: 0x1C Val: 0x00000001
[inst #3376] lw x7,36(x8)
Register Write to Reg: 0x07 Val: 0x00000003
[inst #3377] addi x0,x0,0
Register Write to Reg: 0x00 Val: 0x00000000
[inst #3378] addi x0,x0,0
Register Write to Reg: 0x00 Val: 0x00000000
[inst #3379] addi x0,x0,0
Register Write to Reg: 0x00 Val: 0x00000000
[inst #3380] slt x7,x28,x7
Register Write to Reg: 0x07 Val: 0x00000001
[inst #3381] addi x0,x0,0
Register Write to Reg: 0x00 Val: 0x00000000
[inst #3382] addi x0,x0,0
Register Write to Reg: 0x00 Val: 0x00000000
[inst #3383] addi x0,x0,0
Register Write to Reg: 0x00 Val: 0x00000000
[inst #3384] beq x7,x0,24
[inst #3385] addi x0,x0,0
Register Write to Reg: 0x00 Val: 0x00000000
[inst #3386] addi x0,x0,0
Register Write to Reg: 0x00 Val: 0x00000000
[inst #3387] jal x0,-120
Register Write to Reg: 0x00 Val: 0x00400A34
[inst #3388] lw x7,8(x8)
Register Write to Reg: 0x07 Val: 0x00000002
[inst #3389] addi x0,x0,0
Register Write to Reg: 0x00 Val: 0x00000000
[inst #3390] addi x0,x0,0
Register Write to Reg: 0x00 Val: 0x00000000
[inst #3391] addi x0,x0,0
Register Write to Reg: 0x00 Val: 0x00000000
[inst #3392] slli x7,x7,1
Register Write to Reg: 0x07 Val: 0x00000004
[inst #3393] addi x0,x0,0
Register Write to Reg: 0x00 Val: 0x00000000
[inst #3394] addi x0,x0,0
Register Write to Reg: 0x00 Val: 0x00000000
[inst #3395] addi x0,x0,0
Register Write to Reg: 0x00 Val: 0x00000000
[inst #3396] sw x7,8(x8)
Memory Write to Addr: 0x10010F40 Val: 0x00000004
[inst #3397] lw x7,12(x8)
Register Write to Reg: 0x07 Val: 0x00000001
[inst #3398] addi x0,x0,0
Register Write to Reg: 0x00 Val: 0x00000000
[inst #3399] addi x0,x0,0
Register Write to Reg: 0x00 Val: 0x00000000
[inst #3400] addi x0,x0,0
Register Write to Reg: 0x00 Val: 0x00000000
[inst #3401] addi x7,x7,1
Register Write to Reg: 0x07 Val: 0x00000002
[inst #3402] addi x0,x0,0
Register Write to Reg: 0x00 Val: 0x00000000
[inst #3403] addi x0,x0,0
Register Write to Reg: 0x00 Val: 0x00000000
[inst #3404] addi x0,x0,0
Register Write to Reg: 0x00 Val: 0x00000000
[inst #3405] sw x7,12(x8)
Memory Write to Addr: 0x10010F44 Val: 0x00000002
[inst #3406] lw x28,12(x8)
Register Write to Reg: 0x1C Val: 0x00000002
[inst #3407] lw x7,36(x8)
Register Write to Reg: 0x07 Val: 0x00000003
[inst #3408] addi x0,x0,0
Register Write to Reg: 0x00 Val: 0x00000000
[inst #3409] addi x0,x0,0
Register Write to Reg: 0x00 Val: 0x00000000
[inst #3410] addi x0,x0,0
Register Write to Reg: 0x00 Val: 0x00000000
[inst #3411] slt x7,x28,x7
Register Write to Reg: 0x07 Val: 0x00000001
[inst #3412] addi x0,x0,0
Register Write to Reg: 0x00 Val: 0x00000000
[inst #3413] addi x0,x0,0
Register Write to Reg: 0x00 Val: 0x00000000
[inst #3414] addi x0,x0,0
Register Write to Reg: 0x00 Val: 0x00000000
[inst #3415] beq x7,x0,24
[inst #3416] addi x0,x0,0
Register Write to Reg: 0x00 Val: 0x00000000
[inst #3417] addi x0,x0,0
Register Write to Reg: 0x00 Val: 0x00000000
[inst #3418] jal x0,-120
Register Write to Reg: 0x00 Val: 0x00400A34
[inst #3419] lw x7,8(x8)
Register Write to Reg: 0x07 Val: 0x00000004
[inst #3420] addi x0,x0,0
Register Write to Reg: 0x00 Val: 0x00000000
[inst #3421] addi x0,x0,0
Register Write to Reg: 0x00 Val: 0x00000000
[inst #3422] addi x0,x0,0
Register Write to Reg: 0x00 Val: 0x00000000
[inst #3423] slli x7,x7,1
Register Write to Reg: 0x07 Val: 0x00000008
[inst #3424] addi x0,x0,0
Register Write to Reg: 0x00 Val: 0x00000000
[inst #3425] addi x0,x0,0
Register Write to Reg: 0x00 Val: 0x00000000
[inst #3426] addi x0,x0,0
Register Write to Reg: 0x00 Val: 0x00000000
[inst #3427] sw x7,8(x8)
Memory Write to Addr: 0x10010F40 Val: 0x00000008
[inst #3428] lw x7,12(x8)
Register Write to Reg: 0x07 Val: 0x00000002
[inst #3429] addi x0,x0,0
Register Write to Reg: 0x00 Val: 0x00000000
[inst #3430] addi x0,x0,0
Register Write to Reg: 0x00 Val: 0x00000000
[inst #3431] addi x0,x0,0
Register Write to Reg: 0x00 Val: 0x00000000
[inst #3432] addi x7,x7,1
Register Write to Reg: 0x07 Val: 0x00000003
[inst #3433] addi x0,x0,0
Register Write to Reg: 0x00 Val: 0x00000000
[inst #3434] addi x0,x0,0
Register Write to Reg: 0x00 Val: 0x00000000
[inst #3435] addi x0,x0,0
Register Write to Reg: 0x00 Val: 0x00000000
[inst #3436] sw x7,12(x8)
Memory Write to Addr: 0x10010F44 Val: 0x00000003
[inst #3437] lw x28,12(x8)
Register Write to Reg: 0x1C Val: 0x00000003
[inst #3438] lw x7,36(x8)
Register Write to Reg: 0x07 Val: 0x00000003
[inst #3439] addi x0,x0,0
Register Write to Reg: 0x00 Val: 0x00000000
[inst #3440] addi x0,x0,0
Register Write to Reg: 0x00 Val: 0x00000000
[inst #3441] addi x0,x0,0
Register Write to Reg: 0x00 Val: 0x00000000
[inst #3442] slt x7,x28,x7
Register Write to Reg: 0x07 Val: 0x00000000
[inst #3443] addi x0,x0,0
Register Write to Reg: 0x00 Val: 0x00000000
[inst #3444] addi x0,x0,0
Register Write to Reg: 0x00 Val: 0x00000000
[inst #3445] addi x0,x0,0
Register Write to Reg: 0x00 Val: 0x00000000
[inst #3446] beq x7,x0,24
[inst #3447] lw x28,8(x8)
Register Write to Reg: 0x1C Val: 0x00000008
[inst #3448] lw x7,16(x8)
Register Write to Reg: 0x07 Val: 0x00000000
[inst #3449] addi x0,x0,0
Register Write to Reg: 0x00 Val: 0x00000000
[inst #3450] addi x0,x0,0
Register Write to Reg: 0x00 Val: 0x00000000
[inst #3451] addi x0,x0,0
Register Write to Reg: 0x00 Val: 0x00000000
[inst #3452] and x7,x28,x7
Register Write to Reg: 0x07 Val: 0x00000000
[inst #3453] addi x0,x0,0
Register Write to Reg: 0x00 Val: 0x00000000
[inst #3454] addi x0,x0,0
Register Write to Reg: 0x00 Val: 0x00000000
[inst #3455] addi x0,x0,0
Register Write to Reg: 0x00 Val: 0x00000000
[inst #3456] slt x7,x0,x7
Register Write to Reg: 0x07 Val: 0x00000000
[inst #3457] addi x0,x0,0
Register Write to Reg: 0x00 Val: 0x00000000
[inst #3458] addi x0,x0,0
Register Write to Reg: 0x00 Val: 0x00000000
[inst #3459] addi x0,x0,0
Register Write to Reg: 0x00 Val: 0x00000000
[inst #3460] andi x7,x7,255
Register Write to Reg: 0x07 Val: 0x00000000
[inst #3461] addi x0,x0,0
Register Write to Reg: 0x00 Val: 0x00000000
[inst #3462] addi x0,x0,0
Register Write to Reg: 0x00 Val: 0x00000000
[inst #3463] addi x0,x0,0
Register Write to Reg: 0x00 Val: 0x00000000
[inst #3464] add x2,x0,x8
Register Write to Reg: 0x02 Val: 0x10010F38
[inst #3465] addi x0,x0,0
Register Write to Reg: 0x00 Val: 0x00000000
[inst #3466] addi x0,x0,0
Register Write to Reg: 0x00 Val: 0x00000000
[inst #3467] addi x0,x0,0
Register Write to Reg: 0x00 Val: 0x00000000
[inst #3468] lw x8,28(x2)
Register Write to Reg: 0x08 Val: 0x10010F58
[inst #3469] addi x0,x0,0
Register Write to Reg: 0x00 Val: 0x00000000
[inst #3470] addi x0,x0,0
Register Write to Reg: 0x00 Val: 0x00000000
[inst #3471] addi x0,x0,0
Register Write to Reg: 0x00 Val: 0x00000000
[inst #3472] addi x2,x2,32
Register Write to Reg: 0x02 Val: 0x10010F58
[inst #3473] addi x0,x0,0
Register Write to Reg: 0x00 Val: 0x00000000
[inst #3474] addi x0,x0,0
Register Write to Reg: 0x00 Val: 0x00000000
[inst #3475] jalr x0,x1,0
Register Write to Reg: 0x00 Val: 0x00400AB0
[inst #3476] beq x7,x0,92
[inst #3477] lw x7,32(x8)
Register Write to Reg: 0x07 Val: 0x10010F94
[inst #3478] addi x0,x0,0
Register Write to Reg: 0x00 Val: 0x00000000
[inst #3479] addi x0,x0,0
Register Write to Reg: 0x00 Val: 0x00000000
[inst #3480] addi x0,x0,0
Register Write to Reg: 0x00 Val: 0x00000000
[inst #3481] lw x7,4(x7)
Register Write to Reg: 0x07 Val: 0x00000003
[inst #3482] addi x0,x0,0
Register Write to Reg: 0x00 Val: 0x00000000
[inst #3483] addi x0,x0,0
Register Write to Reg: 0x00 Val: 0x00000000
[inst #3484] addi x0,x0,0
Register Write to Reg: 0x00 Val: 0x00000000
[inst #3485] addi x28,x7,1
Register Write to Reg: 0x1C Val: 0x00000004
[inst #3486] addi x0,x0,0
Register Write to Reg: 0x00 Val: 0x00000000
[inst #3487] addi x0,x0,0
Register Write to Reg: 0x00 Val: 0x00000000
[inst #3488] addi x0,x0,0
Register Write to Reg: 0x00 Val: 0x00000000
[inst #3489] lw x7,32(x8)
Register Write to Reg: 0x07 Val: 0x10010F94
[inst #3490] addi x0,x0,0
Register Write to Reg: 0x00 Val: 0x00000000
[inst #3491] addi x0,x0,0
Register Write to Reg: 0x00 Val: 0x00000000
[inst #3492] addi x0,x0,0
Register Write to Reg: 0x00 Val: 0x00000000
[inst #3493] sw x28,4(x7)
Memory Write to Addr: 0x10010F98 Val: 0x00000004
[inst #3494] lw x7,32(x8)
Register Write to Reg: 0x07 Val: 0x10010F94
[inst #3495] addi x0,x0,0
Register Write to Reg: 0x00 Val: 0x00000000
[inst #3496] addi x0,x0,0
Register Write to Reg: 0x00 Val: 0x00000000
[inst #3497] addi x0,x0,0
Register Write to Reg: 0x00 Val: 0x00000000
[inst #3498] lw x7,4(x7)
Register Write to Reg: 0x07 Val: 0x00000004
[inst #3499] addi x0,x0,0
Register Write to Reg: 0x00 Val: 0x00000000
[inst #3500] addi x0,x0,0
Register Write to Reg: 0x00 Val: 0x00000000
[inst #3501] addi x0,x0,0
Register Write to Reg: 0x00 Val: 0x00000000
[inst #3502] slti x7,x7,4
Register Write to Reg: 0x07 Val: 0x00000000
[inst #3503] addi x0,x0,0
Register Write to Reg: 0x00 Val: 0x00000000
[inst #3504] addi x0,x0,0
Register Write to Reg: 0x00 Val: 0x00000000
[inst #3505] addi x0,x0,0
Register Write to Reg: 0x00 Val: 0x00000000
[inst #3506] beq x7,x0,24
[inst #3507] addi x7,x0,-1
Register Write to Reg: 0x07 Val: 0xFFFFFFFF
[inst #3508] add x2,x0,x8
Register Write to Reg: 0x02 Val: 0x10010F58
[inst #3509] addi x0,x0,0
Register Write to Reg: 0x00 Val: 0x00000000
[inst #3510] addi x0,x0,0
Register Write to Reg: 0x00 Val: 0x00000000
[inst #3511] addi x0,x0,0
Register Write to Reg: 0x00 Val: 0x00000000
[inst #3512] lw x1,28(x2)
Register Write to Reg: 0x01 Val: 0x00400640
[inst #3513] lw x8,24(x2)
Register Write to Reg: 0x08 Val: 0x10010F78
[inst #3514] addi x0,x0,0
Register Write to Reg: 0x00 Val: 0x00000000
[inst #3515] addi x0,x0,0
Register Write to Reg: 0x00 Val: 0x00000000
[inst #3516] addi x0,x0,0
Register Write to Reg: 0x00 Val: 0x00000000
[inst #3517] addi x2,x2,32
Register Write to Reg: 0x02 Val: 0x10010F78
[inst #3518] addi x0,x0,0
Register Write to Reg: 0x00 Val: 0x00000000
[inst #3519] addi x0,x0,0
Register Write to Reg: 0x00 Val: 0x00000000
[inst #3520] jalr x0,x1,0
Register Write to Reg: 0x00 Val: 0x004008F0
[inst #3521] sw x7,24(x8)
Memory Write to Addr: 0x10010F90 Val: 0xFFFFFFFF
[inst #3522] jal x0,-776
Register Write to Reg: 0x00 Val: 0x00400648
[inst #3523] lw x28,24(x8)
Register Write to Reg: 0x1C Val: 0xFFFFFFFF
[inst #3524] addi x0,x0,0
Register Write to Reg: 0x00 Val: 0x00000000
[inst #3525] addi x0,x0,0
Register Write to Reg: 0x00 Val: 0x00000000
[inst #3526] addi x0,x0,0
Register Write to Reg: 0x00 Val: 0x00000000
[inst #3527] addi x7,x0,-1
Register Write to Reg: 0x07 Val: 0xFFFFFFFF
[inst #3528] addi x0,x0,0
Register Write to Reg: 0x00 Val: 0x00000000
[inst #3529] addi x0,x0,0
Register Write to Reg: 0x00 Val: 0x00000000
[inst #3530] beq x28,x7,24
[inst #3531] auipc x7,64528
Register Write to Reg: 0x07 Val: 0x10010370
[inst #3532] sll x0,x0,x0
Register Write to Reg: 0x00 Val: 0x00000000
[inst #3533] sll x0,x0,x0
Register Write to Reg: 0x00 Val: 0x00000000
[inst #3534] sll x0,x0,x0
Register Write to Reg: 0x00 Val: 0x00000000
[inst #3535] addi x7,x7,-840
Register Write to Reg: 0x07 Val: 0x10010028
[inst #3536] addi x0,x0,0
Register Write to Reg: 0x00 Val: 0x00000000
[inst #3537] addi x0,x0,0
Register Write to Reg: 0x00 Val: 0x00000000
[inst #3538] addi x0,x0,0
Register Write to Reg: 0x00 Val: 0x00000000
[inst #3539] lw x7,0(x7)
Register Write to Reg: 0x07 Val: 0x00000002
[inst #3540] addi x0,x0,0
Register Write to Reg: 0x00 Val: 0x00000000
[inst #3541] addi x0,x0,0
Register Write to Reg: 0x00 Val: 0x00000000
[inst #3542] addi x0,x0,0
Register Write to Reg: 0x00 Val: 0x00000000
[inst #3543] addi x29,x7,-1
Register Write to Reg: 0x1D Val: 0x00000001
[inst #3544] addi x0,x0,0
Register Write to Reg: 0x00 Val: 0x00000000
[inst #3545] addi x0,x0,0
Register Write to Reg: 0x00 Val: 0x00000000
[inst #3546] addi x0,x0,0
Register Write to Reg: 0x00 Val: 0x00000000
[inst #3547] auipc x28,64528
Register Write to Reg: 0x1C Val: 0x100103B0
[inst #3548] sll x0,x0,x0
Register Write to Reg: 0x00 Val: 0x00000000
[inst #3549] sll x0,x0,x0
Register Write to Reg: 0x00 Val: 0x00000000
[inst #3550] sll x0,x0,x0
Register Write to Reg: 0x00 Val: 0x00000000
[inst #3551] addi x28,x28,-904
Register Write to Reg: 0x1C Val: 0x10010028
[inst #3552] addi x0,x0,0
Register Write to Reg: 0x00 Val: 0x00000000
[inst #3553] addi x0,x0,0
Register Write to Reg: 0x00 Val: 0x00000000
[inst #3554] addi x0,x0,0
Register Write to Reg: 0x00 Val: 0x00000000
[inst #3555] sw x29,0(x28)
Memory Write to Addr: 0x10010028 Val: 0x00000001
[inst #3556] auipc x29,64528
Register Write to Reg: 0x1D Val: 0x100103D4
[inst #3557] sll x0,x0,x0
Register Write to Reg: 0x00 Val: 0x00000000
[inst #3558] sll x0,x0,x0
Register Write to Reg: 0x00 Val: 0x00000000
[inst #3559] sll x0,x0,x0
Register Write to Reg: 0x00 Val: 0x00000000
[inst #3560] addi x29,x29,-980
Register Write to Reg: 0x1D Val: 0x10010000
[inst #3561] addi x0,x0,0
Register Write to Reg: 0x00 Val: 0x00000000
[inst #3562] addi x0,x0,0
Register Write to Reg: 0x00 Val: 0x00000000
[inst #3563] addi x0,x0,0
Register Write to Reg: 0x00 Val: 0x00000000
[inst #3564] slli x28,x7,2
Register Write to Reg: 0x1C Val: 0x00000008
[inst #3565] addi x0,x0,0
Register Write to Reg: 0x00 Val: 0x00000000
[inst #3566] addi x0,x0,0
Register Write to Reg: 0x00 Val: 0x00000000
[inst #3567] addi x0,x0,0
Register Write to Reg: 0x00 Val: 0x00000000
[inst #3568] srli x28,x28,1
Register Write to Reg: 0x1C Val: 0x00000004
[inst #3569] addi x0,x0,0
Register Write to Reg: 0x00 Val: 0x00000000
[inst #3570] addi x0,x0,0
Register Write to Reg: 0x00 Val: 0x00000000
[inst #3571] addi x0,x0,0
Register Write to Reg: 0x00 Val: 0x00000000
[inst #3572] srai x28,x28,1
Register Write to Reg: 0x1C Val: 0x00000002
[inst #3573] addi x0,x0,0
Register Write to Reg: 0x00 Val: 0x00000000
[inst #3574] addi x0,x0,0
Register Write to Reg: 0x00 Val: 0x00000000
[inst #3575] addi x0,x0,0
Register Write to Reg: 0x00 Val: 0x00000000
[inst #3576] slli x28,x28,2
Register Write to Reg: 0x1C Val: 0x00000008
[inst #3577] addi x0,x0,0
Register Write to Reg: 0x00 Val: 0x00000000
[inst #3578] addi x0,x0,0
Register Write to Reg: 0x00 Val: 0x00000000
[inst #3579] addi x0,x0,0
Register Write to Reg: 0x00 Val: 0x00000000
[inst #3580] xor x31,x1,x7
Register Write to Reg: 0x1F Val: 0x00400642
[inst #3581] addi x0,x0,0
Register Write to Reg: 0x00 Val: 0x00000000
[inst #3582] addi x0,x0,0
Register Write to Reg: 0x00 Val: 0x00000000
[inst #3583] addi x0,x0,0
Register Write to Reg: 0x00 Val: 0x00000000
[inst #3584] or x31,x1,x7
Register Write to Reg: 0x1F Val: 0x00400642
[inst #3585] addi x0,x0,0
Register Write to Reg: 0x00 Val: 0x00000000
[inst #3586] addi x0,x0,0
Register Write to Reg: 0x00 Val: 0x00000000
[inst #3587] addi x0,x0,0
Register Write to Reg: 0x00 Val: 0x00000000
[inst #3588] sub x31,x0,x31
Register Write to Reg: 0x1F Val: 0xFFBFF9BE
[inst #3589] addi x0,x0,0
Register Write to Reg: 0x00 Val: 0x00000000
[inst #3590] addi x0,x0,0
Register Write to Reg: 0x00 Val: 0x00000000
[inst #3591] addi x0,x0,0
Register Write to Reg: 0x00 Val: 0x00000000
[inst #3592] auipc x7,64528
Register Write to Reg: 0x07 Val: 0x10010464
[inst #3593] sll x0,x0,x0
Register Write to Reg: 0x00 Val: 0x00000000
[inst #3594] sll x0,x0,x0
Register Write to Reg: 0x00 Val: 0x00000000
[inst #3595] sll x0,x0,x0
Register Write to Reg: 0x00 Val: 0x00000000
[inst #3596] addi x7,x7,-1124
Register Write to Reg: 0x07 Val: 0x10010000
[inst #3597] addi x0,x0,0
Register Write to Reg: 0x00 Val: 0x00000000
[inst #3598] addi x0,x0,0
Register Write to Reg: 0x00 Val: 0x00000000
[inst #3599] addi x0,x0,0
Register Write to Reg: 0x00 Val: 0x00000000
[inst #3600] lui x11,16
Register Write to Reg: 0x0B Val: 0x00010000
[inst #3601] addi x0,x0,0
Register Write to Reg: 0x00 Val: 0x00000000
[inst #3602] addi x0,x0,0
Register Write to Reg: 0x00 Val: 0x00000000
[inst #3603] addi x0,x0,0
Register Write to Reg: 0x00 Val: 0x00000000
[inst #3604] addi x11,x11,-1
Register Write to Reg: 0x0B Val: 0x0000FFFF
[inst #3605] addi x0,x0,0
Register Write to Reg: 0x00 Val: 0x00000000
[inst #3606] addi x0,x0,0
Register Write to Reg: 0x00 Val: 0x00000000
[inst #3607] addi x0,x0,0
Register Write to Reg: 0x00 Val: 0x00000000
[inst #3608] and x31,x7,x11
Register Write to Reg: 0x1F Val: 0x00000000
[inst #3609] addi x0,x0,0
Register Write to Reg: 0x00 Val: 0x00000000
[inst #3610] addi x0,x0,0
Register Write to Reg: 0x00 Val: 0x00000000
[inst #3611] addi x0,x0,0
Register Write to Reg: 0x00 Val: 0x00000000
[inst #3612] add x7,x29,x31
Register Write to Reg: 0x07 Val: 0x10010000
[inst #3613] addi x0,x0,0
Register Write to Reg: 0x00 Val: 0x00000000
[inst #3614] addi x0,x0,0
Register Write to Reg: 0x00 Val: 0x00000000
[inst #3615] addi x0,x0,0
Register Write to Reg: 0x00 Val: 0x00000000
[inst #3616] add x7,x28,x7
Register Write to Reg: 0x07 Val: 0x10010008
[inst #3617] addi x0,x0,0
Register Write to Reg: 0x00 Val: 0x00000000
[inst #3618] addi x0,x0,0
Register Write to Reg: 0x00 Val: 0x00000000
[inst #3619] addi x0,x0,0
Register Write to Reg: 0x00 Val: 0x00000000
[inst #3620] lw x28,48(x8)
Register Write to Reg: 0x1C Val: 0x00000002
[inst #3621] addi x0,x0,0
Register Write to Reg: 0x00 Val: 0x00000000
[inst #3622] addi x0,x0,0
Register Write to Reg: 0x00 Val: 0x00000000
[inst #3623] addi x0,x0,0
Register Write to Reg: 0x00 Val: 0x00000000
[inst #3624] sw x28,0(x7)
Memory Write to Addr: 0x10010008 Val: 0x00000002
[inst #3625] add x2,x0,x8
Register Write to Reg: 0x02 Val: 0x10010F78
[inst #3626] addi x0,x0,0
Register Write to Reg: 0x00 Val: 0x00000000
[inst #3627] addi x0,x0,0
Register Write to Reg: 0x00 Val: 0x00000000
[inst #3628] addi x0,x0,0
Register Write to Reg: 0x00 Val: 0x00000000
[inst #3629] lw x1,44(x2)
Register Write to Reg: 0x01 Val: 0x004002EC
[inst #3630] lw x8,40(x2)
Register Write to Reg: 0x08 Val: 0x10010FA8
[inst #3631] addi x0,x0,0
Register Write to Reg: 0x00 Val: 0x00000000
[inst #3632] addi x0,x0,0
Register Write to Reg: 0x00 Val: 0x00000000
[inst #3633] addi x0,x0,0
Register Write to Reg: 0x00 Val: 0x00000000
[inst #3634] addi x2,x2,48
Register Write to Reg: 0x02 Val: 0x10010FA8
[inst #3635] addi x0,x0,0
Register Write to Reg: 0x00 Val: 0x00000000
[inst #3636] addi x0,x0,0
Register Write to Reg: 0x00 Val: 0x00000000
[inst #3637] jalr x0,x1,0
Register Write to Reg: 0x00 Val: 0x0040051C
[inst #3638] addi x7,x8,28
Register Write to Reg: 0x07 Val: 0x10010FC4
[inst #3639] addi x0,x0,0
Register Write to Reg: 0x00 Val: 0x00000000
[inst #3640] addi x0,x0,0
Register Write to Reg: 0x00 Val: 0x00000000
[inst #3641] addi x0,x0,0
Register Write to Reg: 0x00 Val: 0x00000000
[inst #3642] add x29,x0,x7
Register Write to Reg: 0x1D Val: 0x10010FC4
[inst #3643] addi x0,x0,0
Register Write to Reg: 0x00 Val: 0x00000000
[inst #3644] addi x0,x0,0
Register Write to Reg: 0x00 Val: 0x00000000
[inst #3645] addi x0,x0,0
Register Write to Reg: 0x00 Val: 0x00000000
[inst #3646] auipc x1,0
Register Write to Reg: 0x01 Val: 0x0040030C
[inst #3647] sll x0,x0,x0
Register Write to Reg: 0x00 Val: 0x00000000
[inst #3648] sll x0,x0,x0
Register Write to Reg: 0x00 Val: 0x00000000
[inst #3649] sll x0,x0,x0
Register Write to Reg: 0x00 Val: 0x00000000
[inst #3650] addi x1,x1,44
Register Write to Reg: 0x01 Val: 0x00400338
[inst #3651] addi x0,x0,0
Register Write to Reg: 0x00 Val: 0x00000000
[inst #3652] addi x0,x0,0
Register Write to Reg: 0x00 Val: 0x00000000
[inst #3653] addi x0,x0,0
Register Write to Reg: 0x00 Val: 0x00000000
[inst #3654] jal x0,992
Register Write to Reg: 0x00 Val: 0x00400330
[inst #3655] addi x2,x2,-32
Register Write to Reg: 0x02 Val: 0x10010F88
[inst #3656] addi x0,x0,0
Register Write to Reg: 0x00 Val: 0x00000000
[inst #3657] addi x0,x0,0
Register Write to Reg: 0x00 Val: 0x00000000
[inst #3658] addi x0,x0,0
Register Write to Reg: 0x00 Val: 0x00000000
[inst #3659] sw x1,28(x2)
Memory Write to Addr: 0x10010FA4 Val: 0x00400338
[inst #3660] sw x8,24(x2)
Memory Write to Addr: 0x10010FA0 Val: 0x10010FA8
[inst #3661] addi x0,x0,0
Register Write to Reg: 0x00 Val: 0x00000000
[inst #3662] addi x0,x0,0
Register Write to Reg: 0x00 Val: 0x00000000
[inst #3663] addi x0,x0,0
Register Write to Reg: 0x00 Val: 0x00000000
[inst #3664] add x8,x0,x2
Register Write to Reg: 0x08 Val: 0x10010F88
[inst #3665] addi x0,x0,0
Register Write to Reg: 0x00 Val: 0x00000000
[inst #3666] addi x0,x0,0
Register Write to Reg: 0x00 Val: 0x00000000
[inst #3667] addi x0,x0,0
Register Write to Reg: 0x00 Val: 0x00000000
[inst #3668] sw x29,32(x8)
Memory Write to Addr: 0x10010FA8 Val: 0x10010FC4
[inst #3669] jal x0,300
Register Write to Reg: 0x00 Val: 0x00400748
[inst #3670] lw x7,32(x8)
Register Write to Reg: 0x07 Val: 0x10010FC4
[inst #3671] addi x0,x0,0
Register Write to Reg: 0x00 Val: 0x00000000
[inst #3672] addi x0,x0,0
Register Write to Reg: 0x00 Val: 0x00000000
[inst #3673] addi x0,x0,0
Register Write to Reg: 0x00 Val: 0x00000000
[inst #3674] lw x7,4(x7)
Register Write to Reg: 0x07 Val: 0x00000003
[inst #3675] addi x0,x0,0
Register Write to Reg: 0x00 Val: 0x00000000
[inst #3676] addi x0,x0,0
Register Write to Reg: 0x00 Val: 0x00000000
[inst #3677] addi x0,x0,0
Register Write to Reg: 0x00 Val: 0x00000000
[inst #3678] slti x7,x7,4
Register Write to Reg: 0x07 Val: 0x00000001
[inst #3679] addi x0,x0,0
Register Write to Reg: 0x00 Val: 0x00000000
[inst #3680] addi x0,x0,0
Register Write to Reg: 0x00 Val: 0x00000000
[inst #3681] addi x0,x0,0
Register Write to Reg: 0x00 Val: 0x00000000
[inst #3682] beq x7,x0,24
[inst #3683] addi x0,x0,0
Register Write to Reg: 0x00 Val: 0x00000000
[inst #3684] addi x0,x0,0
Register Write to Reg: 0x00 Val: 0x00000000
[inst #3685] jal x0,-348
Register Write to Reg: 0x00 Val: 0x004008B0
[inst #3686] lw x7,32(x8)
Register Write to Reg: 0x07 Val: 0x10010FC4
[inst #3687] addi x0,x0,0
Register Write to Reg: 0x00 Val: 0x00000000
[inst #3688] addi x0,x0,0
Register Write to Reg: 0x00 Val: 0x00000000
[inst #3689] addi x0,x0,0
Register Write to Reg: 0x00 Val: 0x00000000
[inst #3690] lw x28,0(x7)
Register Write to Reg: 0x1C Val: 0x00000000
[inst #3691] addi x0,x0,0
Register Write to Reg: 0x00 Val: 0x00000000
[inst #3692] addi x0,x0,0
Register Write to Reg: 0x00 Val: 0x00000000
[inst #3693] addi x0,x0,0
Register Write to Reg: 0x00 Val: 0x00000000
[inst #3694] lw x7,32(x8)
Register Write to Reg: 0x07 Val: 0x10010FC4
[inst #3695] addi x0,x0,0
Register Write to Reg: 0x00 Val: 0x00000000
[inst #3696] addi x0,x0,0
Register Write to Reg: 0x00 Val: 0x00000000
[inst #3697] addi x0,x0,0
Register Write to Reg: 0x00 Val: 0x00000000
[inst #3698] lw x7,4(x7)
Register Write to Reg: 0x07 Val: 0x00000003
[inst #3699] addi x0,x0,0
Register Write to Reg: 0x00 Val: 0x00000000
[inst #3700] addi x0,x0,0
Register Write to Reg: 0x00 Val: 0x00000000
[inst #3701] addi x0,x0,0
Register Write to Reg: 0x00 Val: 0x00000000
[inst #3702] add x30,x0,x7
Register Write to Reg: 0x1E Val: 0x00000003
[inst #3703] add x29,x0,x28
Register Write to Reg: 0x1D Val: 0x00000000
[inst #3704] addi x0,x0,0
Register Write to Reg: 0x00 Val: 0x00000000
[inst #3705] addi x0,x0,0
Register Write to Reg: 0x00 Val: 0x00000000
[inst #3706] addi x0,x0,0
Register Write to Reg: 0x00 Val: 0x00000000
[inst #3707] auipc x1,0
Register Write to Reg: 0x01 Val: 0x004007A4
[inst #3708] sll x0,x0,x0
Register Write to Reg: 0x00 Val: 0x00000000
[inst #3709] sll x0,x0,x0
Register Write to Reg: 0x00 Val: 0x00000000
[inst #3710] sll x0,x0,x0
Register Write to Reg: 0x00 Val: 0x00000000
[inst #3711] addi x1,x1,44
Register Write to Reg: 0x01 Val: 0x004007D0
[inst #3712] addi x0,x0,0
Register Write to Reg: 0x00 Val: 0x00000000
[inst #3713] addi x0,x0,0
Register Write to Reg: 0x00 Val: 0x00000000
[inst #3714] addi x0,x0,0
Register Write to Reg: 0x00 Val: 0x00000000
[inst #3715] jal x0,308
Register Write to Reg: 0x00 Val: 0x004007C8
[inst #3716] addi x2,x2,-32
Register Write to Reg: 0x02 Val: 0x10010F68
[inst #3717] addi x0,x0,0
Register Write to Reg: 0x00 Val: 0x00000000
[inst #3718] addi x0,x0,0
Register Write to Reg: 0x00 Val: 0x00000000
[inst #3719] addi x0,x0,0
Register Write to Reg: 0x00 Val: 0x00000000
[inst #3720] sw x8,28(x2)
Memory Write to Addr: 0x10010F84 Val: 0x10010F88
[inst #3721] addi x0,x0,0
Register Write to Reg: 0x00 Val: 0x00000000
[inst #3722] addi x0,x0,0
Register Write to Reg: 0x00 Val: 0x00000000
[inst #3723] addi x0,x0,0
Register Write to Reg: 0x00 Val: 0x00000000
[inst #3724] add x8,x0,x2
Register Write to Reg: 0x08 Val: 0x10010F68
[inst #3725] addi x0,x0,0
Register Write to Reg: 0x00 Val: 0x00000000
[inst #3726] addi x0,x0,0
Register Write to Reg: 0x00 Val: 0x00000000
[inst #3727] addi x0,x0,0
Register Write to Reg: 0x00 Val: 0x00000000
[inst #3728] sw x29,32(x8)
Memory Write to Addr: 0x10010F88 Val: 0x00000000
[inst #3729] sw x30,36(x8)
Memory Write to Addr: 0x10010F8C Val: 0x00000003
[inst #3730] auipc x7,64527
Register Write to Reg: 0x07 Val: 0x1000F930
[inst #3731] sll x0,x0,x0
Register Write to Reg: 0x00 Val: 0x00000000
[inst #3732] sll x0,x0,x0
Register Write to Reg: 0x00 Val: 0x00000000
[inst #3733] sll x0,x0,x0
Register Write to Reg: 0x00 Val: 0x00000000
[inst #3734] addi x7,x7,1764
Register Write to Reg: 0x07 Val: 0x10010014
[inst #3735] addi x0,x0,0
Register Write to Reg: 0x00 Val: 0x00000000
[inst #3736] addi x0,x0,0
Register Write to Reg: 0x00 Val: 0x00000000
[inst #3737] addi x0,x0,0
Register Write to Reg: 0x00 Val: 0x00000000
[inst #3738] lw x28,32(x8)
Register Write to Reg: 0x1C Val: 0x00000000
[inst #3739] addi x0,x0,0
Register Write to Reg: 0x00 Val: 0x00000000
[inst #3740] addi x0,x0,0
Register Write to Reg: 0x00 Val: 0x00000000
[inst #3741] addi x0,x0,0
Register Write to Reg: 0x00 Val: 0x00000000
[inst #3742] slli x28,x28,2
Register Write to Reg: 0x1C Val: 0x00000000
[inst #3743] addi x0,x0,0
Register Write to Reg: 0x00 Val: 0x00000000
[inst #3744] addi x0,x0,0
Register Write to Reg: 0x00 Val: 0x00000000
[inst #3745] addi x0,x0,0
Register Write to Reg: 0x00 Val: 0x00000000
[inst #3746] add x7,x28,x7
Register Write to Reg: 0x07 Val: 0x10010014
[inst #3747] addi x0,x0,0
Register Write to Reg: 0x00 Val: 0x00000000
[inst #3748] addi x0,x0,0
Register Write to Reg: 0x00 Val: 0x00000000
[inst #3749] addi x0,x0,0
Register Write to Reg: 0x00 Val: 0x00000000
[inst #3750] lw x7,0(x7)
Register Write to Reg: 0x07 Val: 0x00000006
[inst #3751] addi x0,x0,0
Register Write to Reg: 0x00 Val: 0x00000000
[inst #3752] addi x0,x0,0
Register Write to Reg: 0x00 Val: 0x00000000
[inst #3753] addi x0,x0,0
Register Write to Reg: 0x00 Val: 0x00000000
[inst #3754] sw x7,16(x8)
Memory Write to Addr: 0x10010F78 Val: 0x00000006
[inst #3755] addi x7,x0,1
Register Write to Reg: 0x07 Val: 0x00000001
[inst #3756] addi x0,x0,0
Register Write to Reg: 0x00 Val: 0x00000000
[inst #3757] addi x0,x0,0
Register Write to Reg: 0x00 Val: 0x00000000
[inst #3758] addi x0,x0,0
Register Write to Reg: 0x00 Val: 0x00000000
[inst #3759] sw x7,8(x8)
Memory Write to Addr: 0x10010F70 Val: 0x00000001
[inst #3760] sw x0,12(x8)
Memory Write to Addr: 0x10010F74 Val: 0x00000000
[inst #3761] jal x0,84
Register Write to Reg: 0x00 Val: 0x004009B0
[inst #3762] lw x28,12(x8)
Register Write to Reg: 0x1C Val: 0x00000000
[inst #3763] lw x7,36(x8)
Register Write to Reg: 0x07 Val: 0x00000003
[inst #3764] addi x0,x0,0
Register Write to Reg: 0x00 Val: 0x00000000
[inst #3765] addi x0,x0,0
Register Write to Reg: 0x00 Val: 0x00000000
[inst #3766] addi x0,x0,0
Register Write to Reg: 0x00 Val: 0x00000000
[inst #3767] slt x7,x28,x7
Register Write to Reg: 0x07 Val: 0x00000001
[inst #3768] addi x0,x0,0
Register Write to Reg: 0x00 Val: 0x00000000
[inst #3769] addi x0,x0,0
Register Write to Reg: 0x00 Val: 0x00000000
[inst #3770] addi x0,x0,0
Register Write to Reg: 0x00 Val: 0x00000000
[inst #3771] beq x7,x0,24
[inst #3772] addi x0,x0,0
Register Write to Reg: 0x00 Val: 0x00000000
[inst #3773] addi x0,x0,0
Register Write to Reg: 0x00 Val: 0x00000000
[inst #3774] jal x0,-120
Register Write to Reg: 0x00 Val: 0x00400A34
[inst #3775] lw x7,8(x8)
Register Write to Reg: 0x07 Val: 0x00000001
[inst #3776] addi x0,x0,0
Register Write to Reg: 0x00 Val: 0x00000000
[inst #3777] addi x0,x0,0
Register Write to Reg: 0x00 Val: 0x00000000
[inst #3778] addi x0,x0,0
Register Write to Reg: 0x00 Val: 0x00000000
[inst #3779] slli x7,x7,1
Register Write to Reg: 0x07 Val: 0x00000002
[inst #3780] addi x0,x0,0
Register Write to Reg: 0x00 Val: 0x00000000
[inst #3781] addi x0,x0,0
Register Write to Reg: 0x00 Val: 0x00000000
[inst #3782] addi x0,x0,0
Register Write to Reg: 0x00 Val: 0x00000000
[inst #3783] sw x7,8(x8)
Memory Write to Addr: 0x10010F70 Val: 0x00000002
[inst #3784] lw x7,12(x8)
Register Write to Reg: 0x07 Val: 0x00000000
[inst #3785] addi x0,x0,0
Register Write to Reg: 0x00 Val: 0x00000000
[inst #3786] addi x0,x0,0
Register Write to Reg: 0x00 Val: 0x00000000
[inst #3787] addi x0,x0,0
Register Write to Reg: 0x00 Val: 0x00000000
[inst #3788] addi x7,x7,1
Register Write to Reg: 0x07 Val: 0x00000001
[inst #3789] addi x0,x0,0
Register Write to Reg: 0x00 Val: 0x00000000
[inst #3790] addi x0,x0,0
Register Write to Reg: 0x00 Val: 0x00000000
[inst #3791] addi x0,x0,0
Register Write to Reg: 0x00 Val: 0x00000000
[inst #3792] sw x7,12(x8)
Memory Write to Addr: 0x10010F74 Val: 0x00000001
[inst #3793] lw x28,12(x8)
Register Write to Reg: 0x1C Val: 0x00000001
[inst #3794] lw x7,36(x8)
Register Write to Reg: 0x07 Val: 0x00000003
[inst #3795] addi x0,x0,0
Register Write to Reg: 0x00 Val: 0x00000000
[inst #3796] addi x0,x0,0
Register Write to Reg: 0x00 Val: 0x00000000
[inst #3797] addi x0,x0,0
Register Write to Reg: 0x00 Val: 0x00000000
[inst #3798] slt x7,x28,x7
Register Write to Reg: 0x07 Val: 0x00000001
[inst #3799] addi x0,x0,0
Register Write to Reg: 0x00 Val: 0x00000000
[inst #3800] addi x0,x0,0
Register Write to Reg: 0x00 Val: 0x00000000
[inst #3801] addi x0,x0,0
Register Write to Reg: 0x00 Val: 0x00000000
[inst #3802] beq x7,x0,24
[inst #3803] addi x0,x0,0
Register Write to Reg: 0x00 Val: 0x00000000
[inst #3804] addi x0,x0,0
Register Write to Reg: 0x00 Val: 0x00000000
[inst #3805] jal x0,-120
Register Write to Reg: 0x00 Val: 0x00400A34
[inst #3806] lw x7,8(x8)
Register Write to Reg: 0x07 Val: 0x00000002
[inst #3807] addi x0,x0,0
Register Write to Reg: 0x00 Val: 0x00000000
[inst #3808] addi x0,x0,0
Register Write to Reg: 0x00 Val: 0x00000000
[inst #3809] addi x0,x0,0
Register Write to Reg: 0x00 Val: 0x00000000
[inst #3810] slli x7,x7,1
Register Write to Reg: 0x07 Val: 0x00000004
[inst #3811] addi x0,x0,0
Register Write to Reg: 0x00 Val: 0x00000000
[inst #3812] addi x0,x0,0
Register Write to Reg: 0x00 Val: 0x00000000
[inst #3813] addi x0,x0,0
Register Write to Reg: 0x00 Val: 0x00000000
[inst #3814] sw x7,8(x8)
Memory Write to Addr: 0x10010F70 Val: 0x00000004
[inst #3815] lw x7,12(x8)
Register Write to Reg: 0x07 Val: 0x00000001
[inst #3816] addi x0,x0,0
Register Write to Reg: 0x00 Val: 0x00000000
[inst #3817] addi x0,x0,0
Register Write to Reg: 0x00 Val: 0x00000000
[inst #3818] addi x0,x0,0
Register Write to Reg: 0x00 Val: 0x00000000
[inst #3819] addi x7,x7,1
Register Write to Reg: 0x07 Val: 0x00000002
[inst #3820] addi x0,x0,0
Register Write to Reg: 0x00 Val: 0x00000000
[inst #3821] addi x0,x0,0
Register Write to Reg: 0x00 Val: 0x00000000
[inst #3822] addi x0,x0,0
Register Write to Reg: 0x00 Val: 0x00000000
[inst #3823] sw x7,12(x8)
Memory Write to Addr: 0x10010F74 Val: 0x00000002
[inst #3824] lw x28,12(x8)
Register Write to Reg: 0x1C Val: 0x00000002
[inst #3825] lw x7,36(x8)
Register Write to Reg: 0x07 Val: 0x00000003
[inst #3826] addi x0,x0,0
Register Write to Reg: 0x00 Val: 0x00000000
[inst #3827] addi x0,x0,0
Register Write to Reg: 0x00 Val: 0x00000000
[inst #3828] addi x0,x0,0
Register Write to Reg: 0x00 Val: 0x00000000
[inst #3829] slt x7,x28,x7
Register Write to Reg: 0x07 Val: 0x00000001
[inst #3830] addi x0,x0,0
Register Write to Reg: 0x00 Val: 0x00000000
[inst #3831] addi x0,x0,0
Register Write to Reg: 0x00 Val: 0x00000000
[inst #3832] addi x0,x0,0
Register Write to Reg: 0x00 Val: 0x00000000
[inst #3833] beq x7,x0,24
[inst #3834] addi x0,x0,0
Register Write to Reg: 0x00 Val: 0x00000000
[inst #3835] addi x0,x0,0
Register Write to Reg: 0x00 Val: 0x00000000
[inst #3836] jal x0,-120
Register Write to Reg: 0x00 Val: 0x00400A34
[inst #3837] lw x7,8(x8)
Register Write to Reg: 0x07 Val: 0x00000004
[inst #3838] addi x0,x0,0
Register Write to Reg: 0x00 Val: 0x00000000
[inst #3839] addi x0,x0,0
Register Write to Reg: 0x00 Val: 0x00000000
[inst #3840] addi x0,x0,0
Register Write to Reg: 0x00 Val: 0x00000000
[inst #3841] slli x7,x7,1
Register Write to Reg: 0x07 Val: 0x00000008
[inst #3842] addi x0,x0,0
Register Write to Reg: 0x00 Val: 0x00000000
[inst #3843] addi x0,x0,0
Register Write to Reg: 0x00 Val: 0x00000000
[inst #3844] addi x0,x0,0
Register Write to Reg: 0x00 Val: 0x00000000
[inst #3845] sw x7,8(x8)
Memory Write to Addr: 0x10010F70 Val: 0x00000008
[inst #3846] lw x7,12(x8)
Register Write to Reg: 0x07 Val: 0x00000002
[inst #3847] addi x0,x0,0
Register Write to Reg: 0x00 Val: 0x00000000
[inst #3848] addi x0,x0,0
Register Write to Reg: 0x00 Val: 0x00000000
[inst #3849] addi x0,x0,0
Register Write to Reg: 0x00 Val: 0x00000000
[inst #3850] addi x7,x7,1
Register Write to Reg: 0x07 Val: 0x00000003
[inst #3851] addi x0,x0,0
Register Write to Reg: 0x00 Val: 0x00000000
[inst #3852] addi x0,x0,0
Register Write to Reg: 0x00 Val: 0x00000000
[inst #3853] addi x0,x0,0
Register Write to Reg: 0x00 Val: 0x00000000
[inst #3854] sw x7,12(x8)
Memory Write to Addr: 0x10010F74 Val: 0x00000003
[inst #3855] lw x28,12(x8)
Register Write to Reg: 0x1C Val: 0x00000003
[inst #3856] lw x7,36(x8)
Register Write to Reg: 0x07 Val: 0x00000003
[inst #3857] addi x0,x0,0
Register Write to Reg: 0x00 Val: 0x00000000
[inst #3858] addi x0,x0,0
Register Write to Reg: 0x00 Val: 0x00000000
[inst #3859] addi x0,x0,0
Register Write to Reg: 0x00 Val: 0x00000000
[inst #3860] slt x7,x28,x7
Register Write to Reg: 0x07 Val: 0x00000000
[inst #3861] addi x0,x0,0
Register Write to Reg: 0x00 Val: 0x00000000
[inst #3862] addi x0,x0,0
Register Write to Reg: 0x00 Val: 0x00000000
[inst #3863] addi x0,x0,0
Register Write to Reg: 0x00 Val: 0x00000000
[inst #3864] beq x7,x0,24
[inst #3865] lw x28,8(x8)
Register Write to Reg: 0x1C Val: 0x00000008
[inst #3866] lw x7,16(x8)
Register Write to Reg: 0x07 Val: 0x00000006
[inst #3867] addi x0,x0,0
Register Write to Reg: 0x00 Val: 0x00000000
[inst #3868] addi x0,x0,0
Register Write to Reg: 0x00 Val: 0x00000000
[inst #3869] addi x0,x0,0
Register Write to Reg: 0x00 Val: 0x00000000
[inst #3870] and x7,x28,x7
Register Write to Reg: 0x07 Val: 0x00000000
[inst #3871] addi x0,x0,0
Register Write to Reg: 0x00 Val: 0x00000000
[inst #3872] addi x0,x0,0
Register Write to Reg: 0x00 Val: 0x00000000
[inst #3873] addi x0,x0,0
Register Write to Reg: 0x00 Val: 0x00000000
[inst #3874] slt x7,x0,x7
Register Write to Reg: 0x07 Val: 0x00000000
[inst #3875] addi x0,x0,0
Register Write to Reg: 0x00 Val: 0x00000000
[inst #3876] addi x0,x0,0
Register Write to Reg: 0x00 Val: 0x00000000
[inst #3877] addi x0,x0,0
Register Write to Reg: 0x00 Val: 0x00000000
[inst #3878] andi x7,x7,255
Register Write to Reg: 0x07 Val: 0x00000000
[inst #3879] addi x0,x0,0
Register Write to Reg: 0x00 Val: 0x00000000
[inst #3880] addi x0,x0,0
Register Write to Reg: 0x00 Val: 0x00000000
[inst #3881] addi x0,x0,0
Register Write to Reg: 0x00 Val: 0x00000000
[inst #3882] add x2,x0,x8
Register Write to Reg: 0x02 Val: 0x10010F68
[inst #3883] addi x0,x0,0
Register Write to Reg: 0x00 Val: 0x00000000
[inst #3884] addi x0,x0,0
Register Write to Reg: 0x00 Val: 0x00000000
[inst #3885] addi x0,x0,0
Register Write to Reg: 0x00 Val: 0x00000000
[inst #3886] lw x8,28(x2)
Register Write to Reg: 0x08 Val: 0x10010F88
[inst #3887] addi x0,x0,0
Register Write to Reg: 0x00 Val: 0x00000000
[inst #3888] addi x0,x0,0
Register Write to Reg: 0x00 Val: 0x00000000
[inst #3889] addi x0,x0,0
Register Write to Reg: 0x00 Val: 0x00000000
[inst #3890] addi x2,x2,32
Register Write to Reg: 0x02 Val: 0x10010F88
[inst #3891] addi x0,x0,0
Register Write to Reg: 0x00 Val: 0x00000000
[inst #3892] addi x0,x0,0
Register Write to Reg: 0x00 Val: 0x00000000
[inst #3893] jalr x0,x1,0
Register Write to Reg: 0x00 Val: 0x00400AB0
[inst #3894] beq x7,x0,92
[inst #3895] lw x7,32(x8)
Register Write to Reg: 0x07 Val: 0x10010FC4
[inst #3896] addi x0,x0,0
Register Write to Reg: 0x00 Val: 0x00000000
[inst #3897] addi x0,x0,0
Register Write to Reg: 0x00 Val: 0x00000000
[inst #3898] addi x0,x0,0
Register Write to Reg: 0x00 Val: 0x00000000
[inst #3899] lw x7,4(x7)
Register Write to Reg: 0x07 Val: 0x00000003
[inst #3900] addi x0,x0,0
Register Write to Reg: 0x00 Val: 0x00000000
[inst #3901] addi x0,x0,0
Register Write to Reg: 0x00 Val: 0x00000000
[inst #3902] addi x0,x0,0
Register Write to Reg: 0x00 Val: 0x00000000
[inst #3903] addi x28,x7,1
Register Write to Reg: 0x1C Val: 0x00000004
[inst #3904] addi x0,x0,0
Register Write to Reg: 0x00 Val: 0x00000000
[inst #3905] addi x0,x0,0
Register Write to Reg: 0x00 Val: 0x00000000
[inst #3906] addi x0,x0,0
Register Write to Reg: 0x00 Val: 0x00000000
[inst #3907] lw x7,32(x8)
Register Write to Reg: 0x07 Val: 0x10010FC4
[inst #3908] addi x0,x0,0
Register Write to Reg: 0x00 Val: 0x00000000
[inst #3909] addi x0,x0,0
Register Write to Reg: 0x00 Val: 0x00000000
[inst #3910] addi x0,x0,0
Register Write to Reg: 0x00 Val: 0x00000000
[inst #3911] sw x28,4(x7)
Memory Write to Addr: 0x10010FC8 Val: 0x00000004
[inst #3912] lw x7,32(x8)
Register Write to Reg: 0x07 Val: 0x10010FC4
[inst #3913] addi x0,x0,0
Register Write to Reg: 0x00 Val: 0x00000000
[inst #3914] addi x0,x0,0
Register Write to Reg: 0x00 Val: 0x00000000
[inst #3915] addi x0,x0,0
Register Write to Reg: 0x00 Val: 0x00000000
[inst #3916] lw x7,4(x7)
Register Write to Reg: 0x07 Val: 0x00000004
[inst #3917] addi x0,x0,0
Register Write to Reg: 0x00 Val: 0x00000000
[inst #3918] addi x0,x0,0
Register Write to Reg: 0x00 Val: 0x00000000
[inst #3919] addi x0,x0,0
Register Write to Reg: 0x00 Val: 0x00000000
[inst #3920] slti x7,x7,4
Register Write to Reg: 0x07 Val: 0x00000000
[inst #3921] addi x0,x0,0
Register Write to Reg: 0x00 Val: 0x00000000
[inst #3922] addi x0,x0,0
Register Write to Reg: 0x00 Val: 0x00000000
[inst #3923] addi x0,x0,0
Register Write to Reg: 0x00 Val: 0x00000000
[inst #3924] beq x7,x0,24
[inst #3925] addi x7,x0,-1
Register Write to Reg: 0x07 Val: 0xFFFFFFFF
[inst #3926] add x2,x0,x8
Register Write to Reg: 0x02 Val: 0x10010F88
[inst #3927] addi x0,x0,0
Register Write to Reg: 0x00 Val: 0x00000000
[inst #3928] addi x0,x0,0
Register Write to Reg: 0x00 Val: 0x00000000
[inst #3929] addi x0,x0,0
Register Write to Reg: 0x00 Val: 0x00000000
[inst #3930] lw x1,28(x2)
Register Write to Reg: 0x01 Val: 0x00400338
[inst #3931] lw x8,24(x2)
Register Write to Reg: 0x08 Val: 0x10010FA8
[inst #3932] addi x0,x0,0
Register Write to Reg: 0x00 Val: 0x00000000
[inst #3933] addi x0,x0,0
Register Write to Reg: 0x00 Val: 0x00000000
[inst #3934] addi x0,x0,0
Register Write to Reg: 0x00 Val: 0x00000000
[inst #3935] addi x2,x2,32
Register Write to Reg: 0x02 Val: 0x10010FA8
[inst #3936] addi x0,x0,0
Register Write to Reg: 0x00 Val: 0x00000000
[inst #3937] addi x0,x0,0
Register Write to Reg: 0x00 Val: 0x00000000
[inst #3938] jalr x0,x1,0
Register Write to Reg: 0x00 Val: 0x004008F0
[inst #3939] sw x7,24(x8)
Memory Write to Addr: 0x10010FC0 Val: 0xFFFFFFFF
[inst #3940] lw x28,24(x8)
Register Write to Reg: 0x1C Val: 0xFFFFFFFF
[inst #3941] addi x0,x0,0
Register Write to Reg: 0x00 Val: 0x00000000
[inst #3942] addi x0,x0,0
Register Write to Reg: 0x00 Val: 0x00000000
[inst #3943] addi x0,x0,0
Register Write to Reg: 0x00 Val: 0x00000000
[inst #3944] addi x7,x0,-1
Register Write to Reg: 0x07 Val: 0xFFFFFFFF
[inst #3945] addi x0,x0,0
Register Write to Reg: 0x00 Val: 0x00000000
[inst #3946] addi x0,x0,0
Register Write to Reg: 0x00 Val: 0x00000000
[inst #3947] beq x28,x7,24
[inst #3948] auipc x7,64528
Register Write to Reg: 0x07 Val: 0x10010370
[inst #3949] sll x0,x0,x0
Register Write to Reg: 0x00 Val: 0x00000000
[inst #3950] sll x0,x0,x0
Register Write to Reg: 0x00 Val: 0x00000000
[inst #3951] sll x0,x0,x0
Register Write to Reg: 0x00 Val: 0x00000000
[inst #3952] addi x7,x7,-840
Register Write to Reg: 0x07 Val: 0x10010028
[inst #3953] addi x0,x0,0
Register Write to Reg: 0x00 Val: 0x00000000
[inst #3954] addi x0,x0,0
Register Write to Reg: 0x00 Val: 0x00000000
[inst #3955] addi x0,x0,0
Register Write to Reg: 0x00 Val: 0x00000000
[inst #3956] lw x7,0(x7)
Register Write to Reg: 0x07 Val: 0x00000001
[inst #3957] addi x0,x0,0
Register Write to Reg: 0x00 Val: 0x00000000
[inst #3958] addi x0,x0,0
Register Write to Reg: 0x00 Val: 0x00000000
[inst #3959] addi x0,x0,0
Register Write to Reg: 0x00 Val: 0x00000000
[inst #3960] addi x29,x7,-1
Register Write to Reg: 0x1D Val: 0x00000000
[inst #3961] addi x0,x0,0
Register Write to Reg: 0x00 Val: 0x00000000
[inst #3962] addi x0,x0,0
Register Write to Reg: 0x00 Val: 0x00000000
[inst #3963] addi x0,x0,0
Register Write to Reg: 0x00 Val: 0x00000000
[inst #3964] auipc x28,64528
Register Write to Reg: 0x1C Val: 0x100103B0
[inst #3965] sll x0,x0,x0
Register Write to Reg: 0x00 Val: 0x00000000
[inst #3966] sll x0,x0,x0
Register Write to Reg: 0x00 Val: 0x00000000
[inst #3967] sll x0,x0,x0
Register Write to Reg: 0x00 Val: 0x00000000
[inst #3968] addi x28,x28,-904
Register Write to Reg: 0x1C Val: 0x10010028
[inst #3969] addi x0,x0,0
Register Write to Reg: 0x00 Val: 0x00000000
[inst #3970] addi x0,x0,0
Register Write to Reg: 0x00 Val: 0x00000000
[inst #3971] addi x0,x0,0
Register Write to Reg: 0x00 Val: 0x00000000
[inst #3972] sw x29,0(x28)
Memory Write to Addr: 0x10010028 Val: 0x00000000
[inst #3973] auipc x29,64528
Register Write to Reg: 0x1D Val: 0x100103D4
[inst #3974] sll x0,x0,x0
Register Write to Reg: 0x00 Val: 0x00000000
[inst #3975] sll x0,x0,x0
Register Write to Reg: 0x00 Val: 0x00000000
[inst #3976] sll x0,x0,x0
Register Write to Reg: 0x00 Val: 0x00000000
[inst #3977] addi x29,x29,-980
Register Write to Reg: 0x1D Val: 0x10010000
[inst #3978] addi x0,x0,0
Register Write to Reg: 0x00 Val: 0x00000000
[inst #3979] addi x0,x0,0
Register Write to Reg: 0x00 Val: 0x00000000
[inst #3980] addi x0,x0,0
Register Write to Reg: 0x00 Val: 0x00000000
[inst #3981] slli x28,x7,2
Register Write to Reg: 0x1C Val: 0x00000004
[inst #3982] addi x0,x0,0
Register Write to Reg: 0x00 Val: 0x00000000
[inst #3983] addi x0,x0,0
Register Write to Reg: 0x00 Val: 0x00000000
[inst #3984] addi x0,x0,0
Register Write to Reg: 0x00 Val: 0x00000000
[inst #3985] srli x28,x28,1
Register Write to Reg: 0x1C Val: 0x00000002
[inst #3986] addi x0,x0,0
Register Write to Reg: 0x00 Val: 0x00000000
[inst #3987] addi x0,x0,0
Register Write to Reg: 0x00 Val: 0x00000000
[inst #3988] addi x0,x0,0
Register Write to Reg: 0x00 Val: 0x00000000
[inst #3989] srai x28,x28,1
Register Write to Reg: 0x1C Val: 0x00000001
[inst #3990] addi x0,x0,0
Register Write to Reg: 0x00 Val: 0x00000000
[inst #3991] addi x0,x0,0
Register Write to Reg: 0x00 Val: 0x00000000
[inst #3992] addi x0,x0,0
Register Write to Reg: 0x00 Val: 0x00000000
[inst #3993] slli x28,x28,2
Register Write to Reg: 0x1C Val: 0x00000004
[inst #3994] addi x0,x0,0
Register Write to Reg: 0x00 Val: 0x00000000
[inst #3995] addi x0,x0,0
Register Write to Reg: 0x00 Val: 0x00000000
[inst #3996] addi x0,x0,0
Register Write to Reg: 0x00 Val: 0x00000000
[inst #3997] xor x31,x1,x7
Register Write to Reg: 0x1F Val: 0x00400339
[inst #3998] addi x0,x0,0
Register Write to Reg: 0x00 Val: 0x00000000
[inst #3999] addi x0,x0,0
Register Write to Reg: 0x00 Val: 0x00000000
[inst #4000] addi x0,x0,0
Register Write to Reg: 0x00 Val: 0x00000000
[inst #4001] or x31,x1,x7
Register Write to Reg: 0x1F Val: 0x00400339
[inst #4002] addi x0,x0,0
Register Write to Reg: 0x00 Val: 0x00000000
[inst #4003] addi x0,x0,0
Register Write to Reg: 0x00 Val: 0x00000000
[inst #4004] addi x0,x0,0
Register Write to Reg: 0x00 Val: 0x00000000
[inst #4005] sub x31,x0,x31
Register Write to Reg: 0x1F Val: 0xFFBFFCC7
[inst #4006] addi x0,x0,0
Register Write to Reg: 0x00 Val: 0x00000000
[inst #4007] addi x0,x0,0
Register Write to Reg: 0x00 Val: 0x00000000
[inst #4008] addi x0,x0,0
Register Write to Reg: 0x00 Val: 0x00000000
[inst #4009] auipc x7,64528
Register Write to Reg: 0x07 Val: 0x10010464
[inst #4010] sll x0,x0,x0
Register Write to Reg: 0x00 Val: 0x00000000
[inst #4011] sll x0,x0,x0
Register Write to Reg: 0x00 Val: 0x00000000
[inst #4012] sll x0,x0,x0
Register Write to Reg: 0x00 Val: 0x00000000
[inst #4013] addi x7,x7,-1124
Register Write to Reg: 0x07 Val: 0x10010000
[inst #4014] addi x0,x0,0
Register Write to Reg: 0x00 Val: 0x00000000
[inst #4015] addi x0,x0,0
Register Write to Reg: 0x00 Val: 0x00000000
[inst #4016] addi x0,x0,0
Register Write to Reg: 0x00 Val: 0x00000000
[inst #4017] lui x11,16
Register Write to Reg: 0x0B Val: 0x00010000
[inst #4018] addi x0,x0,0
Register Write to Reg: 0x00 Val: 0x00000000
[inst #4019] addi x0,x0,0
Register Write to Reg: 0x00 Val: 0x00000000
[inst #4020] addi x0,x0,0
Register Write to Reg: 0x00 Val: 0x00000000
[inst #4021] addi x11,x11,-1
Register Write to Reg: 0x0B Val: 0x0000FFFF
[inst #4022] addi x0,x0,0
Register Write to Reg: 0x00 Val: 0x00000000
[inst #4023] addi x0,x0,0
Register Write to Reg: 0x00 Val: 0x00000000
[inst #4024] addi x0,x0,0
Register Write to Reg: 0x00 Val: 0x00000000
[inst #4025] and x31,x7,x11
Register Write to Reg: 0x1F Val: 0x00000000
[inst #4026] addi x0,x0,0
Register Write to Reg: 0x00 Val: 0x00000000
[inst #4027] addi x0,x0,0
Register Write to Reg: 0x00 Val: 0x00000000
[inst #4028] addi x0,x0,0
Register Write to Reg: 0x00 Val: 0x00000000
[inst #4029] add x7,x29,x31
Register Write to Reg: 0x07 Val: 0x10010000
[inst #4030] addi x0,x0,0
Register Write to Reg: 0x00 Val: 0x00000000
[inst #4031] addi x0,x0,0
Register Write to Reg: 0x00 Val: 0x00000000
[inst #4032] addi x0,x0,0
Register Write to Reg: 0x00 Val: 0x00000000
[inst #4033] add x7,x28,x7
Register Write to Reg: 0x07 Val: 0x10010004
[inst #4034] addi x0,x0,0
Register Write to Reg: 0x00 Val: 0x00000000
[inst #4035] addi x0,x0,0
Register Write to Reg: 0x00 Val: 0x00000000
[inst #4036] addi x0,x0,0
Register Write to Reg: 0x00 Val: 0x00000000
[inst #4037] lw x28,48(x8)
Register Write to Reg: 0x1C Val: 0x00000000
[inst #4038] addi x0,x0,0
Register Write to Reg: 0x00 Val: 0x00000000
[inst #4039] addi x0,x0,0
Register Write to Reg: 0x00 Val: 0x00000000
[inst #4040] addi x0,x0,0
Register Write to Reg: 0x00 Val: 0x00000000
[inst #4041] sw x28,0(x7)
Memory Write to Addr: 0x10010004 Val: 0x00000000
[inst #4042] add x2,x0,x8
Register Write to Reg: 0x02 Val: 0x10010FA8
[inst #4043] addi x0,x0,0
Register Write to Reg: 0x00 Val: 0x00000000
[inst #4044] addi x0,x0,0
Register Write to Reg: 0x00 Val: 0x00000000
[inst #4045] addi x0,x0,0
Register Write to Reg: 0x00 Val: 0x00000000
[inst #4046] lw x1,44(x2)
Register Write to Reg: 0x01 Val: 0x0040013C
[inst #4047] lw x8,40(x2)
Register Write to Reg: 0x08 Val: 0x10010FD8
[inst #4048] addi x0,x0,0
Register Write to Reg: 0x00 Val: 0x00000000
[inst #4049] addi x0,x0,0
Register Write to Reg: 0x00 Val: 0x00000000
[inst #4050] addi x0,x0,0
Register Write to Reg: 0x00 Val: 0x00000000
[inst #4051] addi x2,x2,48
Register Write to Reg: 0x02 Val: 0x10010FD8
[inst #4052] addi x0,x0,0
Register Write to Reg: 0x00 Val: 0x00000000
[inst #4053] addi x0,x0,0
Register Write to Reg: 0x00 Val: 0x00000000
[inst #4054] jalr x0,x1,0
Register Write to Reg: 0x00 Val: 0x0040051C
[inst #4055] lw x7,24(x8)
Register Write to Reg: 0x07 Val: 0x00000000
[inst #4056] addi x0,x0,0
Register Write to Reg: 0x00 Val: 0x00000000
[inst #4057] addi x0,x0,0
Register Write to Reg: 0x00 Val: 0x00000000
[inst #4058] addi x0,x0,0
Register Write to Reg: 0x00 Val: 0x00000000
[inst #4059] addi x7,x7,1
Register Write to Reg: 0x07 Val: 0x00000001
[inst #4060] addi x0,x0,0
Register Write to Reg: 0x00 Val: 0x00000000
[inst #4061] addi x0,x0,0
Register Write to Reg: 0x00 Val: 0x00000000
[inst #4062] addi x0,x0,0
Register Write to Reg: 0x00 Val: 0x00000000
[inst #4063] sw x7,24(x8)
Memory Write to Addr: 0x10010FF0 Val: 0x00000001
[inst #4064] lw x7,24(x8)
Register Write to Reg: 0x07 Val: 0x00000001
[inst #4065] addi x0,x0,0
Register Write to Reg: 0x00 Val: 0x00000000
[inst #4066] addi x0,x0,0
Register Write to Reg: 0x00 Val: 0x00000000
[inst #4067] addi x0,x0,0
Register Write to Reg: 0x00 Val: 0x00000000
[inst #4068] slti x7,x7,4
Register Write to Reg: 0x07 Val: 0x00000001
[inst #4069] addi x0,x0,0
Register Write to Reg: 0x00 Val: 0x00000000
[inst #4070] addi x0,x0,0
Register Write to Reg: 0x00 Val: 0x00000000
[inst #4071] addi x0,x0,0
Register Write to Reg: 0x00 Val: 0x00000000
[inst #4072] beq x7,x0,24
[inst #4073] addi x0,x0,0
Register Write to Reg: 0x00 Val: 0x00000000
[inst #4074] addi x0,x0,0
Register Write to Reg: 0x00 Val: 0x00000000
[inst #4075] jal x0,-244
Register Write to Reg: 0x00 Val: 0x00400190
[inst #4076] lw x29,24(x8)
Register Write to Reg: 0x1D Val: 0x00000001
[inst #4077] addi x0,x0,0
Register Write to Reg: 0x00 Val: 0x00000000
[inst #4078] addi x0,x0,0
Register Write to Reg: 0x00 Val: 0x00000000
[inst #4079] addi x0,x0,0
Register Write to Reg: 0x00 Val: 0x00000000
[inst #4080] auipc x1,0
Register Write to Reg: 0x01 Val: 0x004000A8
[inst #4081] sll x0,x0,x0
Register Write to Reg: 0x00 Val: 0x00000000
[inst #4082] sll x0,x0,x0
Register Write to Reg: 0x00 Val: 0x00000000
[inst #4083] sll x0,x0,x0
Register Write to Reg: 0x00 Val: 0x00000000
[inst #4084] addi x1,x1,44
Register Write to Reg: 0x01 Val: 0x004000D4
[inst #4085] addi x0,x0,0
Register Write to Reg: 0x00 Val: 0x00000000
[inst #4086] addi x0,x0,0
Register Write to Reg: 0x00 Val: 0x00000000
[inst #4087] addi x0,x0,0
Register Write to Reg: 0x00 Val: 0x00000000
[inst #4088] jal x0,2940
Register Write to Reg: 0x00 Val: 0x004000CC
[inst #4089] addi x2,x2,-32
Register Write to Reg: 0x02 Val: 0x10010FB8
[inst #4090] addi x0,x0,0
Register Write to Reg: 0x00 Val: 0x00000000
[inst #4091] addi x0,x0,0
Register Write to Reg: 0x00 Val: 0x00000000
[inst #4092] addi x0,x0,0
Register Write to Reg: 0x00 Val: 0x00000000
[inst #4093] sw x8,28(x2)
Memory Write to Addr: 0x10010FD4 Val: 0x10010FD8
[inst #4094] addi x0,x0,0
Register Write to Reg: 0x00 Val: 0x00000000
[inst #4095] addi x0,x0,0
Register Write to Reg: 0x00 Val: 0x00000000
[inst #4096] addi x0,x0,0
Register Write to Reg: 0x00 Val: 0x00000000
[inst #4097] add x8,x0,x2
Register Write to Reg: 0x08 Val: 0x10010FB8
[inst #4098] addi x0,x0,0
Register Write to Reg: 0x00 Val: 0x00000000
[inst #4099] addi x0,x0,0
Register Write to Reg: 0x00 Val: 0x00000000
[inst #4100] addi x0,x0,0
Register Write to Reg: 0x00 Val: 0x00000000
[inst #4101] sw x29,32(x8)
Memory Write to Addr: 0x10010FD8 Val: 0x00000001
[inst #4102] ori x7,x0,1
Register Write to Reg: 0x07 Val: 0x00000001
[inst #4103] addi x0,x0,0
Register Write to Reg: 0x00 Val: 0x00000000
[inst #4104] addi x0,x0,0
Register Write to Reg: 0x00 Val: 0x00000000
[inst #4105] addi x0,x0,0
Register Write to Reg: 0x00 Val: 0x00000000
[inst #4106] sw x7,8(x8)
Memory Write to Addr: 0x10010FC0 Val: 0x00000001
[inst #4107] sw x0,12(x8)
Memory Write to Addr: 0x10010FC4 Val: 0x00000000
[inst #4108] jal x0,84
Register Write to Reg: 0x00 Val: 0x00400C94
[inst #4109] lw x28,12(x8)
Register Write to Reg: 0x1C Val: 0x00000000
[inst #4110] lw x7,32(x8)
Register Write to Reg: 0x07 Val: 0x00000001
[inst #4111] addi x0,x0,0
Register Write to Reg: 0x00 Val: 0x00000000
[inst #4112] addi x0,x0,0
Register Write to Reg: 0x00 Val: 0x00000000
[inst #4113] addi x0,x0,0
Register Write to Reg: 0x00 Val: 0x00000000
[inst #4114] slt x7,x28,x7
Register Write to Reg: 0x07 Val: 0x00000001
[inst #4115] addi x0,x0,0
Register Write to Reg: 0x00 Val: 0x00000000
[inst #4116] addi x0,x0,0
Register Write to Reg: 0x00 Val: 0x00000000
[inst #4117] addi x0,x0,0
Register Write to Reg: 0x00 Val: 0x00000000
[inst #4118] beq x7,x0,24
[inst #4119] addi x0,x0,0
Register Write to Reg: 0x00 Val: 0x00000000
[inst #4120] addi x0,x0,0
Register Write to Reg: 0x00 Val: 0x00000000
[inst #4121] jal x0,-120
Register Write to Reg: 0x00 Val: 0x00400D18
[inst #4122] lw x7,8(x8)
Register Write to Reg: 0x07 Val: 0x00000001
[inst #4123] addi x0,x0,0
Register Write to Reg: 0x00 Val: 0x00000000
[inst #4124] addi x0,x0,0
Register Write to Reg: 0x00 Val: 0x00000000
[inst #4125] addi x0,x0,0
Register Write to Reg: 0x00 Val: 0x00000000
[inst #4126] slli x7,x7,8
Register Write to Reg: 0x07 Val: 0x00000100
[inst #4127] addi x0,x0,0
Register Write to Reg: 0x00 Val: 0x00000000
[inst #4128] addi x0,x0,0
Register Write to Reg: 0x00 Val: 0x00000000
[inst #4129] addi x0,x0,0
Register Write to Reg: 0x00 Val: 0x00000000
[inst #4130] sw x7,8(x8)
Memory Write to Addr: 0x10010FC0 Val: 0x00000100
[inst #4131] lw x7,12(x8)
Register Write to Reg: 0x07 Val: 0x00000000
[inst #4132] addi x0,x0,0
Register Write to Reg: 0x00 Val: 0x00000000
[inst #4133] addi x0,x0,0
Register Write to Reg: 0x00 Val: 0x00000000
[inst #4134] addi x0,x0,0
Register Write to Reg: 0x00 Val: 0x00000000
[inst #4135] addi x7,x7,1
Register Write to Reg: 0x07 Val: 0x00000001
[inst #4136] addi x0,x0,0
Register Write to Reg: 0x00 Val: 0x00000000
[inst #4137] addi x0,x0,0
Register Write to Reg: 0x00 Val: 0x00000000
[inst #4138] addi x0,x0,0
Register Write to Reg: 0x00 Val: 0x00000000
[inst #4139] sw x7,12(x8)
Memory Write to Addr: 0x10010FC4 Val: 0x00000001
[inst #4140] lw x28,12(x8)
Register Write to Reg: 0x1C Val: 0x00000001
[inst #4141] lw x7,32(x8)
Register Write to Reg: 0x07 Val: 0x00000001
[inst #4142] addi x0,x0,0
Register Write to Reg: 0x00 Val: 0x00000000
[inst #4143] addi x0,x0,0
Register Write to Reg: 0x00 Val: 0x00000000
[inst #4144] addi x0,x0,0
Register Write to Reg: 0x00 Val: 0x00000000
[inst #4145] slt x7,x28,x7
Register Write to Reg: 0x07 Val: 0x00000000
[inst #4146] addi x0,x0,0
Register Write to Reg: 0x00 Val: 0x00000000
[inst #4147] addi x0,x0,0
Register Write to Reg: 0x00 Val: 0x00000000
[inst #4148] addi x0,x0,0
Register Write to Reg: 0x00 Val: 0x00000000
[inst #4149] beq x7,x0,24
[inst #4150] auipc x7,64527
Register Write to Reg: 0x07 Val: 0x1000FD20
[inst #4151] sll x0,x0,x0
Register Write to Reg: 0x00 Val: 0x00000000
[inst #4152] sll x0,x0,x0
Register Write to Reg: 0x00 Val: 0x00000000
[inst #4153] sll x0,x0,x0
Register Write to Reg: 0x00 Val: 0x00000000
[inst #4154] addi x7,x7,772
Register Write to Reg: 0x07 Val: 0x10010024
[inst #4155] addi x0,x0,0
Register Write to Reg: 0x00 Val: 0x00000000
[inst #4156] addi x0,x0,0
Register Write to Reg: 0x00 Val: 0x00000000
[inst #4157] addi x0,x0,0
Register Write to Reg: 0x00 Val: 0x00000000
[inst #4158] lw x7,0(x7)
Register Write to Reg: 0x07 Val: 0x00010101
[inst #4159] addi x0,x0,0
Register Write to Reg: 0x00 Val: 0x00000000
[inst #4160] addi x0,x0,0
Register Write to Reg: 0x00 Val: 0x00000000
[inst #4161] addi x0,x0,0
Register Write to Reg: 0x00 Val: 0x00000000
[inst #4162] sw x7,16(x8)
Memory Write to Addr: 0x10010FC8 Val: 0x00010101
[inst #4163] lw x28,16(x8)
Register Write to Reg: 0x1C Val: 0x00010101
[inst #4164] addi x0,x0,0
Register Write to Reg: 0x00 Val: 0x00000000
[inst #4165] addi x0,x0,0
Register Write to Reg: 0x00 Val: 0x00000000
[inst #4166] addi x0,x0,0
Register Write to Reg: 0x00 Val: 0x00000000
[inst #4167] lw x7,8(x8)
Register Write to Reg: 0x07 Val: 0x00000100
[inst #4168] addi x0,x0,0
Register Write to Reg: 0x00 Val: 0x00000000
[inst #4169] addi x0,x0,0
Register Write to Reg: 0x00 Val: 0x00000000
[inst #4170] addi x0,x0,0
Register Write to Reg: 0x00 Val: 0x00000000
[inst #4171] and x7,x28,x7
Register Write to Reg: 0x07 Val: 0x00000100
[inst #4172] addi x0,x0,0
Register Write to Reg: 0x00 Val: 0x00000000
[inst #4173] addi x0,x0,0
Register Write to Reg: 0x00 Val: 0x00000000
[inst #4174] addi x0,x0,0
Register Write to Reg: 0x00 Val: 0x00000000
[inst #4175] slt x7,x0,x7
Register Write to Reg: 0x07 Val: 0x00000001
[inst #4176] addi x0,x0,0
Register Write to Reg: 0x00 Val: 0x00000000
[inst #4177] addi x0,x0,0
Register Write to Reg: 0x00 Val: 0x00000000
[inst #4178] addi x0,x0,0
Register Write to Reg: 0x00 Val: 0x00000000
[inst #4179] andi x7,x7,255
Register Write to Reg: 0x07 Val: 0x00000001
[inst #4180] addi x0,x0,0
Register Write to Reg: 0x00 Val: 0x00000000
[inst #4181] addi x0,x0,0
Register Write to Reg: 0x00 Val: 0x00000000
[inst #4182] addi x0,x0,0
Register Write to Reg: 0x00 Val: 0x00000000
[inst #4183] add x2,x0,x8
Register Write to Reg: 0x02 Val: 0x10010FB8
[inst #4184] addi x0,x0,0
Register Write to Reg: 0x00 Val: 0x00000000
[inst #4185] addi x0,x0,0
Register Write to Reg: 0x00 Val: 0x00000000
[inst #4186] addi x0,x0,0
Register Write to Reg: 0x00 Val: 0x00000000
[inst #4187] lw x8,28(x2)
Register Write to Reg: 0x08 Val: 0x10010FD8
[inst #4188] addi x0,x0,0
Register Write to Reg: 0x00 Val: 0x00000000
[inst #4189] addi x0,x0,0
Register Write to Reg: 0x00 Val: 0x00000000
[inst #4190] addi x0,x0,0
Register Write to Reg: 0x00 Val: 0x00000000
[inst #4191] addi x2,x2,32
Register Write to Reg: 0x02 Val: 0x10010FD8
[inst #4192] addi x0,x0,0
Register Write to Reg: 0x00 Val: 0x00000000
[inst #4193] addi x0,x0,0
Register Write to Reg: 0x00 Val: 0x00000000
[inst #4194] jalr x0,x1,0
Register Write to Reg: 0x00 Val: 0x00400DD4
[inst #4195] xori x7,x7,1
Register Write to Reg: 0x07 Val: 0x00000000
[inst #4196] addi x0,x0,0
Register Write to Reg: 0x00 Val: 0x00000000
[inst #4197] addi x0,x0,0
Register Write to Reg: 0x00 Val: 0x00000000
[inst #4198] addi x0,x0,0
Register Write to Reg: 0x00 Val: 0x00000000
[inst #4199] andi x7,x7,255
Register Write to Reg: 0x07 Val: 0x00000000
[inst #4200] addi x0,x0,0
Register Write to Reg: 0x00 Val: 0x00000000
[inst #4201] addi x0,x0,0
Register Write to Reg: 0x00 Val: 0x00000000
[inst #4202] addi x0,x0,0
Register Write to Reg: 0x00 Val: 0x00000000
[inst #4203] beq x7,x0,72
[inst #4204] lw x7,24(x8)
Register Write to Reg: 0x07 Val: 0x00000001
[inst #4205] addi x0,x0,0
Register Write to Reg: 0x00 Val: 0x00000000
[inst #4206] addi x0,x0,0
Register Write to Reg: 0x00 Val: 0x00000000
[inst #4207] addi x0,x0,0
Register Write to Reg: 0x00 Val: 0x00000000
[inst #4208] addi x7,x7,1
Register Write to Reg: 0x07 Val: 0x00000002
[inst #4209] addi x0,x0,0
Register Write to Reg: 0x00 Val: 0x00000000
[inst #4210] addi x0,x0,0
Register Write to Reg: 0x00 Val: 0x00000000
[inst #4211] addi x0,x0,0
Register Write to Reg: 0x00 Val: 0x00000000
[inst #4212] sw x7,24(x8)
Memory Write to Addr: 0x10010FF0 Val: 0x00000002
[inst #4213] lw x7,24(x8)
Register Write to Reg: 0x07 Val: 0x00000002
[inst #4214] addi x0,x0,0
Register Write to Reg: 0x00 Val: 0x00000000
[inst #4215] addi x0,x0,0
Register Write to Reg: 0x00 Val: 0x00000000
[inst #4216] addi x0,x0,0
Register Write to Reg: 0x00 Val: 0x00000000
[inst #4217] slti x7,x7,4
Register Write to Reg: 0x07 Val: 0x00000001
[inst #4218] addi x0,x0,0
Register Write to Reg: 0x00 Val: 0x00000000
[inst #4219] addi x0,x0,0
Register Write to Reg: 0x00 Val: 0x00000000
[inst #4220] addi x0,x0,0
Register Write to Reg: 0x00 Val: 0x00000000
[inst #4221] beq x7,x0,24
[inst #4222] addi x0,x0,0
Register Write to Reg: 0x00 Val: 0x00000000
[inst #4223] addi x0,x0,0
Register Write to Reg: 0x00 Val: 0x00000000
[inst #4224] jal x0,-244
Register Write to Reg: 0x00 Val: 0x00400190
[inst #4225] lw x29,24(x8)
Register Write to Reg: 0x1D Val: 0x00000002
[inst #4226] addi x0,x0,0
Register Write to Reg: 0x00 Val: 0x00000000
[inst #4227] addi x0,x0,0
Register Write to Reg: 0x00 Val: 0x00000000
[inst #4228] addi x0,x0,0
Register Write to Reg: 0x00 Val: 0x00000000
[inst #4229] auipc x1,0
Register Write to Reg: 0x01 Val: 0x004000A8
[inst #4230] sll x0,x0,x0
Register Write to Reg: 0x00 Val: 0x00000000
[inst #4231] sll x0,x0,x0
Register Write to Reg: 0x00 Val: 0x00000000
[inst #4232] sll x0,x0,x0
Register Write to Reg: 0x00 Val: 0x00000000
[inst #4233] addi x1,x1,44
Register Write to Reg: 0x01 Val: 0x004000D4
[inst #4234] addi x0,x0,0
Register Write to Reg: 0x00 Val: 0x00000000
[inst #4235] addi x0,x0,0
Register Write to Reg: 0x00 Val: 0x00000000
[inst #4236] addi x0,x0,0
Register Write to Reg: 0x00 Val: 0x00000000
[inst #4237] jal x0,2940
Register Write to Reg: 0x00 Val: 0x004000CC
[inst #4238] addi x2,x2,-32
Register Write to Reg: 0x02 Val: 0x10010FB8
[inst #4239] addi x0,x0,0
Register Write to Reg: 0x00 Val: 0x00000000
[inst #4240] addi x0,x0,0
Register Write to Reg: 0x00 Val: 0x00000000
[inst #4241] addi x0,x0,0
Register Write to Reg: 0x00 Val: 0x00000000
[inst #4242] sw x8,28(x2)
Memory Write to Addr: 0x10010FD4 Val: 0x10010FD8
[inst #4243] addi x0,x0,0
Register Write to Reg: 0x00 Val: 0x00000000
[inst #4244] addi x0,x0,0
Register Write to Reg: 0x00 Val: 0x00000000
[inst #4245] addi x0,x0,0
Register Write to Reg: 0x00 Val: 0x00000000
[inst #4246] add x8,x0,x2
Register Write to Reg: 0x08 Val: 0x10010FB8
[inst #4247] addi x0,x0,0
Register Write to Reg: 0x00 Val: 0x00000000
[inst #4248] addi x0,x0,0
Register Write to Reg: 0x00 Val: 0x00000000
[inst #4249] addi x0,x0,0
Register Write to Reg: 0x00 Val: 0x00000000
[inst #4250] sw x29,32(x8)
Memory Write to Addr: 0x10010FD8 Val: 0x00000002
[inst #4251] ori x7,x0,1
Register Write to Reg: 0x07 Val: 0x00000001
[inst #4252] addi x0,x0,0
Register Write to Reg: 0x00 Val: 0x00000000
[inst #4253] addi x0,x0,0
Register Write to Reg: 0x00 Val: 0x00000000
[inst #4254] addi x0,x0,0
Register Write to Reg: 0x00 Val: 0x00000000
[inst #4255] sw x7,8(x8)
Memory Write to Addr: 0x10010FC0 Val: 0x00000001
[inst #4256] sw x0,12(x8)
Memory Write to Addr: 0x10010FC4 Val: 0x00000000
[inst #4257] jal x0,84
Register Write to Reg: 0x00 Val: 0x00400C94
[inst #4258] lw x28,12(x8)
Register Write to Reg: 0x1C Val: 0x00000000
[inst #4259] lw x7,32(x8)
Register Write to Reg: 0x07 Val: 0x00000002
[inst #4260] addi x0,x0,0
Register Write to Reg: 0x00 Val: 0x00000000
[inst #4261] addi x0,x0,0
Register Write to Reg: 0x00 Val: 0x00000000
[inst #4262] addi x0,x0,0
Register Write to Reg: 0x00 Val: 0x00000000
[inst #4263] slt x7,x28,x7
Register Write to Reg: 0x07 Val: 0x00000001
[inst #4264] addi x0,x0,0
Register Write to Reg: 0x00 Val: 0x00000000
[inst #4265] addi x0,x0,0
Register Write to Reg: 0x00 Val: 0x00000000
[inst #4266] addi x0,x0,0
Register Write to Reg: 0x00 Val: 0x00000000
[inst #4267] beq x7,x0,24
[inst #4268] addi x0,x0,0
Register Write to Reg: 0x00 Val: 0x00000000
[inst #4269] addi x0,x0,0
Register Write to Reg: 0x00 Val: 0x00000000
[inst #4270] jal x0,-120
Register Write to Reg: 0x00 Val: 0x00400D18
[inst #4271] lw x7,8(x8)
Register Write to Reg: 0x07 Val: 0x00000001
[inst #4272] addi x0,x0,0
Register Write to Reg: 0x00 Val: 0x00000000
[inst #4273] addi x0,x0,0
Register Write to Reg: 0x00 Val: 0x00000000
[inst #4274] addi x0,x0,0
Register Write to Reg: 0x00 Val: 0x00000000
[inst #4275] slli x7,x7,8
Register Write to Reg: 0x07 Val: 0x00000100
[inst #4276] addi x0,x0,0
Register Write to Reg: 0x00 Val: 0x00000000
[inst #4277] addi x0,x0,0
Register Write to Reg: 0x00 Val: 0x00000000
[inst #4278] addi x0,x0,0
Register Write to Reg: 0x00 Val: 0x00000000
[inst #4279] sw x7,8(x8)
Memory Write to Addr: 0x10010FC0 Val: 0x00000100
[inst #4280] lw x7,12(x8)
Register Write to Reg: 0x07 Val: 0x00000000
[inst #4281] addi x0,x0,0
Register Write to Reg: 0x00 Val: 0x00000000
[inst #4282] addi x0,x0,0
Register Write to Reg: 0x00 Val: 0x00000000
[inst #4283] addi x0,x0,0
Register Write to Reg: 0x00 Val: 0x00000000
[inst #4284] addi x7,x7,1
Register Write to Reg: 0x07 Val: 0x00000001
[inst #4285] addi x0,x0,0
Register Write to Reg: 0x00 Val: 0x00000000
[inst #4286] addi x0,x0,0
Register Write to Reg: 0x00 Val: 0x00000000
[inst #4287] addi x0,x0,0
Register Write to Reg: 0x00 Val: 0x00000000
[inst #4288] sw x7,12(x8)
Memory Write to Addr: 0x10010FC4 Val: 0x00000001
[inst #4289] lw x28,12(x8)
Register Write to Reg: 0x1C Val: 0x00000001
[inst #4290] lw x7,32(x8)
Register Write to Reg: 0x07 Val: 0x00000002
[inst #4291] addi x0,x0,0
Register Write to Reg: 0x00 Val: 0x00000000
[inst #4292] addi x0,x0,0
Register Write to Reg: 0x00 Val: 0x00000000
[inst #4293] addi x0,x0,0
Register Write to Reg: 0x00 Val: 0x00000000
[inst #4294] slt x7,x28,x7
Register Write to Reg: 0x07 Val: 0x00000001
[inst #4295] addi x0,x0,0
Register Write to Reg: 0x00 Val: 0x00000000
[inst #4296] addi x0,x0,0
Register Write to Reg: 0x00 Val: 0x00000000
[inst #4297] addi x0,x0,0
Register Write to Reg: 0x00 Val: 0x00000000
[inst #4298] beq x7,x0,24
[inst #4299] addi x0,x0,0
Register Write to Reg: 0x00 Val: 0x00000000
[inst #4300] addi x0,x0,0
Register Write to Reg: 0x00 Val: 0x00000000
[inst #4301] jal x0,-120
Register Write to Reg: 0x00 Val: 0x00400D18
[inst #4302] lw x7,8(x8)
Register Write to Reg: 0x07 Val: 0x00000100
[inst #4303] addi x0,x0,0
Register Write to Reg: 0x00 Val: 0x00000000
[inst #4304] addi x0,x0,0
Register Write to Reg: 0x00 Val: 0x00000000
[inst #4305] addi x0,x0,0
Register Write to Reg: 0x00 Val: 0x00000000
[inst #4306] slli x7,x7,8
Register Write to Reg: 0x07 Val: 0x00010000
[inst #4307] addi x0,x0,0
Register Write to Reg: 0x00 Val: 0x00000000
[inst #4308] addi x0,x0,0
Register Write to Reg: 0x00 Val: 0x00000000
[inst #4309] addi x0,x0,0
Register Write to Reg: 0x00 Val: 0x00000000
[inst #4310] sw x7,8(x8)
Memory Write to Addr: 0x10010FC0 Val: 0x00010000
[inst #4311] lw x7,12(x8)
Register Write to Reg: 0x07 Val: 0x00000001
[inst #4312] addi x0,x0,0
Register Write to Reg: 0x00 Val: 0x00000000
[inst #4313] addi x0,x0,0
Register Write to Reg: 0x00 Val: 0x00000000
[inst #4314] addi x0,x0,0
Register Write to Reg: 0x00 Val: 0x00000000
[inst #4315] addi x7,x7,1
Register Write to Reg: 0x07 Val: 0x00000002
[inst #4316] addi x0,x0,0
Register Write to Reg: 0x00 Val: 0x00000000
[inst #4317] addi x0,x0,0
Register Write to Reg: 0x00 Val: 0x00000000
[inst #4318] addi x0,x0,0
Register Write to Reg: 0x00 Val: 0x00000000
[inst #4319] sw x7,12(x8)
Memory Write to Addr: 0x10010FC4 Val: 0x00000002
[inst #4320] lw x28,12(x8)
Register Write to Reg: 0x1C Val: 0x00000002
[inst #4321] lw x7,32(x8)
Register Write to Reg: 0x07 Val: 0x00000002
[inst #4322] addi x0,x0,0
Register Write to Reg: 0x00 Val: 0x00000000
[inst #4323] addi x0,x0,0
Register Write to Reg: 0x00 Val: 0x00000000
[inst #4324] addi x0,x0,0
Register Write to Reg: 0x00 Val: 0x00000000
[inst #4325] slt x7,x28,x7
Register Write to Reg: 0x07 Val: 0x00000000
[inst #4326] addi x0,x0,0
Register Write to Reg: 0x00 Val: 0x00000000
[inst #4327] addi x0,x0,0
Register Write to Reg: 0x00 Val: 0x00000000
[inst #4328] addi x0,x0,0
Register Write to Reg: 0x00 Val: 0x00000000
[inst #4329] beq x7,x0,24
[inst #4330] auipc x7,64527
Register Write to Reg: 0x07 Val: 0x1000FD20
[inst #4331] sll x0,x0,x0
Register Write to Reg: 0x00 Val: 0x00000000
[inst #4332] sll x0,x0,x0
Register Write to Reg: 0x00 Val: 0x00000000
[inst #4333] sll x0,x0,x0
Register Write to Reg: 0x00 Val: 0x00000000
[inst #4334] addi x7,x7,772
Register Write to Reg: 0x07 Val: 0x10010024
[inst #4335] addi x0,x0,0
Register Write to Reg: 0x00 Val: 0x00000000
[inst #4336] addi x0,x0,0
Register Write to Reg: 0x00 Val: 0x00000000
[inst #4337] addi x0,x0,0
Register Write to Reg: 0x00 Val: 0x00000000
[inst #4338] lw x7,0(x7)
Register Write to Reg: 0x07 Val: 0x00010101
[inst #4339] addi x0,x0,0
Register Write to Reg: 0x00 Val: 0x00000000
[inst #4340] addi x0,x0,0
Register Write to Reg: 0x00 Val: 0x00000000
[inst #4341] addi x0,x0,0
Register Write to Reg: 0x00 Val: 0x00000000
[inst #4342] sw x7,16(x8)
Memory Write to Addr: 0x10010FC8 Val: 0x00010101
[inst #4343] lw x28,16(x8)
Register Write to Reg: 0x1C Val: 0x00010101
[inst #4344] addi x0,x0,0
Register Write to Reg: 0x00 Val: 0x00000000
[inst #4345] addi x0,x0,0
Register Write to Reg: 0x00 Val: 0x00000000
[inst #4346] addi x0,x0,0
Register Write to Reg: 0x00 Val: 0x00000000
[inst #4347] lw x7,8(x8)
Register Write to Reg: 0x07 Val: 0x00010000
[inst #4348] addi x0,x0,0
Register Write to Reg: 0x00 Val: 0x00000000
[inst #4349] addi x0,x0,0
Register Write to Reg: 0x00 Val: 0x00000000
[inst #4350] addi x0,x0,0
Register Write to Reg: 0x00 Val: 0x00000000
[inst #4351] and x7,x28,x7
Register Write to Reg: 0x07 Val: 0x00010000
[inst #4352] addi x0,x0,0
Register Write to Reg: 0x00 Val: 0x00000000
[inst #4353] addi x0,x0,0
Register Write to Reg: 0x00 Val: 0x00000000
[inst #4354] addi x0,x0,0
Register Write to Reg: 0x00 Val: 0x00000000
[inst #4355] slt x7,x0,x7
Register Write to Reg: 0x07 Val: 0x00000001
[inst #4356] addi x0,x0,0
Register Write to Reg: 0x00 Val: 0x00000000
[inst #4357] addi x0,x0,0
Register Write to Reg: 0x00 Val: 0x00000000
[inst #4358] addi x0,x0,0
Register Write to Reg: 0x00 Val: 0x00000000
[inst #4359] andi x7,x7,255
Register Write to Reg: 0x07 Val: 0x00000001
[inst #4360] addi x0,x0,0
Register Write to Reg: 0x00 Val: 0x00000000
[inst #4361] addi x0,x0,0
Register Write to Reg: 0x00 Val: 0x00000000
[inst #4362] addi x0,x0,0
Register Write to Reg: 0x00 Val: 0x00000000
[inst #4363] add x2,x0,x8
Register Write to Reg: 0x02 Val: 0x10010FB8
[inst #4364] addi x0,x0,0
Register Write to Reg: 0x00 Val: 0x00000000
[inst #4365] addi x0,x0,0
Register Write to Reg: 0x00 Val: 0x00000000
[inst #4366] addi x0,x0,0
Register Write to Reg: 0x00 Val: 0x00000000
[inst #4367] lw x8,28(x2)
Register Write to Reg: 0x08 Val: 0x10010FD8
[inst #4368] addi x0,x0,0
Register Write to Reg: 0x00 Val: 0x00000000
[inst #4369] addi x0,x0,0
Register Write to Reg: 0x00 Val: 0x00000000
[inst #4370] addi x0,x0,0
Register Write to Reg: 0x00 Val: 0x00000000
[inst #4371] addi x2,x2,32
Register Write to Reg: 0x02 Val: 0x10010FD8
[inst #4372] addi x0,x0,0
Register Write to Reg: 0x00 Val: 0x00000000
[inst #4373] addi x0,x0,0
Register Write to Reg: 0x00 Val: 0x00000000
[inst #4374] jalr x0,x1,0
Register Write to Reg: 0x00 Val: 0x00400DD4
[inst #4375] xori x7,x7,1
Register Write to Reg: 0x07 Val: 0x00000000
[inst #4376] addi x0,x0,0
Register Write to Reg: 0x00 Val: 0x00000000
[inst #4377] addi x0,x0,0
Register Write to Reg: 0x00 Val: 0x00000000
[inst #4378] addi x0,x0,0
Register Write to Reg: 0x00 Val: 0x00000000
[inst #4379] andi x7,x7,255
Register Write to Reg: 0x07 Val: 0x00000000
[inst #4380] addi x0,x0,0
Register Write to Reg: 0x00 Val: 0x00000000
[inst #4381] addi x0,x0,0
Register Write to Reg: 0x00 Val: 0x00000000
[inst #4382] addi x0,x0,0
Register Write to Reg: 0x00 Val: 0x00000000
[inst #4383] beq x7,x0,72
[inst #4384] lw x7,24(x8)
Register Write to Reg: 0x07 Val: 0x00000002
[inst #4385] addi x0,x0,0
Register Write to Reg: 0x00 Val: 0x00000000
[inst #4386] addi x0,x0,0
Register Write to Reg: 0x00 Val: 0x00000000
[inst #4387] addi x0,x0,0
Register Write to Reg: 0x00 Val: 0x00000000
[inst #4388] addi x7,x7,1
Register Write to Reg: 0x07 Val: 0x00000003
[inst #4389] addi x0,x0,0
Register Write to Reg: 0x00 Val: 0x00000000
[inst #4390] addi x0,x0,0
Register Write to Reg: 0x00 Val: 0x00000000
[inst #4391] addi x0,x0,0
Register Write to Reg: 0x00 Val: 0x00000000
[inst #4392] sw x7,24(x8)
Memory Write to Addr: 0x10010FF0 Val: 0x00000003
[inst #4393] lw x7,24(x8)
Register Write to Reg: 0x07 Val: 0x00000003
[inst #4394] addi x0,x0,0
Register Write to Reg: 0x00 Val: 0x00000000
[inst #4395] addi x0,x0,0
Register Write to Reg: 0x00 Val: 0x00000000
[inst #4396] addi x0,x0,0
Register Write to Reg: 0x00 Val: 0x00000000
[inst #4397] slti x7,x7,4
Register Write to Reg: 0x07 Val: 0x00000001
[inst #4398] addi x0,x0,0
Register Write to Reg: 0x00 Val: 0x00000000
[inst #4399] addi x0,x0,0
Register Write to Reg: 0x00 Val: 0x00000000
[inst #4400] addi x0,x0,0
Register Write to Reg: 0x00 Val: 0x00000000
[inst #4401] beq x7,x0,24
[inst #4402] addi x0,x0,0
Register Write to Reg: 0x00 Val: 0x00000000
[inst #4403] addi x0,x0,0
Register Write to Reg: 0x00 Val: 0x00000000
[inst #4404] jal x0,-244
Register Write to Reg: 0x00 Val: 0x00400190
[inst #4405] lw x29,24(x8)
Register Write to Reg: 0x1D Val: 0x00000003
[inst #4406] addi x0,x0,0
Register Write to Reg: 0x00 Val: 0x00000000
[inst #4407] addi x0,x0,0
Register Write to Reg: 0x00 Val: 0x00000000
[inst #4408] addi x0,x0,0
Register Write to Reg: 0x00 Val: 0x00000000
[inst #4409] auipc x1,0
Register Write to Reg: 0x01 Val: 0x004000A8
[inst #4410] sll x0,x0,x0
Register Write to Reg: 0x00 Val: 0x00000000
[inst #4411] sll x0,x0,x0
Register Write to Reg: 0x00 Val: 0x00000000
[inst #4412] sll x0,x0,x0
Register Write to Reg: 0x00 Val: 0x00000000
[inst #4413] addi x1,x1,44
Register Write to Reg: 0x01 Val: 0x004000D4
[inst #4414] addi x0,x0,0
Register Write to Reg: 0x00 Val: 0x00000000
[inst #4415] addi x0,x0,0
Register Write to Reg: 0x00 Val: 0x00000000
[inst #4416] addi x0,x0,0
Register Write to Reg: 0x00 Val: 0x00000000
[inst #4417] jal x0,2940
Register Write to Reg: 0x00 Val: 0x004000CC
[inst #4418] addi x2,x2,-32
Register Write to Reg: 0x02 Val: 0x10010FB8
[inst #4419] addi x0,x0,0
Register Write to Reg: 0x00 Val: 0x00000000
[inst #4420] addi x0,x0,0
Register Write to Reg: 0x00 Val: 0x00000000
[inst #4421] addi x0,x0,0
Register Write to Reg: 0x00 Val: 0x00000000
[inst #4422] sw x8,28(x2)
Memory Write to Addr: 0x10010FD4 Val: 0x10010FD8
[inst #4423] addi x0,x0,0
Register Write to Reg: 0x00 Val: 0x00000000
[inst #4424] addi x0,x0,0
Register Write to Reg: 0x00 Val: 0x00000000
[inst #4425] addi x0,x0,0
Register Write to Reg: 0x00 Val: 0x00000000
[inst #4426] add x8,x0,x2
Register Write to Reg: 0x08 Val: 0x10010FB8
[inst #4427] addi x0,x0,0
Register Write to Reg: 0x00 Val: 0x00000000
[inst #4428] addi x0,x0,0
Register Write to Reg: 0x00 Val: 0x00000000
[inst #4429] addi x0,x0,0
Register Write to Reg: 0x00 Val: 0x00000000
[inst #4430] sw x29,32(x8)
Memory Write to Addr: 0x10010FD8 Val: 0x00000003
[inst #4431] ori x7,x0,1
Register Write to Reg: 0x07 Val: 0x00000001
[inst #4432] addi x0,x0,0
Register Write to Reg: 0x00 Val: 0x00000000
[inst #4433] addi x0,x0,0
Register Write to Reg: 0x00 Val: 0x00000000
[inst #4434] addi x0,x0,0
Register Write to Reg: 0x00 Val: 0x00000000
[inst #4435] sw x7,8(x8)
Memory Write to Addr: 0x10010FC0 Val: 0x00000001
[inst #4436] sw x0,12(x8)
Memory Write to Addr: 0x10010FC4 Val: 0x00000000
[inst #4437] jal x0,84
Register Write to Reg: 0x00 Val: 0x00400C94
[inst #4438] lw x28,12(x8)
Register Write to Reg: 0x1C Val: 0x00000000
[inst #4439] lw x7,32(x8)
Register Write to Reg: 0x07 Val: 0x00000003
[inst #4440] addi x0,x0,0
Register Write to Reg: 0x00 Val: 0x00000000
[inst #4441] addi x0,x0,0
Register Write to Reg: 0x00 Val: 0x00000000
[inst #4442] addi x0,x0,0
Register Write to Reg: 0x00 Val: 0x00000000
[inst #4443] slt x7,x28,x7
Register Write to Reg: 0x07 Val: 0x00000001
[inst #4444] addi x0,x0,0
Register Write to Reg: 0x00 Val: 0x00000000
[inst #4445] addi x0,x0,0
Register Write to Reg: 0x00 Val: 0x00000000
[inst #4446] addi x0,x0,0
Register Write to Reg: 0x00 Val: 0x00000000
[inst #4447] beq x7,x0,24
[inst #4448] addi x0,x0,0
Register Write to Reg: 0x00 Val: 0x00000000
[inst #4449] addi x0,x0,0
Register Write to Reg: 0x00 Val: 0x00000000
[inst #4450] jal x0,-120
Register Write to Reg: 0x00 Val: 0x00400D18
[inst #4451] lw x7,8(x8)
Register Write to Reg: 0x07 Val: 0x00000001
[inst #4452] addi x0,x0,0
Register Write to Reg: 0x00 Val: 0x00000000
[inst #4453] addi x0,x0,0
Register Write to Reg: 0x00 Val: 0x00000000
[inst #4454] addi x0,x0,0
Register Write to Reg: 0x00 Val: 0x00000000
[inst #4455] slli x7,x7,8
Register Write to Reg: 0x07 Val: 0x00000100
[inst #4456] addi x0,x0,0
Register Write to Reg: 0x00 Val: 0x00000000
[inst #4457] addi x0,x0,0
Register Write to Reg: 0x00 Val: 0x00000000
[inst #4458] addi x0,x0,0
Register Write to Reg: 0x00 Val: 0x00000000
[inst #4459] sw x7,8(x8)
Memory Write to Addr: 0x10010FC0 Val: 0x00000100
[inst #4460] lw x7,12(x8)
Register Write to Reg: 0x07 Val: 0x00000000
[inst #4461] addi x0,x0,0
Register Write to Reg: 0x00 Val: 0x00000000
[inst #4462] addi x0,x0,0
Register Write to Reg: 0x00 Val: 0x00000000
[inst #4463] addi x0,x0,0
Register Write to Reg: 0x00 Val: 0x00000000
[inst #4464] addi x7,x7,1
Register Write to Reg: 0x07 Val: 0x00000001
[inst #4465] addi x0,x0,0
Register Write to Reg: 0x00 Val: 0x00000000
[inst #4466] addi x0,x0,0
Register Write to Reg: 0x00 Val: 0x00000000
[inst #4467] addi x0,x0,0
Register Write to Reg: 0x00 Val: 0x00000000
[inst #4468] sw x7,12(x8)
Memory Write to Addr: 0x10010FC4 Val: 0x00000001
[inst #4469] lw x28,12(x8)
Register Write to Reg: 0x1C Val: 0x00000001
[inst #4470] lw x7,32(x8)
Register Write to Reg: 0x07 Val: 0x00000003
[inst #4471] addi x0,x0,0
Register Write to Reg: 0x00 Val: 0x00000000
[inst #4472] addi x0,x0,0
Register Write to Reg: 0x00 Val: 0x00000000
[inst #4473] addi x0,x0,0
Register Write to Reg: 0x00 Val: 0x00000000
[inst #4474] slt x7,x28,x7
Register Write to Reg: 0x07 Val: 0x00000001
[inst #4475] addi x0,x0,0
Register Write to Reg: 0x00 Val: 0x00000000
[inst #4476] addi x0,x0,0
Register Write to Reg: 0x00 Val: 0x00000000
[inst #4477] addi x0,x0,0
Register Write to Reg: 0x00 Val: 0x00000000
[inst #4478] beq x7,x0,24
[inst #4479] addi x0,x0,0
Register Write to Reg: 0x00 Val: 0x00000000
[inst #4480] addi x0,x0,0
Register Write to Reg: 0x00 Val: 0x00000000
[inst #4481] jal x0,-120
Register Write to Reg: 0x00 Val: 0x00400D18
[inst #4482] lw x7,8(x8)
Register Write to Reg: 0x07 Val: 0x00000100
[inst #4483] addi x0,x0,0
Register Write to Reg: 0x00 Val: 0x00000000
[inst #4484] addi x0,x0,0
Register Write to Reg: 0x00 Val: 0x00000000
[inst #4485] addi x0,x0,0
Register Write to Reg: 0x00 Val: 0x00000000
[inst #4486] slli x7,x7,8
Register Write to Reg: 0x07 Val: 0x00010000
[inst #4487] addi x0,x0,0
Register Write to Reg: 0x00 Val: 0x00000000
[inst #4488] addi x0,x0,0
Register Write to Reg: 0x00 Val: 0x00000000
[inst #4489] addi x0,x0,0
Register Write to Reg: 0x00 Val: 0x00000000
[inst #4490] sw x7,8(x8)
Memory Write to Addr: 0x10010FC0 Val: 0x00010000
[inst #4491] lw x7,12(x8)
Register Write to Reg: 0x07 Val: 0x00000001
[inst #4492] addi x0,x0,0
Register Write to Reg: 0x00 Val: 0x00000000
[inst #4493] addi x0,x0,0
Register Write to Reg: 0x00 Val: 0x00000000
[inst #4494] addi x0,x0,0
Register Write to Reg: 0x00 Val: 0x00000000
[inst #4495] addi x7,x7,1
Register Write to Reg: 0x07 Val: 0x00000002
[inst #4496] addi x0,x0,0
Register Write to Reg: 0x00 Val: 0x00000000
[inst #4497] addi x0,x0,0
Register Write to Reg: 0x00 Val: 0x00000000
[inst #4498] addi x0,x0,0
Register Write to Reg: 0x00 Val: 0x00000000
[inst #4499] sw x7,12(x8)
Memory Write to Addr: 0x10010FC4 Val: 0x00000002
[inst #4500] lw x28,12(x8)
Register Write to Reg: 0x1C Val: 0x00000002
[inst #4501] lw x7,32(x8)
Register Write to Reg: 0x07 Val: 0x00000003
[inst #4502] addi x0,x0,0
Register Write to Reg: 0x00 Val: 0x00000000
[inst #4503] addi x0,x0,0
Register Write to Reg: 0x00 Val: 0x00000000
[inst #4504] addi x0,x0,0
Register Write to Reg: 0x00 Val: 0x00000000
[inst #4505] slt x7,x28,x7
Register Write to Reg: 0x07 Val: 0x00000001
[inst #4506] addi x0,x0,0
Register Write to Reg: 0x00 Val: 0x00000000
[inst #4507] addi x0,x0,0
Register Write to Reg: 0x00 Val: 0x00000000
[inst #4508] addi x0,x0,0
Register Write to Reg: 0x00 Val: 0x00000000
[inst #4509] beq x7,x0,24
[inst #4510] addi x0,x0,0
Register Write to Reg: 0x00 Val: 0x00000000
[inst #4511] addi x0,x0,0
Register Write to Reg: 0x00 Val: 0x00000000
[inst #4512] jal x0,-120
Register Write to Reg: 0x00 Val: 0x00400D18
[inst #4513] lw x7,8(x8)
Register Write to Reg: 0x07 Val: 0x00010000
[inst #4514] addi x0,x0,0
Register Write to Reg: 0x00 Val: 0x00000000
[inst #4515] addi x0,x0,0
Register Write to Reg: 0x00 Val: 0x00000000
[inst #4516] addi x0,x0,0
Register Write to Reg: 0x00 Val: 0x00000000
[inst #4517] slli x7,x7,8
Register Write to Reg: 0x07 Val: 0x01000000
[inst #4518] addi x0,x0,0
Register Write to Reg: 0x00 Val: 0x00000000
[inst #4519] addi x0,x0,0
Register Write to Reg: 0x00 Val: 0x00000000
[inst #4520] addi x0,x0,0
Register Write to Reg: 0x00 Val: 0x00000000
[inst #4521] sw x7,8(x8)
Memory Write to Addr: 0x10010FC0 Val: 0x01000000
[inst #4522] lw x7,12(x8)
Register Write to Reg: 0x07 Val: 0x00000002
[inst #4523] addi x0,x0,0
Register Write to Reg: 0x00 Val: 0x00000000
[inst #4524] addi x0,x0,0
Register Write to Reg: 0x00 Val: 0x00000000
[inst #4525] addi x0,x0,0
Register Write to Reg: 0x00 Val: 0x00000000
[inst #4526] addi x7,x7,1
Register Write to Reg: 0x07 Val: 0x00000003
[inst #4527] addi x0,x0,0
Register Write to Reg: 0x00 Val: 0x00000000
[inst #4528] addi x0,x0,0
Register Write to Reg: 0x00 Val: 0x00000000
[inst #4529] addi x0,x0,0
Register Write to Reg: 0x00 Val: 0x00000000
[inst #4530] sw x7,12(x8)
Memory Write to Addr: 0x10010FC4 Val: 0x00000003
[inst #4531] lw x28,12(x8)
Register Write to Reg: 0x1C Val: 0x00000003
[inst #4532] lw x7,32(x8)
Register Write to Reg: 0x07 Val: 0x00000003
[inst #4533] addi x0,x0,0
Register Write to Reg: 0x00 Val: 0x00000000
[inst #4534] addi x0,x0,0
Register Write to Reg: 0x00 Val: 0x00000000
[inst #4535] addi x0,x0,0
Register Write to Reg: 0x00 Val: 0x00000000
[inst #4536] slt x7,x28,x7
Register Write to Reg: 0x07 Val: 0x00000000
[inst #4537] addi x0,x0,0
Register Write to Reg: 0x00 Val: 0x00000000
[inst #4538] addi x0,x0,0
Register Write to Reg: 0x00 Val: 0x00000000
[inst #4539] addi x0,x0,0
Register Write to Reg: 0x00 Val: 0x00000000
[inst #4540] beq x7,x0,24
[inst #4541] auipc x7,64527
Register Write to Reg: 0x07 Val: 0x1000FD20
[inst #4542] sll x0,x0,x0
Register Write to Reg: 0x00 Val: 0x00000000
[inst #4543] sll x0,x0,x0
Register Write to Reg: 0x00 Val: 0x00000000
[inst #4544] sll x0,x0,x0
Register Write to Reg: 0x00 Val: 0x00000000
[inst #4545] addi x7,x7,772
Register Write to Reg: 0x07 Val: 0x10010024
[inst #4546] addi x0,x0,0
Register Write to Reg: 0x00 Val: 0x00000000
[inst #4547] addi x0,x0,0
Register Write to Reg: 0x00 Val: 0x00000000
[inst #4548] addi x0,x0,0
Register Write to Reg: 0x00 Val: 0x00000000
[inst #4549] lw x7,0(x7)
Register Write to Reg: 0x07 Val: 0x00010101
[inst #4550] addi x0,x0,0
Register Write to Reg: 0x00 Val: 0x00000000
[inst #4551] addi x0,x0,0
Register Write to Reg: 0x00 Val: 0x00000000
[inst #4552] addi x0,x0,0
Register Write to Reg: 0x00 Val: 0x00000000
[inst #4553] sw x7,16(x8)
Memory Write to Addr: 0x10010FC8 Val: 0x00010101
[inst #4554] lw x28,16(x8)
Register Write to Reg: 0x1C Val: 0x00010101
[inst #4555] addi x0,x0,0
Register Write to Reg: 0x00 Val: 0x00000000
[inst #4556] addi x0,x0,0
Register Write to Reg: 0x00 Val: 0x00000000
[inst #4557] addi x0,x0,0
Register Write to Reg: 0x00 Val: 0x00000000
[inst #4558] lw x7,8(x8)
Register Write to Reg: 0x07 Val: 0x01000000
[inst #4559] addi x0,x0,0
Register Write to Reg: 0x00 Val: 0x00000000
[inst #4560] addi x0,x0,0
Register Write to Reg: 0x00 Val: 0x00000000
[inst #4561] addi x0,x0,0
Register Write to Reg: 0x00 Val: 0x00000000
[inst #4562] and x7,x28,x7
Register Write to Reg: 0x07 Val: 0x00000000
[inst #4563] addi x0,x0,0
Register Write to Reg: 0x00 Val: 0x00000000
[inst #4564] addi x0,x0,0
Register Write to Reg: 0x00 Val: 0x00000000
[inst #4565] addi x0,x0,0
Register Write to Reg: 0x00 Val: 0x00000000
[inst #4566] slt x7,x0,x7
Register Write to Reg: 0x07 Val: 0x00000000
[inst #4567] addi x0,x0,0
Register Write to Reg: 0x00 Val: 0x00000000
[inst #4568] addi x0,x0,0
Register Write to Reg: 0x00 Val: 0x00000000
[inst #4569] addi x0,x0,0
Register Write to Reg: 0x00 Val: 0x00000000
[inst #4570] andi x7,x7,255
Register Write to Reg: 0x07 Val: 0x00000000
[inst #4571] addi x0,x0,0
Register Write to Reg: 0x00 Val: 0x00000000
[inst #4572] addi x0,x0,0
Register Write to Reg: 0x00 Val: 0x00000000
[inst #4573] addi x0,x0,0
Register Write to Reg: 0x00 Val: 0x00000000
[inst #4574] add x2,x0,x8
Register Write to Reg: 0x02 Val: 0x10010FB8
[inst #4575] addi x0,x0,0
Register Write to Reg: 0x00 Val: 0x00000000
[inst #4576] addi x0,x0,0
Register Write to Reg: 0x00 Val: 0x00000000
[inst #4577] addi x0,x0,0
Register Write to Reg: 0x00 Val: 0x00000000
[inst #4578] lw x8,28(x2)
Register Write to Reg: 0x08 Val: 0x10010FD8
[inst #4579] addi x0,x0,0
Register Write to Reg: 0x00 Val: 0x00000000
[inst #4580] addi x0,x0,0
Register Write to Reg: 0x00 Val: 0x00000000
[inst #4581] addi x0,x0,0
Register Write to Reg: 0x00 Val: 0x00000000
[inst #4582] addi x2,x2,32
Register Write to Reg: 0x02 Val: 0x10010FD8
[inst #4583] addi x0,x0,0
Register Write to Reg: 0x00 Val: 0x00000000
[inst #4584] addi x0,x0,0
Register Write to Reg: 0x00 Val: 0x00000000
[inst #4585] jalr x0,x1,0
Register Write to Reg: 0x00 Val: 0x00400DD4
[inst #4586] xori x7,x7,1
Register Write to Reg: 0x07 Val: 0x00000001
[inst #4587] addi x0,x0,0
Register Write to Reg: 0x00 Val: 0x00000000
[inst #4588] addi x0,x0,0
Register Write to Reg: 0x00 Val: 0x00000000
[inst #4589] addi x0,x0,0
Register Write to Reg: 0x00 Val: 0x00000000
[inst #4590] andi x7,x7,255
Register Write to Reg: 0x07 Val: 0x00000001
[inst #4591] addi x0,x0,0
Register Write to Reg: 0x00 Val: 0x00000000
[inst #4592] addi x0,x0,0
Register Write to Reg: 0x00 Val: 0x00000000
[inst #4593] addi x0,x0,0
Register Write to Reg: 0x00 Val: 0x00000000
[inst #4594] beq x7,x0,72
[inst #4595] addi x0,x0,0
Register Write to Reg: 0x00 Val: 0x00000000
[inst #4596] addi x0,x0,0
Register Write to Reg: 0x00 Val: 0x00000000
[inst #4597] lw x29,24(x8)
Register Write to Reg: 0x1D Val: 0x00000003
[inst #4598] addi x0,x0,0
Register Write to Reg: 0x00 Val: 0x00000000
[inst #4599] addi x0,x0,0
Register Write to Reg: 0x00 Val: 0x00000000
[inst #4600] addi x0,x0,0
Register Write to Reg: 0x00 Val: 0x00000000
[inst #4601] auipc x1,0
Register Write to Reg: 0x01 Val: 0x00400110
[inst #4602] sll x0,x0,x0
Register Write to Reg: 0x00 Val: 0x00000000
[inst #4603] sll x0,x0,x0
Register Write to Reg: 0x00 Val: 0x00000000
[inst #4604] sll x0,x0,x0
Register Write to Reg: 0x00 Val: 0x00000000
[inst #4605] addi x1,x1,44
Register Write to Reg: 0x01 Val: 0x0040013C
[inst #4606] addi x0,x0,0
Register Write to Reg: 0x00 Val: 0x00000000
[inst #4607] addi x0,x0,0
Register Write to Reg: 0x00 Val: 0x00000000
[inst #4608] addi x0,x0,0
Register Write to Reg: 0x00 Val: 0x00000000
[inst #4609] jal x0,1012
Register Write to Reg: 0x00 Val: 0x00400134
[inst #4610] addi x2,x2,-48
Register Write to Reg: 0x02 Val: 0x10010FA8
[inst #4611] addi x0,x0,0
Register Write to Reg: 0x00 Val: 0x00000000
[inst #4612] addi x0,x0,0
Register Write to Reg: 0x00 Val: 0x00000000
[inst #4613] addi x0,x0,0
Register Write to Reg: 0x00 Val: 0x00000000
[inst #4614] sw x1,44(x2)
Memory Write to Addr: 0x10010FD4 Val: 0x0040013C
[inst #4615] sw x8,40(x2)
Memory Write to Addr: 0x10010FD0 Val: 0x10010FD8
[inst #4616] addi x0,x0,0
Register Write to Reg: 0x00 Val: 0x00000000
[inst #4617] addi x0,x0,0
Register Write to Reg: 0x00 Val: 0x00000000
[inst #4618] addi x0,x0,0
Register Write to Reg: 0x00 Val: 0x00000000
[inst #4619] add x8,x0,x2
Register Write to Reg: 0x08 Val: 0x10010FA8
[inst #4620] addi x0,x0,0
Register Write to Reg: 0x00 Val: 0x00000000
[inst #4621] addi x0,x0,0
Register Write to Reg: 0x00 Val: 0x00000000
[inst #4622] addi x0,x0,0
Register Write to Reg: 0x00 Val: 0x00000000
[inst #4623] sw x29,48(x8)
Memory Write to Addr: 0x10010FD8 Val: 0x00000003
[inst #4624] lw x29,48(x8)
Register Write to Reg: 0x1D Val: 0x00000003
[inst #4625] addi x0,x0,0
Register Write to Reg: 0x00 Val: 0x00000000
[inst #4626] addi x0,x0,0
Register Write to Reg: 0x00 Val: 0x00000000
[inst #4627] addi x0,x0,0
Register Write to Reg: 0x00 Val: 0x00000000
[inst #4628] auipc x1,0
Register Write to Reg: 0x01 Val: 0x0040056C
[inst #4629] sll x0,x0,x0
Register Write to Reg: 0x00 Val: 0x00000000
[inst #4630] sll x0,x0,x0
Register Write to Reg: 0x00 Val: 0x00000000
[inst #4631] sll x0,x0,x0
Register Write to Reg: 0x00 Val: 0x00000000
[inst #4632] addi x1,x1,44
Register Write to Reg: 0x01 Val: 0x00400598
[inst #4633] addi x0,x0,0
Register Write to Reg: 0x00 Val: 0x00000000
[inst #4634] addi x0,x0,0
Register Write to Reg: 0x00 Val: 0x00000000
[inst #4635] addi x0,x0,0
Register Write to Reg: 0x00 Val: 0x00000000
[inst #4636] jal x0,1324
Register Write to Reg: 0x00 Val: 0x00400590
[inst #4637] addi x2,x2,-32
Register Write to Reg: 0x02 Val: 0x10010F88
[inst #4638] addi x0,x0,0
Register Write to Reg: 0x00 Val: 0x00000000
[inst #4639] addi x0,x0,0
Register Write to Reg: 0x00 Val: 0x00000000
[inst #4640] addi x0,x0,0
Register Write to Reg: 0x00 Val: 0x00000000
[inst #4641] sw x8,28(x2)
Memory Write to Addr: 0x10010FA4 Val: 0x10010FA8
[inst #4642] addi x0,x0,0
Register Write to Reg: 0x00 Val: 0x00000000
[inst #4643] addi x0,x0,0
Register Write to Reg: 0x00 Val: 0x00000000
[inst #4644] addi x0,x0,0
Register Write to Reg: 0x00 Val: 0x00000000
[inst #4645] add x8,x0,x2
Register Write to Reg: 0x08 Val: 0x10010F88
[inst #4646] addi x0,x0,0
Register Write to Reg: 0x00 Val: 0x00000000
[inst #4647] addi x0,x0,0
Register Write to Reg: 0x00 Val: 0x00000000
[inst #4648] addi x0,x0,0
Register Write to Reg: 0x00 Val: 0x00000000
[inst #4649] sw x29,32(x8)
Memory Write to Addr: 0x10010FA8 Val: 0x00000003
[inst #4650] addi x7,x0,1
Register Write to Reg: 0x07 Val: 0x00000001
[inst #4651] addi x0,x0,0
Register Write to Reg: 0x00 Val: 0x00000000
[inst #4652] addi x0,x0,0
Register Write to Reg: 0x00 Val: 0x00000000
[inst #4653] addi x0,x0,0
Register Write to Reg: 0x00 Val: 0x00000000
[inst #4654] sw x7,8(x8)
Memory Write to Addr: 0x10010F90 Val: 0x00000001
[inst #4655] sw x0,12(x8)
Memory Write to Addr: 0x10010F94 Val: 0x00000000
[inst #4656] jal x0,84
Register Write to Reg: 0x00 Val: 0x00400B08
[inst #4657] lw x28,12(x8)
Register Write to Reg: 0x1C Val: 0x00000000
[inst #4658] lw x7,32(x8)
Register Write to Reg: 0x07 Val: 0x00000003
[inst #4659] addi x0,x0,0
Register Write to Reg: 0x00 Val: 0x00000000
[inst #4660] addi x0,x0,0
Register Write to Reg: 0x00 Val: 0x00000000
[inst #4661] addi x0,x0,0
Register Write to Reg: 0x00 Val: 0x00000000
[inst #4662] slt x7,x28,x7
Register Write to Reg: 0x07 Val: 0x00000001
[inst #4663] addi x0,x0,0
Register Write to Reg: 0x00 Val: 0x00000000
[inst #4664] addi x0,x0,0
Register Write to Reg: 0x00 Val: 0x00000000
[inst #4665] addi x0,x0,0
Register Write to Reg: 0x00 Val: 0x00000000
[inst #4666] beq x7,x0,24
[inst #4667] addi x0,x0,0
Register Write to Reg: 0x00 Val: 0x00000000
[inst #4668] addi x0,x0,0
Register Write to Reg: 0x00 Val: 0x00000000
[inst #4669] jal x0,-120
Register Write to Reg: 0x00 Val: 0x00400B8C
[inst #4670] lw x7,8(x8)
Register Write to Reg: 0x07 Val: 0x00000001
[inst #4671] addi x0,x0,0
Register Write to Reg: 0x00 Val: 0x00000000
[inst #4672] addi x0,x0,0
Register Write to Reg: 0x00 Val: 0x00000000
[inst #4673] addi x0,x0,0
Register Write to Reg: 0x00 Val: 0x00000000
[inst #4674] slli x7,x7,8
Register Write to Reg: 0x07 Val: 0x00000100
[inst #4675] addi x0,x0,0
Register Write to Reg: 0x00 Val: 0x00000000
[inst #4676] addi x0,x0,0
Register Write to Reg: 0x00 Val: 0x00000000
[inst #4677] addi x0,x0,0
Register Write to Reg: 0x00 Val: 0x00000000
[inst #4678] sw x7,8(x8)
Memory Write to Addr: 0x10010F90 Val: 0x00000100
[inst #4679] lw x7,12(x8)
Register Write to Reg: 0x07 Val: 0x00000000
[inst #4680] addi x0,x0,0
Register Write to Reg: 0x00 Val: 0x00000000
[inst #4681] addi x0,x0,0
Register Write to Reg: 0x00 Val: 0x00000000
[inst #4682] addi x0,x0,0
Register Write to Reg: 0x00 Val: 0x00000000
[inst #4683] addi x7,x7,1
Register Write to Reg: 0x07 Val: 0x00000001
[inst #4684] addi x0,x0,0
Register Write to Reg: 0x00 Val: 0x00000000
[inst #4685] addi x0,x0,0
Register Write to Reg: 0x00 Val: 0x00000000
[inst #4686] addi x0,x0,0
Register Write to Reg: 0x00 Val: 0x00000000
[inst #4687] sw x7,12(x8)
Memory Write to Addr: 0x10010F94 Val: 0x00000001
[inst #4688] lw x28,12(x8)
Register Write to Reg: 0x1C Val: 0x00000001
[inst #4689] lw x7,32(x8)
Register Write to Reg: 0x07 Val: 0x00000003
[inst #4690] addi x0,x0,0
Register Write to Reg: 0x00 Val: 0x00000000
[inst #4691] addi x0,x0,0
Register Write to Reg: 0x00 Val: 0x00000000
[inst #4692] addi x0,x0,0
Register Write to Reg: 0x00 Val: 0x00000000
[inst #4693] slt x7,x28,x7
Register Write to Reg: 0x07 Val: 0x00000001
[inst #4694] addi x0,x0,0
Register Write to Reg: 0x00 Val: 0x00000000
[inst #4695] addi x0,x0,0
Register Write to Reg: 0x00 Val: 0x00000000
[inst #4696] addi x0,x0,0
Register Write to Reg: 0x00 Val: 0x00000000
[inst #4697] beq x7,x0,24
[inst #4698] addi x0,x0,0
Register Write to Reg: 0x00 Val: 0x00000000
[inst #4699] addi x0,x0,0
Register Write to Reg: 0x00 Val: 0x00000000
[inst #4700] jal x0,-120
Register Write to Reg: 0x00 Val: 0x00400B8C
[inst #4701] lw x7,8(x8)
Register Write to Reg: 0x07 Val: 0x00000100
[inst #4702] addi x0,x0,0
Register Write to Reg: 0x00 Val: 0x00000000
[inst #4703] addi x0,x0,0
Register Write to Reg: 0x00 Val: 0x00000000
[inst #4704] addi x0,x0,0
Register Write to Reg: 0x00 Val: 0x00000000
[inst #4705] slli x7,x7,8
Register Write to Reg: 0x07 Val: 0x00010000
[inst #4706] addi x0,x0,0
Register Write to Reg: 0x00 Val: 0x00000000
[inst #4707] addi x0,x0,0
Register Write to Reg: 0x00 Val: 0x00000000
[inst #4708] addi x0,x0,0
Register Write to Reg: 0x00 Val: 0x00000000
[inst #4709] sw x7,8(x8)
Memory Write to Addr: 0x10010F90 Val: 0x00010000
[inst #4710] lw x7,12(x8)
Register Write to Reg: 0x07 Val: 0x00000001
[inst #4711] addi x0,x0,0
Register Write to Reg: 0x00 Val: 0x00000000
[inst #4712] addi x0,x0,0
Register Write to Reg: 0x00 Val: 0x00000000
[inst #4713] addi x0,x0,0
Register Write to Reg: 0x00 Val: 0x00000000
[inst #4714] addi x7,x7,1
Register Write to Reg: 0x07 Val: 0x00000002
[inst #4715] addi x0,x0,0
Register Write to Reg: 0x00 Val: 0x00000000
[inst #4716] addi x0,x0,0
Register Write to Reg: 0x00 Val: 0x00000000
[inst #4717] addi x0,x0,0
Register Write to Reg: 0x00 Val: 0x00000000
[inst #4718] sw x7,12(x8)
Memory Write to Addr: 0x10010F94 Val: 0x00000002
[inst #4719] lw x28,12(x8)
Register Write to Reg: 0x1C Val: 0x00000002
[inst #4720] lw x7,32(x8)
Register Write to Reg: 0x07 Val: 0x00000003
[inst #4721] addi x0,x0,0
Register Write to Reg: 0x00 Val: 0x00000000
[inst #4722] addi x0,x0,0
Register Write to Reg: 0x00 Val: 0x00000000
[inst #4723] addi x0,x0,0
Register Write to Reg: 0x00 Val: 0x00000000
[inst #4724] slt x7,x28,x7
Register Write to Reg: 0x07 Val: 0x00000001
[inst #4725] addi x0,x0,0
Register Write to Reg: 0x00 Val: 0x00000000
[inst #4726] addi x0,x0,0
Register Write to Reg: 0x00 Val: 0x00000000
[inst #4727] addi x0,x0,0
Register Write to Reg: 0x00 Val: 0x00000000
[inst #4728] beq x7,x0,24
[inst #4729] addi x0,x0,0
Register Write to Reg: 0x00 Val: 0x00000000
[inst #4730] addi x0,x0,0
Register Write to Reg: 0x00 Val: 0x00000000
[inst #4731] jal x0,-120
Register Write to Reg: 0x00 Val: 0x00400B8C
[inst #4732] lw x7,8(x8)
Register Write to Reg: 0x07 Val: 0x00010000
[inst #4733] addi x0,x0,0
Register Write to Reg: 0x00 Val: 0x00000000
[inst #4734] addi x0,x0,0
Register Write to Reg: 0x00 Val: 0x00000000
[inst #4735] addi x0,x0,0
Register Write to Reg: 0x00 Val: 0x00000000
[inst #4736] slli x7,x7,8
Register Write to Reg: 0x07 Val: 0x01000000
[inst #4737] addi x0,x0,0
Register Write to Reg: 0x00 Val: 0x00000000
[inst #4738] addi x0,x0,0
Register Write to Reg: 0x00 Val: 0x00000000
[inst #4739] addi x0,x0,0
Register Write to Reg: 0x00 Val: 0x00000000
[inst #4740] sw x7,8(x8)
Memory Write to Addr: 0x10010F90 Val: 0x01000000
[inst #4741] lw x7,12(x8)
Register Write to Reg: 0x07 Val: 0x00000002
[inst #4742] addi x0,x0,0
Register Write to Reg: 0x00 Val: 0x00000000
[inst #4743] addi x0,x0,0
Register Write to Reg: 0x00 Val: 0x00000000
[inst #4744] addi x0,x0,0
Register Write to Reg: 0x00 Val: 0x00000000
[inst #4745] addi x7,x7,1
Register Write to Reg: 0x07 Val: 0x00000003
[inst #4746] addi x0,x0,0
Register Write to Reg: 0x00 Val: 0x00000000
[inst #4747] addi x0,x0,0
Register Write to Reg: 0x00 Val: 0x00000000
[inst #4748] addi x0,x0,0
Register Write to Reg: 0x00 Val: 0x00000000
[inst #4749] sw x7,12(x8)
Memory Write to Addr: 0x10010F94 Val: 0x00000003
[inst #4750] lw x28,12(x8)
Register Write to Reg: 0x1C Val: 0x00000003
[inst #4751] lw x7,32(x8)
Register Write to Reg: 0x07 Val: 0x00000003
[inst #4752] addi x0,x0,0
Register Write to Reg: 0x00 Val: 0x00000000
[inst #4753] addi x0,x0,0
Register Write to Reg: 0x00 Val: 0x00000000
[inst #4754] addi x0,x0,0
Register Write to Reg: 0x00 Val: 0x00000000
[inst #4755] slt x7,x28,x7
Register Write to Reg: 0x07 Val: 0x00000000
[inst #4756] addi x0,x0,0
Register Write to Reg: 0x00 Val: 0x00000000
[inst #4757] addi x0,x0,0
Register Write to Reg: 0x00 Val: 0x00000000
[inst #4758] addi x0,x0,0
Register Write to Reg: 0x00 Val: 0x00000000
[inst #4759] beq x7,x0,24
[inst #4760] auipc x7,64527
Register Write to Reg: 0x07 Val: 0x1000FB94
[inst #4761] sll x0,x0,x0
Register Write to Reg: 0x00 Val: 0x00000000
[inst #4762] sll x0,x0,x0
Register Write to Reg: 0x00 Val: 0x00000000
[inst #4763] sll x0,x0,x0
Register Write to Reg: 0x00 Val: 0x00000000
[inst #4764] addi x7,x7,1168
Register Write to Reg: 0x07 Val: 0x10010024
[inst #4765] addi x0,x0,0
Register Write to Reg: 0x00 Val: 0x00000000
[inst #4766] addi x0,x0,0
Register Write to Reg: 0x00 Val: 0x00000000
[inst #4767] addi x0,x0,0
Register Write to Reg: 0x00 Val: 0x00000000
[inst #4768] sw x7,16(x8)
Memory Write to Addr: 0x10010F98 Val: 0x10010024
[inst #4769] lw x7,16(x8)
Register Write to Reg: 0x07 Val: 0x10010024
[inst #4770] addi x0,x0,0
Register Write to Reg: 0x00 Val: 0x00000000
[inst #4771] addi x0,x0,0
Register Write to Reg: 0x00 Val: 0x00000000
[inst #4772] addi x0,x0,0
Register Write to Reg: 0x00 Val: 0x00000000
[inst #4773] lw x28,0(x7)
Register Write to Reg: 0x1C Val: 0x00010101
[inst #4774] addi x0,x0,0
Register Write to Reg: 0x00 Val: 0x00000000
[inst #4775] addi x0,x0,0
Register Write to Reg: 0x00 Val: 0x00000000
[inst #4776] addi x0,x0,0
Register Write to Reg: 0x00 Val: 0x00000000
[inst #4777] lw x7,8(x8)
Register Write to Reg: 0x07 Val: 0x01000000
[inst #4778] addi x0,x0,0
Register Write to Reg: 0x00 Val: 0x00000000
[inst #4779] addi x0,x0,0
Register Write to Reg: 0x00 Val: 0x00000000
[inst #4780] addi x0,x0,0
Register Write to Reg: 0x00 Val: 0x00000000
[inst #4781] or x28,x28,x7
Register Write to Reg: 0x1C Val: 0x01010101
[inst #4782] addi x0,x0,0
Register Write to Reg: 0x00 Val: 0x00000000
[inst #4783] addi x0,x0,0
Register Write to Reg: 0x00 Val: 0x00000000
[inst #4784] addi x0,x0,0
Register Write to Reg: 0x00 Val: 0x00000000
[inst #4785] lw x7,16(x8)
Register Write to Reg: 0x07 Val: 0x10010024
[inst #4786] addi x0,x0,0
Register Write to Reg: 0x00 Val: 0x00000000
[inst #4787] addi x0,x0,0
Register Write to Reg: 0x00 Val: 0x00000000
[inst #4788] addi x0,x0,0
Register Write to Reg: 0x00 Val: 0x00000000
[inst #4789] sw x28,0(x7)
Memory Write to Addr: 0x10010024 Val: 0x01010101
[inst #4790] add x2,x0,x8
Register Write to Reg: 0x02 Val: 0x10010F88
[inst #4791] addi x0,x0,0
Register Write to Reg: 0x00 Val: 0x00000000
[inst #4792] addi x0,x0,0
Register Write to Reg: 0x00 Val: 0x00000000
[inst #4793] addi x0,x0,0
Register Write to Reg: 0x00 Val: 0x00000000
[inst #4794] lw x8,28(x2)
Register Write to Reg: 0x08 Val: 0x10010FA8
[inst #4795] addi x0,x0,0
Register Write to Reg: 0x00 Val: 0x00000000
[inst #4796] addi x0,x0,0
Register Write to Reg: 0x00 Val: 0x00000000
[inst #4797] addi x0,x0,0
Register Write to Reg: 0x00 Val: 0x00000000
[inst #4798] addi x2,x2,32
Register Write to Reg: 0x02 Val: 0x10010FA8
[inst #4799] addi x0,x0,0
Register Write to Reg: 0x00 Val: 0x00000000
[inst #4800] addi x0,x0,0
Register Write to Reg: 0x00 Val: 0x00000000
[inst #4801] jalr x0,x1,0
Register Write to Reg: 0x00 Val: 0x00400C3C
[inst #4802] addi x7,x8,28
Register Write to Reg: 0x07 Val: 0x10010FC4
[inst #4803] addi x0,x0,0
Register Write to Reg: 0x00 Val: 0x00000000
[inst #4804] addi x0,x0,0
Register Write to Reg: 0x00 Val: 0x00000000
[inst #4805] addi x0,x0,0
Register Write to Reg: 0x00 Val: 0x00000000
[inst #4806] lw x30,48(x8)
Register Write to Reg: 0x1E Val: 0x00000003
[inst #4807] addi x0,x0,0
Register Write to Reg: 0x00 Val: 0x00000000
[inst #4808] addi x0,x0,0
Register Write to Reg: 0x00 Val: 0x00000000
[inst #4809] addi x0,x0,0
Register Write to Reg: 0x00 Val: 0x00000000
[inst #4810] add x29,x0,x7
Register Write to Reg: 0x1D Val: 0x10010FC4
[inst #4811] addi x0,x0,0
Register Write to Reg: 0x00 Val: 0x00000000
[inst #4812] addi x0,x0,0
Register Write to Reg: 0x00 Val: 0x00000000
[inst #4813] addi x0,x0,0
Register Write to Reg: 0x00 Val: 0x00000000
[inst #4814] auipc x1,0
Register Write to Reg: 0x01 Val: 0x004005C8
[inst #4815] sll x0,x0,x0
Register Write to Reg: 0x00 Val: 0x00000000
[inst #4816] sll x0,x0,x0
Register Write to Reg: 0x00 Val: 0x00000000
[inst #4817] sll x0,x0,x0
Register Write to Reg: 0x00 Val: 0x00000000
[inst #4818] addi x1,x1,44
Register Write to Reg: 0x01 Val: 0x004005F4
[inst #4819] addi x0,x0,0
Register Write to Reg: 0x00 Val: 0x00000000
[inst #4820] addi x0,x0,0
Register Write to Reg: 0x00 Val: 0x00000000
[inst #4821] addi x0,x0,0
Register Write to Reg: 0x00 Val: 0x00000000
[inst #4822] jal x0,104
Register Write to Reg: 0x00 Val: 0x004005EC
[inst #4823] addi x2,x2,-24
Register Write to Reg: 0x02 Val: 0x10010F90
[inst #4824] addi x0,x0,0
Register Write to Reg: 0x00 Val: 0x00000000
[inst #4825] addi x0,x0,0
Register Write to Reg: 0x00 Val: 0x00000000
[inst #4826] addi x0,x0,0
Register Write to Reg: 0x00 Val: 0x00000000
[inst #4827] sw x8,20(x2)
Memory Write to Addr: 0x10010FA4 Val: 0x10010FA8
[inst #4828] addi x0,x0,0
Register Write to Reg: 0x00 Val: 0x00000000
[inst #4829] addi x0,x0,0
Register Write to Reg: 0x00 Val: 0x00000000
[inst #4830] addi x0,x0,0
Register Write to Reg: 0x00 Val: 0x00000000
[inst #4831] add x8,x0,x2
Register Write to Reg: 0x08 Val: 0x10010F90
[inst #4832] addi x0,x0,0
Register Write to Reg: 0x00 Val: 0x00000000
[inst #4833] addi x0,x0,0
Register Write to Reg: 0x00 Val: 0x00000000
[inst #4834] addi x0,x0,0
Register Write to Reg: 0x00 Val: 0x00000000
[inst #4835] sub x31,x8,x2
Register Write to Reg: 0x1F Val: 0x00000000
[inst #4836] sw x29,24(x8)
Memory Write to Addr: 0x10010FA8 Val: 0x10010FC4
[inst #4837] sw x30,28(x8)
Memory Write to Addr: 0x10010FAC Val: 0x00000003
[inst #4838] lw x7,28(x8)
Register Write to Reg: 0x07 Val: 0x00000003
[inst #4839] addi x0,x0,0
Register Write to Reg: 0x00 Val: 0x00000000
[inst #4840] addi x0,x0,0
Register Write to Reg: 0x00 Val: 0x00000000
[inst #4841] addi x0,x0,0
Register Write to Reg: 0x00 Val: 0x00000000
[inst #4842] sw x7,8(x8)
Memory Write to Addr: 0x10010F98 Val: 0x00000003
[inst #4843] sw x0,12(x8)
Memory Write to Addr: 0x10010F9C Val: 0x00000000
[inst #4844] lw x7,24(x8)
Register Write to Reg: 0x07 Val: 0x10010FC4
[inst #4845] lw x29,8(x8)
Register Write to Reg: 0x1D Val: 0x00000003
[inst #4846] lw x28,12(x8)
Register Write to Reg: 0x1C Val: 0x00000000
[inst #4847] addi x0,x0,0
Register Write to Reg: 0x00 Val: 0x00000000
[inst #4848] addi x0,x0,0
Register Write to Reg: 0x00 Val: 0x00000000
[inst #4849] addi x0,x0,0
Register Write to Reg: 0x00 Val: 0x00000000
[inst #4850] sw x29,0(x7)
Memory Write to Addr: 0x10010FC4 Val: 0x00000003
[inst #4851] sw x28,4(x7)
Memory Write to Addr: 0x10010FC8 Val: 0x00000000
[inst #4852] lw x7,24(x8)
Register Write to Reg: 0x07 Val: 0x10010FC4
[inst #4853] addi x0,x0,0
Register Write to Reg: 0x00 Val: 0x00000000
[inst #4854] addi x0,x0,0
Register Write to Reg: 0x00 Val: 0x00000000
[inst #4855] addi x0,x0,0
Register Write to Reg: 0x00 Val: 0x00000000
[inst #4856] add x2,x0,x8
Register Write to Reg: 0x02 Val: 0x10010F90
[inst #4857] addi x0,x0,0
Register Write to Reg: 0x00 Val: 0x00000000
[inst #4858] addi x0,x0,0
Register Write to Reg: 0x00 Val: 0x00000000
[inst #4859] addi x0,x0,0
Register Write to Reg: 0x00 Val: 0x00000000
[inst #4860] lw x8,20(x2)
Register Write to Reg: 0x08 Val: 0x10010FA8
[inst #4861] addi x0,x0,0
Register Write to Reg: 0x00 Val: 0x00000000
[inst #4862] addi x0,x0,0
Register Write to Reg: 0x00 Val: 0x00000000
[inst #4863] addi x0,x0,0
Register Write to Reg: 0x00 Val: 0x00000000
[inst #4864] addi x2,x2,24
Register Write to Reg: 0x02 Val: 0x10010FA8
[inst #4865] addi x0,x0,0
Register Write to Reg: 0x00 Val: 0x00000000
[inst #4866] addi x0,x0,0
Register Write to Reg: 0x00 Val: 0x00000000
[inst #4867] jalr x0,x1,0
Register Write to Reg: 0x00 Val: 0x00400704
[inst #4868] addi x7,x8,28
Register Write to Reg: 0x07 Val: 0x10010FC4
[inst #4869] addi x0,x0,0
Register Write to Reg: 0x00 Val: 0x00000000
[inst #4870] addi x0,x0,0
Register Write to Reg: 0x00 Val: 0x00000000
[inst #4871] addi x0,x0,0
Register Write to Reg: 0x00 Val: 0x00000000
[inst #4872] add x29,x0,x7
Register Write to Reg: 0x1D Val: 0x10010FC4
[inst #4873] addi x0,x0,0
Register Write to Reg: 0x00 Val: 0x00000000
[inst #4874] addi x0,x0,0
Register Write to Reg: 0x00 Val: 0x00000000
[inst #4875] addi x0,x0,0
Register Write to Reg: 0x00 Val: 0x00000000
[inst #4876] auipc x1,0
Register Write to Reg: 0x01 Val: 0x00400614
[inst #4877] sll x0,x0,x0
Register Write to Reg: 0x00 Val: 0x00000000
[inst #4878] sll x0,x0,x0
Register Write to Reg: 0x00 Val: 0x00000000
[inst #4879] sll x0,x0,x0
Register Write to Reg: 0x00 Val: 0x00000000
[inst #4880] addi x1,x1,44
Register Write to Reg: 0x01 Val: 0x00400640
[inst #4881] addi x0,x0,0
Register Write to Reg: 0x00 Val: 0x00000000
[inst #4882] addi x0,x0,0
Register Write to Reg: 0x00 Val: 0x00000000
[inst #4883] addi x0,x0,0
Register Write to Reg: 0x00 Val: 0x00000000
[inst #4884] jal x0,216
Register Write to Reg: 0x00 Val: 0x00400638
[inst #4885] addi x2,x2,-32
Register Write to Reg: 0x02 Val: 0x10010F88
[inst #4886] addi x0,x0,0
Register Write to Reg: 0x00 Val: 0x00000000
[inst #4887] addi x0,x0,0
Register Write to Reg: 0x00 Val: 0x00000000
[inst #4888] addi x0,x0,0
Register Write to Reg: 0x00 Val: 0x00000000
[inst #4889] sw x1,28(x2)
Memory Write to Addr: 0x10010FA4 Val: 0x00400640
[inst #4890] sw x8,24(x2)
Memory Write to Addr: 0x10010FA0 Val: 0x10010FA8
[inst #4891] addi x0,x0,0
Register Write to Reg: 0x00 Val: 0x00000000
[inst #4892] addi x0,x0,0
Register Write to Reg: 0x00 Val: 0x00000000
[inst #4893] addi x0,x0,0
Register Write to Reg: 0x00 Val: 0x00000000
[inst #4894] add x8,x0,x2
Register Write to Reg: 0x08 Val: 0x10010F88
[inst #4895] addi x0,x0,0
Register Write to Reg: 0x00 Val: 0x00000000
[inst #4896] addi x0,x0,0
Register Write to Reg: 0x00 Val: 0x00000000
[inst #4897] addi x0,x0,0
Register Write to Reg: 0x00 Val: 0x00000000
[inst #4898] sw x29,32(x8)
Memory Write to Addr: 0x10010FA8 Val: 0x10010FC4
[inst #4899] jal x0,300
Register Write to Reg: 0x00 Val: 0x00400748
[inst #4900] lw x7,32(x8)
Register Write to Reg: 0x07 Val: 0x10010FC4
[inst #4901] addi x0,x0,0
Register Write to Reg: 0x00 Val: 0x00000000
[inst #4902] addi x0,x0,0
Register Write to Reg: 0x00 Val: 0x00000000
[inst #4903] addi x0,x0,0
Register Write to Reg: 0x00 Val: 0x00000000
[inst #4904] lw x7,4(x7)
Register Write to Reg: 0x07 Val: 0x00000000
[inst #4905] addi x0,x0,0
Register Write to Reg: 0x00 Val: 0x00000000
[inst #4906] addi x0,x0,0
Register Write to Reg: 0x00 Val: 0x00000000
[inst #4907] addi x0,x0,0
Register Write to Reg: 0x00 Val: 0x00000000
[inst #4908] slti x7,x7,4
Register Write to Reg: 0x07 Val: 0x00000001
[inst #4909] addi x0,x0,0
Register Write to Reg: 0x00 Val: 0x00000000
[inst #4910] addi x0,x0,0
Register Write to Reg: 0x00 Val: 0x00000000
[inst #4911] addi x0,x0,0
Register Write to Reg: 0x00 Val: 0x00000000
[inst #4912] beq x7,x0,24
[inst #4913] addi x0,x0,0
Register Write to Reg: 0x00 Val: 0x00000000
[inst #4914] addi x0,x0,0
Register Write to Reg: 0x00 Val: 0x00000000
[inst #4915] jal x0,-348
Register Write to Reg: 0x00 Val: 0x004008B0
[inst #4916] lw x7,32(x8)
Register Write to Reg: 0x07 Val: 0x10010FC4
[inst #4917] addi x0,x0,0
Register Write to Reg: 0x00 Val: 0x00000000
[inst #4918] addi x0,x0,0
Register Write to Reg: 0x00 Val: 0x00000000
[inst #4919] addi x0,x0,0
Register Write to Reg: 0x00 Val: 0x00000000
[inst #4920] lw x28,0(x7)
Register Write to Reg: 0x1C Val: 0x00000003
[inst #4921] addi x0,x0,0
Register Write to Reg: 0x00 Val: 0x00000000
[inst #4922] addi x0,x0,0
Register Write to Reg: 0x00 Val: 0x00000000
[inst #4923] addi x0,x0,0
Register Write to Reg: 0x00 Val: 0x00000000
[inst #4924] lw x7,32(x8)
Register Write to Reg: 0x07 Val: 0x10010FC4
[inst #4925] addi x0,x0,0
Register Write to Reg: 0x00 Val: 0x00000000
[inst #4926] addi x0,x0,0
Register Write to Reg: 0x00 Val: 0x00000000
[inst #4927] addi x0,x0,0
Register Write to Reg: 0x00 Val: 0x00000000
[inst #4928] lw x7,4(x7)
Register Write to Reg: 0x07 Val: 0x00000000
[inst #4929] addi x0,x0,0
Register Write to Reg: 0x00 Val: 0x00000000
[inst #4930] addi x0,x0,0
Register Write to Reg: 0x00 Val: 0x00000000
[inst #4931] addi x0,x0,0
Register Write to Reg: 0x00 Val: 0x00000000
[inst #4932] add x30,x0,x7
Register Write to Reg: 0x1E Val: 0x00000000
[inst #4933] add x29,x0,x28
Register Write to Reg: 0x1D Val: 0x00000003
[inst #4934] addi x0,x0,0
Register Write to Reg: 0x00 Val: 0x00000000
[inst #4935] addi x0,x0,0
Register Write to Reg: 0x00 Val: 0x00000000
[inst #4936] addi x0,x0,0
Register Write to Reg: 0x00 Val: 0x00000000
[inst #4937] auipc x1,0
Register Write to Reg: 0x01 Val: 0x004007A4
[inst #4938] sll x0,x0,x0
Register Write to Reg: 0x00 Val: 0x00000000
[inst #4939] sll x0,x0,x0
Register Write to Reg: 0x00 Val: 0x00000000
[inst #4940] sll x0,x0,x0
Register Write to Reg: 0x00 Val: 0x00000000
[inst #4941] addi x1,x1,44
Register Write to Reg: 0x01 Val: 0x004007D0
[inst #4942] addi x0,x0,0
Register Write to Reg: 0x00 Val: 0x00000000
[inst #4943] addi x0,x0,0
Register Write to Reg: 0x00 Val: 0x00000000
[inst #4944] addi x0,x0,0
Register Write to Reg: 0x00 Val: 0x00000000
[inst #4945] jal x0,308
Register Write to Reg: 0x00 Val: 0x004007C8
[inst #4946] addi x2,x2,-32
Register Write to Reg: 0x02 Val: 0x10010F68
[inst #4947] addi x0,x0,0
Register Write to Reg: 0x00 Val: 0x00000000
[inst #4948] addi x0,x0,0
Register Write to Reg: 0x00 Val: 0x00000000
[inst #4949] addi x0,x0,0
Register Write to Reg: 0x00 Val: 0x00000000
[inst #4950] sw x8,28(x2)
Memory Write to Addr: 0x10010F84 Val: 0x10010F88
[inst #4951] addi x0,x0,0
Register Write to Reg: 0x00 Val: 0x00000000
[inst #4952] addi x0,x0,0
Register Write to Reg: 0x00 Val: 0x00000000
[inst #4953] addi x0,x0,0
Register Write to Reg: 0x00 Val: 0x00000000
[inst #4954] add x8,x0,x2
Register Write to Reg: 0x08 Val: 0x10010F68
[inst #4955] addi x0,x0,0
Register Write to Reg: 0x00 Val: 0x00000000
[inst #4956] addi x0,x0,0
Register Write to Reg: 0x00 Val: 0x00000000
[inst #4957] addi x0,x0,0
Register Write to Reg: 0x00 Val: 0x00000000
[inst #4958] sw x29,32(x8)
Memory Write to Addr: 0x10010F88 Val: 0x00000003
[inst #4959] sw x30,36(x8)
Memory Write to Addr: 0x10010F8C Val: 0x00000000
[inst #4960] auipc x7,64527
Register Write to Reg: 0x07 Val: 0x1000F930
[inst #4961] sll x0,x0,x0
Register Write to Reg: 0x00 Val: 0x00000000
[inst #4962] sll x0,x0,x0
Register Write to Reg: 0x00 Val: 0x00000000
[inst #4963] sll x0,x0,x0
Register Write to Reg: 0x00 Val: 0x00000000
[inst #4964] addi x7,x7,1764
Register Write to Reg: 0x07 Val: 0x10010014
[inst #4965] addi x0,x0,0
Register Write to Reg: 0x00 Val: 0x00000000
[inst #4966] addi x0,x0,0
Register Write to Reg: 0x00 Val: 0x00000000
[inst #4967] addi x0,x0,0
Register Write to Reg: 0x00 Val: 0x00000000
[inst #4968] lw x28,32(x8)
Register Write to Reg: 0x1C Val: 0x00000003
[inst #4969] addi x0,x0,0
Register Write to Reg: 0x00 Val: 0x00000000
[inst #4970] addi x0,x0,0
Register Write to Reg: 0x00 Val: 0x00000000
[inst #4971] addi x0,x0,0
Register Write to Reg: 0x00 Val: 0x00000000
[inst #4972] slli x28,x28,2
Register Write to Reg: 0x1C Val: 0x0000000C
[inst #4973] addi x0,x0,0
Register Write to Reg: 0x00 Val: 0x00000000
[inst #4974] addi x0,x0,0
Register Write to Reg: 0x00 Val: 0x00000000
[inst #4975] addi x0,x0,0
Register Write to Reg: 0x00 Val: 0x00000000
[inst #4976] add x7,x28,x7
Register Write to Reg: 0x07 Val: 0x10010020
[inst #4977] addi x0,x0,0
Register Write to Reg: 0x00 Val: 0x00000000
[inst #4978] addi x0,x0,0
Register Write to Reg: 0x00 Val: 0x00000000
[inst #4979] addi x0,x0,0
Register Write to Reg: 0x00 Val: 0x00000000
[inst #4980] lw x7,0(x7)
Register Write to Reg: 0x07 Val: 0x00000003
[inst #4981] addi x0,x0,0
Register Write to Reg: 0x00 Val: 0x00000000
[inst #4982] addi x0,x0,0
Register Write to Reg: 0x00 Val: 0x00000000
[inst #4983] addi x0,x0,0
Register Write to Reg: 0x00 Val: 0x00000000
[inst #4984] sw x7,16(x8)
Memory Write to Addr: 0x10010F78 Val: 0x00000003
[inst #4985] addi x7,x0,1
Register Write to Reg: 0x07 Val: 0x00000001
[inst #4986] addi x0,x0,0
Register Write to Reg: 0x00 Val: 0x00000000
[inst #4987] addi x0,x0,0
Register Write to Reg: 0x00 Val: 0x00000000
[inst #4988] addi x0,x0,0
Register Write to Reg: 0x00 Val: 0x00000000
[inst #4989] sw x7,8(x8)
Memory Write to Addr: 0x10010F70 Val: 0x00000001
[inst #4990] sw x0,12(x8)
Memory Write to Addr: 0x10010F74 Val: 0x00000000
[inst #4991] jal x0,84
Register Write to Reg: 0x00 Val: 0x004009B0
[inst #4992] lw x28,12(x8)
Register Write to Reg: 0x1C Val: 0x00000000
[inst #4993] lw x7,36(x8)
Register Write to Reg: 0x07 Val: 0x00000000
[inst #4994] addi x0,x0,0
Register Write to Reg: 0x00 Val: 0x00000000
[inst #4995] addi x0,x0,0
Register Write to Reg: 0x00 Val: 0x00000000
[inst #4996] addi x0,x0,0
Register Write to Reg: 0x00 Val: 0x00000000
[inst #4997] slt x7,x28,x7
Register Write to Reg: 0x07 Val: 0x00000000
[inst #4998] addi x0,x0,0
Register Write to Reg: 0x00 Val: 0x00000000
[inst #4999] addi x0,x0,0
Register Write to Reg: 0x00 Val: 0x00000000
[inst #5000] addi x0,x0,0
Register Write to Reg: 0x00 Val: 0x00000000
[inst #5001] beq x7,x0,24
[inst #5002] lw x28,8(x8)
Register Write to Reg: 0x1C Val: 0x00000001
[inst #5003] lw x7,16(x8)
Register Write to Reg: 0x07 Val: 0x00000003
[inst #5004] addi x0,x0,0
Register Write to Reg: 0x00 Val: 0x00000000
[inst #5005] addi x0,x0,0
Register Write to Reg: 0x00 Val: 0x00000000
[inst #5006] addi x0,x0,0
Register Write to Reg: 0x00 Val: 0x00000000
[inst #5007] and x7,x28,x7
Register Write to Reg: 0x07 Val: 0x00000001
[inst #5008] addi x0,x0,0
Register Write to Reg: 0x00 Val: 0x00000000
[inst #5009] addi x0,x0,0
Register Write to Reg: 0x00 Val: 0x00000000
[inst #5010] addi x0,x0,0
Register Write to Reg: 0x00 Val: 0x00000000
[inst #5011] slt x7,x0,x7
Register Write to Reg: 0x07 Val: 0x00000001
[inst #5012] addi x0,x0,0
Register Write to Reg: 0x00 Val: 0x00000000
[inst #5013] addi x0,x0,0
Register Write to Reg: 0x00 Val: 0x00000000
[inst #5014] addi x0,x0,0
Register Write to Reg: 0x00 Val: 0x00000000
[inst #5015] andi x7,x7,255
Register Write to Reg: 0x07 Val: 0x00000001
[inst #5016] addi x0,x0,0
Register Write to Reg: 0x00 Val: 0x00000000
[inst #5017] addi x0,x0,0
Register Write to Reg: 0x00 Val: 0x00000000
[inst #5018] addi x0,x0,0
Register Write to Reg: 0x00 Val: 0x00000000
[inst #5019] add x2,x0,x8
Register Write to Reg: 0x02 Val: 0x10010F68
[inst #5020] addi x0,x0,0
Register Write to Reg: 0x00 Val: 0x00000000
[inst #5021] addi x0,x0,0
Register Write to Reg: 0x00 Val: 0x00000000
[inst #5022] addi x0,x0,0
Register Write to Reg: 0x00 Val: 0x00000000
[inst #5023] lw x8,28(x2)
Register Write to Reg: 0x08 Val: 0x10010F88
[inst #5024] addi x0,x0,0
Register Write to Reg: 0x00 Val: 0x00000000
[inst #5025] addi x0,x0,0
Register Write to Reg: 0x00 Val: 0x00000000
[inst #5026] addi x0,x0,0
Register Write to Reg: 0x00 Val: 0x00000000
[inst #5027] addi x2,x2,32
Register Write to Reg: 0x02 Val: 0x10010F88
[inst #5028] addi x0,x0,0
Register Write to Reg: 0x00 Val: 0x00000000
[inst #5029] addi x0,x0,0
Register Write to Reg: 0x00 Val: 0x00000000
[inst #5030] jalr x0,x1,0
Register Write to Reg: 0x00 Val: 0x00400AB0
[inst #5031] beq x7,x0,92
[inst #5032] addi x0,x0,0
Register Write to Reg: 0x00 Val: 0x00000000
[inst #5033] addi x0,x0,0
Register Write to Reg: 0x00 Val: 0x00000000
[inst #5034] lw x7,32(x8)
Register Write to Reg: 0x07 Val: 0x10010FC4
[inst #5035] addi x0,x0,0
Register Write to Reg: 0x00 Val: 0x00000000
[inst #5036] addi x0,x0,0
Register Write to Reg: 0x00 Val: 0x00000000
[inst #5037] addi x0,x0,0
Register Write to Reg: 0x00 Val: 0x00000000
[inst #5038] lw x7,4(x7)
Register Write to Reg: 0x07 Val: 0x00000000
[inst #5039] addi x0,x0,0
Register Write to Reg: 0x00 Val: 0x00000000
[inst #5040] addi x0,x0,0
Register Write to Reg: 0x00 Val: 0x00000000
[inst #5041] addi x0,x0,0
Register Write to Reg: 0x00 Val: 0x00000000
[inst #5042] addi x29,x7,1
Register Write to Reg: 0x1D Val: 0x00000001
[inst #5043] addi x0,x0,0
Register Write to Reg: 0x00 Val: 0x00000000
[inst #5044] addi x0,x0,0
Register Write to Reg: 0x00 Val: 0x00000000
[inst #5045] addi x0,x0,0
Register Write to Reg: 0x00 Val: 0x00000000
[inst #5046] lw x28,32(x8)
Register Write to Reg: 0x1C Val: 0x10010FC4
[inst #5047] addi x0,x0,0
Register Write to Reg: 0x00 Val: 0x00000000
[inst #5048] addi x0,x0,0
Register Write to Reg: 0x00 Val: 0x00000000
[inst #5049] addi x0,x0,0
Register Write to Reg: 0x00 Val: 0x00000000
[inst #5050] sw x29,4(x28)
Memory Write to Addr: 0x10010FC8 Val: 0x00000001
[inst #5051] jal x0,156
Register Write to Reg: 0x00 Val: 0x00400824
[inst #5052] add x2,x0,x8
Register Write to Reg: 0x02 Val: 0x10010F88
[inst #5053] addi x0,x0,0
Register Write to Reg: 0x00 Val: 0x00000000
[inst #5054] addi x0,x0,0
Register Write to Reg: 0x00 Val: 0x00000000
[inst #5055] addi x0,x0,0
Register Write to Reg: 0x00 Val: 0x00000000
[inst #5056] lw x1,28(x2)
Register Write to Reg: 0x01 Val: 0x00400640
[inst #5057] lw x8,24(x2)
Register Write to Reg: 0x08 Val: 0x10010FA8
[inst #5058] addi x0,x0,0
Register Write to Reg: 0x00 Val: 0x00000000
[inst #5059] addi x0,x0,0
Register Write to Reg: 0x00 Val: 0x00000000
[inst #5060] addi x0,x0,0
Register Write to Reg: 0x00 Val: 0x00000000
[inst #5061] addi x2,x2,32
Register Write to Reg: 0x02 Val: 0x10010FA8
[inst #5062] addi x0,x0,0
Register Write to Reg: 0x00 Val: 0x00000000
[inst #5063] addi x0,x0,0
Register Write to Reg: 0x00 Val: 0x00000000
[inst #5064] jalr x0,x1,0
Register Write to Reg: 0x00 Val: 0x004008F0
[inst #5065] sw x7,24(x8)
Memory Write to Addr: 0x10010FC0 Val: 0x00000000
[inst #5066] jal x0,-776
Register Write to Reg: 0x00 Val: 0x00400648
[inst #5067] lw x28,24(x8)
Register Write to Reg: 0x1C Val: 0x00000000
[inst #5068] addi x0,x0,0
Register Write to Reg: 0x00 Val: 0x00000000
[inst #5069] addi x0,x0,0
Register Write to Reg: 0x00 Val: 0x00000000
[inst #5070] addi x0,x0,0
Register Write to Reg: 0x00 Val: 0x00000000
[inst #5071] addi x7,x0,-1
Register Write to Reg: 0x07 Val: 0xFFFFFFFF
[inst #5072] addi x0,x0,0
Register Write to Reg: 0x00 Val: 0x00000000
[inst #5073] addi x0,x0,0
Register Write to Reg: 0x00 Val: 0x00000000
[inst #5074] beq x28,x7,24
[inst #5075] addi x0,x0,0
Register Write to Reg: 0x00 Val: 0x00000000
[inst #5076] addi x0,x0,0
Register Write to Reg: 0x00 Val: 0x00000000
[inst #5077] jal x0,-284
Register Write to Reg: 0x00 Val: 0x00400368
[inst #5078] lw x29,24(x8)
Register Write to Reg: 0x1D Val: 0x00000000
[inst #5079] addi x0,x0,0
Register Write to Reg: 0x00 Val: 0x00000000
[inst #5080] addi x0,x0,0
Register Write to Reg: 0x00 Val: 0x00000000
[inst #5081] addi x0,x0,0
Register Write to Reg: 0x00 Val: 0x00000000
[inst #5082] auipc x1,0
Register Write to Reg: 0x01 Val: 0x00400258
[inst #5083] sll x0,x0,x0
Register Write to Reg: 0x00 Val: 0x00000000
[inst #5084] sll x0,x0,x0
Register Write to Reg: 0x00 Val: 0x00000000
[inst #5085] sll x0,x0,x0
Register Write to Reg: 0x00 Val: 0x00000000
[inst #5086] addi x1,x1,44
Register Write to Reg: 0x01 Val: 0x00400284
[inst #5087] addi x0,x0,0
Register Write to Reg: 0x00 Val: 0x00000000
[inst #5088] addi x0,x0,0
Register Write to Reg: 0x00 Val: 0x00000000
[inst #5089] addi x0,x0,0
Register Write to Reg: 0x00 Val: 0x00000000
[inst #5090] jal x0,2508
Register Write to Reg: 0x00 Val: 0x0040027C
[inst #5091] addi x2,x2,-32
Register Write to Reg: 0x02 Val: 0x10010F88
[inst #5092] addi x0,x0,0
Register Write to Reg: 0x00 Val: 0x00000000
[inst #5093] addi x0,x0,0
Register Write to Reg: 0x00 Val: 0x00000000
[inst #5094] addi x0,x0,0
Register Write to Reg: 0x00 Val: 0x00000000
[inst #5095] sw x8,28(x2)
Memory Write to Addr: 0x10010FA4 Val: 0x10010FA8
[inst #5096] addi x0,x0,0
Register Write to Reg: 0x00 Val: 0x00000000
[inst #5097] addi x0,x0,0
Register Write to Reg: 0x00 Val: 0x00000000
[inst #5098] addi x0,x0,0
Register Write to Reg: 0x00 Val: 0x00000000
[inst #5099] add x8,x0,x2
Register Write to Reg: 0x08 Val: 0x10010F88
[inst #5100] addi x0,x0,0
Register Write to Reg: 0x00 Val: 0x00000000
[inst #5101] addi x0,x0,0
Register Write to Reg: 0x00 Val: 0x00000000
[inst #5102] addi x0,x0,0
Register Write to Reg: 0x00 Val: 0x00000000
[inst #5103] sw x29,32(x8)
Memory Write to Addr: 0x10010FA8 Val: 0x00000000
[inst #5104] ori x7,x0,1
Register Write to Reg: 0x07 Val: 0x00000001
[inst #5105] addi x0,x0,0
Register Write to Reg: 0x00 Val: 0x00000000
[inst #5106] addi x0,x0,0
Register Write to Reg: 0x00 Val: 0x00000000
[inst #5107] addi x0,x0,0
Register Write to Reg: 0x00 Val: 0x00000000
[inst #5108] sw x7,8(x8)
Memory Write to Addr: 0x10010F90 Val: 0x00000001
[inst #5109] sw x0,12(x8)
Memory Write to Addr: 0x10010F94 Val: 0x00000000
[inst #5110] jal x0,84
Register Write to Reg: 0x00 Val: 0x00400C94
[inst #5111] lw x28,12(x8)
Register Write to Reg: 0x1C Val: 0x00000000
[inst #5112] lw x7,32(x8)
Register Write to Reg: 0x07 Val: 0x00000000
[inst #5113] addi x0,x0,0
Register Write to Reg: 0x00 Val: 0x00000000
[inst #5114] addi x0,x0,0
Register Write to Reg: 0x00 Val: 0x00000000
[inst #5115] addi x0,x0,0
Register Write to Reg: 0x00 Val: 0x00000000
[inst #5116] slt x7,x28,x7
Register Write to Reg: 0x07 Val: 0x00000000
[inst #5117] addi x0,x0,0
Register Write to Reg: 0x00 Val: 0x00000000
[inst #5118] addi x0,x0,0
Register Write to Reg: 0x00 Val: 0x00000000
[inst #5119] addi x0,x0,0
Register Write to Reg: 0x00 Val: 0x00000000
[inst #5120] beq x7,x0,24
[inst #5121] auipc x7,64527
Register Write to Reg: 0x07 Val: 0x1000FD20
[inst #5122] sll x0,x0,x0
Register Write to Reg: 0x00 Val: 0x00000000
[inst #5123] sll x0,x0,x0
Register Write to Reg: 0x00 Val: 0x00000000
[inst #5124] sll x0,x0,x0
Register Write to Reg: 0x00 Val: 0x00000000
[inst #5125] addi x7,x7,772
Register Write to Reg: 0x07 Val: 0x10010024
[inst #5126] addi x0,x0,0
Register Write to Reg: 0x00 Val: 0x00000000
[inst #5127] addi x0,x0,0
Register Write to Reg: 0x00 Val: 0x00000000
[inst #5128] addi x0,x0,0
Register Write to Reg: 0x00 Val: 0x00000000
[inst #5129] lw x7,0(x7)
Register Write to Reg: 0x07 Val: 0x01010101
[inst #5130] addi x0,x0,0
Register Write to Reg: 0x00 Val: 0x00000000
[inst #5131] addi x0,x0,0
Register Write to Reg: 0x00 Val: 0x00000000
[inst #5132] addi x0,x0,0
Register Write to Reg: 0x00 Val: 0x00000000
[inst #5133] sw x7,16(x8)
Memory Write to Addr: 0x10010F98 Val: 0x01010101
[inst #5134] lw x28,16(x8)
Register Write to Reg: 0x1C Val: 0x01010101
[inst #5135] addi x0,x0,0
Register Write to Reg: 0x00 Val: 0x00000000
[inst #5136] addi x0,x0,0
Register Write to Reg: 0x00 Val: 0x00000000
[inst #5137] addi x0,x0,0
Register Write to Reg: 0x00 Val: 0x00000000
[inst #5138] lw x7,8(x8)
Register Write to Reg: 0x07 Val: 0x00000001
[inst #5139] addi x0,x0,0
Register Write to Reg: 0x00 Val: 0x00000000
[inst #5140] addi x0,x0,0
Register Write to Reg: 0x00 Val: 0x00000000
[inst #5141] addi x0,x0,0
Register Write to Reg: 0x00 Val: 0x00000000
[inst #5142] and x7,x28,x7
Register Write to Reg: 0x07 Val: 0x00000001
[inst #5143] addi x0,x0,0
Register Write to Reg: 0x00 Val: 0x00000000
[inst #5144] addi x0,x0,0
Register Write to Reg: 0x00 Val: 0x00000000
[inst #5145] addi x0,x0,0
Register Write to Reg: 0x00 Val: 0x00000000
[inst #5146] slt x7,x0,x7
Register Write to Reg: 0x07 Val: 0x00000001
[inst #5147] addi x0,x0,0
Register Write to Reg: 0x00 Val: 0x00000000
[inst #5148] addi x0,x0,0
Register Write to Reg: 0x00 Val: 0x00000000
[inst #5149] addi x0,x0,0
Register Write to Reg: 0x00 Val: 0x00000000
[inst #5150] andi x7,x7,255
Register Write to Reg: 0x07 Val: 0x00000001
[inst #5151] addi x0,x0,0
Register Write to Reg: 0x00 Val: 0x00000000
[inst #5152] addi x0,x0,0
Register Write to Reg: 0x00 Val: 0x00000000
[inst #5153] addi x0,x0,0
Register Write to Reg: 0x00 Val: 0x00000000
[inst #5154] add x2,x0,x8
Register Write to Reg: 0x02 Val: 0x10010F88
[inst #5155] addi x0,x0,0
Register Write to Reg: 0x00 Val: 0x00000000
[inst #5156] addi x0,x0,0
Register Write to Reg: 0x00 Val: 0x00000000
[inst #5157] addi x0,x0,0
Register Write to Reg: 0x00 Val: 0x00000000
[inst #5158] lw x8,28(x2)
Register Write to Reg: 0x08 Val: 0x10010FA8
[inst #5159] addi x0,x0,0
Register Write to Reg: 0x00 Val: 0x00000000
[inst #5160] addi x0,x0,0
Register Write to Reg: 0x00 Val: 0x00000000
[inst #5161] addi x0,x0,0
Register Write to Reg: 0x00 Val: 0x00000000
[inst #5162] addi x2,x2,32
Register Write to Reg: 0x02 Val: 0x10010FA8
[inst #5163] addi x0,x0,0
Register Write to Reg: 0x00 Val: 0x00000000
[inst #5164] addi x0,x0,0
Register Write to Reg: 0x00 Val: 0x00000000
[inst #5165] jalr x0,x1,0
Register Write to Reg: 0x00 Val: 0x00400DD4
[inst #5166] xori x7,x7,1
Register Write to Reg: 0x07 Val: 0x00000000
[inst #5167] addi x0,x0,0
Register Write to Reg: 0x00 Val: 0x00000000
[inst #5168] addi x0,x0,0
Register Write to Reg: 0x00 Val: 0x00000000
[inst #5169] addi x0,x0,0
Register Write to Reg: 0x00 Val: 0x00000000
[inst #5170] andi x7,x7,255
Register Write to Reg: 0x07 Val: 0x00000000
[inst #5171] addi x0,x0,0
Register Write to Reg: 0x00 Val: 0x00000000
[inst #5172] addi x0,x0,0
Register Write to Reg: 0x00 Val: 0x00000000
[inst #5173] addi x0,x0,0
Register Write to Reg: 0x00 Val: 0x00000000
[inst #5174] beq x7,x0,72
[inst #5175] addi x7,x8,28
Register Write to Reg: 0x07 Val: 0x10010FC4
[inst #5176] addi x0,x0,0
Register Write to Reg: 0x00 Val: 0x00000000
[inst #5177] addi x0,x0,0
Register Write to Reg: 0x00 Val: 0x00000000
[inst #5178] addi x0,x0,0
Register Write to Reg: 0x00 Val: 0x00000000
[inst #5179] add x29,x0,x7
Register Write to Reg: 0x1D Val: 0x10010FC4
[inst #5180] addi x0,x0,0
Register Write to Reg: 0x00 Val: 0x00000000
[inst #5181] addi x0,x0,0
Register Write to Reg: 0x00 Val: 0x00000000
[inst #5182] addi x0,x0,0
Register Write to Reg: 0x00 Val: 0x00000000
[inst #5183] auipc x1,0
Register Write to Reg: 0x01 Val: 0x0040030C
[inst #5184] sll x0,x0,x0
Register Write to Reg: 0x00 Val: 0x00000000
[inst #5185] sll x0,x0,x0
Register Write to Reg: 0x00 Val: 0x00000000
[inst #5186] sll x0,x0,x0
Register Write to Reg: 0x00 Val: 0x00000000
[inst #5187] addi x1,x1,44
Register Write to Reg: 0x01 Val: 0x00400338
[inst #5188] addi x0,x0,0
Register Write to Reg: 0x00 Val: 0x00000000
[inst #5189] addi x0,x0,0
Register Write to Reg: 0x00 Val: 0x00000000
[inst #5190] addi x0,x0,0
Register Write to Reg: 0x00 Val: 0x00000000
[inst #5191] jal x0,992
Register Write to Reg: 0x00 Val: 0x00400330
[inst #5192] addi x2,x2,-32
Register Write to Reg: 0x02 Val: 0x10010F88
[inst #5193] addi x0,x0,0
Register Write to Reg: 0x00 Val: 0x00000000
[inst #5194] addi x0,x0,0
Register Write to Reg: 0x00 Val: 0x00000000
[inst #5195] addi x0,x0,0
Register Write to Reg: 0x00 Val: 0x00000000
[inst #5196] sw x1,28(x2)
Memory Write to Addr: 0x10010FA4 Val: 0x00400338
[inst #5197] sw x8,24(x2)
Memory Write to Addr: 0x10010FA0 Val: 0x10010FA8
[inst #5198] addi x0,x0,0
Register Write to Reg: 0x00 Val: 0x00000000
[inst #5199] addi x0,x0,0
Register Write to Reg: 0x00 Val: 0x00000000
[inst #5200] addi x0,x0,0
Register Write to Reg: 0x00 Val: 0x00000000
[inst #5201] add x8,x0,x2
Register Write to Reg: 0x08 Val: 0x10010F88
[inst #5202] addi x0,x0,0
Register Write to Reg: 0x00 Val: 0x00000000
[inst #5203] addi x0,x0,0
Register Write to Reg: 0x00 Val: 0x00000000
[inst #5204] addi x0,x0,0
Register Write to Reg: 0x00 Val: 0x00000000
[inst #5205] sw x29,32(x8)
Memory Write to Addr: 0x10010FA8 Val: 0x10010FC4
[inst #5206] jal x0,300
Register Write to Reg: 0x00 Val: 0x00400748
[inst #5207] lw x7,32(x8)
Register Write to Reg: 0x07 Val: 0x10010FC4
[inst #5208] addi x0,x0,0
Register Write to Reg: 0x00 Val: 0x00000000
[inst #5209] addi x0,x0,0
Register Write to Reg: 0x00 Val: 0x00000000
[inst #5210] addi x0,x0,0
Register Write to Reg: 0x00 Val: 0x00000000
[inst #5211] lw x7,4(x7)
Register Write to Reg: 0x07 Val: 0x00000001
[inst #5212] addi x0,x0,0
Register Write to Reg: 0x00 Val: 0x00000000
[inst #5213] addi x0,x0,0
Register Write to Reg: 0x00 Val: 0x00000000
[inst #5214] addi x0,x0,0
Register Write to Reg: 0x00 Val: 0x00000000
[inst #5215] slti x7,x7,4
Register Write to Reg: 0x07 Val: 0x00000001
[inst #5216] addi x0,x0,0
Register Write to Reg: 0x00 Val: 0x00000000
[inst #5217] addi x0,x0,0
Register Write to Reg: 0x00 Val: 0x00000000
[inst #5218] addi x0,x0,0
Register Write to Reg: 0x00 Val: 0x00000000
[inst #5219] beq x7,x0,24
[inst #5220] addi x0,x0,0
Register Write to Reg: 0x00 Val: 0x00000000
[inst #5221] addi x0,x0,0
Register Write to Reg: 0x00 Val: 0x00000000
[inst #5222] jal x0,-348
Register Write to Reg: 0x00 Val: 0x004008B0
[inst #5223] lw x7,32(x8)
Register Write to Reg: 0x07 Val: 0x10010FC4
[inst #5224] addi x0,x0,0
Register Write to Reg: 0x00 Val: 0x00000000
[inst #5225] addi x0,x0,0
Register Write to Reg: 0x00 Val: 0x00000000
[inst #5226] addi x0,x0,0
Register Write to Reg: 0x00 Val: 0x00000000
[inst #5227] lw x28,0(x7)
Register Write to Reg: 0x1C Val: 0x00000003
[inst #5228] addi x0,x0,0
Register Write to Reg: 0x00 Val: 0x00000000
[inst #5229] addi x0,x0,0
Register Write to Reg: 0x00 Val: 0x00000000
[inst #5230] addi x0,x0,0
Register Write to Reg: 0x00 Val: 0x00000000
[inst #5231] lw x7,32(x8)
Register Write to Reg: 0x07 Val: 0x10010FC4
[inst #5232] addi x0,x0,0
Register Write to Reg: 0x00 Val: 0x00000000
[inst #5233] addi x0,x0,0
Register Write to Reg: 0x00 Val: 0x00000000
[inst #5234] addi x0,x0,0
Register Write to Reg: 0x00 Val: 0x00000000
[inst #5235] lw x7,4(x7)
Register Write to Reg: 0x07 Val: 0x00000001
[inst #5236] addi x0,x0,0
Register Write to Reg: 0x00 Val: 0x00000000
[inst #5237] addi x0,x0,0
Register Write to Reg: 0x00 Val: 0x00000000
[inst #5238] addi x0,x0,0
Register Write to Reg: 0x00 Val: 0x00000000
[inst #5239] add x30,x0,x7
Register Write to Reg: 0x1E Val: 0x00000001
[inst #5240] add x29,x0,x28
Register Write to Reg: 0x1D Val: 0x00000003
[inst #5241] addi x0,x0,0
Register Write to Reg: 0x00 Val: 0x00000000
[inst #5242] addi x0,x0,0
Register Write to Reg: 0x00 Val: 0x00000000
[inst #5243] addi x0,x0,0
Register Write to Reg: 0x00 Val: 0x00000000
[inst #5244] auipc x1,0
Register Write to Reg: 0x01 Val: 0x004007A4
[inst #5245] sll x0,x0,x0
Register Write to Reg: 0x00 Val: 0x00000000
[inst #5246] sll x0,x0,x0
Register Write to Reg: 0x00 Val: 0x00000000
[inst #5247] sll x0,x0,x0
Register Write to Reg: 0x00 Val: 0x00000000
[inst #5248] addi x1,x1,44
Register Write to Reg: 0x01 Val: 0x004007D0
[inst #5249] addi x0,x0,0
Register Write to Reg: 0x00 Val: 0x00000000
[inst #5250] addi x0,x0,0
Register Write to Reg: 0x00 Val: 0x00000000
[inst #5251] addi x0,x0,0
Register Write to Reg: 0x00 Val: 0x00000000
[inst #5252] jal x0,308
Register Write to Reg: 0x00 Val: 0x004007C8
[inst #5253] addi x2,x2,-32
Register Write to Reg: 0x02 Val: 0x10010F68
[inst #5254] addi x0,x0,0
Register Write to Reg: 0x00 Val: 0x00000000
[inst #5255] addi x0,x0,0
Register Write to Reg: 0x00 Val: 0x00000000
[inst #5256] addi x0,x0,0
Register Write to Reg: 0x00 Val: 0x00000000
[inst #5257] sw x8,28(x2)
Memory Write to Addr: 0x10010F84 Val: 0x10010F88
[inst #5258] addi x0,x0,0
Register Write to Reg: 0x00 Val: 0x00000000
[inst #5259] addi x0,x0,0
Register Write to Reg: 0x00 Val: 0x00000000
[inst #5260] addi x0,x0,0
Register Write to Reg: 0x00 Val: 0x00000000
[inst #5261] add x8,x0,x2
Register Write to Reg: 0x08 Val: 0x10010F68
[inst #5262] addi x0,x0,0
Register Write to Reg: 0x00 Val: 0x00000000
[inst #5263] addi x0,x0,0
Register Write to Reg: 0x00 Val: 0x00000000
[inst #5264] addi x0,x0,0
Register Write to Reg: 0x00 Val: 0x00000000
[inst #5265] sw x29,32(x8)
Memory Write to Addr: 0x10010F88 Val: 0x00000003
[inst #5266] sw x30,36(x8)
Memory Write to Addr: 0x10010F8C Val: 0x00000001
[inst #5267] auipc x7,64527
Register Write to Reg: 0x07 Val: 0x1000F930
[inst #5268] sll x0,x0,x0
Register Write to Reg: 0x00 Val: 0x00000000
[inst #5269] sll x0,x0,x0
Register Write to Reg: 0x00 Val: 0x00000000
[inst #5270] sll x0,x0,x0
Register Write to Reg: 0x00 Val: 0x00000000
[inst #5271] addi x7,x7,1764
Register Write to Reg: 0x07 Val: 0x10010014
[inst #5272] addi x0,x0,0
Register Write to Reg: 0x00 Val: 0x00000000
[inst #5273] addi x0,x0,0
Register Write to Reg: 0x00 Val: 0x00000000
[inst #5274] addi x0,x0,0
Register Write to Reg: 0x00 Val: 0x00000000
[inst #5275] lw x28,32(x8)
Register Write to Reg: 0x1C Val: 0x00000003
[inst #5276] addi x0,x0,0
Register Write to Reg: 0x00 Val: 0x00000000
[inst #5277] addi x0,x0,0
Register Write to Reg: 0x00 Val: 0x00000000
[inst #5278] addi x0,x0,0
Register Write to Reg: 0x00 Val: 0x00000000
[inst #5279] slli x28,x28,2
Register Write to Reg: 0x1C Val: 0x0000000C
[inst #5280] addi x0,x0,0
Register Write to Reg: 0x00 Val: 0x00000000
[inst #5281] addi x0,x0,0
Register Write to Reg: 0x00 Val: 0x00000000
[inst #5282] addi x0,x0,0
Register Write to Reg: 0x00 Val: 0x00000000
[inst #5283] add x7,x28,x7
Register Write to Reg: 0x07 Val: 0x10010020
[inst #5284] addi x0,x0,0
Register Write to Reg: 0x00 Val: 0x00000000
[inst #5285] addi x0,x0,0
Register Write to Reg: 0x00 Val: 0x00000000
[inst #5286] addi x0,x0,0
Register Write to Reg: 0x00 Val: 0x00000000
[inst #5287] lw x7,0(x7)
Register Write to Reg: 0x07 Val: 0x00000003
[inst #5288] addi x0,x0,0
Register Write to Reg: 0x00 Val: 0x00000000
[inst #5289] addi x0,x0,0
Register Write to Reg: 0x00 Val: 0x00000000
[inst #5290] addi x0,x0,0
Register Write to Reg: 0x00 Val: 0x00000000
[inst #5291] sw x7,16(x8)
Memory Write to Addr: 0x10010F78 Val: 0x00000003
[inst #5292] addi x7,x0,1
Register Write to Reg: 0x07 Val: 0x00000001
[inst #5293] addi x0,x0,0
Register Write to Reg: 0x00 Val: 0x00000000
[inst #5294] addi x0,x0,0
Register Write to Reg: 0x00 Val: 0x00000000
[inst #5295] addi x0,x0,0
Register Write to Reg: 0x00 Val: 0x00000000
[inst #5296] sw x7,8(x8)
Memory Write to Addr: 0x10010F70 Val: 0x00000001
[inst #5297] sw x0,12(x8)
Memory Write to Addr: 0x10010F74 Val: 0x00000000
[inst #5298] jal x0,84
Register Write to Reg: 0x00 Val: 0x004009B0
[inst #5299] lw x28,12(x8)
Register Write to Reg: 0x1C Val: 0x00000000
[inst #5300] lw x7,36(x8)
Register Write to Reg: 0x07 Val: 0x00000001
[inst #5301] addi x0,x0,0
Register Write to Reg: 0x00 Val: 0x00000000
[inst #5302] addi x0,x0,0
Register Write to Reg: 0x00 Val: 0x00000000
[inst #5303] addi x0,x0,0
Register Write to Reg: 0x00 Val: 0x00000000
[inst #5304] slt x7,x28,x7
Register Write to Reg: 0x07 Val: 0x00000001
[inst #5305] addi x0,x0,0
Register Write to Reg: 0x00 Val: 0x00000000
[inst #5306] addi x0,x0,0
Register Write to Reg: 0x00 Val: 0x00000000
[inst #5307] addi x0,x0,0
Register Write to Reg: 0x00 Val: 0x00000000
[inst #5308] beq x7,x0,24
[inst #5309] addi x0,x0,0
Register Write to Reg: 0x00 Val: 0x00000000
[inst #5310] addi x0,x0,0
Register Write to Reg: 0x00 Val: 0x00000000
[inst #5311] jal x0,-120
Register Write to Reg: 0x00 Val: 0x00400A34
[inst #5312] lw x7,8(x8)
Register Write to Reg: 0x07 Val: 0x00000001
[inst #5313] addi x0,x0,0
Register Write to Reg: 0x00 Val: 0x00000000
[inst #5314] addi x0,x0,0
Register Write to Reg: 0x00 Val: 0x00000000
[inst #5315] addi x0,x0,0
Register Write to Reg: 0x00 Val: 0x00000000
[inst #5316] slli x7,x7,1
Register Write to Reg: 0x07 Val: 0x00000002
[inst #5317] addi x0,x0,0
Register Write to Reg: 0x00 Val: 0x00000000
[inst #5318] addi x0,x0,0
Register Write to Reg: 0x00 Val: 0x00000000
[inst #5319] addi x0,x0,0
Register Write to Reg: 0x00 Val: 0x00000000
[inst #5320] sw x7,8(x8)
Memory Write to Addr: 0x10010F70 Val: 0x00000002
[inst #5321] lw x7,12(x8)
Register Write to Reg: 0x07 Val: 0x00000000
[inst #5322] addi x0,x0,0
Register Write to Reg: 0x00 Val: 0x00000000
[inst #5323] addi x0,x0,0
Register Write to Reg: 0x00 Val: 0x00000000
[inst #5324] addi x0,x0,0
Register Write to Reg: 0x00 Val: 0x00000000
[inst #5325] addi x7,x7,1
Register Write to Reg: 0x07 Val: 0x00000001
[inst #5326] addi x0,x0,0
Register Write to Reg: 0x00 Val: 0x00000000
[inst #5327] addi x0,x0,0
Register Write to Reg: 0x00 Val: 0x00000000
[inst #5328] addi x0,x0,0
Register Write to Reg: 0x00 Val: 0x00000000
[inst #5329] sw x7,12(x8)
Memory Write to Addr: 0x10010F74 Val: 0x00000001
[inst #5330] lw x28,12(x8)
Register Write to Reg: 0x1C Val: 0x00000001
[inst #5331] lw x7,36(x8)
Register Write to Reg: 0x07 Val: 0x00000001
[inst #5332] addi x0,x0,0
Register Write to Reg: 0x00 Val: 0x00000000
[inst #5333] addi x0,x0,0
Register Write to Reg: 0x00 Val: 0x00000000
[inst #5334] addi x0,x0,0
Register Write to Reg: 0x00 Val: 0x00000000
[inst #5335] slt x7,x28,x7
Register Write to Reg: 0x07 Val: 0x00000000
[inst #5336] addi x0,x0,0
Register Write to Reg: 0x00 Val: 0x00000000
[inst #5337] addi x0,x0,0
Register Write to Reg: 0x00 Val: 0x00000000
[inst #5338] addi x0,x0,0
Register Write to Reg: 0x00 Val: 0x00000000
[inst #5339] beq x7,x0,24
[inst #5340] lw x28,8(x8)
Register Write to Reg: 0x1C Val: 0x00000002
[inst #5341] lw x7,16(x8)
Register Write to Reg: 0x07 Val: 0x00000003
[inst #5342] addi x0,x0,0
Register Write to Reg: 0x00 Val: 0x00000000
[inst #5343] addi x0,x0,0
Register Write to Reg: 0x00 Val: 0x00000000
[inst #5344] addi x0,x0,0
Register Write to Reg: 0x00 Val: 0x00000000
[inst #5345] and x7,x28,x7
Register Write to Reg: 0x07 Val: 0x00000002
[inst #5346] addi x0,x0,0
Register Write to Reg: 0x00 Val: 0x00000000
[inst #5347] addi x0,x0,0
Register Write to Reg: 0x00 Val: 0x00000000
[inst #5348] addi x0,x0,0
Register Write to Reg: 0x00 Val: 0x00000000
[inst #5349] slt x7,x0,x7
Register Write to Reg: 0x07 Val: 0x00000001
[inst #5350] addi x0,x0,0
Register Write to Reg: 0x00 Val: 0x00000000
[inst #5351] addi x0,x0,0
Register Write to Reg: 0x00 Val: 0x00000000
[inst #5352] addi x0,x0,0
Register Write to Reg: 0x00 Val: 0x00000000
[inst #5353] andi x7,x7,255
Register Write to Reg: 0x07 Val: 0x00000001
[inst #5354] addi x0,x0,0
Register Write to Reg: 0x00 Val: 0x00000000
[inst #5355] addi x0,x0,0
Register Write to Reg: 0x00 Val: 0x00000000
[inst #5356] addi x0,x0,0
Register Write to Reg: 0x00 Val: 0x00000000
[inst #5357] add x2,x0,x8
Register Write to Reg: 0x02 Val: 0x10010F68
[inst #5358] addi x0,x0,0
Register Write to Reg: 0x00 Val: 0x00000000
[inst #5359] addi x0,x0,0
Register Write to Reg: 0x00 Val: 0x00000000
[inst #5360] addi x0,x0,0
Register Write to Reg: 0x00 Val: 0x00000000
[inst #5361] lw x8,28(x2)
Register Write to Reg: 0x08 Val: 0x10010F88
[inst #5362] addi x0,x0,0
Register Write to Reg: 0x00 Val: 0x00000000
[inst #5363] addi x0,x0,0
Register Write to Reg: 0x00 Val: 0x00000000
[inst #5364] addi x0,x0,0
Register Write to Reg: 0x00 Val: 0x00000000
[inst #5365] addi x2,x2,32
Register Write to Reg: 0x02 Val: 0x10010F88
[inst #5366] addi x0,x0,0
Register Write to Reg: 0x00 Val: 0x00000000
[inst #5367] addi x0,x0,0
Register Write to Reg: 0x00 Val: 0x00000000
[inst #5368] jalr x0,x1,0
Register Write to Reg: 0x00 Val: 0x00400AB0
[inst #5369] beq x7,x0,92
[inst #5370] addi x0,x0,0
Register Write to Reg: 0x00 Val: 0x00000000
[inst #5371] addi x0,x0,0
Register Write to Reg: 0x00 Val: 0x00000000
[inst #5372] lw x7,32(x8)
Register Write to Reg: 0x07 Val: 0x10010FC4
[inst #5373] addi x0,x0,0
Register Write to Reg: 0x00 Val: 0x00000000
[inst #5374] addi x0,x0,0
Register Write to Reg: 0x00 Val: 0x00000000
[inst #5375] addi x0,x0,0
Register Write to Reg: 0x00 Val: 0x00000000
[inst #5376] lw x7,4(x7)
Register Write to Reg: 0x07 Val: 0x00000001
[inst #5377] addi x0,x0,0
Register Write to Reg: 0x00 Val: 0x00000000
[inst #5378] addi x0,x0,0
Register Write to Reg: 0x00 Val: 0x00000000
[inst #5379] addi x0,x0,0
Register Write to Reg: 0x00 Val: 0x00000000
[inst #5380] addi x29,x7,1
Register Write to Reg: 0x1D Val: 0x00000002
[inst #5381] addi x0,x0,0
Register Write to Reg: 0x00 Val: 0x00000000
[inst #5382] addi x0,x0,0
Register Write to Reg: 0x00 Val: 0x00000000
[inst #5383] addi x0,x0,0
Register Write to Reg: 0x00 Val: 0x00000000
[inst #5384] lw x28,32(x8)
Register Write to Reg: 0x1C Val: 0x10010FC4
[inst #5385] addi x0,x0,0
Register Write to Reg: 0x00 Val: 0x00000000
[inst #5386] addi x0,x0,0
Register Write to Reg: 0x00 Val: 0x00000000
[inst #5387] addi x0,x0,0
Register Write to Reg: 0x00 Val: 0x00000000
[inst #5388] sw x29,4(x28)
Memory Write to Addr: 0x10010FC8 Val: 0x00000002
[inst #5389] jal x0,156
Register Write to Reg: 0x00 Val: 0x00400824
[inst #5390] add x2,x0,x8
Register Write to Reg: 0x02 Val: 0x10010F88
[inst #5391] addi x0,x0,0
Register Write to Reg: 0x00 Val: 0x00000000
[inst #5392] addi x0,x0,0
Register Write to Reg: 0x00 Val: 0x00000000
[inst #5393] addi x0,x0,0
Register Write to Reg: 0x00 Val: 0x00000000
[inst #5394] lw x1,28(x2)
Register Write to Reg: 0x01 Val: 0x00400338
[inst #5395] lw x8,24(x2)
Register Write to Reg: 0x08 Val: 0x10010FA8
[inst #5396] addi x0,x0,0
Register Write to Reg: 0x00 Val: 0x00000000
[inst #5397] addi x0,x0,0
Register Write to Reg: 0x00 Val: 0x00000000
[inst #5398] addi x0,x0,0
Register Write to Reg: 0x00 Val: 0x00000000
[inst #5399] addi x2,x2,32
Register Write to Reg: 0x02 Val: 0x10010FA8
[inst #5400] addi x0,x0,0
Register Write to Reg: 0x00 Val: 0x00000000
[inst #5401] addi x0,x0,0
Register Write to Reg: 0x00 Val: 0x00000000
[inst #5402] jalr x0,x1,0
Register Write to Reg: 0x00 Val: 0x004008F0
[inst #5403] sw x7,24(x8)
Memory Write to Addr: 0x10010FC0 Val: 0x00000001
[inst #5404] lw x28,24(x8)
Register Write to Reg: 0x1C Val: 0x00000001
[inst #5405] addi x0,x0,0
Register Write to Reg: 0x00 Val: 0x00000000
[inst #5406] addi x0,x0,0
Register Write to Reg: 0x00 Val: 0x00000000
[inst #5407] addi x0,x0,0
Register Write to Reg: 0x00 Val: 0x00000000
[inst #5408] addi x7,x0,-1
Register Write to Reg: 0x07 Val: 0xFFFFFFFF
[inst #5409] addi x0,x0,0
Register Write to Reg: 0x00 Val: 0x00000000
[inst #5410] addi x0,x0,0
Register Write to Reg: 0x00 Val: 0x00000000
[inst #5411] beq x28,x7,24
[inst #5412] addi x0,x0,0
Register Write to Reg: 0x00 Val: 0x00000000
[inst #5413] addi x0,x0,0
Register Write to Reg: 0x00 Val: 0x00000000
[inst #5414] jal x0,-284
Register Write to Reg: 0x00 Val: 0x00400368
[inst #5415] lw x29,24(x8)
Register Write to Reg: 0x1D Val: 0x00000001
[inst #5416] addi x0,x0,0
Register Write to Reg: 0x00 Val: 0x00000000
[inst #5417] addi x0,x0,0
Register Write to Reg: 0x00 Val: 0x00000000
[inst #5418] addi x0,x0,0
Register Write to Reg: 0x00 Val: 0x00000000
[inst #5419] auipc x1,0
Register Write to Reg: 0x01 Val: 0x00400258
[inst #5420] sll x0,x0,x0
Register Write to Reg: 0x00 Val: 0x00000000
[inst #5421] sll x0,x0,x0
Register Write to Reg: 0x00 Val: 0x00000000
[inst #5422] sll x0,x0,x0
Register Write to Reg: 0x00 Val: 0x00000000
[inst #5423] addi x1,x1,44
Register Write to Reg: 0x01 Val: 0x00400284
[inst #5424] addi x0,x0,0
Register Write to Reg: 0x00 Val: 0x00000000
[inst #5425] addi x0,x0,0
Register Write to Reg: 0x00 Val: 0x00000000
[inst #5426] addi x0,x0,0
Register Write to Reg: 0x00 Val: 0x00000000
[inst #5427] jal x0,2508
Register Write to Reg: 0x00 Val: 0x0040027C
[inst #5428] addi x2,x2,-32
Register Write to Reg: 0x02 Val: 0x10010F88
[inst #5429] addi x0,x0,0
Register Write to Reg: 0x00 Val: 0x00000000
[inst #5430] addi x0,x0,0
Register Write to Reg: 0x00 Val: 0x00000000
[inst #5431] addi x0,x0,0
Register Write to Reg: 0x00 Val: 0x00000000
[inst #5432] sw x8,28(x2)
Memory Write to Addr: 0x10010FA4 Val: 0x10010FA8
[inst #5433] addi x0,x0,0
Register Write to Reg: 0x00 Val: 0x00000000
[inst #5434] addi x0,x0,0
Register Write to Reg: 0x00 Val: 0x00000000
[inst #5435] addi x0,x0,0
Register Write to Reg: 0x00 Val: 0x00000000
[inst #5436] add x8,x0,x2
Register Write to Reg: 0x08 Val: 0x10010F88
[inst #5437] addi x0,x0,0
Register Write to Reg: 0x00 Val: 0x00000000
[inst #5438] addi x0,x0,0
Register Write to Reg: 0x00 Val: 0x00000000
[inst #5439] addi x0,x0,0
Register Write to Reg: 0x00 Val: 0x00000000
[inst #5440] sw x29,32(x8)
Memory Write to Addr: 0x10010FA8 Val: 0x00000001
[inst #5441] ori x7,x0,1
Register Write to Reg: 0x07 Val: 0x00000001
[inst #5442] addi x0,x0,0
Register Write to Reg: 0x00 Val: 0x00000000
[inst #5443] addi x0,x0,0
Register Write to Reg: 0x00 Val: 0x00000000
[inst #5444] addi x0,x0,0
Register Write to Reg: 0x00 Val: 0x00000000
[inst #5445] sw x7,8(x8)
Memory Write to Addr: 0x10010F90 Val: 0x00000001
[inst #5446] sw x0,12(x8)
Memory Write to Addr: 0x10010F94 Val: 0x00000000
[inst #5447] jal x0,84
Register Write to Reg: 0x00 Val: 0x00400C94
[inst #5448] lw x28,12(x8)
Register Write to Reg: 0x1C Val: 0x00000000
[inst #5449] lw x7,32(x8)
Register Write to Reg: 0x07 Val: 0x00000001
[inst #5450] addi x0,x0,0
Register Write to Reg: 0x00 Val: 0x00000000
[inst #5451] addi x0,x0,0
Register Write to Reg: 0x00 Val: 0x00000000
[inst #5452] addi x0,x0,0
Register Write to Reg: 0x00 Val: 0x00000000
[inst #5453] slt x7,x28,x7
Register Write to Reg: 0x07 Val: 0x00000001
[inst #5454] addi x0,x0,0
Register Write to Reg: 0x00 Val: 0x00000000
[inst #5455] addi x0,x0,0
Register Write to Reg: 0x00 Val: 0x00000000
[inst #5456] addi x0,x0,0
Register Write to Reg: 0x00 Val: 0x00000000
[inst #5457] beq x7,x0,24
[inst #5458] addi x0,x0,0
Register Write to Reg: 0x00 Val: 0x00000000
[inst #5459] addi x0,x0,0
Register Write to Reg: 0x00 Val: 0x00000000
[inst #5460] jal x0,-120
Register Write to Reg: 0x00 Val: 0x00400D18
[inst #5461] lw x7,8(x8)
Register Write to Reg: 0x07 Val: 0x00000001
[inst #5462] addi x0,x0,0
Register Write to Reg: 0x00 Val: 0x00000000
[inst #5463] addi x0,x0,0
Register Write to Reg: 0x00 Val: 0x00000000
[inst #5464] addi x0,x0,0
Register Write to Reg: 0x00 Val: 0x00000000
[inst #5465] slli x7,x7,8
Register Write to Reg: 0x07 Val: 0x00000100
[inst #5466] addi x0,x0,0
Register Write to Reg: 0x00 Val: 0x00000000
[inst #5467] addi x0,x0,0
Register Write to Reg: 0x00 Val: 0x00000000
[inst #5468] addi x0,x0,0
Register Write to Reg: 0x00 Val: 0x00000000
[inst #5469] sw x7,8(x8)
Memory Write to Addr: 0x10010F90 Val: 0x00000100
[inst #5470] lw x7,12(x8)
Register Write to Reg: 0x07 Val: 0x00000000
[inst #5471] addi x0,x0,0
Register Write to Reg: 0x00 Val: 0x00000000
[inst #5472] addi x0,x0,0
Register Write to Reg: 0x00 Val: 0x00000000
[inst #5473] addi x0,x0,0
Register Write to Reg: 0x00 Val: 0x00000000
[inst #5474] addi x7,x7,1
Register Write to Reg: 0x07 Val: 0x00000001
[inst #5475] addi x0,x0,0
Register Write to Reg: 0x00 Val: 0x00000000
[inst #5476] addi x0,x0,0
Register Write to Reg: 0x00 Val: 0x00000000
[inst #5477] addi x0,x0,0
Register Write to Reg: 0x00 Val: 0x00000000
[inst #5478] sw x7,12(x8)
Memory Write to Addr: 0x10010F94 Val: 0x00000001
[inst #5479] lw x28,12(x8)
Register Write to Reg: 0x1C Val: 0x00000001
[inst #5480] lw x7,32(x8)
Register Write to Reg: 0x07 Val: 0x00000001
[inst #5481] addi x0,x0,0
Register Write to Reg: 0x00 Val: 0x00000000
[inst #5482] addi x0,x0,0
Register Write to Reg: 0x00 Val: 0x00000000
[inst #5483] addi x0,x0,0
Register Write to Reg: 0x00 Val: 0x00000000
[inst #5484] slt x7,x28,x7
Register Write to Reg: 0x07 Val: 0x00000000
[inst #5485] addi x0,x0,0
Register Write to Reg: 0x00 Val: 0x00000000
[inst #5486] addi x0,x0,0
Register Write to Reg: 0x00 Val: 0x00000000
[inst #5487] addi x0,x0,0
Register Write to Reg: 0x00 Val: 0x00000000
[inst #5488] beq x7,x0,24
[inst #5489] auipc x7,64527
Register Write to Reg: 0x07 Val: 0x1000FD20
[inst #5490] sll x0,x0,x0
Register Write to Reg: 0x00 Val: 0x00000000
[inst #5491] sll x0,x0,x0
Register Write to Reg: 0x00 Val: 0x00000000
[inst #5492] sll x0,x0,x0
Register Write to Reg: 0x00 Val: 0x00000000
[inst #5493] addi x7,x7,772
Register Write to Reg: 0x07 Val: 0x10010024
[inst #5494] addi x0,x0,0
Register Write to Reg: 0x00 Val: 0x00000000
[inst #5495] addi x0,x0,0
Register Write to Reg: 0x00 Val: 0x00000000
[inst #5496] addi x0,x0,0
Register Write to Reg: 0x00 Val: 0x00000000
[inst #5497] lw x7,0(x7)
Register Write to Reg: 0x07 Val: 0x01010101
[inst #5498] addi x0,x0,0
Register Write to Reg: 0x00 Val: 0x00000000
[inst #5499] addi x0,x0,0
Register Write to Reg: 0x00 Val: 0x00000000
[inst #5500] addi x0,x0,0
Register Write to Reg: 0x00 Val: 0x00000000
[inst #5501] sw x7,16(x8)
Memory Write to Addr: 0x10010F98 Val: 0x01010101
[inst #5502] lw x28,16(x8)
Register Write to Reg: 0x1C Val: 0x01010101
[inst #5503] addi x0,x0,0
Register Write to Reg: 0x00 Val: 0x00000000
[inst #5504] addi x0,x0,0
Register Write to Reg: 0x00 Val: 0x00000000
[inst #5505] addi x0,x0,0
Register Write to Reg: 0x00 Val: 0x00000000
[inst #5506] lw x7,8(x8)
Register Write to Reg: 0x07 Val: 0x00000100
[inst #5507] addi x0,x0,0
Register Write to Reg: 0x00 Val: 0x00000000
[inst #5508] addi x0,x0,0
Register Write to Reg: 0x00 Val: 0x00000000
[inst #5509] addi x0,x0,0
Register Write to Reg: 0x00 Val: 0x00000000
[inst #5510] and x7,x28,x7
Register Write to Reg: 0x07 Val: 0x00000100
[inst #5511] addi x0,x0,0
Register Write to Reg: 0x00 Val: 0x00000000
[inst #5512] addi x0,x0,0
Register Write to Reg: 0x00 Val: 0x00000000
[inst #5513] addi x0,x0,0
Register Write to Reg: 0x00 Val: 0x00000000
[inst #5514] slt x7,x0,x7
Register Write to Reg: 0x07 Val: 0x00000001
[inst #5515] addi x0,x0,0
Register Write to Reg: 0x00 Val: 0x00000000
[inst #5516] addi x0,x0,0
Register Write to Reg: 0x00 Val: 0x00000000
[inst #5517] addi x0,x0,0
Register Write to Reg: 0x00 Val: 0x00000000
[inst #5518] andi x7,x7,255
Register Write to Reg: 0x07 Val: 0x00000001
[inst #5519] addi x0,x0,0
Register Write to Reg: 0x00 Val: 0x00000000
[inst #5520] addi x0,x0,0
Register Write to Reg: 0x00 Val: 0x00000000
[inst #5521] addi x0,x0,0
Register Write to Reg: 0x00 Val: 0x00000000
[inst #5522] add x2,x0,x8
Register Write to Reg: 0x02 Val: 0x10010F88
[inst #5523] addi x0,x0,0
Register Write to Reg: 0x00 Val: 0x00000000
[inst #5524] addi x0,x0,0
Register Write to Reg: 0x00 Val: 0x00000000
[inst #5525] addi x0,x0,0
Register Write to Reg: 0x00 Val: 0x00000000
[inst #5526] lw x8,28(x2)
Register Write to Reg: 0x08 Val: 0x10010FA8
[inst #5527] addi x0,x0,0
Register Write to Reg: 0x00 Val: 0x00000000
[inst #5528] addi x0,x0,0
Register Write to Reg: 0x00 Val: 0x00000000
[inst #5529] addi x0,x0,0
Register Write to Reg: 0x00 Val: 0x00000000
[inst #5530] addi x2,x2,32
Register Write to Reg: 0x02 Val: 0x10010FA8
[inst #5531] addi x0,x0,0
Register Write to Reg: 0x00 Val: 0x00000000
[inst #5532] addi x0,x0,0
Register Write to Reg: 0x00 Val: 0x00000000
[inst #5533] jalr x0,x1,0
Register Write to Reg: 0x00 Val: 0x00400DD4
[inst #5534] xori x7,x7,1
Register Write to Reg: 0x07 Val: 0x00000000
[inst #5535] addi x0,x0,0
Register Write to Reg: 0x00 Val: 0x00000000
[inst #5536] addi x0,x0,0
Register Write to Reg: 0x00 Val: 0x00000000
[inst #5537] addi x0,x0,0
Register Write to Reg: 0x00 Val: 0x00000000
[inst #5538] andi x7,x7,255
Register Write to Reg: 0x07 Val: 0x00000000
[inst #5539] addi x0,x0,0
Register Write to Reg: 0x00 Val: 0x00000000
[inst #5540] addi x0,x0,0
Register Write to Reg: 0x00 Val: 0x00000000
[inst #5541] addi x0,x0,0
Register Write to Reg: 0x00 Val: 0x00000000
[inst #5542] beq x7,x0,72
[inst #5543] addi x7,x8,28
Register Write to Reg: 0x07 Val: 0x10010FC4
[inst #5544] addi x0,x0,0
Register Write to Reg: 0x00 Val: 0x00000000
[inst #5545] addi x0,x0,0
Register Write to Reg: 0x00 Val: 0x00000000
[inst #5546] addi x0,x0,0
Register Write to Reg: 0x00 Val: 0x00000000
[inst #5547] add x29,x0,x7
Register Write to Reg: 0x1D Val: 0x10010FC4
[inst #5548] addi x0,x0,0
Register Write to Reg: 0x00 Val: 0x00000000
[inst #5549] addi x0,x0,0
Register Write to Reg: 0x00 Val: 0x00000000
[inst #5550] addi x0,x0,0
Register Write to Reg: 0x00 Val: 0x00000000
[inst #5551] auipc x1,0
Register Write to Reg: 0x01 Val: 0x0040030C
[inst #5552] sll x0,x0,x0
Register Write to Reg: 0x00 Val: 0x00000000
[inst #5553] sll x0,x0,x0
Register Write to Reg: 0x00 Val: 0x00000000
[inst #5554] sll x0,x0,x0
Register Write to Reg: 0x00 Val: 0x00000000
[inst #5555] addi x1,x1,44
Register Write to Reg: 0x01 Val: 0x00400338
[inst #5556] addi x0,x0,0
Register Write to Reg: 0x00 Val: 0x00000000
[inst #5557] addi x0,x0,0
Register Write to Reg: 0x00 Val: 0x00000000
[inst #5558] addi x0,x0,0
Register Write to Reg: 0x00 Val: 0x00000000
[inst #5559] jal x0,992
Register Write to Reg: 0x00 Val: 0x00400330
[inst #5560] addi x2,x2,-32
Register Write to Reg: 0x02 Val: 0x10010F88
[inst #5561] addi x0,x0,0
Register Write to Reg: 0x00 Val: 0x00000000
[inst #5562] addi x0,x0,0
Register Write to Reg: 0x00 Val: 0x00000000
[inst #5563] addi x0,x0,0
Register Write to Reg: 0x00 Val: 0x00000000
[inst #5564] sw x1,28(x2)
Memory Write to Addr: 0x10010FA4 Val: 0x00400338
[inst #5565] sw x8,24(x2)
Memory Write to Addr: 0x10010FA0 Val: 0x10010FA8
[inst #5566] addi x0,x0,0
Register Write to Reg: 0x00 Val: 0x00000000
[inst #5567] addi x0,x0,0
Register Write to Reg: 0x00 Val: 0x00000000
[inst #5568] addi x0,x0,0
Register Write to Reg: 0x00 Val: 0x00000000
[inst #5569] add x8,x0,x2
Register Write to Reg: 0x08 Val: 0x10010F88
[inst #5570] addi x0,x0,0
Register Write to Reg: 0x00 Val: 0x00000000
[inst #5571] addi x0,x0,0
Register Write to Reg: 0x00 Val: 0x00000000
[inst #5572] addi x0,x0,0
Register Write to Reg: 0x00 Val: 0x00000000
[inst #5573] sw x29,32(x8)
Memory Write to Addr: 0x10010FA8 Val: 0x10010FC4
[inst #5574] jal x0,300
Register Write to Reg: 0x00 Val: 0x00400748
[inst #5575] lw x7,32(x8)
Register Write to Reg: 0x07 Val: 0x10010FC4
[inst #5576] addi x0,x0,0
Register Write to Reg: 0x00 Val: 0x00000000
[inst #5577] addi x0,x0,0
Register Write to Reg: 0x00 Val: 0x00000000
[inst #5578] addi x0,x0,0
Register Write to Reg: 0x00 Val: 0x00000000
[inst #5579] lw x7,4(x7)
Register Write to Reg: 0x07 Val: 0x00000002
[inst #5580] addi x0,x0,0
Register Write to Reg: 0x00 Val: 0x00000000
[inst #5581] addi x0,x0,0
Register Write to Reg: 0x00 Val: 0x00000000
[inst #5582] addi x0,x0,0
Register Write to Reg: 0x00 Val: 0x00000000
[inst #5583] slti x7,x7,4
Register Write to Reg: 0x07 Val: 0x00000001
[inst #5584] addi x0,x0,0
Register Write to Reg: 0x00 Val: 0x00000000
[inst #5585] addi x0,x0,0
Register Write to Reg: 0x00 Val: 0x00000000
[inst #5586] addi x0,x0,0
Register Write to Reg: 0x00 Val: 0x00000000
[inst #5587] beq x7,x0,24
[inst #5588] addi x0,x0,0
Register Write to Reg: 0x00 Val: 0x00000000
[inst #5589] addi x0,x0,0
Register Write to Reg: 0x00 Val: 0x00000000
[inst #5590] jal x0,-348
Register Write to Reg: 0x00 Val: 0x004008B0
[inst #5591] lw x7,32(x8)
Register Write to Reg: 0x07 Val: 0x10010FC4
[inst #5592] addi x0,x0,0
Register Write to Reg: 0x00 Val: 0x00000000
[inst #5593] addi x0,x0,0
Register Write to Reg: 0x00 Val: 0x00000000
[inst #5594] addi x0,x0,0
Register Write to Reg: 0x00 Val: 0x00000000
[inst #5595] lw x28,0(x7)
Register Write to Reg: 0x1C Val: 0x00000003
[inst #5596] addi x0,x0,0
Register Write to Reg: 0x00 Val: 0x00000000
[inst #5597] addi x0,x0,0
Register Write to Reg: 0x00 Val: 0x00000000
[inst #5598] addi x0,x0,0
Register Write to Reg: 0x00 Val: 0x00000000
[inst #5599] lw x7,32(x8)
Register Write to Reg: 0x07 Val: 0x10010FC4
[inst #5600] addi x0,x0,0
Register Write to Reg: 0x00 Val: 0x00000000
[inst #5601] addi x0,x0,0
Register Write to Reg: 0x00 Val: 0x00000000
[inst #5602] addi x0,x0,0
Register Write to Reg: 0x00 Val: 0x00000000
[inst #5603] lw x7,4(x7)
Register Write to Reg: 0x07 Val: 0x00000002
[inst #5604] addi x0,x0,0
Register Write to Reg: 0x00 Val: 0x00000000
[inst #5605] addi x0,x0,0
Register Write to Reg: 0x00 Val: 0x00000000
[inst #5606] addi x0,x0,0
Register Write to Reg: 0x00 Val: 0x00000000
[inst #5607] add x30,x0,x7
Register Write to Reg: 0x1E Val: 0x00000002
[inst #5608] add x29,x0,x28
Register Write to Reg: 0x1D Val: 0x00000003
[inst #5609] addi x0,x0,0
Register Write to Reg: 0x00 Val: 0x00000000
[inst #5610] addi x0,x0,0
Register Write to Reg: 0x00 Val: 0x00000000
[inst #5611] addi x0,x0,0
Register Write to Reg: 0x00 Val: 0x00000000
[inst #5612] auipc x1,0
Register Write to Reg: 0x01 Val: 0x004007A4
[inst #5613] sll x0,x0,x0
Register Write to Reg: 0x00 Val: 0x00000000
[inst #5614] sll x0,x0,x0
Register Write to Reg: 0x00 Val: 0x00000000
[inst #5615] sll x0,x0,x0
Register Write to Reg: 0x00 Val: 0x00000000
[inst #5616] addi x1,x1,44
Register Write to Reg: 0x01 Val: 0x004007D0
[inst #5617] addi x0,x0,0
Register Write to Reg: 0x00 Val: 0x00000000
[inst #5618] addi x0,x0,0
Register Write to Reg: 0x00 Val: 0x00000000
[inst #5619] addi x0,x0,0
Register Write to Reg: 0x00 Val: 0x00000000
[inst #5620] jal x0,308
Register Write to Reg: 0x00 Val: 0x004007C8
[inst #5621] addi x2,x2,-32
Register Write to Reg: 0x02 Val: 0x10010F68
[inst #5622] addi x0,x0,0
Register Write to Reg: 0x00 Val: 0x00000000
[inst #5623] addi x0,x0,0
Register Write to Reg: 0x00 Val: 0x00000000
[inst #5624] addi x0,x0,0
Register Write to Reg: 0x00 Val: 0x00000000
[inst #5625] sw x8,28(x2)
Memory Write to Addr: 0x10010F84 Val: 0x10010F88
[inst #5626] addi x0,x0,0
Register Write to Reg: 0x00 Val: 0x00000000
[inst #5627] addi x0,x0,0
Register Write to Reg: 0x00 Val: 0x00000000
[inst #5628] addi x0,x0,0
Register Write to Reg: 0x00 Val: 0x00000000
[inst #5629] add x8,x0,x2
Register Write to Reg: 0x08 Val: 0x10010F68
[inst #5630] addi x0,x0,0
Register Write to Reg: 0x00 Val: 0x00000000
[inst #5631] addi x0,x0,0
Register Write to Reg: 0x00 Val: 0x00000000
[inst #5632] addi x0,x0,0
Register Write to Reg: 0x00 Val: 0x00000000
[inst #5633] sw x29,32(x8)
Memory Write to Addr: 0x10010F88 Val: 0x00000003
[inst #5634] sw x30,36(x8)
Memory Write to Addr: 0x10010F8C Val: 0x00000002
[inst #5635] auipc x7,64527
Register Write to Reg: 0x07 Val: 0x1000F930
[inst #5636] sll x0,x0,x0
Register Write to Reg: 0x00 Val: 0x00000000
[inst #5637] sll x0,x0,x0
Register Write to Reg: 0x00 Val: 0x00000000
[inst #5638] sll x0,x0,x0
Register Write to Reg: 0x00 Val: 0x00000000
[inst #5639] addi x7,x7,1764
Register Write to Reg: 0x07 Val: 0x10010014
[inst #5640] addi x0,x0,0
Register Write to Reg: 0x00 Val: 0x00000000
[inst #5641] addi x0,x0,0
Register Write to Reg: 0x00 Val: 0x00000000
[inst #5642] addi x0,x0,0
Register Write to Reg: 0x00 Val: 0x00000000
[inst #5643] lw x28,32(x8)
Register Write to Reg: 0x1C Val: 0x00000003
[inst #5644] addi x0,x0,0
Register Write to Reg: 0x00 Val: 0x00000000
[inst #5645] addi x0,x0,0
Register Write to Reg: 0x00 Val: 0x00000000
[inst #5646] addi x0,x0,0
Register Write to Reg: 0x00 Val: 0x00000000
[inst #5647] slli x28,x28,2
Register Write to Reg: 0x1C Val: 0x0000000C
[inst #5648] addi x0,x0,0
Register Write to Reg: 0x00 Val: 0x00000000
[inst #5649] addi x0,x0,0
Register Write to Reg: 0x00 Val: 0x00000000
[inst #5650] addi x0,x0,0
Register Write to Reg: 0x00 Val: 0x00000000
[inst #5651] add x7,x28,x7
Register Write to Reg: 0x07 Val: 0x10010020
[inst #5652] addi x0,x0,0
Register Write to Reg: 0x00 Val: 0x00000000
[inst #5653] addi x0,x0,0
Register Write to Reg: 0x00 Val: 0x00000000
[inst #5654] addi x0,x0,0
Register Write to Reg: 0x00 Val: 0x00000000
[inst #5655] lw x7,0(x7)
Register Write to Reg: 0x07 Val: 0x00000003
[inst #5656] addi x0,x0,0
Register Write to Reg: 0x00 Val: 0x00000000
[inst #5657] addi x0,x0,0
Register Write to Reg: 0x00 Val: 0x00000000
[inst #5658] addi x0,x0,0
Register Write to Reg: 0x00 Val: 0x00000000
[inst #5659] sw x7,16(x8)
Memory Write to Addr: 0x10010F78 Val: 0x00000003
[inst #5660] addi x7,x0,1
Register Write to Reg: 0x07 Val: 0x00000001
[inst #5661] addi x0,x0,0
Register Write to Reg: 0x00 Val: 0x00000000
[inst #5662] addi x0,x0,0
Register Write to Reg: 0x00 Val: 0x00000000
[inst #5663] addi x0,x0,0
Register Write to Reg: 0x00 Val: 0x00000000
[inst #5664] sw x7,8(x8)
Memory Write to Addr: 0x10010F70 Val: 0x00000001
[inst #5665] sw x0,12(x8)
Memory Write to Addr: 0x10010F74 Val: 0x00000000
[inst #5666] jal x0,84
Register Write to Reg: 0x00 Val: 0x004009B0
[inst #5667] lw x28,12(x8)
Register Write to Reg: 0x1C Val: 0x00000000
[inst #5668] lw x7,36(x8)
Register Write to Reg: 0x07 Val: 0x00000002
[inst #5669] addi x0,x0,0
Register Write to Reg: 0x00 Val: 0x00000000
[inst #5670] addi x0,x0,0
Register Write to Reg: 0x00 Val: 0x00000000
[inst #5671] addi x0,x0,0
Register Write to Reg: 0x00 Val: 0x00000000
[inst #5672] slt x7,x28,x7
Register Write to Reg: 0x07 Val: 0x00000001
[inst #5673] addi x0,x0,0
Register Write to Reg: 0x00 Val: 0x00000000
[inst #5674] addi x0,x0,0
Register Write to Reg: 0x00 Val: 0x00000000
[inst #5675] addi x0,x0,0
Register Write to Reg: 0x00 Val: 0x00000000
[inst #5676] beq x7,x0,24
[inst #5677] addi x0,x0,0
Register Write to Reg: 0x00 Val: 0x00000000
[inst #5678] addi x0,x0,0
Register Write to Reg: 0x00 Val: 0x00000000
[inst #5679] jal x0,-120
Register Write to Reg: 0x00 Val: 0x00400A34
[inst #5680] lw x7,8(x8)
Register Write to Reg: 0x07 Val: 0x00000001
[inst #5681] addi x0,x0,0
Register Write to Reg: 0x00 Val: 0x00000000
[inst #5682] addi x0,x0,0
Register Write to Reg: 0x00 Val: 0x00000000
[inst #5683] addi x0,x0,0
Register Write to Reg: 0x00 Val: 0x00000000
[inst #5684] slli x7,x7,1
Register Write to Reg: 0x07 Val: 0x00000002
[inst #5685] addi x0,x0,0
Register Write to Reg: 0x00 Val: 0x00000000
[inst #5686] addi x0,x0,0
Register Write to Reg: 0x00 Val: 0x00000000
[inst #5687] addi x0,x0,0
Register Write to Reg: 0x00 Val: 0x00000000
[inst #5688] sw x7,8(x8)
Memory Write to Addr: 0x10010F70 Val: 0x00000002
[inst #5689] lw x7,12(x8)
Register Write to Reg: 0x07 Val: 0x00000000
[inst #5690] addi x0,x0,0
Register Write to Reg: 0x00 Val: 0x00000000
[inst #5691] addi x0,x0,0
Register Write to Reg: 0x00 Val: 0x00000000
[inst #5692] addi x0,x0,0
Register Write to Reg: 0x00 Val: 0x00000000
[inst #5693] addi x7,x7,1
Register Write to Reg: 0x07 Val: 0x00000001
[inst #5694] addi x0,x0,0
Register Write to Reg: 0x00 Val: 0x00000000
[inst #5695] addi x0,x0,0
Register Write to Reg: 0x00 Val: 0x00000000
[inst #5696] addi x0,x0,0
Register Write to Reg: 0x00 Val: 0x00000000
[inst #5697] sw x7,12(x8)
Memory Write to Addr: 0x10010F74 Val: 0x00000001
[inst #5698] lw x28,12(x8)
Register Write to Reg: 0x1C Val: 0x00000001
[inst #5699] lw x7,36(x8)
Register Write to Reg: 0x07 Val: 0x00000002
[inst #5700] addi x0,x0,0
Register Write to Reg: 0x00 Val: 0x00000000
[inst #5701] addi x0,x0,0
Register Write to Reg: 0x00 Val: 0x00000000
[inst #5702] addi x0,x0,0
Register Write to Reg: 0x00 Val: 0x00000000
[inst #5703] slt x7,x28,x7
Register Write to Reg: 0x07 Val: 0x00000001
[inst #5704] addi x0,x0,0
Register Write to Reg: 0x00 Val: 0x00000000
[inst #5705] addi x0,x0,0
Register Write to Reg: 0x00 Val: 0x00000000
[inst #5706] addi x0,x0,0
Register Write to Reg: 0x00 Val: 0x00000000
[inst #5707] beq x7,x0,24
[inst #5708] addi x0,x0,0
Register Write to Reg: 0x00 Val: 0x00000000
[inst #5709] addi x0,x0,0
Register Write to Reg: 0x00 Val: 0x00000000
[inst #5710] jal x0,-120
Register Write to Reg: 0x00 Val: 0x00400A34
[inst #5711] lw x7,8(x8)
Register Write to Reg: 0x07 Val: 0x00000002
[inst #5712] addi x0,x0,0
Register Write to Reg: 0x00 Val: 0x00000000
[inst #5713] addi x0,x0,0
Register Write to Reg: 0x00 Val: 0x00000000
[inst #5714] addi x0,x0,0
Register Write to Reg: 0x00 Val: 0x00000000
[inst #5715] slli x7,x7,1
Register Write to Reg: 0x07 Val: 0x00000004
[inst #5716] addi x0,x0,0
Register Write to Reg: 0x00 Val: 0x00000000
[inst #5717] addi x0,x0,0
Register Write to Reg: 0x00 Val: 0x00000000
[inst #5718] addi x0,x0,0
Register Write to Reg: 0x00 Val: 0x00000000
[inst #5719] sw x7,8(x8)
Memory Write to Addr: 0x10010F70 Val: 0x00000004
[inst #5720] lw x7,12(x8)
Register Write to Reg: 0x07 Val: 0x00000001
[inst #5721] addi x0,x0,0
Register Write to Reg: 0x00 Val: 0x00000000
[inst #5722] addi x0,x0,0
Register Write to Reg: 0x00 Val: 0x00000000
[inst #5723] addi x0,x0,0
Register Write to Reg: 0x00 Val: 0x00000000
[inst #5724] addi x7,x7,1
Register Write to Reg: 0x07 Val: 0x00000002
[inst #5725] addi x0,x0,0
Register Write to Reg: 0x00 Val: 0x00000000
[inst #5726] addi x0,x0,0
Register Write to Reg: 0x00 Val: 0x00000000
[inst #5727] addi x0,x0,0
Register Write to Reg: 0x00 Val: 0x00000000
[inst #5728] sw x7,12(x8)
Memory Write to Addr: 0x10010F74 Val: 0x00000002
[inst #5729] lw x28,12(x8)
Register Write to Reg: 0x1C Val: 0x00000002
[inst #5730] lw x7,36(x8)
Register Write to Reg: 0x07 Val: 0x00000002
[inst #5731] addi x0,x0,0
Register Write to Reg: 0x00 Val: 0x00000000
[inst #5732] addi x0,x0,0
Register Write to Reg: 0x00 Val: 0x00000000
[inst #5733] addi x0,x0,0
Register Write to Reg: 0x00 Val: 0x00000000
[inst #5734] slt x7,x28,x7
Register Write to Reg: 0x07 Val: 0x00000000
[inst #5735] addi x0,x0,0
Register Write to Reg: 0x00 Val: 0x00000000
[inst #5736] addi x0,x0,0
Register Write to Reg: 0x00 Val: 0x00000000
[inst #5737] addi x0,x0,0
Register Write to Reg: 0x00 Val: 0x00000000
[inst #5738] beq x7,x0,24
[inst #5739] lw x28,8(x8)
Register Write to Reg: 0x1C Val: 0x00000004
[inst #5740] lw x7,16(x8)
Register Write to Reg: 0x07 Val: 0x00000003
[inst #5741] addi x0,x0,0
Register Write to Reg: 0x00 Val: 0x00000000
[inst #5742] addi x0,x0,0
Register Write to Reg: 0x00 Val: 0x00000000
[inst #5743] addi x0,x0,0
Register Write to Reg: 0x00 Val: 0x00000000
[inst #5744] and x7,x28,x7
Register Write to Reg: 0x07 Val: 0x00000000
[inst #5745] addi x0,x0,0
Register Write to Reg: 0x00 Val: 0x00000000
[inst #5746] addi x0,x0,0
Register Write to Reg: 0x00 Val: 0x00000000
[inst #5747] addi x0,x0,0
Register Write to Reg: 0x00 Val: 0x00000000
[inst #5748] slt x7,x0,x7
Register Write to Reg: 0x07 Val: 0x00000000
[inst #5749] addi x0,x0,0
Register Write to Reg: 0x00 Val: 0x00000000
[inst #5750] addi x0,x0,0
Register Write to Reg: 0x00 Val: 0x00000000
[inst #5751] addi x0,x0,0
Register Write to Reg: 0x00 Val: 0x00000000
[inst #5752] andi x7,x7,255
Register Write to Reg: 0x07 Val: 0x00000000
[inst #5753] addi x0,x0,0
Register Write to Reg: 0x00 Val: 0x00000000
[inst #5754] addi x0,x0,0
Register Write to Reg: 0x00 Val: 0x00000000
[inst #5755] addi x0,x0,0
Register Write to Reg: 0x00 Val: 0x00000000
[inst #5756] add x2,x0,x8
Register Write to Reg: 0x02 Val: 0x10010F68
[inst #5757] addi x0,x0,0
Register Write to Reg: 0x00 Val: 0x00000000
[inst #5758] addi x0,x0,0
Register Write to Reg: 0x00 Val: 0x00000000
[inst #5759] addi x0,x0,0
Register Write to Reg: 0x00 Val: 0x00000000
[inst #5760] lw x8,28(x2)
Register Write to Reg: 0x08 Val: 0x10010F88
[inst #5761] addi x0,x0,0
Register Write to Reg: 0x00 Val: 0x00000000
[inst #5762] addi x0,x0,0
Register Write to Reg: 0x00 Val: 0x00000000
[inst #5763] addi x0,x0,0
Register Write to Reg: 0x00 Val: 0x00000000
[inst #5764] addi x2,x2,32
Register Write to Reg: 0x02 Val: 0x10010F88
[inst #5765] addi x0,x0,0
Register Write to Reg: 0x00 Val: 0x00000000
[inst #5766] addi x0,x0,0
Register Write to Reg: 0x00 Val: 0x00000000
[inst #5767] jalr x0,x1,0
Register Write to Reg: 0x00 Val: 0x00400AB0
[inst #5768] beq x7,x0,92
[inst #5769] lw x7,32(x8)
Register Write to Reg: 0x07 Val: 0x10010FC4
[inst #5770] addi x0,x0,0
Register Write to Reg: 0x00 Val: 0x00000000
[inst #5771] addi x0,x0,0
Register Write to Reg: 0x00 Val: 0x00000000
[inst #5772] addi x0,x0,0
Register Write to Reg: 0x00 Val: 0x00000000
[inst #5773] lw x7,4(x7)
Register Write to Reg: 0x07 Val: 0x00000002
[inst #5774] addi x0,x0,0
Register Write to Reg: 0x00 Val: 0x00000000
[inst #5775] addi x0,x0,0
Register Write to Reg: 0x00 Val: 0x00000000
[inst #5776] addi x0,x0,0
Register Write to Reg: 0x00 Val: 0x00000000
[inst #5777] addi x28,x7,1
Register Write to Reg: 0x1C Val: 0x00000003
[inst #5778] addi x0,x0,0
Register Write to Reg: 0x00 Val: 0x00000000
[inst #5779] addi x0,x0,0
Register Write to Reg: 0x00 Val: 0x00000000
[inst #5780] addi x0,x0,0
Register Write to Reg: 0x00 Val: 0x00000000
[inst #5781] lw x7,32(x8)
Register Write to Reg: 0x07 Val: 0x10010FC4
[inst #5782] addi x0,x0,0
Register Write to Reg: 0x00 Val: 0x00000000
[inst #5783] addi x0,x0,0
Register Write to Reg: 0x00 Val: 0x00000000
[inst #5784] addi x0,x0,0
Register Write to Reg: 0x00 Val: 0x00000000
[inst #5785] sw x28,4(x7)
Memory Write to Addr: 0x10010FC8 Val: 0x00000003
[inst #5786] lw x7,32(x8)
Register Write to Reg: 0x07 Val: 0x10010FC4
[inst #5787] addi x0,x0,0
Register Write to Reg: 0x00 Val: 0x00000000
[inst #5788] addi x0,x0,0
Register Write to Reg: 0x00 Val: 0x00000000
[inst #5789] addi x0,x0,0
Register Write to Reg: 0x00 Val: 0x00000000
[inst #5790] lw x7,4(x7)
Register Write to Reg: 0x07 Val: 0x00000003
[inst #5791] addi x0,x0,0
Register Write to Reg: 0x00 Val: 0x00000000
[inst #5792] addi x0,x0,0
Register Write to Reg: 0x00 Val: 0x00000000
[inst #5793] addi x0,x0,0
Register Write to Reg: 0x00 Val: 0x00000000
[inst #5794] slti x7,x7,4
Register Write to Reg: 0x07 Val: 0x00000001
[inst #5795] addi x0,x0,0
Register Write to Reg: 0x00 Val: 0x00000000
[inst #5796] addi x0,x0,0
Register Write to Reg: 0x00 Val: 0x00000000
[inst #5797] addi x0,x0,0
Register Write to Reg: 0x00 Val: 0x00000000
[inst #5798] beq x7,x0,24
[inst #5799] addi x0,x0,0
Register Write to Reg: 0x00 Val: 0x00000000
[inst #5800] addi x0,x0,0
Register Write to Reg: 0x00 Val: 0x00000000
[inst #5801] jal x0,-348
Register Write to Reg: 0x00 Val: 0x004008B0
[inst #5802] lw x7,32(x8)
Register Write to Reg: 0x07 Val: 0x10010FC4
[inst #5803] addi x0,x0,0
Register Write to Reg: 0x00 Val: 0x00000000
[inst #5804] addi x0,x0,0
Register Write to Reg: 0x00 Val: 0x00000000
[inst #5805] addi x0,x0,0
Register Write to Reg: 0x00 Val: 0x00000000
[inst #5806] lw x28,0(x7)
Register Write to Reg: 0x1C Val: 0x00000003
[inst #5807] addi x0,x0,0
Register Write to Reg: 0x00 Val: 0x00000000
[inst #5808] addi x0,x0,0
Register Write to Reg: 0x00 Val: 0x00000000
[inst #5809] addi x0,x0,0
Register Write to Reg: 0x00 Val: 0x00000000
[inst #5810] lw x7,32(x8)
Register Write to Reg: 0x07 Val: 0x10010FC4
[inst #5811] addi x0,x0,0
Register Write to Reg: 0x00 Val: 0x00000000
[inst #5812] addi x0,x0,0
Register Write to Reg: 0x00 Val: 0x00000000
[inst #5813] addi x0,x0,0
Register Write to Reg: 0x00 Val: 0x00000000
[inst #5814] lw x7,4(x7)
Register Write to Reg: 0x07 Val: 0x00000003
[inst #5815] addi x0,x0,0
Register Write to Reg: 0x00 Val: 0x00000000
[inst #5816] addi x0,x0,0
Register Write to Reg: 0x00 Val: 0x00000000
[inst #5817] addi x0,x0,0
Register Write to Reg: 0x00 Val: 0x00000000
[inst #5818] add x30,x0,x7
Register Write to Reg: 0x1E Val: 0x00000003
[inst #5819] add x29,x0,x28
Register Write to Reg: 0x1D Val: 0x00000003
[inst #5820] addi x0,x0,0
Register Write to Reg: 0x00 Val: 0x00000000
[inst #5821] addi x0,x0,0
Register Write to Reg: 0x00 Val: 0x00000000
[inst #5822] addi x0,x0,0
Register Write to Reg: 0x00 Val: 0x00000000
[inst #5823] auipc x1,0
Register Write to Reg: 0x01 Val: 0x004007A4
[inst #5824] sll x0,x0,x0
Register Write to Reg: 0x00 Val: 0x00000000
[inst #5825] sll x0,x0,x0
Register Write to Reg: 0x00 Val: 0x00000000
[inst #5826] sll x0,x0,x0
Register Write to Reg: 0x00 Val: 0x00000000
[inst #5827] addi x1,x1,44
Register Write to Reg: 0x01 Val: 0x004007D0
[inst #5828] addi x0,x0,0
Register Write to Reg: 0x00 Val: 0x00000000
[inst #5829] addi x0,x0,0
Register Write to Reg: 0x00 Val: 0x00000000
[inst #5830] addi x0,x0,0
Register Write to Reg: 0x00 Val: 0x00000000
[inst #5831] jal x0,308
Register Write to Reg: 0x00 Val: 0x004007C8
[inst #5832] addi x2,x2,-32
Register Write to Reg: 0x02 Val: 0x10010F68
[inst #5833] addi x0,x0,0
Register Write to Reg: 0x00 Val: 0x00000000
[inst #5834] addi x0,x0,0
Register Write to Reg: 0x00 Val: 0x00000000
[inst #5835] addi x0,x0,0
Register Write to Reg: 0x00 Val: 0x00000000
[inst #5836] sw x8,28(x2)
Memory Write to Addr: 0x10010F84 Val: 0x10010F88
[inst #5837] addi x0,x0,0
Register Write to Reg: 0x00 Val: 0x00000000
[inst #5838] addi x0,x0,0
Register Write to Reg: 0x00 Val: 0x00000000
[inst #5839] addi x0,x0,0
Register Write to Reg: 0x00 Val: 0x00000000
[inst #5840] add x8,x0,x2
Register Write to Reg: 0x08 Val: 0x10010F68
[inst #5841] addi x0,x0,0
Register Write to Reg: 0x00 Val: 0x00000000
[inst #5842] addi x0,x0,0
Register Write to Reg: 0x00 Val: 0x00000000
[inst #5843] addi x0,x0,0
Register Write to Reg: 0x00 Val: 0x00000000
[inst #5844] sw x29,32(x8)
Memory Write to Addr: 0x10010F88 Val: 0x00000003
[inst #5845] sw x30,36(x8)
Memory Write to Addr: 0x10010F8C Val: 0x00000003
[inst #5846] auipc x7,64527
Register Write to Reg: 0x07 Val: 0x1000F930
[inst #5847] sll x0,x0,x0
Register Write to Reg: 0x00 Val: 0x00000000
[inst #5848] sll x0,x0,x0
Register Write to Reg: 0x00 Val: 0x00000000
[inst #5849] sll x0,x0,x0
Register Write to Reg: 0x00 Val: 0x00000000
[inst #5850] addi x7,x7,1764
Register Write to Reg: 0x07 Val: 0x10010014
[inst #5851] addi x0,x0,0
Register Write to Reg: 0x00 Val: 0x00000000
[inst #5852] addi x0,x0,0
Register Write to Reg: 0x00 Val: 0x00000000
[inst #5853] addi x0,x0,0
Register Write to Reg: 0x00 Val: 0x00000000
[inst #5854] lw x28,32(x8)
Register Write to Reg: 0x1C Val: 0x00000003
[inst #5855] addi x0,x0,0
Register Write to Reg: 0x00 Val: 0x00000000
[inst #5856] addi x0,x0,0
Register Write to Reg: 0x00 Val: 0x00000000
[inst #5857] addi x0,x0,0
Register Write to Reg: 0x00 Val: 0x00000000
[inst #5858] slli x28,x28,2
Register Write to Reg: 0x1C Val: 0x0000000C
[inst #5859] addi x0,x0,0
Register Write to Reg: 0x00 Val: 0x00000000
[inst #5860] addi x0,x0,0
Register Write to Reg: 0x00 Val: 0x00000000
[inst #5861] addi x0,x0,0
Register Write to Reg: 0x00 Val: 0x00000000
[inst #5862] add x7,x28,x7
Register Write to Reg: 0x07 Val: 0x10010020
[inst #5863] addi x0,x0,0
Register Write to Reg: 0x00 Val: 0x00000000
[inst #5864] addi x0,x0,0
Register Write to Reg: 0x00 Val: 0x00000000
[inst #5865] addi x0,x0,0
Register Write to Reg: 0x00 Val: 0x00000000
[inst #5866] lw x7,0(x7)
Register Write to Reg: 0x07 Val: 0x00000003
[inst #5867] addi x0,x0,0
Register Write to Reg: 0x00 Val: 0x00000000
[inst #5868] addi x0,x0,0
Register Write to Reg: 0x00 Val: 0x00000000
[inst #5869] addi x0,x0,0
Register Write to Reg: 0x00 Val: 0x00000000
[inst #5870] sw x7,16(x8)
Memory Write to Addr: 0x10010F78 Val: 0x00000003
[inst #5871] addi x7,x0,1
Register Write to Reg: 0x07 Val: 0x00000001
[inst #5872] addi x0,x0,0
Register Write to Reg: 0x00 Val: 0x00000000
[inst #5873] addi x0,x0,0
Register Write to Reg: 0x00 Val: 0x00000000
[inst #5874] addi x0,x0,0
Register Write to Reg: 0x00 Val: 0x00000000
[inst #5875] sw x7,8(x8)
Memory Write to Addr: 0x10010F70 Val: 0x00000001
[inst #5876] sw x0,12(x8)
Memory Write to Addr: 0x10010F74 Val: 0x00000000
[inst #5877] jal x0,84
Register Write to Reg: 0x00 Val: 0x004009B0
[inst #5878] lw x28,12(x8)
Register Write to Reg: 0x1C Val: 0x00000000
[inst #5879] lw x7,36(x8)
Register Write to Reg: 0x07 Val: 0x00000003
[inst #5880] addi x0,x0,0
Register Write to Reg: 0x00 Val: 0x00000000
[inst #5881] addi x0,x0,0
Register Write to Reg: 0x00 Val: 0x00000000
[inst #5882] addi x0,x0,0
Register Write to Reg: 0x00 Val: 0x00000000
[inst #5883] slt x7,x28,x7
Register Write to Reg: 0x07 Val: 0x00000001
[inst #5884] addi x0,x0,0
Register Write to Reg: 0x00 Val: 0x00000000
[inst #5885] addi x0,x0,0
Register Write to Reg: 0x00 Val: 0x00000000
[inst #5886] addi x0,x0,0
Register Write to Reg: 0x00 Val: 0x00000000
[inst #5887] beq x7,x0,24
[inst #5888] addi x0,x0,0
Register Write to Reg: 0x00 Val: 0x00000000
[inst #5889] addi x0,x0,0
Register Write to Reg: 0x00 Val: 0x00000000
[inst #5890] jal x0,-120
Register Write to Reg: 0x00 Val: 0x00400A34
[inst #5891] lw x7,8(x8)
Register Write to Reg: 0x07 Val: 0x00000001
[inst #5892] addi x0,x0,0
Register Write to Reg: 0x00 Val: 0x00000000
[inst #5893] addi x0,x0,0
Register Write to Reg: 0x00 Val: 0x00000000
[inst #5894] addi x0,x0,0
Register Write to Reg: 0x00 Val: 0x00000000
[inst #5895] slli x7,x7,1
Register Write to Reg: 0x07 Val: 0x00000002
[inst #5896] addi x0,x0,0
Register Write to Reg: 0x00 Val: 0x00000000
[inst #5897] addi x0,x0,0
Register Write to Reg: 0x00 Val: 0x00000000
[inst #5898] addi x0,x0,0
Register Write to Reg: 0x00 Val: 0x00000000
[inst #5899] sw x7,8(x8)
Memory Write to Addr: 0x10010F70 Val: 0x00000002
[inst #5900] lw x7,12(x8)
Register Write to Reg: 0x07 Val: 0x00000000
[inst #5901] addi x0,x0,0
Register Write to Reg: 0x00 Val: 0x00000000
[inst #5902] addi x0,x0,0
Register Write to Reg: 0x00 Val: 0x00000000
[inst #5903] addi x0,x0,0
Register Write to Reg: 0x00 Val: 0x00000000
[inst #5904] addi x7,x7,1
Register Write to Reg: 0x07 Val: 0x00000001
[inst #5905] addi x0,x0,0
Register Write to Reg: 0x00 Val: 0x00000000
[inst #5906] addi x0,x0,0
Register Write to Reg: 0x00 Val: 0x00000000
[inst #5907] addi x0,x0,0
Register Write to Reg: 0x00 Val: 0x00000000
[inst #5908] sw x7,12(x8)
Memory Write to Addr: 0x10010F74 Val: 0x00000001
[inst #5909] lw x28,12(x8)
Register Write to Reg: 0x1C Val: 0x00000001
[inst #5910] lw x7,36(x8)
Register Write to Reg: 0x07 Val: 0x00000003
[inst #5911] addi x0,x0,0
Register Write to Reg: 0x00 Val: 0x00000000
[inst #5912] addi x0,x0,0
Register Write to Reg: 0x00 Val: 0x00000000
[inst #5913] addi x0,x0,0
Register Write to Reg: 0x00 Val: 0x00000000
[inst #5914] slt x7,x28,x7
Register Write to Reg: 0x07 Val: 0x00000001
[inst #5915] addi x0,x0,0
Register Write to Reg: 0x00 Val: 0x00000000
[inst #5916] addi x0,x0,0
Register Write to Reg: 0x00 Val: 0x00000000
[inst #5917] addi x0,x0,0
Register Write to Reg: 0x00 Val: 0x00000000
[inst #5918] beq x7,x0,24
[inst #5919] addi x0,x0,0
Register Write to Reg: 0x00 Val: 0x00000000
[inst #5920] addi x0,x0,0
Register Write to Reg: 0x00 Val: 0x00000000
[inst #5921] jal x0,-120
Register Write to Reg: 0x00 Val: 0x00400A34
[inst #5922] lw x7,8(x8)
Register Write to Reg: 0x07 Val: 0x00000002
[inst #5923] addi x0,x0,0
Register Write to Reg: 0x00 Val: 0x00000000
[inst #5924] addi x0,x0,0
Register Write to Reg: 0x00 Val: 0x00000000
[inst #5925] addi x0,x0,0
Register Write to Reg: 0x00 Val: 0x00000000
[inst #5926] slli x7,x7,1
Register Write to Reg: 0x07 Val: 0x00000004
[inst #5927] addi x0,x0,0
Register Write to Reg: 0x00 Val: 0x00000000
[inst #5928] addi x0,x0,0
Register Write to Reg: 0x00 Val: 0x00000000
[inst #5929] addi x0,x0,0
Register Write to Reg: 0x00 Val: 0x00000000
[inst #5930] sw x7,8(x8)
Memory Write to Addr: 0x10010F70 Val: 0x00000004
[inst #5931] lw x7,12(x8)
Register Write to Reg: 0x07 Val: 0x00000001
[inst #5932] addi x0,x0,0
Register Write to Reg: 0x00 Val: 0x00000000
[inst #5933] addi x0,x0,0
Register Write to Reg: 0x00 Val: 0x00000000
[inst #5934] addi x0,x0,0
Register Write to Reg: 0x00 Val: 0x00000000
[inst #5935] addi x7,x7,1
Register Write to Reg: 0x07 Val: 0x00000002
[inst #5936] addi x0,x0,0
Register Write to Reg: 0x00 Val: 0x00000000
[inst #5937] addi x0,x0,0
Register Write to Reg: 0x00 Val: 0x00000000
[inst #5938] addi x0,x0,0
Register Write to Reg: 0x00 Val: 0x00000000
[inst #5939] sw x7,12(x8)
Memory Write to Addr: 0x10010F74 Val: 0x00000002
[inst #5940] lw x28,12(x8)
Register Write to Reg: 0x1C Val: 0x00000002
[inst #5941] lw x7,36(x8)
Register Write to Reg: 0x07 Val: 0x00000003
[inst #5942] addi x0,x0,0
Register Write to Reg: 0x00 Val: 0x00000000
[inst #5943] addi x0,x0,0
Register Write to Reg: 0x00 Val: 0x00000000
[inst #5944] addi x0,x0,0
Register Write to Reg: 0x00 Val: 0x00000000
[inst #5945] slt x7,x28,x7
Register Write to Reg: 0x07 Val: 0x00000001
[inst #5946] addi x0,x0,0
Register Write to Reg: 0x00 Val: 0x00000000
[inst #5947] addi x0,x0,0
Register Write to Reg: 0x00 Val: 0x00000000
[inst #5948] addi x0,x0,0
Register Write to Reg: 0x00 Val: 0x00000000
[inst #5949] beq x7,x0,24
[inst #5950] addi x0,x0,0
Register Write to Reg: 0x00 Val: 0x00000000
[inst #5951] addi x0,x0,0
Register Write to Reg: 0x00 Val: 0x00000000
[inst #5952] jal x0,-120
Register Write to Reg: 0x00 Val: 0x00400A34
[inst #5953] lw x7,8(x8)
Register Write to Reg: 0x07 Val: 0x00000004
[inst #5954] addi x0,x0,0
Register Write to Reg: 0x00 Val: 0x00000000
[inst #5955] addi x0,x0,0
Register Write to Reg: 0x00 Val: 0x00000000
[inst #5956] addi x0,x0,0
Register Write to Reg: 0x00 Val: 0x00000000
[inst #5957] slli x7,x7,1
Register Write to Reg: 0x07 Val: 0x00000008
[inst #5958] addi x0,x0,0
Register Write to Reg: 0x00 Val: 0x00000000
[inst #5959] addi x0,x0,0
Register Write to Reg: 0x00 Val: 0x00000000
[inst #5960] addi x0,x0,0
Register Write to Reg: 0x00 Val: 0x00000000
[inst #5961] sw x7,8(x8)
Memory Write to Addr: 0x10010F70 Val: 0x00000008
[inst #5962] lw x7,12(x8)
Register Write to Reg: 0x07 Val: 0x00000002
[inst #5963] addi x0,x0,0
Register Write to Reg: 0x00 Val: 0x00000000
[inst #5964] addi x0,x0,0
Register Write to Reg: 0x00 Val: 0x00000000
[inst #5965] addi x0,x0,0
Register Write to Reg: 0x00 Val: 0x00000000
[inst #5966] addi x7,x7,1
Register Write to Reg: 0x07 Val: 0x00000003
[inst #5967] addi x0,x0,0
Register Write to Reg: 0x00 Val: 0x00000000
[inst #5968] addi x0,x0,0
Register Write to Reg: 0x00 Val: 0x00000000
[inst #5969] addi x0,x0,0
Register Write to Reg: 0x00 Val: 0x00000000
[inst #5970] sw x7,12(x8)
Memory Write to Addr: 0x10010F74 Val: 0x00000003
[inst #5971] lw x28,12(x8)
Register Write to Reg: 0x1C Val: 0x00000003
[inst #5972] lw x7,36(x8)
Register Write to Reg: 0x07 Val: 0x00000003
[inst #5973] addi x0,x0,0
Register Write to Reg: 0x00 Val: 0x00000000
[inst #5974] addi x0,x0,0
Register Write to Reg: 0x00 Val: 0x00000000
[inst #5975] addi x0,x0,0
Register Write to Reg: 0x00 Val: 0x00000000
[inst #5976] slt x7,x28,x7
Register Write to Reg: 0x07 Val: 0x00000000
[inst #5977] addi x0,x0,0
Register Write to Reg: 0x00 Val: 0x00000000
[inst #5978] addi x0,x0,0
Register Write to Reg: 0x00 Val: 0x00000000
[inst #5979] addi x0,x0,0
Register Write to Reg: 0x00 Val: 0x00000000
[inst #5980] beq x7,x0,24
[inst #5981] lw x28,8(x8)
Register Write to Reg: 0x1C Val: 0x00000008
[inst #5982] lw x7,16(x8)
Register Write to Reg: 0x07 Val: 0x00000003
[inst #5983] addi x0,x0,0
Register Write to Reg: 0x00 Val: 0x00000000
[inst #5984] addi x0,x0,0
Register Write to Reg: 0x00 Val: 0x00000000
[inst #5985] addi x0,x0,0
Register Write to Reg: 0x00 Val: 0x00000000
[inst #5986] and x7,x28,x7
Register Write to Reg: 0x07 Val: 0x00000000
[inst #5987] addi x0,x0,0
Register Write to Reg: 0x00 Val: 0x00000000
[inst #5988] addi x0,x0,0
Register Write to Reg: 0x00 Val: 0x00000000
[inst #5989] addi x0,x0,0
Register Write to Reg: 0x00 Val: 0x00000000
[inst #5990] slt x7,x0,x7
Register Write to Reg: 0x07 Val: 0x00000000
[inst #5991] addi x0,x0,0
Register Write to Reg: 0x00 Val: 0x00000000
[inst #5992] addi x0,x0,0
Register Write to Reg: 0x00 Val: 0x00000000
[inst #5993] addi x0,x0,0
Register Write to Reg: 0x00 Val: 0x00000000
[inst #5994] andi x7,x7,255
Register Write to Reg: 0x07 Val: 0x00000000
[inst #5995] addi x0,x0,0
Register Write to Reg: 0x00 Val: 0x00000000
[inst #5996] addi x0,x0,0
Register Write to Reg: 0x00 Val: 0x00000000
[inst #5997] addi x0,x0,0
Register Write to Reg: 0x00 Val: 0x00000000
[inst #5998] add x2,x0,x8
Register Write to Reg: 0x02 Val: 0x10010F68
[inst #5999] addi x0,x0,0
Register Write to Reg: 0x00 Val: 0x00000000
[inst #6000] addi x0,x0,0
Register Write to Reg: 0x00 Val: 0x00000000
[inst #6001] addi x0,x0,0
Register Write to Reg: 0x00 Val: 0x00000000
[inst #6002] lw x8,28(x2)
Register Write to Reg: 0x08 Val: 0x10010F88
[inst #6003] addi x0,x0,0
Register Write to Reg: 0x00 Val: 0x00000000
[inst #6004] addi x0,x0,0
Register Write to Reg: 0x00 Val: 0x00000000
[inst #6005] addi x0,x0,0
Register Write to Reg: 0x00 Val: 0x00000000
[inst #6006] addi x2,x2,32
Register Write to Reg: 0x02 Val: 0x10010F88
[inst #6007] addi x0,x0,0
Register Write to Reg: 0x00 Val: 0x00000000
[inst #6008] addi x0,x0,0
Register Write to Reg: 0x00 Val: 0x00000000
[inst #6009] jalr x0,x1,0
Register Write to Reg: 0x00 Val: 0x00400AB0
[inst #6010] beq x7,x0,92
[inst #6011] lw x7,32(x8)
Register Write to Reg: 0x07 Val: 0x10010FC4
[inst #6012] addi x0,x0,0
Register Write to Reg: 0x00 Val: 0x00000000
[inst #6013] addi x0,x0,0
Register Write to Reg: 0x00 Val: 0x00000000
[inst #6014] addi x0,x0,0
Register Write to Reg: 0x00 Val: 0x00000000
[inst #6015] lw x7,4(x7)
Register Write to Reg: 0x07 Val: 0x00000003
[inst #6016] addi x0,x0,0
Register Write to Reg: 0x00 Val: 0x00000000
[inst #6017] addi x0,x0,0
Register Write to Reg: 0x00 Val: 0x00000000
[inst #6018] addi x0,x0,0
Register Write to Reg: 0x00 Val: 0x00000000
[inst #6019] addi x28,x7,1
Register Write to Reg: 0x1C Val: 0x00000004
[inst #6020] addi x0,x0,0
Register Write to Reg: 0x00 Val: 0x00000000
[inst #6021] addi x0,x0,0
Register Write to Reg: 0x00 Val: 0x00000000
[inst #6022] addi x0,x0,0
Register Write to Reg: 0x00 Val: 0x00000000
[inst #6023] lw x7,32(x8)
Register Write to Reg: 0x07 Val: 0x10010FC4
[inst #6024] addi x0,x0,0
Register Write to Reg: 0x00 Val: 0x00000000
[inst #6025] addi x0,x0,0
Register Write to Reg: 0x00 Val: 0x00000000
[inst #6026] addi x0,x0,0
Register Write to Reg: 0x00 Val: 0x00000000
[inst #6027] sw x28,4(x7)
Memory Write to Addr: 0x10010FC8 Val: 0x00000004
[inst #6028] lw x7,32(x8)
Register Write to Reg: 0x07 Val: 0x10010FC4
[inst #6029] addi x0,x0,0
Register Write to Reg: 0x00 Val: 0x00000000
[inst #6030] addi x0,x0,0
Register Write to Reg: 0x00 Val: 0x00000000
[inst #6031] addi x0,x0,0
Register Write to Reg: 0x00 Val: 0x00000000
[inst #6032] lw x7,4(x7)
Register Write to Reg: 0x07 Val: 0x00000004
[inst #6033] addi x0,x0,0
Register Write to Reg: 0x00 Val: 0x00000000
[inst #6034] addi x0,x0,0
Register Write to Reg: 0x00 Val: 0x00000000
[inst #6035] addi x0,x0,0
Register Write to Reg: 0x00 Val: 0x00000000
[inst #6036] slti x7,x7,4
Register Write to Reg: 0x07 Val: 0x00000000
[inst #6037] addi x0,x0,0
Register Write to Reg: 0x00 Val: 0x00000000
[inst #6038] addi x0,x0,0
Register Write to Reg: 0x00 Val: 0x00000000
[inst #6039] addi x0,x0,0
Register Write to Reg: 0x00 Val: 0x00000000
[inst #6040] beq x7,x0,24
[inst #6041] addi x7,x0,-1
Register Write to Reg: 0x07 Val: 0xFFFFFFFF
[inst #6042] add x2,x0,x8
Register Write to Reg: 0x02 Val: 0x10010F88
[inst #6043] addi x0,x0,0
Register Write to Reg: 0x00 Val: 0x00000000
[inst #6044] addi x0,x0,0
Register Write to Reg: 0x00 Val: 0x00000000
[inst #6045] addi x0,x0,0
Register Write to Reg: 0x00 Val: 0x00000000
[inst #6046] lw x1,28(x2)
Register Write to Reg: 0x01 Val: 0x00400338
[inst #6047] lw x8,24(x2)
Register Write to Reg: 0x08 Val: 0x10010FA8
[inst #6048] addi x0,x0,0
Register Write to Reg: 0x00 Val: 0x00000000
[inst #6049] addi x0,x0,0
Register Write to Reg: 0x00 Val: 0x00000000
[inst #6050] addi x0,x0,0
Register Write to Reg: 0x00 Val: 0x00000000
[inst #6051] addi x2,x2,32
Register Write to Reg: 0x02 Val: 0x10010FA8
[inst #6052] addi x0,x0,0
Register Write to Reg: 0x00 Val: 0x00000000
[inst #6053] addi x0,x0,0
Register Write to Reg: 0x00 Val: 0x00000000
[inst #6054] jalr x0,x1,0
Register Write to Reg: 0x00 Val: 0x004008F0
[inst #6055] sw x7,24(x8)
Memory Write to Addr: 0x10010FC0 Val: 0xFFFFFFFF
[inst #6056] lw x28,24(x8)
Register Write to Reg: 0x1C Val: 0xFFFFFFFF
[inst #6057] addi x0,x0,0
Register Write to Reg: 0x00 Val: 0x00000000
[inst #6058] addi x0,x0,0
Register Write to Reg: 0x00 Val: 0x00000000
[inst #6059] addi x0,x0,0
Register Write to Reg: 0x00 Val: 0x00000000
[inst #6060] addi x7,x0,-1
Register Write to Reg: 0x07 Val: 0xFFFFFFFF
[inst #6061] addi x0,x0,0
Register Write to Reg: 0x00 Val: 0x00000000
[inst #6062] addi x0,x0,0
Register Write to Reg: 0x00 Val: 0x00000000
[inst #6063] beq x28,x7,24
[inst #6064] auipc x7,64528
Register Write to Reg: 0x07 Val: 0x10010370
[inst #6065] sll x0,x0,x0
Register Write to Reg: 0x00 Val: 0x00000000
[inst #6066] sll x0,x0,x0
Register Write to Reg: 0x00 Val: 0x00000000
[inst #6067] sll x0,x0,x0
Register Write to Reg: 0x00 Val: 0x00000000
[inst #6068] addi x7,x7,-840
Register Write to Reg: 0x07 Val: 0x10010028
[inst #6069] addi x0,x0,0
Register Write to Reg: 0x00 Val: 0x00000000
[inst #6070] addi x0,x0,0
Register Write to Reg: 0x00 Val: 0x00000000
[inst #6071] addi x0,x0,0
Register Write to Reg: 0x00 Val: 0x00000000
[inst #6072] lw x7,0(x7)
Register Write to Reg: 0x07 Val: 0x00000000
[inst #6073] addi x0,x0,0
Register Write to Reg: 0x00 Val: 0x00000000
[inst #6074] addi x0,x0,0
Register Write to Reg: 0x00 Val: 0x00000000
[inst #6075] addi x0,x0,0
Register Write to Reg: 0x00 Val: 0x00000000
[inst #6076] addi x29,x7,-1
Register Write to Reg: 0x1D Val: 0xFFFFFFFF
[inst #6077] addi x0,x0,0
Register Write to Reg: 0x00 Val: 0x00000000
[inst #6078] addi x0,x0,0
Register Write to Reg: 0x00 Val: 0x00000000
[inst #6079] addi x0,x0,0
Register Write to Reg: 0x00 Val: 0x00000000
[inst #6080] auipc x28,64528
Register Write to Reg: 0x1C Val: 0x100103B0
[inst #6081] sll x0,x0,x0
Register Write to Reg: 0x00 Val: 0x00000000
[inst #6082] sll x0,x0,x0
Register Write to Reg: 0x00 Val: 0x00000000
[inst #6083] sll x0,x0,x0
Register Write to Reg: 0x00 Val: 0x00000000
[inst #6084] addi x28,x28,-904
Register Write to Reg: 0x1C Val: 0x10010028
[inst #6085] addi x0,x0,0
Register Write to Reg: 0x00 Val: 0x00000000
[inst #6086] addi x0,x0,0
Register Write to Reg: 0x00 Val: 0x00000000
[inst #6087] addi x0,x0,0
Register Write to Reg: 0x00 Val: 0x00000000
[inst #6088] sw x29,0(x28)
Memory Write to Addr: 0x10010028 Val: 0xFFFFFFFF
[inst #6089] auipc x29,64528
Register Write to Reg: 0x1D Val: 0x100103D4
[inst #6090] sll x0,x0,x0
Register Write to Reg: 0x00 Val: 0x00000000
[inst #6091] sll x0,x0,x0
Register Write to Reg: 0x00 Val: 0x00000000
[inst #6092] sll x0,x0,x0
Register Write to Reg: 0x00 Val: 0x00000000
[inst #6093] addi x29,x29,-980
Register Write to Reg: 0x1D Val: 0x10010000
[inst #6094] addi x0,x0,0
Register Write to Reg: 0x00 Val: 0x00000000
[inst #6095] addi x0,x0,0
Register Write to Reg: 0x00 Val: 0x00000000
[inst #6096] addi x0,x0,0
Register Write to Reg: 0x00 Val: 0x00000000
[inst #6097] slli x28,x7,2
Register Write to Reg: 0x1C Val: 0x00000000
[inst #6098] addi x0,x0,0
Register Write to Reg: 0x00 Val: 0x00000000
[inst #6099] addi x0,x0,0
Register Write to Reg: 0x00 Val: 0x00000000
[inst #6100] addi x0,x0,0
Register Write to Reg: 0x00 Val: 0x00000000
[inst #6101] srli x28,x28,1
Register Write to Reg: 0x1C Val: 0x00000000
[inst #6102] addi x0,x0,0
Register Write to Reg: 0x00 Val: 0x00000000
[inst #6103] addi x0,x0,0
Register Write to Reg: 0x00 Val: 0x00000000
[inst #6104] addi x0,x0,0
Register Write to Reg: 0x00 Val: 0x00000000
[inst #6105] srai x28,x28,1
Register Write to Reg: 0x1C Val: 0x00000000
[inst #6106] addi x0,x0,0
Register Write to Reg: 0x00 Val: 0x00000000
[inst #6107] addi x0,x0,0
Register Write to Reg: 0x00 Val: 0x00000000
[inst #6108] addi x0,x0,0
Register Write to Reg: 0x00 Val: 0x00000000
[inst #6109] slli x28,x28,2
Register Write to Reg: 0x1C Val: 0x00000000
[inst #6110] addi x0,x0,0
Register Write to Reg: 0x00 Val: 0x00000000
[inst #6111] addi x0,x0,0
Register Write to Reg: 0x00 Val: 0x00000000
[inst #6112] addi x0,x0,0
Register Write to Reg: 0x00 Val: 0x00000000
[inst #6113] xor x31,x1,x7
Register Write to Reg: 0x1F Val: 0x00400338
[inst #6114] addi x0,x0,0
Register Write to Reg: 0x00 Val: 0x00000000
[inst #6115] addi x0,x0,0
Register Write to Reg: 0x00 Val: 0x00000000
[inst #6116] addi x0,x0,0
Register Write to Reg: 0x00 Val: 0x00000000
[inst #6117] or x31,x1,x7
Register Write to Reg: 0x1F Val: 0x00400338
[inst #6118] addi x0,x0,0
Register Write to Reg: 0x00 Val: 0x00000000
[inst #6119] addi x0,x0,0
Register Write to Reg: 0x00 Val: 0x00000000
[inst #6120] addi x0,x0,0
Register Write to Reg: 0x00 Val: 0x00000000
[inst #6121] sub x31,x0,x31
Register Write to Reg: 0x1F Val: 0xFFBFFCC8
[inst #6122] addi x0,x0,0
Register Write to Reg: 0x00 Val: 0x00000000
[inst #6123] addi x0,x0,0
Register Write to Reg: 0x00 Val: 0x00000000
[inst #6124] addi x0,x0,0
Register Write to Reg: 0x00 Val: 0x00000000
[inst #6125] auipc x7,64528
Register Write to Reg: 0x07 Val: 0x10010464
[inst #6126] sll x0,x0,x0
Register Write to Reg: 0x00 Val: 0x00000000
[inst #6127] sll x0,x0,x0
Register Write to Reg: 0x00 Val: 0x00000000
[inst #6128] sll x0,x0,x0
Register Write to Reg: 0x00 Val: 0x00000000
[inst #6129] addi x7,x7,-1124
Register Write to Reg: 0x07 Val: 0x10010000
[inst #6130] addi x0,x0,0
Register Write to Reg: 0x00 Val: 0x00000000
[inst #6131] addi x0,x0,0
Register Write to Reg: 0x00 Val: 0x00000000
[inst #6132] addi x0,x0,0
Register Write to Reg: 0x00 Val: 0x00000000
[inst #6133] lui x11,16
Register Write to Reg: 0x0B Val: 0x00010000
[inst #6134] addi x0,x0,0
Register Write to Reg: 0x00 Val: 0x00000000
[inst #6135] addi x0,x0,0
Register Write to Reg: 0x00 Val: 0x00000000
[inst #6136] addi x0,x0,0
Register Write to Reg: 0x00 Val: 0x00000000
[inst #6137] addi x11,x11,-1
Register Write to Reg: 0x0B Val: 0x0000FFFF
[inst #6138] addi x0,x0,0
Register Write to Reg: 0x00 Val: 0x00000000
[inst #6139] addi x0,x0,0
Register Write to Reg: 0x00 Val: 0x00000000
[inst #6140] addi x0,x0,0
Register Write to Reg: 0x00 Val: 0x00000000
[inst #6141] and x31,x7,x11
Register Write to Reg: 0x1F Val: 0x00000000
[inst #6142] addi x0,x0,0
Register Write to Reg: 0x00 Val: 0x00000000
[inst #6143] addi x0,x0,0
Register Write to Reg: 0x00 Val: 0x00000000
[inst #6144] addi x0,x0,0
Register Write to Reg: 0x00 Val: 0x00000000
[inst #6145] add x7,x29,x31
Register Write to Reg: 0x07 Val: 0x10010000
[inst #6146] addi x0,x0,0
Register Write to Reg: 0x00 Val: 0x00000000
[inst #6147] addi x0,x0,0
Register Write to Reg: 0x00 Val: 0x00000000
[inst #6148] addi x0,x0,0
Register Write to Reg: 0x00 Val: 0x00000000
[inst #6149] add x7,x28,x7
Register Write to Reg: 0x07 Val: 0x10010000
[inst #6150] addi x0,x0,0
Register Write to Reg: 0x00 Val: 0x00000000
[inst #6151] addi x0,x0,0
Register Write to Reg: 0x00 Val: 0x00000000
[inst #6152] addi x0,x0,0
Register Write to Reg: 0x00 Val: 0x00000000
[inst #6153] lw x28,48(x8)
Register Write to Reg: 0x1C Val: 0x00000003
[inst #6154] addi x0,x0,0
Register Write to Reg: 0x00 Val: 0x00000000
[inst #6155] addi x0,x0,0
Register Write to Reg: 0x00 Val: 0x00000000
[inst #6156] addi x0,x0,0
Register Write to Reg: 0x00 Val: 0x00000000
[inst #6157] sw x28,0(x7)
Memory Write to Addr: 0x10010000 Val: 0x00000003
[inst #6158] add x2,x0,x8
Register Write to Reg: 0x02 Val: 0x10010FA8
[inst #6159] addi x0,x0,0
Register Write to Reg: 0x00 Val: 0x00000000
[inst #6160] addi x0,x0,0
Register Write to Reg: 0x00 Val: 0x00000000
[inst #6161] addi x0,x0,0
Register Write to Reg: 0x00 Val: 0x00000000
[inst #6162] lw x1,44(x2)
Register Write to Reg: 0x01 Val: 0x0040013C
[inst #6163] lw x8,40(x2)
Register Write to Reg: 0x08 Val: 0x10010FD8
[inst #6164] addi x0,x0,0
Register Write to Reg: 0x00 Val: 0x00000000
[inst #6165] addi x0,x0,0
Register Write to Reg: 0x00 Val: 0x00000000
[inst #6166] addi x0,x0,0
Register Write to Reg: 0x00 Val: 0x00000000
[inst #6167] addi x2,x2,48
Register Write to Reg: 0x02 Val: 0x10010FD8
[inst #6168] addi x0,x0,0
Register Write to Reg: 0x00 Val: 0x00000000
[inst #6169] addi x0,x0,0
Register Write to Reg: 0x00 Val: 0x00000000
[inst #6170] jalr x0,x1,0
Register Write to Reg: 0x00 Val: 0x0040051C
[inst #6171] lw x7,24(x8)
Register Write to Reg: 0x07 Val: 0x00000003
[inst #6172] addi x0,x0,0
Register Write to Reg: 0x00 Val: 0x00000000
[inst #6173] addi x0,x0,0
Register Write to Reg: 0x00 Val: 0x00000000
[inst #6174] addi x0,x0,0
Register Write to Reg: 0x00 Val: 0x00000000
[inst #6175] addi x7,x7,1
Register Write to Reg: 0x07 Val: 0x00000004
[inst #6176] addi x0,x0,0
Register Write to Reg: 0x00 Val: 0x00000000
[inst #6177] addi x0,x0,0
Register Write to Reg: 0x00 Val: 0x00000000
[inst #6178] addi x0,x0,0
Register Write to Reg: 0x00 Val: 0x00000000
[inst #6179] sw x7,24(x8)
Memory Write to Addr: 0x10010FF0 Val: 0x00000004
[inst #6180] lw x7,24(x8)
Register Write to Reg: 0x07 Val: 0x00000004
[inst #6181] addi x0,x0,0
Register Write to Reg: 0x00 Val: 0x00000000
[inst #6182] addi x0,x0,0
Register Write to Reg: 0x00 Val: 0x00000000
[inst #6183] addi x0,x0,0
Register Write to Reg: 0x00 Val: 0x00000000
[inst #6184] slti x7,x7,4
Register Write to Reg: 0x07 Val: 0x00000000
[inst #6185] addi x0,x0,0
Register Write to Reg: 0x00 Val: 0x00000000
[inst #6186] addi x0,x0,0
Register Write to Reg: 0x00 Val: 0x00000000
[inst #6187] addi x0,x0,0
Register Write to Reg: 0x00 Val: 0x00000000
[inst #6188] beq x7,x0,24
[inst #6189] sw x0,28(x8)
Memory Write to Addr: 0x10010FF4 Val: 0x00000000
[inst #6190] jal x0,48
Register Write to Reg: 0x00 Val: 0x004001A0
[inst #6191] lw x7,28(x8)
Register Write to Reg: 0x07 Val: 0x00000000
[inst #6192] addi x0,x0,0
Register Write to Reg: 0x00 Val: 0x00000000
[inst #6193] addi x0,x0,0
Register Write to Reg: 0x00 Val: 0x00000000
[inst #6194] addi x0,x0,0
Register Write to Reg: 0x00 Val: 0x00000000
[inst #6195] slti x7,x7,4
Register Write to Reg: 0x07 Val: 0x00000001
[inst #6196] addi x0,x0,0
Register Write to Reg: 0x00 Val: 0x00000000
[inst #6197] addi x0,x0,0
Register Write to Reg: 0x00 Val: 0x00000000
[inst #6198] addi x0,x0,0
Register Write to Reg: 0x00 Val: 0x00000000
[inst #6199] xori x7,x7,1
Register Write to Reg: 0x07 Val: 0x00000000
[inst #6200] addi x0,x0,0
Register Write to Reg: 0x00 Val: 0x00000000
[inst #6201] addi x0,x0,0
Register Write to Reg: 0x00 Val: 0x00000000
[inst #6202] addi x0,x0,0
Register Write to Reg: 0x00 Val: 0x00000000
[inst #6203] beq x7,x0,-84
[inst #6204] lw x7,28(x8)
Register Write to Reg: 0x07 Val: 0x00000000
[inst #6205] addi x0,x0,0
Register Write to Reg: 0x00 Val: 0x00000000
[inst #6206] addi x0,x0,0
Register Write to Reg: 0x00 Val: 0x00000000
[inst #6207] addi x0,x0,0
Register Write to Reg: 0x00 Val: 0x00000000
[inst #6208] addi x7,x7,1
Register Write to Reg: 0x07 Val: 0x00000001
[inst #6209] addi x0,x0,0
Register Write to Reg: 0x00 Val: 0x00000000
[inst #6210] addi x0,x0,0
Register Write to Reg: 0x00 Val: 0x00000000
[inst #6211] addi x0,x0,0
Register Write to Reg: 0x00 Val: 0x00000000
[inst #6212] sw x7,28(x8)
Memory Write to Addr: 0x10010FF4 Val: 0x00000001
[inst #6213] lw x7,28(x8)
Register Write to Reg: 0x07 Val: 0x00000001
[inst #6214] addi x0,x0,0
Register Write to Reg: 0x00 Val: 0x00000000
[inst #6215] addi x0,x0,0
Register Write to Reg: 0x00 Val: 0x00000000
[inst #6216] addi x0,x0,0
Register Write to Reg: 0x00 Val: 0x00000000
[inst #6217] slti x7,x7,4
Register Write to Reg: 0x07 Val: 0x00000001
[inst #6218] addi x0,x0,0
Register Write to Reg: 0x00 Val: 0x00000000
[inst #6219] addi x0,x0,0
Register Write to Reg: 0x00 Val: 0x00000000
[inst #6220] addi x0,x0,0
Register Write to Reg: 0x00 Val: 0x00000000
[inst #6221] xori x7,x7,1
Register Write to Reg: 0x07 Val: 0x00000000
[inst #6222] addi x0,x0,0
Register Write to Reg: 0x00 Val: 0x00000000
[inst #6223] addi x0,x0,0
Register Write to Reg: 0x00 Val: 0x00000000
[inst #6224] addi x0,x0,0
Register Write to Reg: 0x00 Val: 0x00000000
[inst #6225] beq x7,x0,-84
[inst #6226] lw x7,28(x8)
Register Write to Reg: 0x07 Val: 0x00000001
[inst #6227] addi x0,x0,0
Register Write to Reg: 0x00 Val: 0x00000000
[inst #6228] addi x0,x0,0
Register Write to Reg: 0x00 Val: 0x00000000
[inst #6229] addi x0,x0,0
Register Write to Reg: 0x00 Val: 0x00000000
[inst #6230] addi x7,x7,1
Register Write to Reg: 0x07 Val: 0x00000002
[inst #6231] addi x0,x0,0
Register Write to Reg: 0x00 Val: 0x00000000
[inst #6232] addi x0,x0,0
Register Write to Reg: 0x00 Val: 0x00000000
[inst #6233] addi x0,x0,0
Register Write to Reg: 0x00 Val: 0x00000000
[inst #6234] sw x7,28(x8)
Memory Write to Addr: 0x10010FF4 Val: 0x00000002
[inst #6235] lw x7,28(x8)
Register Write to Reg: 0x07 Val: 0x00000002
[inst #6236] addi x0,x0,0
Register Write to Reg: 0x00 Val: 0x00000000
[inst #6237] addi x0,x0,0
Register Write to Reg: 0x00 Val: 0x00000000
[inst #6238] addi x0,x0,0
Register Write to Reg: 0x00 Val: 0x00000000
[inst #6239] slti x7,x7,4
Register Write to Reg: 0x07 Val: 0x00000001
[inst #6240] addi x0,x0,0
Register Write to Reg: 0x00 Val: 0x00000000
[inst #6241] addi x0,x0,0
Register Write to Reg: 0x00 Val: 0x00000000
[inst #6242] addi x0,x0,0
Register Write to Reg: 0x00 Val: 0x00000000
[inst #6243] xori x7,x7,1
Register Write to Reg: 0x07 Val: 0x00000000
[inst #6244] addi x0,x0,0
Register Write to Reg: 0x00 Val: 0x00000000
[inst #6245] addi x0,x0,0
Register Write to Reg: 0x00 Val: 0x00000000
[inst #6246] addi x0,x0,0
Register Write to Reg: 0x00 Val: 0x00000000
[inst #6247] beq x7,x0,-84
[inst #6248] lw x7,28(x8)
Register Write to Reg: 0x07 Val: 0x00000002
[inst #6249] addi x0,x0,0
Register Write to Reg: 0x00 Val: 0x00000000
[inst #6250] addi x0,x0,0
Register Write to Reg: 0x00 Val: 0x00000000
[inst #6251] addi x0,x0,0
Register Write to Reg: 0x00 Val: 0x00000000
[inst #6252] addi x7,x7,1
Register Write to Reg: 0x07 Val: 0x00000003
[inst #6253] addi x0,x0,0
Register Write to Reg: 0x00 Val: 0x00000000
[inst #6254] addi x0,x0,0
Register Write to Reg: 0x00 Val: 0x00000000
[inst #6255] addi x0,x0,0
Register Write to Reg: 0x00 Val: 0x00000000
[inst #6256] sw x7,28(x8)
Memory Write to Addr: 0x10010FF4 Val: 0x00000003
[inst #6257] lw x7,28(x8)
Register Write to Reg: 0x07 Val: 0x00000003
[inst #6258] addi x0,x0,0
Register Write to Reg: 0x00 Val: 0x00000000
[inst #6259] addi x0,x0,0
Register Write to Reg: 0x00 Val: 0x00000000
[inst #6260] addi x0,x0,0
Register Write to Reg: 0x00 Val: 0x00000000
[inst #6261] slti x7,x7,4
Register Write to Reg: 0x07 Val: 0x00000001
[inst #6262] addi x0,x0,0
Register Write to Reg: 0x00 Val: 0x00000000
[inst #6263] addi x0,x0,0
Register Write to Reg: 0x00 Val: 0x00000000
[inst #6264] addi x0,x0,0
Register Write to Reg: 0x00 Val: 0x00000000
[inst #6265] xori x7,x7,1
Register Write to Reg: 0x07 Val: 0x00000000
[inst #6266] addi x0,x0,0
Register Write to Reg: 0x00 Val: 0x00000000
[inst #6267] addi x0,x0,0
Register Write to Reg: 0x00 Val: 0x00000000
[inst #6268] addi x0,x0,0
Register Write to Reg: 0x00 Val: 0x00000000
[inst #6269] beq x7,x0,-84
[inst #6270] lw x7,28(x8)
Register Write to Reg: 0x07 Val: 0x00000003
[inst #6271] addi x0,x0,0
Register Write to Reg: 0x00 Val: 0x00000000
[inst #6272] addi x0,x0,0
Register Write to Reg: 0x00 Val: 0x00000000
[inst #6273] addi x0,x0,0
Register Write to Reg: 0x00 Val: 0x00000000
[inst #6274] addi x7,x7,1
Register Write to Reg: 0x07 Val: 0x00000004
[inst #6275] addi x0,x0,0
Register Write to Reg: 0x00 Val: 0x00000000
[inst #6276] addi x0,x0,0
Register Write to Reg: 0x00 Val: 0x00000000
[inst #6277] addi x0,x0,0
Register Write to Reg: 0x00 Val: 0x00000000
[inst #6278] sw x7,28(x8)
Memory Write to Addr: 0x10010FF4 Val: 0x00000004
[inst #6279] lw x7,28(x8)
Register Write to Reg: 0x07 Val: 0x00000004
[inst #6280] addi x0,x0,0
Register Write to Reg: 0x00 Val: 0x00000000
[inst #6281] addi x0,x0,0
Register Write to Reg: 0x00 Val: 0x00000000
[inst #6282] addi x0,x0,0
Register Write to Reg: 0x00 Val: 0x00000000
[inst #6283] slti x7,x7,4
Register Write to Reg: 0x07 Val: 0x00000000
[inst #6284] addi x0,x0,0
Register Write to Reg: 0x00 Val: 0x00000000
[inst #6285] addi x0,x0,0
Register Write to Reg: 0x00 Val: 0x00000000
[inst #6286] addi x0,x0,0
Register Write to Reg: 0x00 Val: 0x00000000
[inst #6287] xori x7,x7,1
Register Write to Reg: 0x07 Val: 0x00000001
[inst #6288] addi x0,x0,0
Register Write to Reg: 0x00 Val: 0x00000000
[inst #6289] addi x0,x0,0
Register Write to Reg: 0x00 Val: 0x00000000
[inst #6290] addi x0,x0,0
Register Write to Reg: 0x00 Val: 0x00000000
[inst #6291] beq x7,x0,-84
[inst #6292] addi x0,x0,0
Register Write to Reg: 0x00 Val: 0x00000000
[inst #6293] addi x0,x0,0
Register Write to Reg: 0x00 Val: 0x00000000
[inst #6294] add x7,x0,x0
Register Write to Reg: 0x07 Val: 0x00000000
[inst #6295] add x2,x0,x8
Register Write to Reg: 0x02 Val: 0x10010FD8
[inst #6296] addi x0,x0,0
Register Write to Reg: 0x00 Val: 0x00000000
[inst #6297] addi x0,x0,0
Register Write to Reg: 0x00 Val: 0x00000000
[inst #6298] addi x0,x0,0
Register Write to Reg: 0x00 Val: 0x00000000
[inst #6299] lw x1,36(x2)
Register Write to Reg: 0x01 Val: 0x0040004C
[inst #6300] lw x8,32(x2)
Register Write to Reg: 0x08 Val: 0x00000000
[inst #6301] addi x0,x0,0
Register Write to Reg: 0x00 Val: 0x00000000
[inst #6302] addi x0,x0,0
Register Write to Reg: 0x00 Val: 0x00000000
[inst #6303] addi x0,x0,0
Register Write to Reg: 0x00 Val: 0x00000000
[inst #6304] addi x2,x2,40
Register Write to Reg: 0x02 Val: 0x10011000
[inst #6305] addi x0,x0,0
Register Write to Reg: 0x00 Val: 0x00000000
[inst #6306] addi x0,x0,0
Register Write to Reg: 0x00 Val: 0x00000000
[inst #6307] jalr x0,x1,0
Register Write to Reg: 0x00 Val: 0x00400240
[inst #6308] jal x0,3472
Register Write to Reg: 0x00 Val: 0x00400050
[inst #6309] wfi 

Program terminated by dropping off the bottom.
