Reading pref.tcl

# 2025.1_2

# vsim -postsimdataflow -debugdb -c -voptargs=""+acc"" tb -do "modelsim_framework.do" -gOUTPUT_TRACE=ms.trace 
# Start time: 10:21:31 on Mar 25,2026
# ** Note: (vsim-3812) Design is being optimized...
# ** Note: (vsim-8611) Generating debug db.
# ** Warning: (vopt-10587) Some optimizations are turned off because the +acc switch is in effect. This will cause your simulation to run slowly. Please use -access/-debug to maintain needed visibility. The +acc switch would be deprecated in a future release.
# ** Note: (vopt-4301) Memory core inferred for signal 'ram' width=32, depth=1024, type=RAM at location proj/src/TopLevel/mem.vhd:35
# ** Note: (vsim-12126) Error and warning message counts have been restored: Errors=0, Warnings=1.
# //  Questa Sim-64
# //  Version 2025.1_2 linux_x86_64 Apr  7 2025
# //
# // Unpublished work. Copyright 2025 Siemens
# //
# // This material contains trade secrets or otherwise confidential information
# // owned by Siemens Industry Software Inc. or its affiliates (collectively,
# // "SISW"), or its licensors. Access to and use of this information is strictly
# // limited as set forth in the Customer's applicable agreements with SISW.
# //
# // This material may not be copied, distributed, or otherwise disclosed outside
# // of the Customer's facilities without the express written permission of SISW,
# // and may not be used in any way not expressly authorized by SISW.
# //
# Loading std.standard
# Loading std.textio(body)
# Loading ieee.std_logic_1164(body)
# Loading ieee.std_logic_textio(body)
# Loading std.env(body)
# Loading work.tb(mixed)#1
# Loading work.riscv_types(body)
# Loading work.riscv_processor(structure)#1
# Loading ieee.numeric_std(body)
# Loading work.mem(rtl)#1
# Loading work.fetch_unit(structure)#1
# Loading work.register_nbit(structural)#1
# Loading work.dffg(mixed)#1
# Loading work.andg2(dataflow)#1
# Loading work.org2(dataflow)#1
# Loading work.mux2t1_n(structural)#1
# Loading work.mux2t1(structure)#1
# Loading work.invg(dataflow)#1
# Loading work.ripple_carry_addern(structural)#1
# Loading work.full_adder(structure)#1
# Loading work.xorg2(dataflow)#1
# Loading work.sc_processor_control_unit(dataflow)#1
# Loading work.sc_processor_alu_control(dataflow)#1
# Loading work.immediate_generator(dataflow)#1
# Loading work.bitextender_12to32(behavioral)#1
# Loading work.bitextender_20to32(behavioral)#1
# Loading work.register_file(structural)#1
# Loading work.decoder_5to32(dataflow)#1
# Loading work.source_register(structural)#1
# Loading work.mux_32to1(dataflow)#1
# Loading work.alu_32(structural)#1
# Loading work.addsub_32(structural)#1
# Loading work.barrel_shifter(structural)#1
# Loading work.barrel_shifter(structural)#2
# Loading work.branch_resolver(dataflow)#1
# ** Note: (vsim-8900) Creating design debug database vsim.dbg.
# do modelsim_framework.do
# ** Warning: NUMERIC_STD.TO_INTEGER: metavalue detected, returning 0
#    Time: 0 ns  Iteration: 0  Instance: /tb/MyRiscv/DMem
# ** Warning: NUMERIC_STD.TO_INTEGER: metavalue detected, returning 0
#    Time: 0 ns  Iteration: 0  Instance: /tb/MyRiscv/IMem
# ** Warning: NUMERIC_STD.TO_INTEGER: metavalue detected, returning 0
#    Time: 0 ns  Iteration: 7  Instance: /tb/MyRiscv/DMem
# ** Warning: NUMERIC_STD.TO_INTEGER: metavalue detected, returning 0
#    Time: 5 ns  Iteration: 15  Instance: /tb/MyRiscv/DMem
# ** Warning: NUMERIC_STD.TO_INTEGER: metavalue detected, returning 0
#    Time: 5 ns  Iteration: 16  Instance: /tb/MyRiscv/DMem
# ** Warning: NUMERIC_STD.TO_INTEGER: metavalue detected, returning 0
#    Time: 5 ns  Iteration: 18  Instance: /tb/MyRiscv/DMem
# ** Warning: NUMERIC_STD.TO_INTEGER: metavalue detected, returning 0
#    Time: 5 ns  Iteration: 20  Instance: /tb/MyRiscv/DMem
# ** Warning: NUMERIC_STD.TO_INTEGER: metavalue detected, returning 0
#    Time: 5 ns  Iteration: 22  Instance: /tb/MyRiscv/DMem
# ** Warning: NUMERIC_STD.TO_INTEGER: metavalue detected, returning 0
#    Time: 5 ns  Iteration: 24  Instance: /tb/MyRiscv/DMem
# ** Warning: NUMERIC_STD.TO_INTEGER: metavalue detected, returning 0
#    Time: 5 ns  Iteration: 26  Instance: /tb/MyRiscv/DMem
# ** Warning: NUMERIC_STD.TO_INTEGER: metavalue detected, returning 0
#    Time: 5 ns  Iteration: 28  Instance: /tb/MyRiscv/DMem
# ** Warning: NUMERIC_STD.TO_INTEGER: metavalue detected, returning 0
#    Time: 5 ns  Iteration: 30  Instance: /tb/MyRiscv/DMem
# ** Warning: NUMERIC_STD.TO_INTEGER: metavalue detected, returning 0
#    Time: 20440 ns  Iteration: 17  Instance: /tb/MyRiscv/DMem
# ** Warning: NUMERIC_STD.TO_INTEGER: metavalue detected, returning 0
#    Time: 20440 ns  Iteration: 18  Instance: /tb/MyRiscv/DMem
# ** Warning: NUMERIC_STD.TO_INTEGER: metavalue detected, returning 0
#    Time: 40860 ns  Iteration: 17  Instance: /tb/MyRiscv/DMem
# ** Warning: NUMERIC_STD.TO_INTEGER: metavalue detected, returning 0
#    Time: 40860 ns  Iteration: 18  Instance: /tb/MyRiscv/DMem
# ** Warning: NUMERIC_STD.TO_INTEGER: metavalue detected, returning 0
#    Time: 61280 ns  Iteration: 17  Instance: /tb/MyRiscv/DMem
# ** Warning: NUMERIC_STD.TO_INTEGER: metavalue detected, returning 0
#    Time: 61280 ns  Iteration: 18  Instance: /tb/MyRiscv/DMem
# ** Warning: NUMERIC_STD.TO_INTEGER: metavalue detected, returning 0
#    Time: 61280 ns  Iteration: 20  Instance: /tb/MyRiscv/DMem
# ** Warning: NUMERIC_STD.TO_INTEGER: metavalue detected, returning 0
#    Time: 81700 ns  Iteration: 17  Instance: /tb/MyRiscv/DMem
# ** Warning: NUMERIC_STD.TO_INTEGER: metavalue detected, returning 0
#    Time: 81700 ns  Iteration: 18  Instance: /tb/MyRiscv/DMem
# ** Warning: NUMERIC_STD.TO_INTEGER: metavalue detected, returning 0
#    Time: 102120 ns  Iteration: 17  Instance: /tb/MyRiscv/DMem
# ** Warning: NUMERIC_STD.TO_INTEGER: metavalue detected, returning 0
#    Time: 102120 ns  Iteration: 18  Instance: /tb/MyRiscv/DMem
# ** Warning: NUMERIC_STD.TO_INTEGER: metavalue detected, returning 0
#    Time: 102120 ns  Iteration: 20  Instance: /tb/MyRiscv/DMem
# ** Warning: NUMERIC_STD.TO_INTEGER: metavalue detected, returning 0
#    Time: 122540 ns  Iteration: 17  Instance: /tb/MyRiscv/DMem
# ** Warning: NUMERIC_STD.TO_INTEGER: metavalue detected, returning 0
#    Time: 122540 ns  Iteration: 18  Instance: /tb/MyRiscv/DMem
# ** Warning: NUMERIC_STD.TO_INTEGER: metavalue detected, returning 0
#    Time: 122540 ns  Iteration: 20  Instance: /tb/MyRiscv/DMem
# ** Warning: NUMERIC_STD.TO_INTEGER: metavalue detected, returning 0
#    Time: 142960 ns  Iteration: 17  Instance: /tb/MyRiscv/DMem
# ** Warning: NUMERIC_STD.TO_INTEGER: metavalue detected, returning 0
#    Time: 142960 ns  Iteration: 18  Instance: /tb/MyRiscv/DMem
# ** Warning: NUMERIC_STD.TO_INTEGER: metavalue detected, returning 0
#    Time: 142960 ns  Iteration: 20  Instance: /tb/MyRiscv/DMem
# ** Warning: NUMERIC_STD.TO_INTEGER: metavalue detected, returning 0
#    Time: 142960 ns  Iteration: 22  Instance: /tb/MyRiscv/DMem
# ** Warning: NUMERIC_STD.TO_INTEGER: metavalue detected, returning 0
#    Time: 163380 ns  Iteration: 17  Instance: /tb/MyRiscv/DMem
# ** Warning: NUMERIC_STD.TO_INTEGER: metavalue detected, returning 0
#    Time: 163380 ns  Iteration: 18  Instance: /tb/MyRiscv/DMem
# ** Warning: NUMERIC_STD.TO_INTEGER: metavalue detected, returning 0
#    Time: 183800 ns  Iteration: 17  Instance: /tb/MyRiscv/DMem
# ** Warning: NUMERIC_STD.TO_INTEGER: metavalue detected, returning 0
#    Time: 183800 ns  Iteration: 18  Instance: /tb/MyRiscv/DMem
# ** Warning: NUMERIC_STD.TO_INTEGER: metavalue detected, returning 0
#    Time: 183800 ns  Iteration: 20  Instance: /tb/MyRiscv/DMem
# ** Warning: NUMERIC_STD.TO_INTEGER: metavalue detected, returning 0
#    Time: 204220 ns  Iteration: 17  Instance: /tb/MyRiscv/DMem
# ** Warning: NUMERIC_STD.TO_INTEGER: metavalue detected, returning 0
#    Time: 204220 ns  Iteration: 18  Instance: /tb/MyRiscv/DMem
# ** Warning: NUMERIC_STD.TO_INTEGER: metavalue detected, returning 0
#    Time: 204220 ns  Iteration: 20  Instance: /tb/MyRiscv/DMem
# ** Warning: NUMERIC_STD.TO_INTEGER: metavalue detected, returning 0
#    Time: 224640 ns  Iteration: 17  Instance: /tb/MyRiscv/DMem
# ** Warning: NUMERIC_STD.TO_INTEGER: metavalue detected, returning 0
#    Time: 224640 ns  Iteration: 18  Instance: /tb/MyRiscv/DMem
# ** Warning: NUMERIC_STD.TO_INTEGER: metavalue detected, returning 0
#    Time: 224640 ns  Iteration: 20  Instance: /tb/MyRiscv/DMem
# ** Warning: NUMERIC_STD.TO_INTEGER: metavalue detected, returning 0
#    Time: 245060 ns  Iteration: 17  Instance: /tb/MyRiscv/DMem
# ** Warning: NUMERIC_STD.TO_INTEGER: metavalue detected, returning 0
#    Time: 245060 ns  Iteration: 18  Instance: /tb/MyRiscv/DMem
# ** Warning: NUMERIC_STD.TO_INTEGER: metavalue detected, returning 0
#    Time: 245060 ns  Iteration: 20  Instance: /tb/MyRiscv/DMem
# ** Warning: NUMERIC_STD.TO_INTEGER: metavalue detected, returning 0
#    Time: 265480 ns  Iteration: 17  Instance: /tb/MyRiscv/DMem
# ** Warning: NUMERIC_STD.TO_INTEGER: metavalue detected, returning 0
#    Time: 265480 ns  Iteration: 18  Instance: /tb/MyRiscv/DMem
# ** Warning: NUMERIC_STD.TO_INTEGER: metavalue detected, returning 0
#    Time: 265480 ns  Iteration: 20  Instance: /tb/MyRiscv/DMem
# ** Warning: NUMERIC_STD.TO_INTEGER: metavalue detected, returning 0
#    Time: 265480 ns  Iteration: 22  Instance: /tb/MyRiscv/DMem
# ** Warning: NUMERIC_STD.TO_INTEGER: metavalue detected, returning 0
#    Time: 285900 ns  Iteration: 17  Instance: /tb/MyRiscv/DMem
# ** Warning: NUMERIC_STD.TO_INTEGER: metavalue detected, returning 0
#    Time: 285900 ns  Iteration: 18  Instance: /tb/MyRiscv/DMem
# ** Warning: NUMERIC_STD.TO_INTEGER: metavalue detected, returning 0
#    Time: 285900 ns  Iteration: 20  Instance: /tb/MyRiscv/DMem
# ** Warning: NUMERIC_STD.TO_INTEGER: metavalue detected, returning 0
#    Time: 285900 ns  Iteration: 22  Instance: /tb/MyRiscv/DMem
# ** Warning: NUMERIC_STD.TO_INTEGER: metavalue detected, returning 0
#    Time: 306320 ns  Iteration: 17  Instance: /tb/MyRiscv/DMem
# ** Warning: NUMERIC_STD.TO_INTEGER: metavalue detected, returning 0
#    Time: 306320 ns  Iteration: 18  Instance: /tb/MyRiscv/DMem
# ** Warning: NUMERIC_STD.TO_INTEGER: metavalue detected, returning 0
#    Time: 306320 ns  Iteration: 20  Instance: /tb/MyRiscv/DMem
# ** Warning: NUMERIC_STD.TO_INTEGER: metavalue detected, returning 0
#    Time: 306320 ns  Iteration: 22  Instance: /tb/MyRiscv/DMem
# ** Warning: NUMERIC_STD.TO_INTEGER: metavalue detected, returning 0
#    Time: 306320 ns  Iteration: 24  Instance: /tb/MyRiscv/DMem
# ** Warning: NUMERIC_STD.TO_INTEGER: metavalue detected, returning 0
#    Time: 326740 ns  Iteration: 17  Instance: /tb/MyRiscv/DMem
# ** Warning: NUMERIC_STD.TO_INTEGER: metavalue detected, returning 0
#    Time: 326740 ns  Iteration: 18  Instance: /tb/MyRiscv/DMem
# ** Warning: NUMERIC_STD.TO_INTEGER: metavalue detected, returning 0
#    Time: 347160 ns  Iteration: 17  Instance: /tb/MyRiscv/DMem
# ** Warning: NUMERIC_STD.TO_INTEGER: metavalue detected, returning 0
#    Time: 347160 ns  Iteration: 18  Instance: /tb/MyRiscv/DMem
# ** Warning: NUMERIC_STD.TO_INTEGER: metavalue detected, returning 0
#    Time: 347160 ns  Iteration: 20  Instance: /tb/MyRiscv/DMem
# ** Warning: NUMERIC_STD.TO_INTEGER: metavalue detected, returning 0
#    Time: 367580 ns  Iteration: 17  Instance: /tb/MyRiscv/DMem
# ** Warning: NUMERIC_STD.TO_INTEGER: metavalue detected, returning 0
#    Time: 367580 ns  Iteration: 18  Instance: /tb/MyRiscv/DMem
# ** Warning: NUMERIC_STD.TO_INTEGER: metavalue detected, returning 0
#    Time: 367580 ns  Iteration: 20  Instance: /tb/MyRiscv/DMem
# ** Warning: NUMERIC_STD.TO_INTEGER: metavalue detected, returning 0
#    Time: 388 us  Iteration: 17  Instance: /tb/MyRiscv/DMem
# ** Warning: NUMERIC_STD.TO_INTEGER: metavalue detected, returning 0
#    Time: 388 us  Iteration: 18  Instance: /tb/MyRiscv/DMem
# ** Warning: NUMERIC_STD.TO_INTEGER: metavalue detected, returning 0
#    Time: 388 us  Iteration: 20  Instance: /tb/MyRiscv/DMem
# ** Warning: NUMERIC_STD.TO_INTEGER: metavalue detected, returning 0
#    Time: 408420 ns  Iteration: 17  Instance: /tb/MyRiscv/DMem
# ** Warning: NUMERIC_STD.TO_INTEGER: metavalue detected, returning 0
#    Time: 408420 ns  Iteration: 18  Instance: /tb/MyRiscv/DMem
# ** Warning: NUMERIC_STD.TO_INTEGER: metavalue detected, returning 0
#    Time: 408420 ns  Iteration: 20  Instance: /tb/MyRiscv/DMem
# ** Warning: NUMERIC_STD.TO_INTEGER: metavalue detected, returning 0
#    Time: 428840 ns  Iteration: 17  Instance: /tb/MyRiscv/DMem
# ** Warning: NUMERIC_STD.TO_INTEGER: metavalue detected, returning 0
#    Time: 428840 ns  Iteration: 18  Instance: /tb/MyRiscv/DMem
# ** Warning: NUMERIC_STD.TO_INTEGER: metavalue detected, returning 0
#    Time: 428840 ns  Iteration: 20  Instance: /tb/MyRiscv/DMem
# ** Warning: NUMERIC_STD.TO_INTEGER: metavalue detected, returning 0
#    Time: 449260 ns  Iteration: 17  Instance: /tb/MyRiscv/DMem
# ** Warning: NUMERIC_STD.TO_INTEGER: metavalue detected, returning 0
#    Time: 449260 ns  Iteration: 18  Instance: /tb/MyRiscv/DMem
# ** Warning: NUMERIC_STD.TO_INTEGER: metavalue detected, returning 0
#    Time: 449260 ns  Iteration: 20  Instance: /tb/MyRiscv/DMem
# ** Warning: NUMERIC_STD.TO_INTEGER: metavalue detected, returning 0
#    Time: 469680 ns  Iteration: 17  Instance: /tb/MyRiscv/DMem
# ** Warning: NUMERIC_STD.TO_INTEGER: metavalue detected, returning 0
#    Time: 469680 ns  Iteration: 18  Instance: /tb/MyRiscv/DMem
# ** Warning: NUMERIC_STD.TO_INTEGER: metavalue detected, returning 0
#    Time: 469680 ns  Iteration: 20  Instance: /tb/MyRiscv/DMem
# ** Warning: NUMERIC_STD.TO_INTEGER: metavalue detected, returning 0
#    Time: 469680 ns  Iteration: 22  Instance: /tb/MyRiscv/DMem
# ** Warning: NUMERIC_STD.TO_INTEGER: metavalue detected, returning 0
#    Time: 490100 ns  Iteration: 17  Instance: /tb/MyRiscv/DMem
# ** Warning: NUMERIC_STD.TO_INTEGER: metavalue detected, returning 0
#    Time: 490100 ns  Iteration: 18  Instance: /tb/MyRiscv/DMem
# ** Warning: NUMERIC_STD.TO_INTEGER: metavalue detected, returning 0
#    Time: 490100 ns  Iteration: 20  Instance: /tb/MyRiscv/DMem
# ** Warning: NUMERIC_STD.TO_INTEGER: metavalue detected, returning 0
#    Time: 510520 ns  Iteration: 17  Instance: /tb/MyRiscv/DMem
# ** Warning: NUMERIC_STD.TO_INTEGER: metavalue detected, returning 0
#    Time: 510520 ns  Iteration: 18  Instance: /tb/MyRiscv/DMem
# ** Warning: NUMERIC_STD.TO_INTEGER: metavalue detected, returning 0
#    Time: 510520 ns  Iteration: 20  Instance: /tb/MyRiscv/DMem
# ** Warning: NUMERIC_STD.TO_INTEGER: metavalue detected, returning 0
#    Time: 510520 ns  Iteration: 22  Instance: /tb/MyRiscv/DMem
# ** Warning: NUMERIC_STD.TO_INTEGER: metavalue detected, returning 0
#    Time: 530940 ns  Iteration: 17  Instance: /tb/MyRiscv/DMem
# ** Warning: NUMERIC_STD.TO_INTEGER: metavalue detected, returning 0
#    Time: 530940 ns  Iteration: 18  Instance: /tb/MyRiscv/DMem
# ** Warning: NUMERIC_STD.TO_INTEGER: metavalue detected, returning 0
#    Time: 530940 ns  Iteration: 20  Instance: /tb/MyRiscv/DMem
# ** Warning: NUMERIC_STD.TO_INTEGER: metavalue detected, returning 0
#    Time: 530940 ns  Iteration: 22  Instance: /tb/MyRiscv/DMem
# ** Warning: NUMERIC_STD.TO_INTEGER: metavalue detected, returning 0
#    Time: 551360 ns  Iteration: 17  Instance: /tb/MyRiscv/DMem
# ** Warning: NUMERIC_STD.TO_INTEGER: metavalue detected, returning 0
#    Time: 551360 ns  Iteration: 18  Instance: /tb/MyRiscv/DMem
# ** Warning: NUMERIC_STD.TO_INTEGER: metavalue detected, returning 0
#    Time: 551360 ns  Iteration: 20  Instance: /tb/MyRiscv/DMem
# ** Warning: NUMERIC_STD.TO_INTEGER: metavalue detected, returning 0
#    Time: 551360 ns  Iteration: 22  Instance: /tb/MyRiscv/DMem
# ** Warning: NUMERIC_STD.TO_INTEGER: metavalue detected, returning 0
#    Time: 571780 ns  Iteration: 17  Instance: /tb/MyRiscv/DMem
# ** Warning: NUMERIC_STD.TO_INTEGER: metavalue detected, returning 0
#    Time: 571780 ns  Iteration: 18  Instance: /tb/MyRiscv/DMem
# ** Warning: NUMERIC_STD.TO_INTEGER: metavalue detected, returning 0
#    Time: 571780 ns  Iteration: 20  Instance: /tb/MyRiscv/DMem
# ** Warning: NUMERIC_STD.TO_INTEGER: metavalue detected, returning 0
#    Time: 571780 ns  Iteration: 22  Instance: /tb/MyRiscv/DMem
# ** Warning: NUMERIC_STD.TO_INTEGER: metavalue detected, returning 0
#    Time: 592200 ns  Iteration: 17  Instance: /tb/MyRiscv/DMem
# ** Warning: NUMERIC_STD.TO_INTEGER: metavalue detected, returning 0
#    Time: 592200 ns  Iteration: 18  Instance: /tb/MyRiscv/DMem
# ** Warning: NUMERIC_STD.TO_INTEGER: metavalue detected, returning 0
#    Time: 592200 ns  Iteration: 20  Instance: /tb/MyRiscv/DMem
# ** Warning: NUMERIC_STD.TO_INTEGER: metavalue detected, returning 0
#    Time: 592200 ns  Iteration: 22  Instance: /tb/MyRiscv/DMem
# ** Warning: NUMERIC_STD.TO_INTEGER: metavalue detected, returning 0
#    Time: 592200 ns  Iteration: 24  Instance: /tb/MyRiscv/DMem
# ** Warning: NUMERIC_STD.TO_INTEGER: metavalue detected, returning 0
#    Time: 612620 ns  Iteration: 17  Instance: /tb/MyRiscv/DMem
# ** Warning: NUMERIC_STD.TO_INTEGER: metavalue detected, returning 0
#    Time: 612620 ns  Iteration: 18  Instance: /tb/MyRiscv/DMem
# ** Warning: NUMERIC_STD.TO_INTEGER: metavalue detected, returning 0
#    Time: 612620 ns  Iteration: 20  Instance: /tb/MyRiscv/DMem
# ** Warning: NUMERIC_STD.TO_INTEGER: metavalue detected, returning 0
#    Time: 612620 ns  Iteration: 22  Instance: /tb/MyRiscv/DMem
# ** Warning: NUMERIC_STD.TO_INTEGER: metavalue detected, returning 0
#    Time: 612620 ns  Iteration: 24  Instance: /tb/MyRiscv/DMem
# ** Warning: NUMERIC_STD.TO_INTEGER: metavalue detected, returning 0
#    Time: 633040 ns  Iteration: 17  Instance: /tb/MyRiscv/DMem
# ** Warning: NUMERIC_STD.TO_INTEGER: metavalue detected, returning 0
#    Time: 633040 ns  Iteration: 18  Instance: /tb/MyRiscv/DMem
# ** Warning: NUMERIC_STD.TO_INTEGER: metavalue detected, returning 0
#    Time: 633040 ns  Iteration: 20  Instance: /tb/MyRiscv/DMem
# ** Warning: NUMERIC_STD.TO_INTEGER: metavalue detected, returning 0
#    Time: 633040 ns  Iteration: 22  Instance: /tb/MyRiscv/DMem
# ** Warning: NUMERIC_STD.TO_INTEGER: metavalue detected, returning 0
#    Time: 633040 ns  Iteration: 24  Instance: /tb/MyRiscv/DMem
# ** Warning: NUMERIC_STD.TO_INTEGER: metavalue detected, returning 0
#    Time: 633040 ns  Iteration: 26  Instance: /tb/MyRiscv/DMem
# ** Warning: NUMERIC_STD.TO_INTEGER: metavalue detected, returning 0
#    Time: 653460 ns  Iteration: 17  Instance: /tb/MyRiscv/DMem
# ** Warning: NUMERIC_STD.TO_INTEGER: metavalue detected, returning 0
#    Time: 653460 ns  Iteration: 18  Instance: /tb/MyRiscv/DMem
# ** Warning: NUMERIC_STD.TO_INTEGER: metavalue detected, returning 0
#    Time: 673880 ns  Iteration: 17  Instance: /tb/MyRiscv/DMem
# ** Warning: NUMERIC_STD.TO_INTEGER: metavalue detected, returning 0
#    Time: 673880 ns  Iteration: 18  Instance: /tb/MyRiscv/DMem
# ** Warning: NUMERIC_STD.TO_INTEGER: metavalue detected, returning 0
#    Time: 673880 ns  Iteration: 20  Instance: /tb/MyRiscv/DMem
# ** Warning: NUMERIC_STD.TO_INTEGER: metavalue detected, returning 0
#    Time: 694300 ns  Iteration: 17  Instance: /tb/MyRiscv/DMem
# ** Warning: NUMERIC_STD.TO_INTEGER: metavalue detected, returning 0
#    Time: 694300 ns  Iteration: 18  Instance: /tb/MyRiscv/DMem
# ** Warning: NUMERIC_STD.TO_INTEGER: metavalue detected, returning 0
#    Time: 694300 ns  Iteration: 20  Instance: /tb/MyRiscv/DMem
# ** Warning: NUMERIC_STD.TO_INTEGER: metavalue detected, returning 0
#    Time: 714720 ns  Iteration: 17  Instance: /tb/MyRiscv/DMem
# ** Warning: NUMERIC_STD.TO_INTEGER: metavalue detected, returning 0
#    Time: 714720 ns  Iteration: 18  Instance: /tb/MyRiscv/DMem
# ** Warning: NUMERIC_STD.TO_INTEGER: metavalue detected, returning 0
#    Time: 714720 ns  Iteration: 20  Instance: /tb/MyRiscv/DMem
# ** Warning: NUMERIC_STD.TO_INTEGER: metavalue detected, returning 0
#    Time: 735140 ns  Iteration: 17  Instance: /tb/MyRiscv/DMem
# ** Warning: NUMERIC_STD.TO_INTEGER: metavalue detected, returning 0
#    Time: 735140 ns  Iteration: 18  Instance: /tb/MyRiscv/DMem
# ** Warning: NUMERIC_STD.TO_INTEGER: metavalue detected, returning 0
#    Time: 735140 ns  Iteration: 20  Instance: /tb/MyRiscv/DMem
# ** Warning: NUMERIC_STD.TO_INTEGER: metavalue detected, returning 0
#    Time: 755560 ns  Iteration: 17  Instance: /tb/MyRiscv/DMem
# ** Warning: NUMERIC_STD.TO_INTEGER: metavalue detected, returning 0
#    Time: 755560 ns  Iteration: 18  Instance: /tb/MyRiscv/DMem
# ** Warning: NUMERIC_STD.TO_INTEGER: metavalue detected, returning 0
#    Time: 755560 ns  Iteration: 20  Instance: /tb/MyRiscv/DMem
# ** Warning: NUMERIC_STD.TO_INTEGER: metavalue detected, returning 0
#    Time: 775980 ns  Iteration: 17  Instance: /tb/MyRiscv/DMem
# ** Warning: NUMERIC_STD.TO_INTEGER: metavalue detected, returning 0
#    Time: 775980 ns  Iteration: 18  Instance: /tb/MyRiscv/DMem
# ** Warning: NUMERIC_STD.TO_INTEGER: metavalue detected, returning 0
#    Time: 775980 ns  Iteration: 20  Instance: /tb/MyRiscv/DMem
# ** Warning: NUMERIC_STD.TO_INTEGER: metavalue detected, returning 0
#    Time: 796400 ns  Iteration: 17  Instance: /tb/MyRiscv/DMem
# ** Warning: NUMERIC_STD.TO_INTEGER: metavalue detected, returning 0
#    Time: 796400 ns  Iteration: 18  Instance: /tb/MyRiscv/DMem
# ** Warning: NUMERIC_STD.TO_INTEGER: metavalue detected, returning 0
#    Time: 796400 ns  Iteration: 20  Instance: /tb/MyRiscv/DMem
# ** Warning: NUMERIC_STD.TO_INTEGER: metavalue detected, returning 0
#    Time: 796400 ns  Iteration: 22  Instance: /tb/MyRiscv/DMem
# ** Warning: NUMERIC_STD.TO_INTEGER: metavalue detected, returning 0
#    Time: 816820 ns  Iteration: 17  Instance: /tb/MyRiscv/DMem
# ** Warning: NUMERIC_STD.TO_INTEGER: metavalue detected, returning 0
#    Time: 816820 ns  Iteration: 18  Instance: /tb/MyRiscv/DMem
# ** Warning: NUMERIC_STD.TO_INTEGER: metavalue detected, returning 0
#    Time: 816820 ns  Iteration: 20  Instance: /tb/MyRiscv/DMem
# ** Warning: NUMERIC_STD.TO_INTEGER: metavalue detected, returning 0
#    Time: 837240 ns  Iteration: 17  Instance: /tb/MyRiscv/DMem
# ** Warning: NUMERIC_STD.TO_INTEGER: metavalue detected, returning 0
#    Time: 837240 ns  Iteration: 18  Instance: /tb/MyRiscv/DMem
# ** Warning: NUMERIC_STD.TO_INTEGER: metavalue detected, returning 0
#    Time: 837240 ns  Iteration: 20  Instance: /tb/MyRiscv/DMem
# ** Warning: NUMERIC_STD.TO_INTEGER: metavalue detected, returning 0
#    Time: 857660 ns  Iteration: 17  Instance: /tb/MyRiscv/DMem
# ** Warning: NUMERIC_STD.TO_INTEGER: metavalue detected, returning 0
#    Time: 857660 ns  Iteration: 18  Instance: /tb/MyRiscv/DMem
# ** Warning: NUMERIC_STD.TO_INTEGER: metavalue detected, returning 0
#    Time: 857660 ns  Iteration: 20  Instance: /tb/MyRiscv/DMem
# ** Warning: NUMERIC_STD.TO_INTEGER: metavalue detected, returning 0
#    Time: 878080 ns  Iteration: 17  Instance: /tb/MyRiscv/DMem
# ** Warning: NUMERIC_STD.TO_INTEGER: metavalue detected, returning 0
#    Time: 878080 ns  Iteration: 18  Instance: /tb/MyRiscv/DMem
# ** Warning: NUMERIC_STD.TO_INTEGER: metavalue detected, returning 0
#    Time: 878080 ns  Iteration: 20  Instance: /tb/MyRiscv/DMem
# ** Warning: NUMERIC_STD.TO_INTEGER: metavalue detected, returning 0
#    Time: 898500 ns  Iteration: 17  Instance: /tb/MyRiscv/DMem
# ** Warning: NUMERIC_STD.TO_INTEGER: metavalue detected, returning 0
#    Time: 898500 ns  Iteration: 18  Instance: /tb/MyRiscv/DMem
# ** Warning: NUMERIC_STD.TO_INTEGER: metavalue detected, returning 0
#    Time: 898500 ns  Iteration: 20  Instance: /tb/MyRiscv/DMem
# ** Warning: NUMERIC_STD.TO_INTEGER: metavalue detected, returning 0
#    Time: 918920 ns  Iteration: 17  Instance: /tb/MyRiscv/DMem
# ** Warning: NUMERIC_STD.TO_INTEGER: metavalue detected, returning 0
#    Time: 918920 ns  Iteration: 18  Instance: /tb/MyRiscv/DMem
# ** Warning: NUMERIC_STD.TO_INTEGER: metavalue detected, returning 0
#    Time: 918920 ns  Iteration: 20  Instance: /tb/MyRiscv/DMem
# ** Warning: NUMERIC_STD.TO_INTEGER: metavalue detected, returning 0
#    Time: 918920 ns  Iteration: 22  Instance: /tb/MyRiscv/DMem
# ** Warning: NUMERIC_STD.TO_INTEGER: metavalue detected, returning 0
#    Time: 939340 ns  Iteration: 17  Instance: /tb/MyRiscv/DMem
# ** Warning: NUMERIC_STD.TO_INTEGER: metavalue detected, returning 0
#    Time: 939340 ns  Iteration: 18  Instance: /tb/MyRiscv/DMem
# ** Warning: NUMERIC_STD.TO_INTEGER: metavalue detected, returning 0
#    Time: 939340 ns  Iteration: 20  Instance: /tb/MyRiscv/DMem
# ** Warning: NUMERIC_STD.TO_INTEGER: metavalue detected, returning 0
#    Time: 939340 ns  Iteration: 22  Instance: /tb/MyRiscv/DMem
# ** Warning: NUMERIC_STD.TO_INTEGER: metavalue detected, returning 0
#    Time: 959760 ns  Iteration: 17  Instance: /tb/MyRiscv/DMem
# ** Warning: NUMERIC_STD.TO_INTEGER: metavalue detected, returning 0
#    Time: 959760 ns  Iteration: 18  Instance: /tb/MyRiscv/DMem
# ** Warning: NUMERIC_STD.TO_INTEGER: metavalue detected, returning 0
#    Time: 959760 ns  Iteration: 20  Instance: /tb/MyRiscv/DMem
# ** Warning: NUMERIC_STD.TO_INTEGER: metavalue detected, returning 0
#    Time: 959760 ns  Iteration: 22  Instance: /tb/MyRiscv/DMem
# ** Warning: NUMERIC_STD.TO_INTEGER: metavalue detected, returning 0
#    Time: 959760 ns  Iteration: 24  Instance: /tb/MyRiscv/DMem
# ** Warning: NUMERIC_STD.TO_INTEGER: metavalue detected, returning 0
#    Time: 980180 ns  Iteration: 17  Instance: /tb/MyRiscv/DMem
# ** Warning: NUMERIC_STD.TO_INTEGER: metavalue detected, returning 0
#    Time: 980180 ns  Iteration: 18  Instance: /tb/MyRiscv/DMem
# ** Warning: NUMERIC_STD.TO_INTEGER: metavalue detected, returning 0
#    Time: 980180 ns  Iteration: 20  Instance: /tb/MyRiscv/DMem
# ** Warning: NUMERIC_STD.TO_INTEGER: metavalue detected, returning 0
#    Time: 1000600 ns  Iteration: 17  Instance: /tb/MyRiscv/DMem
# ** Warning: NUMERIC_STD.TO_INTEGER: metavalue detected, returning 0
#    Time: 1000600 ns  Iteration: 18  Instance: /tb/MyRiscv/DMem
# ** Warning: NUMERIC_STD.TO_INTEGER: metavalue detected, returning 0
#    Time: 1000600 ns  Iteration: 20  Instance: /tb/MyRiscv/DMem
# ** Warning: NUMERIC_STD.TO_INTEGER: metavalue detected, returning 0
#    Time: 1000600 ns  Iteration: 22  Instance: /tb/MyRiscv/DMem
# ** Warning: NUMERIC_STD.TO_INTEGER: metavalue detected, returning 0
#    Time: 1021020 ns  Iteration: 17  Instance: /tb/MyRiscv/DMem
# ** Warning: NUMERIC_STD.TO_INTEGER: metavalue detected, returning 0
#    Time: 1021020 ns  Iteration: 18  Instance: /tb/MyRiscv/DMem
# ** Warning: NUMERIC_STD.TO_INTEGER: metavalue detected, returning 0
#    Time: 1021020 ns  Iteration: 20  Instance: /tb/MyRiscv/DMem
# ** Warning: NUMERIC_STD.TO_INTEGER: metavalue detected, returning 0
#    Time: 1021020 ns  Iteration: 22  Instance: /tb/MyRiscv/DMem
# ** Warning: NUMERIC_STD.TO_INTEGER: metavalue detected, returning 0
#    Time: 1041440 ns  Iteration: 17  Instance: /tb/MyRiscv/DMem
# ** Warning: NUMERIC_STD.TO_INTEGER: metavalue detected, returning 0
#    Time: 1041440 ns  Iteration: 18  Instance: /tb/MyRiscv/DMem
# ** Warning: NUMERIC_STD.TO_INTEGER: metavalue detected, returning 0
#    Time: 1041440 ns  Iteration: 20  Instance: /tb/MyRiscv/DMem
# ** Warning: NUMERIC_STD.TO_INTEGER: metavalue detected, returning 0
#    Time: 1041440 ns  Iteration: 22  Instance: /tb/MyRiscv/DMem
# ** Warning: NUMERIC_STD.TO_INTEGER: metavalue detected, returning 0
#    Time: 1061860 ns  Iteration: 17  Instance: /tb/MyRiscv/DMem
# ** Warning: NUMERIC_STD.TO_INTEGER: metavalue detected, returning 0
#    Time: 1061860 ns  Iteration: 18  Instance: /tb/MyRiscv/DMem
# ** Warning: NUMERIC_STD.TO_INTEGER: metavalue detected, returning 0
#    Time: 1061860 ns  Iteration: 20  Instance: /tb/MyRiscv/DMem
# ** Warning: NUMERIC_STD.TO_INTEGER: metavalue detected, returning 0
#    Time: 1061860 ns  Iteration: 22  Instance: /tb/MyRiscv/DMem
# ** Warning: NUMERIC_STD.TO_INTEGER: metavalue detected, returning 0
#    Time: 1082280 ns  Iteration: 17  Instance: /tb/MyRiscv/DMem
# ** Warning: NUMERIC_STD.TO_INTEGER: metavalue detected, returning 0
#    Time: 1082280 ns  Iteration: 18  Instance: /tb/MyRiscv/DMem
# ** Warning: NUMERIC_STD.TO_INTEGER: metavalue detected, returning 0
#    Time: 1082280 ns  Iteration: 20  Instance: /tb/MyRiscv/DMem
# ** Warning: NUMERIC_STD.TO_INTEGER: metavalue detected, returning 0
#    Time: 1082280 ns  Iteration: 22  Instance: /tb/MyRiscv/DMem
# ** Warning: NUMERIC_STD.TO_INTEGER: metavalue detected, returning 0
#    Time: 1102700 ns  Iteration: 17  Instance: /tb/MyRiscv/DMem
# ** Warning: NUMERIC_STD.TO_INTEGER: metavalue detected, returning 0
#    Time: 1102700 ns  Iteration: 18  Instance: /tb/MyRiscv/DMem
# ** Warning: NUMERIC_STD.TO_INTEGER: metavalue detected, returning 0
#    Time: 1102700 ns  Iteration: 20  Instance: /tb/MyRiscv/DMem
# ** Warning: NUMERIC_STD.TO_INTEGER: metavalue detected, returning 0
#    Time: 1102700 ns  Iteration: 22  Instance: /tb/MyRiscv/DMem
# ** Warning: NUMERIC_STD.TO_INTEGER: metavalue detected, returning 0
#    Time: 1123120 ns  Iteration: 17  Instance: /tb/MyRiscv/DMem
# ** Warning: NUMERIC_STD.TO_INTEGER: metavalue detected, returning 0
#    Time: 1123120 ns  Iteration: 18  Instance: /tb/MyRiscv/DMem
# ** Warning: NUMERIC_STD.TO_INTEGER: metavalue detected, returning 0
#    Time: 1123120 ns  Iteration: 20  Instance: /tb/MyRiscv/DMem
# ** Warning: NUMERIC_STD.TO_INTEGER: metavalue detected, returning 0
#    Time: 1123120 ns  Iteration: 22  Instance: /tb/MyRiscv/DMem
# ** Warning: NUMERIC_STD.TO_INTEGER: metavalue detected, returning 0
#    Time: 1143540 ns  Iteration: 17  Instance: /tb/MyRiscv/DMem
# ** Warning: NUMERIC_STD.TO_INTEGER: metavalue detected, returning 0
#    Time: 1143540 ns  Iteration: 18  Instance: /tb/MyRiscv/DMem
# ** Warning: NUMERIC_STD.TO_INTEGER: metavalue detected, returning 0
#    Time: 1143540 ns  Iteration: 20  Instance: /tb/MyRiscv/DMem
# ** Warning: NUMERIC_STD.TO_INTEGER: metavalue detected, returning 0
#    Time: 1143540 ns  Iteration: 22  Instance: /tb/MyRiscv/DMem
# ** Warning: NUMERIC_STD.TO_INTEGER: metavalue detected, returning 0
#    Time: 1163960 ns  Iteration: 17  Instance: /tb/MyRiscv/DMem
# ** Warning: NUMERIC_STD.TO_INTEGER: metavalue detected, returning 0
#    Time: 1163960 ns  Iteration: 18  Instance: /tb/MyRiscv/DMem
# ** Warning: NUMERIC_STD.TO_INTEGER: metavalue detected, returning 0
#    Time: 1163960 ns  Iteration: 20  Instance: /tb/MyRiscv/DMem
# ** Warning: NUMERIC_STD.TO_INTEGER: metavalue detected, returning 0
#    Time: 1163960 ns  Iteration: 22  Instance: /tb/MyRiscv/DMem
# ** Warning: NUMERIC_STD.TO_INTEGER: metavalue detected, returning 0
#    Time: 1163960 ns  Iteration: 24  Instance: /tb/MyRiscv/DMem
# ** Warning: NUMERIC_STD.TO_INTEGER: metavalue detected, returning 0
#    Time: 1184380 ns  Iteration: 17  Instance: /tb/MyRiscv/DMem
# ** Warning: NUMERIC_STD.TO_INTEGER: metavalue detected, returning 0
#    Time: 1184380 ns  Iteration: 18  Instance: /tb/MyRiscv/DMem
# ** Warning: NUMERIC_STD.TO_INTEGER: metavalue detected, returning 0
#    Time: 1184380 ns  Iteration: 20  Instance: /tb/MyRiscv/DMem
# ** Warning: NUMERIC_STD.TO_INTEGER: metavalue detected, returning 0
#    Time: 1184380 ns  Iteration: 22  Instance: /tb/MyRiscv/DMem
# ** Warning: NUMERIC_STD.TO_INTEGER: metavalue detected, returning 0
#    Time: 1184380 ns  Iteration: 24  Instance: /tb/MyRiscv/DMem
# ** Warning: NUMERIC_STD.TO_INTEGER: metavalue detected, returning 0
#    Time: 1204800 ns  Iteration: 17  Instance: /tb/MyRiscv/DMem
# ** Warning: NUMERIC_STD.TO_INTEGER: metavalue detected, returning 0
#    Time: 1204800 ns  Iteration: 18  Instance: /tb/MyRiscv/DMem
# ** Warning: NUMERIC_STD.TO_INTEGER: metavalue detected, returning 0
#    Time: 1204800 ns  Iteration: 20  Instance: /tb/MyRiscv/DMem
# ** Warning: NUMERIC_STD.TO_INTEGER: metavalue detected, returning 0
#    Time: 1204800 ns  Iteration: 22  Instance: /tb/MyRiscv/DMem
# ** Warning: NUMERIC_STD.TO_INTEGER: metavalue detected, returning 0
#    Time: 1204800 ns  Iteration: 24  Instance: /tb/MyRiscv/DMem
# ** Warning: NUMERIC_STD.TO_INTEGER: metavalue detected, returning 0
#    Time: 1225220 ns  Iteration: 17  Instance: /tb/MyRiscv/DMem
# ** Warning: NUMERIC_STD.TO_INTEGER: metavalue detected, returning 0
#    Time: 1225220 ns  Iteration: 18  Instance: /tb/MyRiscv/DMem
# ** Warning: NUMERIC_STD.TO_INTEGER: metavalue detected, returning 0
#    Time: 1225220 ns  Iteration: 20  Instance: /tb/MyRiscv/DMem
# ** Warning: NUMERIC_STD.TO_INTEGER: metavalue detected, returning 0
#    Time: 1225220 ns  Iteration: 22  Instance: /tb/MyRiscv/DMem
# ** Warning: NUMERIC_STD.TO_INTEGER: metavalue detected, returning 0
#    Time: 1225220 ns  Iteration: 24  Instance: /tb/MyRiscv/DMem
# ** Warning: NUMERIC_STD.TO_INTEGER: metavalue detected, returning 0
#    Time: 1245640 ns  Iteration: 17  Instance: /tb/MyRiscv/DMem
# ** Warning: NUMERIC_STD.TO_INTEGER: metavalue detected, returning 0
#    Time: 1245640 ns  Iteration: 18  Instance: /tb/MyRiscv/DMem
# ** Warning: NUMERIC_STD.TO_INTEGER: metavalue detected, returning 0
#    Time: 1245640 ns  Iteration: 20  Instance: /tb/MyRiscv/DMem
# ** Warning: NUMERIC_STD.TO_INTEGER: metavalue detected, returning 0
#    Time: 1245640 ns  Iteration: 22  Instance: /tb/MyRiscv/DMem
# ** Warning: NUMERIC_STD.TO_INTEGER: metavalue detected, returning 0
#    Time: 1245640 ns  Iteration: 24  Instance: /tb/MyRiscv/DMem
# ** Warning: NUMERIC_STD.TO_INTEGER: metavalue detected, returning 0
#    Time: 1245640 ns  Iteration: 26  Instance: /tb/MyRiscv/DMem
# ** Warning: NUMERIC_STD.TO_INTEGER: metavalue detected, returning 0
#    Time: 1266060 ns  Iteration: 17  Instance: /tb/MyRiscv/DMem
# ** Warning: NUMERIC_STD.TO_INTEGER: metavalue detected, returning 0
#    Time: 1266060 ns  Iteration: 18  Instance: /tb/MyRiscv/DMem
# ** Warning: NUMERIC_STD.TO_INTEGER: metavalue detected, returning 0
#    Time: 1266060 ns  Iteration: 20  Instance: /tb/MyRiscv/DMem
# ** Warning: NUMERIC_STD.TO_INTEGER: metavalue detected, returning 0
#    Time: 1266060 ns  Iteration: 22  Instance: /tb/MyRiscv/DMem
# ** Warning: NUMERIC_STD.TO_INTEGER: metavalue detected, returning 0
#    Time: 1266060 ns  Iteration: 24  Instance: /tb/MyRiscv/DMem
# ** Warning: NUMERIC_STD.TO_INTEGER: metavalue detected, returning 0
#    Time: 1266060 ns  Iteration: 26  Instance: /tb/MyRiscv/DMem
# ** Warning: NUMERIC_STD.TO_INTEGER: metavalue detected, returning 0
#    Time: 1286480 ns  Iteration: 17  Instance: /tb/MyRiscv/DMem
# ** Warning: NUMERIC_STD.TO_INTEGER: metavalue detected, returning 0
#    Time: 1286480 ns  Iteration: 18  Instance: /tb/MyRiscv/DMem
# ** Warning: NUMERIC_STD.TO_INTEGER: metavalue detected, returning 0
#    Time: 1286480 ns  Iteration: 20  Instance: /tb/MyRiscv/DMem
# ** Warning: NUMERIC_STD.TO_INTEGER: metavalue detected, returning 0
#    Time: 1286480 ns  Iteration: 22  Instance: /tb/MyRiscv/DMem
# ** Warning: NUMERIC_STD.TO_INTEGER: metavalue detected, returning 0
#    Time: 1286480 ns  Iteration: 24  Instance: /tb/MyRiscv/DMem
# ** Warning: NUMERIC_STD.TO_INTEGER: metavalue detected, returning 0
#    Time: 1286480 ns  Iteration: 26  Instance: /tb/MyRiscv/DMem
# ** Warning: NUMERIC_STD.TO_INTEGER: metavalue detected, returning 0
#    Time: 1286480 ns  Iteration: 28  Instance: /tb/MyRiscv/DMem
# ** Warning: NUMERIC_STD.TO_INTEGER: metavalue detected, returning 0
#    Time: 1306900 ns  Iteration: 17  Instance: /tb/MyRiscv/DMem
# ** Warning: NUMERIC_STD.TO_INTEGER: metavalue detected, returning 0
#    Time: 1306900 ns  Iteration: 18  Instance: /tb/MyRiscv/DMem
# ** Warning: NUMERIC_STD.TO_INTEGER: metavalue detected, returning 0
#    Time: 1327320 ns  Iteration: 17  Instance: /tb/MyRiscv/DMem
# ** Warning: NUMERIC_STD.TO_INTEGER: metavalue detected, returning 0
#    Time: 1327320 ns  Iteration: 18  Instance: /tb/MyRiscv/DMem
# ** Warning: NUMERIC_STD.TO_INTEGER: metavalue detected, returning 0
#    Time: 1327320 ns  Iteration: 20  Instance: /tb/MyRiscv/DMem
# ** Warning: NUMERIC_STD.TO_INTEGER: metavalue detected, returning 0
#    Time: 1347740 ns  Iteration: 17  Instance: /tb/MyRiscv/DMem
# ** Warning: NUMERIC_STD.TO_INTEGER: metavalue detected, returning 0
#    Time: 1347740 ns  Iteration: 18  Instance: /tb/MyRiscv/DMem
# ** Warning: NUMERIC_STD.TO_INTEGER: metavalue detected, returning 0
#    Time: 1347740 ns  Iteration: 20  Instance: /tb/MyRiscv/DMem
# ** Warning: NUMERIC_STD.TO_INTEGER: metavalue detected, returning 0
#    Time: 1368160 ns  Iteration: 17  Instance: /tb/MyRiscv/DMem
# ** Warning: NUMERIC_STD.TO_INTEGER: metavalue detected, returning 0
#    Time: 1368160 ns  Iteration: 18  Instance: /tb/MyRiscv/DMem
# ** Warning: NUMERIC_STD.TO_INTEGER: metavalue detected, returning 0
#    Time: 1368160 ns  Iteration: 20  Instance: /tb/MyRiscv/DMem
# ** Warning: NUMERIC_STD.TO_INTEGER: metavalue detected, returning 0
#    Time: 1388580 ns  Iteration: 17  Instance: /tb/MyRiscv/DMem
# ** Warning: NUMERIC_STD.TO_INTEGER: metavalue detected, returning 0
#    Time: 1388580 ns  Iteration: 18  Instance: /tb/MyRiscv/DMem
# ** Warning: NUMERIC_STD.TO_INTEGER: metavalue detected, returning 0
#    Time: 1388580 ns  Iteration: 20  Instance: /tb/MyRiscv/DMem
# ** Warning: NUMERIC_STD.TO_INTEGER: metavalue detected, returning 0
#    Time: 1409 us  Iteration: 17  Instance: /tb/MyRiscv/DMem
# ** Warning: NUMERIC_STD.TO_INTEGER: metavalue detected, returning 0
#    Time: 1409 us  Iteration: 18  Instance: /tb/MyRiscv/DMem
# ** Warning: NUMERIC_STD.TO_INTEGER: metavalue detected, returning 0
#    Time: 1409 us  Iteration: 20  Instance: /tb/MyRiscv/DMem
# ** Warning: NUMERIC_STD.TO_INTEGER: metavalue detected, returning 0
#    Time: 1429420 ns  Iteration: 17  Instance: /tb/MyRiscv/DMem
# ** Warning: NUMERIC_STD.TO_INTEGER: metavalue detected, returning 0
#    Time: 1429420 ns  Iteration: 18  Instance: /tb/MyRiscv/DMem
# ** Warning: NUMERIC_STD.TO_INTEGER: metavalue detected, returning 0
#    Time: 1429420 ns  Iteration: 20  Instance: /tb/MyRiscv/DMem
# ** Warning: NUMERIC_STD.TO_INTEGER: metavalue detected, returning 0
#    Time: 1449840 ns  Iteration: 17  Instance: /tb/MyRiscv/DMem
# ** Warning: NUMERIC_STD.TO_INTEGER: metavalue detected, returning 0
#    Time: 1449840 ns  Iteration: 18  Instance: /tb/MyRiscv/DMem
# ** Warning: NUMERIC_STD.TO_INTEGER: metavalue detected, returning 0
#    Time: 1449840 ns  Iteration: 20  Instance: /tb/MyRiscv/DMem
# ** Warning: NUMERIC_STD.TO_INTEGER: metavalue detected, returning 0
#    Time: 1449840 ns  Iteration: 22  Instance: /tb/MyRiscv/DMem
# ** Warning: NUMERIC_STD.TO_INTEGER: metavalue detected, returning 0
#    Time: 1470260 ns  Iteration: 17  Instance: /tb/MyRiscv/DMem
# ** Warning: NUMERIC_STD.TO_INTEGER: metavalue detected, returning 0
#    Time: 1470260 ns  Iteration: 18  Instance: /tb/MyRiscv/DMem
# ** Warning: NUMERIC_STD.TO_INTEGER: metavalue detected, returning 0
#    Time: 1470260 ns  Iteration: 20  Instance: /tb/MyRiscv/DMem
# ** Warning: NUMERIC_STD.TO_INTEGER: metavalue detected, returning 0
#    Time: 1490680 ns  Iteration: 17  Instance: /tb/MyRiscv/DMem
# ** Warning: NUMERIC_STD.TO_INTEGER: metavalue detected, returning 0
#    Time: 1490680 ns  Iteration: 18  Instance: /tb/MyRiscv/DMem
# ** Warning: NUMERIC_STD.TO_INTEGER: metavalue detected, returning 0
#    Time: 1490680 ns  Iteration: 20  Instance: /tb/MyRiscv/DMem
# ** Warning: NUMERIC_STD.TO_INTEGER: metavalue detected, returning 0
#    Time: 1511100 ns  Iteration: 17  Instance: /tb/MyRiscv/DMem
# ** Warning: NUMERIC_STD.TO_INTEGER: metavalue detected, returning 0
#    Time: 1511100 ns  Iteration: 18  Instance: /tb/MyRiscv/DMem
# ** Warning: NUMERIC_STD.TO_INTEGER: metavalue detected, returning 0
#    Time: 1511100 ns  Iteration: 20  Instance: /tb/MyRiscv/DMem
# ** Warning: NUMERIC_STD.TO_INTEGER: metavalue detected, returning 0
#    Time: 1531520 ns  Iteration: 17  Instance: /tb/MyRiscv/DMem
# ** Warning: NUMERIC_STD.TO_INTEGER: metavalue detected, returning 0
#    Time: 1531520 ns  Iteration: 18  Instance: /tb/MyRiscv/DMem
# ** Warning: NUMERIC_STD.TO_INTEGER: metavalue detected, returning 0
#    Time: 1531520 ns  Iteration: 20  Instance: /tb/MyRiscv/DMem
# ** Warning: NUMERIC_STD.TO_INTEGER: metavalue detected, returning 0
#    Time: 1551940 ns  Iteration: 17  Instance: /tb/MyRiscv/DMem
# ** Warning: NUMERIC_STD.TO_INTEGER: metavalue detected, returning 0
#    Time: 1551940 ns  Iteration: 18  Instance: /tb/MyRiscv/DMem
# ** Warning: NUMERIC_STD.TO_INTEGER: metavalue detected, returning 0
#    Time: 1551940 ns  Iteration: 20  Instance: /tb/MyRiscv/DMem
# ** Warning: NUMERIC_STD.TO_INTEGER: metavalue detected, returning 0
#    Time: 1572360 ns  Iteration: 17  Instance: /tb/MyRiscv/DMem
# ** Warning: NUMERIC_STD.TO_INTEGER: metavalue detected, returning 0
#    Time: 1572360 ns  Iteration: 18  Instance: /tb/MyRiscv/DMem
# ** Warning: NUMERIC_STD.TO_INTEGER: metavalue detected, returning 0
#    Time: 1572360 ns  Iteration: 20  Instance: /tb/MyRiscv/DMem
# ** Warning: NUMERIC_STD.TO_INTEGER: metavalue detected, returning 0
#    Time: 1572360 ns  Iteration: 22  Instance: /tb/MyRiscv/DMem
# ** Warning: NUMERIC_STD.TO_INTEGER: metavalue detected, returning 0
#    Time: 1592780 ns  Iteration: 17  Instance: /tb/MyRiscv/DMem
# ** Warning: NUMERIC_STD.TO_INTEGER: metavalue detected, returning 0
#    Time: 1592780 ns  Iteration: 18  Instance: /tb/MyRiscv/DMem
# ** Warning: NUMERIC_STD.TO_INTEGER: metavalue detected, returning 0
#    Time: 1592780 ns  Iteration: 20  Instance: /tb/MyRiscv/DMem
# ** Warning: NUMERIC_STD.TO_INTEGER: metavalue detected, returning 0
#    Time: 1592780 ns  Iteration: 22  Instance: /tb/MyRiscv/DMem
# ** Warning: NUMERIC_STD.TO_INTEGER: metavalue detected, returning 0
#    Time: 1613200 ns  Iteration: 17  Instance: /tb/MyRiscv/DMem
# ** Warning: NUMERIC_STD.TO_INTEGER: metavalue detected, returning 0
#    Time: 1613200 ns  Iteration: 18  Instance: /tb/MyRiscv/DMem
# ** Warning: NUMERIC_STD.TO_INTEGER: metavalue detected, returning 0
#    Time: 1613200 ns  Iteration: 20  Instance: /tb/MyRiscv/DMem
# ** Warning: NUMERIC_STD.TO_INTEGER: metavalue detected, returning 0
#    Time: 1613200 ns  Iteration: 22  Instance: /tb/MyRiscv/DMem
# ** Warning: NUMERIC_STD.TO_INTEGER: metavalue detected, returning 0
#    Time: 1613200 ns  Iteration: 24  Instance: /tb/MyRiscv/DMem
# ** Warning: NUMERIC_STD.TO_INTEGER: metavalue detected, returning 0
#    Time: 1633620 ns  Iteration: 17  Instance: /tb/MyRiscv/DMem
# ** Warning: NUMERIC_STD.TO_INTEGER: metavalue detected, returning 0
#    Time: 1633620 ns  Iteration: 18  Instance: /tb/MyRiscv/DMem
# ** Warning: NUMERIC_STD.TO_INTEGER: metavalue detected, returning 0
#    Time: 1633620 ns  Iteration: 20  Instance: /tb/MyRiscv/DMem
# ** Warning: NUMERIC_STD.TO_INTEGER: metavalue detected, returning 0
#    Time: 1654040 ns  Iteration: 17  Instance: /tb/MyRiscv/DMem
# ** Warning: NUMERIC_STD.TO_INTEGER: metavalue detected, returning 0
#    Time: 1654040 ns  Iteration: 18  Instance: /tb/MyRiscv/DMem
# ** Warning: NUMERIC_STD.TO_INTEGER: metavalue detected, returning 0
#    Time: 1654040 ns  Iteration: 20  Instance: /tb/MyRiscv/DMem
# ** Warning: NUMERIC_STD.TO_INTEGER: metavalue detected, returning 0
#    Time: 1674460 ns  Iteration: 17  Instance: /tb/MyRiscv/DMem
# ** Warning: NUMERIC_STD.TO_INTEGER: metavalue detected, returning 0
#    Time: 1674460 ns  Iteration: 18  Instance: /tb/MyRiscv/DMem
# ** Warning: NUMERIC_STD.TO_INTEGER: metavalue detected, returning 0
#    Time: 1674460 ns  Iteration: 20  Instance: /tb/MyRiscv/DMem
# ** Warning: NUMERIC_STD.TO_INTEGER: metavalue detected, returning 0
#    Time: 1694880 ns  Iteration: 17  Instance: /tb/MyRiscv/DMem
# ** Warning: NUMERIC_STD.TO_INTEGER: metavalue detected, returning 0
#    Time: 1694880 ns  Iteration: 18  Instance: /tb/MyRiscv/DMem
# ** Warning: NUMERIC_STD.TO_INTEGER: metavalue detected, returning 0
#    Time: 1694880 ns  Iteration: 20  Instance: /tb/MyRiscv/DMem
# ** Warning: NUMERIC_STD.TO_INTEGER: metavalue detected, returning 0
#    Time: 1715300 ns  Iteration: 17  Instance: /tb/MyRiscv/DMem
# ** Warning: NUMERIC_STD.TO_INTEGER: metavalue detected, returning 0
#    Time: 1715300 ns  Iteration: 18  Instance: /tb/MyRiscv/DMem
# ** Warning: NUMERIC_STD.TO_INTEGER: metavalue detected, returning 0
#    Time: 1715300 ns  Iteration: 20  Instance: /tb/MyRiscv/DMem
# ** Warning: NUMERIC_STD.TO_INTEGER: metavalue detected, returning 0
#    Time: 1735720 ns  Iteration: 17  Instance: /tb/MyRiscv/DMem
# ** Warning: NUMERIC_STD.TO_INTEGER: metavalue detected, returning 0
#    Time: 1735720 ns  Iteration: 18  Instance: /tb/MyRiscv/DMem
# ** Warning: NUMERIC_STD.TO_INTEGER: metavalue detected, returning 0
#    Time: 1735720 ns  Iteration: 20  Instance: /tb/MyRiscv/DMem
# ** Warning: NUMERIC_STD.TO_INTEGER: metavalue detected, returning 0
#    Time: 1756140 ns  Iteration: 17  Instance: /tb/MyRiscv/DMem
# ** Warning: NUMERIC_STD.TO_INTEGER: metavalue detected, returning 0
#    Time: 1756140 ns  Iteration: 18  Instance: /tb/MyRiscv/DMem
# ** Warning: NUMERIC_STD.TO_INTEGER: metavalue detected, returning 0
#    Time: 1756140 ns  Iteration: 20  Instance: /tb/MyRiscv/DMem
# ** Warning: NUMERIC_STD.TO_INTEGER: metavalue detected, returning 0
#    Time: 1776560 ns  Iteration: 17  Instance: /tb/MyRiscv/DMem
# ** Warning: NUMERIC_STD.TO_INTEGER: metavalue detected, returning 0
#    Time: 1776560 ns  Iteration: 18  Instance: /tb/MyRiscv/DMem
# ** Warning: NUMERIC_STD.TO_INTEGER: metavalue detected, returning 0
#    Time: 1776560 ns  Iteration: 20  Instance: /tb/MyRiscv/DMem
# ** Warning: NUMERIC_STD.TO_INTEGER: metavalue detected, returning 0
#    Time: 1776560 ns  Iteration: 22  Instance: /tb/MyRiscv/DMem
# ** Warning: NUMERIC_STD.TO_INTEGER: metavalue detected, returning 0
#    Time: 1796980 ns  Iteration: 17  Instance: /tb/MyRiscv/DMem
# ** Warning: NUMERIC_STD.TO_INTEGER: metavalue detected, returning 0
#    Time: 1796980 ns  Iteration: 18  Instance: /tb/MyRiscv/DMem
# ** Warning: NUMERIC_STD.TO_INTEGER: metavalue detected, returning 0
#    Time: 1796980 ns  Iteration: 20  Instance: /tb/MyRiscv/DMem
# ** Warning: NUMERIC_STD.TO_INTEGER: metavalue detected, returning 0
#    Time: 1817400 ns  Iteration: 17  Instance: /tb/MyRiscv/DMem
# ** Warning: NUMERIC_STD.TO_INTEGER: metavalue detected, returning 0
#    Time: 1817400 ns  Iteration: 18  Instance: /tb/MyRiscv/DMem
# ** Warning: NUMERIC_STD.TO_INTEGER: metavalue detected, returning 0
#    Time: 1817400 ns  Iteration: 20  Instance: /tb/MyRiscv/DMem
# ** Warning: NUMERIC_STD.TO_INTEGER: metavalue detected, returning 0
#    Time: 1817400 ns  Iteration: 22  Instance: /tb/MyRiscv/DMem
# ** Warning: NUMERIC_STD.TO_INTEGER: metavalue detected, returning 0
#    Time: 1837820 ns  Iteration: 17  Instance: /tb/MyRiscv/DMem
# ** Warning: NUMERIC_STD.TO_INTEGER: metavalue detected, returning 0
#    Time: 1837820 ns  Iteration: 18  Instance: /tb/MyRiscv/DMem
# ** Warning: NUMERIC_STD.TO_INTEGER: metavalue detected, returning 0
#    Time: 1837820 ns  Iteration: 20  Instance: /tb/MyRiscv/DMem
# ** Warning: NUMERIC_STD.TO_INTEGER: metavalue detected, returning 0
#    Time: 1837820 ns  Iteration: 22  Instance: /tb/MyRiscv/DMem
# ** Warning: NUMERIC_STD.TO_INTEGER: metavalue detected, returning 0
#    Time: 1858240 ns  Iteration: 17  Instance: /tb/MyRiscv/DMem
# ** Warning: NUMERIC_STD.TO_INTEGER: metavalue detected, returning 0
#    Time: 1858240 ns  Iteration: 18  Instance: /tb/MyRiscv/DMem
# ** Warning: NUMERIC_STD.TO_INTEGER: metavalue detected, returning 0
#    Time: 1858240 ns  Iteration: 20  Instance: /tb/MyRiscv/DMem
# ** Warning: NUMERIC_STD.TO_INTEGER: metavalue detected, returning 0
#    Time: 1858240 ns  Iteration: 22  Instance: /tb/MyRiscv/DMem
# ** Warning: NUMERIC_STD.TO_INTEGER: metavalue detected, returning 0
#    Time: 1878660 ns  Iteration: 17  Instance: /tb/MyRiscv/DMem
# ** Warning: NUMERIC_STD.TO_INTEGER: metavalue detected, returning 0
#    Time: 1878660 ns  Iteration: 18  Instance: /tb/MyRiscv/DMem
# ** Warning: NUMERIC_STD.TO_INTEGER: metavalue detected, returning 0
#    Time: 1878660 ns  Iteration: 20  Instance: /tb/MyRiscv/DMem
# ** Warning: NUMERIC_STD.TO_INTEGER: metavalue detected, returning 0
#    Time: 1878660 ns  Iteration: 22  Instance: /tb/MyRiscv/DMem
# ** Warning: NUMERIC_STD.TO_INTEGER: metavalue detected, returning 0
#    Time: 1899080 ns  Iteration: 17  Instance: /tb/MyRiscv/DMem
# ** Warning: NUMERIC_STD.TO_INTEGER: metavalue detected, returning 0
#    Time: 1899080 ns  Iteration: 18  Instance: /tb/MyRiscv/DMem
# ** Warning: NUMERIC_STD.TO_INTEGER: metavalue detected, returning 0
#    Time: 1899080 ns  Iteration: 20  Instance: /tb/MyRiscv/DMem
# ** Warning: NUMERIC_STD.TO_INTEGER: metavalue detected, returning 0
#    Time: 1899080 ns  Iteration: 22  Instance: /tb/MyRiscv/DMem
# ** Warning: NUMERIC_STD.TO_INTEGER: metavalue detected, returning 0
#    Time: 1899080 ns  Iteration: 24  Instance: /tb/MyRiscv/DMem
# ** Warning: NUMERIC_STD.TO_INTEGER: metavalue detected, returning 0
#    Time: 1919500 ns  Iteration: 17  Instance: /tb/MyRiscv/DMem
# ** Warning: NUMERIC_STD.TO_INTEGER: metavalue detected, returning 0
#    Time: 1919500 ns  Iteration: 18  Instance: /tb/MyRiscv/DMem
# ** Warning: NUMERIC_STD.TO_INTEGER: metavalue detected, returning 0
#    Time: 1919500 ns  Iteration: 20  Instance: /tb/MyRiscv/DMem
# ** Warning: NUMERIC_STD.TO_INTEGER: metavalue detected, returning 0
#    Time: 1919500 ns  Iteration: 22  Instance: /tb/MyRiscv/DMem
# ** Warning: NUMERIC_STD.TO_INTEGER: metavalue detected, returning 0
#    Time: 1919500 ns  Iteration: 24  Instance: /tb/MyRiscv/DMem
# ** Warning: NUMERIC_STD.TO_INTEGER: metavalue detected, returning 0
#    Time: 1939920 ns  Iteration: 17  Instance: /tb/MyRiscv/DMem
# ** Warning: NUMERIC_STD.TO_INTEGER: metavalue detected, returning 0
#    Time: 1939920 ns  Iteration: 18  Instance: /tb/MyRiscv/DMem
# ** Warning: NUMERIC_STD.TO_INTEGER: metavalue detected, returning 0
#    Time: 1939920 ns  Iteration: 20  Instance: /tb/MyRiscv/DMem
# ** Warning: NUMERIC_STD.TO_INTEGER: metavalue detected, returning 0
#    Time: 1939920 ns  Iteration: 22  Instance: /tb/MyRiscv/DMem
# ** Warning: NUMERIC_STD.TO_INTEGER: metavalue detected, returning 0
#    Time: 1939920 ns  Iteration: 24  Instance: /tb/MyRiscv/DMem
# ** Warning: NUMERIC_STD.TO_INTEGER: metavalue detected, returning 0
#    Time: 1939920 ns  Iteration: 26  Instance: /tb/MyRiscv/DMem
# ** Warning: NUMERIC_STD.TO_INTEGER: metavalue detected, returning 0
#    Time: 1960340 ns  Iteration: 17  Instance: /tb/MyRiscv/DMem
# ** Warning: NUMERIC_STD.TO_INTEGER: metavalue detected, returning 0
#    Time: 1960340 ns  Iteration: 18  Instance: /tb/MyRiscv/DMem
# ** Warning: NUMERIC_STD.TO_INTEGER: metavalue detected, returning 0
#    Time: 1960340 ns  Iteration: 20  Instance: /tb/MyRiscv/DMem
# ** Warning: NUMERIC_STD.TO_INTEGER: metavalue detected, returning 0
#    Time: 1980760 ns  Iteration: 17  Instance: /tb/MyRiscv/DMem
# ** Warning: NUMERIC_STD.TO_INTEGER: metavalue detected, returning 0
#    Time: 1980760 ns  Iteration: 18  Instance: /tb/MyRiscv/DMem
# ** Warning: NUMERIC_STD.TO_INTEGER: metavalue detected, returning 0
#    Time: 1980760 ns  Iteration: 20  Instance: /tb/MyRiscv/DMem
# ** Warning: NUMERIC_STD.TO_INTEGER: metavalue detected, returning 0
#    Time: 1980760 ns  Iteration: 22  Instance: /tb/MyRiscv/DMem
# ** Warning: NUMERIC_STD.TO_INTEGER: metavalue detected, returning 0
#    Time: 2001180 ns  Iteration: 17  Instance: /tb/MyRiscv/DMem
# ** Warning: NUMERIC_STD.TO_INTEGER: metavalue detected, returning 0
#    Time: 2001180 ns  Iteration: 18  Instance: /tb/MyRiscv/DMem
# ** Warning: NUMERIC_STD.TO_INTEGER: metavalue detected, returning 0
#    Time: 2001180 ns  Iteration: 20  Instance: /tb/MyRiscv/DMem
# ** Warning: NUMERIC_STD.TO_INTEGER: metavalue detected, returning 0
#    Time: 2001180 ns  Iteration: 22  Instance: /tb/MyRiscv/DMem
# ** Warning: NUMERIC_STD.TO_INTEGER: metavalue detected, returning 0
#    Time: 2021600 ns  Iteration: 17  Instance: /tb/MyRiscv/DMem
# ** Warning: NUMERIC_STD.TO_INTEGER: metavalue detected, returning 0
#    Time: 2021600 ns  Iteration: 18  Instance: /tb/MyRiscv/DMem
# ** Warning: NUMERIC_STD.TO_INTEGER: metavalue detected, returning 0
#    Time: 2021600 ns  Iteration: 20  Instance: /tb/MyRiscv/DMem
# ** Warning: NUMERIC_STD.TO_INTEGER: metavalue detected, returning 0
#    Time: 2021600 ns  Iteration: 22  Instance: /tb/MyRiscv/DMem
# ** Warning: NUMERIC_STD.TO_INTEGER: metavalue detected, returning 0
#    Time: 2042020 ns  Iteration: 17  Instance: /tb/MyRiscv/DMem
# ** Warning: NUMERIC_STD.TO_INTEGER: metavalue detected, returning 0
#    Time: 2042020 ns  Iteration: 18  Instance: /tb/MyRiscv/DMem
# ** Warning: NUMERIC_STD.TO_INTEGER: metavalue detected, returning 0
#    Time: 2042020 ns  Iteration: 20  Instance: /tb/MyRiscv/DMem
# ** Warning: NUMERIC_STD.TO_INTEGER: metavalue detected, returning 0
#    Time: 2042020 ns  Iteration: 22  Instance: /tb/MyRiscv/DMem
# ** Warning: NUMERIC_STD.TO_INTEGER: metavalue detected, returning 0
#    Time: 2062440 ns  Iteration: 17  Instance: /tb/MyRiscv/DMem
# ** Warning: NUMERIC_STD.TO_INTEGER: metavalue detected, returning 0
#    Time: 2062440 ns  Iteration: 18  Instance: /tb/MyRiscv/DMem
# ** Warning: NUMERIC_STD.TO_INTEGER: metavalue detected, returning 0
#    Time: 2062440 ns  Iteration: 20  Instance: /tb/MyRiscv/DMem
# ** Warning: NUMERIC_STD.TO_INTEGER: metavalue detected, returning 0
#    Time: 2062440 ns  Iteration: 22  Instance: /tb/MyRiscv/DMem
# ** Warning: NUMERIC_STD.TO_INTEGER: metavalue detected, returning 0
#    Time: 2082860 ns  Iteration: 17  Instance: /tb/MyRiscv/DMem
# ** Warning: NUMERIC_STD.TO_INTEGER: metavalue detected, returning 0
#    Time: 2082860 ns  Iteration: 18  Instance: /tb/MyRiscv/DMem
# ** Warning: NUMERIC_STD.TO_INTEGER: metavalue detected, returning 0
#    Time: 2082860 ns  Iteration: 20  Instance: /tb/MyRiscv/DMem
# ** Warning: NUMERIC_STD.TO_INTEGER: metavalue detected, returning 0
#    Time: 2082860 ns  Iteration: 22  Instance: /tb/MyRiscv/DMem
# ** Warning: NUMERIC_STD.TO_INTEGER: metavalue detected, returning 0
#    Time: 2103280 ns  Iteration: 17  Instance: /tb/MyRiscv/DMem
# ** Warning: NUMERIC_STD.TO_INTEGER: metavalue detected, returning 0
#    Time: 2103280 ns  Iteration: 18  Instance: /tb/MyRiscv/DMem
# ** Warning: NUMERIC_STD.TO_INTEGER: metavalue detected, returning 0
#    Time: 2103280 ns  Iteration: 20  Instance: /tb/MyRiscv/DMem
# ** Warning: NUMERIC_STD.TO_INTEGER: metavalue detected, returning 0
#    Time: 2103280 ns  Iteration: 22  Instance: /tb/MyRiscv/DMem
# ** Warning: NUMERIC_STD.TO_INTEGER: metavalue detected, returning 0
#    Time: 2123700 ns  Iteration: 17  Instance: /tb/MyRiscv/DMem
# ** Warning: NUMERIC_STD.TO_INTEGER: metavalue detected, returning 0
#    Time: 2123700 ns  Iteration: 18  Instance: /tb/MyRiscv/DMem
# ** Warning: NUMERIC_STD.TO_INTEGER: metavalue detected, returning 0
#    Time: 2123700 ns  Iteration: 20  Instance: /tb/MyRiscv/DMem
# ** Warning: NUMERIC_STD.TO_INTEGER: metavalue detected, returning 0
#    Time: 2123700 ns  Iteration: 22  Instance: /tb/MyRiscv/DMem
# ** Warning: NUMERIC_STD.TO_INTEGER: metavalue detected, returning 0
#    Time: 2144120 ns  Iteration: 17  Instance: /tb/MyRiscv/DMem
# ** Warning: NUMERIC_STD.TO_INTEGER: metavalue detected, returning 0
#    Time: 2144120 ns  Iteration: 18  Instance: /tb/MyRiscv/DMem
# ** Warning: NUMERIC_STD.TO_INTEGER: metavalue detected, returning 0
#    Time: 2144120 ns  Iteration: 20  Instance: /tb/MyRiscv/DMem
# ** Warning: NUMERIC_STD.TO_INTEGER: metavalue detected, returning 0
#    Time: 2144120 ns  Iteration: 22  Instance: /tb/MyRiscv/DMem
# ** Warning: NUMERIC_STD.TO_INTEGER: metavalue detected, returning 0
#    Time: 2164540 ns  Iteration: 17  Instance: /tb/MyRiscv/DMem
# ** Warning: NUMERIC_STD.TO_INTEGER: metavalue detected, returning 0
#    Time: 2164540 ns  Iteration: 18  Instance: /tb/MyRiscv/DMem
# ** Warning: NUMERIC_STD.TO_INTEGER: metavalue detected, returning 0
#    Time: 2164540 ns  Iteration: 20  Instance: /tb/MyRiscv/DMem
# ** Warning: NUMERIC_STD.TO_INTEGER: metavalue detected, returning 0
#    Time: 2164540 ns  Iteration: 22  Instance: /tb/MyRiscv/DMem
# ** Warning: NUMERIC_STD.TO_INTEGER: metavalue detected, returning 0
#    Time: 2184960 ns  Iteration: 17  Instance: /tb/MyRiscv/DMem
# ** Warning: NUMERIC_STD.TO_INTEGER: metavalue detected, returning 0
#    Time: 2184960 ns  Iteration: 18  Instance: /tb/MyRiscv/DMem
# ** Warning: NUMERIC_STD.TO_INTEGER: metavalue detected, returning 0
#    Time: 2184960 ns  Iteration: 20  Instance: /tb/MyRiscv/DMem
# ** Warning: NUMERIC_STD.TO_INTEGER: metavalue detected, returning 0
#    Time: 2184960 ns  Iteration: 22  Instance: /tb/MyRiscv/DMem
# ** Warning: NUMERIC_STD.TO_INTEGER: metavalue detected, returning 0
#    Time: 2205380 ns  Iteration: 17  Instance: /tb/MyRiscv/DMem
# ** Warning: NUMERIC_STD.TO_INTEGER: metavalue detected, returning 0
#    Time: 2205380 ns  Iteration: 18  Instance: /tb/MyRiscv/DMem
# ** Warning: NUMERIC_STD.TO_INTEGER: metavalue detected, returning 0
#    Time: 2205380 ns  Iteration: 20  Instance: /tb/MyRiscv/DMem
# ** Warning: NUMERIC_STD.TO_INTEGER: metavalue detected, returning 0
#    Time: 2205380 ns  Iteration: 22  Instance: /tb/MyRiscv/DMem
# ** Warning: NUMERIC_STD.TO_INTEGER: metavalue detected, returning 0
#    Time: 2225800 ns  Iteration: 17  Instance: /tb/MyRiscv/DMem
# ** Warning: NUMERIC_STD.TO_INTEGER: metavalue detected, returning 0
#    Time: 2225800 ns  Iteration: 18  Instance: /tb/MyRiscv/DMem
# ** Warning: NUMERIC_STD.TO_INTEGER: metavalue detected, returning 0
#    Time: 2225800 ns  Iteration: 20  Instance: /tb/MyRiscv/DMem
# ** Warning: NUMERIC_STD.TO_INTEGER: metavalue detected, returning 0
#    Time: 2225800 ns  Iteration: 22  Instance: /tb/MyRiscv/DMem
# ** Warning: NUMERIC_STD.TO_INTEGER: metavalue detected, returning 0
#    Time: 2246220 ns  Iteration: 17  Instance: /tb/MyRiscv/DMem
# ** Warning: NUMERIC_STD.TO_INTEGER: metavalue detected, returning 0
#    Time: 2246220 ns  Iteration: 18  Instance: /tb/MyRiscv/DMem
# ** Warning: NUMERIC_STD.TO_INTEGER: metavalue detected, returning 0
#    Time: 2246220 ns  Iteration: 20  Instance: /tb/MyRiscv/DMem
# ** Warning: NUMERIC_STD.TO_INTEGER: metavalue detected, returning 0
#    Time: 2246220 ns  Iteration: 22  Instance: /tb/MyRiscv/DMem
# ** Warning: NUMERIC_STD.TO_INTEGER: metavalue detected, returning 0
#    Time: 2266640 ns  Iteration: 17  Instance: /tb/MyRiscv/DMem
# ** Warning: NUMERIC_STD.TO_INTEGER: metavalue detected, returning 0
#    Time: 2266640 ns  Iteration: 18  Instance: /tb/MyRiscv/DMem
# ** Warning: NUMERIC_STD.TO_INTEGER: metavalue detected, returning 0
#    Time: 2266640 ns  Iteration: 20  Instance: /tb/MyRiscv/DMem
# ** Warning: NUMERIC_STD.TO_INTEGER: metavalue detected, returning 0
#    Time: 2266640 ns  Iteration: 22  Instance: /tb/MyRiscv/DMem
# ** Warning: NUMERIC_STD.TO_INTEGER: metavalue detected, returning 0
#    Time: 2266640 ns  Iteration: 24  Instance: /tb/MyRiscv/DMem
# ** Warning: NUMERIC_STD.TO_INTEGER: metavalue detected, returning 0
#    Time: 2287060 ns  Iteration: 17  Instance: /tb/MyRiscv/DMem
# ** Warning: NUMERIC_STD.TO_INTEGER: metavalue detected, returning 0
#    Time: 2287060 ns  Iteration: 18  Instance: /tb/MyRiscv/DMem
# ** Warning: NUMERIC_STD.TO_INTEGER: metavalue detected, returning 0
#    Time: 2287060 ns  Iteration: 20  Instance: /tb/MyRiscv/DMem
# ** Warning: NUMERIC_STD.TO_INTEGER: metavalue detected, returning 0
#    Time: 2287060 ns  Iteration: 22  Instance: /tb/MyRiscv/DMem
# ** Warning: NUMERIC_STD.TO_INTEGER: metavalue detected, returning 0
#    Time: 2307480 ns  Iteration: 17  Instance: /tb/MyRiscv/DMem
# ** Warning: NUMERIC_STD.TO_INTEGER: metavalue detected, returning 0
#    Time: 2307480 ns  Iteration: 18  Instance: /tb/MyRiscv/DMem
# ** Warning: NUMERIC_STD.TO_INTEGER: metavalue detected, returning 0
#    Time: 2307480 ns  Iteration: 20  Instance: /tb/MyRiscv/DMem
# ** Warning: NUMERIC_STD.TO_INTEGER: metavalue detected, returning 0
#    Time: 2307480 ns  Iteration: 22  Instance: /tb/MyRiscv/DMem
# ** Warning: NUMERIC_STD.TO_INTEGER: metavalue detected, returning 0
#    Time: 2307480 ns  Iteration: 24  Instance: /tb/MyRiscv/DMem
# ** Warning: NUMERIC_STD.TO_INTEGER: metavalue detected, returning 0
#    Time: 2327900 ns  Iteration: 17  Instance: /tb/MyRiscv/DMem
# ** Warning: NUMERIC_STD.TO_INTEGER: metavalue detected, returning 0
#    Time: 2327900 ns  Iteration: 18  Instance: /tb/MyRiscv/DMem
# ** Warning: NUMERIC_STD.TO_INTEGER: metavalue detected, returning 0
#    Time: 2327900 ns  Iteration: 20  Instance: /tb/MyRiscv/DMem
# ** Warning: NUMERIC_STD.TO_INTEGER: metavalue detected, returning 0
#    Time: 2327900 ns  Iteration: 22  Instance: /tb/MyRiscv/DMem
# ** Warning: NUMERIC_STD.TO_INTEGER: metavalue detected, returning 0
#    Time: 2327900 ns  Iteration: 24  Instance: /tb/MyRiscv/DMem
# ** Warning: NUMERIC_STD.TO_INTEGER: metavalue detected, returning 0
#    Time: 2348320 ns  Iteration: 17  Instance: /tb/MyRiscv/DMem
# ** Warning: NUMERIC_STD.TO_INTEGER: metavalue detected, returning 0
#    Time: 2348320 ns  Iteration: 18  Instance: /tb/MyRiscv/DMem
# ** Warning: NUMERIC_STD.TO_INTEGER: metavalue detected, returning 0
#    Time: 2348320 ns  Iteration: 20  Instance: /tb/MyRiscv/DMem
# ** Warning: NUMERIC_STD.TO_INTEGER: metavalue detected, returning 0
#    Time: 2348320 ns  Iteration: 22  Instance: /tb/MyRiscv/DMem
# ** Warning: NUMERIC_STD.TO_INTEGER: metavalue detected, returning 0
#    Time: 2348320 ns  Iteration: 24  Instance: /tb/MyRiscv/DMem
# ** Warning: NUMERIC_STD.TO_INTEGER: metavalue detected, returning 0
#    Time: 2368740 ns  Iteration: 17  Instance: /tb/MyRiscv/DMem
# ** Warning: NUMERIC_STD.TO_INTEGER: metavalue detected, returning 0
#    Time: 2368740 ns  Iteration: 18  Instance: /tb/MyRiscv/DMem
# ** Warning: NUMERIC_STD.TO_INTEGER: metavalue detected, returning 0
#    Time: 2368740 ns  Iteration: 20  Instance: /tb/MyRiscv/DMem
# ** Warning: NUMERIC_STD.TO_INTEGER: metavalue detected, returning 0
#    Time: 2368740 ns  Iteration: 22  Instance: /tb/MyRiscv/DMem
# ** Warning: NUMERIC_STD.TO_INTEGER: metavalue detected, returning 0
#    Time: 2368740 ns  Iteration: 24  Instance: /tb/MyRiscv/DMem
# ** Warning: NUMERIC_STD.TO_INTEGER: metavalue detected, returning 0
#    Time: 2389160 ns  Iteration: 17  Instance: /tb/MyRiscv/DMem
# ** Warning: NUMERIC_STD.TO_INTEGER: metavalue detected, returning 0
#    Time: 2389160 ns  Iteration: 18  Instance: /tb/MyRiscv/DMem
# ** Warning: NUMERIC_STD.TO_INTEGER: metavalue detected, returning 0
#    Time: 2389160 ns  Iteration: 20  Instance: /tb/MyRiscv/DMem
# ** Warning: NUMERIC_STD.TO_INTEGER: metavalue detected, returning 0
#    Time: 2389160 ns  Iteration: 22  Instance: /tb/MyRiscv/DMem
# ** Warning: NUMERIC_STD.TO_INTEGER: metavalue detected, returning 0
#    Time: 2389160 ns  Iteration: 24  Instance: /tb/MyRiscv/DMem
# ** Warning: NUMERIC_STD.TO_INTEGER: metavalue detected, returning 0
#    Time: 2409580 ns  Iteration: 17  Instance: /tb/MyRiscv/DMem
# ** Warning: NUMERIC_STD.TO_INTEGER: metavalue detected, returning 0
#    Time: 2409580 ns  Iteration: 18  Instance: /tb/MyRiscv/DMem
# ** Warning: NUMERIC_STD.TO_INTEGER: metavalue detected, returning 0
#    Time: 2409580 ns  Iteration: 20  Instance: /tb/MyRiscv/DMem
# ** Warning: NUMERIC_STD.TO_INTEGER: metavalue detected, returning 0
#    Time: 2409580 ns  Iteration: 22  Instance: /tb/MyRiscv/DMem
# ** Warning: NUMERIC_STD.TO_INTEGER: metavalue detected, returning 0
#    Time: 2409580 ns  Iteration: 24  Instance: /tb/MyRiscv/DMem
# ** Warning: NUMERIC_STD.TO_INTEGER: metavalue detected, returning 0
#    Time: 2430 us  Iteration: 17  Instance: /tb/MyRiscv/DMem
# ** Warning: NUMERIC_STD.TO_INTEGER: metavalue detected, returning 0
#    Time: 2430 us  Iteration: 18  Instance: /tb/MyRiscv/DMem
# ** Warning: NUMERIC_STD.TO_INTEGER: metavalue detected, returning 0
#    Time: 2430 us  Iteration: 20  Instance: /tb/MyRiscv/DMem
# ** Warning: NUMERIC_STD.TO_INTEGER: metavalue detected, returning 0
#    Time: 2430 us  Iteration: 22  Instance: /tb/MyRiscv/DMem
# ** Warning: NUMERIC_STD.TO_INTEGER: metavalue detected, returning 0
#    Time: 2430 us  Iteration: 24  Instance: /tb/MyRiscv/DMem
# ** Warning: NUMERIC_STD.TO_INTEGER: metavalue detected, returning 0
#    Time: 2450420 ns  Iteration: 17  Instance: /tb/MyRiscv/DMem
# ** Warning: NUMERIC_STD.TO_INTEGER: metavalue detected, returning 0
#    Time: 2450420 ns  Iteration: 18  Instance: /tb/MyRiscv/DMem
# ** Warning: NUMERIC_STD.TO_INTEGER: metavalue detected, returning 0
#    Time: 2450420 ns  Iteration: 20  Instance: /tb/MyRiscv/DMem
# ** Warning: NUMERIC_STD.TO_INTEGER: metavalue detected, returning 0
#    Time: 2450420 ns  Iteration: 22  Instance: /tb/MyRiscv/DMem
# ** Warning: NUMERIC_STD.TO_INTEGER: metavalue detected, returning 0
#    Time: 2450420 ns  Iteration: 24  Instance: /tb/MyRiscv/DMem
# ** Warning: NUMERIC_STD.TO_INTEGER: metavalue detected, returning 0
#    Time: 2470840 ns  Iteration: 17  Instance: /tb/MyRiscv/DMem
# ** Warning: NUMERIC_STD.TO_INTEGER: metavalue detected, returning 0
#    Time: 2470840 ns  Iteration: 18  Instance: /tb/MyRiscv/DMem
# ** Warning: NUMERIC_STD.TO_INTEGER: metavalue detected, returning 0
#    Time: 2470840 ns  Iteration: 20  Instance: /tb/MyRiscv/DMem
# ** Warning: NUMERIC_STD.TO_INTEGER: metavalue detected, returning 0
#    Time: 2470840 ns  Iteration: 22  Instance: /tb/MyRiscv/DMem
# ** Warning: NUMERIC_STD.TO_INTEGER: metavalue detected, returning 0
#    Time: 2470840 ns  Iteration: 24  Instance: /tb/MyRiscv/DMem
# ** Warning: NUMERIC_STD.TO_INTEGER: metavalue detected, returning 0
#    Time: 2470840 ns  Iteration: 26  Instance: /tb/MyRiscv/DMem
# ** Warning: NUMERIC_STD.TO_INTEGER: metavalue detected, returning 0
#    Time: 2491260 ns  Iteration: 17  Instance: /tb/MyRiscv/DMem
# ** Warning: NUMERIC_STD.TO_INTEGER: metavalue detected, returning 0
#    Time: 2491260 ns  Iteration: 18  Instance: /tb/MyRiscv/DMem
# ** Warning: NUMERIC_STD.TO_INTEGER: metavalue detected, returning 0
#    Time: 2491260 ns  Iteration: 20  Instance: /tb/MyRiscv/DMem
# ** Warning: NUMERIC_STD.TO_INTEGER: metavalue detected, returning 0
#    Time: 2491260 ns  Iteration: 22  Instance: /tb/MyRiscv/DMem
# ** Warning: NUMERIC_STD.TO_INTEGER: metavalue detected, returning 0
#    Time: 2491260 ns  Iteration: 24  Instance: /tb/MyRiscv/DMem
# ** Warning: NUMERIC_STD.TO_INTEGER: metavalue detected, returning 0
#    Time: 2491260 ns  Iteration: 26  Instance: /tb/MyRiscv/DMem
# ** Warning: NUMERIC_STD.TO_INTEGER: metavalue detected, returning 0
#    Time: 2511680 ns  Iteration: 17  Instance: /tb/MyRiscv/DMem
# ** Warning: NUMERIC_STD.TO_INTEGER: metavalue detected, returning 0
#    Time: 2511680 ns  Iteration: 18  Instance: /tb/MyRiscv/DMem
# ** Warning: NUMERIC_STD.TO_INTEGER: metavalue detected, returning 0
#    Time: 2511680 ns  Iteration: 20  Instance: /tb/MyRiscv/DMem
# ** Warning: NUMERIC_STD.TO_INTEGER: metavalue detected, returning 0
#    Time: 2511680 ns  Iteration: 22  Instance: /tb/MyRiscv/DMem
# ** Warning: NUMERIC_STD.TO_INTEGER: metavalue detected, returning 0
#    Time: 2511680 ns  Iteration: 24  Instance: /tb/MyRiscv/DMem
# ** Warning: NUMERIC_STD.TO_INTEGER: metavalue detected, returning 0
#    Time: 2511680 ns  Iteration: 26  Instance: /tb/MyRiscv/DMem
# ** Warning: NUMERIC_STD.TO_INTEGER: metavalue detected, returning 0
#    Time: 2532100 ns  Iteration: 17  Instance: /tb/MyRiscv/DMem
# ** Warning: NUMERIC_STD.TO_INTEGER: metavalue detected, returning 0
#    Time: 2532100 ns  Iteration: 18  Instance: /tb/MyRiscv/DMem
# ** Warning: NUMERIC_STD.TO_INTEGER: metavalue detected, returning 0
#    Time: 2532100 ns  Iteration: 20  Instance: /tb/MyRiscv/DMem
# ** Warning: NUMERIC_STD.TO_INTEGER: metavalue detected, returning 0
#    Time: 2532100 ns  Iteration: 22  Instance: /tb/MyRiscv/DMem
# ** Warning: NUMERIC_STD.TO_INTEGER: metavalue detected, returning 0
#    Time: 2532100 ns  Iteration: 24  Instance: /tb/MyRiscv/DMem
# ** Warning: NUMERIC_STD.TO_INTEGER: metavalue detected, returning 0
#    Time: 2532100 ns  Iteration: 26  Instance: /tb/MyRiscv/DMem
# ** Warning: NUMERIC_STD.TO_INTEGER: metavalue detected, returning 0
#    Time: 2552520 ns  Iteration: 17  Instance: /tb/MyRiscv/DMem
# ** Warning: NUMERIC_STD.TO_INTEGER: metavalue detected, returning 0
#    Time: 2552520 ns  Iteration: 18  Instance: /tb/MyRiscv/DMem
# ** Warning: NUMERIC_STD.TO_INTEGER: metavalue detected, returning 0
#    Time: 2552520 ns  Iteration: 20  Instance: /tb/MyRiscv/DMem
# ** Warning: NUMERIC_STD.TO_INTEGER: metavalue detected, returning 0
#    Time: 2552520 ns  Iteration: 22  Instance: /tb/MyRiscv/DMem
# ** Warning: NUMERIC_STD.TO_INTEGER: metavalue detected, returning 0
#    Time: 2552520 ns  Iteration: 24  Instance: /tb/MyRiscv/DMem
# ** Warning: NUMERIC_STD.TO_INTEGER: metavalue detected, returning 0
#    Time: 2552520 ns  Iteration: 26  Instance: /tb/MyRiscv/DMem
# ** Warning: NUMERIC_STD.TO_INTEGER: metavalue detected, returning 0
#    Time: 2552520 ns  Iteration: 28  Instance: /tb/MyRiscv/DMem
# ** Warning: NUMERIC_STD.TO_INTEGER: metavalue detected, returning 0
#    Time: 2572940 ns  Iteration: 17  Instance: /tb/MyRiscv/DMem
# ** Warning: NUMERIC_STD.TO_INTEGER: metavalue detected, returning 0
#    Time: 2572940 ns  Iteration: 18  Instance: /tb/MyRiscv/DMem
# ** Warning: NUMERIC_STD.TO_INTEGER: metavalue detected, returning 0
#    Time: 2572940 ns  Iteration: 20  Instance: /tb/MyRiscv/DMem
# ** Warning: NUMERIC_STD.TO_INTEGER: metavalue detected, returning 0
#    Time: 2572940 ns  Iteration: 22  Instance: /tb/MyRiscv/DMem
# ** Warning: NUMERIC_STD.TO_INTEGER: metavalue detected, returning 0
#    Time: 2572940 ns  Iteration: 24  Instance: /tb/MyRiscv/DMem
# ** Warning: NUMERIC_STD.TO_INTEGER: metavalue detected, returning 0
#    Time: 2572940 ns  Iteration: 26  Instance: /tb/MyRiscv/DMem
# ** Warning: NUMERIC_STD.TO_INTEGER: metavalue detected, returning 0
#    Time: 2572940 ns  Iteration: 28  Instance: /tb/MyRiscv/DMem
# ** Warning: NUMERIC_STD.TO_INTEGER: metavalue detected, returning 0
#    Time: 2593360 ns  Iteration: 17  Instance: /tb/MyRiscv/DMem
# ** Warning: NUMERIC_STD.TO_INTEGER: metavalue detected, returning 0
#    Time: 2593360 ns  Iteration: 18  Instance: /tb/MyRiscv/DMem
# ** Warning: NUMERIC_STD.TO_INTEGER: metavalue detected, returning 0
#    Time: 2593360 ns  Iteration: 20  Instance: /tb/MyRiscv/DMem
# ** Warning: NUMERIC_STD.TO_INTEGER: metavalue detected, returning 0
#    Time: 2593360 ns  Iteration: 22  Instance: /tb/MyRiscv/DMem
# ** Warning: NUMERIC_STD.TO_INTEGER: metavalue detected, returning 0
#    Time: 2593360 ns  Iteration: 24  Instance: /tb/MyRiscv/DMem
# ** Warning: NUMERIC_STD.TO_INTEGER: metavalue detected, returning 0
#    Time: 2593360 ns  Iteration: 26  Instance: /tb/MyRiscv/DMem
# ** Warning: NUMERIC_STD.TO_INTEGER: metavalue detected, returning 0
#    Time: 2593360 ns  Iteration: 28  Instance: /tb/MyRiscv/DMem
# ** Warning: NUMERIC_STD.TO_INTEGER: metavalue detected, returning 0
#    Time: 2593360 ns  Iteration: 30  Instance: /tb/MyRiscv/DMem
# ** Warning: NUMERIC_STD.TO_INTEGER: metavalue detected, returning 0
#    Time: 2613780 ns  Iteration: 17  Instance: /tb/MyRiscv/DMem
# ** Warning: NUMERIC_STD.TO_INTEGER: metavalue detected, returning 0
#    Time: 2613780 ns  Iteration: 18  Instance: /tb/MyRiscv/DMem
# ** Warning: NUMERIC_STD.TO_INTEGER: metavalue detected, returning 0
#    Time: 2634200 ns  Iteration: 17  Instance: /tb/MyRiscv/DMem
# ** Warning: NUMERIC_STD.TO_INTEGER: metavalue detected, returning 0
#    Time: 2634200 ns  Iteration: 18  Instance: /tb/MyRiscv/DMem
# ** Warning: NUMERIC_STD.TO_INTEGER: metavalue detected, returning 0
#    Time: 2634200 ns  Iteration: 20  Instance: /tb/MyRiscv/DMem
# ** Warning: NUMERIC_STD.TO_INTEGER: metavalue detected, returning 0
#    Time: 2654620 ns  Iteration: 17  Instance: /tb/MyRiscv/DMem
# ** Warning: NUMERIC_STD.TO_INTEGER: metavalue detected, returning 0
#    Time: 2654620 ns  Iteration: 18  Instance: /tb/MyRiscv/DMem
# ** Warning: NUMERIC_STD.TO_INTEGER: metavalue detected, returning 0
#    Time: 2654620 ns  Iteration: 20  Instance: /tb/MyRiscv/DMem
# ** Warning: NUMERIC_STD.TO_INTEGER: metavalue detected, returning 0
#    Time: 2675040 ns  Iteration: 17  Instance: /tb/MyRiscv/DMem
# ** Warning: NUMERIC_STD.TO_INTEGER: metavalue detected, returning 0
#    Time: 2675040 ns  Iteration: 18  Instance: /tb/MyRiscv/DMem
# ** Warning: NUMERIC_STD.TO_INTEGER: metavalue detected, returning 0
#    Time: 2675040 ns  Iteration: 20  Instance: /tb/MyRiscv/DMem
# ** Warning: NUMERIC_STD.TO_INTEGER: metavalue detected, returning 0
#    Time: 2695460 ns  Iteration: 17  Instance: /tb/MyRiscv/DMem
# ** Warning: NUMERIC_STD.TO_INTEGER: metavalue detected, returning 0
#    Time: 2695460 ns  Iteration: 18  Instance: /tb/MyRiscv/DMem
# ** Warning: NUMERIC_STD.TO_INTEGER: metavalue detected, returning 0
#    Time: 2695460 ns  Iteration: 20  Instance: /tb/MyRiscv/DMem
# ** Warning: NUMERIC_STD.TO_INTEGER: metavalue detected, returning 0
#    Time: 2715880 ns  Iteration: 17  Instance: /tb/MyRiscv/DMem
# ** Warning: NUMERIC_STD.TO_INTEGER: metavalue detected, returning 0
#    Time: 2715880 ns  Iteration: 18  Instance: /tb/MyRiscv/DMem
# ** Warning: NUMERIC_STD.TO_INTEGER: metavalue detected, returning 0
#    Time: 2715880 ns  Iteration: 20  Instance: /tb/MyRiscv/DMem
# ** Warning: NUMERIC_STD.TO_INTEGER: metavalue detected, returning 0
#    Time: 2736300 ns  Iteration: 17  Instance: /tb/MyRiscv/DMem
# ** Warning: NUMERIC_STD.TO_INTEGER: metavalue detected, returning 0
#    Time: 2736300 ns  Iteration: 18  Instance: /tb/MyRiscv/DMem
# ** Warning: NUMERIC_STD.TO_INTEGER: metavalue detected, returning 0
#    Time: 2736300 ns  Iteration: 20  Instance: /tb/MyRiscv/DMem
# ** Warning: NUMERIC_STD.TO_INTEGER: metavalue detected, returning 0
#    Time: 2756720 ns  Iteration: 17  Instance: /tb/MyRiscv/DMem
# ** Warning: NUMERIC_STD.TO_INTEGER: metavalue detected, returning 0
#    Time: 2756720 ns  Iteration: 18  Instance: /tb/MyRiscv/DMem
# ** Warning: NUMERIC_STD.TO_INTEGER: metavalue detected, returning 0
#    Time: 2756720 ns  Iteration: 20  Instance: /tb/MyRiscv/DMem
# ** Warning: NUMERIC_STD.TO_INTEGER: metavalue detected, returning 0
#    Time: 2756720 ns  Iteration: 22  Instance: /tb/MyRiscv/DMem
# ** Warning: NUMERIC_STD.TO_INTEGER: metavalue detected, returning 0
#    Time: 2777140 ns  Iteration: 17  Instance: /tb/MyRiscv/DMem
# ** Warning: NUMERIC_STD.TO_INTEGER: metavalue detected, returning 0
#    Time: 2777140 ns  Iteration: 18  Instance: /tb/MyRiscv/DMem
# ** Warning: NUMERIC_STD.TO_INTEGER: metavalue detected, returning 0
#    Time: 2777140 ns  Iteration: 20  Instance: /tb/MyRiscv/DMem
# ** Warning: NUMERIC_STD.TO_INTEGER: metavalue detected, returning 0
#    Time: 2797560 ns  Iteration: 17  Instance: /tb/MyRiscv/DMem
# ** Warning: NUMERIC_STD.TO_INTEGER: metavalue detected, returning 0
#    Time: 2797560 ns  Iteration: 18  Instance: /tb/MyRiscv/DMem
# ** Warning: NUMERIC_STD.TO_INTEGER: metavalue detected, returning 0
#    Time: 2797560 ns  Iteration: 20  Instance: /tb/MyRiscv/DMem
# ** Warning: NUMERIC_STD.TO_INTEGER: metavalue detected, returning 0
#    Time: 2817980 ns  Iteration: 17  Instance: /tb/MyRiscv/DMem
# ** Warning: NUMERIC_STD.TO_INTEGER: metavalue detected, returning 0
#    Time: 2817980 ns  Iteration: 18  Instance: /tb/MyRiscv/DMem
# ** Warning: NUMERIC_STD.TO_INTEGER: metavalue detected, returning 0
#    Time: 2817980 ns  Iteration: 20  Instance: /tb/MyRiscv/DMem
# ** Warning: NUMERIC_STD.TO_INTEGER: metavalue detected, returning 0
#    Time: 2838400 ns  Iteration: 17  Instance: /tb/MyRiscv/DMem
# ** Warning: NUMERIC_STD.TO_INTEGER: metavalue detected, returning 0
#    Time: 2838400 ns  Iteration: 18  Instance: /tb/MyRiscv/DMem
# ** Warning: NUMERIC_STD.TO_INTEGER: metavalue detected, returning 0
#    Time: 2838400 ns  Iteration: 20  Instance: /tb/MyRiscv/DMem
# ** Warning: NUMERIC_STD.TO_INTEGER: metavalue detected, returning 0
#    Time: 2858820 ns  Iteration: 17  Instance: /tb/MyRiscv/DMem
# ** Warning: NUMERIC_STD.TO_INTEGER: metavalue detected, returning 0
#    Time: 2858820 ns  Iteration: 18  Instance: /tb/MyRiscv/DMem
# ** Warning: NUMERIC_STD.TO_INTEGER: metavalue detected, returning 0
#    Time: 2858820 ns  Iteration: 20  Instance: /tb/MyRiscv/DMem
# ** Warning: NUMERIC_STD.TO_INTEGER: metavalue detected, returning 0
#    Time: 2879240 ns  Iteration: 17  Instance: /tb/MyRiscv/DMem
# ** Warning: NUMERIC_STD.TO_INTEGER: metavalue detected, returning 0
#    Time: 2879240 ns  Iteration: 18  Instance: /tb/MyRiscv/DMem
# ** Warning: NUMERIC_STD.TO_INTEGER: metavalue detected, returning 0
#    Time: 2879240 ns  Iteration: 20  Instance: /tb/MyRiscv/DMem
# ** Warning: NUMERIC_STD.TO_INTEGER: metavalue detected, returning 0
#    Time: 2879240 ns  Iteration: 22  Instance: /tb/MyRiscv/DMem
# ** Warning: NUMERIC_STD.TO_INTEGER: metavalue detected, returning 0
#    Time: 2899660 ns  Iteration: 17  Instance: /tb/MyRiscv/DMem
# ** Warning: NUMERIC_STD.TO_INTEGER: metavalue detected, returning 0
#    Time: 2899660 ns  Iteration: 18  Instance: /tb/MyRiscv/DMem
# ** Warning: NUMERIC_STD.TO_INTEGER: metavalue detected, returning 0
#    Time: 2899660 ns  Iteration: 20  Instance: /tb/MyRiscv/DMem
# ** Warning: NUMERIC_STD.TO_INTEGER: metavalue detected, returning 0
#    Time: 2899660 ns  Iteration: 22  Instance: /tb/MyRiscv/DMem
# ** Warning: NUMERIC_STD.TO_INTEGER: metavalue detected, returning 0
#    Time: 2920080 ns  Iteration: 17  Instance: /tb/MyRiscv/DMem
# ** Warning: NUMERIC_STD.TO_INTEGER: metavalue detected, returning 0
#    Time: 2920080 ns  Iteration: 18  Instance: /tb/MyRiscv/DMem
# ** Warning: NUMERIC_STD.TO_INTEGER: metavalue detected, returning 0
#    Time: 2920080 ns  Iteration: 20  Instance: /tb/MyRiscv/DMem
# ** Warning: NUMERIC_STD.TO_INTEGER: metavalue detected, returning 0
#    Time: 2920080 ns  Iteration: 22  Instance: /tb/MyRiscv/DMem
# ** Warning: NUMERIC_STD.TO_INTEGER: metavalue detected, returning 0
#    Time: 2920080 ns  Iteration: 24  Instance: /tb/MyRiscv/DMem
# ** Warning: NUMERIC_STD.TO_INTEGER: metavalue detected, returning 0
#    Time: 2940500 ns  Iteration: 17  Instance: /tb/MyRiscv/DMem
# ** Warning: NUMERIC_STD.TO_INTEGER: metavalue detected, returning 0
#    Time: 2940500 ns  Iteration: 18  Instance: /tb/MyRiscv/DMem
# ** Warning: NUMERIC_STD.TO_INTEGER: metavalue detected, returning 0
#    Time: 2940500 ns  Iteration: 20  Instance: /tb/MyRiscv/DMem
# ** Warning: NUMERIC_STD.TO_INTEGER: metavalue detected, returning 0
#    Time: 2960920 ns  Iteration: 17  Instance: /tb/MyRiscv/DMem
# ** Warning: NUMERIC_STD.TO_INTEGER: metavalue detected, returning 0
#    Time: 2960920 ns  Iteration: 18  Instance: /tb/MyRiscv/DMem
# ** Warning: NUMERIC_STD.TO_INTEGER: metavalue detected, returning 0
#    Time: 2960920 ns  Iteration: 20  Instance: /tb/MyRiscv/DMem
# ** Warning: NUMERIC_STD.TO_INTEGER: metavalue detected, returning 0
#    Time: 2981340 ns  Iteration: 17  Instance: /tb/MyRiscv/DMem
# ** Warning: NUMERIC_STD.TO_INTEGER: metavalue detected, returning 0
#    Time: 2981340 ns  Iteration: 18  Instance: /tb/MyRiscv/DMem
# ** Warning: NUMERIC_STD.TO_INTEGER: metavalue detected, returning 0
#    Time: 2981340 ns  Iteration: 20  Instance: /tb/MyRiscv/DMem
# ** Warning: NUMERIC_STD.TO_INTEGER: metavalue detected, returning 0
#    Time: 3001760 ns  Iteration: 17  Instance: /tb/MyRiscv/DMem
# ** Warning: NUMERIC_STD.TO_INTEGER: metavalue detected, returning 0
#    Time: 3001760 ns  Iteration: 18  Instance: /tb/MyRiscv/DMem
# ** Warning: NUMERIC_STD.TO_INTEGER: metavalue detected, returning 0
#    Time: 3001760 ns  Iteration: 20  Instance: /tb/MyRiscv/DMem
# ** Warning: NUMERIC_STD.TO_INTEGER: metavalue detected, returning 0
#    Time: 3022180 ns  Iteration: 17  Instance: /tb/MyRiscv/DMem
# ** Warning: NUMERIC_STD.TO_INTEGER: metavalue detected, returning 0
#    Time: 3022180 ns  Iteration: 18  Instance: /tb/MyRiscv/DMem
# ** Warning: NUMERIC_STD.TO_INTEGER: metavalue detected, returning 0
#    Time: 3022180 ns  Iteration: 20  Instance: /tb/MyRiscv/DMem
# ** Warning: NUMERIC_STD.TO_INTEGER: metavalue detected, returning 0
#    Time: 3042600 ns  Iteration: 17  Instance: /tb/MyRiscv/DMem
# ** Warning: NUMERIC_STD.TO_INTEGER: metavalue detected, returning 0
#    Time: 3042600 ns  Iteration: 18  Instance: /tb/MyRiscv/DMem
# ** Warning: NUMERIC_STD.TO_INTEGER: metavalue detected, returning 0
#    Time: 3042600 ns  Iteration: 20  Instance: /tb/MyRiscv/DMem
# ** Warning: NUMERIC_STD.TO_INTEGER: metavalue detected, returning 0
#    Time: 3063020 ns  Iteration: 17  Instance: /tb/MyRiscv/DMem
# ** Warning: NUMERIC_STD.TO_INTEGER: metavalue detected, returning 0
#    Time: 3063020 ns  Iteration: 18  Instance: /tb/MyRiscv/DMem
# ** Warning: NUMERIC_STD.TO_INTEGER: metavalue detected, returning 0
#    Time: 3063020 ns  Iteration: 20  Instance: /tb/MyRiscv/DMem
# ** Warning: NUMERIC_STD.TO_INTEGER: metavalue detected, returning 0
#    Time: 3083440 ns  Iteration: 17  Instance: /tb/MyRiscv/DMem
# ** Warning: NUMERIC_STD.TO_INTEGER: metavalue detected, returning 0
#    Time: 3083440 ns  Iteration: 18  Instance: /tb/MyRiscv/DMem
# ** Warning: NUMERIC_STD.TO_INTEGER: metavalue detected, returning 0
#    Time: 3083440 ns  Iteration: 20  Instance: /tb/MyRiscv/DMem
# ** Warning: NUMERIC_STD.TO_INTEGER: metavalue detected, returning 0
#    Time: 3083440 ns  Iteration: 22  Instance: /tb/MyRiscv/DMem
# ** Warning: NUMERIC_STD.TO_INTEGER: metavalue detected, returning 0
#    Time: 3103860 ns  Iteration: 17  Instance: /tb/MyRiscv/DMem
# ** Warning: NUMERIC_STD.TO_INTEGER: metavalue detected, returning 0
#    Time: 3103860 ns  Iteration: 18  Instance: /tb/MyRiscv/DMem
# ** Warning: NUMERIC_STD.TO_INTEGER: metavalue detected, returning 0
#    Time: 3103860 ns  Iteration: 20  Instance: /tb/MyRiscv/DMem
# ** Warning: NUMERIC_STD.TO_INTEGER: metavalue detected, returning 0
#    Time: 3124280 ns  Iteration: 17  Instance: /tb/MyRiscv/DMem
# ** Warning: NUMERIC_STD.TO_INTEGER: metavalue detected, returning 0
#    Time: 3124280 ns  Iteration: 18  Instance: /tb/MyRiscv/DMem
# ** Warning: NUMERIC_STD.TO_INTEGER: metavalue detected, returning 0
#    Time: 3124280 ns  Iteration: 20  Instance: /tb/MyRiscv/DMem
# ** Warning: NUMERIC_STD.TO_INTEGER: metavalue detected, returning 0
#    Time: 3124280 ns  Iteration: 22  Instance: /tb/MyRiscv/DMem
# ** Warning: NUMERIC_STD.TO_INTEGER: metavalue detected, returning 0
#    Time: 3144700 ns  Iteration: 17  Instance: /tb/MyRiscv/DMem
# ** Warning: NUMERIC_STD.TO_INTEGER: metavalue detected, returning 0
#    Time: 3144700 ns  Iteration: 18  Instance: /tb/MyRiscv/DMem
# ** Warning: NUMERIC_STD.TO_INTEGER: metavalue detected, returning 0
#    Time: 3144700 ns  Iteration: 20  Instance: /tb/MyRiscv/DMem
# ** Warning: NUMERIC_STD.TO_INTEGER: metavalue detected, returning 0
#    Time: 3144700 ns  Iteration: 22  Instance: /tb/MyRiscv/DMem
# ** Warning: NUMERIC_STD.TO_INTEGER: metavalue detected, returning 0
#    Time: 3165120 ns  Iteration: 17  Instance: /tb/MyRiscv/DMem
# ** Warning: NUMERIC_STD.TO_INTEGER: metavalue detected, returning 0
#    Time: 3165120 ns  Iteration: 18  Instance: /tb/MyRiscv/DMem
# ** Warning: NUMERIC_STD.TO_INTEGER: metavalue detected, returning 0
#    Time: 3165120 ns  Iteration: 20  Instance: /tb/MyRiscv/DMem
# ** Warning: NUMERIC_STD.TO_INTEGER: metavalue detected, returning 0
#    Time: 3165120 ns  Iteration: 22  Instance: /tb/MyRiscv/DMem
# ** Warning: NUMERIC_STD.TO_INTEGER: metavalue detected, returning 0
#    Time: 3185540 ns  Iteration: 17  Instance: /tb/MyRiscv/DMem
# ** Warning: NUMERIC_STD.TO_INTEGER: metavalue detected, returning 0
#    Time: 3185540 ns  Iteration: 18  Instance: /tb/MyRiscv/DMem
# ** Warning: NUMERIC_STD.TO_INTEGER: metavalue detected, returning 0
#    Time: 3185540 ns  Iteration: 20  Instance: /tb/MyRiscv/DMem
# ** Warning: NUMERIC_STD.TO_INTEGER: metavalue detected, returning 0
#    Time: 3185540 ns  Iteration: 22  Instance: /tb/MyRiscv/DMem
# ** Warning: NUMERIC_STD.TO_INTEGER: metavalue detected, returning 0
#    Time: 3205960 ns  Iteration: 17  Instance: /tb/MyRiscv/DMem
# ** Warning: NUMERIC_STD.TO_INTEGER: metavalue detected, returning 0
#    Time: 3205960 ns  Iteration: 18  Instance: /tb/MyRiscv/DMem
# ** Warning: NUMERIC_STD.TO_INTEGER: metavalue detected, returning 0
#    Time: 3205960 ns  Iteration: 20  Instance: /tb/MyRiscv/DMem
# ** Warning: NUMERIC_STD.TO_INTEGER: metavalue detected, returning 0
#    Time: 3205960 ns  Iteration: 22  Instance: /tb/MyRiscv/DMem
# ** Warning: NUMERIC_STD.TO_INTEGER: metavalue detected, returning 0
#    Time: 3205960 ns  Iteration: 24  Instance: /tb/MyRiscv/DMem
# ** Warning: NUMERIC_STD.TO_INTEGER: metavalue detected, returning 0
#    Time: 3226380 ns  Iteration: 17  Instance: /tb/MyRiscv/DMem
# ** Warning: NUMERIC_STD.TO_INTEGER: metavalue detected, returning 0
#    Time: 3226380 ns  Iteration: 18  Instance: /tb/MyRiscv/DMem
# ** Warning: NUMERIC_STD.TO_INTEGER: metavalue detected, returning 0
#    Time: 3226380 ns  Iteration: 20  Instance: /tb/MyRiscv/DMem
# ** Warning: NUMERIC_STD.TO_INTEGER: metavalue detected, returning 0
#    Time: 3226380 ns  Iteration: 22  Instance: /tb/MyRiscv/DMem
# ** Warning: NUMERIC_STD.TO_INTEGER: metavalue detected, returning 0
#    Time: 3226380 ns  Iteration: 24  Instance: /tb/MyRiscv/DMem
# ** Warning: NUMERIC_STD.TO_INTEGER: metavalue detected, returning 0
#    Time: 3246800 ns  Iteration: 17  Instance: /tb/MyRiscv/DMem
# ** Warning: NUMERIC_STD.TO_INTEGER: metavalue detected, returning 0
#    Time: 3246800 ns  Iteration: 18  Instance: /tb/MyRiscv/DMem
# ** Warning: NUMERIC_STD.TO_INTEGER: metavalue detected, returning 0
#    Time: 3246800 ns  Iteration: 20  Instance: /tb/MyRiscv/DMem
# ** Warning: NUMERIC_STD.TO_INTEGER: metavalue detected, returning 0
#    Time: 3246800 ns  Iteration: 22  Instance: /tb/MyRiscv/DMem
# ** Warning: NUMERIC_STD.TO_INTEGER: metavalue detected, returning 0
#    Time: 3246800 ns  Iteration: 24  Instance: /tb/MyRiscv/DMem
# ** Warning: NUMERIC_STD.TO_INTEGER: metavalue detected, returning 0
#    Time: 3246800 ns  Iteration: 26  Instance: /tb/MyRiscv/DMem
# ** Warning: NUMERIC_STD.TO_INTEGER: metavalue detected, returning 0
#    Time: 3267220 ns  Iteration: 17  Instance: /tb/MyRiscv/DMem
# ** Warning: NUMERIC_STD.TO_INTEGER: metavalue detected, returning 0
#    Time: 3267220 ns  Iteration: 18  Instance: /tb/MyRiscv/DMem
# ** Warning: NUMERIC_STD.TO_INTEGER: metavalue detected, returning 0
#    Time: 3267220 ns  Iteration: 20  Instance: /tb/MyRiscv/DMem
# ** Warning: NUMERIC_STD.TO_INTEGER: metavalue detected, returning 0
#    Time: 3287640 ns  Iteration: 17  Instance: /tb/MyRiscv/DMem
# ** Warning: NUMERIC_STD.TO_INTEGER: metavalue detected, returning 0
#    Time: 3287640 ns  Iteration: 18  Instance: /tb/MyRiscv/DMem
# ** Warning: NUMERIC_STD.TO_INTEGER: metavalue detected, returning 0
#    Time: 3287640 ns  Iteration: 20  Instance: /tb/MyRiscv/DMem
# ** Warning: NUMERIC_STD.TO_INTEGER: metavalue detected, returning 0
#    Time: 3308060 ns  Iteration: 17  Instance: /tb/MyRiscv/DMem
# ** Warning: NUMERIC_STD.TO_INTEGER: metavalue detected, returning 0
#    Time: 3308060 ns  Iteration: 18  Instance: /tb/MyRiscv/DMem
# ** Warning: NUMERIC_STD.TO_INTEGER: metavalue detected, returning 0
#    Time: 3308060 ns  Iteration: 20  Instance: /tb/MyRiscv/DMem
# ** Warning: NUMERIC_STD.TO_INTEGER: metavalue detected, returning 0
#    Time: 3328480 ns  Iteration: 17  Instance: /tb/MyRiscv/DMem
# ** Warning: NUMERIC_STD.TO_INTEGER: metavalue detected, returning 0
#    Time: 3328480 ns  Iteration: 18  Instance: /tb/MyRiscv/DMem
# ** Warning: NUMERIC_STD.TO_INTEGER: metavalue detected, returning 0
#    Time: 3328480 ns  Iteration: 20  Instance: /tb/MyRiscv/DMem
# ** Warning: NUMERIC_STD.TO_INTEGER: metavalue detected, returning 0
#    Time: 3348900 ns  Iteration: 17  Instance: /tb/MyRiscv/DMem
# ** Warning: NUMERIC_STD.TO_INTEGER: metavalue detected, returning 0
#    Time: 3348900 ns  Iteration: 18  Instance: /tb/MyRiscv/DMem
# ** Warning: NUMERIC_STD.TO_INTEGER: metavalue detected, returning 0
#    Time: 3348900 ns  Iteration: 20  Instance: /tb/MyRiscv/DMem
# ** Warning: NUMERIC_STD.TO_INTEGER: metavalue detected, returning 0
#    Time: 3369320 ns  Iteration: 17  Instance: /tb/MyRiscv/DMem
# ** Warning: NUMERIC_STD.TO_INTEGER: metavalue detected, returning 0
#    Time: 3369320 ns  Iteration: 18  Instance: /tb/MyRiscv/DMem
# ** Warning: NUMERIC_STD.TO_INTEGER: metavalue detected, returning 0
#    Time: 3369320 ns  Iteration: 20  Instance: /tb/MyRiscv/DMem
# ** Warning: NUMERIC_STD.TO_INTEGER: metavalue detected, returning 0
#    Time: 3389740 ns  Iteration: 17  Instance: /tb/MyRiscv/DMem
# ** Warning: NUMERIC_STD.TO_INTEGER: metavalue detected, returning 0
#    Time: 3389740 ns  Iteration: 18  Instance: /tb/MyRiscv/DMem
# ** Warning: NUMERIC_STD.TO_INTEGER: metavalue detected, returning 0
#    Time: 3389740 ns  Iteration: 20  Instance: /tb/MyRiscv/DMem
# ** Warning: NUMERIC_STD.TO_INTEGER: metavalue detected, returning 0
#    Time: 3410160 ns  Iteration: 17  Instance: /tb/MyRiscv/DMem
# ** Warning: NUMERIC_STD.TO_INTEGER: metavalue detected, returning 0
#    Time: 3410160 ns  Iteration: 18  Instance: /tb/MyRiscv/DMem
# ** Warning: NUMERIC_STD.TO_INTEGER: metavalue detected, returning 0
#    Time: 3410160 ns  Iteration: 20  Instance: /tb/MyRiscv/DMem
# ** Warning: NUMERIC_STD.TO_INTEGER: metavalue detected, returning 0
#    Time: 3410160 ns  Iteration: 22  Instance: /tb/MyRiscv/DMem
# ** Warning: NUMERIC_STD.TO_INTEGER: metavalue detected, returning 0
#    Time: 3430580 ns  Iteration: 17  Instance: /tb/MyRiscv/DMem
# ** Warning: NUMERIC_STD.TO_INTEGER: metavalue detected, returning 0
#    Time: 3430580 ns  Iteration: 18  Instance: /tb/MyRiscv/DMem
# ** Warning: NUMERIC_STD.TO_INTEGER: metavalue detected, returning 0
#    Time: 3430580 ns  Iteration: 20  Instance: /tb/MyRiscv/DMem
# ** Warning: NUMERIC_STD.TO_INTEGER: metavalue detected, returning 0
#    Time: 3451 us  Iteration: 17  Instance: /tb/MyRiscv/DMem
# ** Warning: NUMERIC_STD.TO_INTEGER: metavalue detected, returning 0
#    Time: 3451 us  Iteration: 18  Instance: /tb/MyRiscv/DMem
# ** Warning: NUMERIC_STD.TO_INTEGER: metavalue detected, returning 0
#    Time: 3451 us  Iteration: 20  Instance: /tb/MyRiscv/DMem
# ** Warning: NUMERIC_STD.TO_INTEGER: metavalue detected, returning 0
#    Time: 3471420 ns  Iteration: 17  Instance: /tb/MyRiscv/DMem
# ** Warning: NUMERIC_STD.TO_INTEGER: metavalue detected, returning 0
#    Time: 3471420 ns  Iteration: 18  Instance: /tb/MyRiscv/DMem
# ** Warning: NUMERIC_STD.TO_INTEGER: metavalue detected, returning 0
#    Time: 3471420 ns  Iteration: 20  Instance: /tb/MyRiscv/DMem
# ** Warning: NUMERIC_STD.TO_INTEGER: metavalue detected, returning 0
#    Time: 3491840 ns  Iteration: 17  Instance: /tb/MyRiscv/DMem
# ** Warning: NUMERIC_STD.TO_INTEGER: metavalue detected, returning 0
#    Time: 3491840 ns  Iteration: 18  Instance: /tb/MyRiscv/DMem
# ** Warning: NUMERIC_STD.TO_INTEGER: metavalue detected, returning 0
#    Time: 3491840 ns  Iteration: 20  Instance: /tb/MyRiscv/DMem
# ** Warning: NUMERIC_STD.TO_INTEGER: metavalue detected, returning 0
#    Time: 3512260 ns  Iteration: 17  Instance: /tb/MyRiscv/DMem
# ** Warning: NUMERIC_STD.TO_INTEGER: metavalue detected, returning 0
#    Time: 3512260 ns  Iteration: 18  Instance: /tb/MyRiscv/DMem
# ** Warning: NUMERIC_STD.TO_INTEGER: metavalue detected, returning 0
#    Time: 3512260 ns  Iteration: 20  Instance: /tb/MyRiscv/DMem
# ** Warning: NUMERIC_STD.TO_INTEGER: metavalue detected, returning 0
#    Time: 3532680 ns  Iteration: 17  Instance: /tb/MyRiscv/DMem
# ** Warning: NUMERIC_STD.TO_INTEGER: metavalue detected, returning 0
#    Time: 3532680 ns  Iteration: 18  Instance: /tb/MyRiscv/DMem
# ** Warning: NUMERIC_STD.TO_INTEGER: metavalue detected, returning 0
#    Time: 3532680 ns  Iteration: 20  Instance: /tb/MyRiscv/DMem
# ** Warning: NUMERIC_STD.TO_INTEGER: metavalue detected, returning 0
#    Time: 3532680 ns  Iteration: 22  Instance: /tb/MyRiscv/DMem
# ** Warning: NUMERIC_STD.TO_INTEGER: metavalue detected, returning 0
#    Time: 3553100 ns  Iteration: 17  Instance: /tb/MyRiscv/DMem
# ** Warning: NUMERIC_STD.TO_INTEGER: metavalue detected, returning 0
#    Time: 3553100 ns  Iteration: 18  Instance: /tb/MyRiscv/DMem
# ** Warning: NUMERIC_STD.TO_INTEGER: metavalue detected, returning 0
#    Time: 3553100 ns  Iteration: 20  Instance: /tb/MyRiscv/DMem
# ** Warning: NUMERIC_STD.TO_INTEGER: metavalue detected, returning 0
#    Time: 3553100 ns  Iteration: 22  Instance: /tb/MyRiscv/DMem
# ** Warning: NUMERIC_STD.TO_INTEGER: metavalue detected, returning 0
#    Time: 3573520 ns  Iteration: 17  Instance: /tb/MyRiscv/DMem
# ** Warning: NUMERIC_STD.TO_INTEGER: metavalue detected, returning 0
#    Time: 3573520 ns  Iteration: 18  Instance: /tb/MyRiscv/DMem
# ** Warning: NUMERIC_STD.TO_INTEGER: metavalue detected, returning 0
#    Time: 3573520 ns  Iteration: 20  Instance: /tb/MyRiscv/DMem
# ** Warning: NUMERIC_STD.TO_INTEGER: metavalue detected, returning 0
#    Time: 3573520 ns  Iteration: 22  Instance: /tb/MyRiscv/DMem
# ** Warning: NUMERIC_STD.TO_INTEGER: metavalue detected, returning 0
#    Time: 3573520 ns  Iteration: 24  Instance: /tb/MyRiscv/DMem
# ** Warning: NUMERIC_STD.TO_INTEGER: metavalue detected, returning 0
#    Time: 3593940 ns  Iteration: 17  Instance: /tb/MyRiscv/DMem
# ** Warning: NUMERIC_STD.TO_INTEGER: metavalue detected, returning 0
#    Time: 3593940 ns  Iteration: 18  Instance: /tb/MyRiscv/DMem
# ** Warning: NUMERIC_STD.TO_INTEGER: metavalue detected, returning 0
#    Time: 3593940 ns  Iteration: 20  Instance: /tb/MyRiscv/DMem
# ** Warning: NUMERIC_STD.TO_INTEGER: metavalue detected, returning 0
#    Time: 3614360 ns  Iteration: 17  Instance: /tb/MyRiscv/DMem
# ** Warning: NUMERIC_STD.TO_INTEGER: metavalue detected, returning 0
#    Time: 3614360 ns  Iteration: 18  Instance: /tb/MyRiscv/DMem
# ** Warning: NUMERIC_STD.TO_INTEGER: metavalue detected, returning 0
#    Time: 3614360 ns  Iteration: 20  Instance: /tb/MyRiscv/DMem
# ** Warning: NUMERIC_STD.TO_INTEGER: metavalue detected, returning 0
#    Time: 3614360 ns  Iteration: 22  Instance: /tb/MyRiscv/DMem
# ** Warning: NUMERIC_STD.TO_INTEGER: metavalue detected, returning 0
#    Time: 3634780 ns  Iteration: 17  Instance: /tb/MyRiscv/DMem
# ** Warning: NUMERIC_STD.TO_INTEGER: metavalue detected, returning 0
#    Time: 3634780 ns  Iteration: 18  Instance: /tb/MyRiscv/DMem
# ** Warning: NUMERIC_STD.TO_INTEGER: metavalue detected, returning 0
#    Time: 3634780 ns  Iteration: 20  Instance: /tb/MyRiscv/DMem
# ** Warning: NUMERIC_STD.TO_INTEGER: metavalue detected, returning 0
#    Time: 3634780 ns  Iteration: 22  Instance: /tb/MyRiscv/DMem
# ** Warning: NUMERIC_STD.TO_INTEGER: metavalue detected, returning 0
#    Time: 3655200 ns  Iteration: 17  Instance: /tb/MyRiscv/DMem
# ** Warning: NUMERIC_STD.TO_INTEGER: metavalue detected, returning 0
#    Time: 3655200 ns  Iteration: 18  Instance: /tb/MyRiscv/DMem
# ** Warning: NUMERIC_STD.TO_INTEGER: metavalue detected, returning 0
#    Time: 3655200 ns  Iteration: 20  Instance: /tb/MyRiscv/DMem
# ** Warning: NUMERIC_STD.TO_INTEGER: metavalue detected, returning 0
#    Time: 3655200 ns  Iteration: 22  Instance: /tb/MyRiscv/DMem
# ** Warning: NUMERIC_STD.TO_INTEGER: metavalue detected, returning 0
#    Time: 3675620 ns  Iteration: 17  Instance: /tb/MyRiscv/DMem
# ** Warning: NUMERIC_STD.TO_INTEGER: metavalue detected, returning 0
#    Time: 3675620 ns  Iteration: 18  Instance: /tb/MyRiscv/DMem
# ** Warning: NUMERIC_STD.TO_INTEGER: metavalue detected, returning 0
#    Time: 3675620 ns  Iteration: 20  Instance: /tb/MyRiscv/DMem
# ** Warning: NUMERIC_STD.TO_INTEGER: metavalue detected, returning 0
#    Time: 3675620 ns  Iteration: 22  Instance: /tb/MyRiscv/DMem
# ** Warning: NUMERIC_STD.TO_INTEGER: metavalue detected, returning 0
#    Time: 3696040 ns  Iteration: 17  Instance: /tb/MyRiscv/DMem
# ** Warning: NUMERIC_STD.TO_INTEGER: metavalue detected, returning 0
#    Time: 3696040 ns  Iteration: 18  Instance: /tb/MyRiscv/DMem
# ** Warning: NUMERIC_STD.TO_INTEGER: metavalue detected, returning 0
#    Time: 3696040 ns  Iteration: 20  Instance: /tb/MyRiscv/DMem
# ** Warning: NUMERIC_STD.TO_INTEGER: metavalue detected, returning 0
#    Time: 3696040 ns  Iteration: 22  Instance: /tb/MyRiscv/DMem
# ** Warning: NUMERIC_STD.TO_INTEGER: metavalue detected, returning 0
#    Time: 3716460 ns  Iteration: 17  Instance: /tb/MyRiscv/DMem
# ** Warning: NUMERIC_STD.TO_INTEGER: metavalue detected, returning 0
#    Time: 3716460 ns  Iteration: 18  Instance: /tb/MyRiscv/DMem
# ** Warning: NUMERIC_STD.TO_INTEGER: metavalue detected, returning 0
#    Time: 3716460 ns  Iteration: 20  Instance: /tb/MyRiscv/DMem
# ** Warning: NUMERIC_STD.TO_INTEGER: metavalue detected, returning 0
#    Time: 3716460 ns  Iteration: 22  Instance: /tb/MyRiscv/DMem
# ** Warning: NUMERIC_STD.TO_INTEGER: metavalue detected, returning 0
#    Time: 3736880 ns  Iteration: 17  Instance: /tb/MyRiscv/DMem
# ** Warning: NUMERIC_STD.TO_INTEGER: metavalue detected, returning 0
#    Time: 3736880 ns  Iteration: 18  Instance: /tb/MyRiscv/DMem
# ** Warning: NUMERIC_STD.TO_INTEGER: metavalue detected, returning 0
#    Time: 3736880 ns  Iteration: 20  Instance: /tb/MyRiscv/DMem
# ** Warning: NUMERIC_STD.TO_INTEGER: metavalue detected, returning 0
#    Time: 3736880 ns  Iteration: 22  Instance: /tb/MyRiscv/DMem
# ** Warning: NUMERIC_STD.TO_INTEGER: metavalue detected, returning 0
#    Time: 3757300 ns  Iteration: 17  Instance: /tb/MyRiscv/DMem
# ** Warning: NUMERIC_STD.TO_INTEGER: metavalue detected, returning 0
#    Time: 3757300 ns  Iteration: 18  Instance: /tb/MyRiscv/DMem
# ** Warning: NUMERIC_STD.TO_INTEGER: metavalue detected, returning 0
#    Time: 3757300 ns  Iteration: 20  Instance: /tb/MyRiscv/DMem
# ** Warning: NUMERIC_STD.TO_INTEGER: metavalue detected, returning 0
#    Time: 3757300 ns  Iteration: 22  Instance: /tb/MyRiscv/DMem
# ** Warning: NUMERIC_STD.TO_INTEGER: metavalue detected, returning 0
#    Time: 3777720 ns  Iteration: 17  Instance: /tb/MyRiscv/DMem
# ** Warning: NUMERIC_STD.TO_INTEGER: metavalue detected, returning 0
#    Time: 3777720 ns  Iteration: 18  Instance: /tb/MyRiscv/DMem
# ** Warning: NUMERIC_STD.TO_INTEGER: metavalue detected, returning 0
#    Time: 3777720 ns  Iteration: 20  Instance: /tb/MyRiscv/DMem
# ** Warning: NUMERIC_STD.TO_INTEGER: metavalue detected, returning 0
#    Time: 3777720 ns  Iteration: 22  Instance: /tb/MyRiscv/DMem
# ** Warning: NUMERIC_STD.TO_INTEGER: metavalue detected, returning 0
#    Time: 3777720 ns  Iteration: 24  Instance: /tb/MyRiscv/DMem
# ** Warning: NUMERIC_STD.TO_INTEGER: metavalue detected, returning 0
#    Time: 3798140 ns  Iteration: 17  Instance: /tb/MyRiscv/DMem
# ** Warning: NUMERIC_STD.TO_INTEGER: metavalue detected, returning 0
#    Time: 3798140 ns  Iteration: 18  Instance: /tb/MyRiscv/DMem
# ** Warning: NUMERIC_STD.TO_INTEGER: metavalue detected, returning 0
#    Time: 3798140 ns  Iteration: 20  Instance: /tb/MyRiscv/DMem
# ** Warning: NUMERIC_STD.TO_INTEGER: metavalue detected, returning 0
#    Time: 3798140 ns  Iteration: 22  Instance: /tb/MyRiscv/DMem
# ** Warning: NUMERIC_STD.TO_INTEGER: metavalue detected, returning 0
#    Time: 3798140 ns  Iteration: 24  Instance: /tb/MyRiscv/DMem
# ** Warning: NUMERIC_STD.TO_INTEGER: metavalue detected, returning 0
#    Time: 3818560 ns  Iteration: 17  Instance: /tb/MyRiscv/DMem
# ** Warning: NUMERIC_STD.TO_INTEGER: metavalue detected, returning 0
#    Time: 3818560 ns  Iteration: 18  Instance: /tb/MyRiscv/DMem
# ** Warning: NUMERIC_STD.TO_INTEGER: metavalue detected, returning 0
#    Time: 3818560 ns  Iteration: 20  Instance: /tb/MyRiscv/DMem
# ** Warning: NUMERIC_STD.TO_INTEGER: metavalue detected, returning 0
#    Time: 3818560 ns  Iteration: 22  Instance: /tb/MyRiscv/DMem
# ** Warning: NUMERIC_STD.TO_INTEGER: metavalue detected, returning 0
#    Time: 3818560 ns  Iteration: 24  Instance: /tb/MyRiscv/DMem
# ** Warning: NUMERIC_STD.TO_INTEGER: metavalue detected, returning 0
#    Time: 3838980 ns  Iteration: 17  Instance: /tb/MyRiscv/DMem
# ** Warning: NUMERIC_STD.TO_INTEGER: metavalue detected, returning 0
#    Time: 3838980 ns  Iteration: 18  Instance: /tb/MyRiscv/DMem
# ** Warning: NUMERIC_STD.TO_INTEGER: metavalue detected, returning 0
#    Time: 3838980 ns  Iteration: 20  Instance: /tb/MyRiscv/DMem
# ** Warning: NUMERIC_STD.TO_INTEGER: metavalue detected, returning 0
#    Time: 3838980 ns  Iteration: 22  Instance: /tb/MyRiscv/DMem
# ** Warning: NUMERIC_STD.TO_INTEGER: metavalue detected, returning 0
#    Time: 3838980 ns  Iteration: 24  Instance: /tb/MyRiscv/DMem
# ** Warning: NUMERIC_STD.TO_INTEGER: metavalue detected, returning 0
#    Time: 3859400 ns  Iteration: 17  Instance: /tb/MyRiscv/DMem
# ** Warning: NUMERIC_STD.TO_INTEGER: metavalue detected, returning 0
#    Time: 3859400 ns  Iteration: 18  Instance: /tb/MyRiscv/DMem
# ** Warning: NUMERIC_STD.TO_INTEGER: metavalue detected, returning 0
#    Time: 3859400 ns  Iteration: 20  Instance: /tb/MyRiscv/DMem
# ** Warning: NUMERIC_STD.TO_INTEGER: metavalue detected, returning 0
#    Time: 3859400 ns  Iteration: 22  Instance: /tb/MyRiscv/DMem
# ** Warning: NUMERIC_STD.TO_INTEGER: metavalue detected, returning 0
#    Time: 3859400 ns  Iteration: 24  Instance: /tb/MyRiscv/DMem
# ** Warning: NUMERIC_STD.TO_INTEGER: metavalue detected, returning 0
#    Time: 3859400 ns  Iteration: 26  Instance: /tb/MyRiscv/DMem
# ** Warning: NUMERIC_STD.TO_INTEGER: metavalue detected, returning 0
#    Time: 3879820 ns  Iteration: 17  Instance: /tb/MyRiscv/DMem
# ** Warning: NUMERIC_STD.TO_INTEGER: metavalue detected, returning 0
#    Time: 3879820 ns  Iteration: 18  Instance: /tb/MyRiscv/DMem
# ** Warning: NUMERIC_STD.TO_INTEGER: metavalue detected, returning 0
#    Time: 3879820 ns  Iteration: 20  Instance: /tb/MyRiscv/DMem
# ** Warning: NUMERIC_STD.TO_INTEGER: metavalue detected, returning 0
#    Time: 3879820 ns  Iteration: 22  Instance: /tb/MyRiscv/DMem
# ** Warning: NUMERIC_STD.TO_INTEGER: metavalue detected, returning 0
#    Time: 3879820 ns  Iteration: 24  Instance: /tb/MyRiscv/DMem
# ** Warning: NUMERIC_STD.TO_INTEGER: metavalue detected, returning 0
#    Time: 3879820 ns  Iteration: 26  Instance: /tb/MyRiscv/DMem
# ** Warning: NUMERIC_STD.TO_INTEGER: metavalue detected, returning 0
#    Time: 3900240 ns  Iteration: 17  Instance: /tb/MyRiscv/DMem
# ** Warning: NUMERIC_STD.TO_INTEGER: metavalue detected, returning 0
#    Time: 3900240 ns  Iteration: 18  Instance: /tb/MyRiscv/DMem
# ** Warning: NUMERIC_STD.TO_INTEGER: metavalue detected, returning 0
#    Time: 3900240 ns  Iteration: 20  Instance: /tb/MyRiscv/DMem
# ** Warning: NUMERIC_STD.TO_INTEGER: metavalue detected, returning 0
#    Time: 3900240 ns  Iteration: 22  Instance: /tb/MyRiscv/DMem
# ** Warning: NUMERIC_STD.TO_INTEGER: metavalue detected, returning 0
#    Time: 3900240 ns  Iteration: 24  Instance: /tb/MyRiscv/DMem
# ** Warning: NUMERIC_STD.TO_INTEGER: metavalue detected, returning 0
#    Time: 3900240 ns  Iteration: 26  Instance: /tb/MyRiscv/DMem
# ** Warning: NUMERIC_STD.TO_INTEGER: metavalue detected, returning 0
#    Time: 3900240 ns  Iteration: 28  Instance: /tb/MyRiscv/DMem
# ** Warning: NUMERIC_STD.TO_INTEGER: metavalue detected, returning 0
#    Time: 3920660 ns  Iteration: 17  Instance: /tb/MyRiscv/DMem
# ** Warning: NUMERIC_STD.TO_INTEGER: metavalue detected, returning 0
#    Time: 3920660 ns  Iteration: 18  Instance: /tb/MyRiscv/DMem
# ** Warning: NUMERIC_STD.TO_INTEGER: metavalue detected, returning 0
#    Time: 3920660 ns  Iteration: 20  Instance: /tb/MyRiscv/DMem
# ** Warning: NUMERIC_STD.TO_INTEGER: metavalue detected, returning 0
#    Time: 3941080 ns  Iteration: 17  Instance: /tb/MyRiscv/DMem
# ** Warning: NUMERIC_STD.TO_INTEGER: metavalue detected, returning 0
#    Time: 3941080 ns  Iteration: 18  Instance: /tb/MyRiscv/DMem
# ** Warning: NUMERIC_STD.TO_INTEGER: metavalue detected, returning 0
#    Time: 3941080 ns  Iteration: 20  Instance: /tb/MyRiscv/DMem
# ** Warning: NUMERIC_STD.TO_INTEGER: metavalue detected, returning 0
#    Time: 3941080 ns  Iteration: 22  Instance: /tb/MyRiscv/DMem
# ** Warning: NUMERIC_STD.TO_INTEGER: metavalue detected, returning 0
#    Time: 3961500 ns  Iteration: 17  Instance: /tb/MyRiscv/DMem
# ** Warning: NUMERIC_STD.TO_INTEGER: metavalue detected, returning 0
#    Time: 3961500 ns  Iteration: 18  Instance: /tb/MyRiscv/DMem
# ** Warning: NUMERIC_STD.TO_INTEGER: metavalue detected, returning 0
#    Time: 3961500 ns  Iteration: 20  Instance: /tb/MyRiscv/DMem
# ** Warning: NUMERIC_STD.TO_INTEGER: metavalue detected, returning 0
#    Time: 3961500 ns  Iteration: 22  Instance: /tb/MyRiscv/DMem
# ** Warning: NUMERIC_STD.TO_INTEGER: metavalue detected, returning 0
#    Time: 3981920 ns  Iteration: 17  Instance: /tb/MyRiscv/DMem
# ** Warning: NUMERIC_STD.TO_INTEGER: metavalue detected, returning 0
#    Time: 3981920 ns  Iteration: 18  Instance: /tb/MyRiscv/DMem
# ** Warning: NUMERIC_STD.TO_INTEGER: metavalue detected, returning 0
#    Time: 3981920 ns  Iteration: 20  Instance: /tb/MyRiscv/DMem
# ** Warning: NUMERIC_STD.TO_INTEGER: metavalue detected, returning 0
#    Time: 3981920 ns  Iteration: 22  Instance: /tb/MyRiscv/DMem
# ** Warning: NUMERIC_STD.TO_INTEGER: metavalue detected, returning 0
#    Time: 4002340 ns  Iteration: 17  Instance: /tb/MyRiscv/DMem
# ** Warning: NUMERIC_STD.TO_INTEGER: metavalue detected, returning 0
#    Time: 4002340 ns  Iteration: 18  Instance: /tb/MyRiscv/DMem
# ** Warning: NUMERIC_STD.TO_INTEGER: metavalue detected, returning 0
#    Time: 4002340 ns  Iteration: 20  Instance: /tb/MyRiscv/DMem
# ** Warning: NUMERIC_STD.TO_INTEGER: metavalue detected, returning 0
#    Time: 4002340 ns  Iteration: 22  Instance: /tb/MyRiscv/DMem
# ** Warning: NUMERIC_STD.TO_INTEGER: metavalue detected, returning 0
#    Time: 4022760 ns  Iteration: 17  Instance: /tb/MyRiscv/DMem
# ** Warning: NUMERIC_STD.TO_INTEGER: metavalue detected, returning 0
#    Time: 4022760 ns  Iteration: 18  Instance: /tb/MyRiscv/DMem
# ** Warning: NUMERIC_STD.TO_INTEGER: metavalue detected, returning 0
#    Time: 4022760 ns  Iteration: 20  Instance: /tb/MyRiscv/DMem
# ** Warning: NUMERIC_STD.TO_INTEGER: metavalue detected, returning 0
#    Time: 4022760 ns  Iteration: 22  Instance: /tb/MyRiscv/DMem
# ** Warning: NUMERIC_STD.TO_INTEGER: metavalue detected, returning 0
#    Time: 4043180 ns  Iteration: 17  Instance: /tb/MyRiscv/DMem
# ** Warning: NUMERIC_STD.TO_INTEGER: metavalue detected, returning 0
#    Time: 4043180 ns  Iteration: 18  Instance: /tb/MyRiscv/DMem
# ** Warning: NUMERIC_STD.TO_INTEGER: metavalue detected, returning 0
#    Time: 4043180 ns  Iteration: 20  Instance: /tb/MyRiscv/DMem
# ** Warning: NUMERIC_STD.TO_INTEGER: metavalue detected, returning 0
#    Time: 4043180 ns  Iteration: 22  Instance: /tb/MyRiscv/DMem
# ** Warning: NUMERIC_STD.TO_INTEGER: metavalue detected, returning 0
#    Time: 4063600 ns  Iteration: 17  Instance: /tb/MyRiscv/DMem
# ** Warning: NUMERIC_STD.TO_INTEGER: metavalue detected, returning 0
#    Time: 4063600 ns  Iteration: 18  Instance: /tb/MyRiscv/DMem
# ** Warning: NUMERIC_STD.TO_INTEGER: metavalue detected, returning 0
#    Time: 4063600 ns  Iteration: 20  Instance: /tb/MyRiscv/DMem
# ** Warning: NUMERIC_STD.TO_INTEGER: metavalue detected, returning 0
#    Time: 4063600 ns  Iteration: 22  Instance: /tb/MyRiscv/DMem
# ** Warning: NUMERIC_STD.TO_INTEGER: metavalue detected, returning 0
#    Time: 4084020 ns  Iteration: 17  Instance: /tb/MyRiscv/DMem
# ** Warning: NUMERIC_STD.TO_INTEGER: metavalue detected, returning 0
#    Time: 4084020 ns  Iteration: 18  Instance: /tb/MyRiscv/DMem
# ** Warning: NUMERIC_STD.TO_INTEGER: metavalue detected, returning 0
#    Time: 4084020 ns  Iteration: 20  Instance: /tb/MyRiscv/DMem
# ** Warning: NUMERIC_STD.TO_INTEGER: metavalue detected, returning 0
#    Time: 4084020 ns  Iteration: 22  Instance: /tb/MyRiscv/DMem
# ** Warning: NUMERIC_STD.TO_INTEGER: metavalue detected, returning 0
#    Time: 4104440 ns  Iteration: 17  Instance: /tb/MyRiscv/DMem
# ** Warning: NUMERIC_STD.TO_INTEGER: metavalue detected, returning 0
#    Time: 4104440 ns  Iteration: 18  Instance: /tb/MyRiscv/DMem
# ** Warning: NUMERIC_STD.TO_INTEGER: metavalue detected, returning 0
#    Time: 4104440 ns  Iteration: 20  Instance: /tb/MyRiscv/DMem
# ** Warning: NUMERIC_STD.TO_INTEGER: metavalue detected, returning 0
#    Time: 4104440 ns  Iteration: 22  Instance: /tb/MyRiscv/DMem
# ** Warning: NUMERIC_STD.TO_INTEGER: metavalue detected, returning 0
#    Time: 4124860 ns  Iteration: 17  Instance: /tb/MyRiscv/DMem
# ** Warning: NUMERIC_STD.TO_INTEGER: metavalue detected, returning 0
#    Time: 4124860 ns  Iteration: 18  Instance: /tb/MyRiscv/DMem
# ** Warning: NUMERIC_STD.TO_INTEGER: metavalue detected, returning 0
#    Time: 4124860 ns  Iteration: 20  Instance: /tb/MyRiscv/DMem
# ** Warning: NUMERIC_STD.TO_INTEGER: metavalue detected, returning 0
#    Time: 4124860 ns  Iteration: 22  Instance: /tb/MyRiscv/DMem
# ** Warning: NUMERIC_STD.TO_INTEGER: metavalue detected, returning 0
#    Time: 4145280 ns  Iteration: 17  Instance: /tb/MyRiscv/DMem
# ** Warning: NUMERIC_STD.TO_INTEGER: metavalue detected, returning 0
#    Time: 4145280 ns  Iteration: 18  Instance: /tb/MyRiscv/DMem
# ** Warning: NUMERIC_STD.TO_INTEGER: metavalue detected, returning 0
#    Time: 4145280 ns  Iteration: 20  Instance: /tb/MyRiscv/DMem
# ** Warning: NUMERIC_STD.TO_INTEGER: metavalue detected, returning 0
#    Time: 4145280 ns  Iteration: 22  Instance: /tb/MyRiscv/DMem
# ** Warning: NUMERIC_STD.TO_INTEGER: metavalue detected, returning 0
#    Time: 4165700 ns  Iteration: 17  Instance: /tb/MyRiscv/DMem
# ** Warning: NUMERIC_STD.TO_INTEGER: metavalue detected, returning 0
#    Time: 4165700 ns  Iteration: 18  Instance: /tb/MyRiscv/DMem
# ** Warning: NUMERIC_STD.TO_INTEGER: metavalue detected, returning 0
#    Time: 4165700 ns  Iteration: 20  Instance: /tb/MyRiscv/DMem
# ** Warning: NUMERIC_STD.TO_INTEGER: metavalue detected, returning 0
#    Time: 4165700 ns  Iteration: 22  Instance: /tb/MyRiscv/DMem
# ** Warning: NUMERIC_STD.TO_INTEGER: metavalue detected, returning 0
#    Time: 4186120 ns  Iteration: 17  Instance: /tb/MyRiscv/DMem
# ** Warning: NUMERIC_STD.TO_INTEGER: metavalue detected, returning 0
#    Time: 4186120 ns  Iteration: 18  Instance: /tb/MyRiscv/DMem
# ** Warning: NUMERIC_STD.TO_INTEGER: metavalue detected, returning 0
#    Time: 4186120 ns  Iteration: 20  Instance: /tb/MyRiscv/DMem
# ** Warning: NUMERIC_STD.TO_INTEGER: metavalue detected, returning 0
#    Time: 4186120 ns  Iteration: 22  Instance: /tb/MyRiscv/DMem
# ** Warning: NUMERIC_STD.TO_INTEGER: metavalue detected, returning 0
#    Time: 4206540 ns  Iteration: 17  Instance: /tb/MyRiscv/DMem
# ** Warning: NUMERIC_STD.TO_INTEGER: metavalue detected, returning 0
#    Time: 4206540 ns  Iteration: 18  Instance: /tb/MyRiscv/DMem
# ** Warning: NUMERIC_STD.TO_INTEGER: metavalue detected, returning 0
#    Time: 4206540 ns  Iteration: 20  Instance: /tb/MyRiscv/DMem
# ** Warning: NUMERIC_STD.TO_INTEGER: metavalue detected, returning 0
#    Time: 4206540 ns  Iteration: 22  Instance: /tb/MyRiscv/DMem
# ** Warning: NUMERIC_STD.TO_INTEGER: metavalue detected, returning 0
#    Time: 4226960 ns  Iteration: 17  Instance: /tb/MyRiscv/DMem
# ** Warning: NUMERIC_STD.TO_INTEGER: metavalue detected, returning 0
#    Time: 4226960 ns  Iteration: 18  Instance: /tb/MyRiscv/DMem
# ** Warning: NUMERIC_STD.TO_INTEGER: metavalue detected, returning 0
#    Time: 4226960 ns  Iteration: 20  Instance: /tb/MyRiscv/DMem
# ** Warning: NUMERIC_STD.TO_INTEGER: metavalue detected, returning 0
#    Time: 4226960 ns  Iteration: 22  Instance: /tb/MyRiscv/DMem
# ** Warning: NUMERIC_STD.TO_INTEGER: metavalue detected, returning 0
#    Time: 4226960 ns  Iteration: 24  Instance: /tb/MyRiscv/DMem
# ** Warning: NUMERIC_STD.TO_INTEGER: metavalue detected, returning 0
#    Time: 4247380 ns  Iteration: 17  Instance: /tb/MyRiscv/DMem
# ** Warning: NUMERIC_STD.TO_INTEGER: metavalue detected, returning 0
#    Time: 4247380 ns  Iteration: 18  Instance: /tb/MyRiscv/DMem
# ** Warning: NUMERIC_STD.TO_INTEGER: metavalue detected, returning 0
#    Time: 4247380 ns  Iteration: 20  Instance: /tb/MyRiscv/DMem
# ** Warning: NUMERIC_STD.TO_INTEGER: metavalue detected, returning 0
#    Time: 4247380 ns  Iteration: 22  Instance: /tb/MyRiscv/DMem
# ** Warning: NUMERIC_STD.TO_INTEGER: metavalue detected, returning 0
#    Time: 4267800 ns  Iteration: 17  Instance: /tb/MyRiscv/DMem
# ** Warning: NUMERIC_STD.TO_INTEGER: metavalue detected, returning 0
#    Time: 4267800 ns  Iteration: 18  Instance: /tb/MyRiscv/DMem
# ** Warning: NUMERIC_STD.TO_INTEGER: metavalue detected, returning 0
#    Time: 4267800 ns  Iteration: 20  Instance: /tb/MyRiscv/DMem
# ** Warning: NUMERIC_STD.TO_INTEGER: metavalue detected, returning 0
#    Time: 4267800 ns  Iteration: 22  Instance: /tb/MyRiscv/DMem
# ** Warning: NUMERIC_STD.TO_INTEGER: metavalue detected, returning 0
#    Time: 4288220 ns  Iteration: 17  Instance: /tb/MyRiscv/DMem
# ** Warning: NUMERIC_STD.TO_INTEGER: metavalue detected, returning 0
#    Time: 4288220 ns  Iteration: 18  Instance: /tb/MyRiscv/DMem
# ** Warning: NUMERIC_STD.TO_INTEGER: metavalue detected, returning 0
#    Time: 4288220 ns  Iteration: 20  Instance: /tb/MyRiscv/DMem
# ** Warning: NUMERIC_STD.TO_INTEGER: metavalue detected, returning 0
#    Time: 4288220 ns  Iteration: 22  Instance: /tb/MyRiscv/DMem
# ** Warning: NUMERIC_STD.TO_INTEGER: metavalue detected, returning 0
#    Time: 4308640 ns  Iteration: 17  Instance: /tb/MyRiscv/DMem
# ** Warning: NUMERIC_STD.TO_INTEGER: metavalue detected, returning 0
#    Time: 4308640 ns  Iteration: 18  Instance: /tb/MyRiscv/DMem
# ** Warning: NUMERIC_STD.TO_INTEGER: metavalue detected, returning 0
#    Time: 4308640 ns  Iteration: 20  Instance: /tb/MyRiscv/DMem
# ** Warning: NUMERIC_STD.TO_INTEGER: metavalue detected, returning 0
#    Time: 4308640 ns  Iteration: 22  Instance: /tb/MyRiscv/DMem
# ** Warning: NUMERIC_STD.TO_INTEGER: metavalue detected, returning 0
#    Time: 4329060 ns  Iteration: 17  Instance: /tb/MyRiscv/DMem
# ** Warning: NUMERIC_STD.TO_INTEGER: metavalue detected, returning 0
#    Time: 4329060 ns  Iteration: 18  Instance: /tb/MyRiscv/DMem
# ** Warning: NUMERIC_STD.TO_INTEGER: metavalue detected, returning 0
#    Time: 4329060 ns  Iteration: 20  Instance: /tb/MyRiscv/DMem
# ** Warning: NUMERIC_STD.TO_INTEGER: metavalue detected, returning 0
#    Time: 4329060 ns  Iteration: 22  Instance: /tb/MyRiscv/DMem
# ** Warning: NUMERIC_STD.TO_INTEGER: metavalue detected, returning 0
#    Time: 4349480 ns  Iteration: 17  Instance: /tb/MyRiscv/DMem
# ** Warning: NUMERIC_STD.TO_INTEGER: metavalue detected, returning 0
#    Time: 4349480 ns  Iteration: 18  Instance: /tb/MyRiscv/DMem
# ** Warning: NUMERIC_STD.TO_INTEGER: metavalue detected, returning 0
#    Time: 4349480 ns  Iteration: 20  Instance: /tb/MyRiscv/DMem
# ** Warning: NUMERIC_STD.TO_INTEGER: metavalue detected, returning 0
#    Time: 4349480 ns  Iteration: 22  Instance: /tb/MyRiscv/DMem
# ** Warning: NUMERIC_STD.TO_INTEGER: metavalue detected, returning 0
#    Time: 4369900 ns  Iteration: 17  Instance: /tb/MyRiscv/DMem
# ** Warning: NUMERIC_STD.TO_INTEGER: metavalue detected, returning 0
#    Time: 4369900 ns  Iteration: 18  Instance: /tb/MyRiscv/DMem
# ** Warning: NUMERIC_STD.TO_INTEGER: metavalue detected, returning 0
#    Time: 4369900 ns  Iteration: 20  Instance: /tb/MyRiscv/DMem
# ** Warning: NUMERIC_STD.TO_INTEGER: metavalue detected, returning 0
#    Time: 4369900 ns  Iteration: 22  Instance: /tb/MyRiscv/DMem
# ** Warning: NUMERIC_STD.TO_INTEGER: metavalue detected, returning 0
#    Time: 4390320 ns  Iteration: 17  Instance: /tb/MyRiscv/DMem
# ** Warning: NUMERIC_STD.TO_INTEGER: metavalue detected, returning 0
#    Time: 4390320 ns  Iteration: 18  Instance: /tb/MyRiscv/DMem
# ** Warning: NUMERIC_STD.TO_INTEGER: metavalue detected, returning 0
#    Time: 4390320 ns  Iteration: 20  Instance: /tb/MyRiscv/DMem
# ** Warning: NUMERIC_STD.TO_INTEGER: metavalue detected, returning 0
#    Time: 4390320 ns  Iteration: 22  Instance: /tb/MyRiscv/DMem
# ** Warning: NUMERIC_STD.TO_INTEGER: metavalue detected, returning 0
#    Time: 4410740 ns  Iteration: 17  Instance: /tb/MyRiscv/DMem
# ** Warning: NUMERIC_STD.TO_INTEGER: metavalue detected, returning 0
#    Time: 4410740 ns  Iteration: 18  Instance: /tb/MyRiscv/DMem
# ** Warning: NUMERIC_STD.TO_INTEGER: metavalue detected, returning 0
#    Time: 4410740 ns  Iteration: 20  Instance: /tb/MyRiscv/DMem
# ** Warning: NUMERIC_STD.TO_INTEGER: metavalue detected, returning 0
#    Time: 4410740 ns  Iteration: 22  Instance: /tb/MyRiscv/DMem
# ** Warning: NUMERIC_STD.TO_INTEGER: metavalue detected, returning 0
#    Time: 4431160 ns  Iteration: 17  Instance: /tb/MyRiscv/DMem
# ** Warning: NUMERIC_STD.TO_INTEGER: metavalue detected, returning 0
#    Time: 4431160 ns  Iteration: 18  Instance: /tb/MyRiscv/DMem
# ** Warning: NUMERIC_STD.TO_INTEGER: metavalue detected, returning 0
#    Time: 4431160 ns  Iteration: 20  Instance: /tb/MyRiscv/DMem
# ** Warning: NUMERIC_STD.TO_INTEGER: metavalue detected, returning 0
#    Time: 4431160 ns  Iteration: 22  Instance: /tb/MyRiscv/DMem
# ** Warning: NUMERIC_STD.TO_INTEGER: metavalue detected, returning 0
#    Time: 4451580 ns  Iteration: 17  Instance: /tb/MyRiscv/DMem
# ** Warning: NUMERIC_STD.TO_INTEGER: metavalue detected, returning 0
#    Time: 4451580 ns  Iteration: 18  Instance: /tb/MyRiscv/DMem
# ** Warning: NUMERIC_STD.TO_INTEGER: metavalue detected, returning 0
#    Time: 4451580 ns  Iteration: 20  Instance: /tb/MyRiscv/DMem
# ** Warning: NUMERIC_STD.TO_INTEGER: metavalue detected, returning 0
#    Time: 4451580 ns  Iteration: 22  Instance: /tb/MyRiscv/DMem
# ** Warning: NUMERIC_STD.TO_INTEGER: metavalue detected, returning 0
#    Time: 4472 us  Iteration: 17  Instance: /tb/MyRiscv/DMem
# ** Warning: NUMERIC_STD.TO_INTEGER: metavalue detected, returning 0
#    Time: 4472 us  Iteration: 18  Instance: /tb/MyRiscv/DMem
# ** Warning: NUMERIC_STD.TO_INTEGER: metavalue detected, returning 0
#    Time: 4472 us  Iteration: 20  Instance: /tb/MyRiscv/DMem
# ** Warning: NUMERIC_STD.TO_INTEGER: metavalue detected, returning 0
#    Time: 4472 us  Iteration: 22  Instance: /tb/MyRiscv/DMem
# ** Warning: NUMERIC_STD.TO_INTEGER: metavalue detected, returning 0
#    Time: 4492420 ns  Iteration: 17  Instance: /tb/MyRiscv/DMem
# ** Warning: NUMERIC_STD.TO_INTEGER: metavalue detected, returning 0
#    Time: 4492420 ns  Iteration: 18  Instance: /tb/MyRiscv/DMem
# ** Warning: NUMERIC_STD.TO_INTEGER: metavalue detected, returning 0
#    Time: 4492420 ns  Iteration: 20  Instance: /tb/MyRiscv/DMem
# ** Warning: NUMERIC_STD.TO_INTEGER: metavalue detected, returning 0
#    Time: 4492420 ns  Iteration: 22  Instance: /tb/MyRiscv/DMem
# ** Warning: NUMERIC_STD.TO_INTEGER: metavalue detected, returning 0
#    Time: 4512840 ns  Iteration: 17  Instance: /tb/MyRiscv/DMem
# ** Warning: NUMERIC_STD.TO_INTEGER: metavalue detected, returning 0
#    Time: 4512840 ns  Iteration: 18  Instance: /tb/MyRiscv/DMem
# ** Warning: NUMERIC_STD.TO_INTEGER: metavalue detected, returning 0
#    Time: 4512840 ns  Iteration: 20  Instance: /tb/MyRiscv/DMem
# ** Warning: NUMERIC_STD.TO_INTEGER: metavalue detected, returning 0
#    Time: 4512840 ns  Iteration: 22  Instance: /tb/MyRiscv/DMem
# ** Warning: NUMERIC_STD.TO_INTEGER: metavalue detected, returning 0
#    Time: 4512840 ns  Iteration: 24  Instance: /tb/MyRiscv/DMem
# ** Warning: NUMERIC_STD.TO_INTEGER: metavalue detected, returning 0
#    Time: 4533260 ns  Iteration: 17  Instance: /tb/MyRiscv/DMem
# ** Warning: NUMERIC_STD.TO_INTEGER: metavalue detected, returning 0
#    Time: 4533260 ns  Iteration: 18  Instance: /tb/MyRiscv/DMem
# ** Warning: NUMERIC_STD.TO_INTEGER: metavalue detected, returning 0
#    Time: 4533260 ns  Iteration: 20  Instance: /tb/MyRiscv/DMem
# ** Warning: NUMERIC_STD.TO_INTEGER: metavalue detected, returning 0
#    Time: 4533260 ns  Iteration: 22  Instance: /tb/MyRiscv/DMem
# ** Warning: NUMERIC_STD.TO_INTEGER: metavalue detected, returning 0
#    Time: 4533260 ns  Iteration: 24  Instance: /tb/MyRiscv/DMem
# ** Warning: NUMERIC_STD.TO_INTEGER: metavalue detected, returning 0
#    Time: 4553680 ns  Iteration: 17  Instance: /tb/MyRiscv/DMem
# ** Warning: NUMERIC_STD.TO_INTEGER: metavalue detected, returning 0
#    Time: 4553680 ns  Iteration: 18  Instance: /tb/MyRiscv/DMem
# ** Warning: NUMERIC_STD.TO_INTEGER: metavalue detected, returning 0
#    Time: 4553680 ns  Iteration: 20  Instance: /tb/MyRiscv/DMem
# ** Warning: NUMERIC_STD.TO_INTEGER: metavalue detected, returning 0
#    Time: 4553680 ns  Iteration: 22  Instance: /tb/MyRiscv/DMem
# ** Warning: NUMERIC_STD.TO_INTEGER: metavalue detected, returning 0
#    Time: 4553680 ns  Iteration: 24  Instance: /tb/MyRiscv/DMem
# ** Warning: NUMERIC_STD.TO_INTEGER: metavalue detected, returning 0
#    Time: 4553680 ns  Iteration: 26  Instance: /tb/MyRiscv/DMem
# ** Warning: NUMERIC_STD.TO_INTEGER: metavalue detected, returning 0
#    Time: 4574100 ns  Iteration: 17  Instance: /tb/MyRiscv/DMem
# ** Warning: NUMERIC_STD.TO_INTEGER: metavalue detected, returning 0
#    Time: 4574100 ns  Iteration: 18  Instance: /tb/MyRiscv/DMem
# ** Warning: NUMERIC_STD.TO_INTEGER: metavalue detected, returning 0
#    Time: 4574100 ns  Iteration: 20  Instance: /tb/MyRiscv/DMem
# ** Warning: NUMERIC_STD.TO_INTEGER: metavalue detected, returning 0
#    Time: 4574100 ns  Iteration: 22  Instance: /tb/MyRiscv/DMem
# ** Warning: NUMERIC_STD.TO_INTEGER: metavalue detected, returning 0
#    Time: 4594520 ns  Iteration: 17  Instance: /tb/MyRiscv/DMem
# ** Warning: NUMERIC_STD.TO_INTEGER: metavalue detected, returning 0
#    Time: 4594520 ns  Iteration: 18  Instance: /tb/MyRiscv/DMem
# ** Warning: NUMERIC_STD.TO_INTEGER: metavalue detected, returning 0
#    Time: 4594520 ns  Iteration: 20  Instance: /tb/MyRiscv/DMem
# ** Warning: NUMERIC_STD.TO_INTEGER: metavalue detected, returning 0
#    Time: 4594520 ns  Iteration: 22  Instance: /tb/MyRiscv/DMem
# ** Warning: NUMERIC_STD.TO_INTEGER: metavalue detected, returning 0
#    Time: 4594520 ns  Iteration: 24  Instance: /tb/MyRiscv/DMem
# ** Warning: NUMERIC_STD.TO_INTEGER: metavalue detected, returning 0
#    Time: 4614940 ns  Iteration: 17  Instance: /tb/MyRiscv/DMem
# ** Warning: NUMERIC_STD.TO_INTEGER: metavalue detected, returning 0
#    Time: 4614940 ns  Iteration: 18  Instance: /tb/MyRiscv/DMem
# ** Warning: NUMERIC_STD.TO_INTEGER: metavalue detected, returning 0
#    Time: 4614940 ns  Iteration: 20  Instance: /tb/MyRiscv/DMem
# ** Warning: NUMERIC_STD.TO_INTEGER: metavalue detected, returning 0
#    Time: 4614940 ns  Iteration: 22  Instance: /tb/MyRiscv/DMem
# ** Warning: NUMERIC_STD.TO_INTEGER: metavalue detected, returning 0
#    Time: 4614940 ns  Iteration: 24  Instance: /tb/MyRiscv/DMem
# ** Warning: NUMERIC_STD.TO_INTEGER: metavalue detected, returning 0
#    Time: 4635360 ns  Iteration: 17  Instance: /tb/MyRiscv/DMem
# ** Warning: NUMERIC_STD.TO_INTEGER: metavalue detected, returning 0
#    Time: 4635360 ns  Iteration: 18  Instance: /tb/MyRiscv/DMem
# ** Warning: NUMERIC_STD.TO_INTEGER: metavalue detected, returning 0
#    Time: 4635360 ns  Iteration: 20  Instance: /tb/MyRiscv/DMem
# ** Warning: NUMERIC_STD.TO_INTEGER: metavalue detected, returning 0
#    Time: 4635360 ns  Iteration: 22  Instance: /tb/MyRiscv/DMem
# ** Warning: NUMERIC_STD.TO_INTEGER: metavalue detected, returning 0
#    Time: 4635360 ns  Iteration: 24  Instance: /tb/MyRiscv/DMem
# ** Warning: NUMERIC_STD.TO_INTEGER: metavalue detected, returning 0
#    Time: 4655780 ns  Iteration: 17  Instance: /tb/MyRiscv/DMem
# ** Warning: NUMERIC_STD.TO_INTEGER: metavalue detected, returning 0
#    Time: 4655780 ns  Iteration: 18  Instance: /tb/MyRiscv/DMem
# ** Warning: NUMERIC_STD.TO_INTEGER: metavalue detected, returning 0
#    Time: 4655780 ns  Iteration: 20  Instance: /tb/MyRiscv/DMem
# ** Warning: NUMERIC_STD.TO_INTEGER: metavalue detected, returning 0
#    Time: 4655780 ns  Iteration: 22  Instance: /tb/MyRiscv/DMem
# ** Warning: NUMERIC_STD.TO_INTEGER: metavalue detected, returning 0
#    Time: 4655780 ns  Iteration: 24  Instance: /tb/MyRiscv/DMem
# ** Warning: NUMERIC_STD.TO_INTEGER: metavalue detected, returning 0
#    Time: 4676200 ns  Iteration: 17  Instance: /tb/MyRiscv/DMem
# ** Warning: NUMERIC_STD.TO_INTEGER: metavalue detected, returning 0
#    Time: 4676200 ns  Iteration: 18  Instance: /tb/MyRiscv/DMem
# ** Warning: NUMERIC_STD.TO_INTEGER: metavalue detected, returning 0
#    Time: 4676200 ns  Iteration: 20  Instance: /tb/MyRiscv/DMem
# ** Warning: NUMERIC_STD.TO_INTEGER: metavalue detected, returning 0
#    Time: 4676200 ns  Iteration: 22  Instance: /tb/MyRiscv/DMem
# ** Warning: NUMERIC_STD.TO_INTEGER: metavalue detected, returning 0
#    Time: 4676200 ns  Iteration: 24  Instance: /tb/MyRiscv/DMem
# ** Warning: NUMERIC_STD.TO_INTEGER: metavalue detected, returning 0
#    Time: 4696620 ns  Iteration: 17  Instance: /tb/MyRiscv/DMem
# ** Warning: NUMERIC_STD.TO_INTEGER: metavalue detected, returning 0
#    Time: 4696620 ns  Iteration: 18  Instance: /tb/MyRiscv/DMem
# ** Warning: NUMERIC_STD.TO_INTEGER: metavalue detected, returning 0
#    Time: 4696620 ns  Iteration: 20  Instance: /tb/MyRiscv/DMem
# ** Warning: NUMERIC_STD.TO_INTEGER: metavalue detected, returning 0
#    Time: 4696620 ns  Iteration: 22  Instance: /tb/MyRiscv/DMem
# ** Warning: NUMERIC_STD.TO_INTEGER: metavalue detected, returning 0
#    Time: 4696620 ns  Iteration: 24  Instance: /tb/MyRiscv/DMem
# ** Warning: NUMERIC_STD.TO_INTEGER: metavalue detected, returning 0
#    Time: 4717040 ns  Iteration: 17  Instance: /tb/MyRiscv/DMem
# ** Warning: NUMERIC_STD.TO_INTEGER: metavalue detected, returning 0
#    Time: 4717040 ns  Iteration: 18  Instance: /tb/MyRiscv/DMem
# ** Warning: NUMERIC_STD.TO_INTEGER: metavalue detected, returning 0
#    Time: 4717040 ns  Iteration: 20  Instance: /tb/MyRiscv/DMem
# ** Warning: NUMERIC_STD.TO_INTEGER: metavalue detected, returning 0
#    Time: 4717040 ns  Iteration: 22  Instance: /tb/MyRiscv/DMem
# ** Warning: NUMERIC_STD.TO_INTEGER: metavalue detected, returning 0
#    Time: 4717040 ns  Iteration: 24  Instance: /tb/MyRiscv/DMem
# ** Warning: NUMERIC_STD.TO_INTEGER: metavalue detected, returning 0
#    Time: 4737460 ns  Iteration: 17  Instance: /tb/MyRiscv/DMem
# ** Warning: NUMERIC_STD.TO_INTEGER: metavalue detected, returning 0
#    Time: 4737460 ns  Iteration: 18  Instance: /tb/MyRiscv/DMem
# ** Warning: NUMERIC_STD.TO_INTEGER: metavalue detected, returning 0
#    Time: 4737460 ns  Iteration: 20  Instance: /tb/MyRiscv/DMem
# ** Warning: NUMERIC_STD.TO_INTEGER: metavalue detected, returning 0
#    Time: 4737460 ns  Iteration: 22  Instance: /tb/MyRiscv/DMem
# ** Warning: NUMERIC_STD.TO_INTEGER: metavalue detected, returning 0
#    Time: 4737460 ns  Iteration: 24  Instance: /tb/MyRiscv/DMem
# ** Warning: NUMERIC_STD.TO_INTEGER: metavalue detected, returning 0
#    Time: 4757880 ns  Iteration: 17  Instance: /tb/MyRiscv/DMem
# ** Warning: NUMERIC_STD.TO_INTEGER: metavalue detected, returning 0
#    Time: 4757880 ns  Iteration: 18  Instance: /tb/MyRiscv/DMem
# ** Warning: NUMERIC_STD.TO_INTEGER: metavalue detected, returning 0
#    Time: 4757880 ns  Iteration: 20  Instance: /tb/MyRiscv/DMem
# ** Warning: NUMERIC_STD.TO_INTEGER: metavalue detected, returning 0
#    Time: 4757880 ns  Iteration: 22  Instance: /tb/MyRiscv/DMem
# ** Warning: NUMERIC_STD.TO_INTEGER: metavalue detected, returning 0
#    Time: 4757880 ns  Iteration: 24  Instance: /tb/MyRiscv/DMem
# ** Warning: NUMERIC_STD.TO_INTEGER: metavalue detected, returning 0
#    Time: 4778300 ns  Iteration: 17  Instance: /tb/MyRiscv/DMem
# ** Warning: NUMERIC_STD.TO_INTEGER: metavalue detected, returning 0
#    Time: 4778300 ns  Iteration: 18  Instance: /tb/MyRiscv/DMem
# ** Warning: NUMERIC_STD.TO_INTEGER: metavalue detected, returning 0
#    Time: 4778300 ns  Iteration: 20  Instance: /tb/MyRiscv/DMem
# ** Warning: NUMERIC_STD.TO_INTEGER: metavalue detected, returning 0
#    Time: 4778300 ns  Iteration: 22  Instance: /tb/MyRiscv/DMem
# ** Warning: NUMERIC_STD.TO_INTEGER: metavalue detected, returning 0
#    Time: 4778300 ns  Iteration: 24  Instance: /tb/MyRiscv/DMem
# ** Warning: NUMERIC_STD.TO_INTEGER: metavalue detected, returning 0
#    Time: 4798720 ns  Iteration: 17  Instance: /tb/MyRiscv/DMem
# ** Warning: NUMERIC_STD.TO_INTEGER: metavalue detected, returning 0
#    Time: 4798720 ns  Iteration: 18  Instance: /tb/MyRiscv/DMem
# ** Warning: NUMERIC_STD.TO_INTEGER: metavalue detected, returning 0
#    Time: 4798720 ns  Iteration: 20  Instance: /tb/MyRiscv/DMem
# ** Warning: NUMERIC_STD.TO_INTEGER: metavalue detected, returning 0
#    Time: 4798720 ns  Iteration: 22  Instance: /tb/MyRiscv/DMem
# ** Warning: NUMERIC_STD.TO_INTEGER: metavalue detected, returning 0
#    Time: 4798720 ns  Iteration: 24  Instance: /tb/MyRiscv/DMem
# ** Warning: NUMERIC_STD.TO_INTEGER: metavalue detected, returning 0
#    Time: 4819140 ns  Iteration: 17  Instance: /tb/MyRiscv/DMem
# ** Warning: NUMERIC_STD.TO_INTEGER: metavalue detected, returning 0
#    Time: 4819140 ns  Iteration: 18  Instance: /tb/MyRiscv/DMem
# ** Warning: NUMERIC_STD.TO_INTEGER: metavalue detected, returning 0
#    Time: 4819140 ns  Iteration: 20  Instance: /tb/MyRiscv/DMem
# ** Warning: NUMERIC_STD.TO_INTEGER: metavalue detected, returning 0
#    Time: 4819140 ns  Iteration: 22  Instance: /tb/MyRiscv/DMem
# ** Warning: NUMERIC_STD.TO_INTEGER: metavalue detected, returning 0
#    Time: 4819140 ns  Iteration: 24  Instance: /tb/MyRiscv/DMem
# ** Warning: NUMERIC_STD.TO_INTEGER: metavalue detected, returning 0
#    Time: 4839560 ns  Iteration: 17  Instance: /tb/MyRiscv/DMem
# ** Warning: NUMERIC_STD.TO_INTEGER: metavalue detected, returning 0
#    Time: 4839560 ns  Iteration: 18  Instance: /tb/MyRiscv/DMem
# ** Warning: NUMERIC_STD.TO_INTEGER: metavalue detected, returning 0
#    Time: 4839560 ns  Iteration: 20  Instance: /tb/MyRiscv/DMem
# ** Warning: NUMERIC_STD.TO_INTEGER: metavalue detected, returning 0
#    Time: 4839560 ns  Iteration: 22  Instance: /tb/MyRiscv/DMem
# ** Warning: NUMERIC_STD.TO_INTEGER: metavalue detected, returning 0
#    Time: 4839560 ns  Iteration: 24  Instance: /tb/MyRiscv/DMem
# ** Warning: NUMERIC_STD.TO_INTEGER: metavalue detected, returning 0
#    Time: 4859980 ns  Iteration: 17  Instance: /tb/MyRiscv/DMem
# ** Warning: NUMERIC_STD.TO_INTEGER: metavalue detected, returning 0
#    Time: 4859980 ns  Iteration: 18  Instance: /tb/MyRiscv/DMem
# ** Warning: NUMERIC_STD.TO_INTEGER: metavalue detected, returning 0
#    Time: 4859980 ns  Iteration: 20  Instance: /tb/MyRiscv/DMem
# ** Warning: NUMERIC_STD.TO_INTEGER: metavalue detected, returning 0
#    Time: 4859980 ns  Iteration: 22  Instance: /tb/MyRiscv/DMem
# ** Warning: NUMERIC_STD.TO_INTEGER: metavalue detected, returning 0
#    Time: 4859980 ns  Iteration: 24  Instance: /tb/MyRiscv/DMem
# ** Warning: NUMERIC_STD.TO_INTEGER: metavalue detected, returning 0
#    Time: 4880400 ns  Iteration: 17  Instance: /tb/MyRiscv/DMem
# ** Warning: NUMERIC_STD.TO_INTEGER: metavalue detected, returning 0
#    Time: 4880400 ns  Iteration: 18  Instance: /tb/MyRiscv/DMem
# ** Warning: NUMERIC_STD.TO_INTEGER: metavalue detected, returning 0
#    Time: 4880400 ns  Iteration: 20  Instance: /tb/MyRiscv/DMem
# ** Warning: NUMERIC_STD.TO_INTEGER: metavalue detected, returning 0
#    Time: 4880400 ns  Iteration: 22  Instance: /tb/MyRiscv/DMem
# ** Warning: NUMERIC_STD.TO_INTEGER: metavalue detected, returning 0
#    Time: 4880400 ns  Iteration: 24  Instance: /tb/MyRiscv/DMem
# ** Warning: NUMERIC_STD.TO_INTEGER: metavalue detected, returning 0
#    Time: 4900820 ns  Iteration: 17  Instance: /tb/MyRiscv/DMem
# ** Warning: NUMERIC_STD.TO_INTEGER: metavalue detected, returning 0
#    Time: 4900820 ns  Iteration: 18  Instance: /tb/MyRiscv/DMem
# ** Warning: NUMERIC_STD.TO_INTEGER: metavalue detected, returning 0
#    Time: 4900820 ns  Iteration: 20  Instance: /tb/MyRiscv/DMem
# ** Warning: NUMERIC_STD.TO_INTEGER: metavalue detected, returning 0
#    Time: 4900820 ns  Iteration: 22  Instance: /tb/MyRiscv/DMem
# ** Warning: NUMERIC_STD.TO_INTEGER: metavalue detected, returning 0
#    Time: 4900820 ns  Iteration: 24  Instance: /tb/MyRiscv/DMem
# ** Warning: NUMERIC_STD.TO_INTEGER: metavalue detected, returning 0
#    Time: 4921240 ns  Iteration: 17  Instance: /tb/MyRiscv/DMem
# ** Warning: NUMERIC_STD.TO_INTEGER: metavalue detected, returning 0
#    Time: 4921240 ns  Iteration: 18  Instance: /tb/MyRiscv/DMem
# ** Warning: NUMERIC_STD.TO_INTEGER: metavalue detected, returning 0
#    Time: 4921240 ns  Iteration: 20  Instance: /tb/MyRiscv/DMem
# ** Warning: NUMERIC_STD.TO_INTEGER: metavalue detected, returning 0
#    Time: 4921240 ns  Iteration: 22  Instance: /tb/MyRiscv/DMem
# ** Warning: NUMERIC_STD.TO_INTEGER: metavalue detected, returning 0
#    Time: 4921240 ns  Iteration: 24  Instance: /tb/MyRiscv/DMem
# ** Warning: NUMERIC_STD.TO_INTEGER: metavalue detected, returning 0
#    Time: 4921240 ns  Iteration: 26  Instance: /tb/MyRiscv/DMem
# ** Warning: NUMERIC_STD.TO_INTEGER: metavalue detected, returning 0
#    Time: 4941660 ns  Iteration: 17  Instance: /tb/MyRiscv/DMem
# ** Warning: NUMERIC_STD.TO_INTEGER: metavalue detected, returning 0
#    Time: 4941660 ns  Iteration: 18  Instance: /tb/MyRiscv/DMem
# ** Warning: NUMERIC_STD.TO_INTEGER: metavalue detected, returning 0
#    Time: 4941660 ns  Iteration: 20  Instance: /tb/MyRiscv/DMem
# ** Warning: NUMERIC_STD.TO_INTEGER: metavalue detected, returning 0
#    Time: 4941660 ns  Iteration: 22  Instance: /tb/MyRiscv/DMem
# ** Warning: NUMERIC_STD.TO_INTEGER: metavalue detected, returning 0
#    Time: 4941660 ns  Iteration: 24  Instance: /tb/MyRiscv/DMem
# ** Warning: NUMERIC_STD.TO_INTEGER: metavalue detected, returning 0
#    Time: 4941660 ns  Iteration: 26  Instance: /tb/MyRiscv/DMem
# ** Warning: NUMERIC_STD.TO_INTEGER: metavalue detected, returning 0
#    Time: 4962080 ns  Iteration: 17  Instance: /tb/MyRiscv/DMem
# ** Warning: NUMERIC_STD.TO_INTEGER: metavalue detected, returning 0
#    Time: 4962080 ns  Iteration: 18  Instance: /tb/MyRiscv/DMem
# ** Warning: NUMERIC_STD.TO_INTEGER: metavalue detected, returning 0
#    Time: 4962080 ns  Iteration: 20  Instance: /tb/MyRiscv/DMem
# ** Warning: NUMERIC_STD.TO_INTEGER: metavalue detected, returning 0
#    Time: 4962080 ns  Iteration: 22  Instance: /tb/MyRiscv/DMem
# ** Warning: NUMERIC_STD.TO_INTEGER: metavalue detected, returning 0
#    Time: 4962080 ns  Iteration: 24  Instance: /tb/MyRiscv/DMem
# ** Warning: NUMERIC_STD.TO_INTEGER: metavalue detected, returning 0
#    Time: 4962080 ns  Iteration: 26  Instance: /tb/MyRiscv/DMem
# ** Warning: NUMERIC_STD.TO_INTEGER: metavalue detected, returning 0
#    Time: 4982500 ns  Iteration: 17  Instance: /tb/MyRiscv/DMem
# ** Warning: NUMERIC_STD.TO_INTEGER: metavalue detected, returning 0
#    Time: 4982500 ns  Iteration: 18  Instance: /tb/MyRiscv/DMem
# ** Warning: NUMERIC_STD.TO_INTEGER: metavalue detected, returning 0
#    Time: 4982500 ns  Iteration: 20  Instance: /tb/MyRiscv/DMem
# ** Warning: NUMERIC_STD.TO_INTEGER: metavalue detected, returning 0
#    Time: 4982500 ns  Iteration: 22  Instance: /tb/MyRiscv/DMem
# ** Warning: NUMERIC_STD.TO_INTEGER: metavalue detected, returning 0
#    Time: 4982500 ns  Iteration: 24  Instance: /tb/MyRiscv/DMem
# ** Warning: NUMERIC_STD.TO_INTEGER: metavalue detected, returning 0
#    Time: 4982500 ns  Iteration: 26  Instance: /tb/MyRiscv/DMem
# ** Warning: NUMERIC_STD.TO_INTEGER: metavalue detected, returning 0
#    Time: 5002920 ns  Iteration: 17  Instance: /tb/MyRiscv/DMem
# ** Warning: NUMERIC_STD.TO_INTEGER: metavalue detected, returning 0
#    Time: 5002920 ns  Iteration: 18  Instance: /tb/MyRiscv/DMem
# ** Warning: NUMERIC_STD.TO_INTEGER: metavalue detected, returning 0
#    Time: 5002920 ns  Iteration: 20  Instance: /tb/MyRiscv/DMem
# ** Warning: NUMERIC_STD.TO_INTEGER: metavalue detected, returning 0
#    Time: 5002920 ns  Iteration: 22  Instance: /tb/MyRiscv/DMem
# ** Warning: NUMERIC_STD.TO_INTEGER: metavalue detected, returning 0
#    Time: 5002920 ns  Iteration: 24  Instance: /tb/MyRiscv/DMem
# ** Warning: NUMERIC_STD.TO_INTEGER: metavalue detected, returning 0
#    Time: 5002920 ns  Iteration: 26  Instance: /tb/MyRiscv/DMem
# ** Warning: NUMERIC_STD.TO_INTEGER: metavalue detected, returning 0
#    Time: 5023340 ns  Iteration: 17  Instance: /tb/MyRiscv/DMem
# ** Warning: NUMERIC_STD.TO_INTEGER: metavalue detected, returning 0
#    Time: 5023340 ns  Iteration: 18  Instance: /tb/MyRiscv/DMem
# ** Warning: NUMERIC_STD.TO_INTEGER: metavalue detected, returning 0
#    Time: 5023340 ns  Iteration: 20  Instance: /tb/MyRiscv/DMem
# ** Warning: NUMERIC_STD.TO_INTEGER: metavalue detected, returning 0
#    Time: 5023340 ns  Iteration: 22  Instance: /tb/MyRiscv/DMem
# ** Warning: NUMERIC_STD.TO_INTEGER: metavalue detected, returning 0
#    Time: 5023340 ns  Iteration: 24  Instance: /tb/MyRiscv/DMem
# ** Warning: NUMERIC_STD.TO_INTEGER: metavalue detected, returning 0
#    Time: 5023340 ns  Iteration: 26  Instance: /tb/MyRiscv/DMem
# ** Warning: NUMERIC_STD.TO_INTEGER: metavalue detected, returning 0
#    Time: 5043760 ns  Iteration: 17  Instance: /tb/MyRiscv/DMem
# ** Warning: NUMERIC_STD.TO_INTEGER: metavalue detected, returning 0
#    Time: 5043760 ns  Iteration: 18  Instance: /tb/MyRiscv/DMem
# ** Warning: NUMERIC_STD.TO_INTEGER: metavalue detected, returning 0
#    Time: 5043760 ns  Iteration: 20  Instance: /tb/MyRiscv/DMem
# ** Warning: NUMERIC_STD.TO_INTEGER: metavalue detected, returning 0
#    Time: 5043760 ns  Iteration: 22  Instance: /tb/MyRiscv/DMem
# ** Warning: NUMERIC_STD.TO_INTEGER: metavalue detected, returning 0
#    Time: 5043760 ns  Iteration: 24  Instance: /tb/MyRiscv/DMem
# ** Warning: NUMERIC_STD.TO_INTEGER: metavalue detected, returning 0
#    Time: 5043760 ns  Iteration: 26  Instance: /tb/MyRiscv/DMem
# ** Warning: NUMERIC_STD.TO_INTEGER: metavalue detected, returning 0
#    Time: 5064180 ns  Iteration: 17  Instance: /tb/MyRiscv/DMem
# ** Warning: NUMERIC_STD.TO_INTEGER: metavalue detected, returning 0
#    Time: 5064180 ns  Iteration: 18  Instance: /tb/MyRiscv/DMem
# ** Warning: NUMERIC_STD.TO_INTEGER: metavalue detected, returning 0
#    Time: 5064180 ns  Iteration: 20  Instance: /tb/MyRiscv/DMem
# ** Warning: NUMERIC_STD.TO_INTEGER: metavalue detected, returning 0
#    Time: 5064180 ns  Iteration: 22  Instance: /tb/MyRiscv/DMem
# ** Warning: NUMERIC_STD.TO_INTEGER: metavalue detected, returning 0
#    Time: 5064180 ns  Iteration: 24  Instance: /tb/MyRiscv/DMem
# ** Warning: NUMERIC_STD.TO_INTEGER: metavalue detected, returning 0
#    Time: 5064180 ns  Iteration: 26  Instance: /tb/MyRiscv/DMem
# ** Warning: NUMERIC_STD.TO_INTEGER: metavalue detected, returning 0
#    Time: 5084600 ns  Iteration: 17  Instance: /tb/MyRiscv/DMem
# ** Warning: NUMERIC_STD.TO_INTEGER: metavalue detected, returning 0
#    Time: 5084600 ns  Iteration: 18  Instance: /tb/MyRiscv/DMem
# ** Warning: NUMERIC_STD.TO_INTEGER: metavalue detected, returning 0
#    Time: 5084600 ns  Iteration: 20  Instance: /tb/MyRiscv/DMem
# ** Warning: NUMERIC_STD.TO_INTEGER: metavalue detected, returning 0
#    Time: 5084600 ns  Iteration: 22  Instance: /tb/MyRiscv/DMem
# ** Warning: NUMERIC_STD.TO_INTEGER: metavalue detected, returning 0
#    Time: 5084600 ns  Iteration: 24  Instance: /tb/MyRiscv/DMem
# ** Warning: NUMERIC_STD.TO_INTEGER: metavalue detected, returning 0
#    Time: 5084600 ns  Iteration: 26  Instance: /tb/MyRiscv/DMem
# ** Warning: NUMERIC_STD.TO_INTEGER: metavalue detected, returning 0
#    Time: 5084600 ns  Iteration: 28  Instance: /tb/MyRiscv/DMem
# ** Warning: NUMERIC_STD.TO_INTEGER: metavalue detected, returning 0
#    Time: 5105020 ns  Iteration: 17  Instance: /tb/MyRiscv/DMem
# ** Warning: NUMERIC_STD.TO_INTEGER: metavalue detected, returning 0
#    Time: 5105020 ns  Iteration: 18  Instance: /tb/MyRiscv/DMem
# ** Warning: NUMERIC_STD.TO_INTEGER: metavalue detected, returning 0
#    Time: 5105020 ns  Iteration: 20  Instance: /tb/MyRiscv/DMem
# ** Warning: NUMERIC_STD.TO_INTEGER: metavalue detected, returning 0
#    Time: 5105020 ns  Iteration: 22  Instance: /tb/MyRiscv/DMem
# ** Warning: NUMERIC_STD.TO_INTEGER: metavalue detected, returning 0
#    Time: 5105020 ns  Iteration: 24  Instance: /tb/MyRiscv/DMem
# ** Warning: NUMERIC_STD.TO_INTEGER: metavalue detected, returning 0
#    Time: 5105020 ns  Iteration: 26  Instance: /tb/MyRiscv/DMem
# ** Warning: NUMERIC_STD.TO_INTEGER: metavalue detected, returning 0
#    Time: 5105020 ns  Iteration: 28  Instance: /tb/MyRiscv/DMem
# ** Warning: NUMERIC_STD.TO_INTEGER: metavalue detected, returning 0
#    Time: 5125440 ns  Iteration: 17  Instance: /tb/MyRiscv/DMem
# ** Warning: NUMERIC_STD.TO_INTEGER: metavalue detected, returning 0
#    Time: 5125440 ns  Iteration: 18  Instance: /tb/MyRiscv/DMem
# ** Warning: NUMERIC_STD.TO_INTEGER: metavalue detected, returning 0
#    Time: 5125440 ns  Iteration: 20  Instance: /tb/MyRiscv/DMem
# ** Warning: NUMERIC_STD.TO_INTEGER: metavalue detected, returning 0
#    Time: 5125440 ns  Iteration: 22  Instance: /tb/MyRiscv/DMem
# ** Warning: NUMERIC_STD.TO_INTEGER: metavalue detected, returning 0
#    Time: 5125440 ns  Iteration: 24  Instance: /tb/MyRiscv/DMem
# ** Warning: NUMERIC_STD.TO_INTEGER: metavalue detected, returning 0
#    Time: 5125440 ns  Iteration: 26  Instance: /tb/MyRiscv/DMem
# ** Warning: NUMERIC_STD.TO_INTEGER: metavalue detected, returning 0
#    Time: 5125440 ns  Iteration: 28  Instance: /tb/MyRiscv/DMem
# ** Warning: NUMERIC_STD.TO_INTEGER: metavalue detected, returning 0
#    Time: 5145860 ns  Iteration: 17  Instance: /tb/MyRiscv/DMem
# ** Warning: NUMERIC_STD.TO_INTEGER: metavalue detected, returning 0
#    Time: 5145860 ns  Iteration: 18  Instance: /tb/MyRiscv/DMem
# ** Warning: NUMERIC_STD.TO_INTEGER: metavalue detected, returning 0
#    Time: 5145860 ns  Iteration: 20  Instance: /tb/MyRiscv/DMem
# ** Warning: NUMERIC_STD.TO_INTEGER: metavalue detected, returning 0
#    Time: 5145860 ns  Iteration: 22  Instance: /tb/MyRiscv/DMem
# ** Warning: NUMERIC_STD.TO_INTEGER: metavalue detected, returning 0
#    Time: 5145860 ns  Iteration: 24  Instance: /tb/MyRiscv/DMem
# ** Warning: NUMERIC_STD.TO_INTEGER: metavalue detected, returning 0
#    Time: 5145860 ns  Iteration: 26  Instance: /tb/MyRiscv/DMem
# ** Warning: NUMERIC_STD.TO_INTEGER: metavalue detected, returning 0
#    Time: 5145860 ns  Iteration: 28  Instance: /tb/MyRiscv/DMem
# ** Warning: NUMERIC_STD.TO_INTEGER: metavalue detected, returning 0
#    Time: 5166280 ns  Iteration: 17  Instance: /tb/MyRiscv/DMem
# ** Warning: NUMERIC_STD.TO_INTEGER: metavalue detected, returning 0
#    Time: 5166280 ns  Iteration: 18  Instance: /tb/MyRiscv/DMem
# ** Warning: NUMERIC_STD.TO_INTEGER: metavalue detected, returning 0
#    Time: 5166280 ns  Iteration: 20  Instance: /tb/MyRiscv/DMem
# ** Warning: NUMERIC_STD.TO_INTEGER: metavalue detected, returning 0
#    Time: 5166280 ns  Iteration: 22  Instance: /tb/MyRiscv/DMem
# ** Warning: NUMERIC_STD.TO_INTEGER: metavalue detected, returning 0
#    Time: 5166280 ns  Iteration: 24  Instance: /tb/MyRiscv/DMem
# ** Warning: NUMERIC_STD.TO_INTEGER: metavalue detected, returning 0
#    Time: 5166280 ns  Iteration: 26  Instance: /tb/MyRiscv/DMem
# ** Warning: NUMERIC_STD.TO_INTEGER: metavalue detected, returning 0
#    Time: 5166280 ns  Iteration: 28  Instance: /tb/MyRiscv/DMem
# ** Warning: NUMERIC_STD.TO_INTEGER: metavalue detected, returning 0
#    Time: 5166280 ns  Iteration: 30  Instance: /tb/MyRiscv/DMem
# ** Warning: NUMERIC_STD.TO_INTEGER: metavalue detected, returning 0
#    Time: 5186700 ns  Iteration: 17  Instance: /tb/MyRiscv/DMem
# ** Warning: NUMERIC_STD.TO_INTEGER: metavalue detected, returning 0
#    Time: 5186700 ns  Iteration: 18  Instance: /tb/MyRiscv/DMem
# ** Warning: NUMERIC_STD.TO_INTEGER: metavalue detected, returning 0
#    Time: 5186700 ns  Iteration: 20  Instance: /tb/MyRiscv/DMem
# ** Warning: NUMERIC_STD.TO_INTEGER: metavalue detected, returning 0
#    Time: 5186700 ns  Iteration: 22  Instance: /tb/MyRiscv/DMem
# ** Warning: NUMERIC_STD.TO_INTEGER: metavalue detected, returning 0
#    Time: 5186700 ns  Iteration: 24  Instance: /tb/MyRiscv/DMem
# ** Warning: NUMERIC_STD.TO_INTEGER: metavalue detected, returning 0
#    Time: 5186700 ns  Iteration: 26  Instance: /tb/MyRiscv/DMem
# ** Warning: NUMERIC_STD.TO_INTEGER: metavalue detected, returning 0
#    Time: 5186700 ns  Iteration: 28  Instance: /tb/MyRiscv/DMem
# ** Warning: NUMERIC_STD.TO_INTEGER: metavalue detected, returning 0
#    Time: 5186700 ns  Iteration: 30  Instance: /tb/MyRiscv/DMem
# ** Warning: NUMERIC_STD.TO_INTEGER: metavalue detected, returning 0
#    Time: 5207120 ns  Iteration: 17  Instance: /tb/MyRiscv/DMem
# ** Warning: NUMERIC_STD.TO_INTEGER: metavalue detected, returning 0
#    Time: 5207120 ns  Iteration: 18  Instance: /tb/MyRiscv/DMem
# ** Warning: NUMERIC_STD.TO_INTEGER: metavalue detected, returning 0
#    Time: 5207120 ns  Iteration: 20  Instance: /tb/MyRiscv/DMem
# ** Warning: NUMERIC_STD.TO_INTEGER: metavalue detected, returning 0
#    Time: 5207120 ns  Iteration: 22  Instance: /tb/MyRiscv/DMem
# ** Warning: NUMERIC_STD.TO_INTEGER: metavalue detected, returning 0
#    Time: 5207120 ns  Iteration: 24  Instance: /tb/MyRiscv/DMem
# ** Warning: NUMERIC_STD.TO_INTEGER: metavalue detected, returning 0
#    Time: 5207120 ns  Iteration: 26  Instance: /tb/MyRiscv/DMem
# ** Warning: NUMERIC_STD.TO_INTEGER: metavalue detected, returning 0
#    Time: 5207120 ns  Iteration: 28  Instance: /tb/MyRiscv/DMem
# ** Warning: NUMERIC_STD.TO_INTEGER: metavalue detected, returning 0
#    Time: 5207120 ns  Iteration: 30  Instance: /tb/MyRiscv/DMem
# ** Warning: NUMERIC_STD.TO_INTEGER: metavalue detected, returning 0
#    Time: 5207120 ns  Iteration: 32  Instance: /tb/MyRiscv/DMem
# ** Warning: NUMERIC_STD.TO_INTEGER: metavalue detected, returning 0
#    Time: 5227540 ns  Iteration: 17  Instance: /tb/MyRiscv/DMem
# ** Warning: NUMERIC_STD.TO_INTEGER: metavalue detected, returning 0
#    Time: 5227540 ns  Iteration: 18  Instance: /tb/MyRiscv/DMem
# ** Warning: NUMERIC_STD.TO_INTEGER: metavalue detected, returning 0
#    Time: 5247960 ns  Iteration: 17  Instance: /tb/MyRiscv/DMem
# ** Warning: NUMERIC_STD.TO_INTEGER: metavalue detected, returning 0
#    Time: 5247960 ns  Iteration: 18  Instance: /tb/MyRiscv/DMem
# ** Warning: NUMERIC_STD.TO_INTEGER: metavalue detected, returning 0
#    Time: 5247960 ns  Iteration: 20  Instance: /tb/MyRiscv/DMem
# ** Warning: NUMERIC_STD.TO_INTEGER: metavalue detected, returning 0
#    Time: 5268380 ns  Iteration: 17  Instance: /tb/MyRiscv/DMem
# ** Warning: NUMERIC_STD.TO_INTEGER: metavalue detected, returning 0
#    Time: 5268380 ns  Iteration: 18  Instance: /tb/MyRiscv/DMem
# ** Warning: NUMERIC_STD.TO_INTEGER: metavalue detected, returning 0
#    Time: 5268380 ns  Iteration: 20  Instance: /tb/MyRiscv/DMem
# ** Warning: NUMERIC_STD.TO_INTEGER: metavalue detected, returning 0
#    Time: 5288800 ns  Iteration: 17  Instance: /tb/MyRiscv/DMem
# ** Warning: NUMERIC_STD.TO_INTEGER: metavalue detected, returning 0
#    Time: 5288800 ns  Iteration: 18  Instance: /tb/MyRiscv/DMem
# ** Warning: NUMERIC_STD.TO_INTEGER: metavalue detected, returning 0
#    Time: 5288800 ns  Iteration: 20  Instance: /tb/MyRiscv/DMem
# ** Warning: NUMERIC_STD.TO_INTEGER: metavalue detected, returning 0
#    Time: 5309220 ns  Iteration: 17  Instance: /tb/MyRiscv/DMem
# ** Warning: NUMERIC_STD.TO_INTEGER: metavalue detected, returning 0
#    Time: 5309220 ns  Iteration: 18  Instance: /tb/MyRiscv/DMem
# ** Warning: NUMERIC_STD.TO_INTEGER: metavalue detected, returning 0
#    Time: 5309220 ns  Iteration: 20  Instance: /tb/MyRiscv/DMem
# ** Warning: NUMERIC_STD.TO_INTEGER: metavalue detected, returning 0
#    Time: 5329640 ns  Iteration: 17  Instance: /tb/MyRiscv/DMem
# ** Warning: NUMERIC_STD.TO_INTEGER: metavalue detected, returning 0
#    Time: 5329640 ns  Iteration: 18  Instance: /tb/MyRiscv/DMem
# ** Warning: NUMERIC_STD.TO_INTEGER: metavalue detected, returning 0
#    Time: 5329640 ns  Iteration: 20  Instance: /tb/MyRiscv/DMem
# ** Warning: NUMERIC_STD.TO_INTEGER: metavalue detected, returning 0
#    Time: 5350060 ns  Iteration: 17  Instance: /tb/MyRiscv/DMem
# ** Warning: NUMERIC_STD.TO_INTEGER: metavalue detected, returning 0
#    Time: 5350060 ns  Iteration: 18  Instance: /tb/MyRiscv/DMem
# ** Warning: NUMERIC_STD.TO_INTEGER: metavalue detected, returning 0
#    Time: 5350060 ns  Iteration: 20  Instance: /tb/MyRiscv/DMem
# ** Warning: NUMERIC_STD.TO_INTEGER: metavalue detected, returning 0
#    Time: 5370480 ns  Iteration: 17  Instance: /tb/MyRiscv/DMem
# ** Warning: NUMERIC_STD.TO_INTEGER: metavalue detected, returning 0
#    Time: 5370480 ns  Iteration: 18  Instance: /tb/MyRiscv/DMem
# ** Warning: NUMERIC_STD.TO_INTEGER: metavalue detected, returning 0
#    Time: 5370480 ns  Iteration: 20  Instance: /tb/MyRiscv/DMem
# ** Warning: NUMERIC_STD.TO_INTEGER: metavalue detected, returning 0
#    Time: 5370480 ns  Iteration: 22  Instance: /tb/MyRiscv/DMem
# ** Warning: NUMERIC_STD.TO_INTEGER: metavalue detected, returning 0
#    Time: 5390900 ns  Iteration: 17  Instance: /tb/MyRiscv/DMem
# ** Warning: NUMERIC_STD.TO_INTEGER: metavalue detected, returning 0
#    Time: 5390900 ns  Iteration: 18  Instance: /tb/MyRiscv/DMem
# ** Warning: NUMERIC_STD.TO_INTEGER: metavalue detected, returning 0
#    Time: 5390900 ns  Iteration: 20  Instance: /tb/MyRiscv/DMem
# ** Warning: NUMERIC_STD.TO_INTEGER: metavalue detected, returning 0
#    Time: 5411320 ns  Iteration: 17  Instance: /tb/MyRiscv/DMem
# ** Warning: NUMERIC_STD.TO_INTEGER: metavalue detected, returning 0
#    Time: 5411320 ns  Iteration: 18  Instance: /tb/MyRiscv/DMem
# ** Warning: NUMERIC_STD.TO_INTEGER: metavalue detected, returning 0
#    Time: 5411320 ns  Iteration: 20  Instance: /tb/MyRiscv/DMem
# ** Warning: NUMERIC_STD.TO_INTEGER: metavalue detected, returning 0
#    Time: 5431740 ns  Iteration: 17  Instance: /tb/MyRiscv/DMem
# ** Warning: NUMERIC_STD.TO_INTEGER: metavalue detected, returning 0
#    Time: 5431740 ns  Iteration: 18  Instance: /tb/MyRiscv/DMem
# ** Warning: NUMERIC_STD.TO_INTEGER: metavalue detected, returning 0
#    Time: 5431740 ns  Iteration: 20  Instance: /tb/MyRiscv/DMem
# ** Warning: NUMERIC_STD.TO_INTEGER: metavalue detected, returning 0
#    Time: 5452160 ns  Iteration: 17  Instance: /tb/MyRiscv/DMem
# ** Warning: NUMERIC_STD.TO_INTEGER: metavalue detected, returning 0
#    Time: 5452160 ns  Iteration: 18  Instance: /tb/MyRiscv/DMem
# ** Warning: NUMERIC_STD.TO_INTEGER: metavalue detected, returning 0
#    Time: 5452160 ns  Iteration: 20  Instance: /tb/MyRiscv/DMem
# ** Warning: NUMERIC_STD.TO_INTEGER: metavalue detected, returning 0
#    Time: 5472580 ns  Iteration: 17  Instance: /tb/MyRiscv/DMem
# ** Warning: NUMERIC_STD.TO_INTEGER: metavalue detected, returning 0
#    Time: 5472580 ns  Iteration: 18  Instance: /tb/MyRiscv/DMem
# ** Warning: NUMERIC_STD.TO_INTEGER: metavalue detected, returning 0
#    Time: 5472580 ns  Iteration: 20  Instance: /tb/MyRiscv/DMem
# ** Warning: NUMERIC_STD.TO_INTEGER: metavalue detected, returning 0
#    Time: 5493 us  Iteration: 17  Instance: /tb/MyRiscv/DMem
# ** Warning: NUMERIC_STD.TO_INTEGER: metavalue detected, returning 0
#    Time: 5493 us  Iteration: 18  Instance: /tb/MyRiscv/DMem
# ** Warning: NUMERIC_STD.TO_INTEGER: metavalue detected, returning 0
#    Time: 5493 us  Iteration: 20  Instance: /tb/MyRiscv/DMem
# ** Warning: NUMERIC_STD.TO_INTEGER: metavalue detected, returning 0
#    Time: 5493 us  Iteration: 22  Instance: /tb/MyRiscv/DMem
# ** Warning: NUMERIC_STD.TO_INTEGER: metavalue detected, returning 0
#    Time: 5513420 ns  Iteration: 17  Instance: /tb/MyRiscv/DMem
# ** Warning: NUMERIC_STD.TO_INTEGER: metavalue detected, returning 0
#    Time: 5513420 ns  Iteration: 18  Instance: /tb/MyRiscv/DMem
# ** Warning: NUMERIC_STD.TO_INTEGER: metavalue detected, returning 0
#    Time: 5513420 ns  Iteration: 20  Instance: /tb/MyRiscv/DMem
# ** Warning: NUMERIC_STD.TO_INTEGER: metavalue detected, returning 0
#    Time: 5513420 ns  Iteration: 22  Instance: /tb/MyRiscv/DMem
# ** Warning: NUMERIC_STD.TO_INTEGER: metavalue detected, returning 0
#    Time: 5533840 ns  Iteration: 17  Instance: /tb/MyRiscv/DMem
# ** Warning: NUMERIC_STD.TO_INTEGER: metavalue detected, returning 0
#    Time: 5533840 ns  Iteration: 18  Instance: /tb/MyRiscv/DMem
# ** Warning: NUMERIC_STD.TO_INTEGER: metavalue detected, returning 0
#    Time: 5533840 ns  Iteration: 20  Instance: /tb/MyRiscv/DMem
# ** Warning: NUMERIC_STD.TO_INTEGER: metavalue detected, returning 0
#    Time: 5533840 ns  Iteration: 22  Instance: /tb/MyRiscv/DMem
# ** Warning: NUMERIC_STD.TO_INTEGER: metavalue detected, returning 0
#    Time: 5533840 ns  Iteration: 24  Instance: /tb/MyRiscv/DMem
# ** Warning: NUMERIC_STD.TO_INTEGER: metavalue detected, returning 0
#    Time: 5554260 ns  Iteration: 17  Instance: /tb/MyRiscv/DMem
# ** Warning: NUMERIC_STD.TO_INTEGER: metavalue detected, returning 0
#    Time: 5554260 ns  Iteration: 18  Instance: /tb/MyRiscv/DMem
# ** Warning: NUMERIC_STD.TO_INTEGER: metavalue detected, returning 0
#    Time: 5554260 ns  Iteration: 20  Instance: /tb/MyRiscv/DMem
# ** Warning: NUMERIC_STD.TO_INTEGER: metavalue detected, returning 0
#    Time: 5574680 ns  Iteration: 17  Instance: /tb/MyRiscv/DMem
# ** Warning: NUMERIC_STD.TO_INTEGER: metavalue detected, returning 0
#    Time: 5574680 ns  Iteration: 18  Instance: /tb/MyRiscv/DMem
# ** Warning: NUMERIC_STD.TO_INTEGER: metavalue detected, returning 0
#    Time: 5574680 ns  Iteration: 20  Instance: /tb/MyRiscv/DMem
# ** Warning: NUMERIC_STD.TO_INTEGER: metavalue detected, returning 0
#    Time: 5595100 ns  Iteration: 17  Instance: /tb/MyRiscv/DMem
# ** Warning: NUMERIC_STD.TO_INTEGER: metavalue detected, returning 0
#    Time: 5595100 ns  Iteration: 18  Instance: /tb/MyRiscv/DMem
# ** Warning: NUMERIC_STD.TO_INTEGER: metavalue detected, returning 0
#    Time: 5595100 ns  Iteration: 20  Instance: /tb/MyRiscv/DMem
# ** Warning: NUMERIC_STD.TO_INTEGER: metavalue detected, returning 0
#    Time: 5615520 ns  Iteration: 17  Instance: /tb/MyRiscv/DMem
# ** Warning: NUMERIC_STD.TO_INTEGER: metavalue detected, returning 0
#    Time: 5615520 ns  Iteration: 18  Instance: /tb/MyRiscv/DMem
# ** Warning: NUMERIC_STD.TO_INTEGER: metavalue detected, returning 0
#    Time: 5615520 ns  Iteration: 20  Instance: /tb/MyRiscv/DMem
# ** Warning: NUMERIC_STD.TO_INTEGER: metavalue detected, returning 0
#    Time: 5635940 ns  Iteration: 17  Instance: /tb/MyRiscv/DMem
# ** Warning: NUMERIC_STD.TO_INTEGER: metavalue detected, returning 0
#    Time: 5635940 ns  Iteration: 18  Instance: /tb/MyRiscv/DMem
# ** Warning: NUMERIC_STD.TO_INTEGER: metavalue detected, returning 0
#    Time: 5635940 ns  Iteration: 20  Instance: /tb/MyRiscv/DMem
# ** Warning: NUMERIC_STD.TO_INTEGER: metavalue detected, returning 0
#    Time: 5656360 ns  Iteration: 17  Instance: /tb/MyRiscv/DMem
# ** Warning: NUMERIC_STD.TO_INTEGER: metavalue detected, returning 0
#    Time: 5656360 ns  Iteration: 18  Instance: /tb/MyRiscv/DMem
# ** Warning: NUMERIC_STD.TO_INTEGER: metavalue detected, returning 0
#    Time: 5656360 ns  Iteration: 20  Instance: /tb/MyRiscv/DMem
# ** Warning: NUMERIC_STD.TO_INTEGER: metavalue detected, returning 0
#    Time: 5676780 ns  Iteration: 17  Instance: /tb/MyRiscv/DMem
# ** Warning: NUMERIC_STD.TO_INTEGER: metavalue detected, returning 0
#    Time: 5676780 ns  Iteration: 18  Instance: /tb/MyRiscv/DMem
# ** Warning: NUMERIC_STD.TO_INTEGER: metavalue detected, returning 0
#    Time: 5676780 ns  Iteration: 20  Instance: /tb/MyRiscv/DMem
# ** Warning: NUMERIC_STD.TO_INTEGER: metavalue detected, returning 0
#    Time: 5697200 ns  Iteration: 17  Instance: /tb/MyRiscv/DMem
# ** Warning: NUMERIC_STD.TO_INTEGER: metavalue detected, returning 0
#    Time: 5697200 ns  Iteration: 18  Instance: /tb/MyRiscv/DMem
# ** Warning: NUMERIC_STD.TO_INTEGER: metavalue detected, returning 0
#    Time: 5697200 ns  Iteration: 20  Instance: /tb/MyRiscv/DMem
# ** Warning: NUMERIC_STD.TO_INTEGER: metavalue detected, returning 0
#    Time: 5697200 ns  Iteration: 22  Instance: /tb/MyRiscv/DMem
# ** Warning: NUMERIC_STD.TO_INTEGER: metavalue detected, returning 0
#    Time: 5717620 ns  Iteration: 17  Instance: /tb/MyRiscv/DMem
# ** Warning: NUMERIC_STD.TO_INTEGER: metavalue detected, returning 0
#    Time: 5717620 ns  Iteration: 18  Instance: /tb/MyRiscv/DMem
# ** Warning: NUMERIC_STD.TO_INTEGER: metavalue detected, returning 0
#    Time: 5717620 ns  Iteration: 20  Instance: /tb/MyRiscv/DMem
# ** Warning: NUMERIC_STD.TO_INTEGER: metavalue detected, returning 0
#    Time: 5738040 ns  Iteration: 17  Instance: /tb/MyRiscv/DMem
# ** Warning: NUMERIC_STD.TO_INTEGER: metavalue detected, returning 0
#    Time: 5738040 ns  Iteration: 18  Instance: /tb/MyRiscv/DMem
# ** Warning: NUMERIC_STD.TO_INTEGER: metavalue detected, returning 0
#    Time: 5738040 ns  Iteration: 20  Instance: /tb/MyRiscv/DMem
# ** Warning: NUMERIC_STD.TO_INTEGER: metavalue detected, returning 0
#    Time: 5738040 ns  Iteration: 22  Instance: /tb/MyRiscv/DMem
# ** Warning: NUMERIC_STD.TO_INTEGER: metavalue detected, returning 0
#    Time: 5758460 ns  Iteration: 17  Instance: /tb/MyRiscv/DMem
# ** Warning: NUMERIC_STD.TO_INTEGER: metavalue detected, returning 0
#    Time: 5758460 ns  Iteration: 18  Instance: /tb/MyRiscv/DMem
# ** Warning: NUMERIC_STD.TO_INTEGER: metavalue detected, returning 0
#    Time: 5758460 ns  Iteration: 20  Instance: /tb/MyRiscv/DMem
# ** Warning: NUMERIC_STD.TO_INTEGER: metavalue detected, returning 0
#    Time: 5758460 ns  Iteration: 22  Instance: /tb/MyRiscv/DMem
# ** Warning: NUMERIC_STD.TO_INTEGER: metavalue detected, returning 0
#    Time: 5778880 ns  Iteration: 17  Instance: /tb/MyRiscv/DMem
# ** Warning: NUMERIC_STD.TO_INTEGER: metavalue detected, returning 0
#    Time: 5778880 ns  Iteration: 18  Instance: /tb/MyRiscv/DMem
# ** Warning: NUMERIC_STD.TO_INTEGER: metavalue detected, returning 0
#    Time: 5778880 ns  Iteration: 20  Instance: /tb/MyRiscv/DMem
# ** Warning: NUMERIC_STD.TO_INTEGER: metavalue detected, returning 0
#    Time: 5778880 ns  Iteration: 22  Instance: /tb/MyRiscv/DMem
# ** Warning: NUMERIC_STD.TO_INTEGER: metavalue detected, returning 0
#    Time: 5799300 ns  Iteration: 17  Instance: /tb/MyRiscv/DMem
# ** Warning: NUMERIC_STD.TO_INTEGER: metavalue detected, returning 0
#    Time: 5799300 ns  Iteration: 18  Instance: /tb/MyRiscv/DMem
# ** Warning: NUMERIC_STD.TO_INTEGER: metavalue detected, returning 0
#    Time: 5799300 ns  Iteration: 20  Instance: /tb/MyRiscv/DMem
# ** Warning: NUMERIC_STD.TO_INTEGER: metavalue detected, returning 0
#    Time: 5799300 ns  Iteration: 22  Instance: /tb/MyRiscv/DMem
# ** Warning: NUMERIC_STD.TO_INTEGER: metavalue detected, returning 0
#    Time: 5819720 ns  Iteration: 17  Instance: /tb/MyRiscv/DMem
# ** Warning: NUMERIC_STD.TO_INTEGER: metavalue detected, returning 0
#    Time: 5819720 ns  Iteration: 18  Instance: /tb/MyRiscv/DMem
# ** Warning: NUMERIC_STD.TO_INTEGER: metavalue detected, returning 0
#    Time: 5819720 ns  Iteration: 20  Instance: /tb/MyRiscv/DMem
# ** Warning: NUMERIC_STD.TO_INTEGER: metavalue detected, returning 0
#    Time: 5819720 ns  Iteration: 22  Instance: /tb/MyRiscv/DMem
# ** Warning: NUMERIC_STD.TO_INTEGER: metavalue detected, returning 0
#    Time: 5819720 ns  Iteration: 24  Instance: /tb/MyRiscv/DMem
# ** Warning: NUMERIC_STD.TO_INTEGER: metavalue detected, returning 0
#    Time: 5840140 ns  Iteration: 17  Instance: /tb/MyRiscv/DMem
# ** Warning: NUMERIC_STD.TO_INTEGER: metavalue detected, returning 0
#    Time: 5840140 ns  Iteration: 18  Instance: /tb/MyRiscv/DMem
# ** Warning: NUMERIC_STD.TO_INTEGER: metavalue detected, returning 0
#    Time: 5840140 ns  Iteration: 20  Instance: /tb/MyRiscv/DMem
# ** Warning: NUMERIC_STD.TO_INTEGER: metavalue detected, returning 0
#    Time: 5840140 ns  Iteration: 22  Instance: /tb/MyRiscv/DMem
# ** Warning: NUMERIC_STD.TO_INTEGER: metavalue detected, returning 0
#    Time: 5840140 ns  Iteration: 24  Instance: /tb/MyRiscv/DMem
# ** Warning: NUMERIC_STD.TO_INTEGER: metavalue detected, returning 0
#    Time: 5860560 ns  Iteration: 17  Instance: /tb/MyRiscv/DMem
# ** Warning: NUMERIC_STD.TO_INTEGER: metavalue detected, returning 0
#    Time: 5860560 ns  Iteration: 18  Instance: /tb/MyRiscv/DMem
# ** Warning: NUMERIC_STD.TO_INTEGER: metavalue detected, returning 0
#    Time: 5860560 ns  Iteration: 20  Instance: /tb/MyRiscv/DMem
# ** Warning: NUMERIC_STD.TO_INTEGER: metavalue detected, returning 0
#    Time: 5860560 ns  Iteration: 22  Instance: /tb/MyRiscv/DMem
# ** Warning: NUMERIC_STD.TO_INTEGER: metavalue detected, returning 0
#    Time: 5860560 ns  Iteration: 24  Instance: /tb/MyRiscv/DMem
# ** Warning: NUMERIC_STD.TO_INTEGER: metavalue detected, returning 0
#    Time: 5860560 ns  Iteration: 26  Instance: /tb/MyRiscv/DMem
# ** Warning: NUMERIC_STD.TO_INTEGER: metavalue detected, returning 0
#    Time: 5880980 ns  Iteration: 17  Instance: /tb/MyRiscv/DMem
# ** Warning: NUMERIC_STD.TO_INTEGER: metavalue detected, returning 0
#    Time: 5880980 ns  Iteration: 18  Instance: /tb/MyRiscv/DMem
# ** Warning: NUMERIC_STD.TO_INTEGER: metavalue detected, returning 0
#    Time: 5880980 ns  Iteration: 20  Instance: /tb/MyRiscv/DMem
# ** Warning: NUMERIC_STD.TO_INTEGER: metavalue detected, returning 0
#    Time: 5901400 ns  Iteration: 17  Instance: /tb/MyRiscv/DMem
# ** Warning: NUMERIC_STD.TO_INTEGER: metavalue detected, returning 0
#    Time: 5901400 ns  Iteration: 18  Instance: /tb/MyRiscv/DMem
# ** Warning: NUMERIC_STD.TO_INTEGER: metavalue detected, returning 0
#    Time: 5901400 ns  Iteration: 20  Instance: /tb/MyRiscv/DMem
# ** Warning: NUMERIC_STD.TO_INTEGER: metavalue detected, returning 0
#    Time: 5921820 ns  Iteration: 17  Instance: /tb/MyRiscv/DMem
# ** Warning: NUMERIC_STD.TO_INTEGER: metavalue detected, returning 0
#    Time: 5921820 ns  Iteration: 18  Instance: /tb/MyRiscv/DMem
# ** Warning: NUMERIC_STD.TO_INTEGER: metavalue detected, returning 0
#    Time: 5921820 ns  Iteration: 20  Instance: /tb/MyRiscv/DMem
# ** Warning: NUMERIC_STD.TO_INTEGER: metavalue detected, returning 0
#    Time: 5942240 ns  Iteration: 17  Instance: /tb/MyRiscv/DMem
# ** Warning: NUMERIC_STD.TO_INTEGER: metavalue detected, returning 0
#    Time: 5942240 ns  Iteration: 18  Instance: /tb/MyRiscv/DMem
# ** Warning: NUMERIC_STD.TO_INTEGER: metavalue detected, returning 0
#    Time: 5942240 ns  Iteration: 20  Instance: /tb/MyRiscv/DMem
# ** Warning: NUMERIC_STD.TO_INTEGER: metavalue detected, returning 0
#    Time: 5962660 ns  Iteration: 17  Instance: /tb/MyRiscv/DMem
# ** Warning: NUMERIC_STD.TO_INTEGER: metavalue detected, returning 0
#    Time: 5962660 ns  Iteration: 18  Instance: /tb/MyRiscv/DMem
# ** Warning: NUMERIC_STD.TO_INTEGER: metavalue detected, returning 0
#    Time: 5962660 ns  Iteration: 20  Instance: /tb/MyRiscv/DMem
# ** Warning: NUMERIC_STD.TO_INTEGER: metavalue detected, returning 0
#    Time: 5983080 ns  Iteration: 17  Instance: /tb/MyRiscv/DMem
# ** Warning: NUMERIC_STD.TO_INTEGER: metavalue detected, returning 0
#    Time: 5983080 ns  Iteration: 18  Instance: /tb/MyRiscv/DMem
# ** Warning: NUMERIC_STD.TO_INTEGER: metavalue detected, returning 0
#    Time: 5983080 ns  Iteration: 20  Instance: /tb/MyRiscv/DMem
# ** Warning: NUMERIC_STD.TO_INTEGER: metavalue detected, returning 0
#    Time: 6003500 ns  Iteration: 17  Instance: /tb/MyRiscv/DMem
# ** Warning: NUMERIC_STD.TO_INTEGER: metavalue detected, returning 0
#    Time: 6003500 ns  Iteration: 18  Instance: /tb/MyRiscv/DMem
# ** Warning: NUMERIC_STD.TO_INTEGER: metavalue detected, returning 0
#    Time: 6003500 ns  Iteration: 20  Instance: /tb/MyRiscv/DMem
# ** Warning: NUMERIC_STD.TO_INTEGER: metavalue detected, returning 0
#    Time: 6023920 ns  Iteration: 17  Instance: /tb/MyRiscv/DMem
# ** Warning: NUMERIC_STD.TO_INTEGER: metavalue detected, returning 0
#    Time: 6023920 ns  Iteration: 18  Instance: /tb/MyRiscv/DMem
# ** Warning: NUMERIC_STD.TO_INTEGER: metavalue detected, returning 0
#    Time: 6023920 ns  Iteration: 20  Instance: /tb/MyRiscv/DMem
# ** Warning: NUMERIC_STD.TO_INTEGER: metavalue detected, returning 0
#    Time: 6023920 ns  Iteration: 22  Instance: /tb/MyRiscv/DMem
# ** Warning: NUMERIC_STD.TO_INTEGER: metavalue detected, returning 0
#    Time: 6044340 ns  Iteration: 17  Instance: /tb/MyRiscv/DMem
# ** Warning: NUMERIC_STD.TO_INTEGER: metavalue detected, returning 0
#    Time: 6044340 ns  Iteration: 18  Instance: /tb/MyRiscv/DMem
# ** Warning: NUMERIC_STD.TO_INTEGER: metavalue detected, returning 0
#    Time: 6044340 ns  Iteration: 20  Instance: /tb/MyRiscv/DMem
# ** Warning: NUMERIC_STD.TO_INTEGER: metavalue detected, returning 0
#    Time: 6064760 ns  Iteration: 17  Instance: /tb/MyRiscv/DMem
# ** Warning: NUMERIC_STD.TO_INTEGER: metavalue detected, returning 0
#    Time: 6064760 ns  Iteration: 18  Instance: /tb/MyRiscv/DMem
# ** Warning: NUMERIC_STD.TO_INTEGER: metavalue detected, returning 0
#    Time: 6064760 ns  Iteration: 20  Instance: /tb/MyRiscv/DMem
# ** Warning: NUMERIC_STD.TO_INTEGER: metavalue detected, returning 0
#    Time: 6085180 ns  Iteration: 17  Instance: /tb/MyRiscv/DMem
# ** Warning: NUMERIC_STD.TO_INTEGER: metavalue detected, returning 0
#    Time: 6085180 ns  Iteration: 18  Instance: /tb/MyRiscv/DMem
# ** Warning: NUMERIC_STD.TO_INTEGER: metavalue detected, returning 0
#    Time: 6085180 ns  Iteration: 20  Instance: /tb/MyRiscv/DMem
# ** Warning: NUMERIC_STD.TO_INTEGER: metavalue detected, returning 0
#    Time: 6105600 ns  Iteration: 17  Instance: /tb/MyRiscv/DMem
# ** Warning: NUMERIC_STD.TO_INTEGER: metavalue detected, returning 0
#    Time: 6105600 ns  Iteration: 18  Instance: /tb/MyRiscv/DMem
# ** Warning: NUMERIC_STD.TO_INTEGER: metavalue detected, returning 0
#    Time: 6105600 ns  Iteration: 20  Instance: /tb/MyRiscv/DMem
# ** Warning: NUMERIC_STD.TO_INTEGER: metavalue detected, returning 0
#    Time: 6126020 ns  Iteration: 17  Instance: /tb/MyRiscv/DMem
# ** Warning: NUMERIC_STD.TO_INTEGER: metavalue detected, returning 0
#    Time: 6126020 ns  Iteration: 18  Instance: /tb/MyRiscv/DMem
# ** Warning: NUMERIC_STD.TO_INTEGER: metavalue detected, returning 0
#    Time: 6126020 ns  Iteration: 20  Instance: /tb/MyRiscv/DMem
# ** Warning: NUMERIC_STD.TO_INTEGER: metavalue detected, returning 0
#    Time: 6146440 ns  Iteration: 17  Instance: /tb/MyRiscv/DMem
# ** Warning: NUMERIC_STD.TO_INTEGER: metavalue detected, returning 0
#    Time: 6146440 ns  Iteration: 18  Instance: /tb/MyRiscv/DMem
# ** Warning: NUMERIC_STD.TO_INTEGER: metavalue detected, returning 0
#    Time: 6146440 ns  Iteration: 20  Instance: /tb/MyRiscv/DMem
# ** Warning: NUMERIC_STD.TO_INTEGER: metavalue detected, returning 0
#    Time: 6146440 ns  Iteration: 22  Instance: /tb/MyRiscv/DMem
# ** Warning: NUMERIC_STD.TO_INTEGER: metavalue detected, returning 0
#    Time: 6166860 ns  Iteration: 17  Instance: /tb/MyRiscv/DMem
# ** Warning: NUMERIC_STD.TO_INTEGER: metavalue detected, returning 0
#    Time: 6166860 ns  Iteration: 18  Instance: /tb/MyRiscv/DMem
# ** Warning: NUMERIC_STD.TO_INTEGER: metavalue detected, returning 0
#    Time: 6166860 ns  Iteration: 20  Instance: /tb/MyRiscv/DMem
# ** Warning: NUMERIC_STD.TO_INTEGER: metavalue detected, returning 0
#    Time: 6166860 ns  Iteration: 22  Instance: /tb/MyRiscv/DMem
# ** Warning: NUMERIC_STD.TO_INTEGER: metavalue detected, returning 0
#    Time: 6187280 ns  Iteration: 17  Instance: /tb/MyRiscv/DMem
# ** Warning: NUMERIC_STD.TO_INTEGER: metavalue detected, returning 0
#    Time: 6187280 ns  Iteration: 18  Instance: /tb/MyRiscv/DMem
# ** Warning: NUMERIC_STD.TO_INTEGER: metavalue detected, returning 0
#    Time: 6187280 ns  Iteration: 20  Instance: /tb/MyRiscv/DMem
# ** Warning: NUMERIC_STD.TO_INTEGER: metavalue detected, returning 0
#    Time: 6187280 ns  Iteration: 22  Instance: /tb/MyRiscv/DMem
# ** Warning: NUMERIC_STD.TO_INTEGER: metavalue detected, returning 0
#    Time: 6187280 ns  Iteration: 24  Instance: /tb/MyRiscv/DMem
# ** Warning: NUMERIC_STD.TO_INTEGER: metavalue detected, returning 0
#    Time: 6207700 ns  Iteration: 17  Instance: /tb/MyRiscv/DMem
# ** Warning: NUMERIC_STD.TO_INTEGER: metavalue detected, returning 0
#    Time: 6207700 ns  Iteration: 18  Instance: /tb/MyRiscv/DMem
# ** Warning: NUMERIC_STD.TO_INTEGER: metavalue detected, returning 0
#    Time: 6207700 ns  Iteration: 20  Instance: /tb/MyRiscv/DMem
# ** Warning: NUMERIC_STD.TO_INTEGER: metavalue detected, returning 0
#    Time: 6228120 ns  Iteration: 17  Instance: /tb/MyRiscv/DMem
# ** Warning: NUMERIC_STD.TO_INTEGER: metavalue detected, returning 0
#    Time: 6228120 ns  Iteration: 18  Instance: /tb/MyRiscv/DMem
# ** Warning: NUMERIC_STD.TO_INTEGER: metavalue detected, returning 0
#    Time: 6228120 ns  Iteration: 20  Instance: /tb/MyRiscv/DMem
# ** Warning: NUMERIC_STD.TO_INTEGER: metavalue detected, returning 0
#    Time: 6228120 ns  Iteration: 22  Instance: /tb/MyRiscv/DMem
# ** Warning: NUMERIC_STD.TO_INTEGER: metavalue detected, returning 0
#    Time: 6248540 ns  Iteration: 17  Instance: /tb/MyRiscv/DMem
# ** Warning: NUMERIC_STD.TO_INTEGER: metavalue detected, returning 0
#    Time: 6248540 ns  Iteration: 18  Instance: /tb/MyRiscv/DMem
# ** Warning: NUMERIC_STD.TO_INTEGER: metavalue detected, returning 0
#    Time: 6248540 ns  Iteration: 20  Instance: /tb/MyRiscv/DMem
# ** Warning: NUMERIC_STD.TO_INTEGER: metavalue detected, returning 0
#    Time: 6248540 ns  Iteration: 22  Instance: /tb/MyRiscv/DMem
# ** Warning: NUMERIC_STD.TO_INTEGER: metavalue detected, returning 0
#    Time: 6268960 ns  Iteration: 17  Instance: /tb/MyRiscv/DMem
# ** Warning: NUMERIC_STD.TO_INTEGER: metavalue detected, returning 0
#    Time: 6268960 ns  Iteration: 18  Instance: /tb/MyRiscv/DMem
# ** Warning: NUMERIC_STD.TO_INTEGER: metavalue detected, returning 0
#    Time: 6268960 ns  Iteration: 20  Instance: /tb/MyRiscv/DMem
# ** Warning: NUMERIC_STD.TO_INTEGER: metavalue detected, returning 0
#    Time: 6268960 ns  Iteration: 22  Instance: /tb/MyRiscv/DMem
# ** Warning: NUMERIC_STD.TO_INTEGER: metavalue detected, returning 0
#    Time: 6289380 ns  Iteration: 17  Instance: /tb/MyRiscv/DMem
# ** Warning: NUMERIC_STD.TO_INTEGER: metavalue detected, returning 0
#    Time: 6289380 ns  Iteration: 18  Instance: /tb/MyRiscv/DMem
# ** Warning: NUMERIC_STD.TO_INTEGER: metavalue detected, returning 0
#    Time: 6289380 ns  Iteration: 20  Instance: /tb/MyRiscv/DMem
# ** Warning: NUMERIC_STD.TO_INTEGER: metavalue detected, returning 0
#    Time: 6289380 ns  Iteration: 22  Instance: /tb/MyRiscv/DMem
# ** Warning: NUMERIC_STD.TO_INTEGER: metavalue detected, returning 0
#    Time: 6309800 ns  Iteration: 17  Instance: /tb/MyRiscv/DMem
# ** Warning: NUMERIC_STD.TO_INTEGER: metavalue detected, returning 0
#    Time: 6309800 ns  Iteration: 18  Instance: /tb/MyRiscv/DMem
# ** Warning: NUMERIC_STD.TO_INTEGER: metavalue detected, returning 0
#    Time: 6309800 ns  Iteration: 20  Instance: /tb/MyRiscv/DMem
# ** Warning: NUMERIC_STD.TO_INTEGER: metavalue detected, returning 0
#    Time: 6309800 ns  Iteration: 22  Instance: /tb/MyRiscv/DMem
# ** Warning: NUMERIC_STD.TO_INTEGER: metavalue detected, returning 0
#    Time: 6330220 ns  Iteration: 17  Instance: /tb/MyRiscv/DMem
# ** Warning: NUMERIC_STD.TO_INTEGER: metavalue detected, returning 0
#    Time: 6330220 ns  Iteration: 18  Instance: /tb/MyRiscv/DMem
# ** Warning: NUMERIC_STD.TO_INTEGER: metavalue detected, returning 0
#    Time: 6330220 ns  Iteration: 20  Instance: /tb/MyRiscv/DMem
# ** Warning: NUMERIC_STD.TO_INTEGER: metavalue detected, returning 0
#    Time: 6330220 ns  Iteration: 22  Instance: /tb/MyRiscv/DMem
# ** Warning: NUMERIC_STD.TO_INTEGER: metavalue detected, returning 0
#    Time: 6350640 ns  Iteration: 17  Instance: /tb/MyRiscv/DMem
# ** Warning: NUMERIC_STD.TO_INTEGER: metavalue detected, returning 0
#    Time: 6350640 ns  Iteration: 18  Instance: /tb/MyRiscv/DMem
# ** Warning: NUMERIC_STD.TO_INTEGER: metavalue detected, returning 0
#    Time: 6350640 ns  Iteration: 20  Instance: /tb/MyRiscv/DMem
# ** Warning: NUMERIC_STD.TO_INTEGER: metavalue detected, returning 0
#    Time: 6350640 ns  Iteration: 22  Instance: /tb/MyRiscv/DMem
# ** Warning: NUMERIC_STD.TO_INTEGER: metavalue detected, returning 0
#    Time: 6371060 ns  Iteration: 17  Instance: /tb/MyRiscv/DMem
# ** Warning: NUMERIC_STD.TO_INTEGER: metavalue detected, returning 0
#    Time: 6371060 ns  Iteration: 18  Instance: /tb/MyRiscv/DMem
# ** Warning: NUMERIC_STD.TO_INTEGER: metavalue detected, returning 0
#    Time: 6371060 ns  Iteration: 20  Instance: /tb/MyRiscv/DMem
# ** Warning: NUMERIC_STD.TO_INTEGER: metavalue detected, returning 0
#    Time: 6371060 ns  Iteration: 22  Instance: /tb/MyRiscv/DMem
# ** Warning: NUMERIC_STD.TO_INTEGER: metavalue detected, returning 0
#    Time: 6391480 ns  Iteration: 17  Instance: /tb/MyRiscv/DMem
# ** Warning: NUMERIC_STD.TO_INTEGER: metavalue detected, returning 0
#    Time: 6391480 ns  Iteration: 18  Instance: /tb/MyRiscv/DMem
# ** Warning: NUMERIC_STD.TO_INTEGER: metavalue detected, returning 0
#    Time: 6391480 ns  Iteration: 20  Instance: /tb/MyRiscv/DMem
# ** Warning: NUMERIC_STD.TO_INTEGER: metavalue detected, returning 0
#    Time: 6391480 ns  Iteration: 22  Instance: /tb/MyRiscv/DMem
# ** Warning: NUMERIC_STD.TO_INTEGER: metavalue detected, returning 0
#    Time: 6391480 ns  Iteration: 24  Instance: /tb/MyRiscv/DMem
# ** Warning: NUMERIC_STD.TO_INTEGER: metavalue detected, returning 0
#    Time: 6411900 ns  Iteration: 17  Instance: /tb/MyRiscv/DMem
# ** Warning: NUMERIC_STD.TO_INTEGER: metavalue detected, returning 0
#    Time: 6411900 ns  Iteration: 18  Instance: /tb/MyRiscv/DMem
# ** Warning: NUMERIC_STD.TO_INTEGER: metavalue detected, returning 0
#    Time: 6411900 ns  Iteration: 20  Instance: /tb/MyRiscv/DMem
# ** Warning: NUMERIC_STD.TO_INTEGER: metavalue detected, returning 0
#    Time: 6411900 ns  Iteration: 22  Instance: /tb/MyRiscv/DMem
# ** Warning: NUMERIC_STD.TO_INTEGER: metavalue detected, returning 0
#    Time: 6411900 ns  Iteration: 24  Instance: /tb/MyRiscv/DMem
# ** Warning: NUMERIC_STD.TO_INTEGER: metavalue detected, returning 0
#    Time: 6432320 ns  Iteration: 17  Instance: /tb/MyRiscv/DMem
# ** Warning: NUMERIC_STD.TO_INTEGER: metavalue detected, returning 0
#    Time: 6432320 ns  Iteration: 18  Instance: /tb/MyRiscv/DMem
# ** Warning: NUMERIC_STD.TO_INTEGER: metavalue detected, returning 0
#    Time: 6432320 ns  Iteration: 20  Instance: /tb/MyRiscv/DMem
# ** Warning: NUMERIC_STD.TO_INTEGER: metavalue detected, returning 0
#    Time: 6432320 ns  Iteration: 22  Instance: /tb/MyRiscv/DMem
# ** Warning: NUMERIC_STD.TO_INTEGER: metavalue detected, returning 0
#    Time: 6432320 ns  Iteration: 24  Instance: /tb/MyRiscv/DMem
# ** Warning: NUMERIC_STD.TO_INTEGER: metavalue detected, returning 0
#    Time: 6452740 ns  Iteration: 17  Instance: /tb/MyRiscv/DMem
# ** Warning: NUMERIC_STD.TO_INTEGER: metavalue detected, returning 0
#    Time: 6452740 ns  Iteration: 18  Instance: /tb/MyRiscv/DMem
# ** Warning: NUMERIC_STD.TO_INTEGER: metavalue detected, returning 0
#    Time: 6452740 ns  Iteration: 20  Instance: /tb/MyRiscv/DMem
# ** Warning: NUMERIC_STD.TO_INTEGER: metavalue detected, returning 0
#    Time: 6452740 ns  Iteration: 22  Instance: /tb/MyRiscv/DMem
# ** Warning: NUMERIC_STD.TO_INTEGER: metavalue detected, returning 0
#    Time: 6452740 ns  Iteration: 24  Instance: /tb/MyRiscv/DMem
# ** Warning: NUMERIC_STD.TO_INTEGER: metavalue detected, returning 0
#    Time: 6473160 ns  Iteration: 17  Instance: /tb/MyRiscv/DMem
# ** Warning: NUMERIC_STD.TO_INTEGER: metavalue detected, returning 0
#    Time: 6473160 ns  Iteration: 18  Instance: /tb/MyRiscv/DMem
# ** Warning: NUMERIC_STD.TO_INTEGER: metavalue detected, returning 0
#    Time: 6473160 ns  Iteration: 20  Instance: /tb/MyRiscv/DMem
# ** Warning: NUMERIC_STD.TO_INTEGER: metavalue detected, returning 0
#    Time: 6473160 ns  Iteration: 22  Instance: /tb/MyRiscv/DMem
# ** Warning: NUMERIC_STD.TO_INTEGER: metavalue detected, returning 0
#    Time: 6473160 ns  Iteration: 24  Instance: /tb/MyRiscv/DMem
# ** Warning: NUMERIC_STD.TO_INTEGER: metavalue detected, returning 0
#    Time: 6473160 ns  Iteration: 26  Instance: /tb/MyRiscv/DMem
# ** Warning: NUMERIC_STD.TO_INTEGER: metavalue detected, returning 0
#    Time: 6493580 ns  Iteration: 17  Instance: /tb/MyRiscv/DMem
# ** Warning: NUMERIC_STD.TO_INTEGER: metavalue detected, returning 0
#    Time: 6493580 ns  Iteration: 18  Instance: /tb/MyRiscv/DMem
# ** Warning: NUMERIC_STD.TO_INTEGER: metavalue detected, returning 0
#    Time: 6493580 ns  Iteration: 20  Instance: /tb/MyRiscv/DMem
# ** Warning: NUMERIC_STD.TO_INTEGER: metavalue detected, returning 0
#    Time: 6493580 ns  Iteration: 22  Instance: /tb/MyRiscv/DMem
# ** Warning: NUMERIC_STD.TO_INTEGER: metavalue detected, returning 0
#    Time: 6493580 ns  Iteration: 24  Instance: /tb/MyRiscv/DMem
# ** Warning: NUMERIC_STD.TO_INTEGER: metavalue detected, returning 0
#    Time: 6493580 ns  Iteration: 26  Instance: /tb/MyRiscv/DMem
# ** Warning: NUMERIC_STD.TO_INTEGER: metavalue detected, returning 0
#    Time: 6514 us  Iteration: 17  Instance: /tb/MyRiscv/DMem
# ** Warning: NUMERIC_STD.TO_INTEGER: metavalue detected, returning 0
#    Time: 6514 us  Iteration: 18  Instance: /tb/MyRiscv/DMem
# ** Warning: NUMERIC_STD.TO_INTEGER: metavalue detected, returning 0
#    Time: 6514 us  Iteration: 20  Instance: /tb/MyRiscv/DMem
# ** Warning: NUMERIC_STD.TO_INTEGER: metavalue detected, returning 0
#    Time: 6514 us  Iteration: 22  Instance: /tb/MyRiscv/DMem
# ** Warning: NUMERIC_STD.TO_INTEGER: metavalue detected, returning 0
#    Time: 6514 us  Iteration: 24  Instance: /tb/MyRiscv/DMem
# ** Warning: NUMERIC_STD.TO_INTEGER: metavalue detected, returning 0
#    Time: 6514 us  Iteration: 26  Instance: /tb/MyRiscv/DMem
# ** Warning: NUMERIC_STD.TO_INTEGER: metavalue detected, returning 0
#    Time: 6514 us  Iteration: 28  Instance: /tb/MyRiscv/DMem
# ** Warning: NUMERIC_STD.TO_INTEGER: metavalue detected, returning 0
#    Time: 6534420 ns  Iteration: 17  Instance: /tb/MyRiscv/DMem
# ** Warning: NUMERIC_STD.TO_INTEGER: metavalue detected, returning 0
#    Time: 6534420 ns  Iteration: 18  Instance: /tb/MyRiscv/DMem
# ** Warning: NUMERIC_STD.TO_INTEGER: metavalue detected, returning 0
#    Time: 6534420 ns  Iteration: 20  Instance: /tb/MyRiscv/DMem
# ** Warning: NUMERIC_STD.TO_INTEGER: metavalue detected, returning 0
#    Time: 6554840 ns  Iteration: 17  Instance: /tb/MyRiscv/DMem
# ** Warning: NUMERIC_STD.TO_INTEGER: metavalue detected, returning 0
#    Time: 6554840 ns  Iteration: 18  Instance: /tb/MyRiscv/DMem
# ** Warning: NUMERIC_STD.TO_INTEGER: metavalue detected, returning 0
#    Time: 6554840 ns  Iteration: 20  Instance: /tb/MyRiscv/DMem
# ** Warning: NUMERIC_STD.TO_INTEGER: metavalue detected, returning 0
#    Time: 6575260 ns  Iteration: 17  Instance: /tb/MyRiscv/DMem
# ** Warning: NUMERIC_STD.TO_INTEGER: metavalue detected, returning 0
#    Time: 6575260 ns  Iteration: 18  Instance: /tb/MyRiscv/DMem
# ** Warning: NUMERIC_STD.TO_INTEGER: metavalue detected, returning 0
#    Time: 6575260 ns  Iteration: 20  Instance: /tb/MyRiscv/DMem
# ** Warning: NUMERIC_STD.TO_INTEGER: metavalue detected, returning 0
#    Time: 6595680 ns  Iteration: 17  Instance: /tb/MyRiscv/DMem
# ** Warning: NUMERIC_STD.TO_INTEGER: metavalue detected, returning 0
#    Time: 6595680 ns  Iteration: 18  Instance: /tb/MyRiscv/DMem
# ** Warning: NUMERIC_STD.TO_INTEGER: metavalue detected, returning 0
#    Time: 6595680 ns  Iteration: 20  Instance: /tb/MyRiscv/DMem
# ** Warning: NUMERIC_STD.TO_INTEGER: metavalue detected, returning 0
#    Time: 6616100 ns  Iteration: 17  Instance: /tb/MyRiscv/DMem
# ** Warning: NUMERIC_STD.TO_INTEGER: metavalue detected, returning 0
#    Time: 6616100 ns  Iteration: 18  Instance: /tb/MyRiscv/DMem
# ** Warning: NUMERIC_STD.TO_INTEGER: metavalue detected, returning 0
#    Time: 6616100 ns  Iteration: 20  Instance: /tb/MyRiscv/DMem
# ** Warning: NUMERIC_STD.TO_INTEGER: metavalue detected, returning 0
#    Time: 6636520 ns  Iteration: 17  Instance: /tb/MyRiscv/DMem
# ** Warning: NUMERIC_STD.TO_INTEGER: metavalue detected, returning 0
#    Time: 6636520 ns  Iteration: 18  Instance: /tb/MyRiscv/DMem
# ** Warning: NUMERIC_STD.TO_INTEGER: metavalue detected, returning 0
#    Time: 6636520 ns  Iteration: 20  Instance: /tb/MyRiscv/DMem
# ** Warning: NUMERIC_STD.TO_INTEGER: metavalue detected, returning 0
#    Time: 6656940 ns  Iteration: 17  Instance: /tb/MyRiscv/DMem
# ** Warning: NUMERIC_STD.TO_INTEGER: metavalue detected, returning 0
#    Time: 6656940 ns  Iteration: 18  Instance: /tb/MyRiscv/DMem
# ** Warning: NUMERIC_STD.TO_INTEGER: metavalue detected, returning 0
#    Time: 6656940 ns  Iteration: 20  Instance: /tb/MyRiscv/DMem
# ** Warning: NUMERIC_STD.TO_INTEGER: metavalue detected, returning 0
#    Time: 6677360 ns  Iteration: 17  Instance: /tb/MyRiscv/DMem
# ** Warning: NUMERIC_STD.TO_INTEGER: metavalue detected, returning 0
#    Time: 6677360 ns  Iteration: 18  Instance: /tb/MyRiscv/DMem
# ** Warning: NUMERIC_STD.TO_INTEGER: metavalue detected, returning 0
#    Time: 6677360 ns  Iteration: 20  Instance: /tb/MyRiscv/DMem
# ** Warning: NUMERIC_STD.TO_INTEGER: metavalue detected, returning 0
#    Time: 6677360 ns  Iteration: 22  Instance: /tb/MyRiscv/DMem
# ** Warning: NUMERIC_STD.TO_INTEGER: metavalue detected, returning 0
#    Time: 6697780 ns  Iteration: 17  Instance: /tb/MyRiscv/DMem
# ** Warning: NUMERIC_STD.TO_INTEGER: metavalue detected, returning 0
#    Time: 6697780 ns  Iteration: 18  Instance: /tb/MyRiscv/DMem
# ** Warning: NUMERIC_STD.TO_INTEGER: metavalue detected, returning 0
#    Time: 6697780 ns  Iteration: 20  Instance: /tb/MyRiscv/DMem
# ** Warning: NUMERIC_STD.TO_INTEGER: metavalue detected, returning 0
#    Time: 6718200 ns  Iteration: 17  Instance: /tb/MyRiscv/DMem
# ** Warning: NUMERIC_STD.TO_INTEGER: metavalue detected, returning 0
#    Time: 6718200 ns  Iteration: 18  Instance: /tb/MyRiscv/DMem
# ** Warning: NUMERIC_STD.TO_INTEGER: metavalue detected, returning 0
#    Time: 6718200 ns  Iteration: 20  Instance: /tb/MyRiscv/DMem
# ** Warning: NUMERIC_STD.TO_INTEGER: metavalue detected, returning 0
#    Time: 6738620 ns  Iteration: 17  Instance: /tb/MyRiscv/DMem
# ** Warning: NUMERIC_STD.TO_INTEGER: metavalue detected, returning 0
#    Time: 6738620 ns  Iteration: 18  Instance: /tb/MyRiscv/DMem
# ** Warning: NUMERIC_STD.TO_INTEGER: metavalue detected, returning 0
#    Time: 6738620 ns  Iteration: 20  Instance: /tb/MyRiscv/DMem
# ** Warning: NUMERIC_STD.TO_INTEGER: metavalue detected, returning 0
#    Time: 6759040 ns  Iteration: 17  Instance: /tb/MyRiscv/DMem
# ** Warning: NUMERIC_STD.TO_INTEGER: metavalue detected, returning 0
#    Time: 6759040 ns  Iteration: 18  Instance: /tb/MyRiscv/DMem
# ** Warning: NUMERIC_STD.TO_INTEGER: metavalue detected, returning 0
#    Time: 6759040 ns  Iteration: 20  Instance: /tb/MyRiscv/DMem
# ** Warning: NUMERIC_STD.TO_INTEGER: metavalue detected, returning 0
#    Time: 6779460 ns  Iteration: 17  Instance: /tb/MyRiscv/DMem
# ** Warning: NUMERIC_STD.TO_INTEGER: metavalue detected, returning 0
#    Time: 6779460 ns  Iteration: 18  Instance: /tb/MyRiscv/DMem
# ** Warning: NUMERIC_STD.TO_INTEGER: metavalue detected, returning 0
#    Time: 6779460 ns  Iteration: 20  Instance: /tb/MyRiscv/DMem
# ** Warning: NUMERIC_STD.TO_INTEGER: metavalue detected, returning 0
#    Time: 6799880 ns  Iteration: 17  Instance: /tb/MyRiscv/DMem
# ** Warning: NUMERIC_STD.TO_INTEGER: metavalue detected, returning 0
#    Time: 6799880 ns  Iteration: 18  Instance: /tb/MyRiscv/DMem
# ** Warning: NUMERIC_STD.TO_INTEGER: metavalue detected, returning 0
#    Time: 6799880 ns  Iteration: 20  Instance: /tb/MyRiscv/DMem
# ** Warning: NUMERIC_STD.TO_INTEGER: metavalue detected, returning 0
#    Time: 6799880 ns  Iteration: 22  Instance: /tb/MyRiscv/DMem
# ** Warning: NUMERIC_STD.TO_INTEGER: metavalue detected, returning 0
#    Time: 6820300 ns  Iteration: 17  Instance: /tb/MyRiscv/DMem
# ** Warning: NUMERIC_STD.TO_INTEGER: metavalue detected, returning 0
#    Time: 6820300 ns  Iteration: 18  Instance: /tb/MyRiscv/DMem
# ** Warning: NUMERIC_STD.TO_INTEGER: metavalue detected, returning 0
#    Time: 6820300 ns  Iteration: 20  Instance: /tb/MyRiscv/DMem
# ** Warning: NUMERIC_STD.TO_INTEGER: metavalue detected, returning 0
#    Time: 6820300 ns  Iteration: 22  Instance: /tb/MyRiscv/DMem
# ** Warning: NUMERIC_STD.TO_INTEGER: metavalue detected, returning 0
#    Time: 6840720 ns  Iteration: 17  Instance: /tb/MyRiscv/DMem
# ** Warning: NUMERIC_STD.TO_INTEGER: metavalue detected, returning 0
#    Time: 6840720 ns  Iteration: 18  Instance: /tb/MyRiscv/DMem
# ** Warning: NUMERIC_STD.TO_INTEGER: metavalue detected, returning 0
#    Time: 6840720 ns  Iteration: 20  Instance: /tb/MyRiscv/DMem
# ** Warning: NUMERIC_STD.TO_INTEGER: metavalue detected, returning 0
#    Time: 6840720 ns  Iteration: 22  Instance: /tb/MyRiscv/DMem
# ** Warning: NUMERIC_STD.TO_INTEGER: metavalue detected, returning 0
#    Time: 6840720 ns  Iteration: 24  Instance: /tb/MyRiscv/DMem
# ** Warning: NUMERIC_STD.TO_INTEGER: metavalue detected, returning 0
#    Time: 6861140 ns  Iteration: 17  Instance: /tb/MyRiscv/DMem
# ** Warning: NUMERIC_STD.TO_INTEGER: metavalue detected, returning 0
#    Time: 6861140 ns  Iteration: 18  Instance: /tb/MyRiscv/DMem
# ** Warning: NUMERIC_STD.TO_INTEGER: metavalue detected, returning 0
#    Time: 6861140 ns  Iteration: 20  Instance: /tb/MyRiscv/DMem
# ** Warning: NUMERIC_STD.TO_INTEGER: metavalue detected, returning 0
#    Time: 6881560 ns  Iteration: 17  Instance: /tb/MyRiscv/DMem
# ** Warning: NUMERIC_STD.TO_INTEGER: metavalue detected, returning 0
#    Time: 6881560 ns  Iteration: 18  Instance: /tb/MyRiscv/DMem
# ** Warning: NUMERIC_STD.TO_INTEGER: metavalue detected, returning 0
#    Time: 6881560 ns  Iteration: 20  Instance: /tb/MyRiscv/DMem
# ** Warning: NUMERIC_STD.TO_INTEGER: metavalue detected, returning 0
#    Time: 6901980 ns  Iteration: 17  Instance: /tb/MyRiscv/DMem
# ** Warning: NUMERIC_STD.TO_INTEGER: metavalue detected, returning 0
#    Time: 6901980 ns  Iteration: 18  Instance: /tb/MyRiscv/DMem
# ** Warning: NUMERIC_STD.TO_INTEGER: metavalue detected, returning 0
#    Time: 6901980 ns  Iteration: 20  Instance: /tb/MyRiscv/DMem
# ** Warning: NUMERIC_STD.TO_INTEGER: metavalue detected, returning 0
#    Time: 6922400 ns  Iteration: 17  Instance: /tb/MyRiscv/DMem
# ** Warning: NUMERIC_STD.TO_INTEGER: metavalue detected, returning 0
#    Time: 6922400 ns  Iteration: 18  Instance: /tb/MyRiscv/DMem
# ** Warning: NUMERIC_STD.TO_INTEGER: metavalue detected, returning 0
#    Time: 6922400 ns  Iteration: 20  Instance: /tb/MyRiscv/DMem
# ** Warning: NUMERIC_STD.TO_INTEGER: metavalue detected, returning 0
#    Time: 6942820 ns  Iteration: 17  Instance: /tb/MyRiscv/DMem
# ** Warning: NUMERIC_STD.TO_INTEGER: metavalue detected, returning 0
#    Time: 6942820 ns  Iteration: 18  Instance: /tb/MyRiscv/DMem
# ** Warning: NUMERIC_STD.TO_INTEGER: metavalue detected, returning 0
#    Time: 6942820 ns  Iteration: 20  Instance: /tb/MyRiscv/DMem
# ** Warning: NUMERIC_STD.TO_INTEGER: metavalue detected, returning 0
#    Time: 6963240 ns  Iteration: 17  Instance: /tb/MyRiscv/DMem
# ** Warning: NUMERIC_STD.TO_INTEGER: metavalue detected, returning 0
#    Time: 6963240 ns  Iteration: 18  Instance: /tb/MyRiscv/DMem
# ** Warning: NUMERIC_STD.TO_INTEGER: metavalue detected, returning 0
#    Time: 6963240 ns  Iteration: 20  Instance: /tb/MyRiscv/DMem
# ** Warning: NUMERIC_STD.TO_INTEGER: metavalue detected, returning 0
#    Time: 6983660 ns  Iteration: 17  Instance: /tb/MyRiscv/DMem
# ** Warning: NUMERIC_STD.TO_INTEGER: metavalue detected, returning 0
#    Time: 6983660 ns  Iteration: 18  Instance: /tb/MyRiscv/DMem
# ** Warning: NUMERIC_STD.TO_INTEGER: metavalue detected, returning 0
#    Time: 6983660 ns  Iteration: 20  Instance: /tb/MyRiscv/DMem
# ** Warning: NUMERIC_STD.TO_INTEGER: metavalue detected, returning 0
#    Time: 7004080 ns  Iteration: 17  Instance: /tb/MyRiscv/DMem
# ** Warning: NUMERIC_STD.TO_INTEGER: metavalue detected, returning 0
#    Time: 7004080 ns  Iteration: 18  Instance: /tb/MyRiscv/DMem
# ** Warning: NUMERIC_STD.TO_INTEGER: metavalue detected, returning 0
#    Time: 7004080 ns  Iteration: 20  Instance: /tb/MyRiscv/DMem
# ** Warning: NUMERIC_STD.TO_INTEGER: metavalue detected, returning 0
#    Time: 7004080 ns  Iteration: 22  Instance: /tb/MyRiscv/DMem
# ** Warning: NUMERIC_STD.TO_INTEGER: metavalue detected, returning 0
#    Time: 7024500 ns  Iteration: 17  Instance: /tb/MyRiscv/DMem
# ** Warning: NUMERIC_STD.TO_INTEGER: metavalue detected, returning 0
#    Time: 7024500 ns  Iteration: 18  Instance: /tb/MyRiscv/DMem
# ** Warning: NUMERIC_STD.TO_INTEGER: metavalue detected, returning 0
#    Time: 7024500 ns  Iteration: 20  Instance: /tb/MyRiscv/DMem
# ** Warning: NUMERIC_STD.TO_INTEGER: metavalue detected, returning 0
#    Time: 7044920 ns  Iteration: 17  Instance: /tb/MyRiscv/DMem
# ** Warning: NUMERIC_STD.TO_INTEGER: metavalue detected, returning 0
#    Time: 7044920 ns  Iteration: 18  Instance: /tb/MyRiscv/DMem
# ** Warning: NUMERIC_STD.TO_INTEGER: metavalue detected, returning 0
#    Time: 7044920 ns  Iteration: 20  Instance: /tb/MyRiscv/DMem
# ** Warning: NUMERIC_STD.TO_INTEGER: metavalue detected, returning 0
#    Time: 7044920 ns  Iteration: 22  Instance: /tb/MyRiscv/DMem
# ** Warning: NUMERIC_STD.TO_INTEGER: metavalue detected, returning 0
#    Time: 7065340 ns  Iteration: 17  Instance: /tb/MyRiscv/DMem
# ** Warning: NUMERIC_STD.TO_INTEGER: metavalue detected, returning 0
#    Time: 7065340 ns  Iteration: 18  Instance: /tb/MyRiscv/DMem
# ** Warning: NUMERIC_STD.TO_INTEGER: metavalue detected, returning 0
#    Time: 7065340 ns  Iteration: 20  Instance: /tb/MyRiscv/DMem
# ** Warning: NUMERIC_STD.TO_INTEGER: metavalue detected, returning 0
#    Time: 7065340 ns  Iteration: 22  Instance: /tb/MyRiscv/DMem
# ** Warning: NUMERIC_STD.TO_INTEGER: metavalue detected, returning 0
#    Time: 7085760 ns  Iteration: 17  Instance: /tb/MyRiscv/DMem
# ** Warning: NUMERIC_STD.TO_INTEGER: metavalue detected, returning 0
#    Time: 7085760 ns  Iteration: 18  Instance: /tb/MyRiscv/DMem
# ** Warning: NUMERIC_STD.TO_INTEGER: metavalue detected, returning 0
#    Time: 7085760 ns  Iteration: 20  Instance: /tb/MyRiscv/DMem
# ** Warning: NUMERIC_STD.TO_INTEGER: metavalue detected, returning 0
#    Time: 7085760 ns  Iteration: 22  Instance: /tb/MyRiscv/DMem
# ** Warning: NUMERIC_STD.TO_INTEGER: metavalue detected, returning 0
#    Time: 7106180 ns  Iteration: 17  Instance: /tb/MyRiscv/DMem
# ** Warning: NUMERIC_STD.TO_INTEGER: metavalue detected, returning 0
#    Time: 7106180 ns  Iteration: 18  Instance: /tb/MyRiscv/DMem
# ** Warning: NUMERIC_STD.TO_INTEGER: metavalue detected, returning 0
#    Time: 7106180 ns  Iteration: 20  Instance: /tb/MyRiscv/DMem
# ** Warning: NUMERIC_STD.TO_INTEGER: metavalue detected, returning 0
#    Time: 7106180 ns  Iteration: 22  Instance: /tb/MyRiscv/DMem
# ** Warning: NUMERIC_STD.TO_INTEGER: metavalue detected, returning 0
#    Time: 7126600 ns  Iteration: 17  Instance: /tb/MyRiscv/DMem
# ** Warning: NUMERIC_STD.TO_INTEGER: metavalue detected, returning 0
#    Time: 7126600 ns  Iteration: 18  Instance: /tb/MyRiscv/DMem
# ** Warning: NUMERIC_STD.TO_INTEGER: metavalue detected, returning 0
#    Time: 7126600 ns  Iteration: 20  Instance: /tb/MyRiscv/DMem
# ** Warning: NUMERIC_STD.TO_INTEGER: metavalue detected, returning 0
#    Time: 7126600 ns  Iteration: 22  Instance: /tb/MyRiscv/DMem
# ** Warning: NUMERIC_STD.TO_INTEGER: metavalue detected, returning 0
#    Time: 7126600 ns  Iteration: 24  Instance: /tb/MyRiscv/DMem
# ** Warning: NUMERIC_STD.TO_INTEGER: metavalue detected, returning 0
#    Time: 7147020 ns  Iteration: 17  Instance: /tb/MyRiscv/DMem
# ** Warning: NUMERIC_STD.TO_INTEGER: metavalue detected, returning 0
#    Time: 7147020 ns  Iteration: 18  Instance: /tb/MyRiscv/DMem
# ** Warning: NUMERIC_STD.TO_INTEGER: metavalue detected, returning 0
#    Time: 7147020 ns  Iteration: 20  Instance: /tb/MyRiscv/DMem
# ** Warning: NUMERIC_STD.TO_INTEGER: metavalue detected, returning 0
#    Time: 7147020 ns  Iteration: 22  Instance: /tb/MyRiscv/DMem
# ** Warning: NUMERIC_STD.TO_INTEGER: metavalue detected, returning 0
#    Time: 7147020 ns  Iteration: 24  Instance: /tb/MyRiscv/DMem
# ** Warning: NUMERIC_STD.TO_INTEGER: metavalue detected, returning 0
#    Time: 7167440 ns  Iteration: 17  Instance: /tb/MyRiscv/DMem
# ** Warning: NUMERIC_STD.TO_INTEGER: metavalue detected, returning 0
#    Time: 7167440 ns  Iteration: 18  Instance: /tb/MyRiscv/DMem
# ** Warning: NUMERIC_STD.TO_INTEGER: metavalue detected, returning 0
#    Time: 7167440 ns  Iteration: 20  Instance: /tb/MyRiscv/DMem
# ** Warning: NUMERIC_STD.TO_INTEGER: metavalue detected, returning 0
#    Time: 7167440 ns  Iteration: 22  Instance: /tb/MyRiscv/DMem
# ** Warning: NUMERIC_STD.TO_INTEGER: metavalue detected, returning 0
#    Time: 7167440 ns  Iteration: 24  Instance: /tb/MyRiscv/DMem
# ** Warning: NUMERIC_STD.TO_INTEGER: metavalue detected, returning 0
#    Time: 7167440 ns  Iteration: 26  Instance: /tb/MyRiscv/DMem
# ** Warning: NUMERIC_STD.TO_INTEGER: metavalue detected, returning 0
#    Time: 7187860 ns  Iteration: 17  Instance: /tb/MyRiscv/DMem
# ** Warning: NUMERIC_STD.TO_INTEGER: metavalue detected, returning 0
#    Time: 7187860 ns  Iteration: 18  Instance: /tb/MyRiscv/DMem
# ** Warning: NUMERIC_STD.TO_INTEGER: metavalue detected, returning 0
#    Time: 7187860 ns  Iteration: 20  Instance: /tb/MyRiscv/DMem
# ** Warning: NUMERIC_STD.TO_INTEGER: metavalue detected, returning 0
#    Time: 7208280 ns  Iteration: 17  Instance: /tb/MyRiscv/DMem
# ** Warning: NUMERIC_STD.TO_INTEGER: metavalue detected, returning 0
#    Time: 7208280 ns  Iteration: 18  Instance: /tb/MyRiscv/DMem
# ** Warning: NUMERIC_STD.TO_INTEGER: metavalue detected, returning 0
#    Time: 7208280 ns  Iteration: 20  Instance: /tb/MyRiscv/DMem
# ** Warning: NUMERIC_STD.TO_INTEGER: metavalue detected, returning 0
#    Time: 7208280 ns  Iteration: 22  Instance: /tb/MyRiscv/DMem
# ** Warning: NUMERIC_STD.TO_INTEGER: metavalue detected, returning 0
#    Time: 7228700 ns  Iteration: 17  Instance: /tb/MyRiscv/DMem
# ** Warning: NUMERIC_STD.TO_INTEGER: metavalue detected, returning 0
#    Time: 7228700 ns  Iteration: 18  Instance: /tb/MyRiscv/DMem
# ** Warning: NUMERIC_STD.TO_INTEGER: metavalue detected, returning 0
#    Time: 7228700 ns  Iteration: 20  Instance: /tb/MyRiscv/DMem
# ** Warning: NUMERIC_STD.TO_INTEGER: metavalue detected, returning 0
#    Time: 7228700 ns  Iteration: 22  Instance: /tb/MyRiscv/DMem
# ** Warning: NUMERIC_STD.TO_INTEGER: metavalue detected, returning 0
#    Time: 7249120 ns  Iteration: 17  Instance: /tb/MyRiscv/DMem
# ** Warning: NUMERIC_STD.TO_INTEGER: metavalue detected, returning 0
#    Time: 7249120 ns  Iteration: 18  Instance: /tb/MyRiscv/DMem
# ** Warning: NUMERIC_STD.TO_INTEGER: metavalue detected, returning 0
#    Time: 7249120 ns  Iteration: 20  Instance: /tb/MyRiscv/DMem
# ** Warning: NUMERIC_STD.TO_INTEGER: metavalue detected, returning 0
#    Time: 7249120 ns  Iteration: 22  Instance: /tb/MyRiscv/DMem
# ** Warning: NUMERIC_STD.TO_INTEGER: metavalue detected, returning 0
#    Time: 7269540 ns  Iteration: 17  Instance: /tb/MyRiscv/DMem
# ** Warning: NUMERIC_STD.TO_INTEGER: metavalue detected, returning 0
#    Time: 7269540 ns  Iteration: 18  Instance: /tb/MyRiscv/DMem
# ** Warning: NUMERIC_STD.TO_INTEGER: metavalue detected, returning 0
#    Time: 7269540 ns  Iteration: 20  Instance: /tb/MyRiscv/DMem
# ** Warning: NUMERIC_STD.TO_INTEGER: metavalue detected, returning 0
#    Time: 7269540 ns  Iteration: 22  Instance: /tb/MyRiscv/DMem
# ** Warning: NUMERIC_STD.TO_INTEGER: metavalue detected, returning 0
#    Time: 7289960 ns  Iteration: 17  Instance: /tb/MyRiscv/DMem
# ** Warning: NUMERIC_STD.TO_INTEGER: metavalue detected, returning 0
#    Time: 7289960 ns  Iteration: 18  Instance: /tb/MyRiscv/DMem
# ** Warning: NUMERIC_STD.TO_INTEGER: metavalue detected, returning 0
#    Time: 7289960 ns  Iteration: 20  Instance: /tb/MyRiscv/DMem
# ** Warning: NUMERIC_STD.TO_INTEGER: metavalue detected, returning 0
#    Time: 7289960 ns  Iteration: 22  Instance: /tb/MyRiscv/DMem
# ** Warning: NUMERIC_STD.TO_INTEGER: metavalue detected, returning 0
#    Time: 7310380 ns  Iteration: 17  Instance: /tb/MyRiscv/DMem
# ** Warning: NUMERIC_STD.TO_INTEGER: metavalue detected, returning 0
#    Time: 7310380 ns  Iteration: 18  Instance: /tb/MyRiscv/DMem
# ** Warning: NUMERIC_STD.TO_INTEGER: metavalue detected, returning 0
#    Time: 7310380 ns  Iteration: 20  Instance: /tb/MyRiscv/DMem
# ** Warning: NUMERIC_STD.TO_INTEGER: metavalue detected, returning 0
#    Time: 7310380 ns  Iteration: 22  Instance: /tb/MyRiscv/DMem
# ** Warning: NUMERIC_STD.TO_INTEGER: metavalue detected, returning 0
#    Time: 7330800 ns  Iteration: 17  Instance: /tb/MyRiscv/DMem
# ** Warning: NUMERIC_STD.TO_INTEGER: metavalue detected, returning 0
#    Time: 7330800 ns  Iteration: 18  Instance: /tb/MyRiscv/DMem
# ** Warning: NUMERIC_STD.TO_INTEGER: metavalue detected, returning 0
#    Time: 7330800 ns  Iteration: 20  Instance: /tb/MyRiscv/DMem
# ** Warning: NUMERIC_STD.TO_INTEGER: metavalue detected, returning 0
#    Time: 7330800 ns  Iteration: 22  Instance: /tb/MyRiscv/DMem
# ** Warning: NUMERIC_STD.TO_INTEGER: metavalue detected, returning 0
#    Time: 7351220 ns  Iteration: 17  Instance: /tb/MyRiscv/DMem
# ** Warning: NUMERIC_STD.TO_INTEGER: metavalue detected, returning 0
#    Time: 7351220 ns  Iteration: 18  Instance: /tb/MyRiscv/DMem
# ** Warning: NUMERIC_STD.TO_INTEGER: metavalue detected, returning 0
#    Time: 7351220 ns  Iteration: 20  Instance: /tb/MyRiscv/DMem
# ** Warning: NUMERIC_STD.TO_INTEGER: metavalue detected, returning 0
#    Time: 7351220 ns  Iteration: 22  Instance: /tb/MyRiscv/DMem
# ** Warning: NUMERIC_STD.TO_INTEGER: metavalue detected, returning 0
#    Time: 7371640 ns  Iteration: 17  Instance: /tb/MyRiscv/DMem
# ** Warning: NUMERIC_STD.TO_INTEGER: metavalue detected, returning 0
#    Time: 7371640 ns  Iteration: 18  Instance: /tb/MyRiscv/DMem
# ** Warning: NUMERIC_STD.TO_INTEGER: metavalue detected, returning 0
#    Time: 7371640 ns  Iteration: 20  Instance: /tb/MyRiscv/DMem
# ** Warning: NUMERIC_STD.TO_INTEGER: metavalue detected, returning 0
#    Time: 7371640 ns  Iteration: 22  Instance: /tb/MyRiscv/DMem
# ** Warning: NUMERIC_STD.TO_INTEGER: metavalue detected, returning 0
#    Time: 7392060 ns  Iteration: 17  Instance: /tb/MyRiscv/DMem
# ** Warning: NUMERIC_STD.TO_INTEGER: metavalue detected, returning 0
#    Time: 7392060 ns  Iteration: 18  Instance: /tb/MyRiscv/DMem
# ** Warning: NUMERIC_STD.TO_INTEGER: metavalue detected, returning 0
#    Time: 7392060 ns  Iteration: 20  Instance: /tb/MyRiscv/DMem
# ** Warning: NUMERIC_STD.TO_INTEGER: metavalue detected, returning 0
#    Time: 7392060 ns  Iteration: 22  Instance: /tb/MyRiscv/DMem
# ** Warning: NUMERIC_STD.TO_INTEGER: metavalue detected, returning 0
#    Time: 7412480 ns  Iteration: 17  Instance: /tb/MyRiscv/DMem
# ** Warning: NUMERIC_STD.TO_INTEGER: metavalue detected, returning 0
#    Time: 7412480 ns  Iteration: 18  Instance: /tb/MyRiscv/DMem
# ** Warning: NUMERIC_STD.TO_INTEGER: metavalue detected, returning 0
#    Time: 7412480 ns  Iteration: 20  Instance: /tb/MyRiscv/DMem
# ** Warning: NUMERIC_STD.TO_INTEGER: metavalue detected, returning 0
#    Time: 7412480 ns  Iteration: 22  Instance: /tb/MyRiscv/DMem
# ** Warning: NUMERIC_STD.TO_INTEGER: metavalue detected, returning 0
#    Time: 7432900 ns  Iteration: 17  Instance: /tb/MyRiscv/DMem
# ** Warning: NUMERIC_STD.TO_INTEGER: metavalue detected, returning 0
#    Time: 7432900 ns  Iteration: 18  Instance: /tb/MyRiscv/DMem
# ** Warning: NUMERIC_STD.TO_INTEGER: metavalue detected, returning 0
#    Time: 7432900 ns  Iteration: 20  Instance: /tb/MyRiscv/DMem
# ** Warning: NUMERIC_STD.TO_INTEGER: metavalue detected, returning 0
#    Time: 7432900 ns  Iteration: 22  Instance: /tb/MyRiscv/DMem
# ** Warning: NUMERIC_STD.TO_INTEGER: metavalue detected, returning 0
#    Time: 7453320 ns  Iteration: 17  Instance: /tb/MyRiscv/DMem
# ** Warning: NUMERIC_STD.TO_INTEGER: metavalue detected, returning 0
#    Time: 7453320 ns  Iteration: 18  Instance: /tb/MyRiscv/DMem
# ** Warning: NUMERIC_STD.TO_INTEGER: metavalue detected, returning 0
#    Time: 7453320 ns  Iteration: 20  Instance: /tb/MyRiscv/DMem
# ** Warning: NUMERIC_STD.TO_INTEGER: metavalue detected, returning 0
#    Time: 7453320 ns  Iteration: 22  Instance: /tb/MyRiscv/DMem
# ** Warning: NUMERIC_STD.TO_INTEGER: metavalue detected, returning 0
#    Time: 7473740 ns  Iteration: 17  Instance: /tb/MyRiscv/DMem
# ** Warning: NUMERIC_STD.TO_INTEGER: metavalue detected, returning 0
#    Time: 7473740 ns  Iteration: 18  Instance: /tb/MyRiscv/DMem
# ** Warning: NUMERIC_STD.TO_INTEGER: metavalue detected, returning 0
#    Time: 7473740 ns  Iteration: 20  Instance: /tb/MyRiscv/DMem
# ** Warning: NUMERIC_STD.TO_INTEGER: metavalue detected, returning 0
#    Time: 7473740 ns  Iteration: 22  Instance: /tb/MyRiscv/DMem
# ** Warning: NUMERIC_STD.TO_INTEGER: metavalue detected, returning 0
#    Time: 7494160 ns  Iteration: 17  Instance: /tb/MyRiscv/DMem
# ** Warning: NUMERIC_STD.TO_INTEGER: metavalue detected, returning 0
#    Time: 7494160 ns  Iteration: 18  Instance: /tb/MyRiscv/DMem
# ** Warning: NUMERIC_STD.TO_INTEGER: metavalue detected, returning 0
#    Time: 7494160 ns  Iteration: 20  Instance: /tb/MyRiscv/DMem
# ** Warning: NUMERIC_STD.TO_INTEGER: metavalue detected, returning 0
#    Time: 7494160 ns  Iteration: 22  Instance: /tb/MyRiscv/DMem
# ** Warning: NUMERIC_STD.TO_INTEGER: metavalue detected, returning 0
#    Time: 7494160 ns  Iteration: 24  Instance: /tb/MyRiscv/DMem
# ** Warning: NUMERIC_STD.TO_INTEGER: metavalue detected, returning 0
#    Time: 7514580 ns  Iteration: 17  Instance: /tb/MyRiscv/DMem
# ** Warning: NUMERIC_STD.TO_INTEGER: metavalue detected, returning 0
#    Time: 7514580 ns  Iteration: 18  Instance: /tb/MyRiscv/DMem
# ** Warning: NUMERIC_STD.TO_INTEGER: metavalue detected, returning 0
#    Time: 7514580 ns  Iteration: 20  Instance: /tb/MyRiscv/DMem
# ** Warning: NUMERIC_STD.TO_INTEGER: metavalue detected, returning 0
#    Time: 7514580 ns  Iteration: 22  Instance: /tb/MyRiscv/DMem
# ** Warning: NUMERIC_STD.TO_INTEGER: metavalue detected, returning 0
#    Time: 7535 us  Iteration: 17  Instance: /tb/MyRiscv/DMem
# ** Warning: NUMERIC_STD.TO_INTEGER: metavalue detected, returning 0
#    Time: 7535 us  Iteration: 18  Instance: /tb/MyRiscv/DMem
# ** Warning: NUMERIC_STD.TO_INTEGER: metavalue detected, returning 0
#    Time: 7535 us  Iteration: 20  Instance: /tb/MyRiscv/DMem
# ** Warning: NUMERIC_STD.TO_INTEGER: metavalue detected, returning 0
#    Time: 7535 us  Iteration: 22  Instance: /tb/MyRiscv/DMem
# ** Warning: NUMERIC_STD.TO_INTEGER: metavalue detected, returning 0
#    Time: 7535 us  Iteration: 24  Instance: /tb/MyRiscv/DMem
# ** Warning: NUMERIC_STD.TO_INTEGER: metavalue detected, returning 0
#    Time: 7555420 ns  Iteration: 17  Instance: /tb/MyRiscv/DMem
# ** Warning: NUMERIC_STD.TO_INTEGER: metavalue detected, returning 0
#    Time: 7555420 ns  Iteration: 18  Instance: /tb/MyRiscv/DMem
# ** Warning: NUMERIC_STD.TO_INTEGER: metavalue detected, returning 0
#    Time: 7555420 ns  Iteration: 20  Instance: /tb/MyRiscv/DMem
# ** Warning: NUMERIC_STD.TO_INTEGER: metavalue detected, returning 0
#    Time: 7555420 ns  Iteration: 22  Instance: /tb/MyRiscv/DMem
# ** Warning: NUMERIC_STD.TO_INTEGER: metavalue detected, returning 0
#    Time: 7555420 ns  Iteration: 24  Instance: /tb/MyRiscv/DMem
# ** Warning: NUMERIC_STD.TO_INTEGER: metavalue detected, returning 0
#    Time: 7575840 ns  Iteration: 17  Instance: /tb/MyRiscv/DMem
# ** Warning: NUMERIC_STD.TO_INTEGER: metavalue detected, returning 0
#    Time: 7575840 ns  Iteration: 18  Instance: /tb/MyRiscv/DMem
# ** Warning: NUMERIC_STD.TO_INTEGER: metavalue detected, returning 0
#    Time: 7575840 ns  Iteration: 20  Instance: /tb/MyRiscv/DMem
# ** Warning: NUMERIC_STD.TO_INTEGER: metavalue detected, returning 0
#    Time: 7575840 ns  Iteration: 22  Instance: /tb/MyRiscv/DMem
# ** Warning: NUMERIC_STD.TO_INTEGER: metavalue detected, returning 0
#    Time: 7575840 ns  Iteration: 24  Instance: /tb/MyRiscv/DMem
# ** Warning: NUMERIC_STD.TO_INTEGER: metavalue detected, returning 0
#    Time: 7596260 ns  Iteration: 17  Instance: /tb/MyRiscv/DMem
# ** Warning: NUMERIC_STD.TO_INTEGER: metavalue detected, returning 0
#    Time: 7596260 ns  Iteration: 18  Instance: /tb/MyRiscv/DMem
# ** Warning: NUMERIC_STD.TO_INTEGER: metavalue detected, returning 0
#    Time: 7596260 ns  Iteration: 20  Instance: /tb/MyRiscv/DMem
# ** Warning: NUMERIC_STD.TO_INTEGER: metavalue detected, returning 0
#    Time: 7596260 ns  Iteration: 22  Instance: /tb/MyRiscv/DMem
# ** Warning: NUMERIC_STD.TO_INTEGER: metavalue detected, returning 0
#    Time: 7596260 ns  Iteration: 24  Instance: /tb/MyRiscv/DMem
# ** Warning: NUMERIC_STD.TO_INTEGER: metavalue detected, returning 0
#    Time: 7616680 ns  Iteration: 17  Instance: /tb/MyRiscv/DMem
# ** Warning: NUMERIC_STD.TO_INTEGER: metavalue detected, returning 0
#    Time: 7616680 ns  Iteration: 18  Instance: /tb/MyRiscv/DMem
# ** Warning: NUMERIC_STD.TO_INTEGER: metavalue detected, returning 0
#    Time: 7616680 ns  Iteration: 20  Instance: /tb/MyRiscv/DMem
# ** Warning: NUMERIC_STD.TO_INTEGER: metavalue detected, returning 0
#    Time: 7616680 ns  Iteration: 22  Instance: /tb/MyRiscv/DMem
# ** Warning: NUMERIC_STD.TO_INTEGER: metavalue detected, returning 0
#    Time: 7616680 ns  Iteration: 24  Instance: /tb/MyRiscv/DMem
# ** Warning: NUMERIC_STD.TO_INTEGER: metavalue detected, returning 0
#    Time: 7637100 ns  Iteration: 17  Instance: /tb/MyRiscv/DMem
# ** Warning: NUMERIC_STD.TO_INTEGER: metavalue detected, returning 0
#    Time: 7637100 ns  Iteration: 18  Instance: /tb/MyRiscv/DMem
# ** Warning: NUMERIC_STD.TO_INTEGER: metavalue detected, returning 0
#    Time: 7637100 ns  Iteration: 20  Instance: /tb/MyRiscv/DMem
# ** Warning: NUMERIC_STD.TO_INTEGER: metavalue detected, returning 0
#    Time: 7637100 ns  Iteration: 22  Instance: /tb/MyRiscv/DMem
# ** Warning: NUMERIC_STD.TO_INTEGER: metavalue detected, returning 0
#    Time: 7637100 ns  Iteration: 24  Instance: /tb/MyRiscv/DMem
# ** Warning: NUMERIC_STD.TO_INTEGER: metavalue detected, returning 0
#    Time: 7657520 ns  Iteration: 17  Instance: /tb/MyRiscv/DMem
# ** Warning: NUMERIC_STD.TO_INTEGER: metavalue detected, returning 0
#    Time: 7657520 ns  Iteration: 18  Instance: /tb/MyRiscv/DMem
# ** Warning: NUMERIC_STD.TO_INTEGER: metavalue detected, returning 0
#    Time: 7657520 ns  Iteration: 20  Instance: /tb/MyRiscv/DMem
# ** Warning: NUMERIC_STD.TO_INTEGER: metavalue detected, returning 0
#    Time: 7657520 ns  Iteration: 22  Instance: /tb/MyRiscv/DMem
# ** Warning: NUMERIC_STD.TO_INTEGER: metavalue detected, returning 0
#    Time: 7657520 ns  Iteration: 24  Instance: /tb/MyRiscv/DMem
# ** Warning: NUMERIC_STD.TO_INTEGER: metavalue detected, returning 0
#    Time: 7677940 ns  Iteration: 17  Instance: /tb/MyRiscv/DMem
# ** Warning: NUMERIC_STD.TO_INTEGER: metavalue detected, returning 0
#    Time: 7677940 ns  Iteration: 18  Instance: /tb/MyRiscv/DMem
# ** Warning: NUMERIC_STD.TO_INTEGER: metavalue detected, returning 0
#    Time: 7677940 ns  Iteration: 20  Instance: /tb/MyRiscv/DMem
# ** Warning: NUMERIC_STD.TO_INTEGER: metavalue detected, returning 0
#    Time: 7677940 ns  Iteration: 22  Instance: /tb/MyRiscv/DMem
# ** Warning: NUMERIC_STD.TO_INTEGER: metavalue detected, returning 0
#    Time: 7677940 ns  Iteration: 24  Instance: /tb/MyRiscv/DMem
# ** Warning: NUMERIC_STD.TO_INTEGER: metavalue detected, returning 0
#    Time: 7698360 ns  Iteration: 17  Instance: /tb/MyRiscv/DMem
# ** Warning: NUMERIC_STD.TO_INTEGER: metavalue detected, returning 0
#    Time: 7698360 ns  Iteration: 18  Instance: /tb/MyRiscv/DMem
# ** Warning: NUMERIC_STD.TO_INTEGER: metavalue detected, returning 0
#    Time: 7698360 ns  Iteration: 20  Instance: /tb/MyRiscv/DMem
# ** Warning: NUMERIC_STD.TO_INTEGER: metavalue detected, returning 0
#    Time: 7698360 ns  Iteration: 22  Instance: /tb/MyRiscv/DMem
# ** Warning: NUMERIC_STD.TO_INTEGER: metavalue detected, returning 0
#    Time: 7698360 ns  Iteration: 24  Instance: /tb/MyRiscv/DMem
# ** Warning: NUMERIC_STD.TO_INTEGER: metavalue detected, returning 0
#    Time: 7698360 ns  Iteration: 26  Instance: /tb/MyRiscv/DMem
# ** Warning: NUMERIC_STD.TO_INTEGER: metavalue detected, returning 0
#    Time: 7718780 ns  Iteration: 17  Instance: /tb/MyRiscv/DMem
# ** Warning: NUMERIC_STD.TO_INTEGER: metavalue detected, returning 0
#    Time: 7718780 ns  Iteration: 18  Instance: /tb/MyRiscv/DMem
# ** Warning: NUMERIC_STD.TO_INTEGER: metavalue detected, returning 0
#    Time: 7718780 ns  Iteration: 20  Instance: /tb/MyRiscv/DMem
# ** Warning: NUMERIC_STD.TO_INTEGER: metavalue detected, returning 0
#    Time: 7718780 ns  Iteration: 22  Instance: /tb/MyRiscv/DMem
# ** Warning: NUMERIC_STD.TO_INTEGER: metavalue detected, returning 0
#    Time: 7718780 ns  Iteration: 24  Instance: /tb/MyRiscv/DMem
# ** Warning: NUMERIC_STD.TO_INTEGER: metavalue detected, returning 0
#    Time: 7718780 ns  Iteration: 26  Instance: /tb/MyRiscv/DMem
# ** Warning: NUMERIC_STD.TO_INTEGER: metavalue detected, returning 0
#    Time: 7739200 ns  Iteration: 17  Instance: /tb/MyRiscv/DMem
# ** Warning: NUMERIC_STD.TO_INTEGER: metavalue detected, returning 0
#    Time: 7739200 ns  Iteration: 18  Instance: /tb/MyRiscv/DMem
# ** Warning: NUMERIC_STD.TO_INTEGER: metavalue detected, returning 0
#    Time: 7739200 ns  Iteration: 20  Instance: /tb/MyRiscv/DMem
# ** Warning: NUMERIC_STD.TO_INTEGER: metavalue detected, returning 0
#    Time: 7739200 ns  Iteration: 22  Instance: /tb/MyRiscv/DMem
# ** Warning: NUMERIC_STD.TO_INTEGER: metavalue detected, returning 0
#    Time: 7739200 ns  Iteration: 24  Instance: /tb/MyRiscv/DMem
# ** Warning: NUMERIC_STD.TO_INTEGER: metavalue detected, returning 0
#    Time: 7739200 ns  Iteration: 26  Instance: /tb/MyRiscv/DMem
# ** Warning: NUMERIC_STD.TO_INTEGER: metavalue detected, returning 0
#    Time: 7759620 ns  Iteration: 17  Instance: /tb/MyRiscv/DMem
# ** Warning: NUMERIC_STD.TO_INTEGER: metavalue detected, returning 0
#    Time: 7759620 ns  Iteration: 18  Instance: /tb/MyRiscv/DMem
# ** Warning: NUMERIC_STD.TO_INTEGER: metavalue detected, returning 0
#    Time: 7759620 ns  Iteration: 20  Instance: /tb/MyRiscv/DMem
# ** Warning: NUMERIC_STD.TO_INTEGER: metavalue detected, returning 0
#    Time: 7759620 ns  Iteration: 22  Instance: /tb/MyRiscv/DMem
# ** Warning: NUMERIC_STD.TO_INTEGER: metavalue detected, returning 0
#    Time: 7759620 ns  Iteration: 24  Instance: /tb/MyRiscv/DMem
# ** Warning: NUMERIC_STD.TO_INTEGER: metavalue detected, returning 0
#    Time: 7759620 ns  Iteration: 26  Instance: /tb/MyRiscv/DMem
# ** Warning: NUMERIC_STD.TO_INTEGER: metavalue detected, returning 0
#    Time: 7780040 ns  Iteration: 17  Instance: /tb/MyRiscv/DMem
# ** Warning: NUMERIC_STD.TO_INTEGER: metavalue detected, returning 0
#    Time: 7780040 ns  Iteration: 18  Instance: /tb/MyRiscv/DMem
# ** Warning: NUMERIC_STD.TO_INTEGER: metavalue detected, returning 0
#    Time: 7780040 ns  Iteration: 20  Instance: /tb/MyRiscv/DMem
# ** Warning: NUMERIC_STD.TO_INTEGER: metavalue detected, returning 0
#    Time: 7780040 ns  Iteration: 22  Instance: /tb/MyRiscv/DMem
# ** Warning: NUMERIC_STD.TO_INTEGER: metavalue detected, returning 0
#    Time: 7780040 ns  Iteration: 24  Instance: /tb/MyRiscv/DMem
# ** Warning: NUMERIC_STD.TO_INTEGER: metavalue detected, returning 0
#    Time: 7780040 ns  Iteration: 26  Instance: /tb/MyRiscv/DMem
# ** Warning: NUMERIC_STD.TO_INTEGER: metavalue detected, returning 0
#    Time: 7780040 ns  Iteration: 28  Instance: /tb/MyRiscv/DMem
# ** Warning: NUMERIC_STD.TO_INTEGER: metavalue detected, returning 0
#    Time: 7800460 ns  Iteration: 17  Instance: /tb/MyRiscv/DMem
# ** Warning: NUMERIC_STD.TO_INTEGER: metavalue detected, returning 0
#    Time: 7800460 ns  Iteration: 18  Instance: /tb/MyRiscv/DMem
# ** Warning: NUMERIC_STD.TO_INTEGER: metavalue detected, returning 0
#    Time: 7800460 ns  Iteration: 20  Instance: /tb/MyRiscv/DMem
# ** Warning: NUMERIC_STD.TO_INTEGER: metavalue detected, returning 0
#    Time: 7800460 ns  Iteration: 22  Instance: /tb/MyRiscv/DMem
# ** Warning: NUMERIC_STD.TO_INTEGER: metavalue detected, returning 0
#    Time: 7800460 ns  Iteration: 24  Instance: /tb/MyRiscv/DMem
# ** Warning: NUMERIC_STD.TO_INTEGER: metavalue detected, returning 0
#    Time: 7800460 ns  Iteration: 26  Instance: /tb/MyRiscv/DMem
# ** Warning: NUMERIC_STD.TO_INTEGER: metavalue detected, returning 0
#    Time: 7800460 ns  Iteration: 28  Instance: /tb/MyRiscv/DMem
# ** Warning: NUMERIC_STD.TO_INTEGER: metavalue detected, returning 0
#    Time: 7820880 ns  Iteration: 17  Instance: /tb/MyRiscv/DMem
# ** Warning: NUMERIC_STD.TO_INTEGER: metavalue detected, returning 0
#    Time: 7820880 ns  Iteration: 18  Instance: /tb/MyRiscv/DMem
# ** Warning: NUMERIC_STD.TO_INTEGER: metavalue detected, returning 0
#    Time: 7820880 ns  Iteration: 20  Instance: /tb/MyRiscv/DMem
# ** Warning: NUMERIC_STD.TO_INTEGER: metavalue detected, returning 0
#    Time: 7820880 ns  Iteration: 22  Instance: /tb/MyRiscv/DMem
# ** Warning: NUMERIC_STD.TO_INTEGER: metavalue detected, returning 0
#    Time: 7820880 ns  Iteration: 24  Instance: /tb/MyRiscv/DMem
# ** Warning: NUMERIC_STD.TO_INTEGER: metavalue detected, returning 0
#    Time: 7820880 ns  Iteration: 26  Instance: /tb/MyRiscv/DMem
# ** Warning: NUMERIC_STD.TO_INTEGER: metavalue detected, returning 0
#    Time: 7820880 ns  Iteration: 28  Instance: /tb/MyRiscv/DMem
# ** Warning: NUMERIC_STD.TO_INTEGER: metavalue detected, returning 0
#    Time: 7820880 ns  Iteration: 30  Instance: /tb/MyRiscv/DMem
# ** Warning: NUMERIC_STD.TO_INTEGER: metavalue detected, returning 0
#    Time: 7841300 ns  Iteration: 17  Instance: /tb/MyRiscv/DMem
# ** Warning: NUMERIC_STD.TO_INTEGER: metavalue detected, returning 0
#    Time: 7841300 ns  Iteration: 18  Instance: /tb/MyRiscv/DMem
# ** Warning: NUMERIC_STD.TO_INTEGER: metavalue detected, returning 0
#    Time: 7841300 ns  Iteration: 20  Instance: /tb/MyRiscv/DMem
# ** Warning: NUMERIC_STD.TO_INTEGER: metavalue detected, returning 0
#    Time: 7861720 ns  Iteration: 17  Instance: /tb/MyRiscv/DMem
# ** Warning: NUMERIC_STD.TO_INTEGER: metavalue detected, returning 0
#    Time: 7861720 ns  Iteration: 18  Instance: /tb/MyRiscv/DMem
# ** Warning: NUMERIC_STD.TO_INTEGER: metavalue detected, returning 0
#    Time: 7861720 ns  Iteration: 20  Instance: /tb/MyRiscv/DMem
# ** Warning: NUMERIC_STD.TO_INTEGER: metavalue detected, returning 0
#    Time: 7861720 ns  Iteration: 22  Instance: /tb/MyRiscv/DMem
# ** Warning: NUMERIC_STD.TO_INTEGER: metavalue detected, returning 0
#    Time: 7882140 ns  Iteration: 17  Instance: /tb/MyRiscv/DMem
# ** Warning: NUMERIC_STD.TO_INTEGER: metavalue detected, returning 0
#    Time: 7882140 ns  Iteration: 18  Instance: /tb/MyRiscv/DMem
# ** Warning: NUMERIC_STD.TO_INTEGER: metavalue detected, returning 0
#    Time: 7882140 ns  Iteration: 20  Instance: /tb/MyRiscv/DMem
# ** Warning: NUMERIC_STD.TO_INTEGER: metavalue detected, returning 0
#    Time: 7882140 ns  Iteration: 22  Instance: /tb/MyRiscv/DMem
# ** Warning: NUMERIC_STD.TO_INTEGER: metavalue detected, returning 0
#    Time: 7902560 ns  Iteration: 17  Instance: /tb/MyRiscv/DMem
# ** Warning: NUMERIC_STD.TO_INTEGER: metavalue detected, returning 0
#    Time: 7902560 ns  Iteration: 18  Instance: /tb/MyRiscv/DMem
# ** Warning: NUMERIC_STD.TO_INTEGER: metavalue detected, returning 0
#    Time: 7902560 ns  Iteration: 20  Instance: /tb/MyRiscv/DMem
# ** Warning: NUMERIC_STD.TO_INTEGER: metavalue detected, returning 0
#    Time: 7902560 ns  Iteration: 22  Instance: /tb/MyRiscv/DMem
# ** Warning: NUMERIC_STD.TO_INTEGER: metavalue detected, returning 0
#    Time: 7922980 ns  Iteration: 17  Instance: /tb/MyRiscv/DMem
# ** Warning: NUMERIC_STD.TO_INTEGER: metavalue detected, returning 0
#    Time: 7922980 ns  Iteration: 18  Instance: /tb/MyRiscv/DMem
# ** Warning: NUMERIC_STD.TO_INTEGER: metavalue detected, returning 0
#    Time: 7922980 ns  Iteration: 20  Instance: /tb/MyRiscv/DMem
# ** Warning: NUMERIC_STD.TO_INTEGER: metavalue detected, returning 0
#    Time: 7922980 ns  Iteration: 22  Instance: /tb/MyRiscv/DMem
# ** Warning: NUMERIC_STD.TO_INTEGER: metavalue detected, returning 0
#    Time: 7943400 ns  Iteration: 17  Instance: /tb/MyRiscv/DMem
# ** Warning: NUMERIC_STD.TO_INTEGER: metavalue detected, returning 0
#    Time: 7943400 ns  Iteration: 18  Instance: /tb/MyRiscv/DMem
# ** Warning: NUMERIC_STD.TO_INTEGER: metavalue detected, returning 0
#    Time: 7943400 ns  Iteration: 20  Instance: /tb/MyRiscv/DMem
# ** Warning: NUMERIC_STD.TO_INTEGER: metavalue detected, returning 0
#    Time: 7943400 ns  Iteration: 22  Instance: /tb/MyRiscv/DMem
# ** Warning: NUMERIC_STD.TO_INTEGER: metavalue detected, returning 0
#    Time: 7963820 ns  Iteration: 17  Instance: /tb/MyRiscv/DMem
# ** Warning: NUMERIC_STD.TO_INTEGER: metavalue detected, returning 0
#    Time: 7963820 ns  Iteration: 18  Instance: /tb/MyRiscv/DMem
# ** Warning: NUMERIC_STD.TO_INTEGER: metavalue detected, returning 0
#    Time: 7963820 ns  Iteration: 20  Instance: /tb/MyRiscv/DMem
# ** Warning: NUMERIC_STD.TO_INTEGER: metavalue detected, returning 0
#    Time: 7963820 ns  Iteration: 22  Instance: /tb/MyRiscv/DMem
# ** Warning: NUMERIC_STD.TO_INTEGER: metavalue detected, returning 0
#    Time: 7984240 ns  Iteration: 17  Instance: /tb/MyRiscv/DMem
# ** Warning: NUMERIC_STD.TO_INTEGER: metavalue detected, returning 0
#    Time: 7984240 ns  Iteration: 18  Instance: /tb/MyRiscv/DMem
# ** Warning: NUMERIC_STD.TO_INTEGER: metavalue detected, returning 0
#    Time: 7984240 ns  Iteration: 20  Instance: /tb/MyRiscv/DMem
# ** Warning: NUMERIC_STD.TO_INTEGER: metavalue detected, returning 0
#    Time: 7984240 ns  Iteration: 22  Instance: /tb/MyRiscv/DMem
# ** Warning: NUMERIC_STD.TO_INTEGER: metavalue detected, returning 0
#    Time: 8004660 ns  Iteration: 17  Instance: /tb/MyRiscv/DMem
# ** Warning: NUMERIC_STD.TO_INTEGER: metavalue detected, returning 0
#    Time: 8004660 ns  Iteration: 18  Instance: /tb/MyRiscv/DMem
# ** Warning: NUMERIC_STD.TO_INTEGER: metavalue detected, returning 0
#    Time: 8004660 ns  Iteration: 20  Instance: /tb/MyRiscv/DMem
# ** Warning: NUMERIC_STD.TO_INTEGER: metavalue detected, returning 0
#    Time: 8004660 ns  Iteration: 22  Instance: /tb/MyRiscv/DMem
# ** Warning: NUMERIC_STD.TO_INTEGER: metavalue detected, returning 0
#    Time: 8025080 ns  Iteration: 17  Instance: /tb/MyRiscv/DMem
# ** Warning: NUMERIC_STD.TO_INTEGER: metavalue detected, returning 0
#    Time: 8025080 ns  Iteration: 18  Instance: /tb/MyRiscv/DMem
# ** Warning: NUMERIC_STD.TO_INTEGER: metavalue detected, returning 0
#    Time: 8025080 ns  Iteration: 20  Instance: /tb/MyRiscv/DMem
# ** Warning: NUMERIC_STD.TO_INTEGER: metavalue detected, returning 0
#    Time: 8025080 ns  Iteration: 22  Instance: /tb/MyRiscv/DMem
# ** Warning: NUMERIC_STD.TO_INTEGER: metavalue detected, returning 0
#    Time: 8045500 ns  Iteration: 17  Instance: /tb/MyRiscv/DMem
# ** Warning: NUMERIC_STD.TO_INTEGER: metavalue detected, returning 0
#    Time: 8045500 ns  Iteration: 18  Instance: /tb/MyRiscv/DMem
# ** Warning: NUMERIC_STD.TO_INTEGER: metavalue detected, returning 0
#    Time: 8045500 ns  Iteration: 20  Instance: /tb/MyRiscv/DMem
# ** Warning: NUMERIC_STD.TO_INTEGER: metavalue detected, returning 0
#    Time: 8045500 ns  Iteration: 22  Instance: /tb/MyRiscv/DMem
# ** Warning: NUMERIC_STD.TO_INTEGER: metavalue detected, returning 0
#    Time: 8065920 ns  Iteration: 17  Instance: /tb/MyRiscv/DMem
# ** Warning: NUMERIC_STD.TO_INTEGER: metavalue detected, returning 0
#    Time: 8065920 ns  Iteration: 18  Instance: /tb/MyRiscv/DMem
# ** Warning: NUMERIC_STD.TO_INTEGER: metavalue detected, returning 0
#    Time: 8065920 ns  Iteration: 20  Instance: /tb/MyRiscv/DMem
# ** Warning: NUMERIC_STD.TO_INTEGER: metavalue detected, returning 0
#    Time: 8065920 ns  Iteration: 22  Instance: /tb/MyRiscv/DMem
# ** Warning: NUMERIC_STD.TO_INTEGER: metavalue detected, returning 0
#    Time: 8086340 ns  Iteration: 17  Instance: /tb/MyRiscv/DMem
# ** Warning: NUMERIC_STD.TO_INTEGER: metavalue detected, returning 0
#    Time: 8086340 ns  Iteration: 18  Instance: /tb/MyRiscv/DMem
# ** Warning: NUMERIC_STD.TO_INTEGER: metavalue detected, returning 0
#    Time: 8086340 ns  Iteration: 20  Instance: /tb/MyRiscv/DMem
# ** Warning: NUMERIC_STD.TO_INTEGER: metavalue detected, returning 0
#    Time: 8086340 ns  Iteration: 22  Instance: /tb/MyRiscv/DMem
# ** Warning: NUMERIC_STD.TO_INTEGER: metavalue detected, returning 0
#    Time: 8106760 ns  Iteration: 17  Instance: /tb/MyRiscv/DMem
# ** Warning: NUMERIC_STD.TO_INTEGER: metavalue detected, returning 0
#    Time: 8106760 ns  Iteration: 18  Instance: /tb/MyRiscv/DMem
# ** Warning: NUMERIC_STD.TO_INTEGER: metavalue detected, returning 0
#    Time: 8106760 ns  Iteration: 20  Instance: /tb/MyRiscv/DMem
# ** Warning: NUMERIC_STD.TO_INTEGER: metavalue detected, returning 0
#    Time: 8106760 ns  Iteration: 22  Instance: /tb/MyRiscv/DMem
# ** Warning: NUMERIC_STD.TO_INTEGER: metavalue detected, returning 0
#    Time: 8127180 ns  Iteration: 17  Instance: /tb/MyRiscv/DMem
# ** Warning: NUMERIC_STD.TO_INTEGER: metavalue detected, returning 0
#    Time: 8127180 ns  Iteration: 18  Instance: /tb/MyRiscv/DMem
# ** Warning: NUMERIC_STD.TO_INTEGER: metavalue detected, returning 0
#    Time: 8127180 ns  Iteration: 20  Instance: /tb/MyRiscv/DMem
# ** Warning: NUMERIC_STD.TO_INTEGER: metavalue detected, returning 0
#    Time: 8127180 ns  Iteration: 22  Instance: /tb/MyRiscv/DMem
# ** Warning: NUMERIC_STD.TO_INTEGER: metavalue detected, returning 0
#    Time: 8147600 ns  Iteration: 17  Instance: /tb/MyRiscv/DMem
# ** Warning: NUMERIC_STD.TO_INTEGER: metavalue detected, returning 0
#    Time: 8147600 ns  Iteration: 18  Instance: /tb/MyRiscv/DMem
# ** Warning: NUMERIC_STD.TO_INTEGER: metavalue detected, returning 0
#    Time: 8147600 ns  Iteration: 20  Instance: /tb/MyRiscv/DMem
# ** Warning: NUMERIC_STD.TO_INTEGER: metavalue detected, returning 0
#    Time: 8147600 ns  Iteration: 22  Instance: /tb/MyRiscv/DMem
# ** Warning: NUMERIC_STD.TO_INTEGER: metavalue detected, returning 0
#    Time: 8147600 ns  Iteration: 24  Instance: /tb/MyRiscv/DMem
# ** Warning: NUMERIC_STD.TO_INTEGER: metavalue detected, returning 0
#    Time: 8168020 ns  Iteration: 17  Instance: /tb/MyRiscv/DMem
# ** Warning: NUMERIC_STD.TO_INTEGER: metavalue detected, returning 0
#    Time: 8168020 ns  Iteration: 18  Instance: /tb/MyRiscv/DMem
# ** Warning: NUMERIC_STD.TO_INTEGER: metavalue detected, returning 0
#    Time: 8168020 ns  Iteration: 20  Instance: /tb/MyRiscv/DMem
# ** Warning: NUMERIC_STD.TO_INTEGER: metavalue detected, returning 0
#    Time: 8168020 ns  Iteration: 22  Instance: /tb/MyRiscv/DMem
# ** Warning: NUMERIC_STD.TO_INTEGER: metavalue detected, returning 0
#    Time: 8188440 ns  Iteration: 17  Instance: /tb/MyRiscv/DMem
# ** Warning: NUMERIC_STD.TO_INTEGER: metavalue detected, returning 0
#    Time: 8188440 ns  Iteration: 18  Instance: /tb/MyRiscv/DMem
# ** Warning: NUMERIC_STD.TO_INTEGER: metavalue detected, returning 0
#    Time: 8188440 ns  Iteration: 20  Instance: /tb/MyRiscv/DMem
# ** Warning: NUMERIC_STD.TO_INTEGER: metavalue detected, returning 0
#    Time: 8188440 ns  Iteration: 22  Instance: /tb/MyRiscv/DMem
# ** Warning: NUMERIC_STD.TO_INTEGER: metavalue detected, returning 0
#    Time: 8208860 ns  Iteration: 17  Instance: /tb/MyRiscv/DMem
# ** Warning: NUMERIC_STD.TO_INTEGER: metavalue detected, returning 0
#    Time: 8208860 ns  Iteration: 18  Instance: /tb/MyRiscv/DMem
# ** Warning: NUMERIC_STD.TO_INTEGER: metavalue detected, returning 0
#    Time: 8208860 ns  Iteration: 20  Instance: /tb/MyRiscv/DMem
# ** Warning: NUMERIC_STD.TO_INTEGER: metavalue detected, returning 0
#    Time: 8208860 ns  Iteration: 22  Instance: /tb/MyRiscv/DMem
# ** Warning: NUMERIC_STD.TO_INTEGER: metavalue detected, returning 0
#    Time: 8229280 ns  Iteration: 17  Instance: /tb/MyRiscv/DMem
# ** Warning: NUMERIC_STD.TO_INTEGER: metavalue detected, returning 0
#    Time: 8229280 ns  Iteration: 18  Instance: /tb/MyRiscv/DMem
# ** Warning: NUMERIC_STD.TO_INTEGER: metavalue detected, returning 0
#    Time: 8229280 ns  Iteration: 20  Instance: /tb/MyRiscv/DMem
# ** Warning: NUMERIC_STD.TO_INTEGER: metavalue detected, returning 0
#    Time: 8229280 ns  Iteration: 22  Instance: /tb/MyRiscv/DMem
# ** Warning: NUMERIC_STD.TO_INTEGER: metavalue detected, returning 0
#    Time: 8249700 ns  Iteration: 17  Instance: /tb/MyRiscv/DMem
# ** Warning: NUMERIC_STD.TO_INTEGER: metavalue detected, returning 0
#    Time: 8249700 ns  Iteration: 18  Instance: /tb/MyRiscv/DMem
# ** Warning: NUMERIC_STD.TO_INTEGER: metavalue detected, returning 0
#    Time: 8249700 ns  Iteration: 20  Instance: /tb/MyRiscv/DMem
# ** Warning: NUMERIC_STD.TO_INTEGER: metavalue detected, returning 0
#    Time: 8249700 ns  Iteration: 22  Instance: /tb/MyRiscv/DMem
# ** Warning: NUMERIC_STD.TO_INTEGER: metavalue detected, returning 0
#    Time: 8270120 ns  Iteration: 17  Instance: /tb/MyRiscv/DMem
# ** Warning: NUMERIC_STD.TO_INTEGER: metavalue detected, returning 0
#    Time: 8270120 ns  Iteration: 18  Instance: /tb/MyRiscv/DMem
# ** Warning: NUMERIC_STD.TO_INTEGER: metavalue detected, returning 0
#    Time: 8270120 ns  Iteration: 20  Instance: /tb/MyRiscv/DMem
# ** Warning: NUMERIC_STD.TO_INTEGER: metavalue detected, returning 0
#    Time: 8270120 ns  Iteration: 22  Instance: /tb/MyRiscv/DMem
# ** Warning: NUMERIC_STD.TO_INTEGER: metavalue detected, returning 0
#    Time: 8290540 ns  Iteration: 17  Instance: /tb/MyRiscv/DMem
# ** Warning: NUMERIC_STD.TO_INTEGER: metavalue detected, returning 0
#    Time: 8290540 ns  Iteration: 18  Instance: /tb/MyRiscv/DMem
# ** Warning: NUMERIC_STD.TO_INTEGER: metavalue detected, returning 0
#    Time: 8290540 ns  Iteration: 20  Instance: /tb/MyRiscv/DMem
# ** Warning: NUMERIC_STD.TO_INTEGER: metavalue detected, returning 0
#    Time: 8290540 ns  Iteration: 22  Instance: /tb/MyRiscv/DMem
# ** Warning: NUMERIC_STD.TO_INTEGER: metavalue detected, returning 0
#    Time: 8310960 ns  Iteration: 17  Instance: /tb/MyRiscv/DMem
# ** Warning: NUMERIC_STD.TO_INTEGER: metavalue detected, returning 0
#    Time: 8310960 ns  Iteration: 18  Instance: /tb/MyRiscv/DMem
# ** Warning: NUMERIC_STD.TO_INTEGER: metavalue detected, returning 0
#    Time: 8310960 ns  Iteration: 20  Instance: /tb/MyRiscv/DMem
# ** Warning: NUMERIC_STD.TO_INTEGER: metavalue detected, returning 0
#    Time: 8310960 ns  Iteration: 22  Instance: /tb/MyRiscv/DMem
# ** Warning: NUMERIC_STD.TO_INTEGER: metavalue detected, returning 0
#    Time: 8331380 ns  Iteration: 17  Instance: /tb/MyRiscv/DMem
# ** Warning: NUMERIC_STD.TO_INTEGER: metavalue detected, returning 0
#    Time: 8331380 ns  Iteration: 18  Instance: /tb/MyRiscv/DMem
# ** Warning: NUMERIC_STD.TO_INTEGER: metavalue detected, returning 0
#    Time: 8331380 ns  Iteration: 20  Instance: /tb/MyRiscv/DMem
# ** Warning: NUMERIC_STD.TO_INTEGER: metavalue detected, returning 0
#    Time: 8331380 ns  Iteration: 22  Instance: /tb/MyRiscv/DMem
# ** Warning: NUMERIC_STD.TO_INTEGER: metavalue detected, returning 0
#    Time: 8351800 ns  Iteration: 17  Instance: /tb/MyRiscv/DMem
# ** Warning: NUMERIC_STD.TO_INTEGER: metavalue detected, returning 0
#    Time: 8351800 ns  Iteration: 18  Instance: /tb/MyRiscv/DMem
# ** Warning: NUMERIC_STD.TO_INTEGER: metavalue detected, returning 0
#    Time: 8351800 ns  Iteration: 20  Instance: /tb/MyRiscv/DMem
# ** Warning: NUMERIC_STD.TO_INTEGER: metavalue detected, returning 0
#    Time: 8351800 ns  Iteration: 22  Instance: /tb/MyRiscv/DMem
# ** Warning: NUMERIC_STD.TO_INTEGER: metavalue detected, returning 0
#    Time: 8372220 ns  Iteration: 17  Instance: /tb/MyRiscv/DMem
# ** Warning: NUMERIC_STD.TO_INTEGER: metavalue detected, returning 0
#    Time: 8372220 ns  Iteration: 18  Instance: /tb/MyRiscv/DMem
# ** Warning: NUMERIC_STD.TO_INTEGER: metavalue detected, returning 0
#    Time: 8372220 ns  Iteration: 20  Instance: /tb/MyRiscv/DMem
# ** Warning: NUMERIC_STD.TO_INTEGER: metavalue detected, returning 0
#    Time: 8372220 ns  Iteration: 22  Instance: /tb/MyRiscv/DMem
# ** Warning: NUMERIC_STD.TO_INTEGER: metavalue detected, returning 0
#    Time: 8392640 ns  Iteration: 17  Instance: /tb/MyRiscv/DMem
# ** Warning: NUMERIC_STD.TO_INTEGER: metavalue detected, returning 0
#    Time: 8392640 ns  Iteration: 18  Instance: /tb/MyRiscv/DMem
# ** Warning: NUMERIC_STD.TO_INTEGER: metavalue detected, returning 0
#    Time: 8392640 ns  Iteration: 20  Instance: /tb/MyRiscv/DMem
# ** Warning: NUMERIC_STD.TO_INTEGER: metavalue detected, returning 0
#    Time: 8392640 ns  Iteration: 22  Instance: /tb/MyRiscv/DMem
# ** Warning: NUMERIC_STD.TO_INTEGER: metavalue detected, returning 0
#    Time: 8413060 ns  Iteration: 17  Instance: /tb/MyRiscv/DMem
# ** Warning: NUMERIC_STD.TO_INTEGER: metavalue detected, returning 0
#    Time: 8413060 ns  Iteration: 18  Instance: /tb/MyRiscv/DMem
# ** Warning: NUMERIC_STD.TO_INTEGER: metavalue detected, returning 0
#    Time: 8413060 ns  Iteration: 20  Instance: /tb/MyRiscv/DMem
# ** Warning: NUMERIC_STD.TO_INTEGER: metavalue detected, returning 0
#    Time: 8413060 ns  Iteration: 22  Instance: /tb/MyRiscv/DMem
# ** Warning: NUMERIC_STD.TO_INTEGER: metavalue detected, returning 0
#    Time: 8433480 ns  Iteration: 17  Instance: /tb/MyRiscv/DMem
# ** Warning: NUMERIC_STD.TO_INTEGER: metavalue detected, returning 0
#    Time: 8433480 ns  Iteration: 18  Instance: /tb/MyRiscv/DMem
# ** Warning: NUMERIC_STD.TO_INTEGER: metavalue detected, returning 0
#    Time: 8433480 ns  Iteration: 20  Instance: /tb/MyRiscv/DMem
# ** Warning: NUMERIC_STD.TO_INTEGER: metavalue detected, returning 0
#    Time: 8433480 ns  Iteration: 22  Instance: /tb/MyRiscv/DMem
# ** Warning: NUMERIC_STD.TO_INTEGER: metavalue detected, returning 0
#    Time: 8433480 ns  Iteration: 24  Instance: /tb/MyRiscv/DMem
# ** Warning: NUMERIC_STD.TO_INTEGER: metavalue detected, returning 0
#    Time: 8453900 ns  Iteration: 17  Instance: /tb/MyRiscv/DMem
# ** Warning: NUMERIC_STD.TO_INTEGER: metavalue detected, returning 0
#    Time: 8453900 ns  Iteration: 18  Instance: /tb/MyRiscv/DMem
# ** Warning: NUMERIC_STD.TO_INTEGER: metavalue detected, returning 0
#    Time: 8453900 ns  Iteration: 20  Instance: /tb/MyRiscv/DMem
# ** Warning: NUMERIC_STD.TO_INTEGER: metavalue detected, returning 0
#    Time: 8453900 ns  Iteration: 22  Instance: /tb/MyRiscv/DMem
# ** Warning: NUMERIC_STD.TO_INTEGER: metavalue detected, returning 0
#    Time: 8453900 ns  Iteration: 24  Instance: /tb/MyRiscv/DMem
# ** Warning: NUMERIC_STD.TO_INTEGER: metavalue detected, returning 0
#    Time: 8474320 ns  Iteration: 17  Instance: /tb/MyRiscv/DMem
# ** Warning: NUMERIC_STD.TO_INTEGER: metavalue detected, returning 0
#    Time: 8474320 ns  Iteration: 18  Instance: /tb/MyRiscv/DMem
# ** Warning: NUMERIC_STD.TO_INTEGER: metavalue detected, returning 0
#    Time: 8474320 ns  Iteration: 20  Instance: /tb/MyRiscv/DMem
# ** Warning: NUMERIC_STD.TO_INTEGER: metavalue detected, returning 0
#    Time: 8474320 ns  Iteration: 22  Instance: /tb/MyRiscv/DMem
# ** Warning: NUMERIC_STD.TO_INTEGER: metavalue detected, returning 0
#    Time: 8474320 ns  Iteration: 24  Instance: /tb/MyRiscv/DMem
# ** Warning: NUMERIC_STD.TO_INTEGER: metavalue detected, returning 0
#    Time: 8474320 ns  Iteration: 26  Instance: /tb/MyRiscv/DMem
# ** Warning: NUMERIC_STD.TO_INTEGER: metavalue detected, returning 0
#    Time: 8494740 ns  Iteration: 17  Instance: /tb/MyRiscv/DMem
# ** Warning: NUMERIC_STD.TO_INTEGER: metavalue detected, returning 0
#    Time: 8494740 ns  Iteration: 18  Instance: /tb/MyRiscv/DMem
# ** Warning: NUMERIC_STD.TO_INTEGER: metavalue detected, returning 0
#    Time: 8494740 ns  Iteration: 20  Instance: /tb/MyRiscv/DMem
# ** Warning: NUMERIC_STD.TO_INTEGER: metavalue detected, returning 0
#    Time: 8494740 ns  Iteration: 22  Instance: /tb/MyRiscv/DMem
# ** Warning: NUMERIC_STD.TO_INTEGER: metavalue detected, returning 0
#    Time: 8515160 ns  Iteration: 17  Instance: /tb/MyRiscv/DMem
# ** Warning: NUMERIC_STD.TO_INTEGER: metavalue detected, returning 0
#    Time: 8515160 ns  Iteration: 18  Instance: /tb/MyRiscv/DMem
# ** Warning: NUMERIC_STD.TO_INTEGER: metavalue detected, returning 0
#    Time: 8515160 ns  Iteration: 20  Instance: /tb/MyRiscv/DMem
# ** Warning: NUMERIC_STD.TO_INTEGER: metavalue detected, returning 0
#    Time: 8515160 ns  Iteration: 22  Instance: /tb/MyRiscv/DMem
# ** Warning: NUMERIC_STD.TO_INTEGER: metavalue detected, returning 0
#    Time: 8535580 ns  Iteration: 17  Instance: /tb/MyRiscv/DMem
# ** Warning: NUMERIC_STD.TO_INTEGER: metavalue detected, returning 0
#    Time: 8535580 ns  Iteration: 18  Instance: /tb/MyRiscv/DMem
# ** Warning: NUMERIC_STD.TO_INTEGER: metavalue detected, returning 0
#    Time: 8535580 ns  Iteration: 20  Instance: /tb/MyRiscv/DMem
# ** Warning: NUMERIC_STD.TO_INTEGER: metavalue detected, returning 0
#    Time: 8535580 ns  Iteration: 22  Instance: /tb/MyRiscv/DMem
# ** Warning: NUMERIC_STD.TO_INTEGER: metavalue detected, returning 0
#    Time: 8556 us  Iteration: 17  Instance: /tb/MyRiscv/DMem
# ** Warning: NUMERIC_STD.TO_INTEGER: metavalue detected, returning 0
#    Time: 8556 us  Iteration: 18  Instance: /tb/MyRiscv/DMem
# ** Warning: NUMERIC_STD.TO_INTEGER: metavalue detected, returning 0
#    Time: 8556 us  Iteration: 20  Instance: /tb/MyRiscv/DMem
# ** Warning: NUMERIC_STD.TO_INTEGER: metavalue detected, returning 0
#    Time: 8556 us  Iteration: 22  Instance: /tb/MyRiscv/DMem
# ** Warning: NUMERIC_STD.TO_INTEGER: metavalue detected, returning 0
#    Time: 8576420 ns  Iteration: 17  Instance: /tb/MyRiscv/DMem
# ** Warning: NUMERIC_STD.TO_INTEGER: metavalue detected, returning 0
#    Time: 8576420 ns  Iteration: 18  Instance: /tb/MyRiscv/DMem
# ** Warning: NUMERIC_STD.TO_INTEGER: metavalue detected, returning 0
#    Time: 8576420 ns  Iteration: 20  Instance: /tb/MyRiscv/DMem
# ** Warning: NUMERIC_STD.TO_INTEGER: metavalue detected, returning 0
#    Time: 8576420 ns  Iteration: 22  Instance: /tb/MyRiscv/DMem
# ** Warning: NUMERIC_STD.TO_INTEGER: metavalue detected, returning 0
#    Time: 8596840 ns  Iteration: 17  Instance: /tb/MyRiscv/DMem
# ** Warning: NUMERIC_STD.TO_INTEGER: metavalue detected, returning 0
#    Time: 8596840 ns  Iteration: 18  Instance: /tb/MyRiscv/DMem
# ** Warning: NUMERIC_STD.TO_INTEGER: metavalue detected, returning 0
#    Time: 8596840 ns  Iteration: 20  Instance: /tb/MyRiscv/DMem
# ** Warning: NUMERIC_STD.TO_INTEGER: metavalue detected, returning 0
#    Time: 8596840 ns  Iteration: 22  Instance: /tb/MyRiscv/DMem
# ** Warning: NUMERIC_STD.TO_INTEGER: metavalue detected, returning 0
#    Time: 8617260 ns  Iteration: 17  Instance: /tb/MyRiscv/DMem
# ** Warning: NUMERIC_STD.TO_INTEGER: metavalue detected, returning 0
#    Time: 8617260 ns  Iteration: 18  Instance: /tb/MyRiscv/DMem
# ** Warning: NUMERIC_STD.TO_INTEGER: metavalue detected, returning 0
#    Time: 8617260 ns  Iteration: 20  Instance: /tb/MyRiscv/DMem
# ** Warning: NUMERIC_STD.TO_INTEGER: metavalue detected, returning 0
#    Time: 8617260 ns  Iteration: 22  Instance: /tb/MyRiscv/DMem
# ** Warning: NUMERIC_STD.TO_INTEGER: metavalue detected, returning 0
#    Time: 8637680 ns  Iteration: 17  Instance: /tb/MyRiscv/DMem
# ** Warning: NUMERIC_STD.TO_INTEGER: metavalue detected, returning 0
#    Time: 8637680 ns  Iteration: 18  Instance: /tb/MyRiscv/DMem
# ** Warning: NUMERIC_STD.TO_INTEGER: metavalue detected, returning 0
#    Time: 8637680 ns  Iteration: 20  Instance: /tb/MyRiscv/DMem
# ** Warning: NUMERIC_STD.TO_INTEGER: metavalue detected, returning 0
#    Time: 8637680 ns  Iteration: 22  Instance: /tb/MyRiscv/DMem
# ** Warning: NUMERIC_STD.TO_INTEGER: metavalue detected, returning 0
#    Time: 8658100 ns  Iteration: 17  Instance: /tb/MyRiscv/DMem
# ** Warning: NUMERIC_STD.TO_INTEGER: metavalue detected, returning 0
#    Time: 8658100 ns  Iteration: 18  Instance: /tb/MyRiscv/DMem
# ** Warning: NUMERIC_STD.TO_INTEGER: metavalue detected, returning 0
#    Time: 8658100 ns  Iteration: 20  Instance: /tb/MyRiscv/DMem
# ** Warning: NUMERIC_STD.TO_INTEGER: metavalue detected, returning 0
#    Time: 8658100 ns  Iteration: 22  Instance: /tb/MyRiscv/DMem
# ** Warning: NUMERIC_STD.TO_INTEGER: metavalue detected, returning 0
#    Time: 8678520 ns  Iteration: 17  Instance: /tb/MyRiscv/DMem
# ** Warning: NUMERIC_STD.TO_INTEGER: metavalue detected, returning 0
#    Time: 8678520 ns  Iteration: 18  Instance: /tb/MyRiscv/DMem
# ** Warning: NUMERIC_STD.TO_INTEGER: metavalue detected, returning 0
#    Time: 8678520 ns  Iteration: 20  Instance: /tb/MyRiscv/DMem
# ** Warning: NUMERIC_STD.TO_INTEGER: metavalue detected, returning 0
#    Time: 8678520 ns  Iteration: 22  Instance: /tb/MyRiscv/DMem
# ** Warning: NUMERIC_STD.TO_INTEGER: metavalue detected, returning 0
#    Time: 8698940 ns  Iteration: 17  Instance: /tb/MyRiscv/DMem
# ** Warning: NUMERIC_STD.TO_INTEGER: metavalue detected, returning 0
#    Time: 8698940 ns  Iteration: 18  Instance: /tb/MyRiscv/DMem
# ** Warning: NUMERIC_STD.TO_INTEGER: metavalue detected, returning 0
#    Time: 8698940 ns  Iteration: 20  Instance: /tb/MyRiscv/DMem
# ** Warning: NUMERIC_STD.TO_INTEGER: metavalue detected, returning 0
#    Time: 8698940 ns  Iteration: 22  Instance: /tb/MyRiscv/DMem
# ** Warning: NUMERIC_STD.TO_INTEGER: metavalue detected, returning 0
#    Time: 8719360 ns  Iteration: 17  Instance: /tb/MyRiscv/DMem
# ** Warning: NUMERIC_STD.TO_INTEGER: metavalue detected, returning 0
#    Time: 8719360 ns  Iteration: 18  Instance: /tb/MyRiscv/DMem
# ** Warning: NUMERIC_STD.TO_INTEGER: metavalue detected, returning 0
#    Time: 8719360 ns  Iteration: 20  Instance: /tb/MyRiscv/DMem
# ** Warning: NUMERIC_STD.TO_INTEGER: metavalue detected, returning 0
#    Time: 8719360 ns  Iteration: 22  Instance: /tb/MyRiscv/DMem
# ** Warning: NUMERIC_STD.TO_INTEGER: metavalue detected, returning 0
#    Time: 8739780 ns  Iteration: 17  Instance: /tb/MyRiscv/DMem
# ** Warning: NUMERIC_STD.TO_INTEGER: metavalue detected, returning 0
#    Time: 8739780 ns  Iteration: 18  Instance: /tb/MyRiscv/DMem
# ** Warning: NUMERIC_STD.TO_INTEGER: metavalue detected, returning 0
#    Time: 8739780 ns  Iteration: 20  Instance: /tb/MyRiscv/DMem
# ** Warning: NUMERIC_STD.TO_INTEGER: metavalue detected, returning 0
#    Time: 8739780 ns  Iteration: 22  Instance: /tb/MyRiscv/DMem
# ** Warning: NUMERIC_STD.TO_INTEGER: metavalue detected, returning 0
#    Time: 8760200 ns  Iteration: 17  Instance: /tb/MyRiscv/DMem
# ** Warning: NUMERIC_STD.TO_INTEGER: metavalue detected, returning 0
#    Time: 8760200 ns  Iteration: 18  Instance: /tb/MyRiscv/DMem
# ** Warning: NUMERIC_STD.TO_INTEGER: metavalue detected, returning 0
#    Time: 8760200 ns  Iteration: 20  Instance: /tb/MyRiscv/DMem
# ** Warning: NUMERIC_STD.TO_INTEGER: metavalue detected, returning 0
#    Time: 8760200 ns  Iteration: 22  Instance: /tb/MyRiscv/DMem
# ** Warning: NUMERIC_STD.TO_INTEGER: metavalue detected, returning 0
#    Time: 8780620 ns  Iteration: 17  Instance: /tb/MyRiscv/DMem
# ** Warning: NUMERIC_STD.TO_INTEGER: metavalue detected, returning 0
#    Time: 8780620 ns  Iteration: 18  Instance: /tb/MyRiscv/DMem
# ** Warning: NUMERIC_STD.TO_INTEGER: metavalue detected, returning 0
#    Time: 8780620 ns  Iteration: 20  Instance: /tb/MyRiscv/DMem
# ** Warning: NUMERIC_STD.TO_INTEGER: metavalue detected, returning 0
#    Time: 8780620 ns  Iteration: 22  Instance: /tb/MyRiscv/DMem
# ** Warning: NUMERIC_STD.TO_INTEGER: metavalue detected, returning 0
#    Time: 8801040 ns  Iteration: 17  Instance: /tb/MyRiscv/DMem
# ** Warning: NUMERIC_STD.TO_INTEGER: metavalue detected, returning 0
#    Time: 8801040 ns  Iteration: 18  Instance: /tb/MyRiscv/DMem
# ** Warning: NUMERIC_STD.TO_INTEGER: metavalue detected, returning 0
#    Time: 8801040 ns  Iteration: 20  Instance: /tb/MyRiscv/DMem
# ** Warning: NUMERIC_STD.TO_INTEGER: metavalue detected, returning 0
#    Time: 8801040 ns  Iteration: 22  Instance: /tb/MyRiscv/DMem
# ** Warning: NUMERIC_STD.TO_INTEGER: metavalue detected, returning 0
#    Time: 8801040 ns  Iteration: 24  Instance: /tb/MyRiscv/DMem
# ** Warning: NUMERIC_STD.TO_INTEGER: metavalue detected, returning 0
#    Time: 8821460 ns  Iteration: 17  Instance: /tb/MyRiscv/DMem
# ** Warning: NUMERIC_STD.TO_INTEGER: metavalue detected, returning 0
#    Time: 8821460 ns  Iteration: 18  Instance: /tb/MyRiscv/DMem
# ** Warning: NUMERIC_STD.TO_INTEGER: metavalue detected, returning 0
#    Time: 8821460 ns  Iteration: 20  Instance: /tb/MyRiscv/DMem
# ** Warning: NUMERIC_STD.TO_INTEGER: metavalue detected, returning 0
#    Time: 8821460 ns  Iteration: 22  Instance: /tb/MyRiscv/DMem
# ** Warning: NUMERIC_STD.TO_INTEGER: metavalue detected, returning 0
#    Time: 8841880 ns  Iteration: 17  Instance: /tb/MyRiscv/DMem
# ** Warning: NUMERIC_STD.TO_INTEGER: metavalue detected, returning 0
#    Time: 8841880 ns  Iteration: 18  Instance: /tb/MyRiscv/DMem
# ** Warning: NUMERIC_STD.TO_INTEGER: metavalue detected, returning 0
#    Time: 8841880 ns  Iteration: 20  Instance: /tb/MyRiscv/DMem
# ** Warning: NUMERIC_STD.TO_INTEGER: metavalue detected, returning 0
#    Time: 8841880 ns  Iteration: 22  Instance: /tb/MyRiscv/DMem
# ** Warning: NUMERIC_STD.TO_INTEGER: metavalue detected, returning 0
#    Time: 8862300 ns  Iteration: 17  Instance: /tb/MyRiscv/DMem
# ** Warning: NUMERIC_STD.TO_INTEGER: metavalue detected, returning 0
#    Time: 8862300 ns  Iteration: 18  Instance: /tb/MyRiscv/DMem
# ** Warning: NUMERIC_STD.TO_INTEGER: metavalue detected, returning 0
#    Time: 8862300 ns  Iteration: 20  Instance: /tb/MyRiscv/DMem
# ** Warning: NUMERIC_STD.TO_INTEGER: metavalue detected, returning 0
#    Time: 8862300 ns  Iteration: 22  Instance: /tb/MyRiscv/DMem
# ** Warning: NUMERIC_STD.TO_INTEGER: metavalue detected, returning 0
#    Time: 8882720 ns  Iteration: 17  Instance: /tb/MyRiscv/DMem
# ** Warning: NUMERIC_STD.TO_INTEGER: metavalue detected, returning 0
#    Time: 8882720 ns  Iteration: 18  Instance: /tb/MyRiscv/DMem
# ** Warning: NUMERIC_STD.TO_INTEGER: metavalue detected, returning 0
#    Time: 8882720 ns  Iteration: 20  Instance: /tb/MyRiscv/DMem
# ** Warning: NUMERIC_STD.TO_INTEGER: metavalue detected, returning 0
#    Time: 8882720 ns  Iteration: 22  Instance: /tb/MyRiscv/DMem
# ** Warning: NUMERIC_STD.TO_INTEGER: metavalue detected, returning 0
#    Time: 8903140 ns  Iteration: 17  Instance: /tb/MyRiscv/DMem
# ** Warning: NUMERIC_STD.TO_INTEGER: metavalue detected, returning 0
#    Time: 8903140 ns  Iteration: 18  Instance: /tb/MyRiscv/DMem
# ** Warning: NUMERIC_STD.TO_INTEGER: metavalue detected, returning 0
#    Time: 8903140 ns  Iteration: 20  Instance: /tb/MyRiscv/DMem
# ** Warning: NUMERIC_STD.TO_INTEGER: metavalue detected, returning 0
#    Time: 8903140 ns  Iteration: 22  Instance: /tb/MyRiscv/DMem
# ** Warning: NUMERIC_STD.TO_INTEGER: metavalue detected, returning 0
#    Time: 8923560 ns  Iteration: 17  Instance: /tb/MyRiscv/DMem
# ** Warning: NUMERIC_STD.TO_INTEGER: metavalue detected, returning 0
#    Time: 8923560 ns  Iteration: 18  Instance: /tb/MyRiscv/DMem
# ** Warning: NUMERIC_STD.TO_INTEGER: metavalue detected, returning 0
#    Time: 8923560 ns  Iteration: 20  Instance: /tb/MyRiscv/DMem
# ** Warning: NUMERIC_STD.TO_INTEGER: metavalue detected, returning 0
#    Time: 8923560 ns  Iteration: 22  Instance: /tb/MyRiscv/DMem
# ** Warning: NUMERIC_STD.TO_INTEGER: metavalue detected, returning 0
#    Time: 8943980 ns  Iteration: 17  Instance: /tb/MyRiscv/DMem
# ** Warning: NUMERIC_STD.TO_INTEGER: metavalue detected, returning 0
#    Time: 8943980 ns  Iteration: 18  Instance: /tb/MyRiscv/DMem
# ** Warning: NUMERIC_STD.TO_INTEGER: metavalue detected, returning 0
#    Time: 8943980 ns  Iteration: 20  Instance: /tb/MyRiscv/DMem
# ** Warning: NUMERIC_STD.TO_INTEGER: metavalue detected, returning 0
#    Time: 8943980 ns  Iteration: 22  Instance: /tb/MyRiscv/DMem
# ** Warning: NUMERIC_STD.TO_INTEGER: metavalue detected, returning 0
#    Time: 8964400 ns  Iteration: 17  Instance: /tb/MyRiscv/DMem
# ** Warning: NUMERIC_STD.TO_INTEGER: metavalue detected, returning 0
#    Time: 8964400 ns  Iteration: 18  Instance: /tb/MyRiscv/DMem
# ** Warning: NUMERIC_STD.TO_INTEGER: metavalue detected, returning 0
#    Time: 8964400 ns  Iteration: 20  Instance: /tb/MyRiscv/DMem
# ** Warning: NUMERIC_STD.TO_INTEGER: metavalue detected, returning 0
#    Time: 8964400 ns  Iteration: 22  Instance: /tb/MyRiscv/DMem
# ** Warning: NUMERIC_STD.TO_INTEGER: metavalue detected, returning 0
#    Time: 8984820 ns  Iteration: 17  Instance: /tb/MyRiscv/DMem
# ** Warning: NUMERIC_STD.TO_INTEGER: metavalue detected, returning 0
#    Time: 8984820 ns  Iteration: 18  Instance: /tb/MyRiscv/DMem
# ** Warning: NUMERIC_STD.TO_INTEGER: metavalue detected, returning 0
#    Time: 8984820 ns  Iteration: 20  Instance: /tb/MyRiscv/DMem
# ** Warning: NUMERIC_STD.TO_INTEGER: metavalue detected, returning 0
#    Time: 8984820 ns  Iteration: 22  Instance: /tb/MyRiscv/DMem
# ** Warning: NUMERIC_STD.TO_INTEGER: metavalue detected, returning 0
#    Time: 9005240 ns  Iteration: 17  Instance: /tb/MyRiscv/DMem
# ** Warning: NUMERIC_STD.TO_INTEGER: metavalue detected, returning 0
#    Time: 9005240 ns  Iteration: 18  Instance: /tb/MyRiscv/DMem
# ** Warning: NUMERIC_STD.TO_INTEGER: metavalue detected, returning 0
#    Time: 9005240 ns  Iteration: 20  Instance: /tb/MyRiscv/DMem
# ** Warning: NUMERIC_STD.TO_INTEGER: metavalue detected, returning 0
#    Time: 9005240 ns  Iteration: 22  Instance: /tb/MyRiscv/DMem
# ** Warning: NUMERIC_STD.TO_INTEGER: metavalue detected, returning 0
#    Time: 9005240 ns  Iteration: 24  Instance: /tb/MyRiscv/DMem
# ** Warning: NUMERIC_STD.TO_INTEGER: metavalue detected, returning 0
#    Time: 9025660 ns  Iteration: 17  Instance: /tb/MyRiscv/DMem
# ** Warning: NUMERIC_STD.TO_INTEGER: metavalue detected, returning 0
#    Time: 9025660 ns  Iteration: 18  Instance: /tb/MyRiscv/DMem
# ** Warning: NUMERIC_STD.TO_INTEGER: metavalue detected, returning 0
#    Time: 9025660 ns  Iteration: 20  Instance: /tb/MyRiscv/DMem
# ** Warning: NUMERIC_STD.TO_INTEGER: metavalue detected, returning 0
#    Time: 9025660 ns  Iteration: 22  Instance: /tb/MyRiscv/DMem
# ** Warning: NUMERIC_STD.TO_INTEGER: metavalue detected, returning 0
#    Time: 9025660 ns  Iteration: 24  Instance: /tb/MyRiscv/DMem
# ** Warning: NUMERIC_STD.TO_INTEGER: metavalue detected, returning 0
#    Time: 9046080 ns  Iteration: 17  Instance: /tb/MyRiscv/DMem
# ** Warning: NUMERIC_STD.TO_INTEGER: metavalue detected, returning 0
#    Time: 9046080 ns  Iteration: 18  Instance: /tb/MyRiscv/DMem
# ** Warning: NUMERIC_STD.TO_INTEGER: metavalue detected, returning 0
#    Time: 9046080 ns  Iteration: 20  Instance: /tb/MyRiscv/DMem
# ** Warning: NUMERIC_STD.TO_INTEGER: metavalue detected, returning 0
#    Time: 9046080 ns  Iteration: 22  Instance: /tb/MyRiscv/DMem
# ** Warning: NUMERIC_STD.TO_INTEGER: metavalue detected, returning 0
#    Time: 9046080 ns  Iteration: 24  Instance: /tb/MyRiscv/DMem
# ** Warning: NUMERIC_STD.TO_INTEGER: metavalue detected, returning 0
#    Time: 9066500 ns  Iteration: 17  Instance: /tb/MyRiscv/DMem
# ** Warning: NUMERIC_STD.TO_INTEGER: metavalue detected, returning 0
#    Time: 9066500 ns  Iteration: 18  Instance: /tb/MyRiscv/DMem
# ** Warning: NUMERIC_STD.TO_INTEGER: metavalue detected, returning 0
#    Time: 9066500 ns  Iteration: 20  Instance: /tb/MyRiscv/DMem
# ** Warning: NUMERIC_STD.TO_INTEGER: metavalue detected, returning 0
#    Time: 9066500 ns  Iteration: 22  Instance: /tb/MyRiscv/DMem
# ** Warning: NUMERIC_STD.TO_INTEGER: metavalue detected, returning 0
#    Time: 9066500 ns  Iteration: 24  Instance: /tb/MyRiscv/DMem
# ** Warning: NUMERIC_STD.TO_INTEGER: metavalue detected, returning 0
#    Time: 9086920 ns  Iteration: 17  Instance: /tb/MyRiscv/DMem
# ** Warning: NUMERIC_STD.TO_INTEGER: metavalue detected, returning 0
#    Time: 9086920 ns  Iteration: 18  Instance: /tb/MyRiscv/DMem
# ** Warning: NUMERIC_STD.TO_INTEGER: metavalue detected, returning 0
#    Time: 9086920 ns  Iteration: 20  Instance: /tb/MyRiscv/DMem
# ** Warning: NUMERIC_STD.TO_INTEGER: metavalue detected, returning 0
#    Time: 9086920 ns  Iteration: 22  Instance: /tb/MyRiscv/DMem
# ** Warning: NUMERIC_STD.TO_INTEGER: metavalue detected, returning 0
#    Time: 9086920 ns  Iteration: 24  Instance: /tb/MyRiscv/DMem
# ** Warning: NUMERIC_STD.TO_INTEGER: metavalue detected, returning 0
#    Time: 9086920 ns  Iteration: 26  Instance: /tb/MyRiscv/DMem
# ** Warning: NUMERIC_STD.TO_INTEGER: metavalue detected, returning 0
#    Time: 9107340 ns  Iteration: 17  Instance: /tb/MyRiscv/DMem
# ** Warning: NUMERIC_STD.TO_INTEGER: metavalue detected, returning 0
#    Time: 9107340 ns  Iteration: 18  Instance: /tb/MyRiscv/DMem
# ** Warning: NUMERIC_STD.TO_INTEGER: metavalue detected, returning 0
#    Time: 9107340 ns  Iteration: 20  Instance: /tb/MyRiscv/DMem
# ** Warning: NUMERIC_STD.TO_INTEGER: metavalue detected, returning 0
#    Time: 9107340 ns  Iteration: 22  Instance: /tb/MyRiscv/DMem
# ** Warning: NUMERIC_STD.TO_INTEGER: metavalue detected, returning 0
#    Time: 9107340 ns  Iteration: 24  Instance: /tb/MyRiscv/DMem
# ** Warning: NUMERIC_STD.TO_INTEGER: metavalue detected, returning 0
#    Time: 9107340 ns  Iteration: 26  Instance: /tb/MyRiscv/DMem
# ** Warning: NUMERIC_STD.TO_INTEGER: metavalue detected, returning 0
#    Time: 9127760 ns  Iteration: 17  Instance: /tb/MyRiscv/DMem
# ** Warning: NUMERIC_STD.TO_INTEGER: metavalue detected, returning 0
#    Time: 9127760 ns  Iteration: 18  Instance: /tb/MyRiscv/DMem
# ** Warning: NUMERIC_STD.TO_INTEGER: metavalue detected, returning 0
#    Time: 9127760 ns  Iteration: 20  Instance: /tb/MyRiscv/DMem
# ** Warning: NUMERIC_STD.TO_INTEGER: metavalue detected, returning 0
#    Time: 9127760 ns  Iteration: 22  Instance: /tb/MyRiscv/DMem
# ** Warning: NUMERIC_STD.TO_INTEGER: metavalue detected, returning 0
#    Time: 9127760 ns  Iteration: 24  Instance: /tb/MyRiscv/DMem
# ** Warning: NUMERIC_STD.TO_INTEGER: metavalue detected, returning 0
#    Time: 9127760 ns  Iteration: 26  Instance: /tb/MyRiscv/DMem
# ** Warning: NUMERIC_STD.TO_INTEGER: metavalue detected, returning 0
#    Time: 9127760 ns  Iteration: 28  Instance: /tb/MyRiscv/DMem
# ** Warning: NUMERIC_STD.TO_INTEGER: metavalue detected, returning 0
#    Time: 9148180 ns  Iteration: 17  Instance: /tb/MyRiscv/DMem
# ** Warning: NUMERIC_STD.TO_INTEGER: metavalue detected, returning 0
#    Time: 9148180 ns  Iteration: 18  Instance: /tb/MyRiscv/DMem
# ** Warning: NUMERIC_STD.TO_INTEGER: metavalue detected, returning 0
#    Time: 9148180 ns  Iteration: 20  Instance: /tb/MyRiscv/DMem
# ** Warning: NUMERIC_STD.TO_INTEGER: metavalue detected, returning 0
#    Time: 9148180 ns  Iteration: 22  Instance: /tb/MyRiscv/DMem
# ** Warning: NUMERIC_STD.TO_INTEGER: metavalue detected, returning 0
#    Time: 9168600 ns  Iteration: 17  Instance: /tb/MyRiscv/DMem
# ** Warning: NUMERIC_STD.TO_INTEGER: metavalue detected, returning 0
#    Time: 9168600 ns  Iteration: 18  Instance: /tb/MyRiscv/DMem
# ** Warning: NUMERIC_STD.TO_INTEGER: metavalue detected, returning 0
#    Time: 9168600 ns  Iteration: 20  Instance: /tb/MyRiscv/DMem
# ** Warning: NUMERIC_STD.TO_INTEGER: metavalue detected, returning 0
#    Time: 9168600 ns  Iteration: 22  Instance: /tb/MyRiscv/DMem
# ** Warning: NUMERIC_STD.TO_INTEGER: metavalue detected, returning 0
#    Time: 9168600 ns  Iteration: 24  Instance: /tb/MyRiscv/DMem
# ** Warning: NUMERIC_STD.TO_INTEGER: metavalue detected, returning 0
#    Time: 9189020 ns  Iteration: 17  Instance: /tb/MyRiscv/DMem
# ** Warning: NUMERIC_STD.TO_INTEGER: metavalue detected, returning 0
#    Time: 9189020 ns  Iteration: 18  Instance: /tb/MyRiscv/DMem
# ** Warning: NUMERIC_STD.TO_INTEGER: metavalue detected, returning 0
#    Time: 9189020 ns  Iteration: 20  Instance: /tb/MyRiscv/DMem
# ** Warning: NUMERIC_STD.TO_INTEGER: metavalue detected, returning 0
#    Time: 9189020 ns  Iteration: 22  Instance: /tb/MyRiscv/DMem
# ** Warning: NUMERIC_STD.TO_INTEGER: metavalue detected, returning 0
#    Time: 9189020 ns  Iteration: 24  Instance: /tb/MyRiscv/DMem
# ** Warning: NUMERIC_STD.TO_INTEGER: metavalue detected, returning 0
#    Time: 9209440 ns  Iteration: 17  Instance: /tb/MyRiscv/DMem
# ** Warning: NUMERIC_STD.TO_INTEGER: metavalue detected, returning 0
#    Time: 9209440 ns  Iteration: 18  Instance: /tb/MyRiscv/DMem
# ** Warning: NUMERIC_STD.TO_INTEGER: metavalue detected, returning 0
#    Time: 9209440 ns  Iteration: 20  Instance: /tb/MyRiscv/DMem
# ** Warning: NUMERIC_STD.TO_INTEGER: metavalue detected, returning 0
#    Time: 9209440 ns  Iteration: 22  Instance: /tb/MyRiscv/DMem
# ** Warning: NUMERIC_STD.TO_INTEGER: metavalue detected, returning 0
#    Time: 9209440 ns  Iteration: 24  Instance: /tb/MyRiscv/DMem
# ** Warning: NUMERIC_STD.TO_INTEGER: metavalue detected, returning 0
#    Time: 9229860 ns  Iteration: 17  Instance: /tb/MyRiscv/DMem
# ** Warning: NUMERIC_STD.TO_INTEGER: metavalue detected, returning 0
#    Time: 9229860 ns  Iteration: 18  Instance: /tb/MyRiscv/DMem
# ** Warning: NUMERIC_STD.TO_INTEGER: metavalue detected, returning 0
#    Time: 9229860 ns  Iteration: 20  Instance: /tb/MyRiscv/DMem
# ** Warning: NUMERIC_STD.TO_INTEGER: metavalue detected, returning 0
#    Time: 9229860 ns  Iteration: 22  Instance: /tb/MyRiscv/DMem
# ** Warning: NUMERIC_STD.TO_INTEGER: metavalue detected, returning 0
#    Time: 9229860 ns  Iteration: 24  Instance: /tb/MyRiscv/DMem
# ** Warning: NUMERIC_STD.TO_INTEGER: metavalue detected, returning 0
#    Time: 9250280 ns  Iteration: 17  Instance: /tb/MyRiscv/DMem
# ** Warning: NUMERIC_STD.TO_INTEGER: metavalue detected, returning 0
#    Time: 9250280 ns  Iteration: 18  Instance: /tb/MyRiscv/DMem
# ** Warning: NUMERIC_STD.TO_INTEGER: metavalue detected, returning 0
#    Time: 9250280 ns  Iteration: 20  Instance: /tb/MyRiscv/DMem
# ** Warning: NUMERIC_STD.TO_INTEGER: metavalue detected, returning 0
#    Time: 9250280 ns  Iteration: 22  Instance: /tb/MyRiscv/DMem
# ** Warning: NUMERIC_STD.TO_INTEGER: metavalue detected, returning 0
#    Time: 9250280 ns  Iteration: 24  Instance: /tb/MyRiscv/DMem
# ** Warning: NUMERIC_STD.TO_INTEGER: metavalue detected, returning 0
#    Time: 9270700 ns  Iteration: 17  Instance: /tb/MyRiscv/DMem
# ** Warning: NUMERIC_STD.TO_INTEGER: metavalue detected, returning 0
#    Time: 9270700 ns  Iteration: 18  Instance: /tb/MyRiscv/DMem
# ** Warning: NUMERIC_STD.TO_INTEGER: metavalue detected, returning 0
#    Time: 9270700 ns  Iteration: 20  Instance: /tb/MyRiscv/DMem
# ** Warning: NUMERIC_STD.TO_INTEGER: metavalue detected, returning 0
#    Time: 9270700 ns  Iteration: 22  Instance: /tb/MyRiscv/DMem
# ** Warning: NUMERIC_STD.TO_INTEGER: metavalue detected, returning 0
#    Time: 9270700 ns  Iteration: 24  Instance: /tb/MyRiscv/DMem
# ** Warning: NUMERIC_STD.TO_INTEGER: metavalue detected, returning 0
#    Time: 9291120 ns  Iteration: 17  Instance: /tb/MyRiscv/DMem
# ** Warning: NUMERIC_STD.TO_INTEGER: metavalue detected, returning 0
#    Time: 9291120 ns  Iteration: 18  Instance: /tb/MyRiscv/DMem
# ** Warning: NUMERIC_STD.TO_INTEGER: metavalue detected, returning 0
#    Time: 9291120 ns  Iteration: 20  Instance: /tb/MyRiscv/DMem
# ** Warning: NUMERIC_STD.TO_INTEGER: metavalue detected, returning 0
#    Time: 9291120 ns  Iteration: 22  Instance: /tb/MyRiscv/DMem
# ** Warning: NUMERIC_STD.TO_INTEGER: metavalue detected, returning 0
#    Time: 9291120 ns  Iteration: 24  Instance: /tb/MyRiscv/DMem
# ** Warning: NUMERIC_STD.TO_INTEGER: metavalue detected, returning 0
#    Time: 9311540 ns  Iteration: 17  Instance: /tb/MyRiscv/DMem
# ** Warning: NUMERIC_STD.TO_INTEGER: metavalue detected, returning 0
#    Time: 9311540 ns  Iteration: 18  Instance: /tb/MyRiscv/DMem
# ** Warning: NUMERIC_STD.TO_INTEGER: metavalue detected, returning 0
#    Time: 9311540 ns  Iteration: 20  Instance: /tb/MyRiscv/DMem
# ** Warning: NUMERIC_STD.TO_INTEGER: metavalue detected, returning 0
#    Time: 9311540 ns  Iteration: 22  Instance: /tb/MyRiscv/DMem
# ** Warning: NUMERIC_STD.TO_INTEGER: metavalue detected, returning 0
#    Time: 9311540 ns  Iteration: 24  Instance: /tb/MyRiscv/DMem
# ** Warning: NUMERIC_STD.TO_INTEGER: metavalue detected, returning 0
#    Time: 9331960 ns  Iteration: 17  Instance: /tb/MyRiscv/DMem
# ** Warning: NUMERIC_STD.TO_INTEGER: metavalue detected, returning 0
#    Time: 9331960 ns  Iteration: 18  Instance: /tb/MyRiscv/DMem
# ** Warning: NUMERIC_STD.TO_INTEGER: metavalue detected, returning 0
#    Time: 9331960 ns  Iteration: 20  Instance: /tb/MyRiscv/DMem
# ** Warning: NUMERIC_STD.TO_INTEGER: metavalue detected, returning 0
#    Time: 9331960 ns  Iteration: 22  Instance: /tb/MyRiscv/DMem
# ** Warning: NUMERIC_STD.TO_INTEGER: metavalue detected, returning 0
#    Time: 9331960 ns  Iteration: 24  Instance: /tb/MyRiscv/DMem
# ** Warning: NUMERIC_STD.TO_INTEGER: metavalue detected, returning 0
#    Time: 9352380 ns  Iteration: 17  Instance: /tb/MyRiscv/DMem
# ** Warning: NUMERIC_STD.TO_INTEGER: metavalue detected, returning 0
#    Time: 9352380 ns  Iteration: 18  Instance: /tb/MyRiscv/DMem
# ** Warning: NUMERIC_STD.TO_INTEGER: metavalue detected, returning 0
#    Time: 9352380 ns  Iteration: 20  Instance: /tb/MyRiscv/DMem
# ** Warning: NUMERIC_STD.TO_INTEGER: metavalue detected, returning 0
#    Time: 9352380 ns  Iteration: 22  Instance: /tb/MyRiscv/DMem
# ** Warning: NUMERIC_STD.TO_INTEGER: metavalue detected, returning 0
#    Time: 9352380 ns  Iteration: 24  Instance: /tb/MyRiscv/DMem
# ** Warning: NUMERIC_STD.TO_INTEGER: metavalue detected, returning 0
#    Time: 9372800 ns  Iteration: 17  Instance: /tb/MyRiscv/DMem
# ** Warning: NUMERIC_STD.TO_INTEGER: metavalue detected, returning 0
#    Time: 9372800 ns  Iteration: 18  Instance: /tb/MyRiscv/DMem
# ** Warning: NUMERIC_STD.TO_INTEGER: metavalue detected, returning 0
#    Time: 9372800 ns  Iteration: 20  Instance: /tb/MyRiscv/DMem
# ** Warning: NUMERIC_STD.TO_INTEGER: metavalue detected, returning 0
#    Time: 9372800 ns  Iteration: 22  Instance: /tb/MyRiscv/DMem
# ** Warning: NUMERIC_STD.TO_INTEGER: metavalue detected, returning 0
#    Time: 9372800 ns  Iteration: 24  Instance: /tb/MyRiscv/DMem
# ** Warning: NUMERIC_STD.TO_INTEGER: metavalue detected, returning 0
#    Time: 9393220 ns  Iteration: 17  Instance: /tb/MyRiscv/DMem
# ** Warning: NUMERIC_STD.TO_INTEGER: metavalue detected, returning 0
#    Time: 9393220 ns  Iteration: 18  Instance: /tb/MyRiscv/DMem
# ** Warning: NUMERIC_STD.TO_INTEGER: metavalue detected, returning 0
#    Time: 9393220 ns  Iteration: 20  Instance: /tb/MyRiscv/DMem
# ** Warning: NUMERIC_STD.TO_INTEGER: metavalue detected, returning 0
#    Time: 9393220 ns  Iteration: 22  Instance: /tb/MyRiscv/DMem
# ** Warning: NUMERIC_STD.TO_INTEGER: metavalue detected, returning 0
#    Time: 9393220 ns  Iteration: 24  Instance: /tb/MyRiscv/DMem
# ** Warning: NUMERIC_STD.TO_INTEGER: metavalue detected, returning 0
#    Time: 9413640 ns  Iteration: 17  Instance: /tb/MyRiscv/DMem
# ** Warning: NUMERIC_STD.TO_INTEGER: metavalue detected, returning 0
#    Time: 9413640 ns  Iteration: 18  Instance: /tb/MyRiscv/DMem
# ** Warning: NUMERIC_STD.TO_INTEGER: metavalue detected, returning 0
#    Time: 9413640 ns  Iteration: 20  Instance: /tb/MyRiscv/DMem
# ** Warning: NUMERIC_STD.TO_INTEGER: metavalue detected, returning 0
#    Time: 9413640 ns  Iteration: 22  Instance: /tb/MyRiscv/DMem
# ** Warning: NUMERIC_STD.TO_INTEGER: metavalue detected, returning 0
#    Time: 9413640 ns  Iteration: 24  Instance: /tb/MyRiscv/DMem
# ** Warning: NUMERIC_STD.TO_INTEGER: metavalue detected, returning 0
#    Time: 9434060 ns  Iteration: 17  Instance: /tb/MyRiscv/DMem
# ** Warning: NUMERIC_STD.TO_INTEGER: metavalue detected, returning 0
#    Time: 9434060 ns  Iteration: 18  Instance: /tb/MyRiscv/DMem
# ** Warning: NUMERIC_STD.TO_INTEGER: metavalue detected, returning 0
#    Time: 9434060 ns  Iteration: 20  Instance: /tb/MyRiscv/DMem
# ** Warning: NUMERIC_STD.TO_INTEGER: metavalue detected, returning 0
#    Time: 9434060 ns  Iteration: 22  Instance: /tb/MyRiscv/DMem
# ** Warning: NUMERIC_STD.TO_INTEGER: metavalue detected, returning 0
#    Time: 9434060 ns  Iteration: 24  Instance: /tb/MyRiscv/DMem
# ** Warning: NUMERIC_STD.TO_INTEGER: metavalue detected, returning 0
#    Time: 9454480 ns  Iteration: 17  Instance: /tb/MyRiscv/DMem
# ** Warning: NUMERIC_STD.TO_INTEGER: metavalue detected, returning 0
#    Time: 9454480 ns  Iteration: 18  Instance: /tb/MyRiscv/DMem
# ** Warning: NUMERIC_STD.TO_INTEGER: metavalue detected, returning 0
#    Time: 9454480 ns  Iteration: 20  Instance: /tb/MyRiscv/DMem
# ** Warning: NUMERIC_STD.TO_INTEGER: metavalue detected, returning 0
#    Time: 9454480 ns  Iteration: 22  Instance: /tb/MyRiscv/DMem
# ** Warning: NUMERIC_STD.TO_INTEGER: metavalue detected, returning 0
#    Time: 9454480 ns  Iteration: 24  Instance: /tb/MyRiscv/DMem
# ** Warning: NUMERIC_STD.TO_INTEGER: metavalue detected, returning 0
#    Time: 9474900 ns  Iteration: 17  Instance: /tb/MyRiscv/DMem
# ** Warning: NUMERIC_STD.TO_INTEGER: metavalue detected, returning 0
#    Time: 9474900 ns  Iteration: 18  Instance: /tb/MyRiscv/DMem
# ** Warning: NUMERIC_STD.TO_INTEGER: metavalue detected, returning 0
#    Time: 9474900 ns  Iteration: 20  Instance: /tb/MyRiscv/DMem
# ** Warning: NUMERIC_STD.TO_INTEGER: metavalue detected, returning 0
#    Time: 9474900 ns  Iteration: 22  Instance: /tb/MyRiscv/DMem
# ** Warning: NUMERIC_STD.TO_INTEGER: metavalue detected, returning 0
#    Time: 9474900 ns  Iteration: 24  Instance: /tb/MyRiscv/DMem
# ** Warning: NUMERIC_STD.TO_INTEGER: metavalue detected, returning 0
#    Time: 9495320 ns  Iteration: 17  Instance: /tb/MyRiscv/DMem
# ** Warning: NUMERIC_STD.TO_INTEGER: metavalue detected, returning 0
#    Time: 9495320 ns  Iteration: 18  Instance: /tb/MyRiscv/DMem
# ** Warning: NUMERIC_STD.TO_INTEGER: metavalue detected, returning 0
#    Time: 9495320 ns  Iteration: 20  Instance: /tb/MyRiscv/DMem
# ** Warning: NUMERIC_STD.TO_INTEGER: metavalue detected, returning 0
#    Time: 9495320 ns  Iteration: 22  Instance: /tb/MyRiscv/DMem
# ** Warning: NUMERIC_STD.TO_INTEGER: metavalue detected, returning 0
#    Time: 9495320 ns  Iteration: 24  Instance: /tb/MyRiscv/DMem
# ** Warning: NUMERIC_STD.TO_INTEGER: metavalue detected, returning 0
#    Time: 9515740 ns  Iteration: 17  Instance: /tb/MyRiscv/DMem
# ** Warning: NUMERIC_STD.TO_INTEGER: metavalue detected, returning 0
#    Time: 9515740 ns  Iteration: 18  Instance: /tb/MyRiscv/DMem
# ** Warning: NUMERIC_STD.TO_INTEGER: metavalue detected, returning 0
#    Time: 9515740 ns  Iteration: 20  Instance: /tb/MyRiscv/DMem
# ** Warning: NUMERIC_STD.TO_INTEGER: metavalue detected, returning 0
#    Time: 9515740 ns  Iteration: 22  Instance: /tb/MyRiscv/DMem
# ** Warning: NUMERIC_STD.TO_INTEGER: metavalue detected, returning 0
#    Time: 9515740 ns  Iteration: 24  Instance: /tb/MyRiscv/DMem
# ** Warning: NUMERIC_STD.TO_INTEGER: metavalue detected, returning 0
#    Time: 9536160 ns  Iteration: 17  Instance: /tb/MyRiscv/DMem
# ** Warning: NUMERIC_STD.TO_INTEGER: metavalue detected, returning 0
#    Time: 9536160 ns  Iteration: 18  Instance: /tb/MyRiscv/DMem
# ** Warning: NUMERIC_STD.TO_INTEGER: metavalue detected, returning 0
#    Time: 9536160 ns  Iteration: 20  Instance: /tb/MyRiscv/DMem
# ** Warning: NUMERIC_STD.TO_INTEGER: metavalue detected, returning 0
#    Time: 9536160 ns  Iteration: 22  Instance: /tb/MyRiscv/DMem
# ** Warning: NUMERIC_STD.TO_INTEGER: metavalue detected, returning 0
#    Time: 9536160 ns  Iteration: 24  Instance: /tb/MyRiscv/DMem
# ** Warning: NUMERIC_STD.TO_INTEGER: metavalue detected, returning 0
#    Time: 9556580 ns  Iteration: 17  Instance: /tb/MyRiscv/DMem
# ** Warning: NUMERIC_STD.TO_INTEGER: metavalue detected, returning 0
#    Time: 9556580 ns  Iteration: 18  Instance: /tb/MyRiscv/DMem
# ** Warning: NUMERIC_STD.TO_INTEGER: metavalue detected, returning 0
#    Time: 9556580 ns  Iteration: 20  Instance: /tb/MyRiscv/DMem
# ** Warning: NUMERIC_STD.TO_INTEGER: metavalue detected, returning 0
#    Time: 9556580 ns  Iteration: 22  Instance: /tb/MyRiscv/DMem
# ** Warning: NUMERIC_STD.TO_INTEGER: metavalue detected, returning 0
#    Time: 9556580 ns  Iteration: 24  Instance: /tb/MyRiscv/DMem
# ** Warning: NUMERIC_STD.TO_INTEGER: metavalue detected, returning 0
#    Time: 9577 us  Iteration: 17  Instance: /tb/MyRiscv/DMem
# ** Warning: NUMERIC_STD.TO_INTEGER: metavalue detected, returning 0
#    Time: 9577 us  Iteration: 18  Instance: /tb/MyRiscv/DMem
# ** Warning: NUMERIC_STD.TO_INTEGER: metavalue detected, returning 0
#    Time: 9577 us  Iteration: 20  Instance: /tb/MyRiscv/DMem
# ** Warning: NUMERIC_STD.TO_INTEGER: metavalue detected, returning 0
#    Time: 9577 us  Iteration: 22  Instance: /tb/MyRiscv/DMem
# ** Warning: NUMERIC_STD.TO_INTEGER: metavalue detected, returning 0
#    Time: 9577 us  Iteration: 24  Instance: /tb/MyRiscv/DMem
# ** Warning: NUMERIC_STD.TO_INTEGER: metavalue detected, returning 0
#    Time: 9597420 ns  Iteration: 17  Instance: /tb/MyRiscv/DMem
# ** Warning: NUMERIC_STD.TO_INTEGER: metavalue detected, returning 0
#    Time: 9597420 ns  Iteration: 18  Instance: /tb/MyRiscv/DMem
# ** Warning: NUMERIC_STD.TO_INTEGER: metavalue detected, returning 0
#    Time: 9597420 ns  Iteration: 20  Instance: /tb/MyRiscv/DMem
# ** Warning: NUMERIC_STD.TO_INTEGER: metavalue detected, returning 0
#    Time: 9597420 ns  Iteration: 22  Instance: /tb/MyRiscv/DMem
# ** Warning: NUMERIC_STD.TO_INTEGER: metavalue detected, returning 0
#    Time: 9597420 ns  Iteration: 24  Instance: /tb/MyRiscv/DMem
# ** Warning: NUMERIC_STD.TO_INTEGER: metavalue detected, returning 0
#    Time: 9617840 ns  Iteration: 17  Instance: /tb/MyRiscv/DMem
# ** Warning: NUMERIC_STD.TO_INTEGER: metavalue detected, returning 0
#    Time: 9617840 ns  Iteration: 18  Instance: /tb/MyRiscv/DMem
# ** Warning: NUMERIC_STD.TO_INTEGER: metavalue detected, returning 0
#    Time: 9617840 ns  Iteration: 20  Instance: /tb/MyRiscv/DMem
# ** Warning: NUMERIC_STD.TO_INTEGER: metavalue detected, returning 0
#    Time: 9617840 ns  Iteration: 22  Instance: /tb/MyRiscv/DMem
# ** Warning: NUMERIC_STD.TO_INTEGER: metavalue detected, returning 0
#    Time: 9617840 ns  Iteration: 24  Instance: /tb/MyRiscv/DMem
# ** Warning: NUMERIC_STD.TO_INTEGER: metavalue detected, returning 0
#    Time: 9638260 ns  Iteration: 17  Instance: /tb/MyRiscv/DMem
# ** Warning: NUMERIC_STD.TO_INTEGER: metavalue detected, returning 0
#    Time: 9638260 ns  Iteration: 18  Instance: /tb/MyRiscv/DMem
# ** Warning: NUMERIC_STD.TO_INTEGER: metavalue detected, returning 0
#    Time: 9638260 ns  Iteration: 20  Instance: /tb/MyRiscv/DMem
# ** Warning: NUMERIC_STD.TO_INTEGER: metavalue detected, returning 0
#    Time: 9638260 ns  Iteration: 22  Instance: /tb/MyRiscv/DMem
# ** Warning: NUMERIC_STD.TO_INTEGER: metavalue detected, returning 0
#    Time: 9638260 ns  Iteration: 24  Instance: /tb/MyRiscv/DMem
# ** Warning: NUMERIC_STD.TO_INTEGER: metavalue detected, returning 0
#    Time: 9658680 ns  Iteration: 17  Instance: /tb/MyRiscv/DMem
# ** Warning: NUMERIC_STD.TO_INTEGER: metavalue detected, returning 0
#    Time: 9658680 ns  Iteration: 18  Instance: /tb/MyRiscv/DMem
# ** Warning: NUMERIC_STD.TO_INTEGER: metavalue detected, returning 0
#    Time: 9658680 ns  Iteration: 20  Instance: /tb/MyRiscv/DMem
# ** Warning: NUMERIC_STD.TO_INTEGER: metavalue detected, returning 0
#    Time: 9658680 ns  Iteration: 22  Instance: /tb/MyRiscv/DMem
# ** Warning: NUMERIC_STD.TO_INTEGER: metavalue detected, returning 0
#    Time: 9658680 ns  Iteration: 24  Instance: /tb/MyRiscv/DMem
# ** Warning: NUMERIC_STD.TO_INTEGER: metavalue detected, returning 0
#    Time: 9679100 ns  Iteration: 17  Instance: /tb/MyRiscv/DMem
# ** Warning: NUMERIC_STD.TO_INTEGER: metavalue detected, returning 0
#    Time: 9679100 ns  Iteration: 18  Instance: /tb/MyRiscv/DMem
# ** Warning: NUMERIC_STD.TO_INTEGER: metavalue detected, returning 0
#    Time: 9679100 ns  Iteration: 20  Instance: /tb/MyRiscv/DMem
# ** Warning: NUMERIC_STD.TO_INTEGER: metavalue detected, returning 0
#    Time: 9679100 ns  Iteration: 22  Instance: /tb/MyRiscv/DMem
# ** Warning: NUMERIC_STD.TO_INTEGER: metavalue detected, returning 0
#    Time: 9679100 ns  Iteration: 24  Instance: /tb/MyRiscv/DMem
# ** Warning: NUMERIC_STD.TO_INTEGER: metavalue detected, returning 0
#    Time: 9699520 ns  Iteration: 17  Instance: /tb/MyRiscv/DMem
# ** Warning: NUMERIC_STD.TO_INTEGER: metavalue detected, returning 0
#    Time: 9699520 ns  Iteration: 18  Instance: /tb/MyRiscv/DMem
# ** Warning: NUMERIC_STD.TO_INTEGER: metavalue detected, returning 0
#    Time: 9699520 ns  Iteration: 20  Instance: /tb/MyRiscv/DMem
# ** Warning: NUMERIC_STD.TO_INTEGER: metavalue detected, returning 0
#    Time: 9699520 ns  Iteration: 22  Instance: /tb/MyRiscv/DMem
# ** Warning: NUMERIC_STD.TO_INTEGER: metavalue detected, returning 0
#    Time: 9699520 ns  Iteration: 24  Instance: /tb/MyRiscv/DMem
# ** Warning: NUMERIC_STD.TO_INTEGER: metavalue detected, returning 0
#    Time: 9719940 ns  Iteration: 17  Instance: /tb/MyRiscv/DMem
# ** Warning: NUMERIC_STD.TO_INTEGER: metavalue detected, returning 0
#    Time: 9719940 ns  Iteration: 18  Instance: /tb/MyRiscv/DMem
# ** Warning: NUMERIC_STD.TO_INTEGER: metavalue detected, returning 0
#    Time: 9719940 ns  Iteration: 20  Instance: /tb/MyRiscv/DMem
# ** Warning: NUMERIC_STD.TO_INTEGER: metavalue detected, returning 0
#    Time: 9719940 ns  Iteration: 22  Instance: /tb/MyRiscv/DMem
# ** Warning: NUMERIC_STD.TO_INTEGER: metavalue detected, returning 0
#    Time: 9719940 ns  Iteration: 24  Instance: /tb/MyRiscv/DMem
# ** Warning: NUMERIC_STD.TO_INTEGER: metavalue detected, returning 0
#    Time: 9740360 ns  Iteration: 17  Instance: /tb/MyRiscv/DMem
# ** Warning: NUMERIC_STD.TO_INTEGER: metavalue detected, returning 0
#    Time: 9740360 ns  Iteration: 18  Instance: /tb/MyRiscv/DMem
# ** Warning: NUMERIC_STD.TO_INTEGER: metavalue detected, returning 0
#    Time: 9740360 ns  Iteration: 20  Instance: /tb/MyRiscv/DMem
# ** Warning: NUMERIC_STD.TO_INTEGER: metavalue detected, returning 0
#    Time: 9740360 ns  Iteration: 22  Instance: /tb/MyRiscv/DMem
# ** Warning: NUMERIC_STD.TO_INTEGER: metavalue detected, returning 0
#    Time: 9740360 ns  Iteration: 24  Instance: /tb/MyRiscv/DMem
# ** Warning: NUMERIC_STD.TO_INTEGER: metavalue detected, returning 0
#    Time: 9760780 ns  Iteration: 17  Instance: /tb/MyRiscv/DMem
# ** Warning: NUMERIC_STD.TO_INTEGER: metavalue detected, returning 0
#    Time: 9760780 ns  Iteration: 18  Instance: /tb/MyRiscv/DMem
# ** Warning: NUMERIC_STD.TO_INTEGER: metavalue detected, returning 0
#    Time: 9760780 ns  Iteration: 20  Instance: /tb/MyRiscv/DMem
# ** Warning: NUMERIC_STD.TO_INTEGER: metavalue detected, returning 0
#    Time: 9760780 ns  Iteration: 22  Instance: /tb/MyRiscv/DMem
# ** Warning: NUMERIC_STD.TO_INTEGER: metavalue detected, returning 0
#    Time: 9760780 ns  Iteration: 24  Instance: /tb/MyRiscv/DMem
# ** Warning: NUMERIC_STD.TO_INTEGER: metavalue detected, returning 0
#    Time: 9781200 ns  Iteration: 17  Instance: /tb/MyRiscv/DMem
# ** Warning: NUMERIC_STD.TO_INTEGER: metavalue detected, returning 0
#    Time: 9781200 ns  Iteration: 18  Instance: /tb/MyRiscv/DMem
# ** Warning: NUMERIC_STD.TO_INTEGER: metavalue detected, returning 0
#    Time: 9781200 ns  Iteration: 20  Instance: /tb/MyRiscv/DMem
# ** Warning: NUMERIC_STD.TO_INTEGER: metavalue detected, returning 0
#    Time: 9781200 ns  Iteration: 22  Instance: /tb/MyRiscv/DMem
# ** Warning: NUMERIC_STD.TO_INTEGER: metavalue detected, returning 0
#    Time: 9781200 ns  Iteration: 24  Instance: /tb/MyRiscv/DMem
# ** Warning: NUMERIC_STD.TO_INTEGER: metavalue detected, returning 0
#    Time: 9781200 ns  Iteration: 26  Instance: /tb/MyRiscv/DMem
# ** Warning: NUMERIC_STD.TO_INTEGER: metavalue detected, returning 0
#    Time: 9801620 ns  Iteration: 17  Instance: /tb/MyRiscv/DMem
# ** Warning: NUMERIC_STD.TO_INTEGER: metavalue detected, returning 0
#    Time: 9801620 ns  Iteration: 18  Instance: /tb/MyRiscv/DMem
# ** Warning: NUMERIC_STD.TO_INTEGER: metavalue detected, returning 0
#    Time: 9801620 ns  Iteration: 20  Instance: /tb/MyRiscv/DMem
# ** Warning: NUMERIC_STD.TO_INTEGER: metavalue detected, returning 0
#    Time: 9801620 ns  Iteration: 22  Instance: /tb/MyRiscv/DMem
# ** Warning: NUMERIC_STD.TO_INTEGER: metavalue detected, returning 0
#    Time: 9801620 ns  Iteration: 24  Instance: /tb/MyRiscv/DMem
# ** Warning: NUMERIC_STD.TO_INTEGER: metavalue detected, returning 0
#    Time: 9822040 ns  Iteration: 17  Instance: /tb/MyRiscv/DMem
# ** Warning: NUMERIC_STD.TO_INTEGER: metavalue detected, returning 0
#    Time: 9822040 ns  Iteration: 18  Instance: /tb/MyRiscv/DMem
# ** Warning: NUMERIC_STD.TO_INTEGER: metavalue detected, returning 0
#    Time: 9822040 ns  Iteration: 20  Instance: /tb/MyRiscv/DMem
# ** Warning: NUMERIC_STD.TO_INTEGER: metavalue detected, returning 0
#    Time: 9822040 ns  Iteration: 22  Instance: /tb/MyRiscv/DMem
# ** Warning: NUMERIC_STD.TO_INTEGER: metavalue detected, returning 0
#    Time: 9822040 ns  Iteration: 24  Instance: /tb/MyRiscv/DMem
# ** Warning: NUMERIC_STD.TO_INTEGER: metavalue detected, returning 0
#    Time: 9822040 ns  Iteration: 26  Instance: /tb/MyRiscv/DMem
# ** Warning: NUMERIC_STD.TO_INTEGER: metavalue detected, returning 0
#    Time: 9842460 ns  Iteration: 17  Instance: /tb/MyRiscv/DMem
# ** Warning: NUMERIC_STD.TO_INTEGER: metavalue detected, returning 0
#    Time: 9842460 ns  Iteration: 18  Instance: /tb/MyRiscv/DMem
# ** Warning: NUMERIC_STD.TO_INTEGER: metavalue detected, returning 0
#    Time: 9842460 ns  Iteration: 20  Instance: /tb/MyRiscv/DMem
# ** Warning: NUMERIC_STD.TO_INTEGER: metavalue detected, returning 0
#    Time: 9842460 ns  Iteration: 22  Instance: /tb/MyRiscv/DMem
# ** Warning: NUMERIC_STD.TO_INTEGER: metavalue detected, returning 0
#    Time: 9842460 ns  Iteration: 24  Instance: /tb/MyRiscv/DMem
# ** Warning: NUMERIC_STD.TO_INTEGER: metavalue detected, returning 0
#    Time: 9842460 ns  Iteration: 26  Instance: /tb/MyRiscv/DMem
# ** Warning: NUMERIC_STD.TO_INTEGER: metavalue detected, returning 0
#    Time: 9862880 ns  Iteration: 17  Instance: /tb/MyRiscv/DMem
# ** Warning: NUMERIC_STD.TO_INTEGER: metavalue detected, returning 0
#    Time: 9862880 ns  Iteration: 18  Instance: /tb/MyRiscv/DMem
# ** Warning: NUMERIC_STD.TO_INTEGER: metavalue detected, returning 0
#    Time: 9862880 ns  Iteration: 20  Instance: /tb/MyRiscv/DMem
# ** Warning: NUMERIC_STD.TO_INTEGER: metavalue detected, returning 0
#    Time: 9862880 ns  Iteration: 22  Instance: /tb/MyRiscv/DMem
# ** Warning: NUMERIC_STD.TO_INTEGER: metavalue detected, returning 0
#    Time: 9862880 ns  Iteration: 24  Instance: /tb/MyRiscv/DMem
# ** Warning: NUMERIC_STD.TO_INTEGER: metavalue detected, returning 0
#    Time: 9862880 ns  Iteration: 26  Instance: /tb/MyRiscv/DMem
# ** Warning: NUMERIC_STD.TO_INTEGER: metavalue detected, returning 0
#    Time: 9883300 ns  Iteration: 17  Instance: /tb/MyRiscv/DMem
# ** Warning: NUMERIC_STD.TO_INTEGER: metavalue detected, returning 0
#    Time: 9883300 ns  Iteration: 18  Instance: /tb/MyRiscv/DMem
# ** Warning: NUMERIC_STD.TO_INTEGER: metavalue detected, returning 0
#    Time: 9883300 ns  Iteration: 20  Instance: /tb/MyRiscv/DMem
# ** Warning: NUMERIC_STD.TO_INTEGER: metavalue detected, returning 0
#    Time: 9883300 ns  Iteration: 22  Instance: /tb/MyRiscv/DMem
# ** Warning: NUMERIC_STD.TO_INTEGER: metavalue detected, returning 0
#    Time: 9883300 ns  Iteration: 24  Instance: /tb/MyRiscv/DMem
# ** Warning: NUMERIC_STD.TO_INTEGER: metavalue detected, returning 0
#    Time: 9883300 ns  Iteration: 26  Instance: /tb/MyRiscv/DMem
# ** Warning: NUMERIC_STD.TO_INTEGER: metavalue detected, returning 0
#    Time: 9903720 ns  Iteration: 17  Instance: /tb/MyRiscv/DMem
# ** Warning: NUMERIC_STD.TO_INTEGER: metavalue detected, returning 0
#    Time: 9903720 ns  Iteration: 18  Instance: /tb/MyRiscv/DMem
# ** Warning: NUMERIC_STD.TO_INTEGER: metavalue detected, returning 0
#    Time: 9903720 ns  Iteration: 20  Instance: /tb/MyRiscv/DMem
# ** Warning: NUMERIC_STD.TO_INTEGER: metavalue detected, returning 0
#    Time: 9903720 ns  Iteration: 22  Instance: /tb/MyRiscv/DMem
# ** Warning: NUMERIC_STD.TO_INTEGER: metavalue detected, returning 0
#    Time: 9903720 ns  Iteration: 24  Instance: /tb/MyRiscv/DMem
# ** Warning: NUMERIC_STD.TO_INTEGER: metavalue detected, returning 0
#    Time: 9903720 ns  Iteration: 26  Instance: /tb/MyRiscv/DMem
# ** Warning: NUMERIC_STD.TO_INTEGER: metavalue detected, returning 0
#    Time: 9924140 ns  Iteration: 17  Instance: /tb/MyRiscv/DMem
# ** Warning: NUMERIC_STD.TO_INTEGER: metavalue detected, returning 0
#    Time: 9924140 ns  Iteration: 18  Instance: /tb/MyRiscv/DMem
# ** Warning: NUMERIC_STD.TO_INTEGER: metavalue detected, returning 0
#    Time: 9924140 ns  Iteration: 20  Instance: /tb/MyRiscv/DMem
# ** Warning: NUMERIC_STD.TO_INTEGER: metavalue detected, returning 0
#    Time: 9924140 ns  Iteration: 22  Instance: /tb/MyRiscv/DMem
# ** Warning: NUMERIC_STD.TO_INTEGER: metavalue detected, returning 0
#    Time: 9924140 ns  Iteration: 24  Instance: /tb/MyRiscv/DMem
# ** Warning: NUMERIC_STD.TO_INTEGER: metavalue detected, returning 0
#    Time: 9924140 ns  Iteration: 26  Instance: /tb/MyRiscv/DMem
# ** Warning: NUMERIC_STD.TO_INTEGER: metavalue detected, returning 0
#    Time: 9944560 ns  Iteration: 17  Instance: /tb/MyRiscv/DMem
# ** Warning: NUMERIC_STD.TO_INTEGER: metavalue detected, returning 0
#    Time: 9944560 ns  Iteration: 18  Instance: /tb/MyRiscv/DMem
# ** Warning: NUMERIC_STD.TO_INTEGER: metavalue detected, returning 0
#    Time: 9944560 ns  Iteration: 20  Instance: /tb/MyRiscv/DMem
# ** Warning: NUMERIC_STD.TO_INTEGER: metavalue detected, returning 0
#    Time: 9944560 ns  Iteration: 22  Instance: /tb/MyRiscv/DMem
# ** Warning: NUMERIC_STD.TO_INTEGER: metavalue detected, returning 0
#    Time: 9944560 ns  Iteration: 24  Instance: /tb/MyRiscv/DMem
# ** Warning: NUMERIC_STD.TO_INTEGER: metavalue detected, returning 0
#    Time: 9944560 ns  Iteration: 26  Instance: /tb/MyRiscv/DMem
# ** Warning: NUMERIC_STD.TO_INTEGER: metavalue detected, returning 0
#    Time: 9964980 ns  Iteration: 17  Instance: /tb/MyRiscv/DMem
# ** Warning: NUMERIC_STD.TO_INTEGER: metavalue detected, returning 0
#    Time: 9964980 ns  Iteration: 18  Instance: /tb/MyRiscv/DMem
# ** Warning: NUMERIC_STD.TO_INTEGER: metavalue detected, returning 0
#    Time: 9964980 ns  Iteration: 20  Instance: /tb/MyRiscv/DMem
# ** Warning: NUMERIC_STD.TO_INTEGER: metavalue detected, returning 0
#    Time: 9964980 ns  Iteration: 22  Instance: /tb/MyRiscv/DMem
# ** Warning: NUMERIC_STD.TO_INTEGER: metavalue detected, returning 0
#    Time: 9964980 ns  Iteration: 24  Instance: /tb/MyRiscv/DMem
# ** Warning: NUMERIC_STD.TO_INTEGER: metavalue detected, returning 0
#    Time: 9964980 ns  Iteration: 26  Instance: /tb/MyRiscv/DMem
# ** Warning: NUMERIC_STD.TO_INTEGER: metavalue detected, returning 0
#    Time: 9985400 ns  Iteration: 17  Instance: /tb/MyRiscv/DMem
# ** Warning: NUMERIC_STD.TO_INTEGER: metavalue detected, returning 0
#    Time: 9985400 ns  Iteration: 18  Instance: /tb/MyRiscv/DMem
# ** Warning: NUMERIC_STD.TO_INTEGER: metavalue detected, returning 0
#    Time: 9985400 ns  Iteration: 20  Instance: /tb/MyRiscv/DMem
# ** Warning: NUMERIC_STD.TO_INTEGER: metavalue detected, returning 0
#    Time: 9985400 ns  Iteration: 22  Instance: /tb/MyRiscv/DMem
# ** Warning: NUMERIC_STD.TO_INTEGER: metavalue detected, returning 0
#    Time: 9985400 ns  Iteration: 24  Instance: /tb/MyRiscv/DMem
# ** Warning: NUMERIC_STD.TO_INTEGER: metavalue detected, returning 0
#    Time: 9985400 ns  Iteration: 26  Instance: /tb/MyRiscv/DMem
# End time: 10:21:40 on Mar 25,2026, Elapsed time: 0:00:09
# Errors: 0, Warnings: 2063
