Timing Analyzer report for toolflow
Mon Apr 27 18:43:41 2026
Quartus Prime Version 20.1.1 Build 720 11/11/2020 SJ Standard Edition


---------------------
; Table of Contents ;
---------------------
  1. Legal Notice
  2. Timing Analyzer Summary
  3. Parallel Compilation
  4. SDC File List
  5. Clocks
  6. Slow 1200mV 85C Model Fmax Summary
  7. Timing Closure Recommendations
  8. Slow 1200mV 85C Model Setup Summary
  9. Slow 1200mV 85C Model Hold Summary
 10. Slow 1200mV 85C Model Recovery Summary
 11. Slow 1200mV 85C Model Removal Summary
 12. Slow 1200mV 85C Model Minimum Pulse Width Summary
 13. Slow 1200mV 85C Model Setup: 'iCLK'
 14. Slow 1200mV 85C Model Hold: 'iCLK'
 15. Slow 1200mV 85C Model Recovery: 'iCLK'
 16. Slow 1200mV 85C Model Removal: 'iCLK'
 17. Slow 1200mV 85C Model Metastability Summary
 18. Slow 1200mV 0C Model Fmax Summary
 19. Slow 1200mV 0C Model Setup Summary
 20. Slow 1200mV 0C Model Hold Summary
 21. Slow 1200mV 0C Model Recovery Summary
 22. Slow 1200mV 0C Model Removal Summary
 23. Slow 1200mV 0C Model Minimum Pulse Width Summary
 24. Slow 1200mV 0C Model Setup: 'iCLK'
 25. Slow 1200mV 0C Model Hold: 'iCLK'
 26. Slow 1200mV 0C Model Recovery: 'iCLK'
 27. Slow 1200mV 0C Model Removal: 'iCLK'
 28. Slow 1200mV 0C Model Metastability Summary
 29. Fast 1200mV 0C Model Setup Summary
 30. Fast 1200mV 0C Model Hold Summary
 31. Fast 1200mV 0C Model Recovery Summary
 32. Fast 1200mV 0C Model Removal Summary
 33. Fast 1200mV 0C Model Minimum Pulse Width Summary
 34. Fast 1200mV 0C Model Setup: 'iCLK'
 35. Fast 1200mV 0C Model Hold: 'iCLK'
 36. Fast 1200mV 0C Model Recovery: 'iCLK'
 37. Fast 1200mV 0C Model Removal: 'iCLK'
 38. Fast 1200mV 0C Model Metastability Summary
 39. Multicorner Timing Analysis Summary
 40. Board Trace Model Assignments
 41. Input Transition Times
 42. Signal Integrity Metrics (Slow 1200mv 0c Model)
 43. Signal Integrity Metrics (Slow 1200mv 85c Model)
 44. Signal Integrity Metrics (Fast 1200mv 0c Model)
 45. Setup Transfers
 46. Hold Transfers
 47. Recovery Transfers
 48. Removal Transfers
 49. Report TCCS
 50. Report RSKM
 51. Unconstrained Paths Summary
 52. Clock Status Summary
 53. Unconstrained Input Ports
 54. Unconstrained Output Ports
 55. Unconstrained Input Ports
 56. Unconstrained Output Ports
 57. Timing Analyzer Messages



----------------
; Legal Notice ;
----------------
Copyright (C) 2020  Intel Corporation. All rights reserved.
Your use of Intel Corporation's design tools, logic functions 
and other software and tools, and any partner logic 
functions, and any output files from any of the foregoing 
(including device programming or simulation files), and any 
associated documentation or information are expressly subject 
to the terms and conditions of the Intel Program License 
Subscription Agreement, the Intel Quartus Prime License Agreement,
the Intel FPGA IP License Agreement, or other applicable license
agreement, including, without limitation, that your use is for
the sole purpose of programming logic devices manufactured by
Intel and sold by Intel or its authorized distributors.  Please
refer to the applicable agreement for further details, at
https://fpgasoftware.intel.com/eula.



+---------------------------------------------------------------------------------+
; Timing Analyzer Summary                                                         ;
+-----------------------+---------------------------------------------------------+
; Quartus Prime Version ; Version 20.1.1 Build 720 11/11/2020 SJ Standard Edition ;
; Timing Analyzer       ; Legacy Timing Analyzer                                  ;
; Revision Name         ; toolflow                                                ;
; Device Family         ; Cyclone IV E                                            ;
; Device Name           ; EP4CE115F29C7                                           ;
; Timing Models         ; Final                                                   ;
; Delay Model           ; Combined                                                ;
; Rise/Fall Delays      ; Enabled                                                 ;
+-----------------------+---------------------------------------------------------+


+------------------------------------------+
; Parallel Compilation                     ;
+----------------------------+-------------+
; Processors                 ; Number      ;
+----------------------------+-------------+
; Number detected on machine ; 20          ;
; Maximum allowed            ; 12          ;
;                            ;             ;
; Average used               ; 1.89        ;
; Maximum used               ; 12          ;
;                            ;             ;
; Usage by Processor         ; % Time Used ;
;     Processor 1            ; 100.0%      ;
;     Processor 2            ;  38.4%      ;
;     Processor 3            ;   8.3%      ;
;     Processor 4            ;   7.4%      ;
;     Processors 5-12        ;   4.3%      ;
+----------------------------+-------------+


+---------------------------------------------------+
; SDC File List                                     ;
+---------------+--------+--------------------------+
; SDC File Path ; Status ; Read at                  ;
+---------------+--------+--------------------------+
; toolflow.sdc  ; OK     ; Mon Apr 27 18:43:33 2026 ;
+---------------+--------+--------------------------+


+----------------------------------------------------------------------------------------------------------------------------------------------------------------------------------+
; Clocks                                                                                                                                                                           ;
+------------+------+--------+-----------+-------+--------+------------+-----------+-------------+-------+--------+-----------+------------+----------+--------+--------+----------+
; Clock Name ; Type ; Period ; Frequency ; Rise  ; Fall   ; Duty Cycle ; Divide by ; Multiply by ; Phase ; Offset ; Edge List ; Edge Shift ; Inverted ; Master ; Source ; Targets  ;
+------------+------+--------+-----------+-------+--------+------------+-----------+-------------+-------+--------+-----------+------------+----------+--------+--------+----------+
; iCLK       ; Base ; 20.000 ; 50.0 MHz  ; 0.000 ; 10.000 ;            ;           ;             ;       ;        ;           ;            ;          ;        ;        ; { iCLK } ;
+------------+------+--------+-----------+-------+--------+------------+-----------+-------------+-------+--------+-----------+------------+----------+--------+--------+----------+


+-------------------------------------------------+
; Slow 1200mV 85C Model Fmax Summary              ;
+-----------+-----------------+------------+------+
; Fmax      ; Restricted Fmax ; Clock Name ; Note ;
+-----------+-----------------+------------+------+
; 51.04 MHz ; 51.04 MHz       ; iCLK       ;      ;
+-----------+-----------------+------------+------+
This panel reports FMAX for every clock in the design, regardless of the user-specified clock periods.  FMAX is only computed for paths where the source and destination registers or ports are driven by the same clock.  Paths of different clocks, including generated clocks, are ignored.  For paths between a clock and its inversion, FMAX is computed as if the rising and falling edges are scaled along with FMAX, such that the duty cycle (in terms of a percentage) is maintained. Altera recommends that you always use clock constraints and other slack reports for sign-off analysis.


----------------------------------
; Timing Closure Recommendations ;
----------------------------------
HTML report is unavailable in plain text report export.


+-------------------------------------+
; Slow 1200mV 85C Model Setup Summary ;
+-------+-------+---------------------+
; Clock ; Slack ; End Point TNS       ;
+-------+-------+---------------------+
; iCLK  ; 0.408 ; 0.000               ;
+-------+-------+---------------------+


+------------------------------------+
; Slow 1200mV 85C Model Hold Summary ;
+-------+-------+--------------------+
; Clock ; Slack ; End Point TNS      ;
+-------+-------+--------------------+
; iCLK  ; 0.388 ; 0.000              ;
+-------+-------+--------------------+


+----------------------------------------+
; Slow 1200mV 85C Model Recovery Summary ;
+-------+--------+-----------------------+
; Clock ; Slack  ; End Point TNS         ;
+-------+--------+-----------------------+
; iCLK  ; 17.330 ; 0.000                 ;
+-------+--------+-----------------------+


+---------------------------------------+
; Slow 1200mV 85C Model Removal Summary ;
+-------+-------+-----------------------+
; Clock ; Slack ; End Point TNS         ;
+-------+-------+-----------------------+
; iCLK  ; 2.072 ; 0.000                 ;
+-------+-------+-----------------------+


+---------------------------------------------------+
; Slow 1200mV 85C Model Minimum Pulse Width Summary ;
+-------+-------+-----------------------------------+
; Clock ; Slack ; End Point TNS                     ;
+-------+-------+-----------------------------------+
; iCLK  ; 9.623 ; 0.000                             ;
+-------+-------+-----------------------------------+


+-------------------------------------------------------------------------------------------------------------------------------------------------------------------------------------------------------------------------------------------------------+
; Slow 1200mV 85C Model Setup: 'iCLK'                                                                                                                                                                                                                   ;
+-------+----------------------------------------------------------------------------------------+--------------------------------------------------------------------------------+--------------+-------------+--------------+------------+------------+
; Slack ; From Node                                                                              ; To Node                                                                        ; Launch Clock ; Latch Clock ; Relationship ; Clock Skew ; Data Delay ;
+-------+----------------------------------------------------------------------------------------+--------------------------------------------------------------------------------+--------------+-------------+--------------+------------+------------+
; 0.408 ; IDEX_PipelineRegister:IDEX_REG|register_NBit:REG_Ctrl|dffg:\G_Register_NBit:2:REGI|s_Q ; sw_fetch_unit:F_UNIT_SW|register_NBit:PC_REG|dffg:\G_Register_NBit:2:REGI|s_Q  ; iCLK         ; iCLK        ; 20.000       ; 0.332      ; 19.922     ;
; 0.408 ; IDEX_PipelineRegister:IDEX_REG|register_NBit:REG_Ctrl|dffg:\G_Register_NBit:2:REGI|s_Q ; sw_fetch_unit:F_UNIT_SW|register_NBit:PC_REG|dffg:\G_Register_NBit:5:REGI|s_Q  ; iCLK         ; iCLK        ; 20.000       ; 0.332      ; 19.922     ;
; 0.408 ; IDEX_PipelineRegister:IDEX_REG|register_NBit:REG_Ctrl|dffg:\G_Register_NBit:2:REGI|s_Q ; sw_fetch_unit:F_UNIT_SW|register_NBit:PC_REG|dffg:\G_Register_NBit:4:REGI|s_Q  ; iCLK         ; iCLK        ; 20.000       ; 0.332      ; 19.922     ;
; 0.408 ; IDEX_PipelineRegister:IDEX_REG|register_NBit:REG_Ctrl|dffg:\G_Register_NBit:2:REGI|s_Q ; sw_fetch_unit:F_UNIT_SW|register_NBit:PC_REG|dffg:\G_Register_NBit:3:REGI|s_Q  ; iCLK         ; iCLK        ; 20.000       ; 0.332      ; 19.922     ;
; 0.428 ; IDEX_PipelineRegister:IDEX_REG|register_NBit:REG_Ctrl|dffg:\G_Register_NBit:2:REGI|s_Q ; sw_fetch_unit:F_UNIT_SW|register_NBit:PC_REG|dffg:\G_Register_NBit:23:REGI|s_Q ; iCLK         ; iCLK        ; 20.000       ; 0.334      ; 19.904     ;
; 0.428 ; IDEX_PipelineRegister:IDEX_REG|register_NBit:REG_Ctrl|dffg:\G_Register_NBit:2:REGI|s_Q ; sw_fetch_unit:F_UNIT_SW|register_NBit:PC_REG|dffg:\G_Register_NBit:21:REGI|s_Q ; iCLK         ; iCLK        ; 20.000       ; 0.334      ; 19.904     ;
; 0.428 ; IDEX_PipelineRegister:IDEX_REG|register_NBit:REG_Ctrl|dffg:\G_Register_NBit:2:REGI|s_Q ; sw_fetch_unit:F_UNIT_SW|register_NBit:PC_REG|dffg:\G_Register_NBit:25:REGI|s_Q ; iCLK         ; iCLK        ; 20.000       ; 0.334      ; 19.904     ;
; 0.428 ; IDEX_PipelineRegister:IDEX_REG|register_NBit:REG_Ctrl|dffg:\G_Register_NBit:2:REGI|s_Q ; sw_fetch_unit:F_UNIT_SW|register_NBit:PC_REG|dffg:\G_Register_NBit:24:REGI|s_Q ; iCLK         ; iCLK        ; 20.000       ; 0.334      ; 19.904     ;
; 0.434 ; IDEX_PipelineRegister:IDEX_REG|register_NBit:REG_Ctrl|dffg:\G_Register_NBit:2:REGI|s_Q ; sw_fetch_unit:F_UNIT_SW|register_NBit:PC_REG|dffg:\G_Register_NBit:27:REGI|s_Q ; iCLK         ; iCLK        ; 20.000       ; 0.337      ; 19.901     ;
; 0.441 ; IDEX_PipelineRegister:IDEX_REG|register_NBit:REG_Ctrl|dffg:\G_Register_NBit:2:REGI|s_Q ; sw_fetch_unit:F_UNIT_SW|register_NBit:PC_REG|dffg:\G_Register_NBit:11:REGI|s_Q ; iCLK         ; iCLK        ; 20.000       ; 0.332      ; 19.889     ;
; 0.441 ; IDEX_PipelineRegister:IDEX_REG|register_NBit:REG_Ctrl|dffg:\G_Register_NBit:2:REGI|s_Q ; sw_fetch_unit:F_UNIT_SW|register_NBit:PC_REG|dffg:\G_Register_NBit:10:REGI|s_Q ; iCLK         ; iCLK        ; 20.000       ; 0.332      ; 19.889     ;
; 0.441 ; IDEX_PipelineRegister:IDEX_REG|register_NBit:REG_Ctrl|dffg:\G_Register_NBit:2:REGI|s_Q ; sw_fetch_unit:F_UNIT_SW|register_NBit:PC_REG|dffg:\G_Register_NBit:8:REGI|s_Q  ; iCLK         ; iCLK        ; 20.000       ; 0.332      ; 19.889     ;
; 0.441 ; IDEX_PipelineRegister:IDEX_REG|register_NBit:REG_Ctrl|dffg:\G_Register_NBit:2:REGI|s_Q ; sw_fetch_unit:F_UNIT_SW|register_NBit:PC_REG|dffg:\G_Register_NBit:7:REGI|s_Q  ; iCLK         ; iCLK        ; 20.000       ; 0.332      ; 19.889     ;
; 0.441 ; IDEX_PipelineRegister:IDEX_REG|register_NBit:REG_Ctrl|dffg:\G_Register_NBit:2:REGI|s_Q ; sw_fetch_unit:F_UNIT_SW|register_NBit:PC_REG|dffg:\G_Register_NBit:6:REGI|s_Q  ; iCLK         ; iCLK        ; 20.000       ; 0.332      ; 19.889     ;
; 0.441 ; IDEX_PipelineRegister:IDEX_REG|register_NBit:REG_Ctrl|dffg:\G_Register_NBit:2:REGI|s_Q ; sw_fetch_unit:F_UNIT_SW|register_NBit:PC_REG|dffg:\G_Register_NBit:9:REGI|s_Q  ; iCLK         ; iCLK        ; 20.000       ; 0.332      ; 19.889     ;
; 0.450 ; IDEX_PipelineRegister:IDEX_REG|register_NBit:REG_Ctrl|dffg:\G_Register_NBit:2:REGI|s_Q ; sw_fetch_unit:F_UNIT_SW|register_NBit:PC_REG|dffg:\G_Register_NBit:26:REGI|s_Q ; iCLK         ; iCLK        ; 20.000       ; 0.337      ; 19.885     ;
; 0.450 ; IDEX_PipelineRegister:IDEX_REG|register_NBit:REG_Ctrl|dffg:\G_Register_NBit:2:REGI|s_Q ; sw_fetch_unit:F_UNIT_SW|register_NBit:PC_REG|dffg:\G_Register_NBit:28:REGI|s_Q ; iCLK         ; iCLK        ; 20.000       ; 0.337      ; 19.885     ;
; 0.450 ; IDEX_PipelineRegister:IDEX_REG|register_NBit:REG_Ctrl|dffg:\G_Register_NBit:2:REGI|s_Q ; sw_fetch_unit:F_UNIT_SW|register_NBit:PC_REG|dffg:\G_Register_NBit:29:REGI|s_Q ; iCLK         ; iCLK        ; 20.000       ; 0.337      ; 19.885     ;
; 0.450 ; IDEX_PipelineRegister:IDEX_REG|register_NBit:REG_Ctrl|dffg:\G_Register_NBit:2:REGI|s_Q ; sw_fetch_unit:F_UNIT_SW|register_NBit:PC_REG|dffg:\G_Register_NBit:30:REGI|s_Q ; iCLK         ; iCLK        ; 20.000       ; 0.337      ; 19.885     ;
; 0.450 ; IDEX_PipelineRegister:IDEX_REG|register_NBit:REG_Ctrl|dffg:\G_Register_NBit:2:REGI|s_Q ; sw_fetch_unit:F_UNIT_SW|register_NBit:PC_REG|dffg:\G_Register_NBit:31:REGI|s_Q ; iCLK         ; iCLK        ; 20.000       ; 0.337      ; 19.885     ;
; 0.462 ; IDEX_PipelineRegister:IDEX_REG|register_NBit:REG_rs2|dffg:\G_Register_NBit:1:REGI|s_Q  ; sw_fetch_unit:F_UNIT_SW|register_NBit:PC_REG|dffg:\G_Register_NBit:2:REGI|s_Q  ; iCLK         ; iCLK        ; 20.000       ; 0.332      ; 19.868     ;
; 0.462 ; IDEX_PipelineRegister:IDEX_REG|register_NBit:REG_rs2|dffg:\G_Register_NBit:1:REGI|s_Q  ; sw_fetch_unit:F_UNIT_SW|register_NBit:PC_REG|dffg:\G_Register_NBit:5:REGI|s_Q  ; iCLK         ; iCLK        ; 20.000       ; 0.332      ; 19.868     ;
; 0.462 ; IDEX_PipelineRegister:IDEX_REG|register_NBit:REG_rs2|dffg:\G_Register_NBit:1:REGI|s_Q  ; sw_fetch_unit:F_UNIT_SW|register_NBit:PC_REG|dffg:\G_Register_NBit:4:REGI|s_Q  ; iCLK         ; iCLK        ; 20.000       ; 0.332      ; 19.868     ;
; 0.462 ; IDEX_PipelineRegister:IDEX_REG|register_NBit:REG_rs2|dffg:\G_Register_NBit:1:REGI|s_Q  ; sw_fetch_unit:F_UNIT_SW|register_NBit:PC_REG|dffg:\G_Register_NBit:3:REGI|s_Q  ; iCLK         ; iCLK        ; 20.000       ; 0.332      ; 19.868     ;
; 0.482 ; IDEX_PipelineRegister:IDEX_REG|register_NBit:REG_Ctrl|dffg:\G_Register_NBit:0:REGI|s_Q ; sw_fetch_unit:F_UNIT_SW|register_NBit:PC_REG|dffg:\G_Register_NBit:2:REGI|s_Q  ; iCLK         ; iCLK        ; 20.000       ; 0.328      ; 19.844     ;
; 0.482 ; IDEX_PipelineRegister:IDEX_REG|register_NBit:REG_Ctrl|dffg:\G_Register_NBit:0:REGI|s_Q ; sw_fetch_unit:F_UNIT_SW|register_NBit:PC_REG|dffg:\G_Register_NBit:5:REGI|s_Q  ; iCLK         ; iCLK        ; 20.000       ; 0.328      ; 19.844     ;
; 0.482 ; IDEX_PipelineRegister:IDEX_REG|register_NBit:REG_Ctrl|dffg:\G_Register_NBit:0:REGI|s_Q ; sw_fetch_unit:F_UNIT_SW|register_NBit:PC_REG|dffg:\G_Register_NBit:4:REGI|s_Q  ; iCLK         ; iCLK        ; 20.000       ; 0.328      ; 19.844     ;
; 0.482 ; IDEX_PipelineRegister:IDEX_REG|register_NBit:REG_Ctrl|dffg:\G_Register_NBit:0:REGI|s_Q ; sw_fetch_unit:F_UNIT_SW|register_NBit:PC_REG|dffg:\G_Register_NBit:3:REGI|s_Q  ; iCLK         ; iCLK        ; 20.000       ; 0.328      ; 19.844     ;
; 0.482 ; IDEX_PipelineRegister:IDEX_REG|register_NBit:REG_rs2|dffg:\G_Register_NBit:1:REGI|s_Q  ; sw_fetch_unit:F_UNIT_SW|register_NBit:PC_REG|dffg:\G_Register_NBit:23:REGI|s_Q ; iCLK         ; iCLK        ; 20.000       ; 0.334      ; 19.850     ;
; 0.482 ; IDEX_PipelineRegister:IDEX_REG|register_NBit:REG_rs2|dffg:\G_Register_NBit:1:REGI|s_Q  ; sw_fetch_unit:F_UNIT_SW|register_NBit:PC_REG|dffg:\G_Register_NBit:21:REGI|s_Q ; iCLK         ; iCLK        ; 20.000       ; 0.334      ; 19.850     ;
; 0.482 ; IDEX_PipelineRegister:IDEX_REG|register_NBit:REG_rs2|dffg:\G_Register_NBit:1:REGI|s_Q  ; sw_fetch_unit:F_UNIT_SW|register_NBit:PC_REG|dffg:\G_Register_NBit:25:REGI|s_Q ; iCLK         ; iCLK        ; 20.000       ; 0.334      ; 19.850     ;
; 0.482 ; IDEX_PipelineRegister:IDEX_REG|register_NBit:REG_rs2|dffg:\G_Register_NBit:1:REGI|s_Q  ; sw_fetch_unit:F_UNIT_SW|register_NBit:PC_REG|dffg:\G_Register_NBit:24:REGI|s_Q ; iCLK         ; iCLK        ; 20.000       ; 0.334      ; 19.850     ;
; 0.483 ; IDEX_PipelineRegister:IDEX_REG|register_NBit:REG_rs1|dffg:\G_Register_NBit:0:REGI|s_Q  ; sw_fetch_unit:F_UNIT_SW|register_NBit:PC_REG|dffg:\G_Register_NBit:2:REGI|s_Q  ; iCLK         ; iCLK        ; 20.000       ; 0.328      ; 19.843     ;
; 0.483 ; IDEX_PipelineRegister:IDEX_REG|register_NBit:REG_rs1|dffg:\G_Register_NBit:0:REGI|s_Q  ; sw_fetch_unit:F_UNIT_SW|register_NBit:PC_REG|dffg:\G_Register_NBit:5:REGI|s_Q  ; iCLK         ; iCLK        ; 20.000       ; 0.328      ; 19.843     ;
; 0.483 ; IDEX_PipelineRegister:IDEX_REG|register_NBit:REG_rs1|dffg:\G_Register_NBit:0:REGI|s_Q  ; sw_fetch_unit:F_UNIT_SW|register_NBit:PC_REG|dffg:\G_Register_NBit:4:REGI|s_Q  ; iCLK         ; iCLK        ; 20.000       ; 0.328      ; 19.843     ;
; 0.483 ; IDEX_PipelineRegister:IDEX_REG|register_NBit:REG_rs1|dffg:\G_Register_NBit:0:REGI|s_Q  ; sw_fetch_unit:F_UNIT_SW|register_NBit:PC_REG|dffg:\G_Register_NBit:3:REGI|s_Q  ; iCLK         ; iCLK        ; 20.000       ; 0.328      ; 19.843     ;
; 0.488 ; IDEX_PipelineRegister:IDEX_REG|register_NBit:REG_rs2|dffg:\G_Register_NBit:1:REGI|s_Q  ; sw_fetch_unit:F_UNIT_SW|register_NBit:PC_REG|dffg:\G_Register_NBit:27:REGI|s_Q ; iCLK         ; iCLK        ; 20.000       ; 0.337      ; 19.847     ;
; 0.495 ; IDEX_PipelineRegister:IDEX_REG|register_NBit:REG_rs2|dffg:\G_Register_NBit:1:REGI|s_Q  ; sw_fetch_unit:F_UNIT_SW|register_NBit:PC_REG|dffg:\G_Register_NBit:11:REGI|s_Q ; iCLK         ; iCLK        ; 20.000       ; 0.332      ; 19.835     ;
; 0.495 ; IDEX_PipelineRegister:IDEX_REG|register_NBit:REG_rs2|dffg:\G_Register_NBit:1:REGI|s_Q  ; sw_fetch_unit:F_UNIT_SW|register_NBit:PC_REG|dffg:\G_Register_NBit:10:REGI|s_Q ; iCLK         ; iCLK        ; 20.000       ; 0.332      ; 19.835     ;
; 0.495 ; IDEX_PipelineRegister:IDEX_REG|register_NBit:REG_rs2|dffg:\G_Register_NBit:1:REGI|s_Q  ; sw_fetch_unit:F_UNIT_SW|register_NBit:PC_REG|dffg:\G_Register_NBit:8:REGI|s_Q  ; iCLK         ; iCLK        ; 20.000       ; 0.332      ; 19.835     ;
; 0.495 ; IDEX_PipelineRegister:IDEX_REG|register_NBit:REG_rs2|dffg:\G_Register_NBit:1:REGI|s_Q  ; sw_fetch_unit:F_UNIT_SW|register_NBit:PC_REG|dffg:\G_Register_NBit:7:REGI|s_Q  ; iCLK         ; iCLK        ; 20.000       ; 0.332      ; 19.835     ;
; 0.495 ; IDEX_PipelineRegister:IDEX_REG|register_NBit:REG_rs2|dffg:\G_Register_NBit:1:REGI|s_Q  ; sw_fetch_unit:F_UNIT_SW|register_NBit:PC_REG|dffg:\G_Register_NBit:6:REGI|s_Q  ; iCLK         ; iCLK        ; 20.000       ; 0.332      ; 19.835     ;
; 0.495 ; IDEX_PipelineRegister:IDEX_REG|register_NBit:REG_rs2|dffg:\G_Register_NBit:1:REGI|s_Q  ; sw_fetch_unit:F_UNIT_SW|register_NBit:PC_REG|dffg:\G_Register_NBit:9:REGI|s_Q  ; iCLK         ; iCLK        ; 20.000       ; 0.332      ; 19.835     ;
; 0.502 ; IDEX_PipelineRegister:IDEX_REG|register_NBit:REG_Ctrl|dffg:\G_Register_NBit:0:REGI|s_Q ; sw_fetch_unit:F_UNIT_SW|register_NBit:PC_REG|dffg:\G_Register_NBit:23:REGI|s_Q ; iCLK         ; iCLK        ; 20.000       ; 0.330      ; 19.826     ;
; 0.502 ; IDEX_PipelineRegister:IDEX_REG|register_NBit:REG_Ctrl|dffg:\G_Register_NBit:0:REGI|s_Q ; sw_fetch_unit:F_UNIT_SW|register_NBit:PC_REG|dffg:\G_Register_NBit:21:REGI|s_Q ; iCLK         ; iCLK        ; 20.000       ; 0.330      ; 19.826     ;
; 0.502 ; IDEX_PipelineRegister:IDEX_REG|register_NBit:REG_Ctrl|dffg:\G_Register_NBit:0:REGI|s_Q ; sw_fetch_unit:F_UNIT_SW|register_NBit:PC_REG|dffg:\G_Register_NBit:25:REGI|s_Q ; iCLK         ; iCLK        ; 20.000       ; 0.330      ; 19.826     ;
; 0.502 ; IDEX_PipelineRegister:IDEX_REG|register_NBit:REG_Ctrl|dffg:\G_Register_NBit:0:REGI|s_Q ; sw_fetch_unit:F_UNIT_SW|register_NBit:PC_REG|dffg:\G_Register_NBit:24:REGI|s_Q ; iCLK         ; iCLK        ; 20.000       ; 0.330      ; 19.826     ;
; 0.503 ; IDEX_PipelineRegister:IDEX_REG|register_NBit:REG_rs1|dffg:\G_Register_NBit:0:REGI|s_Q  ; sw_fetch_unit:F_UNIT_SW|register_NBit:PC_REG|dffg:\G_Register_NBit:23:REGI|s_Q ; iCLK         ; iCLK        ; 20.000       ; 0.330      ; 19.825     ;
; 0.503 ; IDEX_PipelineRegister:IDEX_REG|register_NBit:REG_rs1|dffg:\G_Register_NBit:0:REGI|s_Q  ; sw_fetch_unit:F_UNIT_SW|register_NBit:PC_REG|dffg:\G_Register_NBit:21:REGI|s_Q ; iCLK         ; iCLK        ; 20.000       ; 0.330      ; 19.825     ;
; 0.503 ; IDEX_PipelineRegister:IDEX_REG|register_NBit:REG_rs1|dffg:\G_Register_NBit:0:REGI|s_Q  ; sw_fetch_unit:F_UNIT_SW|register_NBit:PC_REG|dffg:\G_Register_NBit:25:REGI|s_Q ; iCLK         ; iCLK        ; 20.000       ; 0.330      ; 19.825     ;
; 0.503 ; IDEX_PipelineRegister:IDEX_REG|register_NBit:REG_rs1|dffg:\G_Register_NBit:0:REGI|s_Q  ; sw_fetch_unit:F_UNIT_SW|register_NBit:PC_REG|dffg:\G_Register_NBit:24:REGI|s_Q ; iCLK         ; iCLK        ; 20.000       ; 0.330      ; 19.825     ;
; 0.504 ; IDEX_PipelineRegister:IDEX_REG|register_NBit:REG_rs2|dffg:\G_Register_NBit:1:REGI|s_Q  ; sw_fetch_unit:F_UNIT_SW|register_NBit:PC_REG|dffg:\G_Register_NBit:26:REGI|s_Q ; iCLK         ; iCLK        ; 20.000       ; 0.337      ; 19.831     ;
; 0.504 ; IDEX_PipelineRegister:IDEX_REG|register_NBit:REG_rs2|dffg:\G_Register_NBit:1:REGI|s_Q  ; sw_fetch_unit:F_UNIT_SW|register_NBit:PC_REG|dffg:\G_Register_NBit:28:REGI|s_Q ; iCLK         ; iCLK        ; 20.000       ; 0.337      ; 19.831     ;
; 0.504 ; IDEX_PipelineRegister:IDEX_REG|register_NBit:REG_rs2|dffg:\G_Register_NBit:1:REGI|s_Q  ; sw_fetch_unit:F_UNIT_SW|register_NBit:PC_REG|dffg:\G_Register_NBit:29:REGI|s_Q ; iCLK         ; iCLK        ; 20.000       ; 0.337      ; 19.831     ;
; 0.504 ; IDEX_PipelineRegister:IDEX_REG|register_NBit:REG_rs2|dffg:\G_Register_NBit:1:REGI|s_Q  ; sw_fetch_unit:F_UNIT_SW|register_NBit:PC_REG|dffg:\G_Register_NBit:30:REGI|s_Q ; iCLK         ; iCLK        ; 20.000       ; 0.337      ; 19.831     ;
; 0.504 ; IDEX_PipelineRegister:IDEX_REG|register_NBit:REG_rs2|dffg:\G_Register_NBit:1:REGI|s_Q  ; sw_fetch_unit:F_UNIT_SW|register_NBit:PC_REG|dffg:\G_Register_NBit:31:REGI|s_Q ; iCLK         ; iCLK        ; 20.000       ; 0.337      ; 19.831     ;
; 0.508 ; IDEX_PipelineRegister:IDEX_REG|register_NBit:REG_Ctrl|dffg:\G_Register_NBit:0:REGI|s_Q ; sw_fetch_unit:F_UNIT_SW|register_NBit:PC_REG|dffg:\G_Register_NBit:27:REGI|s_Q ; iCLK         ; iCLK        ; 20.000       ; 0.333      ; 19.823     ;
; 0.509 ; IDEX_PipelineRegister:IDEX_REG|register_NBit:REG_rs1|dffg:\G_Register_NBit:0:REGI|s_Q  ; sw_fetch_unit:F_UNIT_SW|register_NBit:PC_REG|dffg:\G_Register_NBit:27:REGI|s_Q ; iCLK         ; iCLK        ; 20.000       ; 0.333      ; 19.822     ;
; 0.515 ; IDEX_PipelineRegister:IDEX_REG|register_NBit:REG_Ctrl|dffg:\G_Register_NBit:0:REGI|s_Q ; sw_fetch_unit:F_UNIT_SW|register_NBit:PC_REG|dffg:\G_Register_NBit:11:REGI|s_Q ; iCLK         ; iCLK        ; 20.000       ; 0.328      ; 19.811     ;
; 0.515 ; IDEX_PipelineRegister:IDEX_REG|register_NBit:REG_Ctrl|dffg:\G_Register_NBit:0:REGI|s_Q ; sw_fetch_unit:F_UNIT_SW|register_NBit:PC_REG|dffg:\G_Register_NBit:10:REGI|s_Q ; iCLK         ; iCLK        ; 20.000       ; 0.328      ; 19.811     ;
; 0.515 ; IDEX_PipelineRegister:IDEX_REG|register_NBit:REG_Ctrl|dffg:\G_Register_NBit:0:REGI|s_Q ; sw_fetch_unit:F_UNIT_SW|register_NBit:PC_REG|dffg:\G_Register_NBit:8:REGI|s_Q  ; iCLK         ; iCLK        ; 20.000       ; 0.328      ; 19.811     ;
; 0.515 ; IDEX_PipelineRegister:IDEX_REG|register_NBit:REG_Ctrl|dffg:\G_Register_NBit:0:REGI|s_Q ; sw_fetch_unit:F_UNIT_SW|register_NBit:PC_REG|dffg:\G_Register_NBit:7:REGI|s_Q  ; iCLK         ; iCLK        ; 20.000       ; 0.328      ; 19.811     ;
; 0.515 ; IDEX_PipelineRegister:IDEX_REG|register_NBit:REG_Ctrl|dffg:\G_Register_NBit:0:REGI|s_Q ; sw_fetch_unit:F_UNIT_SW|register_NBit:PC_REG|dffg:\G_Register_NBit:6:REGI|s_Q  ; iCLK         ; iCLK        ; 20.000       ; 0.328      ; 19.811     ;
; 0.515 ; IDEX_PipelineRegister:IDEX_REG|register_NBit:REG_Ctrl|dffg:\G_Register_NBit:0:REGI|s_Q ; sw_fetch_unit:F_UNIT_SW|register_NBit:PC_REG|dffg:\G_Register_NBit:9:REGI|s_Q  ; iCLK         ; iCLK        ; 20.000       ; 0.328      ; 19.811     ;
; 0.516 ; IDEX_PipelineRegister:IDEX_REG|register_NBit:REG_rs1|dffg:\G_Register_NBit:0:REGI|s_Q  ; sw_fetch_unit:F_UNIT_SW|register_NBit:PC_REG|dffg:\G_Register_NBit:11:REGI|s_Q ; iCLK         ; iCLK        ; 20.000       ; 0.328      ; 19.810     ;
; 0.516 ; IDEX_PipelineRegister:IDEX_REG|register_NBit:REG_rs1|dffg:\G_Register_NBit:0:REGI|s_Q  ; sw_fetch_unit:F_UNIT_SW|register_NBit:PC_REG|dffg:\G_Register_NBit:10:REGI|s_Q ; iCLK         ; iCLK        ; 20.000       ; 0.328      ; 19.810     ;
; 0.516 ; IDEX_PipelineRegister:IDEX_REG|register_NBit:REG_rs1|dffg:\G_Register_NBit:0:REGI|s_Q  ; sw_fetch_unit:F_UNIT_SW|register_NBit:PC_REG|dffg:\G_Register_NBit:8:REGI|s_Q  ; iCLK         ; iCLK        ; 20.000       ; 0.328      ; 19.810     ;
; 0.516 ; IDEX_PipelineRegister:IDEX_REG|register_NBit:REG_rs1|dffg:\G_Register_NBit:0:REGI|s_Q  ; sw_fetch_unit:F_UNIT_SW|register_NBit:PC_REG|dffg:\G_Register_NBit:7:REGI|s_Q  ; iCLK         ; iCLK        ; 20.000       ; 0.328      ; 19.810     ;
; 0.516 ; IDEX_PipelineRegister:IDEX_REG|register_NBit:REG_rs1|dffg:\G_Register_NBit:0:REGI|s_Q  ; sw_fetch_unit:F_UNIT_SW|register_NBit:PC_REG|dffg:\G_Register_NBit:6:REGI|s_Q  ; iCLK         ; iCLK        ; 20.000       ; 0.328      ; 19.810     ;
; 0.516 ; IDEX_PipelineRegister:IDEX_REG|register_NBit:REG_rs1|dffg:\G_Register_NBit:0:REGI|s_Q  ; sw_fetch_unit:F_UNIT_SW|register_NBit:PC_REG|dffg:\G_Register_NBit:9:REGI|s_Q  ; iCLK         ; iCLK        ; 20.000       ; 0.328      ; 19.810     ;
; 0.524 ; IDEX_PipelineRegister:IDEX_REG|register_NBit:REG_Ctrl|dffg:\G_Register_NBit:0:REGI|s_Q ; sw_fetch_unit:F_UNIT_SW|register_NBit:PC_REG|dffg:\G_Register_NBit:26:REGI|s_Q ; iCLK         ; iCLK        ; 20.000       ; 0.333      ; 19.807     ;
; 0.524 ; IDEX_PipelineRegister:IDEX_REG|register_NBit:REG_Ctrl|dffg:\G_Register_NBit:0:REGI|s_Q ; sw_fetch_unit:F_UNIT_SW|register_NBit:PC_REG|dffg:\G_Register_NBit:28:REGI|s_Q ; iCLK         ; iCLK        ; 20.000       ; 0.333      ; 19.807     ;
; 0.524 ; IDEX_PipelineRegister:IDEX_REG|register_NBit:REG_Ctrl|dffg:\G_Register_NBit:0:REGI|s_Q ; sw_fetch_unit:F_UNIT_SW|register_NBit:PC_REG|dffg:\G_Register_NBit:29:REGI|s_Q ; iCLK         ; iCLK        ; 20.000       ; 0.333      ; 19.807     ;
; 0.524 ; IDEX_PipelineRegister:IDEX_REG|register_NBit:REG_Ctrl|dffg:\G_Register_NBit:0:REGI|s_Q ; sw_fetch_unit:F_UNIT_SW|register_NBit:PC_REG|dffg:\G_Register_NBit:30:REGI|s_Q ; iCLK         ; iCLK        ; 20.000       ; 0.333      ; 19.807     ;
; 0.524 ; IDEX_PipelineRegister:IDEX_REG|register_NBit:REG_Ctrl|dffg:\G_Register_NBit:0:REGI|s_Q ; sw_fetch_unit:F_UNIT_SW|register_NBit:PC_REG|dffg:\G_Register_NBit:31:REGI|s_Q ; iCLK         ; iCLK        ; 20.000       ; 0.333      ; 19.807     ;
; 0.525 ; IDEX_PipelineRegister:IDEX_REG|register_NBit:REG_rs1|dffg:\G_Register_NBit:0:REGI|s_Q  ; sw_fetch_unit:F_UNIT_SW|register_NBit:PC_REG|dffg:\G_Register_NBit:26:REGI|s_Q ; iCLK         ; iCLK        ; 20.000       ; 0.333      ; 19.806     ;
; 0.525 ; IDEX_PipelineRegister:IDEX_REG|register_NBit:REG_rs1|dffg:\G_Register_NBit:0:REGI|s_Q  ; sw_fetch_unit:F_UNIT_SW|register_NBit:PC_REG|dffg:\G_Register_NBit:28:REGI|s_Q ; iCLK         ; iCLK        ; 20.000       ; 0.333      ; 19.806     ;
; 0.525 ; IDEX_PipelineRegister:IDEX_REG|register_NBit:REG_rs1|dffg:\G_Register_NBit:0:REGI|s_Q  ; sw_fetch_unit:F_UNIT_SW|register_NBit:PC_REG|dffg:\G_Register_NBit:29:REGI|s_Q ; iCLK         ; iCLK        ; 20.000       ; 0.333      ; 19.806     ;
; 0.525 ; IDEX_PipelineRegister:IDEX_REG|register_NBit:REG_rs1|dffg:\G_Register_NBit:0:REGI|s_Q  ; sw_fetch_unit:F_UNIT_SW|register_NBit:PC_REG|dffg:\G_Register_NBit:30:REGI|s_Q ; iCLK         ; iCLK        ; 20.000       ; 0.333      ; 19.806     ;
; 0.525 ; IDEX_PipelineRegister:IDEX_REG|register_NBit:REG_rs1|dffg:\G_Register_NBit:0:REGI|s_Q  ; sw_fetch_unit:F_UNIT_SW|register_NBit:PC_REG|dffg:\G_Register_NBit:31:REGI|s_Q ; iCLK         ; iCLK        ; 20.000       ; 0.333      ; 19.806     ;
; 0.550 ; IDEX_PipelineRegister:IDEX_REG|register_NBit:REG_Ctrl|dffg:\G_Register_NBit:2:REGI|s_Q ; sw_fetch_unit:F_UNIT_SW|register_NBit:PC_REG|dffg:\G_Register_NBit:19:REGI|s_Q ; iCLK         ; iCLK        ; 20.000       ; 0.330      ; 19.778     ;
; 0.550 ; IDEX_PipelineRegister:IDEX_REG|register_NBit:REG_Ctrl|dffg:\G_Register_NBit:2:REGI|s_Q ; sw_fetch_unit:F_UNIT_SW|register_NBit:PC_REG|dffg:\G_Register_NBit:18:REGI|s_Q ; iCLK         ; iCLK        ; 20.000       ; 0.330      ; 19.778     ;
; 0.550 ; IDEX_PipelineRegister:IDEX_REG|register_NBit:REG_Ctrl|dffg:\G_Register_NBit:2:REGI|s_Q ; sw_fetch_unit:F_UNIT_SW|register_NBit:PC_REG|dffg:\G_Register_NBit:20:REGI|s_Q ; iCLK         ; iCLK        ; 20.000       ; 0.330      ; 19.778     ;
; 0.578 ; IDEX_PipelineRegister:IDEX_REG|register_NBit:REG_rs1|dffg:\G_Register_NBit:1:REGI|s_Q  ; sw_fetch_unit:F_UNIT_SW|register_NBit:PC_REG|dffg:\G_Register_NBit:2:REGI|s_Q  ; iCLK         ; iCLK        ; 20.000       ; 0.334      ; 19.754     ;
; 0.578 ; IDEX_PipelineRegister:IDEX_REG|register_NBit:REG_rs1|dffg:\G_Register_NBit:1:REGI|s_Q  ; sw_fetch_unit:F_UNIT_SW|register_NBit:PC_REG|dffg:\G_Register_NBit:5:REGI|s_Q  ; iCLK         ; iCLK        ; 20.000       ; 0.334      ; 19.754     ;
; 0.578 ; IDEX_PipelineRegister:IDEX_REG|register_NBit:REG_rs1|dffg:\G_Register_NBit:1:REGI|s_Q  ; sw_fetch_unit:F_UNIT_SW|register_NBit:PC_REG|dffg:\G_Register_NBit:4:REGI|s_Q  ; iCLK         ; iCLK        ; 20.000       ; 0.334      ; 19.754     ;
; 0.578 ; IDEX_PipelineRegister:IDEX_REG|register_NBit:REG_rs1|dffg:\G_Register_NBit:1:REGI|s_Q  ; sw_fetch_unit:F_UNIT_SW|register_NBit:PC_REG|dffg:\G_Register_NBit:3:REGI|s_Q  ; iCLK         ; iCLK        ; 20.000       ; 0.334      ; 19.754     ;
; 0.585 ; IDEX_PipelineRegister:IDEX_REG|register_NBit:REG_Imm|dffg:\G_Register_NBit:0:REGI|s_Q  ; sw_fetch_unit:F_UNIT_SW|register_NBit:PC_REG|dffg:\G_Register_NBit:2:REGI|s_Q  ; iCLK         ; iCLK        ; 20.000       ; 0.332      ; 19.745     ;
; 0.585 ; IDEX_PipelineRegister:IDEX_REG|register_NBit:REG_Imm|dffg:\G_Register_NBit:0:REGI|s_Q  ; sw_fetch_unit:F_UNIT_SW|register_NBit:PC_REG|dffg:\G_Register_NBit:5:REGI|s_Q  ; iCLK         ; iCLK        ; 20.000       ; 0.332      ; 19.745     ;
; 0.585 ; IDEX_PipelineRegister:IDEX_REG|register_NBit:REG_Imm|dffg:\G_Register_NBit:0:REGI|s_Q  ; sw_fetch_unit:F_UNIT_SW|register_NBit:PC_REG|dffg:\G_Register_NBit:4:REGI|s_Q  ; iCLK         ; iCLK        ; 20.000       ; 0.332      ; 19.745     ;
; 0.585 ; IDEX_PipelineRegister:IDEX_REG|register_NBit:REG_Imm|dffg:\G_Register_NBit:0:REGI|s_Q  ; sw_fetch_unit:F_UNIT_SW|register_NBit:PC_REG|dffg:\G_Register_NBit:3:REGI|s_Q  ; iCLK         ; iCLK        ; 20.000       ; 0.332      ; 19.745     ;
; 0.598 ; IDEX_PipelineRegister:IDEX_REG|register_NBit:REG_rs1|dffg:\G_Register_NBit:1:REGI|s_Q  ; sw_fetch_unit:F_UNIT_SW|register_NBit:PC_REG|dffg:\G_Register_NBit:23:REGI|s_Q ; iCLK         ; iCLK        ; 20.000       ; 0.336      ; 19.736     ;
; 0.598 ; IDEX_PipelineRegister:IDEX_REG|register_NBit:REG_rs1|dffg:\G_Register_NBit:1:REGI|s_Q  ; sw_fetch_unit:F_UNIT_SW|register_NBit:PC_REG|dffg:\G_Register_NBit:21:REGI|s_Q ; iCLK         ; iCLK        ; 20.000       ; 0.336      ; 19.736     ;
; 0.598 ; IDEX_PipelineRegister:IDEX_REG|register_NBit:REG_rs1|dffg:\G_Register_NBit:1:REGI|s_Q  ; sw_fetch_unit:F_UNIT_SW|register_NBit:PC_REG|dffg:\G_Register_NBit:25:REGI|s_Q ; iCLK         ; iCLK        ; 20.000       ; 0.336      ; 19.736     ;
; 0.598 ; IDEX_PipelineRegister:IDEX_REG|register_NBit:REG_rs1|dffg:\G_Register_NBit:1:REGI|s_Q  ; sw_fetch_unit:F_UNIT_SW|register_NBit:PC_REG|dffg:\G_Register_NBit:24:REGI|s_Q ; iCLK         ; iCLK        ; 20.000       ; 0.336      ; 19.736     ;
; 0.604 ; IDEX_PipelineRegister:IDEX_REG|register_NBit:REG_rs1|dffg:\G_Register_NBit:1:REGI|s_Q  ; sw_fetch_unit:F_UNIT_SW|register_NBit:PC_REG|dffg:\G_Register_NBit:27:REGI|s_Q ; iCLK         ; iCLK        ; 20.000       ; 0.339      ; 19.733     ;
; 0.604 ; IDEX_PipelineRegister:IDEX_REG|register_NBit:REG_rs2|dffg:\G_Register_NBit:1:REGI|s_Q  ; sw_fetch_unit:F_UNIT_SW|register_NBit:PC_REG|dffg:\G_Register_NBit:19:REGI|s_Q ; iCLK         ; iCLK        ; 20.000       ; 0.330      ; 19.724     ;
; 0.604 ; IDEX_PipelineRegister:IDEX_REG|register_NBit:REG_rs2|dffg:\G_Register_NBit:1:REGI|s_Q  ; sw_fetch_unit:F_UNIT_SW|register_NBit:PC_REG|dffg:\G_Register_NBit:18:REGI|s_Q ; iCLK         ; iCLK        ; 20.000       ; 0.330      ; 19.724     ;
; 0.604 ; IDEX_PipelineRegister:IDEX_REG|register_NBit:REG_rs2|dffg:\G_Register_NBit:1:REGI|s_Q  ; sw_fetch_unit:F_UNIT_SW|register_NBit:PC_REG|dffg:\G_Register_NBit:20:REGI|s_Q ; iCLK         ; iCLK        ; 20.000       ; 0.330      ; 19.724     ;
; 0.605 ; IDEX_PipelineRegister:IDEX_REG|register_NBit:REG_Imm|dffg:\G_Register_NBit:0:REGI|s_Q  ; sw_fetch_unit:F_UNIT_SW|register_NBit:PC_REG|dffg:\G_Register_NBit:23:REGI|s_Q ; iCLK         ; iCLK        ; 20.000       ; 0.334      ; 19.727     ;
+-------+----------------------------------------------------------------------------------------+--------------------------------------------------------------------------------+--------------+-------------+--------------+------------+------------+


+---------------------------------------------------------------------------------------------------------------------------------------------------------------------------------------------------------------------------------------------------------------------------------------------------------------------------------------------------------------------------------------------------------------------------------------------------------------------------+
; Slow 1200mV 85C Model Hold: 'iCLK'                                                                                                                                                                                                                                                                                                                                                                                                                                        ;
+-------+---------------------------------------------------------------------------------------------------------------------------------------------------------------------------------+-----------------------------------------------------------------------------------------------------------------------------------------------------------------------------------------------------------+--------------+-------------+--------------+------------+------------+
; Slack ; From Node                                                                                                                                                                       ; To Node                                                                                                                                                                                                   ; Launch Clock ; Latch Clock ; Relationship ; Clock Skew ; Data Delay ;
+-------+---------------------------------------------------------------------------------------------------------------------------------------------------------------------------------+-----------------------------------------------------------------------------------------------------------------------------------------------------------------------------------------------------------+--------------+-------------+--------------+------------+------------+
; 0.388 ; IFID_PipelineRegister:IFID_REG|register_NBit:REG_PC_Plus4|dffg:\G_Register_NBit:30:REGI|altshift_taps:s_Q_rtl_0|shift_taps_bkm:auto_generated|cntr_4pf:cntr1|counter_reg_bit[0] ; IFID_PipelineRegister:IFID_REG|register_NBit:REG_PC_Plus4|dffg:\G_Register_NBit:30:REGI|altshift_taps:s_Q_rtl_0|shift_taps_bkm:auto_generated|altsyncram_k1b1:altsyncram2|ram_block5a0~porta_address_reg0 ; iCLK         ; iCLK        ; 0.000        ; 0.449      ; 1.059      ;
; 0.388 ; IFID_PipelineRegister:IFID_REG|register_NBit:REG_PC_Plus4|dffg:\G_Register_NBit:30:REGI|altshift_taps:s_Q_rtl_0|shift_taps_bkm:auto_generated|cntr_4pf:cntr1|counter_reg_bit[0] ; IFID_PipelineRegister:IFID_REG|register_NBit:REG_PC_Plus4|dffg:\G_Register_NBit:30:REGI|altshift_taps:s_Q_rtl_0|shift_taps_bkm:auto_generated|altsyncram_k1b1:altsyncram2|ram_block5a0~portb_address_reg0 ; iCLK         ; iCLK        ; 0.000        ; 0.450      ; 1.060      ;
; 0.428 ; EXMEM_PipelineRegister:EXMEM_REG|register_NBit:REG_ALU_Result|dffg:\G_Register_NBit:16:REGI|s_Q                                                                                 ; MEMWB_PipelineRegister:MEMWB_REG|register_NBit:REG_ALU_Result|dffg:\G_Register_NBit:16:REGI|s_Q                                                                                                           ; iCLK         ; iCLK        ; 0.000        ; 0.081      ; 0.695      ;
; 0.429 ; IDEX_PipelineRegister:IDEX_REG|register_NBit:REG_Instr|dffg:\G_Register_NBit:8:REGI|s_Q                                                                                         ; EXMEM_PipelineRegister:EXMEM_REG|register_NBit:REG_rd|dffg:\G_Register_NBit:1:REGI|s_Q                                                                                                                    ; iCLK         ; iCLK        ; 0.000        ; 0.080      ; 0.695      ;
; 0.430 ; EXMEM_PipelineRegister:EXMEM_REG|register_NBit:REG_Ctrl|dffg:\G_Register_NBit:4:REGI|s_Q                                                                                        ; MEMWB_PipelineRegister:MEMWB_REG|register_NBit:REG_Ctrl|dffg:\G_Register_NBit:1:REGI|s_Q                                                                                                                  ; iCLK         ; iCLK        ; 0.000        ; 0.080      ; 0.696      ;
; 0.430 ; EXMEM_PipelineRegister:EXMEM_REG|register_NBit:REG_rd|dffg:\G_Register_NBit:0:REGI|s_Q                                                                                          ; MEMWB_PipelineRegister:MEMWB_REG|register_NBit:REG_rd|dffg:\G_Register_NBit:0:REGI|s_Q                                                                                                                    ; iCLK         ; iCLK        ; 0.000        ; 0.080      ; 0.696      ;
; 0.431 ; IDEX_PipelineRegister:IDEX_REG|register_NBit:REG_Instr|dffg:\G_Register_NBit:10:REGI|s_Q                                                                                        ; EXMEM_PipelineRegister:EXMEM_REG|register_NBit:REG_rd|dffg:\G_Register_NBit:3:REGI|s_Q                                                                                                                    ; iCLK         ; iCLK        ; 0.000        ; 0.080      ; 0.697      ;
; 0.433 ; IDEX_PipelineRegister:IDEX_REG|register_NBit:REG_Instr|dffg:\G_Register_NBit:9:REGI|s_Q                                                                                         ; EXMEM_PipelineRegister:EXMEM_REG|register_NBit:REG_rd|dffg:\G_Register_NBit:2:REGI|s_Q                                                                                                                    ; iCLK         ; iCLK        ; 0.000        ; 0.080      ; 0.699      ;
; 0.438 ; IDEX_PipelineRegister:IDEX_REG|register_NBit:REG_rs2|dffg:\G_Register_NBit:11:REGI|s_Q                                                                                          ; EXMEM_PipelineRegister:EXMEM_REG|register_NBit:REG_rs2|dffg:\G_Register_NBit:11:REGI|s_Q                                                                                                                  ; iCLK         ; iCLK        ; 0.000        ; 0.080      ; 0.704      ;
; 0.439 ; IDEX_PipelineRegister:IDEX_REG|register_NBit:REG_rs2|dffg:\G_Register_NBit:14:REGI|s_Q                                                                                          ; EXMEM_PipelineRegister:EXMEM_REG|register_NBit:REG_rs2|dffg:\G_Register_NBit:14:REGI|s_Q                                                                                                                  ; iCLK         ; iCLK        ; 0.000        ; 0.079      ; 0.704      ;
; 0.439 ; IDEX_PipelineRegister:IDEX_REG|register_NBit:REG_rs2|dffg:\G_Register_NBit:10:REGI|s_Q                                                                                          ; EXMEM_PipelineRegister:EXMEM_REG|register_NBit:REG_rs2|dffg:\G_Register_NBit:10:REGI|s_Q                                                                                                                  ; iCLK         ; iCLK        ; 0.000        ; 0.080      ; 0.705      ;
; 0.446 ; IDEX_PipelineRegister:IDEX_REG|register_NBit:REG_rs2|dffg:\G_Register_NBit:21:REGI|s_Q                                                                                          ; EXMEM_PipelineRegister:EXMEM_REG|register_NBit:REG_rs2|dffg:\G_Register_NBit:21:REGI|s_Q                                                                                                                  ; iCLK         ; iCLK        ; 0.000        ; 0.081      ; 0.713      ;
; 0.446 ; IDEX_PipelineRegister:IDEX_REG|register_NBit:REG_rs2|dffg:\G_Register_NBit:24:REGI|s_Q                                                                                          ; EXMEM_PipelineRegister:EXMEM_REG|register_NBit:REG_rs2|dffg:\G_Register_NBit:24:REGI|s_Q                                                                                                                  ; iCLK         ; iCLK        ; 0.000        ; 0.079      ; 0.711      ;
; 0.451 ; IDEX_PipelineRegister:IDEX_REG|register_NBit:REG_rs2|dffg:\G_Register_NBit:27:REGI|s_Q                                                                                          ; EXMEM_PipelineRegister:EXMEM_REG|register_NBit:REG_rs2|dffg:\G_Register_NBit:27:REGI|s_Q                                                                                                                  ; iCLK         ; iCLK        ; 0.000        ; 0.081      ; 0.718      ;
; 0.452 ; IDEX_PipelineRegister:IDEX_REG|register_NBit:REG_rs2|dffg:\G_Register_NBit:15:REGI|s_Q                                                                                          ; EXMEM_PipelineRegister:EXMEM_REG|register_NBit:REG_rs2|dffg:\G_Register_NBit:15:REGI|s_Q                                                                                                                  ; iCLK         ; iCLK        ; 0.000        ; 0.080      ; 0.718      ;
; 0.452 ; IDEX_PipelineRegister:IDEX_REG|register_NBit:REG_rs2|dffg:\G_Register_NBit:5:REGI|s_Q                                                                                           ; EXMEM_PipelineRegister:EXMEM_REG|register_NBit:REG_rs2|dffg:\G_Register_NBit:5:REGI|s_Q                                                                                                                   ; iCLK         ; iCLK        ; 0.000        ; 0.081      ; 0.719      ;
; 0.452 ; IDEX_PipelineRegister:IDEX_REG|register_NBit:REG_Ctrl|dffg:\G_Register_NBit:10:REGI|s_Q                                                                                         ; EXMEM_PipelineRegister:EXMEM_REG|register_NBit:REG_Ctrl|dffg:\G_Register_NBit:4:REGI|s_Q                                                                                                                  ; iCLK         ; iCLK        ; 0.000        ; 0.080      ; 0.718      ;
; 0.453 ; IDEX_PipelineRegister:IDEX_REG|register_NBit:REG_rs2|dffg:\G_Register_NBit:25:REGI|s_Q                                                                                          ; EXMEM_PipelineRegister:EXMEM_REG|register_NBit:REG_rs2|dffg:\G_Register_NBit:25:REGI|s_Q                                                                                                                  ; iCLK         ; iCLK        ; 0.000        ; 0.080      ; 0.719      ;
; 0.453 ; IDEX_PipelineRegister:IDEX_REG|register_NBit:REG_rs2|dffg:\G_Register_NBit:17:REGI|s_Q                                                                                          ; EXMEM_PipelineRegister:EXMEM_REG|register_NBit:REG_rs2|dffg:\G_Register_NBit:17:REGI|s_Q                                                                                                                  ; iCLK         ; iCLK        ; 0.000        ; 0.080      ; 0.719      ;
; 0.453 ; IDEX_PipelineRegister:IDEX_REG|register_NBit:REG_rs2|dffg:\G_Register_NBit:19:REGI|s_Q                                                                                          ; EXMEM_PipelineRegister:EXMEM_REG|register_NBit:REG_rs2|dffg:\G_Register_NBit:19:REGI|s_Q                                                                                                                  ; iCLK         ; iCLK        ; 0.000        ; 0.079      ; 0.718      ;
; 0.453 ; IDEX_PipelineRegister:IDEX_REG|register_NBit:REG_rs2|dffg:\G_Register_NBit:31:REGI|s_Q                                                                                          ; EXMEM_PipelineRegister:EXMEM_REG|register_NBit:REG_rs2|dffg:\G_Register_NBit:31:REGI|s_Q                                                                                                                  ; iCLK         ; iCLK        ; 0.000        ; 0.079      ; 0.718      ;
; 0.461 ; IDEX_PipelineRegister:IDEX_REG|register_NBit:REG_rs2|dffg:\G_Register_NBit:4:REGI|s_Q                                                                                           ; EXMEM_PipelineRegister:EXMEM_REG|register_NBit:REG_rs2|dffg:\G_Register_NBit:4:REGI|s_Q                                                                                                                   ; iCLK         ; iCLK        ; 0.000        ; 0.079      ; 0.726      ;
; 0.501 ; EXMEM_PipelineRegister:EXMEM_REG|register_NBit:REG_Instr|dffg:\G_Register_NBit:14:REGI|s_Q                                                                                      ; MEMWB_PipelineRegister:MEMWB_REG|register_NBit:REG_DMemOut|dffg:\G_Register_NBit:12:REGI|s_Q                                                                                                              ; iCLK         ; iCLK        ; 0.000        ; 0.078      ; 0.765      ;
; 0.589 ; IFID_PipelineRegister:IFID_REG|register_NBit:REG_PC|dffg:\G_Register_NBit:24:REGI|s_Q                                                                                           ; IDEX_PipelineRegister:IDEX_REG|register_NBit:REG_PC|dffg:\G_Register_NBit:24:REGI|s_Q                                                                                                                     ; iCLK         ; iCLK        ; 0.000        ; 0.080      ; 0.855      ;
; 0.590 ; EXMEM_PipelineRegister:EXMEM_REG|register_NBit:REG_ALU_Result|dffg:\G_Register_NBit:15:REGI|s_Q                                                                                 ; MEMWB_PipelineRegister:MEMWB_REG|register_NBit:REG_ALU_Result|dffg:\G_Register_NBit:15:REGI|s_Q                                                                                                           ; iCLK         ; iCLK        ; 0.000        ; 0.080      ; 0.856      ;
; 0.593 ; EXMEM_PipelineRegister:EXMEM_REG|register_NBit:REG_ALU_Result|dffg:\G_Register_NBit:14:REGI|s_Q                                                                                 ; MEMWB_PipelineRegister:MEMWB_REG|register_NBit:REG_ALU_Result|dffg:\G_Register_NBit:14:REGI|s_Q                                                                                                           ; iCLK         ; iCLK        ; 0.000        ; 0.077      ; 0.856      ;
; 0.595 ; EXMEM_PipelineRegister:EXMEM_REG|register_NBit:REG_ALU_Result|dffg:\G_Register_NBit:20:REGI|s_Q                                                                                 ; MEMWB_PipelineRegister:MEMWB_REG|register_NBit:REG_ALU_Result|dffg:\G_Register_NBit:20:REGI|s_Q                                                                                                           ; iCLK         ; iCLK        ; 0.000        ; 0.079      ; 0.860      ;
; 0.597 ; IDEX_PipelineRegister:IDEX_REG|register_NBit:REG_Ctrl|dffg:\G_Register_NBit:7:REGI|s_Q                                                                                          ; EXMEM_PipelineRegister:EXMEM_REG|register_NBit:REG_Ctrl|dffg:\G_Register_NBit:5:REGI|s_Q                                                                                                                  ; iCLK         ; iCLK        ; 0.000        ; 0.078      ; 0.861      ;
; 0.598 ; EXMEM_PipelineRegister:EXMEM_REG|register_NBit:REG_Instr|dffg:\G_Register_NBit:13:REGI|s_Q                                                                                      ; MEMWB_PipelineRegister:MEMWB_REG|register_NBit:REG_DMemOut|dffg:\G_Register_NBit:28:REGI|s_Q                                                                                                              ; iCLK         ; iCLK        ; 0.000        ; 0.078      ; 0.862      ;
; 0.598 ; IFID_PipelineRegister:IFID_REG|register_NBit:REG_PC|dffg:\G_Register_NBit:29:REGI|s_Q                                                                                           ; IDEX_PipelineRegister:IDEX_REG|register_NBit:REG_PC|dffg:\G_Register_NBit:29:REGI|s_Q                                                                                                                     ; iCLK         ; iCLK        ; 0.000        ; 0.081      ; 0.865      ;
; 0.600 ; IFID_PipelineRegister:IFID_REG|register_NBit:REG_PC|dffg:\G_Register_NBit:26:REGI|s_Q                                                                                           ; IDEX_PipelineRegister:IDEX_REG|register_NBit:REG_PC|dffg:\G_Register_NBit:26:REGI|s_Q                                                                                                                     ; iCLK         ; iCLK        ; 0.000        ; 0.080      ; 0.866      ;
; 0.600 ; IFID_PipelineRegister:IFID_REG|register_NBit:REG_PC|dffg:\G_Register_NBit:10:REGI|s_Q                                                                                           ; IDEX_PipelineRegister:IDEX_REG|register_NBit:REG_PC|dffg:\G_Register_NBit:10:REGI|s_Q                                                                                                                     ; iCLK         ; iCLK        ; 0.000        ; 0.080      ; 0.866      ;
; 0.600 ; IFID_PipelineRegister:IFID_REG|register_NBit:REG_PC|dffg:\G_Register_NBit:12:REGI|s_Q                                                                                           ; IDEX_PipelineRegister:IDEX_REG|register_NBit:REG_PC|dffg:\G_Register_NBit:12:REGI|s_Q                                                                                                                     ; iCLK         ; iCLK        ; 0.000        ; 0.080      ; 0.866      ;
; 0.600 ; IDEX_PipelineRegister:IDEX_REG|register_NBit:REG_Ctrl|dffg:\G_Register_NBit:5:REGI|s_Q                                                                                          ; EXMEM_PipelineRegister:EXMEM_REG|register_NBit:REG_Ctrl|dffg:\G_Register_NBit:3:REGI|s_Q                                                                                                                  ; iCLK         ; iCLK        ; 0.000        ; 0.081      ; 0.867      ;
; 0.600 ; EXMEM_PipelineRegister:EXMEM_REG|register_NBit:REG_rd|dffg:\G_Register_NBit:4:REGI|s_Q                                                                                          ; MEMWB_PipelineRegister:MEMWB_REG|register_NBit:REG_rd|dffg:\G_Register_NBit:4:REGI|s_Q                                                                                                                    ; iCLK         ; iCLK        ; 0.000        ; 0.080      ; 0.866      ;
; 0.601 ; EXMEM_PipelineRegister:EXMEM_REG|register_NBit:REG_Instr|dffg:\G_Register_NBit:13:REGI|s_Q                                                                                      ; MEMWB_PipelineRegister:MEMWB_REG|register_NBit:REG_DMemOut|dffg:\G_Register_NBit:23:REGI|s_Q                                                                                                              ; iCLK         ; iCLK        ; 0.000        ; 0.078      ; 0.865      ;
; 0.601 ; IDEX_PipelineRegister:IDEX_REG|register_NBit:REG_rs2|dffg:\G_Register_NBit:13:REGI|s_Q                                                                                          ; EXMEM_PipelineRegister:EXMEM_REG|register_NBit:REG_rs2|dffg:\G_Register_NBit:13:REGI|s_Q                                                                                                                  ; iCLK         ; iCLK        ; 0.000        ; 0.080      ; 0.867      ;
; 0.601 ; IFID_PipelineRegister:IFID_REG|register_NBit:REG_PC|dffg:\G_Register_NBit:30:REGI|s_Q                                                                                           ; IDEX_PipelineRegister:IDEX_REG|register_NBit:REG_PC|dffg:\G_Register_NBit:30:REGI|s_Q                                                                                                                     ; iCLK         ; iCLK        ; 0.000        ; 0.081      ; 0.868      ;
; 0.602 ; EXMEM_PipelineRegister:EXMEM_REG|register_NBit:REG_Instr|dffg:\G_Register_NBit:13:REGI|s_Q                                                                                      ; MEMWB_PipelineRegister:MEMWB_REG|register_NBit:REG_DMemOut|dffg:\G_Register_NBit:27:REGI|s_Q                                                                                                              ; iCLK         ; iCLK        ; 0.000        ; 0.078      ; 0.866      ;
; 0.602 ; IDEX_PipelineRegister:IDEX_REG|register_NBit:REG_rs2|dffg:\G_Register_NBit:20:REGI|s_Q                                                                                          ; EXMEM_PipelineRegister:EXMEM_REG|register_NBit:REG_rs2|dffg:\G_Register_NBit:20:REGI|s_Q                                                                                                                  ; iCLK         ; iCLK        ; 0.000        ; 0.081      ; 0.869      ;
; 0.602 ; IFID_PipelineRegister:IFID_REG|register_NBit:REG_PC|dffg:\G_Register_NBit:13:REGI|s_Q                                                                                           ; IDEX_PipelineRegister:IDEX_REG|register_NBit:REG_PC|dffg:\G_Register_NBit:13:REGI|s_Q                                                                                                                     ; iCLK         ; iCLK        ; 0.000        ; 0.080      ; 0.868      ;
; 0.602 ; IDEX_PipelineRegister:IDEX_REG|register_NBit:REG_Instr|dffg:\G_Register_NBit:11:REGI|s_Q                                                                                        ; EXMEM_PipelineRegister:EXMEM_REG|register_NBit:REG_rd|dffg:\G_Register_NBit:4:REGI|s_Q                                                                                                                    ; iCLK         ; iCLK        ; 0.000        ; 0.080      ; 0.868      ;
; 0.603 ; EXMEM_PipelineRegister:EXMEM_REG|register_NBit:REG_rd|dffg:\G_Register_NBit:3:REGI|s_Q                                                                                          ; MEMWB_PipelineRegister:MEMWB_REG|register_NBit:REG_rd|dffg:\G_Register_NBit:3:REGI|s_Q                                                                                                                    ; iCLK         ; iCLK        ; 0.000        ; 0.080      ; 0.869      ;
; 0.603 ; EXMEM_PipelineRegister:EXMEM_REG|register_NBit:REG_rd|dffg:\G_Register_NBit:2:REGI|s_Q                                                                                          ; MEMWB_PipelineRegister:MEMWB_REG|register_NBit:REG_rd|dffg:\G_Register_NBit:2:REGI|s_Q                                                                                                                    ; iCLK         ; iCLK        ; 0.000        ; 0.080      ; 0.869      ;
; 0.607 ; IDEX_PipelineRegister:IDEX_REG|register_NBit:REG_rs2|dffg:\G_Register_NBit:6:REGI|s_Q                                                                                           ; EXMEM_PipelineRegister:EXMEM_REG|register_NBit:REG_rs2|dffg:\G_Register_NBit:6:REGI|s_Q                                                                                                                   ; iCLK         ; iCLK        ; 0.000        ; 0.080      ; 0.873      ;
; 0.613 ; IDEX_PipelineRegister:IDEX_REG|register_NBit:REG_rs2|dffg:\G_Register_NBit:23:REGI|s_Q                                                                                          ; EXMEM_PipelineRegister:EXMEM_REG|register_NBit:REG_rs2|dffg:\G_Register_NBit:23:REGI|s_Q                                                                                                                  ; iCLK         ; iCLK        ; 0.000        ; 0.082      ; 0.881      ;
; 0.615 ; IFID_PipelineRegister:IFID_REG|register_NBit:REG_PC|dffg:\G_Register_NBit:31:REGI|s_Q                                                                                           ; IDEX_PipelineRegister:IDEX_REG|register_NBit:REG_PC|dffg:\G_Register_NBit:31:REGI|s_Q                                                                                                                     ; iCLK         ; iCLK        ; 0.000        ; 0.081      ; 0.882      ;
; 0.615 ; IDEX_PipelineRegister:IDEX_REG|register_NBit:REG_Instr|dffg:\G_Register_NBit:7:REGI|s_Q                                                                                         ; EXMEM_PipelineRegister:EXMEM_REG|register_NBit:REG_rd|dffg:\G_Register_NBit:0:REGI|s_Q                                                                                                                    ; iCLK         ; iCLK        ; 0.000        ; 0.078      ; 0.879      ;
; 0.615 ; EXMEM_PipelineRegister:EXMEM_REG|register_NBit:REG_Ctrl|dffg:\G_Register_NBit:5:REGI|s_Q                                                                                        ; MEMWB_PipelineRegister:MEMWB_REG|register_NBit:REG_Ctrl|dffg:\G_Register_NBit:2:REGI|s_Q                                                                                                                  ; iCLK         ; iCLK        ; 0.000        ; 0.078      ; 0.879      ;
; 0.622 ; IDEX_PipelineRegister:IDEX_REG|register_NBit:REG_rs2|dffg:\G_Register_NBit:22:REGI|s_Q                                                                                          ; EXMEM_PipelineRegister:EXMEM_REG|register_NBit:REG_rs2|dffg:\G_Register_NBit:22:REGI|s_Q                                                                                                                  ; iCLK         ; iCLK        ; 0.000        ; 0.080      ; 0.888      ;
; 0.622 ; IDEX_PipelineRegister:IDEX_REG|register_NBit:REG_rs2|dffg:\G_Register_NBit:18:REGI|s_Q                                                                                          ; EXMEM_PipelineRegister:EXMEM_REG|register_NBit:REG_rs2|dffg:\G_Register_NBit:18:REGI|s_Q                                                                                                                  ; iCLK         ; iCLK        ; 0.000        ; 0.080      ; 0.888      ;
; 0.631 ; IDEX_PipelineRegister:IDEX_REG|register_NBit:REG_rs2|dffg:\G_Register_NBit:1:REGI|s_Q                                                                                           ; EXMEM_PipelineRegister:EXMEM_REG|register_NBit:REG_rs2|dffg:\G_Register_NBit:1:REGI|s_Q                                                                                                                   ; iCLK         ; iCLK        ; 0.000        ; 0.080      ; 0.897      ;
; 0.635 ; IDEX_PipelineRegister:IDEX_REG|register_NBit:REG_PC|dffg:\G_Register_NBit:29:REGI|s_Q                                                                                           ; sw_fetch_unit:F_UNIT_SW|register_NBit:PC_REG|dffg:\G_Register_NBit:29:REGI|s_Q                                                                                                                            ; iCLK         ; iCLK        ; 0.000        ; 0.483      ; 1.304      ;
; 0.635 ; IFID_PipelineRegister:IFID_REG|register_NBit:REG_PC_Plus4|dffg:\G_Register_NBit:30:REGI|altshift_taps:s_Q_rtl_0|shift_taps_bkm:auto_generated|cntr_r8h:cntr3|counter_reg_bit[1] ; IFID_PipelineRegister:IFID_REG|register_NBit:REG_PC_Plus4|dffg:\G_Register_NBit:30:REGI|altshift_taps:s_Q_rtl_0|shift_taps_bkm:auto_generated|cntr_r8h:cntr3|counter_reg_bit[1]                           ; iCLK         ; iCLK        ; 0.000        ; 0.080      ; 0.901      ;
; 0.663 ; IFID_PipelineRegister:IFID_REG|register_NBit:REG_PC_Plus4|dffg:\G_Register_NBit:30:REGI|altshift_taps:s_Q_rtl_0|shift_taps_bkm:auto_generated|cntr_r8h:cntr3|counter_reg_bit[0] ; IFID_PipelineRegister:IFID_REG|register_NBit:REG_PC_Plus4|dffg:\G_Register_NBit:30:REGI|altshift_taps:s_Q_rtl_0|shift_taps_bkm:auto_generated|cntr_r8h:cntr3|counter_reg_bit[0]                           ; iCLK         ; iCLK        ; 0.000        ; 0.080      ; 0.929      ;
; 0.687 ; IFID_PipelineRegister:IFID_REG|register_NBit:REG_PC_Plus4|dffg:\G_Register_NBit:30:REGI|altshift_taps:s_Q_rtl_0|shift_taps_bkm:auto_generated|cntr_4pf:cntr1|counter_reg_bit[0] ; IFID_PipelineRegister:IFID_REG|register_NBit:REG_PC_Plus4|dffg:\G_Register_NBit:30:REGI|altshift_taps:s_Q_rtl_0|shift_taps_bkm:auto_generated|cntr_4pf:cntr1|counter_reg_bit[0]                           ; iCLK         ; iCLK        ; 0.000        ; 0.080      ; 0.953      ;
; 0.691 ; EXMEM_PipelineRegister:EXMEM_REG|register_NBit:REG_Instr|dffg:\G_Register_NBit:13:REGI|s_Q                                                                                      ; MEMWB_PipelineRegister:MEMWB_REG|register_NBit:REG_DMemOut|dffg:\G_Register_NBit:26:REGI|s_Q                                                                                                              ; iCLK         ; iCLK        ; 0.000        ; 0.078      ; 0.955      ;
; 0.733 ; IDEX_PipelineRegister:IDEX_REG|register_NBit:REG_PC_Plus4|dffg:\G_Register_NBit:0:REGI|s_Q                                                                                      ; sw_fetch_unit:F_UNIT_SW|register_NBit:PC_REG|dffg:\G_Register_NBit:0:REGI|s_Q                                                                                                                             ; iCLK         ; iCLK        ; 0.000        ; 0.524      ; 1.443      ;
; 0.741 ; EXMEM_PipelineRegister:EXMEM_REG|register_NBit:REG_Instr|dffg:\G_Register_NBit:14:REGI|s_Q                                                                                      ; MEMWB_PipelineRegister:MEMWB_REG|register_NBit:REG_DMemOut|dffg:\G_Register_NBit:26:REGI|s_Q                                                                                                              ; iCLK         ; iCLK        ; 0.000        ; 0.078      ; 1.005      ;
; 0.743 ; EXMEM_PipelineRegister:EXMEM_REG|register_NBit:REG_Instr|dffg:\G_Register_NBit:14:REGI|s_Q                                                                                      ; MEMWB_PipelineRegister:MEMWB_REG|register_NBit:REG_DMemOut|dffg:\G_Register_NBit:27:REGI|s_Q                                                                                                              ; iCLK         ; iCLK        ; 0.000        ; 0.078      ; 1.007      ;
; 0.744 ; EXMEM_PipelineRegister:EXMEM_REG|register_NBit:REG_Instr|dffg:\G_Register_NBit:14:REGI|s_Q                                                                                      ; MEMWB_PipelineRegister:MEMWB_REG|register_NBit:REG_DMemOut|dffg:\G_Register_NBit:23:REGI|s_Q                                                                                                              ; iCLK         ; iCLK        ; 0.000        ; 0.078      ; 1.008      ;
; 0.748 ; EXMEM_PipelineRegister:EXMEM_REG|register_NBit:REG_Instr|dffg:\G_Register_NBit:14:REGI|s_Q                                                                                      ; MEMWB_PipelineRegister:MEMWB_REG|register_NBit:REG_DMemOut|dffg:\G_Register_NBit:28:REGI|s_Q                                                                                                              ; iCLK         ; iCLK        ; 0.000        ; 0.078      ; 1.012      ;
; 0.763 ; MEMWB_PipelineRegister:MEMWB_REG|register_NBit:REG_ALU_Result|dffg:\G_Register_NBit:1:REGI|s_Q                                                                                  ; register_file:REG_FILE|register_NBit:\G_32bitRegisters:31:THIRTYTWOREGI|dffg:\G_Register_NBit:1:REGI|s_Q                                                                                                  ; iCLK         ; iCLK        ; 0.000        ; 0.080      ; 1.029      ;
; 0.763 ; EXMEM_PipelineRegister:EXMEM_REG|register_NBit:REG_ALU_Result|dffg:\G_Register_NBit:19:REGI|s_Q                                                                                 ; MEMWB_PipelineRegister:MEMWB_REG|register_NBit:REG_ALU_Result|dffg:\G_Register_NBit:19:REGI|s_Q                                                                                                           ; iCLK         ; iCLK        ; 0.000        ; 0.077      ; 1.026      ;
; 0.764 ; MEMWB_PipelineRegister:MEMWB_REG|register_NBit:REG_ALU_Result|dffg:\G_Register_NBit:28:REGI|s_Q                                                                                 ; register_file:REG_FILE|register_NBit:\G_32bitRegisters:31:THIRTYTWOREGI|dffg:\G_Register_NBit:28:REGI|s_Q                                                                                                 ; iCLK         ; iCLK        ; 0.000        ; 0.080      ; 1.030      ;
; 0.771 ; IFID_PipelineRegister:IFID_REG|register_NBit:REG_PC|dffg:\G_Register_NBit:22:REGI|s_Q                                                                                           ; IDEX_PipelineRegister:IDEX_REG|register_NBit:REG_PC|dffg:\G_Register_NBit:22:REGI|s_Q                                                                                                                     ; iCLK         ; iCLK        ; 0.000        ; 0.079      ; 1.036      ;
; 0.780 ; IDEX_PipelineRegister:IDEX_REG|register_NBit:REG_Imm|dffg:\G_Register_NBit:30:REGI|s_Q                                                                                          ; sw_fetch_unit:F_UNIT_SW|register_NBit:PC_REG|dffg:\G_Register_NBit:31:REGI|s_Q                                                                                                                            ; iCLK         ; iCLK        ; 0.000        ; 0.485      ; 1.451      ;
; 0.785 ; IDEX_PipelineRegister:IDEX_REG|register_NBit:REG_PC|dffg:\G_Register_NBit:30:REGI|s_Q                                                                                           ; sw_fetch_unit:F_UNIT_SW|register_NBit:PC_REG|dffg:\G_Register_NBit:30:REGI|s_Q                                                                                                                            ; iCLK         ; iCLK        ; 0.000        ; 0.483      ; 1.454      ;
; 0.794 ; EXMEM_PipelineRegister:EXMEM_REG|register_NBit:REG_Instr|dffg:\G_Register_NBit:12:REGI|s_Q                                                                                      ; MEMWB_PipelineRegister:MEMWB_REG|register_NBit:REG_DMemOut|dffg:\G_Register_NBit:28:REGI|s_Q                                                                                                              ; iCLK         ; iCLK        ; 0.000        ; 0.078      ; 1.058      ;
; 0.797 ; EXMEM_PipelineRegister:EXMEM_REG|register_NBit:REG_Instr|dffg:\G_Register_NBit:12:REGI|s_Q                                                                                      ; MEMWB_PipelineRegister:MEMWB_REG|register_NBit:REG_DMemOut|dffg:\G_Register_NBit:23:REGI|s_Q                                                                                                              ; iCLK         ; iCLK        ; 0.000        ; 0.078      ; 1.061      ;
; 0.797 ; EXMEM_PipelineRegister:EXMEM_REG|register_NBit:REG_Instr|dffg:\G_Register_NBit:12:REGI|s_Q                                                                                      ; MEMWB_PipelineRegister:MEMWB_REG|register_NBit:REG_DMemOut|dffg:\G_Register_NBit:27:REGI|s_Q                                                                                                              ; iCLK         ; iCLK        ; 0.000        ; 0.078      ; 1.061      ;
; 0.799 ; EXMEM_PipelineRegister:EXMEM_REG|register_NBit:REG_Instr|dffg:\G_Register_NBit:12:REGI|s_Q                                                                                      ; MEMWB_PipelineRegister:MEMWB_REG|register_NBit:REG_DMemOut|dffg:\G_Register_NBit:26:REGI|s_Q                                                                                                              ; iCLK         ; iCLK        ; 0.000        ; 0.078      ; 1.063      ;
; 0.830 ; sw_fetch_unit:F_UNIT_SW|register_NBit:PC_REG|dffg:\G_Register_NBit:20:REGI|s_Q                                                                                                  ; IFID_PipelineRegister:IFID_REG|register_NBit:REG_PC|dffg:\G_Register_NBit:20:REGI|s_Q                                                                                                                     ; iCLK         ; iCLK        ; 0.000        ; -0.305     ; 0.711      ;
; 0.831 ; sw_fetch_unit:F_UNIT_SW|register_NBit:PC_REG|dffg:\G_Register_NBit:17:REGI|s_Q                                                                                                  ; IFID_PipelineRegister:IFID_REG|register_NBit:REG_PC|dffg:\G_Register_NBit:17:REGI|s_Q                                                                                                                     ; iCLK         ; iCLK        ; 0.000        ; -0.305     ; 0.712      ;
; 0.839 ; sw_fetch_unit:F_UNIT_SW|register_NBit:PC_REG|dffg:\G_Register_NBit:25:REGI|s_Q                                                                                                  ; IFID_PipelineRegister:IFID_REG|register_NBit:REG_PC|dffg:\G_Register_NBit:25:REGI|s_Q                                                                                                                     ; iCLK         ; iCLK        ; 0.000        ; -0.305     ; 0.720      ;
; 0.845 ; sw_fetch_unit:F_UNIT_SW|register_NBit:PC_REG|dffg:\G_Register_NBit:24:REGI|s_Q                                                                                                  ; IFID_PipelineRegister:IFID_REG|register_NBit:REG_PC|dffg:\G_Register_NBit:24:REGI|s_Q                                                                                                                     ; iCLK         ; iCLK        ; 0.000        ; -0.305     ; 0.726      ;
; 0.846 ; sw_fetch_unit:F_UNIT_SW|register_NBit:PC_REG|dffg:\G_Register_NBit:21:REGI|s_Q                                                                                                  ; IFID_PipelineRegister:IFID_REG|register_NBit:REG_PC|dffg:\G_Register_NBit:21:REGI|s_Q                                                                                                                     ; iCLK         ; iCLK        ; 0.000        ; -0.305     ; 0.727      ;
; 0.850 ; IFID_PipelineRegister:IFID_REG|register_NBit:REG_PC|dffg:\G_Register_NBit:16:REGI|s_Q                                                                                           ; IDEX_PipelineRegister:IDEX_REG|register_NBit:REG_PC|dffg:\G_Register_NBit:16:REGI|s_Q                                                                                                                     ; iCLK         ; iCLK        ; 0.000        ; 0.080      ; 1.116      ;
; 0.851 ; sw_fetch_unit:F_UNIT_SW|register_NBit:PC_REG|dffg:\G_Register_NBit:5:REGI|s_Q                                                                                                   ; IFID_PipelineRegister:IFID_REG|register_NBit:REG_PC|dffg:\G_Register_NBit:5:REGI|s_Q                                                                                                                      ; iCLK         ; iCLK        ; 0.000        ; -0.305     ; 0.732      ;
; 0.853 ; IDEX_PipelineRegister:IDEX_REG|register_NBit:REG_rs2|dffg:\G_Register_NBit:9:REGI|s_Q                                                                                           ; EXMEM_PipelineRegister:EXMEM_REG|register_NBit:REG_rs2|dffg:\G_Register_NBit:9:REGI|s_Q                                                                                                                   ; iCLK         ; iCLK        ; 0.000        ; -0.337     ; 0.702      ;
; 0.853 ; IDEX_PipelineRegister:IDEX_REG|register_NBit:REG_rs2|dffg:\G_Register_NBit:8:REGI|s_Q                                                                                           ; EXMEM_PipelineRegister:EXMEM_REG|register_NBit:REG_rs2|dffg:\G_Register_NBit:8:REGI|s_Q                                                                                                                   ; iCLK         ; iCLK        ; 0.000        ; -0.337     ; 0.702      ;
; 0.854 ; IDEX_PipelineRegister:IDEX_REG|register_NBit:REG_rs2|dffg:\G_Register_NBit:7:REGI|s_Q                                                                                           ; EXMEM_PipelineRegister:EXMEM_REG|register_NBit:REG_rs2|dffg:\G_Register_NBit:7:REGI|s_Q                                                                                                                   ; iCLK         ; iCLK        ; 0.000        ; -0.337     ; 0.703      ;
; 0.855 ; IDEX_PipelineRegister:IDEX_REG|register_NBit:REG_rs2|dffg:\G_Register_NBit:16:REGI|s_Q                                                                                          ; EXMEM_PipelineRegister:EXMEM_REG|register_NBit:REG_rs2|dffg:\G_Register_NBit:16:REGI|s_Q                                                                                                                  ; iCLK         ; iCLK        ; 0.000        ; 0.079      ; 1.120      ;
; 0.869 ; sw_fetch_unit:F_UNIT_SW|register_NBit:PC_REG|dffg:\G_Register_NBit:3:REGI|s_Q                                                                                                   ; IFID_PipelineRegister:IFID_REG|register_NBit:REG_PC|dffg:\G_Register_NBit:3:REGI|s_Q                                                                                                                      ; iCLK         ; iCLK        ; 0.000        ; -0.305     ; 0.750      ;
; 0.874 ; sw_fetch_unit:F_UNIT_SW|register_NBit:PC_REG|dffg:\G_Register_NBit:2:REGI|s_Q                                                                                                   ; IFID_PipelineRegister:IFID_REG|register_NBit:REG_PC|dffg:\G_Register_NBit:2:REGI|s_Q                                                                                                                      ; iCLK         ; iCLK        ; 0.000        ; -0.305     ; 0.755      ;
; 0.895 ; IDEX_PipelineRegister:IDEX_REG|register_NBit:REG_rs2|dffg:\G_Register_NBit:29:REGI|s_Q                                                                                          ; EXMEM_PipelineRegister:EXMEM_REG|register_NBit:REG_rs2|dffg:\G_Register_NBit:29:REGI|s_Q                                                                                                                  ; iCLK         ; iCLK        ; 0.000        ; 0.096      ; 1.177      ;
; 0.900 ; MEMWB_PipelineRegister:MEMWB_REG|register_NBit:REG_ALU_Result|dffg:\G_Register_NBit:23:REGI|s_Q                                                                                 ; register_file:REG_FILE|register_NBit:\G_32bitRegisters:31:THIRTYTWOREGI|dffg:\G_Register_NBit:23:REGI|s_Q                                                                                                 ; iCLK         ; iCLK        ; 0.000        ; 0.080      ; 1.166      ;
; 0.916 ; IDEX_PipelineRegister:IDEX_REG|register_NBit:REG_rs2|dffg:\G_Register_NBit:3:REGI|s_Q                                                                                           ; EXMEM_PipelineRegister:EXMEM_REG|register_NBit:REG_rs2|dffg:\G_Register_NBit:3:REGI|s_Q                                                                                                                   ; iCLK         ; iCLK        ; 0.000        ; -0.365     ; 0.737      ;
; 0.931 ; EXMEM_PipelineRegister:EXMEM_REG|register_NBit:REG_Instr|dffg:\G_Register_NBit:14:REGI|s_Q                                                                                      ; MEMWB_PipelineRegister:MEMWB_REG|register_NBit:REG_DMemOut|dffg:\G_Register_NBit:15:REGI|s_Q                                                                                                              ; iCLK         ; iCLK        ; 0.000        ; 0.078      ; 1.195      ;
; 0.931 ; EXMEM_PipelineRegister:EXMEM_REG|register_NBit:REG_Instr|dffg:\G_Register_NBit:14:REGI|s_Q                                                                                      ; MEMWB_PipelineRegister:MEMWB_REG|register_NBit:REG_DMemOut|dffg:\G_Register_NBit:14:REGI|s_Q                                                                                                              ; iCLK         ; iCLK        ; 0.000        ; 0.078      ; 1.195      ;
; 0.954 ; IFID_PipelineRegister:IFID_REG|register_NBit:REG_PC_Plus4|dffg:\G_Register_NBit:30:REGI|altshift_taps:s_Q_rtl_0|shift_taps_bkm:auto_generated|cntr_r8h:cntr3|counter_reg_bit[0] ; IFID_PipelineRegister:IFID_REG|register_NBit:REG_PC_Plus4|dffg:\G_Register_NBit:30:REGI|altshift_taps:s_Q_rtl_0|shift_taps_bkm:auto_generated|cntr_r8h:cntr3|counter_reg_bit[1]                           ; iCLK         ; iCLK        ; 0.000        ; 0.080      ; 1.220      ;
; 0.964 ; sw_fetch_unit:F_UNIT_SW|register_NBit:PC_REG|dffg:\G_Register_NBit:1:REGI|s_Q                                                                                                   ; IFID_PipelineRegister:IFID_REG|register_NBit:REG_PC_Plus4|dffg:\G_Register_NBit:1:REGI|s_Q                                                                                                                ; iCLK         ; iCLK        ; 0.000        ; -0.331     ; 0.819      ;
; 0.966 ; MEMWB_PipelineRegister:MEMWB_REG|register_NBit:REG_Ctrl|dffg:\G_Register_NBit:1:REGI|s_Q                                                                                        ; register_file:REG_FILE|register_NBit:\G_32bitRegisters:31:THIRTYTWOREGI|dffg:\G_Register_NBit:4:REGI|s_Q                                                                                                  ; iCLK         ; iCLK        ; 0.000        ; 0.072      ; 1.224      ;
; 0.968 ; sw_fetch_unit:F_UNIT_SW|register_NBit:PC_REG|dffg:\G_Register_NBit:27:REGI|s_Q                                                                                                  ; IFID_PipelineRegister:IFID_REG|register_NBit:REG_PC|dffg:\G_Register_NBit:27:REGI|s_Q                                                                                                                     ; iCLK         ; iCLK        ; 0.000        ; -0.304     ; 0.850      ;
; 0.968 ; sw_fetch_unit:F_UNIT_SW|register_NBit:PC_REG|dffg:\G_Register_NBit:18:REGI|s_Q                                                                                                  ; IFID_PipelineRegister:IFID_REG|register_NBit:REG_PC|dffg:\G_Register_NBit:18:REGI|s_Q                                                                                                                     ; iCLK         ; iCLK        ; 0.000        ; -0.305     ; 0.849      ;
; 0.970 ; sw_fetch_unit:F_UNIT_SW|register_NBit:PC_REG|dffg:\G_Register_NBit:15:REGI|s_Q                                                                                                  ; IFID_PipelineRegister:IFID_REG|register_NBit:REG_PC|dffg:\G_Register_NBit:15:REGI|s_Q                                                                                                                     ; iCLK         ; iCLK        ; 0.000        ; -0.305     ; 0.851      ;
; 0.975 ; sw_fetch_unit:F_UNIT_SW|register_NBit:PC_REG|dffg:\G_Register_NBit:30:REGI|s_Q                                                                                                  ; sw_fetch_unit:F_UNIT_SW|register_NBit:PC_REG|dffg:\G_Register_NBit:31:REGI|s_Q                                                                                                                            ; iCLK         ; iCLK        ; 0.000        ; 0.096      ; 1.257      ;
; 0.975 ; IDEX_PipelineRegister:IDEX_REG|register_NBit:REG_rs1|dffg:\G_Register_NBit:0:REGI|s_Q                                                                                           ; sw_fetch_unit:F_UNIT_SW|register_NBit:PC_REG|dffg:\G_Register_NBit:0:REGI|s_Q                                                                                                                             ; iCLK         ; iCLK        ; 0.000        ; 0.524      ; 1.685      ;
; 0.979 ; sw_fetch_unit:F_UNIT_SW|register_NBit:PC_REG|dffg:\G_Register_NBit:23:REGI|s_Q                                                                                                  ; sw_fetch_unit:F_UNIT_SW|register_NBit:PC_REG|dffg:\G_Register_NBit:23:REGI|s_Q                                                                                                                            ; iCLK         ; iCLK        ; 0.000        ; 0.097      ; 1.262      ;
; 0.981 ; sw_fetch_unit:F_UNIT_SW|register_NBit:PC_REG|dffg:\G_Register_NBit:21:REGI|s_Q                                                                                                  ; sw_fetch_unit:F_UNIT_SW|register_NBit:PC_REG|dffg:\G_Register_NBit:21:REGI|s_Q                                                                                                                            ; iCLK         ; iCLK        ; 0.000        ; 0.097      ; 1.264      ;
+-------+---------------------------------------------------------------------------------------------------------------------------------------------------------------------------------+-----------------------------------------------------------------------------------------------------------------------------------------------------------------------------------------------------------+--------------+-------------+--------------+------------+------------+


+------------------------------------------------------------------------------------------------------------------------------------------------------------------------------------------------------------------------------------------------------------------------------------------------------------------------------------------------------------------------------------------------------------------------------+
; Slow 1200mV 85C Model Recovery: 'iCLK'                                                                                                                                                                                                                                                                                                                                                                                       ;
+--------+-----------------------------------------------------------------------------------------------------------------------------------------------------+-----------------------------------------------------------------------------------------------------------------------------------------------------------------------------------------+--------------+-------------+--------------+------------+------------+
; Slack  ; From Node                                                                                                                                           ; To Node                                                                                                                                                                                 ; Launch Clock ; Latch Clock ; Relationship ; Clock Skew ; Data Delay ;
+--------+-----------------------------------------------------------------------------------------------------------------------------------------------------+-----------------------------------------------------------------------------------------------------------------------------------------------------------------------------------------+--------------+-------------+--------------+------------+------------+
; 17.330 ; IFID_PipelineRegister:IFID_REG|register_NBit:REG_PC_Plus4|dffg:\G_Register_NBit:30:REGI|altshift_taps:s_Q_rtl_0|shift_taps_bkm:auto_generated|dffe4 ; IFID_PipelineRegister:IFID_REG|register_NBit:REG_PC_Plus4|dffg:\G_Register_NBit:30:REGI|altshift_taps:s_Q_rtl_0|shift_taps_bkm:auto_generated|altsyncram_k1b1:altsyncram2|ram_block5a0  ; iCLK         ; iCLK        ; 20.000       ; 0.242      ; 2.834      ;
; 17.330 ; IFID_PipelineRegister:IFID_REG|register_NBit:REG_PC_Plus4|dffg:\G_Register_NBit:30:REGI|altshift_taps:s_Q_rtl_0|shift_taps_bkm:auto_generated|dffe4 ; IFID_PipelineRegister:IFID_REG|register_NBit:REG_PC_Plus4|dffg:\G_Register_NBit:30:REGI|altshift_taps:s_Q_rtl_0|shift_taps_bkm:auto_generated|altsyncram_k1b1:altsyncram2|ram_block5a1  ; iCLK         ; iCLK        ; 20.000       ; 0.242      ; 2.834      ;
; 17.330 ; IFID_PipelineRegister:IFID_REG|register_NBit:REG_PC_Plus4|dffg:\G_Register_NBit:30:REGI|altshift_taps:s_Q_rtl_0|shift_taps_bkm:auto_generated|dffe4 ; IFID_PipelineRegister:IFID_REG|register_NBit:REG_PC_Plus4|dffg:\G_Register_NBit:30:REGI|altshift_taps:s_Q_rtl_0|shift_taps_bkm:auto_generated|altsyncram_k1b1:altsyncram2|ram_block5a2  ; iCLK         ; iCLK        ; 20.000       ; 0.242      ; 2.834      ;
; 17.330 ; IFID_PipelineRegister:IFID_REG|register_NBit:REG_PC_Plus4|dffg:\G_Register_NBit:30:REGI|altshift_taps:s_Q_rtl_0|shift_taps_bkm:auto_generated|dffe4 ; IFID_PipelineRegister:IFID_REG|register_NBit:REG_PC_Plus4|dffg:\G_Register_NBit:30:REGI|altshift_taps:s_Q_rtl_0|shift_taps_bkm:auto_generated|altsyncram_k1b1:altsyncram2|ram_block5a3  ; iCLK         ; iCLK        ; 20.000       ; 0.242      ; 2.834      ;
; 17.330 ; IFID_PipelineRegister:IFID_REG|register_NBit:REG_PC_Plus4|dffg:\G_Register_NBit:30:REGI|altshift_taps:s_Q_rtl_0|shift_taps_bkm:auto_generated|dffe4 ; IFID_PipelineRegister:IFID_REG|register_NBit:REG_PC_Plus4|dffg:\G_Register_NBit:30:REGI|altshift_taps:s_Q_rtl_0|shift_taps_bkm:auto_generated|altsyncram_k1b1:altsyncram2|ram_block5a4  ; iCLK         ; iCLK        ; 20.000       ; 0.242      ; 2.834      ;
; 17.330 ; IFID_PipelineRegister:IFID_REG|register_NBit:REG_PC_Plus4|dffg:\G_Register_NBit:30:REGI|altshift_taps:s_Q_rtl_0|shift_taps_bkm:auto_generated|dffe4 ; IFID_PipelineRegister:IFID_REG|register_NBit:REG_PC_Plus4|dffg:\G_Register_NBit:30:REGI|altshift_taps:s_Q_rtl_0|shift_taps_bkm:auto_generated|altsyncram_k1b1:altsyncram2|ram_block5a5  ; iCLK         ; iCLK        ; 20.000       ; 0.242      ; 2.834      ;
; 17.330 ; IFID_PipelineRegister:IFID_REG|register_NBit:REG_PC_Plus4|dffg:\G_Register_NBit:30:REGI|altshift_taps:s_Q_rtl_0|shift_taps_bkm:auto_generated|dffe4 ; IFID_PipelineRegister:IFID_REG|register_NBit:REG_PC_Plus4|dffg:\G_Register_NBit:30:REGI|altshift_taps:s_Q_rtl_0|shift_taps_bkm:auto_generated|altsyncram_k1b1:altsyncram2|ram_block5a6  ; iCLK         ; iCLK        ; 20.000       ; 0.242      ; 2.834      ;
; 17.330 ; IFID_PipelineRegister:IFID_REG|register_NBit:REG_PC_Plus4|dffg:\G_Register_NBit:30:REGI|altshift_taps:s_Q_rtl_0|shift_taps_bkm:auto_generated|dffe4 ; IFID_PipelineRegister:IFID_REG|register_NBit:REG_PC_Plus4|dffg:\G_Register_NBit:30:REGI|altshift_taps:s_Q_rtl_0|shift_taps_bkm:auto_generated|altsyncram_k1b1:altsyncram2|ram_block5a7  ; iCLK         ; iCLK        ; 20.000       ; 0.242      ; 2.834      ;
; 17.330 ; IFID_PipelineRegister:IFID_REG|register_NBit:REG_PC_Plus4|dffg:\G_Register_NBit:30:REGI|altshift_taps:s_Q_rtl_0|shift_taps_bkm:auto_generated|dffe4 ; IFID_PipelineRegister:IFID_REG|register_NBit:REG_PC_Plus4|dffg:\G_Register_NBit:30:REGI|altshift_taps:s_Q_rtl_0|shift_taps_bkm:auto_generated|altsyncram_k1b1:altsyncram2|ram_block5a8  ; iCLK         ; iCLK        ; 20.000       ; 0.242      ; 2.834      ;
; 17.330 ; IFID_PipelineRegister:IFID_REG|register_NBit:REG_PC_Plus4|dffg:\G_Register_NBit:30:REGI|altshift_taps:s_Q_rtl_0|shift_taps_bkm:auto_generated|dffe4 ; IFID_PipelineRegister:IFID_REG|register_NBit:REG_PC_Plus4|dffg:\G_Register_NBit:30:REGI|altshift_taps:s_Q_rtl_0|shift_taps_bkm:auto_generated|altsyncram_k1b1:altsyncram2|ram_block5a9  ; iCLK         ; iCLK        ; 20.000       ; 0.242      ; 2.834      ;
; 17.330 ; IFID_PipelineRegister:IFID_REG|register_NBit:REG_PC_Plus4|dffg:\G_Register_NBit:30:REGI|altshift_taps:s_Q_rtl_0|shift_taps_bkm:auto_generated|dffe4 ; IFID_PipelineRegister:IFID_REG|register_NBit:REG_PC_Plus4|dffg:\G_Register_NBit:30:REGI|altshift_taps:s_Q_rtl_0|shift_taps_bkm:auto_generated|altsyncram_k1b1:altsyncram2|ram_block5a10 ; iCLK         ; iCLK        ; 20.000       ; 0.242      ; 2.834      ;
; 17.330 ; IFID_PipelineRegister:IFID_REG|register_NBit:REG_PC_Plus4|dffg:\G_Register_NBit:30:REGI|altshift_taps:s_Q_rtl_0|shift_taps_bkm:auto_generated|dffe4 ; IFID_PipelineRegister:IFID_REG|register_NBit:REG_PC_Plus4|dffg:\G_Register_NBit:30:REGI|altshift_taps:s_Q_rtl_0|shift_taps_bkm:auto_generated|altsyncram_k1b1:altsyncram2|ram_block5a11 ; iCLK         ; iCLK        ; 20.000       ; 0.242      ; 2.834      ;
; 17.330 ; IFID_PipelineRegister:IFID_REG|register_NBit:REG_PC_Plus4|dffg:\G_Register_NBit:30:REGI|altshift_taps:s_Q_rtl_0|shift_taps_bkm:auto_generated|dffe4 ; IFID_PipelineRegister:IFID_REG|register_NBit:REG_PC_Plus4|dffg:\G_Register_NBit:30:REGI|altshift_taps:s_Q_rtl_0|shift_taps_bkm:auto_generated|altsyncram_k1b1:altsyncram2|ram_block5a12 ; iCLK         ; iCLK        ; 20.000       ; 0.242      ; 2.834      ;
; 17.330 ; IFID_PipelineRegister:IFID_REG|register_NBit:REG_PC_Plus4|dffg:\G_Register_NBit:30:REGI|altshift_taps:s_Q_rtl_0|shift_taps_bkm:auto_generated|dffe4 ; IFID_PipelineRegister:IFID_REG|register_NBit:REG_PC_Plus4|dffg:\G_Register_NBit:30:REGI|altshift_taps:s_Q_rtl_0|shift_taps_bkm:auto_generated|altsyncram_k1b1:altsyncram2|ram_block5a13 ; iCLK         ; iCLK        ; 20.000       ; 0.242      ; 2.834      ;
; 17.330 ; IFID_PipelineRegister:IFID_REG|register_NBit:REG_PC_Plus4|dffg:\G_Register_NBit:30:REGI|altshift_taps:s_Q_rtl_0|shift_taps_bkm:auto_generated|dffe4 ; IFID_PipelineRegister:IFID_REG|register_NBit:REG_PC_Plus4|dffg:\G_Register_NBit:30:REGI|altshift_taps:s_Q_rtl_0|shift_taps_bkm:auto_generated|altsyncram_k1b1:altsyncram2|ram_block5a14 ; iCLK         ; iCLK        ; 20.000       ; 0.242      ; 2.834      ;
; 17.330 ; IFID_PipelineRegister:IFID_REG|register_NBit:REG_PC_Plus4|dffg:\G_Register_NBit:30:REGI|altshift_taps:s_Q_rtl_0|shift_taps_bkm:auto_generated|dffe4 ; IFID_PipelineRegister:IFID_REG|register_NBit:REG_PC_Plus4|dffg:\G_Register_NBit:30:REGI|altshift_taps:s_Q_rtl_0|shift_taps_bkm:auto_generated|altsyncram_k1b1:altsyncram2|ram_block5a15 ; iCLK         ; iCLK        ; 20.000       ; 0.242      ; 2.834      ;
; 17.330 ; IFID_PipelineRegister:IFID_REG|register_NBit:REG_PC_Plus4|dffg:\G_Register_NBit:30:REGI|altshift_taps:s_Q_rtl_0|shift_taps_bkm:auto_generated|dffe4 ; IFID_PipelineRegister:IFID_REG|register_NBit:REG_PC_Plus4|dffg:\G_Register_NBit:30:REGI|altshift_taps:s_Q_rtl_0|shift_taps_bkm:auto_generated|altsyncram_k1b1:altsyncram2|ram_block5a16 ; iCLK         ; iCLK        ; 20.000       ; 0.242      ; 2.834      ;
; 17.330 ; IFID_PipelineRegister:IFID_REG|register_NBit:REG_PC_Plus4|dffg:\G_Register_NBit:30:REGI|altshift_taps:s_Q_rtl_0|shift_taps_bkm:auto_generated|dffe4 ; IFID_PipelineRegister:IFID_REG|register_NBit:REG_PC_Plus4|dffg:\G_Register_NBit:30:REGI|altshift_taps:s_Q_rtl_0|shift_taps_bkm:auto_generated|altsyncram_k1b1:altsyncram2|ram_block5a17 ; iCLK         ; iCLK        ; 20.000       ; 0.242      ; 2.834      ;
; 17.330 ; IFID_PipelineRegister:IFID_REG|register_NBit:REG_PC_Plus4|dffg:\G_Register_NBit:30:REGI|altshift_taps:s_Q_rtl_0|shift_taps_bkm:auto_generated|dffe4 ; IFID_PipelineRegister:IFID_REG|register_NBit:REG_PC_Plus4|dffg:\G_Register_NBit:30:REGI|altshift_taps:s_Q_rtl_0|shift_taps_bkm:auto_generated|altsyncram_k1b1:altsyncram2|ram_block5a18 ; iCLK         ; iCLK        ; 20.000       ; 0.242      ; 2.834      ;
; 17.330 ; IFID_PipelineRegister:IFID_REG|register_NBit:REG_PC_Plus4|dffg:\G_Register_NBit:30:REGI|altshift_taps:s_Q_rtl_0|shift_taps_bkm:auto_generated|dffe4 ; IFID_PipelineRegister:IFID_REG|register_NBit:REG_PC_Plus4|dffg:\G_Register_NBit:30:REGI|altshift_taps:s_Q_rtl_0|shift_taps_bkm:auto_generated|altsyncram_k1b1:altsyncram2|ram_block5a19 ; iCLK         ; iCLK        ; 20.000       ; 0.242      ; 2.834      ;
; 17.330 ; IFID_PipelineRegister:IFID_REG|register_NBit:REG_PC_Plus4|dffg:\G_Register_NBit:30:REGI|altshift_taps:s_Q_rtl_0|shift_taps_bkm:auto_generated|dffe4 ; IFID_PipelineRegister:IFID_REG|register_NBit:REG_PC_Plus4|dffg:\G_Register_NBit:30:REGI|altshift_taps:s_Q_rtl_0|shift_taps_bkm:auto_generated|altsyncram_k1b1:altsyncram2|ram_block5a20 ; iCLK         ; iCLK        ; 20.000       ; 0.242      ; 2.834      ;
; 17.330 ; IFID_PipelineRegister:IFID_REG|register_NBit:REG_PC_Plus4|dffg:\G_Register_NBit:30:REGI|altshift_taps:s_Q_rtl_0|shift_taps_bkm:auto_generated|dffe4 ; IFID_PipelineRegister:IFID_REG|register_NBit:REG_PC_Plus4|dffg:\G_Register_NBit:30:REGI|altshift_taps:s_Q_rtl_0|shift_taps_bkm:auto_generated|altsyncram_k1b1:altsyncram2|ram_block5a21 ; iCLK         ; iCLK        ; 20.000       ; 0.242      ; 2.834      ;
; 17.330 ; IFID_PipelineRegister:IFID_REG|register_NBit:REG_PC_Plus4|dffg:\G_Register_NBit:30:REGI|altshift_taps:s_Q_rtl_0|shift_taps_bkm:auto_generated|dffe4 ; IFID_PipelineRegister:IFID_REG|register_NBit:REG_PC_Plus4|dffg:\G_Register_NBit:30:REGI|altshift_taps:s_Q_rtl_0|shift_taps_bkm:auto_generated|altsyncram_k1b1:altsyncram2|ram_block5a22 ; iCLK         ; iCLK        ; 20.000       ; 0.242      ; 2.834      ;
; 17.330 ; IFID_PipelineRegister:IFID_REG|register_NBit:REG_PC_Plus4|dffg:\G_Register_NBit:30:REGI|altshift_taps:s_Q_rtl_0|shift_taps_bkm:auto_generated|dffe4 ; IFID_PipelineRegister:IFID_REG|register_NBit:REG_PC_Plus4|dffg:\G_Register_NBit:30:REGI|altshift_taps:s_Q_rtl_0|shift_taps_bkm:auto_generated|altsyncram_k1b1:altsyncram2|ram_block5a23 ; iCLK         ; iCLK        ; 20.000       ; 0.242      ; 2.834      ;
; 17.330 ; IFID_PipelineRegister:IFID_REG|register_NBit:REG_PC_Plus4|dffg:\G_Register_NBit:30:REGI|altshift_taps:s_Q_rtl_0|shift_taps_bkm:auto_generated|dffe4 ; IFID_PipelineRegister:IFID_REG|register_NBit:REG_PC_Plus4|dffg:\G_Register_NBit:30:REGI|altshift_taps:s_Q_rtl_0|shift_taps_bkm:auto_generated|altsyncram_k1b1:altsyncram2|ram_block5a24 ; iCLK         ; iCLK        ; 20.000       ; 0.242      ; 2.834      ;
; 17.330 ; IFID_PipelineRegister:IFID_REG|register_NBit:REG_PC_Plus4|dffg:\G_Register_NBit:30:REGI|altshift_taps:s_Q_rtl_0|shift_taps_bkm:auto_generated|dffe4 ; IFID_PipelineRegister:IFID_REG|register_NBit:REG_PC_Plus4|dffg:\G_Register_NBit:30:REGI|altshift_taps:s_Q_rtl_0|shift_taps_bkm:auto_generated|altsyncram_k1b1:altsyncram2|ram_block5a25 ; iCLK         ; iCLK        ; 20.000       ; 0.242      ; 2.834      ;
; 17.330 ; IFID_PipelineRegister:IFID_REG|register_NBit:REG_PC_Plus4|dffg:\G_Register_NBit:30:REGI|altshift_taps:s_Q_rtl_0|shift_taps_bkm:auto_generated|dffe4 ; IFID_PipelineRegister:IFID_REG|register_NBit:REG_PC_Plus4|dffg:\G_Register_NBit:30:REGI|altshift_taps:s_Q_rtl_0|shift_taps_bkm:auto_generated|altsyncram_k1b1:altsyncram2|ram_block5a26 ; iCLK         ; iCLK        ; 20.000       ; 0.242      ; 2.834      ;
; 17.330 ; IFID_PipelineRegister:IFID_REG|register_NBit:REG_PC_Plus4|dffg:\G_Register_NBit:30:REGI|altshift_taps:s_Q_rtl_0|shift_taps_bkm:auto_generated|dffe4 ; IFID_PipelineRegister:IFID_REG|register_NBit:REG_PC_Plus4|dffg:\G_Register_NBit:30:REGI|altshift_taps:s_Q_rtl_0|shift_taps_bkm:auto_generated|altsyncram_k1b1:altsyncram2|ram_block5a27 ; iCLK         ; iCLK        ; 20.000       ; 0.242      ; 2.834      ;
; 17.330 ; IFID_PipelineRegister:IFID_REG|register_NBit:REG_PC_Plus4|dffg:\G_Register_NBit:30:REGI|altshift_taps:s_Q_rtl_0|shift_taps_bkm:auto_generated|dffe4 ; IFID_PipelineRegister:IFID_REG|register_NBit:REG_PC_Plus4|dffg:\G_Register_NBit:30:REGI|altshift_taps:s_Q_rtl_0|shift_taps_bkm:auto_generated|altsyncram_k1b1:altsyncram2|ram_block5a28 ; iCLK         ; iCLK        ; 20.000       ; 0.242      ; 2.834      ;
; 17.330 ; IFID_PipelineRegister:IFID_REG|register_NBit:REG_PC_Plus4|dffg:\G_Register_NBit:30:REGI|altshift_taps:s_Q_rtl_0|shift_taps_bkm:auto_generated|dffe4 ; IFID_PipelineRegister:IFID_REG|register_NBit:REG_PC_Plus4|dffg:\G_Register_NBit:30:REGI|altshift_taps:s_Q_rtl_0|shift_taps_bkm:auto_generated|altsyncram_k1b1:altsyncram2|ram_block5a29 ; iCLK         ; iCLK        ; 20.000       ; 0.242      ; 2.834      ;
+--------+-----------------------------------------------------------------------------------------------------------------------------------------------------+-----------------------------------------------------------------------------------------------------------------------------------------------------------------------------------------+--------------+-------------+--------------+------------+------------+


+-----------------------------------------------------------------------------------------------------------------------------------------------------------------------------------------------------------------------------------------------------------------------------------------------------------------------------------------------------------------------------------------------------------------------------+
; Slow 1200mV 85C Model Removal: 'iCLK'                                                                                                                                                                                                                                                                                                                                                                                       ;
+-------+-----------------------------------------------------------------------------------------------------------------------------------------------------+-----------------------------------------------------------------------------------------------------------------------------------------------------------------------------------------+--------------+-------------+--------------+------------+------------+
; Slack ; From Node                                                                                                                                           ; To Node                                                                                                                                                                                 ; Launch Clock ; Latch Clock ; Relationship ; Clock Skew ; Data Delay ;
+-------+-----------------------------------------------------------------------------------------------------------------------------------------------------+-----------------------------------------------------------------------------------------------------------------------------------------------------------------------------------------+--------------+-------------+--------------+------------+------------+
; 2.072 ; IFID_PipelineRegister:IFID_REG|register_NBit:REG_PC_Plus4|dffg:\G_Register_NBit:30:REGI|altshift_taps:s_Q_rtl_0|shift_taps_bkm:auto_generated|dffe4 ; IFID_PipelineRegister:IFID_REG|register_NBit:REG_PC_Plus4|dffg:\G_Register_NBit:30:REGI|altshift_taps:s_Q_rtl_0|shift_taps_bkm:auto_generated|altsyncram_k1b1:altsyncram2|ram_block5a0  ; iCLK         ; iCLK        ; 0.000        ; 0.397      ; 2.655      ;
; 2.072 ; IFID_PipelineRegister:IFID_REG|register_NBit:REG_PC_Plus4|dffg:\G_Register_NBit:30:REGI|altshift_taps:s_Q_rtl_0|shift_taps_bkm:auto_generated|dffe4 ; IFID_PipelineRegister:IFID_REG|register_NBit:REG_PC_Plus4|dffg:\G_Register_NBit:30:REGI|altshift_taps:s_Q_rtl_0|shift_taps_bkm:auto_generated|altsyncram_k1b1:altsyncram2|ram_block5a1  ; iCLK         ; iCLK        ; 0.000        ; 0.397      ; 2.655      ;
; 2.072 ; IFID_PipelineRegister:IFID_REG|register_NBit:REG_PC_Plus4|dffg:\G_Register_NBit:30:REGI|altshift_taps:s_Q_rtl_0|shift_taps_bkm:auto_generated|dffe4 ; IFID_PipelineRegister:IFID_REG|register_NBit:REG_PC_Plus4|dffg:\G_Register_NBit:30:REGI|altshift_taps:s_Q_rtl_0|shift_taps_bkm:auto_generated|altsyncram_k1b1:altsyncram2|ram_block5a2  ; iCLK         ; iCLK        ; 0.000        ; 0.397      ; 2.655      ;
; 2.072 ; IFID_PipelineRegister:IFID_REG|register_NBit:REG_PC_Plus4|dffg:\G_Register_NBit:30:REGI|altshift_taps:s_Q_rtl_0|shift_taps_bkm:auto_generated|dffe4 ; IFID_PipelineRegister:IFID_REG|register_NBit:REG_PC_Plus4|dffg:\G_Register_NBit:30:REGI|altshift_taps:s_Q_rtl_0|shift_taps_bkm:auto_generated|altsyncram_k1b1:altsyncram2|ram_block5a3  ; iCLK         ; iCLK        ; 0.000        ; 0.397      ; 2.655      ;
; 2.072 ; IFID_PipelineRegister:IFID_REG|register_NBit:REG_PC_Plus4|dffg:\G_Register_NBit:30:REGI|altshift_taps:s_Q_rtl_0|shift_taps_bkm:auto_generated|dffe4 ; IFID_PipelineRegister:IFID_REG|register_NBit:REG_PC_Plus4|dffg:\G_Register_NBit:30:REGI|altshift_taps:s_Q_rtl_0|shift_taps_bkm:auto_generated|altsyncram_k1b1:altsyncram2|ram_block5a4  ; iCLK         ; iCLK        ; 0.000        ; 0.397      ; 2.655      ;
; 2.072 ; IFID_PipelineRegister:IFID_REG|register_NBit:REG_PC_Plus4|dffg:\G_Register_NBit:30:REGI|altshift_taps:s_Q_rtl_0|shift_taps_bkm:auto_generated|dffe4 ; IFID_PipelineRegister:IFID_REG|register_NBit:REG_PC_Plus4|dffg:\G_Register_NBit:30:REGI|altshift_taps:s_Q_rtl_0|shift_taps_bkm:auto_generated|altsyncram_k1b1:altsyncram2|ram_block5a5  ; iCLK         ; iCLK        ; 0.000        ; 0.397      ; 2.655      ;
; 2.072 ; IFID_PipelineRegister:IFID_REG|register_NBit:REG_PC_Plus4|dffg:\G_Register_NBit:30:REGI|altshift_taps:s_Q_rtl_0|shift_taps_bkm:auto_generated|dffe4 ; IFID_PipelineRegister:IFID_REG|register_NBit:REG_PC_Plus4|dffg:\G_Register_NBit:30:REGI|altshift_taps:s_Q_rtl_0|shift_taps_bkm:auto_generated|altsyncram_k1b1:altsyncram2|ram_block5a6  ; iCLK         ; iCLK        ; 0.000        ; 0.397      ; 2.655      ;
; 2.072 ; IFID_PipelineRegister:IFID_REG|register_NBit:REG_PC_Plus4|dffg:\G_Register_NBit:30:REGI|altshift_taps:s_Q_rtl_0|shift_taps_bkm:auto_generated|dffe4 ; IFID_PipelineRegister:IFID_REG|register_NBit:REG_PC_Plus4|dffg:\G_Register_NBit:30:REGI|altshift_taps:s_Q_rtl_0|shift_taps_bkm:auto_generated|altsyncram_k1b1:altsyncram2|ram_block5a7  ; iCLK         ; iCLK        ; 0.000        ; 0.397      ; 2.655      ;
; 2.072 ; IFID_PipelineRegister:IFID_REG|register_NBit:REG_PC_Plus4|dffg:\G_Register_NBit:30:REGI|altshift_taps:s_Q_rtl_0|shift_taps_bkm:auto_generated|dffe4 ; IFID_PipelineRegister:IFID_REG|register_NBit:REG_PC_Plus4|dffg:\G_Register_NBit:30:REGI|altshift_taps:s_Q_rtl_0|shift_taps_bkm:auto_generated|altsyncram_k1b1:altsyncram2|ram_block5a8  ; iCLK         ; iCLK        ; 0.000        ; 0.397      ; 2.655      ;
; 2.072 ; IFID_PipelineRegister:IFID_REG|register_NBit:REG_PC_Plus4|dffg:\G_Register_NBit:30:REGI|altshift_taps:s_Q_rtl_0|shift_taps_bkm:auto_generated|dffe4 ; IFID_PipelineRegister:IFID_REG|register_NBit:REG_PC_Plus4|dffg:\G_Register_NBit:30:REGI|altshift_taps:s_Q_rtl_0|shift_taps_bkm:auto_generated|altsyncram_k1b1:altsyncram2|ram_block5a9  ; iCLK         ; iCLK        ; 0.000        ; 0.397      ; 2.655      ;
; 2.072 ; IFID_PipelineRegister:IFID_REG|register_NBit:REG_PC_Plus4|dffg:\G_Register_NBit:30:REGI|altshift_taps:s_Q_rtl_0|shift_taps_bkm:auto_generated|dffe4 ; IFID_PipelineRegister:IFID_REG|register_NBit:REG_PC_Plus4|dffg:\G_Register_NBit:30:REGI|altshift_taps:s_Q_rtl_0|shift_taps_bkm:auto_generated|altsyncram_k1b1:altsyncram2|ram_block5a10 ; iCLK         ; iCLK        ; 0.000        ; 0.397      ; 2.655      ;
; 2.072 ; IFID_PipelineRegister:IFID_REG|register_NBit:REG_PC_Plus4|dffg:\G_Register_NBit:30:REGI|altshift_taps:s_Q_rtl_0|shift_taps_bkm:auto_generated|dffe4 ; IFID_PipelineRegister:IFID_REG|register_NBit:REG_PC_Plus4|dffg:\G_Register_NBit:30:REGI|altshift_taps:s_Q_rtl_0|shift_taps_bkm:auto_generated|altsyncram_k1b1:altsyncram2|ram_block5a11 ; iCLK         ; iCLK        ; 0.000        ; 0.397      ; 2.655      ;
; 2.072 ; IFID_PipelineRegister:IFID_REG|register_NBit:REG_PC_Plus4|dffg:\G_Register_NBit:30:REGI|altshift_taps:s_Q_rtl_0|shift_taps_bkm:auto_generated|dffe4 ; IFID_PipelineRegister:IFID_REG|register_NBit:REG_PC_Plus4|dffg:\G_Register_NBit:30:REGI|altshift_taps:s_Q_rtl_0|shift_taps_bkm:auto_generated|altsyncram_k1b1:altsyncram2|ram_block5a12 ; iCLK         ; iCLK        ; 0.000        ; 0.397      ; 2.655      ;
; 2.072 ; IFID_PipelineRegister:IFID_REG|register_NBit:REG_PC_Plus4|dffg:\G_Register_NBit:30:REGI|altshift_taps:s_Q_rtl_0|shift_taps_bkm:auto_generated|dffe4 ; IFID_PipelineRegister:IFID_REG|register_NBit:REG_PC_Plus4|dffg:\G_Register_NBit:30:REGI|altshift_taps:s_Q_rtl_0|shift_taps_bkm:auto_generated|altsyncram_k1b1:altsyncram2|ram_block5a13 ; iCLK         ; iCLK        ; 0.000        ; 0.397      ; 2.655      ;
; 2.072 ; IFID_PipelineRegister:IFID_REG|register_NBit:REG_PC_Plus4|dffg:\G_Register_NBit:30:REGI|altshift_taps:s_Q_rtl_0|shift_taps_bkm:auto_generated|dffe4 ; IFID_PipelineRegister:IFID_REG|register_NBit:REG_PC_Plus4|dffg:\G_Register_NBit:30:REGI|altshift_taps:s_Q_rtl_0|shift_taps_bkm:auto_generated|altsyncram_k1b1:altsyncram2|ram_block5a14 ; iCLK         ; iCLK        ; 0.000        ; 0.397      ; 2.655      ;
; 2.072 ; IFID_PipelineRegister:IFID_REG|register_NBit:REG_PC_Plus4|dffg:\G_Register_NBit:30:REGI|altshift_taps:s_Q_rtl_0|shift_taps_bkm:auto_generated|dffe4 ; IFID_PipelineRegister:IFID_REG|register_NBit:REG_PC_Plus4|dffg:\G_Register_NBit:30:REGI|altshift_taps:s_Q_rtl_0|shift_taps_bkm:auto_generated|altsyncram_k1b1:altsyncram2|ram_block5a15 ; iCLK         ; iCLK        ; 0.000        ; 0.397      ; 2.655      ;
; 2.072 ; IFID_PipelineRegister:IFID_REG|register_NBit:REG_PC_Plus4|dffg:\G_Register_NBit:30:REGI|altshift_taps:s_Q_rtl_0|shift_taps_bkm:auto_generated|dffe4 ; IFID_PipelineRegister:IFID_REG|register_NBit:REG_PC_Plus4|dffg:\G_Register_NBit:30:REGI|altshift_taps:s_Q_rtl_0|shift_taps_bkm:auto_generated|altsyncram_k1b1:altsyncram2|ram_block5a16 ; iCLK         ; iCLK        ; 0.000        ; 0.397      ; 2.655      ;
; 2.072 ; IFID_PipelineRegister:IFID_REG|register_NBit:REG_PC_Plus4|dffg:\G_Register_NBit:30:REGI|altshift_taps:s_Q_rtl_0|shift_taps_bkm:auto_generated|dffe4 ; IFID_PipelineRegister:IFID_REG|register_NBit:REG_PC_Plus4|dffg:\G_Register_NBit:30:REGI|altshift_taps:s_Q_rtl_0|shift_taps_bkm:auto_generated|altsyncram_k1b1:altsyncram2|ram_block5a17 ; iCLK         ; iCLK        ; 0.000        ; 0.397      ; 2.655      ;
; 2.072 ; IFID_PipelineRegister:IFID_REG|register_NBit:REG_PC_Plus4|dffg:\G_Register_NBit:30:REGI|altshift_taps:s_Q_rtl_0|shift_taps_bkm:auto_generated|dffe4 ; IFID_PipelineRegister:IFID_REG|register_NBit:REG_PC_Plus4|dffg:\G_Register_NBit:30:REGI|altshift_taps:s_Q_rtl_0|shift_taps_bkm:auto_generated|altsyncram_k1b1:altsyncram2|ram_block5a18 ; iCLK         ; iCLK        ; 0.000        ; 0.397      ; 2.655      ;
; 2.072 ; IFID_PipelineRegister:IFID_REG|register_NBit:REG_PC_Plus4|dffg:\G_Register_NBit:30:REGI|altshift_taps:s_Q_rtl_0|shift_taps_bkm:auto_generated|dffe4 ; IFID_PipelineRegister:IFID_REG|register_NBit:REG_PC_Plus4|dffg:\G_Register_NBit:30:REGI|altshift_taps:s_Q_rtl_0|shift_taps_bkm:auto_generated|altsyncram_k1b1:altsyncram2|ram_block5a19 ; iCLK         ; iCLK        ; 0.000        ; 0.397      ; 2.655      ;
; 2.072 ; IFID_PipelineRegister:IFID_REG|register_NBit:REG_PC_Plus4|dffg:\G_Register_NBit:30:REGI|altshift_taps:s_Q_rtl_0|shift_taps_bkm:auto_generated|dffe4 ; IFID_PipelineRegister:IFID_REG|register_NBit:REG_PC_Plus4|dffg:\G_Register_NBit:30:REGI|altshift_taps:s_Q_rtl_0|shift_taps_bkm:auto_generated|altsyncram_k1b1:altsyncram2|ram_block5a20 ; iCLK         ; iCLK        ; 0.000        ; 0.397      ; 2.655      ;
; 2.072 ; IFID_PipelineRegister:IFID_REG|register_NBit:REG_PC_Plus4|dffg:\G_Register_NBit:30:REGI|altshift_taps:s_Q_rtl_0|shift_taps_bkm:auto_generated|dffe4 ; IFID_PipelineRegister:IFID_REG|register_NBit:REG_PC_Plus4|dffg:\G_Register_NBit:30:REGI|altshift_taps:s_Q_rtl_0|shift_taps_bkm:auto_generated|altsyncram_k1b1:altsyncram2|ram_block5a21 ; iCLK         ; iCLK        ; 0.000        ; 0.397      ; 2.655      ;
; 2.072 ; IFID_PipelineRegister:IFID_REG|register_NBit:REG_PC_Plus4|dffg:\G_Register_NBit:30:REGI|altshift_taps:s_Q_rtl_0|shift_taps_bkm:auto_generated|dffe4 ; IFID_PipelineRegister:IFID_REG|register_NBit:REG_PC_Plus4|dffg:\G_Register_NBit:30:REGI|altshift_taps:s_Q_rtl_0|shift_taps_bkm:auto_generated|altsyncram_k1b1:altsyncram2|ram_block5a22 ; iCLK         ; iCLK        ; 0.000        ; 0.397      ; 2.655      ;
; 2.072 ; IFID_PipelineRegister:IFID_REG|register_NBit:REG_PC_Plus4|dffg:\G_Register_NBit:30:REGI|altshift_taps:s_Q_rtl_0|shift_taps_bkm:auto_generated|dffe4 ; IFID_PipelineRegister:IFID_REG|register_NBit:REG_PC_Plus4|dffg:\G_Register_NBit:30:REGI|altshift_taps:s_Q_rtl_0|shift_taps_bkm:auto_generated|altsyncram_k1b1:altsyncram2|ram_block5a23 ; iCLK         ; iCLK        ; 0.000        ; 0.397      ; 2.655      ;
; 2.072 ; IFID_PipelineRegister:IFID_REG|register_NBit:REG_PC_Plus4|dffg:\G_Register_NBit:30:REGI|altshift_taps:s_Q_rtl_0|shift_taps_bkm:auto_generated|dffe4 ; IFID_PipelineRegister:IFID_REG|register_NBit:REG_PC_Plus4|dffg:\G_Register_NBit:30:REGI|altshift_taps:s_Q_rtl_0|shift_taps_bkm:auto_generated|altsyncram_k1b1:altsyncram2|ram_block5a24 ; iCLK         ; iCLK        ; 0.000        ; 0.397      ; 2.655      ;
; 2.072 ; IFID_PipelineRegister:IFID_REG|register_NBit:REG_PC_Plus4|dffg:\G_Register_NBit:30:REGI|altshift_taps:s_Q_rtl_0|shift_taps_bkm:auto_generated|dffe4 ; IFID_PipelineRegister:IFID_REG|register_NBit:REG_PC_Plus4|dffg:\G_Register_NBit:30:REGI|altshift_taps:s_Q_rtl_0|shift_taps_bkm:auto_generated|altsyncram_k1b1:altsyncram2|ram_block5a25 ; iCLK         ; iCLK        ; 0.000        ; 0.397      ; 2.655      ;
; 2.072 ; IFID_PipelineRegister:IFID_REG|register_NBit:REG_PC_Plus4|dffg:\G_Register_NBit:30:REGI|altshift_taps:s_Q_rtl_0|shift_taps_bkm:auto_generated|dffe4 ; IFID_PipelineRegister:IFID_REG|register_NBit:REG_PC_Plus4|dffg:\G_Register_NBit:30:REGI|altshift_taps:s_Q_rtl_0|shift_taps_bkm:auto_generated|altsyncram_k1b1:altsyncram2|ram_block5a26 ; iCLK         ; iCLK        ; 0.000        ; 0.397      ; 2.655      ;
; 2.072 ; IFID_PipelineRegister:IFID_REG|register_NBit:REG_PC_Plus4|dffg:\G_Register_NBit:30:REGI|altshift_taps:s_Q_rtl_0|shift_taps_bkm:auto_generated|dffe4 ; IFID_PipelineRegister:IFID_REG|register_NBit:REG_PC_Plus4|dffg:\G_Register_NBit:30:REGI|altshift_taps:s_Q_rtl_0|shift_taps_bkm:auto_generated|altsyncram_k1b1:altsyncram2|ram_block5a27 ; iCLK         ; iCLK        ; 0.000        ; 0.397      ; 2.655      ;
; 2.072 ; IFID_PipelineRegister:IFID_REG|register_NBit:REG_PC_Plus4|dffg:\G_Register_NBit:30:REGI|altshift_taps:s_Q_rtl_0|shift_taps_bkm:auto_generated|dffe4 ; IFID_PipelineRegister:IFID_REG|register_NBit:REG_PC_Plus4|dffg:\G_Register_NBit:30:REGI|altshift_taps:s_Q_rtl_0|shift_taps_bkm:auto_generated|altsyncram_k1b1:altsyncram2|ram_block5a28 ; iCLK         ; iCLK        ; 0.000        ; 0.397      ; 2.655      ;
; 2.072 ; IFID_PipelineRegister:IFID_REG|register_NBit:REG_PC_Plus4|dffg:\G_Register_NBit:30:REGI|altshift_taps:s_Q_rtl_0|shift_taps_bkm:auto_generated|dffe4 ; IFID_PipelineRegister:IFID_REG|register_NBit:REG_PC_Plus4|dffg:\G_Register_NBit:30:REGI|altshift_taps:s_Q_rtl_0|shift_taps_bkm:auto_generated|altsyncram_k1b1:altsyncram2|ram_block5a29 ; iCLK         ; iCLK        ; 0.000        ; 0.397      ; 2.655      ;
+-------+-----------------------------------------------------------------------------------------------------------------------------------------------------+-----------------------------------------------------------------------------------------------------------------------------------------------------------------------------------------+--------------+-------------+--------------+------------+------------+


-----------------------------------------------
; Slow 1200mV 85C Model Metastability Summary ;
-----------------------------------------------
The design MTBF is not calculated because there are no specified synchronizers in the design.
Number of Synchronizer Chains Found: 2
Shortest Synchronizer Chain: 3 Registers
Fraction of Chains for which MTBFs Could Not be Calculated: 1.000
Worst Case Available Settling Time: 36.036 ns




+------------------------------------------------+
; Slow 1200mV 0C Model Fmax Summary              ;
+----------+-----------------+------------+------+
; Fmax     ; Restricted Fmax ; Clock Name ; Note ;
+----------+-----------------+------------+------+
; 55.2 MHz ; 55.2 MHz        ; iCLK       ;      ;
+----------+-----------------+------------+------+
This panel reports FMAX for every clock in the design, regardless of the user-specified clock periods.  FMAX is only computed for paths where the source and destination registers or ports are driven by the same clock.  Paths of different clocks, including generated clocks, are ignored.  For paths between a clock and its inversion, FMAX is computed as if the rising and falling edges are scaled along with FMAX, such that the duty cycle (in terms of a percentage) is maintained. Altera recommends that you always use clock constraints and other slack reports for sign-off analysis.


+------------------------------------+
; Slow 1200mV 0C Model Setup Summary ;
+-------+-------+--------------------+
; Clock ; Slack ; End Point TNS      ;
+-------+-------+--------------------+
; iCLK  ; 1.885 ; 0.000              ;
+-------+-------+--------------------+


+-----------------------------------+
; Slow 1200mV 0C Model Hold Summary ;
+-------+-------+-------------------+
; Clock ; Slack ; End Point TNS     ;
+-------+-------+-------------------+
; iCLK  ; 0.392 ; 0.000             ;
+-------+-------+-------------------+


+---------------------------------------+
; Slow 1200mV 0C Model Recovery Summary ;
+-------+--------+----------------------+
; Clock ; Slack  ; End Point TNS        ;
+-------+--------+----------------------+
; iCLK  ; 17.544 ; 0.000                ;
+-------+--------+----------------------+


+--------------------------------------+
; Slow 1200mV 0C Model Removal Summary ;
+-------+-------+----------------------+
; Clock ; Slack ; End Point TNS        ;
+-------+-------+----------------------+
; iCLK  ; 1.869 ; 0.000                ;
+-------+-------+----------------------+


+--------------------------------------------------+
; Slow 1200mV 0C Model Minimum Pulse Width Summary ;
+-------+-------+----------------------------------+
; Clock ; Slack ; End Point TNS                    ;
+-------+-------+----------------------------------+
; iCLK  ; 9.645 ; 0.000                            ;
+-------+-------+----------------------------------+


+-------------------------------------------------------------------------------------------------------------------------------------------------------------------------------------------------------------------------------------------------------+
; Slow 1200mV 0C Model Setup: 'iCLK'                                                                                                                                                                                                                    ;
+-------+----------------------------------------------------------------------------------------+--------------------------------------------------------------------------------+--------------+-------------+--------------+------------+------------+
; Slack ; From Node                                                                              ; To Node                                                                        ; Launch Clock ; Latch Clock ; Relationship ; Clock Skew ; Data Delay ;
+-------+----------------------------------------------------------------------------------------+--------------------------------------------------------------------------------+--------------+-------------+--------------+------------+------------+
; 1.885 ; IDEX_PipelineRegister:IDEX_REG|register_NBit:REG_Ctrl|dffg:\G_Register_NBit:2:REGI|s_Q ; sw_fetch_unit:F_UNIT_SW|register_NBit:PC_REG|dffg:\G_Register_NBit:2:REGI|s_Q  ; iCLK         ; iCLK        ; 20.000       ; 0.307      ; 18.421     ;
; 1.885 ; IDEX_PipelineRegister:IDEX_REG|register_NBit:REG_Ctrl|dffg:\G_Register_NBit:2:REGI|s_Q ; sw_fetch_unit:F_UNIT_SW|register_NBit:PC_REG|dffg:\G_Register_NBit:5:REGI|s_Q  ; iCLK         ; iCLK        ; 20.000       ; 0.307      ; 18.421     ;
; 1.885 ; IDEX_PipelineRegister:IDEX_REG|register_NBit:REG_Ctrl|dffg:\G_Register_NBit:2:REGI|s_Q ; sw_fetch_unit:F_UNIT_SW|register_NBit:PC_REG|dffg:\G_Register_NBit:4:REGI|s_Q  ; iCLK         ; iCLK        ; 20.000       ; 0.307      ; 18.421     ;
; 1.885 ; IDEX_PipelineRegister:IDEX_REG|register_NBit:REG_Ctrl|dffg:\G_Register_NBit:2:REGI|s_Q ; sw_fetch_unit:F_UNIT_SW|register_NBit:PC_REG|dffg:\G_Register_NBit:3:REGI|s_Q  ; iCLK         ; iCLK        ; 20.000       ; 0.307      ; 18.421     ;
; 1.903 ; IDEX_PipelineRegister:IDEX_REG|register_NBit:REG_Ctrl|dffg:\G_Register_NBit:2:REGI|s_Q ; sw_fetch_unit:F_UNIT_SW|register_NBit:PC_REG|dffg:\G_Register_NBit:23:REGI|s_Q ; iCLK         ; iCLK        ; 20.000       ; 0.308      ; 18.404     ;
; 1.903 ; IDEX_PipelineRegister:IDEX_REG|register_NBit:REG_Ctrl|dffg:\G_Register_NBit:2:REGI|s_Q ; sw_fetch_unit:F_UNIT_SW|register_NBit:PC_REG|dffg:\G_Register_NBit:21:REGI|s_Q ; iCLK         ; iCLK        ; 20.000       ; 0.308      ; 18.404     ;
; 1.903 ; IDEX_PipelineRegister:IDEX_REG|register_NBit:REG_Ctrl|dffg:\G_Register_NBit:2:REGI|s_Q ; sw_fetch_unit:F_UNIT_SW|register_NBit:PC_REG|dffg:\G_Register_NBit:25:REGI|s_Q ; iCLK         ; iCLK        ; 20.000       ; 0.308      ; 18.404     ;
; 1.903 ; IDEX_PipelineRegister:IDEX_REG|register_NBit:REG_Ctrl|dffg:\G_Register_NBit:2:REGI|s_Q ; sw_fetch_unit:F_UNIT_SW|register_NBit:PC_REG|dffg:\G_Register_NBit:24:REGI|s_Q ; iCLK         ; iCLK        ; 20.000       ; 0.308      ; 18.404     ;
; 1.908 ; IDEX_PipelineRegister:IDEX_REG|register_NBit:REG_Ctrl|dffg:\G_Register_NBit:2:REGI|s_Q ; sw_fetch_unit:F_UNIT_SW|register_NBit:PC_REG|dffg:\G_Register_NBit:27:REGI|s_Q ; iCLK         ; iCLK        ; 20.000       ; 0.310      ; 18.401     ;
; 1.916 ; IDEX_PipelineRegister:IDEX_REG|register_NBit:REG_Ctrl|dffg:\G_Register_NBit:2:REGI|s_Q ; sw_fetch_unit:F_UNIT_SW|register_NBit:PC_REG|dffg:\G_Register_NBit:11:REGI|s_Q ; iCLK         ; iCLK        ; 20.000       ; 0.306      ; 18.389     ;
; 1.916 ; IDEX_PipelineRegister:IDEX_REG|register_NBit:REG_Ctrl|dffg:\G_Register_NBit:2:REGI|s_Q ; sw_fetch_unit:F_UNIT_SW|register_NBit:PC_REG|dffg:\G_Register_NBit:26:REGI|s_Q ; iCLK         ; iCLK        ; 20.000       ; 0.309      ; 18.392     ;
; 1.916 ; IDEX_PipelineRegister:IDEX_REG|register_NBit:REG_Ctrl|dffg:\G_Register_NBit:2:REGI|s_Q ; sw_fetch_unit:F_UNIT_SW|register_NBit:PC_REG|dffg:\G_Register_NBit:28:REGI|s_Q ; iCLK         ; iCLK        ; 20.000       ; 0.309      ; 18.392     ;
; 1.916 ; IDEX_PipelineRegister:IDEX_REG|register_NBit:REG_Ctrl|dffg:\G_Register_NBit:2:REGI|s_Q ; sw_fetch_unit:F_UNIT_SW|register_NBit:PC_REG|dffg:\G_Register_NBit:29:REGI|s_Q ; iCLK         ; iCLK        ; 20.000       ; 0.309      ; 18.392     ;
; 1.916 ; IDEX_PipelineRegister:IDEX_REG|register_NBit:REG_Ctrl|dffg:\G_Register_NBit:2:REGI|s_Q ; sw_fetch_unit:F_UNIT_SW|register_NBit:PC_REG|dffg:\G_Register_NBit:30:REGI|s_Q ; iCLK         ; iCLK        ; 20.000       ; 0.309      ; 18.392     ;
; 1.916 ; IDEX_PipelineRegister:IDEX_REG|register_NBit:REG_Ctrl|dffg:\G_Register_NBit:2:REGI|s_Q ; sw_fetch_unit:F_UNIT_SW|register_NBit:PC_REG|dffg:\G_Register_NBit:31:REGI|s_Q ; iCLK         ; iCLK        ; 20.000       ; 0.309      ; 18.392     ;
; 1.916 ; IDEX_PipelineRegister:IDEX_REG|register_NBit:REG_Ctrl|dffg:\G_Register_NBit:2:REGI|s_Q ; sw_fetch_unit:F_UNIT_SW|register_NBit:PC_REG|dffg:\G_Register_NBit:10:REGI|s_Q ; iCLK         ; iCLK        ; 20.000       ; 0.306      ; 18.389     ;
; 1.916 ; IDEX_PipelineRegister:IDEX_REG|register_NBit:REG_Ctrl|dffg:\G_Register_NBit:2:REGI|s_Q ; sw_fetch_unit:F_UNIT_SW|register_NBit:PC_REG|dffg:\G_Register_NBit:8:REGI|s_Q  ; iCLK         ; iCLK        ; 20.000       ; 0.306      ; 18.389     ;
; 1.916 ; IDEX_PipelineRegister:IDEX_REG|register_NBit:REG_Ctrl|dffg:\G_Register_NBit:2:REGI|s_Q ; sw_fetch_unit:F_UNIT_SW|register_NBit:PC_REG|dffg:\G_Register_NBit:7:REGI|s_Q  ; iCLK         ; iCLK        ; 20.000       ; 0.306      ; 18.389     ;
; 1.916 ; IDEX_PipelineRegister:IDEX_REG|register_NBit:REG_Ctrl|dffg:\G_Register_NBit:2:REGI|s_Q ; sw_fetch_unit:F_UNIT_SW|register_NBit:PC_REG|dffg:\G_Register_NBit:6:REGI|s_Q  ; iCLK         ; iCLK        ; 20.000       ; 0.306      ; 18.389     ;
; 1.916 ; IDEX_PipelineRegister:IDEX_REG|register_NBit:REG_Ctrl|dffg:\G_Register_NBit:2:REGI|s_Q ; sw_fetch_unit:F_UNIT_SW|register_NBit:PC_REG|dffg:\G_Register_NBit:9:REGI|s_Q  ; iCLK         ; iCLK        ; 20.000       ; 0.306      ; 18.389     ;
; 1.954 ; IDEX_PipelineRegister:IDEX_REG|register_NBit:REG_Ctrl|dffg:\G_Register_NBit:0:REGI|s_Q ; sw_fetch_unit:F_UNIT_SW|register_NBit:PC_REG|dffg:\G_Register_NBit:2:REGI|s_Q  ; iCLK         ; iCLK        ; 20.000       ; 0.303      ; 18.348     ;
; 1.954 ; IDEX_PipelineRegister:IDEX_REG|register_NBit:REG_Ctrl|dffg:\G_Register_NBit:0:REGI|s_Q ; sw_fetch_unit:F_UNIT_SW|register_NBit:PC_REG|dffg:\G_Register_NBit:5:REGI|s_Q  ; iCLK         ; iCLK        ; 20.000       ; 0.303      ; 18.348     ;
; 1.954 ; IDEX_PipelineRegister:IDEX_REG|register_NBit:REG_Ctrl|dffg:\G_Register_NBit:0:REGI|s_Q ; sw_fetch_unit:F_UNIT_SW|register_NBit:PC_REG|dffg:\G_Register_NBit:4:REGI|s_Q  ; iCLK         ; iCLK        ; 20.000       ; 0.303      ; 18.348     ;
; 1.954 ; IDEX_PipelineRegister:IDEX_REG|register_NBit:REG_Ctrl|dffg:\G_Register_NBit:0:REGI|s_Q ; sw_fetch_unit:F_UNIT_SW|register_NBit:PC_REG|dffg:\G_Register_NBit:3:REGI|s_Q  ; iCLK         ; iCLK        ; 20.000       ; 0.303      ; 18.348     ;
; 1.972 ; IDEX_PipelineRegister:IDEX_REG|register_NBit:REG_Ctrl|dffg:\G_Register_NBit:0:REGI|s_Q ; sw_fetch_unit:F_UNIT_SW|register_NBit:PC_REG|dffg:\G_Register_NBit:23:REGI|s_Q ; iCLK         ; iCLK        ; 20.000       ; 0.304      ; 18.331     ;
; 1.972 ; IDEX_PipelineRegister:IDEX_REG|register_NBit:REG_Ctrl|dffg:\G_Register_NBit:0:REGI|s_Q ; sw_fetch_unit:F_UNIT_SW|register_NBit:PC_REG|dffg:\G_Register_NBit:21:REGI|s_Q ; iCLK         ; iCLK        ; 20.000       ; 0.304      ; 18.331     ;
; 1.972 ; IDEX_PipelineRegister:IDEX_REG|register_NBit:REG_Ctrl|dffg:\G_Register_NBit:0:REGI|s_Q ; sw_fetch_unit:F_UNIT_SW|register_NBit:PC_REG|dffg:\G_Register_NBit:25:REGI|s_Q ; iCLK         ; iCLK        ; 20.000       ; 0.304      ; 18.331     ;
; 1.972 ; IDEX_PipelineRegister:IDEX_REG|register_NBit:REG_Ctrl|dffg:\G_Register_NBit:0:REGI|s_Q ; sw_fetch_unit:F_UNIT_SW|register_NBit:PC_REG|dffg:\G_Register_NBit:24:REGI|s_Q ; iCLK         ; iCLK        ; 20.000       ; 0.304      ; 18.331     ;
; 1.977 ; IDEX_PipelineRegister:IDEX_REG|register_NBit:REG_Ctrl|dffg:\G_Register_NBit:0:REGI|s_Q ; sw_fetch_unit:F_UNIT_SW|register_NBit:PC_REG|dffg:\G_Register_NBit:27:REGI|s_Q ; iCLK         ; iCLK        ; 20.000       ; 0.306      ; 18.328     ;
; 1.985 ; IDEX_PipelineRegister:IDEX_REG|register_NBit:REG_Ctrl|dffg:\G_Register_NBit:0:REGI|s_Q ; sw_fetch_unit:F_UNIT_SW|register_NBit:PC_REG|dffg:\G_Register_NBit:11:REGI|s_Q ; iCLK         ; iCLK        ; 20.000       ; 0.302      ; 18.316     ;
; 1.985 ; IDEX_PipelineRegister:IDEX_REG|register_NBit:REG_Ctrl|dffg:\G_Register_NBit:0:REGI|s_Q ; sw_fetch_unit:F_UNIT_SW|register_NBit:PC_REG|dffg:\G_Register_NBit:26:REGI|s_Q ; iCLK         ; iCLK        ; 20.000       ; 0.305      ; 18.319     ;
; 1.985 ; IDEX_PipelineRegister:IDEX_REG|register_NBit:REG_Ctrl|dffg:\G_Register_NBit:0:REGI|s_Q ; sw_fetch_unit:F_UNIT_SW|register_NBit:PC_REG|dffg:\G_Register_NBit:28:REGI|s_Q ; iCLK         ; iCLK        ; 20.000       ; 0.305      ; 18.319     ;
; 1.985 ; IDEX_PipelineRegister:IDEX_REG|register_NBit:REG_Ctrl|dffg:\G_Register_NBit:0:REGI|s_Q ; sw_fetch_unit:F_UNIT_SW|register_NBit:PC_REG|dffg:\G_Register_NBit:29:REGI|s_Q ; iCLK         ; iCLK        ; 20.000       ; 0.305      ; 18.319     ;
; 1.985 ; IDEX_PipelineRegister:IDEX_REG|register_NBit:REG_Ctrl|dffg:\G_Register_NBit:0:REGI|s_Q ; sw_fetch_unit:F_UNIT_SW|register_NBit:PC_REG|dffg:\G_Register_NBit:30:REGI|s_Q ; iCLK         ; iCLK        ; 20.000       ; 0.305      ; 18.319     ;
; 1.985 ; IDEX_PipelineRegister:IDEX_REG|register_NBit:REG_Ctrl|dffg:\G_Register_NBit:0:REGI|s_Q ; sw_fetch_unit:F_UNIT_SW|register_NBit:PC_REG|dffg:\G_Register_NBit:31:REGI|s_Q ; iCLK         ; iCLK        ; 20.000       ; 0.305      ; 18.319     ;
; 1.985 ; IDEX_PipelineRegister:IDEX_REG|register_NBit:REG_Ctrl|dffg:\G_Register_NBit:0:REGI|s_Q ; sw_fetch_unit:F_UNIT_SW|register_NBit:PC_REG|dffg:\G_Register_NBit:10:REGI|s_Q ; iCLK         ; iCLK        ; 20.000       ; 0.302      ; 18.316     ;
; 1.985 ; IDEX_PipelineRegister:IDEX_REG|register_NBit:REG_Ctrl|dffg:\G_Register_NBit:0:REGI|s_Q ; sw_fetch_unit:F_UNIT_SW|register_NBit:PC_REG|dffg:\G_Register_NBit:8:REGI|s_Q  ; iCLK         ; iCLK        ; 20.000       ; 0.302      ; 18.316     ;
; 1.985 ; IDEX_PipelineRegister:IDEX_REG|register_NBit:REG_Ctrl|dffg:\G_Register_NBit:0:REGI|s_Q ; sw_fetch_unit:F_UNIT_SW|register_NBit:PC_REG|dffg:\G_Register_NBit:7:REGI|s_Q  ; iCLK         ; iCLK        ; 20.000       ; 0.302      ; 18.316     ;
; 1.985 ; IDEX_PipelineRegister:IDEX_REG|register_NBit:REG_Ctrl|dffg:\G_Register_NBit:0:REGI|s_Q ; sw_fetch_unit:F_UNIT_SW|register_NBit:PC_REG|dffg:\G_Register_NBit:6:REGI|s_Q  ; iCLK         ; iCLK        ; 20.000       ; 0.302      ; 18.316     ;
; 1.985 ; IDEX_PipelineRegister:IDEX_REG|register_NBit:REG_Ctrl|dffg:\G_Register_NBit:0:REGI|s_Q ; sw_fetch_unit:F_UNIT_SW|register_NBit:PC_REG|dffg:\G_Register_NBit:9:REGI|s_Q  ; iCLK         ; iCLK        ; 20.000       ; 0.302      ; 18.316     ;
; 2.004 ; IDEX_PipelineRegister:IDEX_REG|register_NBit:REG_Ctrl|dffg:\G_Register_NBit:2:REGI|s_Q ; sw_fetch_unit:F_UNIT_SW|register_NBit:PC_REG|dffg:\G_Register_NBit:19:REGI|s_Q ; iCLK         ; iCLK        ; 20.000       ; 0.304      ; 18.299     ;
; 2.004 ; IDEX_PipelineRegister:IDEX_REG|register_NBit:REG_Ctrl|dffg:\G_Register_NBit:2:REGI|s_Q ; sw_fetch_unit:F_UNIT_SW|register_NBit:PC_REG|dffg:\G_Register_NBit:18:REGI|s_Q ; iCLK         ; iCLK        ; 20.000       ; 0.304      ; 18.299     ;
; 2.004 ; IDEX_PipelineRegister:IDEX_REG|register_NBit:REG_Ctrl|dffg:\G_Register_NBit:2:REGI|s_Q ; sw_fetch_unit:F_UNIT_SW|register_NBit:PC_REG|dffg:\G_Register_NBit:20:REGI|s_Q ; iCLK         ; iCLK        ; 20.000       ; 0.304      ; 18.299     ;
; 2.017 ; IDEX_PipelineRegister:IDEX_REG|register_NBit:REG_rs2|dffg:\G_Register_NBit:1:REGI|s_Q  ; sw_fetch_unit:F_UNIT_SW|register_NBit:PC_REG|dffg:\G_Register_NBit:2:REGI|s_Q  ; iCLK         ; iCLK        ; 20.000       ; 0.307      ; 18.289     ;
; 2.017 ; IDEX_PipelineRegister:IDEX_REG|register_NBit:REG_rs2|dffg:\G_Register_NBit:1:REGI|s_Q  ; sw_fetch_unit:F_UNIT_SW|register_NBit:PC_REG|dffg:\G_Register_NBit:5:REGI|s_Q  ; iCLK         ; iCLK        ; 20.000       ; 0.307      ; 18.289     ;
; 2.017 ; IDEX_PipelineRegister:IDEX_REG|register_NBit:REG_rs2|dffg:\G_Register_NBit:1:REGI|s_Q  ; sw_fetch_unit:F_UNIT_SW|register_NBit:PC_REG|dffg:\G_Register_NBit:4:REGI|s_Q  ; iCLK         ; iCLK        ; 20.000       ; 0.307      ; 18.289     ;
; 2.017 ; IDEX_PipelineRegister:IDEX_REG|register_NBit:REG_rs2|dffg:\G_Register_NBit:1:REGI|s_Q  ; sw_fetch_unit:F_UNIT_SW|register_NBit:PC_REG|dffg:\G_Register_NBit:3:REGI|s_Q  ; iCLK         ; iCLK        ; 20.000       ; 0.307      ; 18.289     ;
; 2.035 ; IDEX_PipelineRegister:IDEX_REG|register_NBit:REG_rs2|dffg:\G_Register_NBit:1:REGI|s_Q  ; sw_fetch_unit:F_UNIT_SW|register_NBit:PC_REG|dffg:\G_Register_NBit:23:REGI|s_Q ; iCLK         ; iCLK        ; 20.000       ; 0.308      ; 18.272     ;
; 2.035 ; IDEX_PipelineRegister:IDEX_REG|register_NBit:REG_rs2|dffg:\G_Register_NBit:1:REGI|s_Q  ; sw_fetch_unit:F_UNIT_SW|register_NBit:PC_REG|dffg:\G_Register_NBit:21:REGI|s_Q ; iCLK         ; iCLK        ; 20.000       ; 0.308      ; 18.272     ;
; 2.035 ; IDEX_PipelineRegister:IDEX_REG|register_NBit:REG_rs2|dffg:\G_Register_NBit:1:REGI|s_Q  ; sw_fetch_unit:F_UNIT_SW|register_NBit:PC_REG|dffg:\G_Register_NBit:25:REGI|s_Q ; iCLK         ; iCLK        ; 20.000       ; 0.308      ; 18.272     ;
; 2.035 ; IDEX_PipelineRegister:IDEX_REG|register_NBit:REG_rs2|dffg:\G_Register_NBit:1:REGI|s_Q  ; sw_fetch_unit:F_UNIT_SW|register_NBit:PC_REG|dffg:\G_Register_NBit:24:REGI|s_Q ; iCLK         ; iCLK        ; 20.000       ; 0.308      ; 18.272     ;
; 2.040 ; IDEX_PipelineRegister:IDEX_REG|register_NBit:REG_rs2|dffg:\G_Register_NBit:1:REGI|s_Q  ; sw_fetch_unit:F_UNIT_SW|register_NBit:PC_REG|dffg:\G_Register_NBit:27:REGI|s_Q ; iCLK         ; iCLK        ; 20.000       ; 0.310      ; 18.269     ;
; 2.048 ; IDEX_PipelineRegister:IDEX_REG|register_NBit:REG_rs2|dffg:\G_Register_NBit:1:REGI|s_Q  ; sw_fetch_unit:F_UNIT_SW|register_NBit:PC_REG|dffg:\G_Register_NBit:11:REGI|s_Q ; iCLK         ; iCLK        ; 20.000       ; 0.306      ; 18.257     ;
; 2.048 ; IDEX_PipelineRegister:IDEX_REG|register_NBit:REG_rs2|dffg:\G_Register_NBit:1:REGI|s_Q  ; sw_fetch_unit:F_UNIT_SW|register_NBit:PC_REG|dffg:\G_Register_NBit:26:REGI|s_Q ; iCLK         ; iCLK        ; 20.000       ; 0.309      ; 18.260     ;
; 2.048 ; IDEX_PipelineRegister:IDEX_REG|register_NBit:REG_rs2|dffg:\G_Register_NBit:1:REGI|s_Q  ; sw_fetch_unit:F_UNIT_SW|register_NBit:PC_REG|dffg:\G_Register_NBit:28:REGI|s_Q ; iCLK         ; iCLK        ; 20.000       ; 0.309      ; 18.260     ;
; 2.048 ; IDEX_PipelineRegister:IDEX_REG|register_NBit:REG_rs2|dffg:\G_Register_NBit:1:REGI|s_Q  ; sw_fetch_unit:F_UNIT_SW|register_NBit:PC_REG|dffg:\G_Register_NBit:29:REGI|s_Q ; iCLK         ; iCLK        ; 20.000       ; 0.309      ; 18.260     ;
; 2.048 ; IDEX_PipelineRegister:IDEX_REG|register_NBit:REG_rs2|dffg:\G_Register_NBit:1:REGI|s_Q  ; sw_fetch_unit:F_UNIT_SW|register_NBit:PC_REG|dffg:\G_Register_NBit:30:REGI|s_Q ; iCLK         ; iCLK        ; 20.000       ; 0.309      ; 18.260     ;
; 2.048 ; IDEX_PipelineRegister:IDEX_REG|register_NBit:REG_rs2|dffg:\G_Register_NBit:1:REGI|s_Q  ; sw_fetch_unit:F_UNIT_SW|register_NBit:PC_REG|dffg:\G_Register_NBit:31:REGI|s_Q ; iCLK         ; iCLK        ; 20.000       ; 0.309      ; 18.260     ;
; 2.048 ; IDEX_PipelineRegister:IDEX_REG|register_NBit:REG_rs2|dffg:\G_Register_NBit:1:REGI|s_Q  ; sw_fetch_unit:F_UNIT_SW|register_NBit:PC_REG|dffg:\G_Register_NBit:10:REGI|s_Q ; iCLK         ; iCLK        ; 20.000       ; 0.306      ; 18.257     ;
; 2.048 ; IDEX_PipelineRegister:IDEX_REG|register_NBit:REG_rs2|dffg:\G_Register_NBit:1:REGI|s_Q  ; sw_fetch_unit:F_UNIT_SW|register_NBit:PC_REG|dffg:\G_Register_NBit:8:REGI|s_Q  ; iCLK         ; iCLK        ; 20.000       ; 0.306      ; 18.257     ;
; 2.048 ; IDEX_PipelineRegister:IDEX_REG|register_NBit:REG_rs2|dffg:\G_Register_NBit:1:REGI|s_Q  ; sw_fetch_unit:F_UNIT_SW|register_NBit:PC_REG|dffg:\G_Register_NBit:7:REGI|s_Q  ; iCLK         ; iCLK        ; 20.000       ; 0.306      ; 18.257     ;
; 2.048 ; IDEX_PipelineRegister:IDEX_REG|register_NBit:REG_rs2|dffg:\G_Register_NBit:1:REGI|s_Q  ; sw_fetch_unit:F_UNIT_SW|register_NBit:PC_REG|dffg:\G_Register_NBit:6:REGI|s_Q  ; iCLK         ; iCLK        ; 20.000       ; 0.306      ; 18.257     ;
; 2.048 ; IDEX_PipelineRegister:IDEX_REG|register_NBit:REG_rs2|dffg:\G_Register_NBit:1:REGI|s_Q  ; sw_fetch_unit:F_UNIT_SW|register_NBit:PC_REG|dffg:\G_Register_NBit:9:REGI|s_Q  ; iCLK         ; iCLK        ; 20.000       ; 0.306      ; 18.257     ;
; 2.051 ; IDEX_PipelineRegister:IDEX_REG|register_NBit:REG_rs1|dffg:\G_Register_NBit:1:REGI|s_Q  ; sw_fetch_unit:F_UNIT_SW|register_NBit:PC_REG|dffg:\G_Register_NBit:2:REGI|s_Q  ; iCLK         ; iCLK        ; 20.000       ; 0.309      ; 18.257     ;
; 2.051 ; IDEX_PipelineRegister:IDEX_REG|register_NBit:REG_rs1|dffg:\G_Register_NBit:1:REGI|s_Q  ; sw_fetch_unit:F_UNIT_SW|register_NBit:PC_REG|dffg:\G_Register_NBit:5:REGI|s_Q  ; iCLK         ; iCLK        ; 20.000       ; 0.309      ; 18.257     ;
; 2.051 ; IDEX_PipelineRegister:IDEX_REG|register_NBit:REG_rs1|dffg:\G_Register_NBit:1:REGI|s_Q  ; sw_fetch_unit:F_UNIT_SW|register_NBit:PC_REG|dffg:\G_Register_NBit:4:REGI|s_Q  ; iCLK         ; iCLK        ; 20.000       ; 0.309      ; 18.257     ;
; 2.051 ; IDEX_PipelineRegister:IDEX_REG|register_NBit:REG_rs1|dffg:\G_Register_NBit:1:REGI|s_Q  ; sw_fetch_unit:F_UNIT_SW|register_NBit:PC_REG|dffg:\G_Register_NBit:3:REGI|s_Q  ; iCLK         ; iCLK        ; 20.000       ; 0.309      ; 18.257     ;
; 2.053 ; IDEX_PipelineRegister:IDEX_REG|register_NBit:REG_rs1|dffg:\G_Register_NBit:0:REGI|s_Q  ; sw_fetch_unit:F_UNIT_SW|register_NBit:PC_REG|dffg:\G_Register_NBit:2:REGI|s_Q  ; iCLK         ; iCLK        ; 20.000       ; 0.303      ; 18.249     ;
; 2.053 ; IDEX_PipelineRegister:IDEX_REG|register_NBit:REG_rs1|dffg:\G_Register_NBit:0:REGI|s_Q  ; sw_fetch_unit:F_UNIT_SW|register_NBit:PC_REG|dffg:\G_Register_NBit:5:REGI|s_Q  ; iCLK         ; iCLK        ; 20.000       ; 0.303      ; 18.249     ;
; 2.053 ; IDEX_PipelineRegister:IDEX_REG|register_NBit:REG_rs1|dffg:\G_Register_NBit:0:REGI|s_Q  ; sw_fetch_unit:F_UNIT_SW|register_NBit:PC_REG|dffg:\G_Register_NBit:4:REGI|s_Q  ; iCLK         ; iCLK        ; 20.000       ; 0.303      ; 18.249     ;
; 2.053 ; IDEX_PipelineRegister:IDEX_REG|register_NBit:REG_rs1|dffg:\G_Register_NBit:0:REGI|s_Q  ; sw_fetch_unit:F_UNIT_SW|register_NBit:PC_REG|dffg:\G_Register_NBit:3:REGI|s_Q  ; iCLK         ; iCLK        ; 20.000       ; 0.303      ; 18.249     ;
; 2.069 ; IDEX_PipelineRegister:IDEX_REG|register_NBit:REG_rs1|dffg:\G_Register_NBit:1:REGI|s_Q  ; sw_fetch_unit:F_UNIT_SW|register_NBit:PC_REG|dffg:\G_Register_NBit:23:REGI|s_Q ; iCLK         ; iCLK        ; 20.000       ; 0.310      ; 18.240     ;
; 2.069 ; IDEX_PipelineRegister:IDEX_REG|register_NBit:REG_rs1|dffg:\G_Register_NBit:1:REGI|s_Q  ; sw_fetch_unit:F_UNIT_SW|register_NBit:PC_REG|dffg:\G_Register_NBit:21:REGI|s_Q ; iCLK         ; iCLK        ; 20.000       ; 0.310      ; 18.240     ;
; 2.069 ; IDEX_PipelineRegister:IDEX_REG|register_NBit:REG_rs1|dffg:\G_Register_NBit:1:REGI|s_Q  ; sw_fetch_unit:F_UNIT_SW|register_NBit:PC_REG|dffg:\G_Register_NBit:25:REGI|s_Q ; iCLK         ; iCLK        ; 20.000       ; 0.310      ; 18.240     ;
; 2.069 ; IDEX_PipelineRegister:IDEX_REG|register_NBit:REG_rs1|dffg:\G_Register_NBit:1:REGI|s_Q  ; sw_fetch_unit:F_UNIT_SW|register_NBit:PC_REG|dffg:\G_Register_NBit:24:REGI|s_Q ; iCLK         ; iCLK        ; 20.000       ; 0.310      ; 18.240     ;
; 2.071 ; IDEX_PipelineRegister:IDEX_REG|register_NBit:REG_rs1|dffg:\G_Register_NBit:0:REGI|s_Q  ; sw_fetch_unit:F_UNIT_SW|register_NBit:PC_REG|dffg:\G_Register_NBit:23:REGI|s_Q ; iCLK         ; iCLK        ; 20.000       ; 0.304      ; 18.232     ;
; 2.071 ; IDEX_PipelineRegister:IDEX_REG|register_NBit:REG_rs1|dffg:\G_Register_NBit:0:REGI|s_Q  ; sw_fetch_unit:F_UNIT_SW|register_NBit:PC_REG|dffg:\G_Register_NBit:21:REGI|s_Q ; iCLK         ; iCLK        ; 20.000       ; 0.304      ; 18.232     ;
; 2.071 ; IDEX_PipelineRegister:IDEX_REG|register_NBit:REG_rs1|dffg:\G_Register_NBit:0:REGI|s_Q  ; sw_fetch_unit:F_UNIT_SW|register_NBit:PC_REG|dffg:\G_Register_NBit:25:REGI|s_Q ; iCLK         ; iCLK        ; 20.000       ; 0.304      ; 18.232     ;
; 2.071 ; IDEX_PipelineRegister:IDEX_REG|register_NBit:REG_rs1|dffg:\G_Register_NBit:0:REGI|s_Q  ; sw_fetch_unit:F_UNIT_SW|register_NBit:PC_REG|dffg:\G_Register_NBit:24:REGI|s_Q ; iCLK         ; iCLK        ; 20.000       ; 0.304      ; 18.232     ;
; 2.073 ; IDEX_PipelineRegister:IDEX_REG|register_NBit:REG_Ctrl|dffg:\G_Register_NBit:0:REGI|s_Q ; sw_fetch_unit:F_UNIT_SW|register_NBit:PC_REG|dffg:\G_Register_NBit:19:REGI|s_Q ; iCLK         ; iCLK        ; 20.000       ; 0.300      ; 18.226     ;
; 2.073 ; IDEX_PipelineRegister:IDEX_REG|register_NBit:REG_Ctrl|dffg:\G_Register_NBit:0:REGI|s_Q ; sw_fetch_unit:F_UNIT_SW|register_NBit:PC_REG|dffg:\G_Register_NBit:18:REGI|s_Q ; iCLK         ; iCLK        ; 20.000       ; 0.300      ; 18.226     ;
; 2.073 ; IDEX_PipelineRegister:IDEX_REG|register_NBit:REG_Ctrl|dffg:\G_Register_NBit:0:REGI|s_Q ; sw_fetch_unit:F_UNIT_SW|register_NBit:PC_REG|dffg:\G_Register_NBit:20:REGI|s_Q ; iCLK         ; iCLK        ; 20.000       ; 0.300      ; 18.226     ;
; 2.074 ; IDEX_PipelineRegister:IDEX_REG|register_NBit:REG_rs1|dffg:\G_Register_NBit:1:REGI|s_Q  ; sw_fetch_unit:F_UNIT_SW|register_NBit:PC_REG|dffg:\G_Register_NBit:27:REGI|s_Q ; iCLK         ; iCLK        ; 20.000       ; 0.312      ; 18.237     ;
; 2.076 ; IDEX_PipelineRegister:IDEX_REG|register_NBit:REG_rs1|dffg:\G_Register_NBit:0:REGI|s_Q  ; sw_fetch_unit:F_UNIT_SW|register_NBit:PC_REG|dffg:\G_Register_NBit:27:REGI|s_Q ; iCLK         ; iCLK        ; 20.000       ; 0.306      ; 18.229     ;
; 2.082 ; IDEX_PipelineRegister:IDEX_REG|register_NBit:REG_rs1|dffg:\G_Register_NBit:1:REGI|s_Q  ; sw_fetch_unit:F_UNIT_SW|register_NBit:PC_REG|dffg:\G_Register_NBit:11:REGI|s_Q ; iCLK         ; iCLK        ; 20.000       ; 0.308      ; 18.225     ;
; 2.082 ; IDEX_PipelineRegister:IDEX_REG|register_NBit:REG_rs1|dffg:\G_Register_NBit:1:REGI|s_Q  ; sw_fetch_unit:F_UNIT_SW|register_NBit:PC_REG|dffg:\G_Register_NBit:26:REGI|s_Q ; iCLK         ; iCLK        ; 20.000       ; 0.311      ; 18.228     ;
; 2.082 ; IDEX_PipelineRegister:IDEX_REG|register_NBit:REG_rs1|dffg:\G_Register_NBit:1:REGI|s_Q  ; sw_fetch_unit:F_UNIT_SW|register_NBit:PC_REG|dffg:\G_Register_NBit:28:REGI|s_Q ; iCLK         ; iCLK        ; 20.000       ; 0.311      ; 18.228     ;
; 2.082 ; IDEX_PipelineRegister:IDEX_REG|register_NBit:REG_rs1|dffg:\G_Register_NBit:1:REGI|s_Q  ; sw_fetch_unit:F_UNIT_SW|register_NBit:PC_REG|dffg:\G_Register_NBit:29:REGI|s_Q ; iCLK         ; iCLK        ; 20.000       ; 0.311      ; 18.228     ;
; 2.082 ; IDEX_PipelineRegister:IDEX_REG|register_NBit:REG_rs1|dffg:\G_Register_NBit:1:REGI|s_Q  ; sw_fetch_unit:F_UNIT_SW|register_NBit:PC_REG|dffg:\G_Register_NBit:30:REGI|s_Q ; iCLK         ; iCLK        ; 20.000       ; 0.311      ; 18.228     ;
; 2.082 ; IDEX_PipelineRegister:IDEX_REG|register_NBit:REG_rs1|dffg:\G_Register_NBit:1:REGI|s_Q  ; sw_fetch_unit:F_UNIT_SW|register_NBit:PC_REG|dffg:\G_Register_NBit:31:REGI|s_Q ; iCLK         ; iCLK        ; 20.000       ; 0.311      ; 18.228     ;
; 2.082 ; IDEX_PipelineRegister:IDEX_REG|register_NBit:REG_rs1|dffg:\G_Register_NBit:1:REGI|s_Q  ; sw_fetch_unit:F_UNIT_SW|register_NBit:PC_REG|dffg:\G_Register_NBit:10:REGI|s_Q ; iCLK         ; iCLK        ; 20.000       ; 0.308      ; 18.225     ;
; 2.082 ; IDEX_PipelineRegister:IDEX_REG|register_NBit:REG_rs1|dffg:\G_Register_NBit:1:REGI|s_Q  ; sw_fetch_unit:F_UNIT_SW|register_NBit:PC_REG|dffg:\G_Register_NBit:8:REGI|s_Q  ; iCLK         ; iCLK        ; 20.000       ; 0.308      ; 18.225     ;
; 2.082 ; IDEX_PipelineRegister:IDEX_REG|register_NBit:REG_rs1|dffg:\G_Register_NBit:1:REGI|s_Q  ; sw_fetch_unit:F_UNIT_SW|register_NBit:PC_REG|dffg:\G_Register_NBit:7:REGI|s_Q  ; iCLK         ; iCLK        ; 20.000       ; 0.308      ; 18.225     ;
; 2.082 ; IDEX_PipelineRegister:IDEX_REG|register_NBit:REG_rs1|dffg:\G_Register_NBit:1:REGI|s_Q  ; sw_fetch_unit:F_UNIT_SW|register_NBit:PC_REG|dffg:\G_Register_NBit:6:REGI|s_Q  ; iCLK         ; iCLK        ; 20.000       ; 0.308      ; 18.225     ;
; 2.082 ; IDEX_PipelineRegister:IDEX_REG|register_NBit:REG_rs1|dffg:\G_Register_NBit:1:REGI|s_Q  ; sw_fetch_unit:F_UNIT_SW|register_NBit:PC_REG|dffg:\G_Register_NBit:9:REGI|s_Q  ; iCLK         ; iCLK        ; 20.000       ; 0.308      ; 18.225     ;
; 2.084 ; IDEX_PipelineRegister:IDEX_REG|register_NBit:REG_rs1|dffg:\G_Register_NBit:0:REGI|s_Q  ; sw_fetch_unit:F_UNIT_SW|register_NBit:PC_REG|dffg:\G_Register_NBit:11:REGI|s_Q ; iCLK         ; iCLK        ; 20.000       ; 0.302      ; 18.217     ;
; 2.084 ; IDEX_PipelineRegister:IDEX_REG|register_NBit:REG_rs1|dffg:\G_Register_NBit:0:REGI|s_Q  ; sw_fetch_unit:F_UNIT_SW|register_NBit:PC_REG|dffg:\G_Register_NBit:26:REGI|s_Q ; iCLK         ; iCLK        ; 20.000       ; 0.305      ; 18.220     ;
; 2.084 ; IDEX_PipelineRegister:IDEX_REG|register_NBit:REG_rs1|dffg:\G_Register_NBit:0:REGI|s_Q  ; sw_fetch_unit:F_UNIT_SW|register_NBit:PC_REG|dffg:\G_Register_NBit:28:REGI|s_Q ; iCLK         ; iCLK        ; 20.000       ; 0.305      ; 18.220     ;
; 2.084 ; IDEX_PipelineRegister:IDEX_REG|register_NBit:REG_rs1|dffg:\G_Register_NBit:0:REGI|s_Q  ; sw_fetch_unit:F_UNIT_SW|register_NBit:PC_REG|dffg:\G_Register_NBit:29:REGI|s_Q ; iCLK         ; iCLK        ; 20.000       ; 0.305      ; 18.220     ;
; 2.084 ; IDEX_PipelineRegister:IDEX_REG|register_NBit:REG_rs1|dffg:\G_Register_NBit:0:REGI|s_Q  ; sw_fetch_unit:F_UNIT_SW|register_NBit:PC_REG|dffg:\G_Register_NBit:30:REGI|s_Q ; iCLK         ; iCLK        ; 20.000       ; 0.305      ; 18.220     ;
+-------+----------------------------------------------------------------------------------------+--------------------------------------------------------------------------------+--------------+-------------+--------------+------------+------------+


+---------------------------------------------------------------------------------------------------------------------------------------------------------------------------------------------------------------------------------------------------------------------------------------------------------------------------------------------------------------------------------------------------------------------------------------------------------------------------+
; Slow 1200mV 0C Model Hold: 'iCLK'                                                                                                                                                                                                                                                                                                                                                                                                                                         ;
+-------+---------------------------------------------------------------------------------------------------------------------------------------------------------------------------------+-----------------------------------------------------------------------------------------------------------------------------------------------------------------------------------------------------------+--------------+-------------+--------------+------------+------------+
; Slack ; From Node                                                                                                                                                                       ; To Node                                                                                                                                                                                                   ; Launch Clock ; Latch Clock ; Relationship ; Clock Skew ; Data Delay ;
+-------+---------------------------------------------------------------------------------------------------------------------------------------------------------------------------------+-----------------------------------------------------------------------------------------------------------------------------------------------------------------------------------------------------------+--------------+-------------+--------------+------------+------------+
; 0.392 ; IFID_PipelineRegister:IFID_REG|register_NBit:REG_PC_Plus4|dffg:\G_Register_NBit:30:REGI|altshift_taps:s_Q_rtl_0|shift_taps_bkm:auto_generated|cntr_4pf:cntr1|counter_reg_bit[0] ; IFID_PipelineRegister:IFID_REG|register_NBit:REG_PC_Plus4|dffg:\G_Register_NBit:30:REGI|altshift_taps:s_Q_rtl_0|shift_taps_bkm:auto_generated|altsyncram_k1b1:altsyncram2|ram_block5a0~porta_address_reg0 ; iCLK         ; iCLK        ; 0.000        ; 0.402      ; 0.995      ;
; 0.394 ; IFID_PipelineRegister:IFID_REG|register_NBit:REG_PC_Plus4|dffg:\G_Register_NBit:30:REGI|altshift_taps:s_Q_rtl_0|shift_taps_bkm:auto_generated|cntr_4pf:cntr1|counter_reg_bit[0] ; IFID_PipelineRegister:IFID_REG|register_NBit:REG_PC_Plus4|dffg:\G_Register_NBit:30:REGI|altshift_taps:s_Q_rtl_0|shift_taps_bkm:auto_generated|altsyncram_k1b1:altsyncram2|ram_block5a0~portb_address_reg0 ; iCLK         ; iCLK        ; 0.000        ; 0.402      ; 0.997      ;
; 0.396 ; EXMEM_PipelineRegister:EXMEM_REG|register_NBit:REG_ALU_Result|dffg:\G_Register_NBit:16:REGI|s_Q                                                                                 ; MEMWB_PipelineRegister:MEMWB_REG|register_NBit:REG_ALU_Result|dffg:\G_Register_NBit:16:REGI|s_Q                                                                                                           ; iCLK         ; iCLK        ; 0.000        ; 0.072      ; 0.639      ;
; 0.396 ; IDEX_PipelineRegister:IDEX_REG|register_NBit:REG_Instr|dffg:\G_Register_NBit:8:REGI|s_Q                                                                                         ; EXMEM_PipelineRegister:EXMEM_REG|register_NBit:REG_rd|dffg:\G_Register_NBit:1:REGI|s_Q                                                                                                                    ; iCLK         ; iCLK        ; 0.000        ; 0.071      ; 0.638      ;
; 0.397 ; EXMEM_PipelineRegister:EXMEM_REG|register_NBit:REG_rd|dffg:\G_Register_NBit:0:REGI|s_Q                                                                                          ; MEMWB_PipelineRegister:MEMWB_REG|register_NBit:REG_rd|dffg:\G_Register_NBit:0:REGI|s_Q                                                                                                                    ; iCLK         ; iCLK        ; 0.000        ; 0.071      ; 0.639      ;
; 0.398 ; EXMEM_PipelineRegister:EXMEM_REG|register_NBit:REG_Ctrl|dffg:\G_Register_NBit:4:REGI|s_Q                                                                                        ; MEMWB_PipelineRegister:MEMWB_REG|register_NBit:REG_Ctrl|dffg:\G_Register_NBit:1:REGI|s_Q                                                                                                                  ; iCLK         ; iCLK        ; 0.000        ; 0.071      ; 0.640      ;
; 0.398 ; IDEX_PipelineRegister:IDEX_REG|register_NBit:REG_Instr|dffg:\G_Register_NBit:10:REGI|s_Q                                                                                        ; EXMEM_PipelineRegister:EXMEM_REG|register_NBit:REG_rd|dffg:\G_Register_NBit:3:REGI|s_Q                                                                                                                    ; iCLK         ; iCLK        ; 0.000        ; 0.071      ; 0.640      ;
; 0.401 ; IDEX_PipelineRegister:IDEX_REG|register_NBit:REG_Instr|dffg:\G_Register_NBit:9:REGI|s_Q                                                                                         ; EXMEM_PipelineRegister:EXMEM_REG|register_NBit:REG_rd|dffg:\G_Register_NBit:2:REGI|s_Q                                                                                                                    ; iCLK         ; iCLK        ; 0.000        ; 0.071      ; 0.643      ;
; 0.404 ; IDEX_PipelineRegister:IDEX_REG|register_NBit:REG_rs2|dffg:\G_Register_NBit:11:REGI|s_Q                                                                                          ; EXMEM_PipelineRegister:EXMEM_REG|register_NBit:REG_rs2|dffg:\G_Register_NBit:11:REGI|s_Q                                                                                                                  ; iCLK         ; iCLK        ; 0.000        ; 0.071      ; 0.646      ;
; 0.405 ; IDEX_PipelineRegister:IDEX_REG|register_NBit:REG_rs2|dffg:\G_Register_NBit:14:REGI|s_Q                                                                                          ; EXMEM_PipelineRegister:EXMEM_REG|register_NBit:REG_rs2|dffg:\G_Register_NBit:14:REGI|s_Q                                                                                                                  ; iCLK         ; iCLK        ; 0.000        ; 0.070      ; 0.646      ;
; 0.406 ; IDEX_PipelineRegister:IDEX_REG|register_NBit:REG_rs2|dffg:\G_Register_NBit:10:REGI|s_Q                                                                                          ; EXMEM_PipelineRegister:EXMEM_REG|register_NBit:REG_rs2|dffg:\G_Register_NBit:10:REGI|s_Q                                                                                                                  ; iCLK         ; iCLK        ; 0.000        ; 0.071      ; 0.648      ;
; 0.411 ; IDEX_PipelineRegister:IDEX_REG|register_NBit:REG_rs2|dffg:\G_Register_NBit:24:REGI|s_Q                                                                                          ; EXMEM_PipelineRegister:EXMEM_REG|register_NBit:REG_rs2|dffg:\G_Register_NBit:24:REGI|s_Q                                                                                                                  ; iCLK         ; iCLK        ; 0.000        ; 0.071      ; 0.653      ;
; 0.412 ; IDEX_PipelineRegister:IDEX_REG|register_NBit:REG_rs2|dffg:\G_Register_NBit:21:REGI|s_Q                                                                                          ; EXMEM_PipelineRegister:EXMEM_REG|register_NBit:REG_rs2|dffg:\G_Register_NBit:21:REGI|s_Q                                                                                                                  ; iCLK         ; iCLK        ; 0.000        ; 0.072      ; 0.655      ;
; 0.416 ; IDEX_PipelineRegister:IDEX_REG|register_NBit:REG_rs2|dffg:\G_Register_NBit:15:REGI|s_Q                                                                                          ; EXMEM_PipelineRegister:EXMEM_REG|register_NBit:REG_rs2|dffg:\G_Register_NBit:15:REGI|s_Q                                                                                                                  ; iCLK         ; iCLK        ; 0.000        ; 0.072      ; 0.659      ;
; 0.416 ; IDEX_PipelineRegister:IDEX_REG|register_NBit:REG_rs2|dffg:\G_Register_NBit:27:REGI|s_Q                                                                                          ; EXMEM_PipelineRegister:EXMEM_REG|register_NBit:REG_rs2|dffg:\G_Register_NBit:27:REGI|s_Q                                                                                                                  ; iCLK         ; iCLK        ; 0.000        ; 0.072      ; 0.659      ;
; 0.417 ; IDEX_PipelineRegister:IDEX_REG|register_NBit:REG_rs2|dffg:\G_Register_NBit:17:REGI|s_Q                                                                                          ; EXMEM_PipelineRegister:EXMEM_REG|register_NBit:REG_rs2|dffg:\G_Register_NBit:17:REGI|s_Q                                                                                                                  ; iCLK         ; iCLK        ; 0.000        ; 0.072      ; 0.660      ;
; 0.417 ; IDEX_PipelineRegister:IDEX_REG|register_NBit:REG_rs2|dffg:\G_Register_NBit:5:REGI|s_Q                                                                                           ; EXMEM_PipelineRegister:EXMEM_REG|register_NBit:REG_rs2|dffg:\G_Register_NBit:5:REGI|s_Q                                                                                                                   ; iCLK         ; iCLK        ; 0.000        ; 0.072      ; 0.660      ;
; 0.418 ; IDEX_PipelineRegister:IDEX_REG|register_NBit:REG_rs2|dffg:\G_Register_NBit:25:REGI|s_Q                                                                                          ; EXMEM_PipelineRegister:EXMEM_REG|register_NBit:REG_rs2|dffg:\G_Register_NBit:25:REGI|s_Q                                                                                                                  ; iCLK         ; iCLK        ; 0.000        ; 0.071      ; 0.660      ;
; 0.418 ; IDEX_PipelineRegister:IDEX_REG|register_NBit:REG_rs2|dffg:\G_Register_NBit:19:REGI|s_Q                                                                                          ; EXMEM_PipelineRegister:EXMEM_REG|register_NBit:REG_rs2|dffg:\G_Register_NBit:19:REGI|s_Q                                                                                                                  ; iCLK         ; iCLK        ; 0.000        ; 0.070      ; 0.659      ;
; 0.418 ; IDEX_PipelineRegister:IDEX_REG|register_NBit:REG_rs2|dffg:\G_Register_NBit:31:REGI|s_Q                                                                                          ; EXMEM_PipelineRegister:EXMEM_REG|register_NBit:REG_rs2|dffg:\G_Register_NBit:31:REGI|s_Q                                                                                                                  ; iCLK         ; iCLK        ; 0.000        ; 0.070      ; 0.659      ;
; 0.418 ; IDEX_PipelineRegister:IDEX_REG|register_NBit:REG_Ctrl|dffg:\G_Register_NBit:10:REGI|s_Q                                                                                         ; EXMEM_PipelineRegister:EXMEM_REG|register_NBit:REG_Ctrl|dffg:\G_Register_NBit:4:REGI|s_Q                                                                                                                  ; iCLK         ; iCLK        ; 0.000        ; 0.071      ; 0.660      ;
; 0.424 ; IDEX_PipelineRegister:IDEX_REG|register_NBit:REG_rs2|dffg:\G_Register_NBit:4:REGI|s_Q                                                                                           ; EXMEM_PipelineRegister:EXMEM_REG|register_NBit:REG_rs2|dffg:\G_Register_NBit:4:REGI|s_Q                                                                                                                   ; iCLK         ; iCLK        ; 0.000        ; 0.071      ; 0.666      ;
; 0.451 ; EXMEM_PipelineRegister:EXMEM_REG|register_NBit:REG_Instr|dffg:\G_Register_NBit:14:REGI|s_Q                                                                                      ; MEMWB_PipelineRegister:MEMWB_REG|register_NBit:REG_DMemOut|dffg:\G_Register_NBit:12:REGI|s_Q                                                                                                              ; iCLK         ; iCLK        ; 0.000        ; 0.070      ; 0.692      ;
; 0.545 ; EXMEM_PipelineRegister:EXMEM_REG|register_NBit:REG_ALU_Result|dffg:\G_Register_NBit:15:REGI|s_Q                                                                                 ; MEMWB_PipelineRegister:MEMWB_REG|register_NBit:REG_ALU_Result|dffg:\G_Register_NBit:15:REGI|s_Q                                                                                                           ; iCLK         ; iCLK        ; 0.000        ; 0.072      ; 0.788      ;
; 0.545 ; IDEX_PipelineRegister:IDEX_REG|register_NBit:REG_Ctrl|dffg:\G_Register_NBit:7:REGI|s_Q                                                                                          ; EXMEM_PipelineRegister:EXMEM_REG|register_NBit:REG_Ctrl|dffg:\G_Register_NBit:5:REGI|s_Q                                                                                                                  ; iCLK         ; iCLK        ; 0.000        ; 0.069      ; 0.785      ;
; 0.546 ; IFID_PipelineRegister:IFID_REG|register_NBit:REG_PC|dffg:\G_Register_NBit:24:REGI|s_Q                                                                                           ; IDEX_PipelineRegister:IDEX_REG|register_NBit:REG_PC|dffg:\G_Register_NBit:24:REGI|s_Q                                                                                                                     ; iCLK         ; iCLK        ; 0.000        ; 0.071      ; 0.788      ;
; 0.547 ; IFID_PipelineRegister:IFID_REG|register_NBit:REG_PC|dffg:\G_Register_NBit:29:REGI|s_Q                                                                                           ; IDEX_PipelineRegister:IDEX_REG|register_NBit:REG_PC|dffg:\G_Register_NBit:29:REGI|s_Q                                                                                                                     ; iCLK         ; iCLK        ; 0.000        ; 0.072      ; 0.790      ;
; 0.548 ; EXMEM_PipelineRegister:EXMEM_REG|register_NBit:REG_Instr|dffg:\G_Register_NBit:13:REGI|s_Q                                                                                      ; MEMWB_PipelineRegister:MEMWB_REG|register_NBit:REG_DMemOut|dffg:\G_Register_NBit:28:REGI|s_Q                                                                                                              ; iCLK         ; iCLK        ; 0.000        ; 0.070      ; 0.789      ;
; 0.548 ; IFID_PipelineRegister:IFID_REG|register_NBit:REG_PC|dffg:\G_Register_NBit:10:REGI|s_Q                                                                                           ; IDEX_PipelineRegister:IDEX_REG|register_NBit:REG_PC|dffg:\G_Register_NBit:10:REGI|s_Q                                                                                                                     ; iCLK         ; iCLK        ; 0.000        ; 0.071      ; 0.790      ;
; 0.548 ; IDEX_PipelineRegister:IDEX_REG|register_NBit:REG_Ctrl|dffg:\G_Register_NBit:5:REGI|s_Q                                                                                          ; EXMEM_PipelineRegister:EXMEM_REG|register_NBit:REG_Ctrl|dffg:\G_Register_NBit:3:REGI|s_Q                                                                                                                  ; iCLK         ; iCLK        ; 0.000        ; 0.072      ; 0.791      ;
; 0.549 ; IFID_PipelineRegister:IFID_REG|register_NBit:REG_PC|dffg:\G_Register_NBit:26:REGI|s_Q                                                                                           ; IDEX_PipelineRegister:IDEX_REG|register_NBit:REG_PC|dffg:\G_Register_NBit:26:REGI|s_Q                                                                                                                     ; iCLK         ; iCLK        ; 0.000        ; 0.071      ; 0.791      ;
; 0.549 ; IDEX_PipelineRegister:IDEX_REG|register_NBit:REG_rs2|dffg:\G_Register_NBit:13:REGI|s_Q                                                                                          ; EXMEM_PipelineRegister:EXMEM_REG|register_NBit:REG_rs2|dffg:\G_Register_NBit:13:REGI|s_Q                                                                                                                  ; iCLK         ; iCLK        ; 0.000        ; 0.072      ; 0.792      ;
; 0.549 ; IFID_PipelineRegister:IFID_REG|register_NBit:REG_PC|dffg:\G_Register_NBit:12:REGI|s_Q                                                                                           ; IDEX_PipelineRegister:IDEX_REG|register_NBit:REG_PC|dffg:\G_Register_NBit:12:REGI|s_Q                                                                                                                     ; iCLK         ; iCLK        ; 0.000        ; 0.071      ; 0.791      ;
; 0.549 ; EXMEM_PipelineRegister:EXMEM_REG|register_NBit:REG_rd|dffg:\G_Register_NBit:4:REGI|s_Q                                                                                          ; MEMWB_PipelineRegister:MEMWB_REG|register_NBit:REG_rd|dffg:\G_Register_NBit:4:REGI|s_Q                                                                                                                    ; iCLK         ; iCLK        ; 0.000        ; 0.071      ; 0.791      ;
; 0.550 ; EXMEM_PipelineRegister:EXMEM_REG|register_NBit:REG_ALU_Result|dffg:\G_Register_NBit:14:REGI|s_Q                                                                                 ; MEMWB_PipelineRegister:MEMWB_REG|register_NBit:REG_ALU_Result|dffg:\G_Register_NBit:14:REGI|s_Q                                                                                                           ; iCLK         ; iCLK        ; 0.000        ; 0.069      ; 0.790      ;
; 0.550 ; IFID_PipelineRegister:IFID_REG|register_NBit:REG_PC|dffg:\G_Register_NBit:30:REGI|s_Q                                                                                           ; IDEX_PipelineRegister:IDEX_REG|register_NBit:REG_PC|dffg:\G_Register_NBit:30:REGI|s_Q                                                                                                                     ; iCLK         ; iCLK        ; 0.000        ; 0.072      ; 0.793      ;
; 0.550 ; IFID_PipelineRegister:IFID_REG|register_NBit:REG_PC|dffg:\G_Register_NBit:13:REGI|s_Q                                                                                           ; IDEX_PipelineRegister:IDEX_REG|register_NBit:REG_PC|dffg:\G_Register_NBit:13:REGI|s_Q                                                                                                                     ; iCLK         ; iCLK        ; 0.000        ; 0.071      ; 0.792      ;
; 0.551 ; EXMEM_PipelineRegister:EXMEM_REG|register_NBit:REG_ALU_Result|dffg:\G_Register_NBit:20:REGI|s_Q                                                                                 ; MEMWB_PipelineRegister:MEMWB_REG|register_NBit:REG_ALU_Result|dffg:\G_Register_NBit:20:REGI|s_Q                                                                                                           ; iCLK         ; iCLK        ; 0.000        ; 0.071      ; 0.793      ;
; 0.551 ; IDEX_PipelineRegister:IDEX_REG|register_NBit:REG_rs2|dffg:\G_Register_NBit:20:REGI|s_Q                                                                                          ; EXMEM_PipelineRegister:EXMEM_REG|register_NBit:REG_rs2|dffg:\G_Register_NBit:20:REGI|s_Q                                                                                                                  ; iCLK         ; iCLK        ; 0.000        ; 0.072      ; 0.794      ;
; 0.551 ; IDEX_PipelineRegister:IDEX_REG|register_NBit:REG_Instr|dffg:\G_Register_NBit:11:REGI|s_Q                                                                                        ; EXMEM_PipelineRegister:EXMEM_REG|register_NBit:REG_rd|dffg:\G_Register_NBit:4:REGI|s_Q                                                                                                                    ; iCLK         ; iCLK        ; 0.000        ; 0.071      ; 0.793      ;
; 0.551 ; EXMEM_PipelineRegister:EXMEM_REG|register_NBit:REG_rd|dffg:\G_Register_NBit:2:REGI|s_Q                                                                                          ; MEMWB_PipelineRegister:MEMWB_REG|register_NBit:REG_rd|dffg:\G_Register_NBit:2:REGI|s_Q                                                                                                                    ; iCLK         ; iCLK        ; 0.000        ; 0.071      ; 0.793      ;
; 0.552 ; EXMEM_PipelineRegister:EXMEM_REG|register_NBit:REG_Instr|dffg:\G_Register_NBit:13:REGI|s_Q                                                                                      ; MEMWB_PipelineRegister:MEMWB_REG|register_NBit:REG_DMemOut|dffg:\G_Register_NBit:23:REGI|s_Q                                                                                                              ; iCLK         ; iCLK        ; 0.000        ; 0.070      ; 0.793      ;
; 0.552 ; EXMEM_PipelineRegister:EXMEM_REG|register_NBit:REG_Instr|dffg:\G_Register_NBit:13:REGI|s_Q                                                                                      ; MEMWB_PipelineRegister:MEMWB_REG|register_NBit:REG_DMemOut|dffg:\G_Register_NBit:27:REGI|s_Q                                                                                                              ; iCLK         ; iCLK        ; 0.000        ; 0.070      ; 0.793      ;
; 0.552 ; EXMEM_PipelineRegister:EXMEM_REG|register_NBit:REG_rd|dffg:\G_Register_NBit:3:REGI|s_Q                                                                                          ; MEMWB_PipelineRegister:MEMWB_REG|register_NBit:REG_rd|dffg:\G_Register_NBit:3:REGI|s_Q                                                                                                                    ; iCLK         ; iCLK        ; 0.000        ; 0.071      ; 0.794      ;
; 0.555 ; IDEX_PipelineRegister:IDEX_REG|register_NBit:REG_rs2|dffg:\G_Register_NBit:6:REGI|s_Q                                                                                           ; EXMEM_PipelineRegister:EXMEM_REG|register_NBit:REG_rs2|dffg:\G_Register_NBit:6:REGI|s_Q                                                                                                                   ; iCLK         ; iCLK        ; 0.000        ; 0.071      ; 0.797      ;
; 0.563 ; IDEX_PipelineRegister:IDEX_REG|register_NBit:REG_Instr|dffg:\G_Register_NBit:7:REGI|s_Q                                                                                         ; EXMEM_PipelineRegister:EXMEM_REG|register_NBit:REG_rd|dffg:\G_Register_NBit:0:REGI|s_Q                                                                                                                    ; iCLK         ; iCLK        ; 0.000        ; 0.069      ; 0.803      ;
; 0.563 ; EXMEM_PipelineRegister:EXMEM_REG|register_NBit:REG_Ctrl|dffg:\G_Register_NBit:5:REGI|s_Q                                                                                        ; MEMWB_PipelineRegister:MEMWB_REG|register_NBit:REG_Ctrl|dffg:\G_Register_NBit:2:REGI|s_Q                                                                                                                  ; iCLK         ; iCLK        ; 0.000        ; 0.069      ; 0.803      ;
; 0.564 ; IFID_PipelineRegister:IFID_REG|register_NBit:REG_PC|dffg:\G_Register_NBit:31:REGI|s_Q                                                                                           ; IDEX_PipelineRegister:IDEX_REG|register_NBit:REG_PC|dffg:\G_Register_NBit:31:REGI|s_Q                                                                                                                     ; iCLK         ; iCLK        ; 0.000        ; 0.073      ; 0.808      ;
; 0.566 ; IDEX_PipelineRegister:IDEX_REG|register_NBit:REG_PC|dffg:\G_Register_NBit:29:REGI|s_Q                                                                                           ; sw_fetch_unit:F_UNIT_SW|register_NBit:PC_REG|dffg:\G_Register_NBit:29:REGI|s_Q                                                                                                                            ; iCLK         ; iCLK        ; 0.000        ; 0.437      ; 1.174      ;
; 0.568 ; IDEX_PipelineRegister:IDEX_REG|register_NBit:REG_rs2|dffg:\G_Register_NBit:18:REGI|s_Q                                                                                          ; EXMEM_PipelineRegister:EXMEM_REG|register_NBit:REG_rs2|dffg:\G_Register_NBit:18:REGI|s_Q                                                                                                                  ; iCLK         ; iCLK        ; 0.000        ; 0.072      ; 0.811      ;
; 0.570 ; IDEX_PipelineRegister:IDEX_REG|register_NBit:REG_rs2|dffg:\G_Register_NBit:22:REGI|s_Q                                                                                          ; EXMEM_PipelineRegister:EXMEM_REG|register_NBit:REG_rs2|dffg:\G_Register_NBit:22:REGI|s_Q                                                                                                                  ; iCLK         ; iCLK        ; 0.000        ; 0.070      ; 0.811      ;
; 0.572 ; IDEX_PipelineRegister:IDEX_REG|register_NBit:REG_rs2|dffg:\G_Register_NBit:23:REGI|s_Q                                                                                          ; EXMEM_PipelineRegister:EXMEM_REG|register_NBit:REG_rs2|dffg:\G_Register_NBit:23:REGI|s_Q                                                                                                                  ; iCLK         ; iCLK        ; 0.000        ; 0.073      ; 0.816      ;
; 0.577 ; IDEX_PipelineRegister:IDEX_REG|register_NBit:REG_rs2|dffg:\G_Register_NBit:1:REGI|s_Q                                                                                           ; EXMEM_PipelineRegister:EXMEM_REG|register_NBit:REG_rs2|dffg:\G_Register_NBit:1:REGI|s_Q                                                                                                                   ; iCLK         ; iCLK        ; 0.000        ; 0.071      ; 0.819      ;
; 0.580 ; IFID_PipelineRegister:IFID_REG|register_NBit:REG_PC_Plus4|dffg:\G_Register_NBit:30:REGI|altshift_taps:s_Q_rtl_0|shift_taps_bkm:auto_generated|cntr_r8h:cntr3|counter_reg_bit[1] ; IFID_PipelineRegister:IFID_REG|register_NBit:REG_PC_Plus4|dffg:\G_Register_NBit:30:REGI|altshift_taps:s_Q_rtl_0|shift_taps_bkm:auto_generated|cntr_r8h:cntr3|counter_reg_bit[1]                           ; iCLK         ; iCLK        ; 0.000        ; 0.072      ; 0.823      ;
; 0.606 ; IFID_PipelineRegister:IFID_REG|register_NBit:REG_PC_Plus4|dffg:\G_Register_NBit:30:REGI|altshift_taps:s_Q_rtl_0|shift_taps_bkm:auto_generated|cntr_r8h:cntr3|counter_reg_bit[0] ; IFID_PipelineRegister:IFID_REG|register_NBit:REG_PC_Plus4|dffg:\G_Register_NBit:30:REGI|altshift_taps:s_Q_rtl_0|shift_taps_bkm:auto_generated|cntr_r8h:cntr3|counter_reg_bit[0]                           ; iCLK         ; iCLK        ; 0.000        ; 0.072      ; 0.849      ;
; 0.628 ; IFID_PipelineRegister:IFID_REG|register_NBit:REG_PC_Plus4|dffg:\G_Register_NBit:30:REGI|altshift_taps:s_Q_rtl_0|shift_taps_bkm:auto_generated|cntr_4pf:cntr1|counter_reg_bit[0] ; IFID_PipelineRegister:IFID_REG|register_NBit:REG_PC_Plus4|dffg:\G_Register_NBit:30:REGI|altshift_taps:s_Q_rtl_0|shift_taps_bkm:auto_generated|cntr_4pf:cntr1|counter_reg_bit[0]                           ; iCLK         ; iCLK        ; 0.000        ; 0.071      ; 0.870      ;
; 0.630 ; EXMEM_PipelineRegister:EXMEM_REG|register_NBit:REG_Instr|dffg:\G_Register_NBit:13:REGI|s_Q                                                                                      ; MEMWB_PipelineRegister:MEMWB_REG|register_NBit:REG_DMemOut|dffg:\G_Register_NBit:26:REGI|s_Q                                                                                                              ; iCLK         ; iCLK        ; 0.000        ; 0.070      ; 0.871      ;
; 0.673 ; EXMEM_PipelineRegister:EXMEM_REG|register_NBit:REG_Instr|dffg:\G_Register_NBit:14:REGI|s_Q                                                                                      ; MEMWB_PipelineRegister:MEMWB_REG|register_NBit:REG_DMemOut|dffg:\G_Register_NBit:26:REGI|s_Q                                                                                                              ; iCLK         ; iCLK        ; 0.000        ; 0.070      ; 0.914      ;
; 0.675 ; EXMEM_PipelineRegister:EXMEM_REG|register_NBit:REG_Instr|dffg:\G_Register_NBit:14:REGI|s_Q                                                                                      ; MEMWB_PipelineRegister:MEMWB_REG|register_NBit:REG_DMemOut|dffg:\G_Register_NBit:27:REGI|s_Q                                                                                                              ; iCLK         ; iCLK        ; 0.000        ; 0.070      ; 0.916      ;
; 0.676 ; EXMEM_PipelineRegister:EXMEM_REG|register_NBit:REG_Instr|dffg:\G_Register_NBit:14:REGI|s_Q                                                                                      ; MEMWB_PipelineRegister:MEMWB_REG|register_NBit:REG_DMemOut|dffg:\G_Register_NBit:23:REGI|s_Q                                                                                                              ; iCLK         ; iCLK        ; 0.000        ; 0.070      ; 0.917      ;
; 0.678 ; IDEX_PipelineRegister:IDEX_REG|register_NBit:REG_PC_Plus4|dffg:\G_Register_NBit:0:REGI|s_Q                                                                                      ; sw_fetch_unit:F_UNIT_SW|register_NBit:PC_REG|dffg:\G_Register_NBit:0:REGI|s_Q                                                                                                                             ; iCLK         ; iCLK        ; 0.000        ; 0.479      ; 1.328      ;
; 0.679 ; MEMWB_PipelineRegister:MEMWB_REG|register_NBit:REG_ALU_Result|dffg:\G_Register_NBit:1:REGI|s_Q                                                                                  ; register_file:REG_FILE|register_NBit:\G_32bitRegisters:31:THIRTYTWOREGI|dffg:\G_Register_NBit:1:REGI|s_Q                                                                                                  ; iCLK         ; iCLK        ; 0.000        ; 0.071      ; 0.921      ;
; 0.680 ; MEMWB_PipelineRegister:MEMWB_REG|register_NBit:REG_ALU_Result|dffg:\G_Register_NBit:28:REGI|s_Q                                                                                 ; register_file:REG_FILE|register_NBit:\G_32bitRegisters:31:THIRTYTWOREGI|dffg:\G_Register_NBit:28:REGI|s_Q                                                                                                 ; iCLK         ; iCLK        ; 0.000        ; 0.071      ; 0.922      ;
; 0.680 ; EXMEM_PipelineRegister:EXMEM_REG|register_NBit:REG_Instr|dffg:\G_Register_NBit:14:REGI|s_Q                                                                                      ; MEMWB_PipelineRegister:MEMWB_REG|register_NBit:REG_DMemOut|dffg:\G_Register_NBit:28:REGI|s_Q                                                                                                              ; iCLK         ; iCLK        ; 0.000        ; 0.070      ; 0.921      ;
; 0.706 ; EXMEM_PipelineRegister:EXMEM_REG|register_NBit:REG_Instr|dffg:\G_Register_NBit:12:REGI|s_Q                                                                                      ; MEMWB_PipelineRegister:MEMWB_REG|register_NBit:REG_DMemOut|dffg:\G_Register_NBit:28:REGI|s_Q                                                                                                              ; iCLK         ; iCLK        ; 0.000        ; 0.070      ; 0.947      ;
; 0.708 ; IDEX_PipelineRegister:IDEX_REG|register_NBit:REG_PC|dffg:\G_Register_NBit:30:REGI|s_Q                                                                                           ; sw_fetch_unit:F_UNIT_SW|register_NBit:PC_REG|dffg:\G_Register_NBit:30:REGI|s_Q                                                                                                                            ; iCLK         ; iCLK        ; 0.000        ; 0.437      ; 1.316      ;
; 0.708 ; IDEX_PipelineRegister:IDEX_REG|register_NBit:REG_Imm|dffg:\G_Register_NBit:30:REGI|s_Q                                                                                          ; sw_fetch_unit:F_UNIT_SW|register_NBit:PC_REG|dffg:\G_Register_NBit:31:REGI|s_Q                                                                                                                            ; iCLK         ; iCLK        ; 0.000        ; 0.439      ; 1.318      ;
; 0.708 ; EXMEM_PipelineRegister:EXMEM_REG|register_NBit:REG_Instr|dffg:\G_Register_NBit:12:REGI|s_Q                                                                                      ; MEMWB_PipelineRegister:MEMWB_REG|register_NBit:REG_DMemOut|dffg:\G_Register_NBit:23:REGI|s_Q                                                                                                              ; iCLK         ; iCLK        ; 0.000        ; 0.070      ; 0.949      ;
; 0.709 ; EXMEM_PipelineRegister:EXMEM_REG|register_NBit:REG_ALU_Result|dffg:\G_Register_NBit:19:REGI|s_Q                                                                                 ; MEMWB_PipelineRegister:MEMWB_REG|register_NBit:REG_ALU_Result|dffg:\G_Register_NBit:19:REGI|s_Q                                                                                                           ; iCLK         ; iCLK        ; 0.000        ; 0.067      ; 0.947      ;
; 0.709 ; EXMEM_PipelineRegister:EXMEM_REG|register_NBit:REG_Instr|dffg:\G_Register_NBit:12:REGI|s_Q                                                                                      ; MEMWB_PipelineRegister:MEMWB_REG|register_NBit:REG_DMemOut|dffg:\G_Register_NBit:27:REGI|s_Q                                                                                                              ; iCLK         ; iCLK        ; 0.000        ; 0.070      ; 0.950      ;
; 0.710 ; EXMEM_PipelineRegister:EXMEM_REG|register_NBit:REG_Instr|dffg:\G_Register_NBit:12:REGI|s_Q                                                                                      ; MEMWB_PipelineRegister:MEMWB_REG|register_NBit:REG_DMemOut|dffg:\G_Register_NBit:26:REGI|s_Q                                                                                                              ; iCLK         ; iCLK        ; 0.000        ; 0.070      ; 0.951      ;
; 0.715 ; IFID_PipelineRegister:IFID_REG|register_NBit:REG_PC|dffg:\G_Register_NBit:22:REGI|s_Q                                                                                           ; IDEX_PipelineRegister:IDEX_REG|register_NBit:REG_PC|dffg:\G_Register_NBit:22:REGI|s_Q                                                                                                                     ; iCLK         ; iCLK        ; 0.000        ; 0.071      ; 0.957      ;
; 0.756 ; IDEX_PipelineRegister:IDEX_REG|register_NBit:REG_rs2|dffg:\G_Register_NBit:16:REGI|s_Q                                                                                          ; EXMEM_PipelineRegister:EXMEM_REG|register_NBit:REG_rs2|dffg:\G_Register_NBit:16:REGI|s_Q                                                                                                                  ; iCLK         ; iCLK        ; 0.000        ; 0.071      ; 0.998      ;
; 0.759 ; IFID_PipelineRegister:IFID_REG|register_NBit:REG_PC|dffg:\G_Register_NBit:16:REGI|s_Q                                                                                           ; IDEX_PipelineRegister:IDEX_REG|register_NBit:REG_PC|dffg:\G_Register_NBit:16:REGI|s_Q                                                                                                                     ; iCLK         ; iCLK        ; 0.000        ; 0.071      ; 1.001      ;
; 0.760 ; sw_fetch_unit:F_UNIT_SW|register_NBit:PC_REG|dffg:\G_Register_NBit:20:REGI|s_Q                                                                                                  ; IFID_PipelineRegister:IFID_REG|register_NBit:REG_PC|dffg:\G_Register_NBit:20:REGI|s_Q                                                                                                                     ; iCLK         ; iCLK        ; 0.000        ; -0.278     ; 0.653      ;
; 0.763 ; sw_fetch_unit:F_UNIT_SW|register_NBit:PC_REG|dffg:\G_Register_NBit:17:REGI|s_Q                                                                                                  ; IFID_PipelineRegister:IFID_REG|register_NBit:REG_PC|dffg:\G_Register_NBit:17:REGI|s_Q                                                                                                                     ; iCLK         ; iCLK        ; 0.000        ; -0.278     ; 0.656      ;
; 0.768 ; sw_fetch_unit:F_UNIT_SW|register_NBit:PC_REG|dffg:\G_Register_NBit:25:REGI|s_Q                                                                                                  ; IFID_PipelineRegister:IFID_REG|register_NBit:REG_PC|dffg:\G_Register_NBit:25:REGI|s_Q                                                                                                                     ; iCLK         ; iCLK        ; 0.000        ; -0.278     ; 0.661      ;
; 0.774 ; sw_fetch_unit:F_UNIT_SW|register_NBit:PC_REG|dffg:\G_Register_NBit:21:REGI|s_Q                                                                                                  ; IFID_PipelineRegister:IFID_REG|register_NBit:REG_PC|dffg:\G_Register_NBit:21:REGI|s_Q                                                                                                                     ; iCLK         ; iCLK        ; 0.000        ; -0.278     ; 0.667      ;
; 0.777 ; sw_fetch_unit:F_UNIT_SW|register_NBit:PC_REG|dffg:\G_Register_NBit:24:REGI|s_Q                                                                                                  ; IFID_PipelineRegister:IFID_REG|register_NBit:REG_PC|dffg:\G_Register_NBit:24:REGI|s_Q                                                                                                                     ; iCLK         ; iCLK        ; 0.000        ; -0.278     ; 0.670      ;
; 0.778 ; sw_fetch_unit:F_UNIT_SW|register_NBit:PC_REG|dffg:\G_Register_NBit:5:REGI|s_Q                                                                                                   ; IFID_PipelineRegister:IFID_REG|register_NBit:REG_PC|dffg:\G_Register_NBit:5:REGI|s_Q                                                                                                                      ; iCLK         ; iCLK        ; 0.000        ; -0.278     ; 0.671      ;
; 0.787 ; IDEX_PipelineRegister:IDEX_REG|register_NBit:REG_rs2|dffg:\G_Register_NBit:9:REGI|s_Q                                                                                           ; EXMEM_PipelineRegister:EXMEM_REG|register_NBit:REG_rs2|dffg:\G_Register_NBit:9:REGI|s_Q                                                                                                                   ; iCLK         ; iCLK        ; 0.000        ; -0.313     ; 0.645      ;
; 0.787 ; IDEX_PipelineRegister:IDEX_REG|register_NBit:REG_rs2|dffg:\G_Register_NBit:8:REGI|s_Q                                                                                           ; EXMEM_PipelineRegister:EXMEM_REG|register_NBit:REG_rs2|dffg:\G_Register_NBit:8:REGI|s_Q                                                                                                                   ; iCLK         ; iCLK        ; 0.000        ; -0.313     ; 0.645      ;
; 0.788 ; IDEX_PipelineRegister:IDEX_REG|register_NBit:REG_rs2|dffg:\G_Register_NBit:7:REGI|s_Q                                                                                           ; EXMEM_PipelineRegister:EXMEM_REG|register_NBit:REG_rs2|dffg:\G_Register_NBit:7:REGI|s_Q                                                                                                                   ; iCLK         ; iCLK        ; 0.000        ; -0.313     ; 0.646      ;
; 0.799 ; sw_fetch_unit:F_UNIT_SW|register_NBit:PC_REG|dffg:\G_Register_NBit:3:REGI|s_Q                                                                                                   ; IFID_PipelineRegister:IFID_REG|register_NBit:REG_PC|dffg:\G_Register_NBit:3:REGI|s_Q                                                                                                                      ; iCLK         ; iCLK        ; 0.000        ; -0.278     ; 0.692      ;
; 0.800 ; sw_fetch_unit:F_UNIT_SW|register_NBit:PC_REG|dffg:\G_Register_NBit:2:REGI|s_Q                                                                                                   ; IFID_PipelineRegister:IFID_REG|register_NBit:REG_PC|dffg:\G_Register_NBit:2:REGI|s_Q                                                                                                                      ; iCLK         ; iCLK        ; 0.000        ; -0.278     ; 0.693      ;
; 0.818 ; IDEX_PipelineRegister:IDEX_REG|register_NBit:REG_rs2|dffg:\G_Register_NBit:29:REGI|s_Q                                                                                          ; EXMEM_PipelineRegister:EXMEM_REG|register_NBit:REG_rs2|dffg:\G_Register_NBit:29:REGI|s_Q                                                                                                                  ; iCLK         ; iCLK        ; 0.000        ; 0.089      ; 1.078      ;
; 0.820 ; MEMWB_PipelineRegister:MEMWB_REG|register_NBit:REG_ALU_Result|dffg:\G_Register_NBit:23:REGI|s_Q                                                                                 ; register_file:REG_FILE|register_NBit:\G_32bitRegisters:31:THIRTYTWOREGI|dffg:\G_Register_NBit:23:REGI|s_Q                                                                                                 ; iCLK         ; iCLK        ; 0.000        ; 0.071      ; 1.062      ;
; 0.844 ; IDEX_PipelineRegister:IDEX_REG|register_NBit:REG_rs2|dffg:\G_Register_NBit:3:REGI|s_Q                                                                                           ; EXMEM_PipelineRegister:EXMEM_REG|register_NBit:REG_rs2|dffg:\G_Register_NBit:3:REGI|s_Q                                                                                                                   ; iCLK         ; iCLK        ; 0.000        ; -0.339     ; 0.676      ;
; 0.861 ; EXMEM_PipelineRegister:EXMEM_REG|register_NBit:REG_Instr|dffg:\G_Register_NBit:14:REGI|s_Q                                                                                      ; MEMWB_PipelineRegister:MEMWB_REG|register_NBit:REG_DMemOut|dffg:\G_Register_NBit:15:REGI|s_Q                                                                                                              ; iCLK         ; iCLK        ; 0.000        ; 0.070      ; 1.102      ;
; 0.861 ; EXMEM_PipelineRegister:EXMEM_REG|register_NBit:REG_Instr|dffg:\G_Register_NBit:14:REGI|s_Q                                                                                      ; MEMWB_PipelineRegister:MEMWB_REG|register_NBit:REG_DMemOut|dffg:\G_Register_NBit:14:REGI|s_Q                                                                                                              ; iCLK         ; iCLK        ; 0.000        ; 0.070      ; 1.102      ;
; 0.870 ; IFID_PipelineRegister:IFID_REG|register_NBit:REG_PC_Plus4|dffg:\G_Register_NBit:30:REGI|altshift_taps:s_Q_rtl_0|shift_taps_bkm:auto_generated|cntr_r8h:cntr3|counter_reg_bit[0] ; IFID_PipelineRegister:IFID_REG|register_NBit:REG_PC_Plus4|dffg:\G_Register_NBit:30:REGI|altshift_taps:s_Q_rtl_0|shift_taps_bkm:auto_generated|cntr_r8h:cntr3|counter_reg_bit[1]                           ; iCLK         ; iCLK        ; 0.000        ; 0.072      ; 1.113      ;
; 0.883 ; sw_fetch_unit:F_UNIT_SW|register_NBit:PC_REG|dffg:\G_Register_NBit:1:REGI|s_Q                                                                                                   ; IFID_PipelineRegister:IFID_REG|register_NBit:REG_PC_Plus4|dffg:\G_Register_NBit:1:REGI|s_Q                                                                                                                ; iCLK         ; iCLK        ; 0.000        ; -0.304     ; 0.750      ;
; 0.883 ; sw_fetch_unit:F_UNIT_SW|register_NBit:PC_REG|dffg:\G_Register_NBit:18:REGI|s_Q                                                                                                  ; IFID_PipelineRegister:IFID_REG|register_NBit:REG_PC|dffg:\G_Register_NBit:18:REGI|s_Q                                                                                                                     ; iCLK         ; iCLK        ; 0.000        ; -0.278     ; 0.776      ;
; 0.884 ; sw_fetch_unit:F_UNIT_SW|register_NBit:PC_REG|dffg:\G_Register_NBit:27:REGI|s_Q                                                                                                  ; IFID_PipelineRegister:IFID_REG|register_NBit:REG_PC|dffg:\G_Register_NBit:27:REGI|s_Q                                                                                                                     ; iCLK         ; iCLK        ; 0.000        ; -0.278     ; 0.777      ;
; 0.885 ; sw_fetch_unit:F_UNIT_SW|register_NBit:PC_REG|dffg:\G_Register_NBit:15:REGI|s_Q                                                                                                  ; IFID_PipelineRegister:IFID_REG|register_NBit:REG_PC|dffg:\G_Register_NBit:15:REGI|s_Q                                                                                                                     ; iCLK         ; iCLK        ; 0.000        ; -0.278     ; 0.778      ;
; 0.889 ; MEMWB_PipelineRegister:MEMWB_REG|register_NBit:REG_Ctrl|dffg:\G_Register_NBit:1:REGI|s_Q                                                                                        ; register_file:REG_FILE|register_NBit:\G_32bitRegisters:31:THIRTYTWOREGI|dffg:\G_Register_NBit:4:REGI|s_Q                                                                                                  ; iCLK         ; iCLK        ; 0.000        ; 0.063      ; 1.123      ;
; 0.892 ; IDEX_PipelineRegister:IDEX_REG|register_NBit:REG_rs1|dffg:\G_Register_NBit:0:REGI|s_Q                                                                                           ; sw_fetch_unit:F_UNIT_SW|register_NBit:PC_REG|dffg:\G_Register_NBit:0:REGI|s_Q                                                                                                                             ; iCLK         ; iCLK        ; 0.000        ; 0.479      ; 1.542      ;
; 0.893 ; IDEX_PipelineRegister:IDEX_REG|register_NBit:REG_PC|dffg:\G_Register_NBit:12:REGI|s_Q                                                                                           ; sw_fetch_unit:F_UNIT_SW|register_NBit:PC_REG|dffg:\G_Register_NBit:12:REGI|s_Q                                                                                                                            ; iCLK         ; iCLK        ; 0.000        ; 0.457      ; 1.521      ;
; 0.894 ; sw_fetch_unit:F_UNIT_SW|register_NBit:PC_REG|dffg:\G_Register_NBit:30:REGI|s_Q                                                                                                  ; sw_fetch_unit:F_UNIT_SW|register_NBit:PC_REG|dffg:\G_Register_NBit:31:REGI|s_Q                                                                                                                            ; iCLK         ; iCLK        ; 0.000        ; 0.087      ; 1.152      ;
; 0.899 ; sw_fetch_unit:F_UNIT_SW|register_NBit:PC_REG|dffg:\G_Register_NBit:23:REGI|s_Q                                                                                                  ; sw_fetch_unit:F_UNIT_SW|register_NBit:PC_REG|dffg:\G_Register_NBit:23:REGI|s_Q                                                                                                                            ; iCLK         ; iCLK        ; 0.000        ; 0.087      ; 1.157      ;
+-------+---------------------------------------------------------------------------------------------------------------------------------------------------------------------------------+-----------------------------------------------------------------------------------------------------------------------------------------------------------------------------------------------------------+--------------+-------------+--------------+------------+------------+


+------------------------------------------------------------------------------------------------------------------------------------------------------------------------------------------------------------------------------------------------------------------------------------------------------------------------------------------------------------------------------------------------------------------------------+
; Slow 1200mV 0C Model Recovery: 'iCLK'                                                                                                                                                                                                                                                                                                                                                                                        ;
+--------+-----------------------------------------------------------------------------------------------------------------------------------------------------+-----------------------------------------------------------------------------------------------------------------------------------------------------------------------------------------+--------------+-------------+--------------+------------+------------+
; Slack  ; From Node                                                                                                                                           ; To Node                                                                                                                                                                                 ; Launch Clock ; Latch Clock ; Relationship ; Clock Skew ; Data Delay ;
+--------+-----------------------------------------------------------------------------------------------------------------------------------------------------+-----------------------------------------------------------------------------------------------------------------------------------------------------------------------------------------+--------------+-------------+--------------+------------+------------+
; 17.544 ; IFID_PipelineRegister:IFID_REG|register_NBit:REG_PC_Plus4|dffg:\G_Register_NBit:30:REGI|altshift_taps:s_Q_rtl_0|shift_taps_bkm:auto_generated|dffe4 ; IFID_PipelineRegister:IFID_REG|register_NBit:REG_PC_Plus4|dffg:\G_Register_NBit:30:REGI|altshift_taps:s_Q_rtl_0|shift_taps_bkm:auto_generated|altsyncram_k1b1:altsyncram2|ram_block5a0  ; iCLK         ; iCLK        ; 20.000       ; 0.210      ; 2.597      ;
; 17.544 ; IFID_PipelineRegister:IFID_REG|register_NBit:REG_PC_Plus4|dffg:\G_Register_NBit:30:REGI|altshift_taps:s_Q_rtl_0|shift_taps_bkm:auto_generated|dffe4 ; IFID_PipelineRegister:IFID_REG|register_NBit:REG_PC_Plus4|dffg:\G_Register_NBit:30:REGI|altshift_taps:s_Q_rtl_0|shift_taps_bkm:auto_generated|altsyncram_k1b1:altsyncram2|ram_block5a1  ; iCLK         ; iCLK        ; 20.000       ; 0.210      ; 2.597      ;
; 17.544 ; IFID_PipelineRegister:IFID_REG|register_NBit:REG_PC_Plus4|dffg:\G_Register_NBit:30:REGI|altshift_taps:s_Q_rtl_0|shift_taps_bkm:auto_generated|dffe4 ; IFID_PipelineRegister:IFID_REG|register_NBit:REG_PC_Plus4|dffg:\G_Register_NBit:30:REGI|altshift_taps:s_Q_rtl_0|shift_taps_bkm:auto_generated|altsyncram_k1b1:altsyncram2|ram_block5a2  ; iCLK         ; iCLK        ; 20.000       ; 0.210      ; 2.597      ;
; 17.544 ; IFID_PipelineRegister:IFID_REG|register_NBit:REG_PC_Plus4|dffg:\G_Register_NBit:30:REGI|altshift_taps:s_Q_rtl_0|shift_taps_bkm:auto_generated|dffe4 ; IFID_PipelineRegister:IFID_REG|register_NBit:REG_PC_Plus4|dffg:\G_Register_NBit:30:REGI|altshift_taps:s_Q_rtl_0|shift_taps_bkm:auto_generated|altsyncram_k1b1:altsyncram2|ram_block5a3  ; iCLK         ; iCLK        ; 20.000       ; 0.210      ; 2.597      ;
; 17.544 ; IFID_PipelineRegister:IFID_REG|register_NBit:REG_PC_Plus4|dffg:\G_Register_NBit:30:REGI|altshift_taps:s_Q_rtl_0|shift_taps_bkm:auto_generated|dffe4 ; IFID_PipelineRegister:IFID_REG|register_NBit:REG_PC_Plus4|dffg:\G_Register_NBit:30:REGI|altshift_taps:s_Q_rtl_0|shift_taps_bkm:auto_generated|altsyncram_k1b1:altsyncram2|ram_block5a4  ; iCLK         ; iCLK        ; 20.000       ; 0.210      ; 2.597      ;
; 17.544 ; IFID_PipelineRegister:IFID_REG|register_NBit:REG_PC_Plus4|dffg:\G_Register_NBit:30:REGI|altshift_taps:s_Q_rtl_0|shift_taps_bkm:auto_generated|dffe4 ; IFID_PipelineRegister:IFID_REG|register_NBit:REG_PC_Plus4|dffg:\G_Register_NBit:30:REGI|altshift_taps:s_Q_rtl_0|shift_taps_bkm:auto_generated|altsyncram_k1b1:altsyncram2|ram_block5a5  ; iCLK         ; iCLK        ; 20.000       ; 0.210      ; 2.597      ;
; 17.544 ; IFID_PipelineRegister:IFID_REG|register_NBit:REG_PC_Plus4|dffg:\G_Register_NBit:30:REGI|altshift_taps:s_Q_rtl_0|shift_taps_bkm:auto_generated|dffe4 ; IFID_PipelineRegister:IFID_REG|register_NBit:REG_PC_Plus4|dffg:\G_Register_NBit:30:REGI|altshift_taps:s_Q_rtl_0|shift_taps_bkm:auto_generated|altsyncram_k1b1:altsyncram2|ram_block5a6  ; iCLK         ; iCLK        ; 20.000       ; 0.210      ; 2.597      ;
; 17.544 ; IFID_PipelineRegister:IFID_REG|register_NBit:REG_PC_Plus4|dffg:\G_Register_NBit:30:REGI|altshift_taps:s_Q_rtl_0|shift_taps_bkm:auto_generated|dffe4 ; IFID_PipelineRegister:IFID_REG|register_NBit:REG_PC_Plus4|dffg:\G_Register_NBit:30:REGI|altshift_taps:s_Q_rtl_0|shift_taps_bkm:auto_generated|altsyncram_k1b1:altsyncram2|ram_block5a7  ; iCLK         ; iCLK        ; 20.000       ; 0.210      ; 2.597      ;
; 17.544 ; IFID_PipelineRegister:IFID_REG|register_NBit:REG_PC_Plus4|dffg:\G_Register_NBit:30:REGI|altshift_taps:s_Q_rtl_0|shift_taps_bkm:auto_generated|dffe4 ; IFID_PipelineRegister:IFID_REG|register_NBit:REG_PC_Plus4|dffg:\G_Register_NBit:30:REGI|altshift_taps:s_Q_rtl_0|shift_taps_bkm:auto_generated|altsyncram_k1b1:altsyncram2|ram_block5a8  ; iCLK         ; iCLK        ; 20.000       ; 0.210      ; 2.597      ;
; 17.544 ; IFID_PipelineRegister:IFID_REG|register_NBit:REG_PC_Plus4|dffg:\G_Register_NBit:30:REGI|altshift_taps:s_Q_rtl_0|shift_taps_bkm:auto_generated|dffe4 ; IFID_PipelineRegister:IFID_REG|register_NBit:REG_PC_Plus4|dffg:\G_Register_NBit:30:REGI|altshift_taps:s_Q_rtl_0|shift_taps_bkm:auto_generated|altsyncram_k1b1:altsyncram2|ram_block5a9  ; iCLK         ; iCLK        ; 20.000       ; 0.210      ; 2.597      ;
; 17.544 ; IFID_PipelineRegister:IFID_REG|register_NBit:REG_PC_Plus4|dffg:\G_Register_NBit:30:REGI|altshift_taps:s_Q_rtl_0|shift_taps_bkm:auto_generated|dffe4 ; IFID_PipelineRegister:IFID_REG|register_NBit:REG_PC_Plus4|dffg:\G_Register_NBit:30:REGI|altshift_taps:s_Q_rtl_0|shift_taps_bkm:auto_generated|altsyncram_k1b1:altsyncram2|ram_block5a10 ; iCLK         ; iCLK        ; 20.000       ; 0.210      ; 2.597      ;
; 17.544 ; IFID_PipelineRegister:IFID_REG|register_NBit:REG_PC_Plus4|dffg:\G_Register_NBit:30:REGI|altshift_taps:s_Q_rtl_0|shift_taps_bkm:auto_generated|dffe4 ; IFID_PipelineRegister:IFID_REG|register_NBit:REG_PC_Plus4|dffg:\G_Register_NBit:30:REGI|altshift_taps:s_Q_rtl_0|shift_taps_bkm:auto_generated|altsyncram_k1b1:altsyncram2|ram_block5a11 ; iCLK         ; iCLK        ; 20.000       ; 0.210      ; 2.597      ;
; 17.544 ; IFID_PipelineRegister:IFID_REG|register_NBit:REG_PC_Plus4|dffg:\G_Register_NBit:30:REGI|altshift_taps:s_Q_rtl_0|shift_taps_bkm:auto_generated|dffe4 ; IFID_PipelineRegister:IFID_REG|register_NBit:REG_PC_Plus4|dffg:\G_Register_NBit:30:REGI|altshift_taps:s_Q_rtl_0|shift_taps_bkm:auto_generated|altsyncram_k1b1:altsyncram2|ram_block5a12 ; iCLK         ; iCLK        ; 20.000       ; 0.210      ; 2.597      ;
; 17.544 ; IFID_PipelineRegister:IFID_REG|register_NBit:REG_PC_Plus4|dffg:\G_Register_NBit:30:REGI|altshift_taps:s_Q_rtl_0|shift_taps_bkm:auto_generated|dffe4 ; IFID_PipelineRegister:IFID_REG|register_NBit:REG_PC_Plus4|dffg:\G_Register_NBit:30:REGI|altshift_taps:s_Q_rtl_0|shift_taps_bkm:auto_generated|altsyncram_k1b1:altsyncram2|ram_block5a13 ; iCLK         ; iCLK        ; 20.000       ; 0.210      ; 2.597      ;
; 17.544 ; IFID_PipelineRegister:IFID_REG|register_NBit:REG_PC_Plus4|dffg:\G_Register_NBit:30:REGI|altshift_taps:s_Q_rtl_0|shift_taps_bkm:auto_generated|dffe4 ; IFID_PipelineRegister:IFID_REG|register_NBit:REG_PC_Plus4|dffg:\G_Register_NBit:30:REGI|altshift_taps:s_Q_rtl_0|shift_taps_bkm:auto_generated|altsyncram_k1b1:altsyncram2|ram_block5a14 ; iCLK         ; iCLK        ; 20.000       ; 0.210      ; 2.597      ;
; 17.544 ; IFID_PipelineRegister:IFID_REG|register_NBit:REG_PC_Plus4|dffg:\G_Register_NBit:30:REGI|altshift_taps:s_Q_rtl_0|shift_taps_bkm:auto_generated|dffe4 ; IFID_PipelineRegister:IFID_REG|register_NBit:REG_PC_Plus4|dffg:\G_Register_NBit:30:REGI|altshift_taps:s_Q_rtl_0|shift_taps_bkm:auto_generated|altsyncram_k1b1:altsyncram2|ram_block5a15 ; iCLK         ; iCLK        ; 20.000       ; 0.210      ; 2.597      ;
; 17.544 ; IFID_PipelineRegister:IFID_REG|register_NBit:REG_PC_Plus4|dffg:\G_Register_NBit:30:REGI|altshift_taps:s_Q_rtl_0|shift_taps_bkm:auto_generated|dffe4 ; IFID_PipelineRegister:IFID_REG|register_NBit:REG_PC_Plus4|dffg:\G_Register_NBit:30:REGI|altshift_taps:s_Q_rtl_0|shift_taps_bkm:auto_generated|altsyncram_k1b1:altsyncram2|ram_block5a16 ; iCLK         ; iCLK        ; 20.000       ; 0.210      ; 2.597      ;
; 17.544 ; IFID_PipelineRegister:IFID_REG|register_NBit:REG_PC_Plus4|dffg:\G_Register_NBit:30:REGI|altshift_taps:s_Q_rtl_0|shift_taps_bkm:auto_generated|dffe4 ; IFID_PipelineRegister:IFID_REG|register_NBit:REG_PC_Plus4|dffg:\G_Register_NBit:30:REGI|altshift_taps:s_Q_rtl_0|shift_taps_bkm:auto_generated|altsyncram_k1b1:altsyncram2|ram_block5a17 ; iCLK         ; iCLK        ; 20.000       ; 0.210      ; 2.597      ;
; 17.544 ; IFID_PipelineRegister:IFID_REG|register_NBit:REG_PC_Plus4|dffg:\G_Register_NBit:30:REGI|altshift_taps:s_Q_rtl_0|shift_taps_bkm:auto_generated|dffe4 ; IFID_PipelineRegister:IFID_REG|register_NBit:REG_PC_Plus4|dffg:\G_Register_NBit:30:REGI|altshift_taps:s_Q_rtl_0|shift_taps_bkm:auto_generated|altsyncram_k1b1:altsyncram2|ram_block5a18 ; iCLK         ; iCLK        ; 20.000       ; 0.210      ; 2.597      ;
; 17.544 ; IFID_PipelineRegister:IFID_REG|register_NBit:REG_PC_Plus4|dffg:\G_Register_NBit:30:REGI|altshift_taps:s_Q_rtl_0|shift_taps_bkm:auto_generated|dffe4 ; IFID_PipelineRegister:IFID_REG|register_NBit:REG_PC_Plus4|dffg:\G_Register_NBit:30:REGI|altshift_taps:s_Q_rtl_0|shift_taps_bkm:auto_generated|altsyncram_k1b1:altsyncram2|ram_block5a19 ; iCLK         ; iCLK        ; 20.000       ; 0.210      ; 2.597      ;
; 17.544 ; IFID_PipelineRegister:IFID_REG|register_NBit:REG_PC_Plus4|dffg:\G_Register_NBit:30:REGI|altshift_taps:s_Q_rtl_0|shift_taps_bkm:auto_generated|dffe4 ; IFID_PipelineRegister:IFID_REG|register_NBit:REG_PC_Plus4|dffg:\G_Register_NBit:30:REGI|altshift_taps:s_Q_rtl_0|shift_taps_bkm:auto_generated|altsyncram_k1b1:altsyncram2|ram_block5a20 ; iCLK         ; iCLK        ; 20.000       ; 0.210      ; 2.597      ;
; 17.544 ; IFID_PipelineRegister:IFID_REG|register_NBit:REG_PC_Plus4|dffg:\G_Register_NBit:30:REGI|altshift_taps:s_Q_rtl_0|shift_taps_bkm:auto_generated|dffe4 ; IFID_PipelineRegister:IFID_REG|register_NBit:REG_PC_Plus4|dffg:\G_Register_NBit:30:REGI|altshift_taps:s_Q_rtl_0|shift_taps_bkm:auto_generated|altsyncram_k1b1:altsyncram2|ram_block5a21 ; iCLK         ; iCLK        ; 20.000       ; 0.210      ; 2.597      ;
; 17.544 ; IFID_PipelineRegister:IFID_REG|register_NBit:REG_PC_Plus4|dffg:\G_Register_NBit:30:REGI|altshift_taps:s_Q_rtl_0|shift_taps_bkm:auto_generated|dffe4 ; IFID_PipelineRegister:IFID_REG|register_NBit:REG_PC_Plus4|dffg:\G_Register_NBit:30:REGI|altshift_taps:s_Q_rtl_0|shift_taps_bkm:auto_generated|altsyncram_k1b1:altsyncram2|ram_block5a22 ; iCLK         ; iCLK        ; 20.000       ; 0.210      ; 2.597      ;
; 17.544 ; IFID_PipelineRegister:IFID_REG|register_NBit:REG_PC_Plus4|dffg:\G_Register_NBit:30:REGI|altshift_taps:s_Q_rtl_0|shift_taps_bkm:auto_generated|dffe4 ; IFID_PipelineRegister:IFID_REG|register_NBit:REG_PC_Plus4|dffg:\G_Register_NBit:30:REGI|altshift_taps:s_Q_rtl_0|shift_taps_bkm:auto_generated|altsyncram_k1b1:altsyncram2|ram_block5a23 ; iCLK         ; iCLK        ; 20.000       ; 0.210      ; 2.597      ;
; 17.544 ; IFID_PipelineRegister:IFID_REG|register_NBit:REG_PC_Plus4|dffg:\G_Register_NBit:30:REGI|altshift_taps:s_Q_rtl_0|shift_taps_bkm:auto_generated|dffe4 ; IFID_PipelineRegister:IFID_REG|register_NBit:REG_PC_Plus4|dffg:\G_Register_NBit:30:REGI|altshift_taps:s_Q_rtl_0|shift_taps_bkm:auto_generated|altsyncram_k1b1:altsyncram2|ram_block5a24 ; iCLK         ; iCLK        ; 20.000       ; 0.210      ; 2.597      ;
; 17.544 ; IFID_PipelineRegister:IFID_REG|register_NBit:REG_PC_Plus4|dffg:\G_Register_NBit:30:REGI|altshift_taps:s_Q_rtl_0|shift_taps_bkm:auto_generated|dffe4 ; IFID_PipelineRegister:IFID_REG|register_NBit:REG_PC_Plus4|dffg:\G_Register_NBit:30:REGI|altshift_taps:s_Q_rtl_0|shift_taps_bkm:auto_generated|altsyncram_k1b1:altsyncram2|ram_block5a25 ; iCLK         ; iCLK        ; 20.000       ; 0.210      ; 2.597      ;
; 17.544 ; IFID_PipelineRegister:IFID_REG|register_NBit:REG_PC_Plus4|dffg:\G_Register_NBit:30:REGI|altshift_taps:s_Q_rtl_0|shift_taps_bkm:auto_generated|dffe4 ; IFID_PipelineRegister:IFID_REG|register_NBit:REG_PC_Plus4|dffg:\G_Register_NBit:30:REGI|altshift_taps:s_Q_rtl_0|shift_taps_bkm:auto_generated|altsyncram_k1b1:altsyncram2|ram_block5a26 ; iCLK         ; iCLK        ; 20.000       ; 0.210      ; 2.597      ;
; 17.544 ; IFID_PipelineRegister:IFID_REG|register_NBit:REG_PC_Plus4|dffg:\G_Register_NBit:30:REGI|altshift_taps:s_Q_rtl_0|shift_taps_bkm:auto_generated|dffe4 ; IFID_PipelineRegister:IFID_REG|register_NBit:REG_PC_Plus4|dffg:\G_Register_NBit:30:REGI|altshift_taps:s_Q_rtl_0|shift_taps_bkm:auto_generated|altsyncram_k1b1:altsyncram2|ram_block5a27 ; iCLK         ; iCLK        ; 20.000       ; 0.210      ; 2.597      ;
; 17.544 ; IFID_PipelineRegister:IFID_REG|register_NBit:REG_PC_Plus4|dffg:\G_Register_NBit:30:REGI|altshift_taps:s_Q_rtl_0|shift_taps_bkm:auto_generated|dffe4 ; IFID_PipelineRegister:IFID_REG|register_NBit:REG_PC_Plus4|dffg:\G_Register_NBit:30:REGI|altshift_taps:s_Q_rtl_0|shift_taps_bkm:auto_generated|altsyncram_k1b1:altsyncram2|ram_block5a28 ; iCLK         ; iCLK        ; 20.000       ; 0.210      ; 2.597      ;
; 17.544 ; IFID_PipelineRegister:IFID_REG|register_NBit:REG_PC_Plus4|dffg:\G_Register_NBit:30:REGI|altshift_taps:s_Q_rtl_0|shift_taps_bkm:auto_generated|dffe4 ; IFID_PipelineRegister:IFID_REG|register_NBit:REG_PC_Plus4|dffg:\G_Register_NBit:30:REGI|altshift_taps:s_Q_rtl_0|shift_taps_bkm:auto_generated|altsyncram_k1b1:altsyncram2|ram_block5a29 ; iCLK         ; iCLK        ; 20.000       ; 0.210      ; 2.597      ;
+--------+-----------------------------------------------------------------------------------------------------------------------------------------------------+-----------------------------------------------------------------------------------------------------------------------------------------------------------------------------------------+--------------+-------------+--------------+------------+------------+


+-----------------------------------------------------------------------------------------------------------------------------------------------------------------------------------------------------------------------------------------------------------------------------------------------------------------------------------------------------------------------------------------------------------------------------+
; Slow 1200mV 0C Model Removal: 'iCLK'                                                                                                                                                                                                                                                                                                                                                                                        ;
+-------+-----------------------------------------------------------------------------------------------------------------------------------------------------+-----------------------------------------------------------------------------------------------------------------------------------------------------------------------------------------+--------------+-------------+--------------+------------+------------+
; Slack ; From Node                                                                                                                                           ; To Node                                                                                                                                                                                 ; Launch Clock ; Latch Clock ; Relationship ; Clock Skew ; Data Delay ;
+-------+-----------------------------------------------------------------------------------------------------------------------------------------------------+-----------------------------------------------------------------------------------------------------------------------------------------------------------------------------------------+--------------+-------------+--------------+------------+------------+
; 1.869 ; IFID_PipelineRegister:IFID_REG|register_NBit:REG_PC_Plus4|dffg:\G_Register_NBit:30:REGI|altshift_taps:s_Q_rtl_0|shift_taps_bkm:auto_generated|dffe4 ; IFID_PipelineRegister:IFID_REG|register_NBit:REG_PC_Plus4|dffg:\G_Register_NBit:30:REGI|altshift_taps:s_Q_rtl_0|shift_taps_bkm:auto_generated|altsyncram_k1b1:altsyncram2|ram_block5a0  ; iCLK         ; iCLK        ; 0.000        ; 0.355      ; 2.392      ;
; 1.869 ; IFID_PipelineRegister:IFID_REG|register_NBit:REG_PC_Plus4|dffg:\G_Register_NBit:30:REGI|altshift_taps:s_Q_rtl_0|shift_taps_bkm:auto_generated|dffe4 ; IFID_PipelineRegister:IFID_REG|register_NBit:REG_PC_Plus4|dffg:\G_Register_NBit:30:REGI|altshift_taps:s_Q_rtl_0|shift_taps_bkm:auto_generated|altsyncram_k1b1:altsyncram2|ram_block5a1  ; iCLK         ; iCLK        ; 0.000        ; 0.355      ; 2.392      ;
; 1.869 ; IFID_PipelineRegister:IFID_REG|register_NBit:REG_PC_Plus4|dffg:\G_Register_NBit:30:REGI|altshift_taps:s_Q_rtl_0|shift_taps_bkm:auto_generated|dffe4 ; IFID_PipelineRegister:IFID_REG|register_NBit:REG_PC_Plus4|dffg:\G_Register_NBit:30:REGI|altshift_taps:s_Q_rtl_0|shift_taps_bkm:auto_generated|altsyncram_k1b1:altsyncram2|ram_block5a2  ; iCLK         ; iCLK        ; 0.000        ; 0.355      ; 2.392      ;
; 1.869 ; IFID_PipelineRegister:IFID_REG|register_NBit:REG_PC_Plus4|dffg:\G_Register_NBit:30:REGI|altshift_taps:s_Q_rtl_0|shift_taps_bkm:auto_generated|dffe4 ; IFID_PipelineRegister:IFID_REG|register_NBit:REG_PC_Plus4|dffg:\G_Register_NBit:30:REGI|altshift_taps:s_Q_rtl_0|shift_taps_bkm:auto_generated|altsyncram_k1b1:altsyncram2|ram_block5a3  ; iCLK         ; iCLK        ; 0.000        ; 0.355      ; 2.392      ;
; 1.869 ; IFID_PipelineRegister:IFID_REG|register_NBit:REG_PC_Plus4|dffg:\G_Register_NBit:30:REGI|altshift_taps:s_Q_rtl_0|shift_taps_bkm:auto_generated|dffe4 ; IFID_PipelineRegister:IFID_REG|register_NBit:REG_PC_Plus4|dffg:\G_Register_NBit:30:REGI|altshift_taps:s_Q_rtl_0|shift_taps_bkm:auto_generated|altsyncram_k1b1:altsyncram2|ram_block5a4  ; iCLK         ; iCLK        ; 0.000        ; 0.355      ; 2.392      ;
; 1.869 ; IFID_PipelineRegister:IFID_REG|register_NBit:REG_PC_Plus4|dffg:\G_Register_NBit:30:REGI|altshift_taps:s_Q_rtl_0|shift_taps_bkm:auto_generated|dffe4 ; IFID_PipelineRegister:IFID_REG|register_NBit:REG_PC_Plus4|dffg:\G_Register_NBit:30:REGI|altshift_taps:s_Q_rtl_0|shift_taps_bkm:auto_generated|altsyncram_k1b1:altsyncram2|ram_block5a5  ; iCLK         ; iCLK        ; 0.000        ; 0.355      ; 2.392      ;
; 1.869 ; IFID_PipelineRegister:IFID_REG|register_NBit:REG_PC_Plus4|dffg:\G_Register_NBit:30:REGI|altshift_taps:s_Q_rtl_0|shift_taps_bkm:auto_generated|dffe4 ; IFID_PipelineRegister:IFID_REG|register_NBit:REG_PC_Plus4|dffg:\G_Register_NBit:30:REGI|altshift_taps:s_Q_rtl_0|shift_taps_bkm:auto_generated|altsyncram_k1b1:altsyncram2|ram_block5a6  ; iCLK         ; iCLK        ; 0.000        ; 0.355      ; 2.392      ;
; 1.869 ; IFID_PipelineRegister:IFID_REG|register_NBit:REG_PC_Plus4|dffg:\G_Register_NBit:30:REGI|altshift_taps:s_Q_rtl_0|shift_taps_bkm:auto_generated|dffe4 ; IFID_PipelineRegister:IFID_REG|register_NBit:REG_PC_Plus4|dffg:\G_Register_NBit:30:REGI|altshift_taps:s_Q_rtl_0|shift_taps_bkm:auto_generated|altsyncram_k1b1:altsyncram2|ram_block5a7  ; iCLK         ; iCLK        ; 0.000        ; 0.355      ; 2.392      ;
; 1.869 ; IFID_PipelineRegister:IFID_REG|register_NBit:REG_PC_Plus4|dffg:\G_Register_NBit:30:REGI|altshift_taps:s_Q_rtl_0|shift_taps_bkm:auto_generated|dffe4 ; IFID_PipelineRegister:IFID_REG|register_NBit:REG_PC_Plus4|dffg:\G_Register_NBit:30:REGI|altshift_taps:s_Q_rtl_0|shift_taps_bkm:auto_generated|altsyncram_k1b1:altsyncram2|ram_block5a8  ; iCLK         ; iCLK        ; 0.000        ; 0.355      ; 2.392      ;
; 1.869 ; IFID_PipelineRegister:IFID_REG|register_NBit:REG_PC_Plus4|dffg:\G_Register_NBit:30:REGI|altshift_taps:s_Q_rtl_0|shift_taps_bkm:auto_generated|dffe4 ; IFID_PipelineRegister:IFID_REG|register_NBit:REG_PC_Plus4|dffg:\G_Register_NBit:30:REGI|altshift_taps:s_Q_rtl_0|shift_taps_bkm:auto_generated|altsyncram_k1b1:altsyncram2|ram_block5a9  ; iCLK         ; iCLK        ; 0.000        ; 0.355      ; 2.392      ;
; 1.869 ; IFID_PipelineRegister:IFID_REG|register_NBit:REG_PC_Plus4|dffg:\G_Register_NBit:30:REGI|altshift_taps:s_Q_rtl_0|shift_taps_bkm:auto_generated|dffe4 ; IFID_PipelineRegister:IFID_REG|register_NBit:REG_PC_Plus4|dffg:\G_Register_NBit:30:REGI|altshift_taps:s_Q_rtl_0|shift_taps_bkm:auto_generated|altsyncram_k1b1:altsyncram2|ram_block5a10 ; iCLK         ; iCLK        ; 0.000        ; 0.355      ; 2.392      ;
; 1.869 ; IFID_PipelineRegister:IFID_REG|register_NBit:REG_PC_Plus4|dffg:\G_Register_NBit:30:REGI|altshift_taps:s_Q_rtl_0|shift_taps_bkm:auto_generated|dffe4 ; IFID_PipelineRegister:IFID_REG|register_NBit:REG_PC_Plus4|dffg:\G_Register_NBit:30:REGI|altshift_taps:s_Q_rtl_0|shift_taps_bkm:auto_generated|altsyncram_k1b1:altsyncram2|ram_block5a11 ; iCLK         ; iCLK        ; 0.000        ; 0.355      ; 2.392      ;
; 1.869 ; IFID_PipelineRegister:IFID_REG|register_NBit:REG_PC_Plus4|dffg:\G_Register_NBit:30:REGI|altshift_taps:s_Q_rtl_0|shift_taps_bkm:auto_generated|dffe4 ; IFID_PipelineRegister:IFID_REG|register_NBit:REG_PC_Plus4|dffg:\G_Register_NBit:30:REGI|altshift_taps:s_Q_rtl_0|shift_taps_bkm:auto_generated|altsyncram_k1b1:altsyncram2|ram_block5a12 ; iCLK         ; iCLK        ; 0.000        ; 0.355      ; 2.392      ;
; 1.869 ; IFID_PipelineRegister:IFID_REG|register_NBit:REG_PC_Plus4|dffg:\G_Register_NBit:30:REGI|altshift_taps:s_Q_rtl_0|shift_taps_bkm:auto_generated|dffe4 ; IFID_PipelineRegister:IFID_REG|register_NBit:REG_PC_Plus4|dffg:\G_Register_NBit:30:REGI|altshift_taps:s_Q_rtl_0|shift_taps_bkm:auto_generated|altsyncram_k1b1:altsyncram2|ram_block5a13 ; iCLK         ; iCLK        ; 0.000        ; 0.355      ; 2.392      ;
; 1.869 ; IFID_PipelineRegister:IFID_REG|register_NBit:REG_PC_Plus4|dffg:\G_Register_NBit:30:REGI|altshift_taps:s_Q_rtl_0|shift_taps_bkm:auto_generated|dffe4 ; IFID_PipelineRegister:IFID_REG|register_NBit:REG_PC_Plus4|dffg:\G_Register_NBit:30:REGI|altshift_taps:s_Q_rtl_0|shift_taps_bkm:auto_generated|altsyncram_k1b1:altsyncram2|ram_block5a14 ; iCLK         ; iCLK        ; 0.000        ; 0.355      ; 2.392      ;
; 1.869 ; IFID_PipelineRegister:IFID_REG|register_NBit:REG_PC_Plus4|dffg:\G_Register_NBit:30:REGI|altshift_taps:s_Q_rtl_0|shift_taps_bkm:auto_generated|dffe4 ; IFID_PipelineRegister:IFID_REG|register_NBit:REG_PC_Plus4|dffg:\G_Register_NBit:30:REGI|altshift_taps:s_Q_rtl_0|shift_taps_bkm:auto_generated|altsyncram_k1b1:altsyncram2|ram_block5a15 ; iCLK         ; iCLK        ; 0.000        ; 0.355      ; 2.392      ;
; 1.869 ; IFID_PipelineRegister:IFID_REG|register_NBit:REG_PC_Plus4|dffg:\G_Register_NBit:30:REGI|altshift_taps:s_Q_rtl_0|shift_taps_bkm:auto_generated|dffe4 ; IFID_PipelineRegister:IFID_REG|register_NBit:REG_PC_Plus4|dffg:\G_Register_NBit:30:REGI|altshift_taps:s_Q_rtl_0|shift_taps_bkm:auto_generated|altsyncram_k1b1:altsyncram2|ram_block5a16 ; iCLK         ; iCLK        ; 0.000        ; 0.355      ; 2.392      ;
; 1.869 ; IFID_PipelineRegister:IFID_REG|register_NBit:REG_PC_Plus4|dffg:\G_Register_NBit:30:REGI|altshift_taps:s_Q_rtl_0|shift_taps_bkm:auto_generated|dffe4 ; IFID_PipelineRegister:IFID_REG|register_NBit:REG_PC_Plus4|dffg:\G_Register_NBit:30:REGI|altshift_taps:s_Q_rtl_0|shift_taps_bkm:auto_generated|altsyncram_k1b1:altsyncram2|ram_block5a17 ; iCLK         ; iCLK        ; 0.000        ; 0.355      ; 2.392      ;
; 1.869 ; IFID_PipelineRegister:IFID_REG|register_NBit:REG_PC_Plus4|dffg:\G_Register_NBit:30:REGI|altshift_taps:s_Q_rtl_0|shift_taps_bkm:auto_generated|dffe4 ; IFID_PipelineRegister:IFID_REG|register_NBit:REG_PC_Plus4|dffg:\G_Register_NBit:30:REGI|altshift_taps:s_Q_rtl_0|shift_taps_bkm:auto_generated|altsyncram_k1b1:altsyncram2|ram_block5a18 ; iCLK         ; iCLK        ; 0.000        ; 0.355      ; 2.392      ;
; 1.869 ; IFID_PipelineRegister:IFID_REG|register_NBit:REG_PC_Plus4|dffg:\G_Register_NBit:30:REGI|altshift_taps:s_Q_rtl_0|shift_taps_bkm:auto_generated|dffe4 ; IFID_PipelineRegister:IFID_REG|register_NBit:REG_PC_Plus4|dffg:\G_Register_NBit:30:REGI|altshift_taps:s_Q_rtl_0|shift_taps_bkm:auto_generated|altsyncram_k1b1:altsyncram2|ram_block5a19 ; iCLK         ; iCLK        ; 0.000        ; 0.355      ; 2.392      ;
; 1.869 ; IFID_PipelineRegister:IFID_REG|register_NBit:REG_PC_Plus4|dffg:\G_Register_NBit:30:REGI|altshift_taps:s_Q_rtl_0|shift_taps_bkm:auto_generated|dffe4 ; IFID_PipelineRegister:IFID_REG|register_NBit:REG_PC_Plus4|dffg:\G_Register_NBit:30:REGI|altshift_taps:s_Q_rtl_0|shift_taps_bkm:auto_generated|altsyncram_k1b1:altsyncram2|ram_block5a20 ; iCLK         ; iCLK        ; 0.000        ; 0.355      ; 2.392      ;
; 1.869 ; IFID_PipelineRegister:IFID_REG|register_NBit:REG_PC_Plus4|dffg:\G_Register_NBit:30:REGI|altshift_taps:s_Q_rtl_0|shift_taps_bkm:auto_generated|dffe4 ; IFID_PipelineRegister:IFID_REG|register_NBit:REG_PC_Plus4|dffg:\G_Register_NBit:30:REGI|altshift_taps:s_Q_rtl_0|shift_taps_bkm:auto_generated|altsyncram_k1b1:altsyncram2|ram_block5a21 ; iCLK         ; iCLK        ; 0.000        ; 0.355      ; 2.392      ;
; 1.869 ; IFID_PipelineRegister:IFID_REG|register_NBit:REG_PC_Plus4|dffg:\G_Register_NBit:30:REGI|altshift_taps:s_Q_rtl_0|shift_taps_bkm:auto_generated|dffe4 ; IFID_PipelineRegister:IFID_REG|register_NBit:REG_PC_Plus4|dffg:\G_Register_NBit:30:REGI|altshift_taps:s_Q_rtl_0|shift_taps_bkm:auto_generated|altsyncram_k1b1:altsyncram2|ram_block5a22 ; iCLK         ; iCLK        ; 0.000        ; 0.355      ; 2.392      ;
; 1.869 ; IFID_PipelineRegister:IFID_REG|register_NBit:REG_PC_Plus4|dffg:\G_Register_NBit:30:REGI|altshift_taps:s_Q_rtl_0|shift_taps_bkm:auto_generated|dffe4 ; IFID_PipelineRegister:IFID_REG|register_NBit:REG_PC_Plus4|dffg:\G_Register_NBit:30:REGI|altshift_taps:s_Q_rtl_0|shift_taps_bkm:auto_generated|altsyncram_k1b1:altsyncram2|ram_block5a23 ; iCLK         ; iCLK        ; 0.000        ; 0.355      ; 2.392      ;
; 1.869 ; IFID_PipelineRegister:IFID_REG|register_NBit:REG_PC_Plus4|dffg:\G_Register_NBit:30:REGI|altshift_taps:s_Q_rtl_0|shift_taps_bkm:auto_generated|dffe4 ; IFID_PipelineRegister:IFID_REG|register_NBit:REG_PC_Plus4|dffg:\G_Register_NBit:30:REGI|altshift_taps:s_Q_rtl_0|shift_taps_bkm:auto_generated|altsyncram_k1b1:altsyncram2|ram_block5a24 ; iCLK         ; iCLK        ; 0.000        ; 0.355      ; 2.392      ;
; 1.869 ; IFID_PipelineRegister:IFID_REG|register_NBit:REG_PC_Plus4|dffg:\G_Register_NBit:30:REGI|altshift_taps:s_Q_rtl_0|shift_taps_bkm:auto_generated|dffe4 ; IFID_PipelineRegister:IFID_REG|register_NBit:REG_PC_Plus4|dffg:\G_Register_NBit:30:REGI|altshift_taps:s_Q_rtl_0|shift_taps_bkm:auto_generated|altsyncram_k1b1:altsyncram2|ram_block5a25 ; iCLK         ; iCLK        ; 0.000        ; 0.355      ; 2.392      ;
; 1.869 ; IFID_PipelineRegister:IFID_REG|register_NBit:REG_PC_Plus4|dffg:\G_Register_NBit:30:REGI|altshift_taps:s_Q_rtl_0|shift_taps_bkm:auto_generated|dffe4 ; IFID_PipelineRegister:IFID_REG|register_NBit:REG_PC_Plus4|dffg:\G_Register_NBit:30:REGI|altshift_taps:s_Q_rtl_0|shift_taps_bkm:auto_generated|altsyncram_k1b1:altsyncram2|ram_block5a26 ; iCLK         ; iCLK        ; 0.000        ; 0.355      ; 2.392      ;
; 1.869 ; IFID_PipelineRegister:IFID_REG|register_NBit:REG_PC_Plus4|dffg:\G_Register_NBit:30:REGI|altshift_taps:s_Q_rtl_0|shift_taps_bkm:auto_generated|dffe4 ; IFID_PipelineRegister:IFID_REG|register_NBit:REG_PC_Plus4|dffg:\G_Register_NBit:30:REGI|altshift_taps:s_Q_rtl_0|shift_taps_bkm:auto_generated|altsyncram_k1b1:altsyncram2|ram_block5a27 ; iCLK         ; iCLK        ; 0.000        ; 0.355      ; 2.392      ;
; 1.869 ; IFID_PipelineRegister:IFID_REG|register_NBit:REG_PC_Plus4|dffg:\G_Register_NBit:30:REGI|altshift_taps:s_Q_rtl_0|shift_taps_bkm:auto_generated|dffe4 ; IFID_PipelineRegister:IFID_REG|register_NBit:REG_PC_Plus4|dffg:\G_Register_NBit:30:REGI|altshift_taps:s_Q_rtl_0|shift_taps_bkm:auto_generated|altsyncram_k1b1:altsyncram2|ram_block5a28 ; iCLK         ; iCLK        ; 0.000        ; 0.355      ; 2.392      ;
; 1.869 ; IFID_PipelineRegister:IFID_REG|register_NBit:REG_PC_Plus4|dffg:\G_Register_NBit:30:REGI|altshift_taps:s_Q_rtl_0|shift_taps_bkm:auto_generated|dffe4 ; IFID_PipelineRegister:IFID_REG|register_NBit:REG_PC_Plus4|dffg:\G_Register_NBit:30:REGI|altshift_taps:s_Q_rtl_0|shift_taps_bkm:auto_generated|altsyncram_k1b1:altsyncram2|ram_block5a29 ; iCLK         ; iCLK        ; 0.000        ; 0.355      ; 2.392      ;
+-------+-----------------------------------------------------------------------------------------------------------------------------------------------------+-----------------------------------------------------------------------------------------------------------------------------------------------------------------------------------------+--------------+-------------+--------------+------------+------------+


----------------------------------------------
; Slow 1200mV 0C Model Metastability Summary ;
----------------------------------------------
The design MTBF is not calculated because there are no specified synchronizers in the design.
Number of Synchronizer Chains Found: 2
Shortest Synchronizer Chain: 3 Registers
Fraction of Chains for which MTBFs Could Not be Calculated: 1.000
Worst Case Available Settling Time: 37.880 ns




+------------------------------------+
; Fast 1200mV 0C Model Setup Summary ;
+-------+--------+-------------------+
; Clock ; Slack  ; End Point TNS     ;
+-------+--------+-------------------+
; iCLK  ; 10.480 ; 0.000             ;
+-------+--------+-------------------+


+-----------------------------------+
; Fast 1200mV 0C Model Hold Summary ;
+-------+-------+-------------------+
; Clock ; Slack ; End Point TNS     ;
+-------+-------+-------------------+
; iCLK  ; 0.159 ; 0.000             ;
+-------+-------+-------------------+


+---------------------------------------+
; Fast 1200mV 0C Model Recovery Summary ;
+-------+--------+----------------------+
; Clock ; Slack  ; End Point TNS        ;
+-------+--------+----------------------+
; iCLK  ; 18.627 ; 0.000                ;
+-------+--------+----------------------+


+--------------------------------------+
; Fast 1200mV 0C Model Removal Summary ;
+-------+-------+----------------------+
; Clock ; Slack ; End Point TNS        ;
+-------+-------+----------------------+
; iCLK  ; 1.014 ; 0.000                ;
+-------+-------+----------------------+


+--------------------------------------------------+
; Fast 1200mV 0C Model Minimum Pulse Width Summary ;
+-------+-------+----------------------------------+
; Clock ; Slack ; End Point TNS                    ;
+-------+-------+----------------------------------+
; iCLK  ; 9.371 ; 0.000                            ;
+-------+-------+----------------------------------+


+--------------------------------------------------------------------------------------------------------------------------------------------------------------------------------------------------------------------------------------------------------+
; Fast 1200mV 0C Model Setup: 'iCLK'                                                                                                                                                                                                                     ;
+--------+----------------------------------------------------------------------------------------+--------------------------------------------------------------------------------+--------------+-------------+--------------+------------+------------+
; Slack  ; From Node                                                                              ; To Node                                                                        ; Launch Clock ; Latch Clock ; Relationship ; Clock Skew ; Data Delay ;
+--------+----------------------------------------------------------------------------------------+--------------------------------------------------------------------------------+--------------+-------------+--------------+------------+------------+
; 10.480 ; IDEX_PipelineRegister:IDEX_REG|register_NBit:REG_rs2|dffg:\G_Register_NBit:1:REGI|s_Q  ; sw_fetch_unit:F_UNIT_SW|register_NBit:PC_REG|dffg:\G_Register_NBit:2:REGI|s_Q  ; iCLK         ; iCLK        ; 20.000       ; 0.170      ; 9.677      ;
; 10.480 ; IDEX_PipelineRegister:IDEX_REG|register_NBit:REG_rs2|dffg:\G_Register_NBit:1:REGI|s_Q  ; sw_fetch_unit:F_UNIT_SW|register_NBit:PC_REG|dffg:\G_Register_NBit:5:REGI|s_Q  ; iCLK         ; iCLK        ; 20.000       ; 0.170      ; 9.677      ;
; 10.480 ; IDEX_PipelineRegister:IDEX_REG|register_NBit:REG_rs2|dffg:\G_Register_NBit:1:REGI|s_Q  ; sw_fetch_unit:F_UNIT_SW|register_NBit:PC_REG|dffg:\G_Register_NBit:4:REGI|s_Q  ; iCLK         ; iCLK        ; 20.000       ; 0.170      ; 9.677      ;
; 10.480 ; IDEX_PipelineRegister:IDEX_REG|register_NBit:REG_rs2|dffg:\G_Register_NBit:1:REGI|s_Q  ; sw_fetch_unit:F_UNIT_SW|register_NBit:PC_REG|dffg:\G_Register_NBit:3:REGI|s_Q  ; iCLK         ; iCLK        ; 20.000       ; 0.170      ; 9.677      ;
; 10.481 ; IDEX_PipelineRegister:IDEX_REG|register_NBit:REG_Ctrl|dffg:\G_Register_NBit:2:REGI|s_Q ; sw_fetch_unit:F_UNIT_SW|register_NBit:PC_REG|dffg:\G_Register_NBit:2:REGI|s_Q  ; iCLK         ; iCLK        ; 20.000       ; 0.170      ; 9.676      ;
; 10.481 ; IDEX_PipelineRegister:IDEX_REG|register_NBit:REG_Ctrl|dffg:\G_Register_NBit:2:REGI|s_Q ; sw_fetch_unit:F_UNIT_SW|register_NBit:PC_REG|dffg:\G_Register_NBit:5:REGI|s_Q  ; iCLK         ; iCLK        ; 20.000       ; 0.170      ; 9.676      ;
; 10.481 ; IDEX_PipelineRegister:IDEX_REG|register_NBit:REG_Ctrl|dffg:\G_Register_NBit:2:REGI|s_Q ; sw_fetch_unit:F_UNIT_SW|register_NBit:PC_REG|dffg:\G_Register_NBit:4:REGI|s_Q  ; iCLK         ; iCLK        ; 20.000       ; 0.170      ; 9.676      ;
; 10.481 ; IDEX_PipelineRegister:IDEX_REG|register_NBit:REG_Ctrl|dffg:\G_Register_NBit:2:REGI|s_Q ; sw_fetch_unit:F_UNIT_SW|register_NBit:PC_REG|dffg:\G_Register_NBit:3:REGI|s_Q  ; iCLK         ; iCLK        ; 20.000       ; 0.170      ; 9.676      ;
; 10.484 ; IDEX_PipelineRegister:IDEX_REG|register_NBit:REG_rs2|dffg:\G_Register_NBit:1:REGI|s_Q  ; sw_fetch_unit:F_UNIT_SW|register_NBit:PC_REG|dffg:\G_Register_NBit:23:REGI|s_Q ; iCLK         ; iCLK        ; 20.000       ; 0.172      ; 9.675      ;
; 10.484 ; IDEX_PipelineRegister:IDEX_REG|register_NBit:REG_rs2|dffg:\G_Register_NBit:1:REGI|s_Q  ; sw_fetch_unit:F_UNIT_SW|register_NBit:PC_REG|dffg:\G_Register_NBit:21:REGI|s_Q ; iCLK         ; iCLK        ; 20.000       ; 0.172      ; 9.675      ;
; 10.484 ; IDEX_PipelineRegister:IDEX_REG|register_NBit:REG_rs2|dffg:\G_Register_NBit:1:REGI|s_Q  ; sw_fetch_unit:F_UNIT_SW|register_NBit:PC_REG|dffg:\G_Register_NBit:25:REGI|s_Q ; iCLK         ; iCLK        ; 20.000       ; 0.172      ; 9.675      ;
; 10.484 ; IDEX_PipelineRegister:IDEX_REG|register_NBit:REG_rs2|dffg:\G_Register_NBit:1:REGI|s_Q  ; sw_fetch_unit:F_UNIT_SW|register_NBit:PC_REG|dffg:\G_Register_NBit:24:REGI|s_Q ; iCLK         ; iCLK        ; 20.000       ; 0.172      ; 9.675      ;
; 10.485 ; IDEX_PipelineRegister:IDEX_REG|register_NBit:REG_Ctrl|dffg:\G_Register_NBit:2:REGI|s_Q ; sw_fetch_unit:F_UNIT_SW|register_NBit:PC_REG|dffg:\G_Register_NBit:23:REGI|s_Q ; iCLK         ; iCLK        ; 20.000       ; 0.172      ; 9.674      ;
; 10.485 ; IDEX_PipelineRegister:IDEX_REG|register_NBit:REG_Ctrl|dffg:\G_Register_NBit:2:REGI|s_Q ; sw_fetch_unit:F_UNIT_SW|register_NBit:PC_REG|dffg:\G_Register_NBit:21:REGI|s_Q ; iCLK         ; iCLK        ; 20.000       ; 0.172      ; 9.674      ;
; 10.485 ; IDEX_PipelineRegister:IDEX_REG|register_NBit:REG_Ctrl|dffg:\G_Register_NBit:2:REGI|s_Q ; sw_fetch_unit:F_UNIT_SW|register_NBit:PC_REG|dffg:\G_Register_NBit:25:REGI|s_Q ; iCLK         ; iCLK        ; 20.000       ; 0.172      ; 9.674      ;
; 10.485 ; IDEX_PipelineRegister:IDEX_REG|register_NBit:REG_Ctrl|dffg:\G_Register_NBit:2:REGI|s_Q ; sw_fetch_unit:F_UNIT_SW|register_NBit:PC_REG|dffg:\G_Register_NBit:24:REGI|s_Q ; iCLK         ; iCLK        ; 20.000       ; 0.172      ; 9.674      ;
; 10.487 ; IDEX_PipelineRegister:IDEX_REG|register_NBit:REG_rs2|dffg:\G_Register_NBit:1:REGI|s_Q  ; sw_fetch_unit:F_UNIT_SW|register_NBit:PC_REG|dffg:\G_Register_NBit:27:REGI|s_Q ; iCLK         ; iCLK        ; 20.000       ; 0.176      ; 9.676      ;
; 10.488 ; IDEX_PipelineRegister:IDEX_REG|register_NBit:REG_Ctrl|dffg:\G_Register_NBit:2:REGI|s_Q ; sw_fetch_unit:F_UNIT_SW|register_NBit:PC_REG|dffg:\G_Register_NBit:27:REGI|s_Q ; iCLK         ; iCLK        ; 20.000       ; 0.176      ; 9.675      ;
; 10.497 ; IDEX_PipelineRegister:IDEX_REG|register_NBit:REG_rs1|dffg:\G_Register_NBit:0:REGI|s_Q  ; sw_fetch_unit:F_UNIT_SW|register_NBit:PC_REG|dffg:\G_Register_NBit:2:REGI|s_Q  ; iCLK         ; iCLK        ; 20.000       ; 0.166      ; 9.656      ;
; 10.497 ; IDEX_PipelineRegister:IDEX_REG|register_NBit:REG_rs1|dffg:\G_Register_NBit:0:REGI|s_Q  ; sw_fetch_unit:F_UNIT_SW|register_NBit:PC_REG|dffg:\G_Register_NBit:5:REGI|s_Q  ; iCLK         ; iCLK        ; 20.000       ; 0.166      ; 9.656      ;
; 10.497 ; IDEX_PipelineRegister:IDEX_REG|register_NBit:REG_rs1|dffg:\G_Register_NBit:0:REGI|s_Q  ; sw_fetch_unit:F_UNIT_SW|register_NBit:PC_REG|dffg:\G_Register_NBit:4:REGI|s_Q  ; iCLK         ; iCLK        ; 20.000       ; 0.166      ; 9.656      ;
; 10.497 ; IDEX_PipelineRegister:IDEX_REG|register_NBit:REG_rs1|dffg:\G_Register_NBit:0:REGI|s_Q  ; sw_fetch_unit:F_UNIT_SW|register_NBit:PC_REG|dffg:\G_Register_NBit:3:REGI|s_Q  ; iCLK         ; iCLK        ; 20.000       ; 0.166      ; 9.656      ;
; 10.501 ; IDEX_PipelineRegister:IDEX_REG|register_NBit:REG_rs1|dffg:\G_Register_NBit:0:REGI|s_Q  ; sw_fetch_unit:F_UNIT_SW|register_NBit:PC_REG|dffg:\G_Register_NBit:23:REGI|s_Q ; iCLK         ; iCLK        ; 20.000       ; 0.168      ; 9.654      ;
; 10.501 ; IDEX_PipelineRegister:IDEX_REG|register_NBit:REG_rs1|dffg:\G_Register_NBit:0:REGI|s_Q  ; sw_fetch_unit:F_UNIT_SW|register_NBit:PC_REG|dffg:\G_Register_NBit:21:REGI|s_Q ; iCLK         ; iCLK        ; 20.000       ; 0.168      ; 9.654      ;
; 10.501 ; IDEX_PipelineRegister:IDEX_REG|register_NBit:REG_rs1|dffg:\G_Register_NBit:0:REGI|s_Q  ; sw_fetch_unit:F_UNIT_SW|register_NBit:PC_REG|dffg:\G_Register_NBit:25:REGI|s_Q ; iCLK         ; iCLK        ; 20.000       ; 0.168      ; 9.654      ;
; 10.501 ; IDEX_PipelineRegister:IDEX_REG|register_NBit:REG_rs1|dffg:\G_Register_NBit:0:REGI|s_Q  ; sw_fetch_unit:F_UNIT_SW|register_NBit:PC_REG|dffg:\G_Register_NBit:24:REGI|s_Q ; iCLK         ; iCLK        ; 20.000       ; 0.168      ; 9.654      ;
; 10.504 ; IDEX_PipelineRegister:IDEX_REG|register_NBit:REG_rs1|dffg:\G_Register_NBit:0:REGI|s_Q  ; sw_fetch_unit:F_UNIT_SW|register_NBit:PC_REG|dffg:\G_Register_NBit:27:REGI|s_Q ; iCLK         ; iCLK        ; 20.000       ; 0.172      ; 9.655      ;
; 10.505 ; IDEX_PipelineRegister:IDEX_REG|register_NBit:REG_rs2|dffg:\G_Register_NBit:1:REGI|s_Q  ; sw_fetch_unit:F_UNIT_SW|register_NBit:PC_REG|dffg:\G_Register_NBit:11:REGI|s_Q ; iCLK         ; iCLK        ; 20.000       ; 0.169      ; 9.651      ;
; 10.505 ; IDEX_PipelineRegister:IDEX_REG|register_NBit:REG_rs2|dffg:\G_Register_NBit:1:REGI|s_Q  ; sw_fetch_unit:F_UNIT_SW|register_NBit:PC_REG|dffg:\G_Register_NBit:10:REGI|s_Q ; iCLK         ; iCLK        ; 20.000       ; 0.169      ; 9.651      ;
; 10.505 ; IDEX_PipelineRegister:IDEX_REG|register_NBit:REG_rs2|dffg:\G_Register_NBit:1:REGI|s_Q  ; sw_fetch_unit:F_UNIT_SW|register_NBit:PC_REG|dffg:\G_Register_NBit:8:REGI|s_Q  ; iCLK         ; iCLK        ; 20.000       ; 0.169      ; 9.651      ;
; 10.505 ; IDEX_PipelineRegister:IDEX_REG|register_NBit:REG_rs2|dffg:\G_Register_NBit:1:REGI|s_Q  ; sw_fetch_unit:F_UNIT_SW|register_NBit:PC_REG|dffg:\G_Register_NBit:7:REGI|s_Q  ; iCLK         ; iCLK        ; 20.000       ; 0.169      ; 9.651      ;
; 10.505 ; IDEX_PipelineRegister:IDEX_REG|register_NBit:REG_rs2|dffg:\G_Register_NBit:1:REGI|s_Q  ; sw_fetch_unit:F_UNIT_SW|register_NBit:PC_REG|dffg:\G_Register_NBit:6:REGI|s_Q  ; iCLK         ; iCLK        ; 20.000       ; 0.169      ; 9.651      ;
; 10.505 ; IDEX_PipelineRegister:IDEX_REG|register_NBit:REG_rs2|dffg:\G_Register_NBit:1:REGI|s_Q  ; sw_fetch_unit:F_UNIT_SW|register_NBit:PC_REG|dffg:\G_Register_NBit:9:REGI|s_Q  ; iCLK         ; iCLK        ; 20.000       ; 0.169      ; 9.651      ;
; 10.506 ; IDEX_PipelineRegister:IDEX_REG|register_NBit:REG_Ctrl|dffg:\G_Register_NBit:2:REGI|s_Q ; sw_fetch_unit:F_UNIT_SW|register_NBit:PC_REG|dffg:\G_Register_NBit:11:REGI|s_Q ; iCLK         ; iCLK        ; 20.000       ; 0.169      ; 9.650      ;
; 10.506 ; IDEX_PipelineRegister:IDEX_REG|register_NBit:REG_Ctrl|dffg:\G_Register_NBit:2:REGI|s_Q ; sw_fetch_unit:F_UNIT_SW|register_NBit:PC_REG|dffg:\G_Register_NBit:10:REGI|s_Q ; iCLK         ; iCLK        ; 20.000       ; 0.169      ; 9.650      ;
; 10.506 ; IDEX_PipelineRegister:IDEX_REG|register_NBit:REG_Ctrl|dffg:\G_Register_NBit:2:REGI|s_Q ; sw_fetch_unit:F_UNIT_SW|register_NBit:PC_REG|dffg:\G_Register_NBit:8:REGI|s_Q  ; iCLK         ; iCLK        ; 20.000       ; 0.169      ; 9.650      ;
; 10.506 ; IDEX_PipelineRegister:IDEX_REG|register_NBit:REG_Ctrl|dffg:\G_Register_NBit:2:REGI|s_Q ; sw_fetch_unit:F_UNIT_SW|register_NBit:PC_REG|dffg:\G_Register_NBit:7:REGI|s_Q  ; iCLK         ; iCLK        ; 20.000       ; 0.169      ; 9.650      ;
; 10.506 ; IDEX_PipelineRegister:IDEX_REG|register_NBit:REG_Ctrl|dffg:\G_Register_NBit:2:REGI|s_Q ; sw_fetch_unit:F_UNIT_SW|register_NBit:PC_REG|dffg:\G_Register_NBit:6:REGI|s_Q  ; iCLK         ; iCLK        ; 20.000       ; 0.169      ; 9.650      ;
; 10.506 ; IDEX_PipelineRegister:IDEX_REG|register_NBit:REG_Ctrl|dffg:\G_Register_NBit:2:REGI|s_Q ; sw_fetch_unit:F_UNIT_SW|register_NBit:PC_REG|dffg:\G_Register_NBit:9:REGI|s_Q  ; iCLK         ; iCLK        ; 20.000       ; 0.169      ; 9.650      ;
; 10.513 ; IDEX_PipelineRegister:IDEX_REG|register_NBit:REG_rs2|dffg:\G_Register_NBit:1:REGI|s_Q  ; sw_fetch_unit:F_UNIT_SW|register_NBit:PC_REG|dffg:\G_Register_NBit:26:REGI|s_Q ; iCLK         ; iCLK        ; 20.000       ; 0.174      ; 9.648      ;
; 10.513 ; IDEX_PipelineRegister:IDEX_REG|register_NBit:REG_rs2|dffg:\G_Register_NBit:1:REGI|s_Q  ; sw_fetch_unit:F_UNIT_SW|register_NBit:PC_REG|dffg:\G_Register_NBit:28:REGI|s_Q ; iCLK         ; iCLK        ; 20.000       ; 0.174      ; 9.648      ;
; 10.513 ; IDEX_PipelineRegister:IDEX_REG|register_NBit:REG_rs2|dffg:\G_Register_NBit:1:REGI|s_Q  ; sw_fetch_unit:F_UNIT_SW|register_NBit:PC_REG|dffg:\G_Register_NBit:29:REGI|s_Q ; iCLK         ; iCLK        ; 20.000       ; 0.174      ; 9.648      ;
; 10.513 ; IDEX_PipelineRegister:IDEX_REG|register_NBit:REG_rs2|dffg:\G_Register_NBit:1:REGI|s_Q  ; sw_fetch_unit:F_UNIT_SW|register_NBit:PC_REG|dffg:\G_Register_NBit:30:REGI|s_Q ; iCLK         ; iCLK        ; 20.000       ; 0.174      ; 9.648      ;
; 10.513 ; IDEX_PipelineRegister:IDEX_REG|register_NBit:REG_rs2|dffg:\G_Register_NBit:1:REGI|s_Q  ; sw_fetch_unit:F_UNIT_SW|register_NBit:PC_REG|dffg:\G_Register_NBit:31:REGI|s_Q ; iCLK         ; iCLK        ; 20.000       ; 0.174      ; 9.648      ;
; 10.514 ; IDEX_PipelineRegister:IDEX_REG|register_NBit:REG_Ctrl|dffg:\G_Register_NBit:2:REGI|s_Q ; sw_fetch_unit:F_UNIT_SW|register_NBit:PC_REG|dffg:\G_Register_NBit:26:REGI|s_Q ; iCLK         ; iCLK        ; 20.000       ; 0.174      ; 9.647      ;
; 10.514 ; IDEX_PipelineRegister:IDEX_REG|register_NBit:REG_Ctrl|dffg:\G_Register_NBit:2:REGI|s_Q ; sw_fetch_unit:F_UNIT_SW|register_NBit:PC_REG|dffg:\G_Register_NBit:28:REGI|s_Q ; iCLK         ; iCLK        ; 20.000       ; 0.174      ; 9.647      ;
; 10.514 ; IDEX_PipelineRegister:IDEX_REG|register_NBit:REG_Ctrl|dffg:\G_Register_NBit:2:REGI|s_Q ; sw_fetch_unit:F_UNIT_SW|register_NBit:PC_REG|dffg:\G_Register_NBit:29:REGI|s_Q ; iCLK         ; iCLK        ; 20.000       ; 0.174      ; 9.647      ;
; 10.514 ; IDEX_PipelineRegister:IDEX_REG|register_NBit:REG_Ctrl|dffg:\G_Register_NBit:2:REGI|s_Q ; sw_fetch_unit:F_UNIT_SW|register_NBit:PC_REG|dffg:\G_Register_NBit:30:REGI|s_Q ; iCLK         ; iCLK        ; 20.000       ; 0.174      ; 9.647      ;
; 10.514 ; IDEX_PipelineRegister:IDEX_REG|register_NBit:REG_Ctrl|dffg:\G_Register_NBit:2:REGI|s_Q ; sw_fetch_unit:F_UNIT_SW|register_NBit:PC_REG|dffg:\G_Register_NBit:31:REGI|s_Q ; iCLK         ; iCLK        ; 20.000       ; 0.174      ; 9.647      ;
; 10.517 ; IDEX_PipelineRegister:IDEX_REG|register_NBit:REG_Ctrl|dffg:\G_Register_NBit:0:REGI|s_Q ; sw_fetch_unit:F_UNIT_SW|register_NBit:PC_REG|dffg:\G_Register_NBit:2:REGI|s_Q  ; iCLK         ; iCLK        ; 20.000       ; 0.166      ; 9.636      ;
; 10.517 ; IDEX_PipelineRegister:IDEX_REG|register_NBit:REG_Ctrl|dffg:\G_Register_NBit:0:REGI|s_Q ; sw_fetch_unit:F_UNIT_SW|register_NBit:PC_REG|dffg:\G_Register_NBit:5:REGI|s_Q  ; iCLK         ; iCLK        ; 20.000       ; 0.166      ; 9.636      ;
; 10.517 ; IDEX_PipelineRegister:IDEX_REG|register_NBit:REG_Ctrl|dffg:\G_Register_NBit:0:REGI|s_Q ; sw_fetch_unit:F_UNIT_SW|register_NBit:PC_REG|dffg:\G_Register_NBit:4:REGI|s_Q  ; iCLK         ; iCLK        ; 20.000       ; 0.166      ; 9.636      ;
; 10.517 ; IDEX_PipelineRegister:IDEX_REG|register_NBit:REG_Ctrl|dffg:\G_Register_NBit:0:REGI|s_Q ; sw_fetch_unit:F_UNIT_SW|register_NBit:PC_REG|dffg:\G_Register_NBit:3:REGI|s_Q  ; iCLK         ; iCLK        ; 20.000       ; 0.166      ; 9.636      ;
; 10.521 ; IDEX_PipelineRegister:IDEX_REG|register_NBit:REG_Ctrl|dffg:\G_Register_NBit:0:REGI|s_Q ; sw_fetch_unit:F_UNIT_SW|register_NBit:PC_REG|dffg:\G_Register_NBit:23:REGI|s_Q ; iCLK         ; iCLK        ; 20.000       ; 0.168      ; 9.634      ;
; 10.521 ; IDEX_PipelineRegister:IDEX_REG|register_NBit:REG_Ctrl|dffg:\G_Register_NBit:0:REGI|s_Q ; sw_fetch_unit:F_UNIT_SW|register_NBit:PC_REG|dffg:\G_Register_NBit:21:REGI|s_Q ; iCLK         ; iCLK        ; 20.000       ; 0.168      ; 9.634      ;
; 10.521 ; IDEX_PipelineRegister:IDEX_REG|register_NBit:REG_Ctrl|dffg:\G_Register_NBit:0:REGI|s_Q ; sw_fetch_unit:F_UNIT_SW|register_NBit:PC_REG|dffg:\G_Register_NBit:25:REGI|s_Q ; iCLK         ; iCLK        ; 20.000       ; 0.168      ; 9.634      ;
; 10.521 ; IDEX_PipelineRegister:IDEX_REG|register_NBit:REG_Ctrl|dffg:\G_Register_NBit:0:REGI|s_Q ; sw_fetch_unit:F_UNIT_SW|register_NBit:PC_REG|dffg:\G_Register_NBit:24:REGI|s_Q ; iCLK         ; iCLK        ; 20.000       ; 0.168      ; 9.634      ;
; 10.522 ; IDEX_PipelineRegister:IDEX_REG|register_NBit:REG_rs1|dffg:\G_Register_NBit:0:REGI|s_Q  ; sw_fetch_unit:F_UNIT_SW|register_NBit:PC_REG|dffg:\G_Register_NBit:11:REGI|s_Q ; iCLK         ; iCLK        ; 20.000       ; 0.165      ; 9.630      ;
; 10.522 ; IDEX_PipelineRegister:IDEX_REG|register_NBit:REG_rs1|dffg:\G_Register_NBit:0:REGI|s_Q  ; sw_fetch_unit:F_UNIT_SW|register_NBit:PC_REG|dffg:\G_Register_NBit:10:REGI|s_Q ; iCLK         ; iCLK        ; 20.000       ; 0.165      ; 9.630      ;
; 10.522 ; IDEX_PipelineRegister:IDEX_REG|register_NBit:REG_rs1|dffg:\G_Register_NBit:0:REGI|s_Q  ; sw_fetch_unit:F_UNIT_SW|register_NBit:PC_REG|dffg:\G_Register_NBit:8:REGI|s_Q  ; iCLK         ; iCLK        ; 20.000       ; 0.165      ; 9.630      ;
; 10.522 ; IDEX_PipelineRegister:IDEX_REG|register_NBit:REG_rs1|dffg:\G_Register_NBit:0:REGI|s_Q  ; sw_fetch_unit:F_UNIT_SW|register_NBit:PC_REG|dffg:\G_Register_NBit:7:REGI|s_Q  ; iCLK         ; iCLK        ; 20.000       ; 0.165      ; 9.630      ;
; 10.522 ; IDEX_PipelineRegister:IDEX_REG|register_NBit:REG_rs1|dffg:\G_Register_NBit:0:REGI|s_Q  ; sw_fetch_unit:F_UNIT_SW|register_NBit:PC_REG|dffg:\G_Register_NBit:6:REGI|s_Q  ; iCLK         ; iCLK        ; 20.000       ; 0.165      ; 9.630      ;
; 10.522 ; IDEX_PipelineRegister:IDEX_REG|register_NBit:REG_rs1|dffg:\G_Register_NBit:0:REGI|s_Q  ; sw_fetch_unit:F_UNIT_SW|register_NBit:PC_REG|dffg:\G_Register_NBit:9:REGI|s_Q  ; iCLK         ; iCLK        ; 20.000       ; 0.165      ; 9.630      ;
; 10.524 ; IDEX_PipelineRegister:IDEX_REG|register_NBit:REG_Ctrl|dffg:\G_Register_NBit:0:REGI|s_Q ; sw_fetch_unit:F_UNIT_SW|register_NBit:PC_REG|dffg:\G_Register_NBit:27:REGI|s_Q ; iCLK         ; iCLK        ; 20.000       ; 0.172      ; 9.635      ;
; 10.530 ; IDEX_PipelineRegister:IDEX_REG|register_NBit:REG_rs1|dffg:\G_Register_NBit:0:REGI|s_Q  ; sw_fetch_unit:F_UNIT_SW|register_NBit:PC_REG|dffg:\G_Register_NBit:26:REGI|s_Q ; iCLK         ; iCLK        ; 20.000       ; 0.170      ; 9.627      ;
; 10.530 ; IDEX_PipelineRegister:IDEX_REG|register_NBit:REG_rs1|dffg:\G_Register_NBit:0:REGI|s_Q  ; sw_fetch_unit:F_UNIT_SW|register_NBit:PC_REG|dffg:\G_Register_NBit:28:REGI|s_Q ; iCLK         ; iCLK        ; 20.000       ; 0.170      ; 9.627      ;
; 10.530 ; IDEX_PipelineRegister:IDEX_REG|register_NBit:REG_rs1|dffg:\G_Register_NBit:0:REGI|s_Q  ; sw_fetch_unit:F_UNIT_SW|register_NBit:PC_REG|dffg:\G_Register_NBit:29:REGI|s_Q ; iCLK         ; iCLK        ; 20.000       ; 0.170      ; 9.627      ;
; 10.530 ; IDEX_PipelineRegister:IDEX_REG|register_NBit:REG_rs1|dffg:\G_Register_NBit:0:REGI|s_Q  ; sw_fetch_unit:F_UNIT_SW|register_NBit:PC_REG|dffg:\G_Register_NBit:30:REGI|s_Q ; iCLK         ; iCLK        ; 20.000       ; 0.170      ; 9.627      ;
; 10.530 ; IDEX_PipelineRegister:IDEX_REG|register_NBit:REG_rs1|dffg:\G_Register_NBit:0:REGI|s_Q  ; sw_fetch_unit:F_UNIT_SW|register_NBit:PC_REG|dffg:\G_Register_NBit:31:REGI|s_Q ; iCLK         ; iCLK        ; 20.000       ; 0.170      ; 9.627      ;
; 10.534 ; IDEX_PipelineRegister:IDEX_REG|register_NBit:REG_rs1|dffg:\G_Register_NBit:1:REGI|s_Q  ; sw_fetch_unit:F_UNIT_SW|register_NBit:PC_REG|dffg:\G_Register_NBit:2:REGI|s_Q  ; iCLK         ; iCLK        ; 20.000       ; 0.173      ; 9.626      ;
; 10.534 ; IDEX_PipelineRegister:IDEX_REG|register_NBit:REG_rs1|dffg:\G_Register_NBit:1:REGI|s_Q  ; sw_fetch_unit:F_UNIT_SW|register_NBit:PC_REG|dffg:\G_Register_NBit:5:REGI|s_Q  ; iCLK         ; iCLK        ; 20.000       ; 0.173      ; 9.626      ;
; 10.534 ; IDEX_PipelineRegister:IDEX_REG|register_NBit:REG_rs1|dffg:\G_Register_NBit:1:REGI|s_Q  ; sw_fetch_unit:F_UNIT_SW|register_NBit:PC_REG|dffg:\G_Register_NBit:4:REGI|s_Q  ; iCLK         ; iCLK        ; 20.000       ; 0.173      ; 9.626      ;
; 10.534 ; IDEX_PipelineRegister:IDEX_REG|register_NBit:REG_rs1|dffg:\G_Register_NBit:1:REGI|s_Q  ; sw_fetch_unit:F_UNIT_SW|register_NBit:PC_REG|dffg:\G_Register_NBit:3:REGI|s_Q  ; iCLK         ; iCLK        ; 20.000       ; 0.173      ; 9.626      ;
; 10.538 ; IDEX_PipelineRegister:IDEX_REG|register_NBit:REG_rs1|dffg:\G_Register_NBit:1:REGI|s_Q  ; sw_fetch_unit:F_UNIT_SW|register_NBit:PC_REG|dffg:\G_Register_NBit:23:REGI|s_Q ; iCLK         ; iCLK        ; 20.000       ; 0.175      ; 9.624      ;
; 10.538 ; IDEX_PipelineRegister:IDEX_REG|register_NBit:REG_rs1|dffg:\G_Register_NBit:1:REGI|s_Q  ; sw_fetch_unit:F_UNIT_SW|register_NBit:PC_REG|dffg:\G_Register_NBit:21:REGI|s_Q ; iCLK         ; iCLK        ; 20.000       ; 0.175      ; 9.624      ;
; 10.538 ; IDEX_PipelineRegister:IDEX_REG|register_NBit:REG_rs1|dffg:\G_Register_NBit:1:REGI|s_Q  ; sw_fetch_unit:F_UNIT_SW|register_NBit:PC_REG|dffg:\G_Register_NBit:25:REGI|s_Q ; iCLK         ; iCLK        ; 20.000       ; 0.175      ; 9.624      ;
; 10.538 ; IDEX_PipelineRegister:IDEX_REG|register_NBit:REG_rs1|dffg:\G_Register_NBit:1:REGI|s_Q  ; sw_fetch_unit:F_UNIT_SW|register_NBit:PC_REG|dffg:\G_Register_NBit:24:REGI|s_Q ; iCLK         ; iCLK        ; 20.000       ; 0.175      ; 9.624      ;
; 10.541 ; IDEX_PipelineRegister:IDEX_REG|register_NBit:REG_rs1|dffg:\G_Register_NBit:1:REGI|s_Q  ; sw_fetch_unit:F_UNIT_SW|register_NBit:PC_REG|dffg:\G_Register_NBit:27:REGI|s_Q ; iCLK         ; iCLK        ; 20.000       ; 0.179      ; 9.625      ;
; 10.542 ; IDEX_PipelineRegister:IDEX_REG|register_NBit:REG_Ctrl|dffg:\G_Register_NBit:0:REGI|s_Q ; sw_fetch_unit:F_UNIT_SW|register_NBit:PC_REG|dffg:\G_Register_NBit:11:REGI|s_Q ; iCLK         ; iCLK        ; 20.000       ; 0.165      ; 9.610      ;
; 10.542 ; IDEX_PipelineRegister:IDEX_REG|register_NBit:REG_Ctrl|dffg:\G_Register_NBit:0:REGI|s_Q ; sw_fetch_unit:F_UNIT_SW|register_NBit:PC_REG|dffg:\G_Register_NBit:10:REGI|s_Q ; iCLK         ; iCLK        ; 20.000       ; 0.165      ; 9.610      ;
; 10.542 ; IDEX_PipelineRegister:IDEX_REG|register_NBit:REG_Ctrl|dffg:\G_Register_NBit:0:REGI|s_Q ; sw_fetch_unit:F_UNIT_SW|register_NBit:PC_REG|dffg:\G_Register_NBit:8:REGI|s_Q  ; iCLK         ; iCLK        ; 20.000       ; 0.165      ; 9.610      ;
; 10.542 ; IDEX_PipelineRegister:IDEX_REG|register_NBit:REG_Ctrl|dffg:\G_Register_NBit:0:REGI|s_Q ; sw_fetch_unit:F_UNIT_SW|register_NBit:PC_REG|dffg:\G_Register_NBit:7:REGI|s_Q  ; iCLK         ; iCLK        ; 20.000       ; 0.165      ; 9.610      ;
; 10.542 ; IDEX_PipelineRegister:IDEX_REG|register_NBit:REG_Ctrl|dffg:\G_Register_NBit:0:REGI|s_Q ; sw_fetch_unit:F_UNIT_SW|register_NBit:PC_REG|dffg:\G_Register_NBit:6:REGI|s_Q  ; iCLK         ; iCLK        ; 20.000       ; 0.165      ; 9.610      ;
; 10.542 ; IDEX_PipelineRegister:IDEX_REG|register_NBit:REG_Ctrl|dffg:\G_Register_NBit:0:REGI|s_Q ; sw_fetch_unit:F_UNIT_SW|register_NBit:PC_REG|dffg:\G_Register_NBit:9:REGI|s_Q  ; iCLK         ; iCLK        ; 20.000       ; 0.165      ; 9.610      ;
; 10.545 ; IDEX_PipelineRegister:IDEX_REG|register_NBit:REG_Imm|dffg:\G_Register_NBit:0:REGI|s_Q  ; sw_fetch_unit:F_UNIT_SW|register_NBit:PC_REG|dffg:\G_Register_NBit:2:REGI|s_Q  ; iCLK         ; iCLK        ; 20.000       ; 0.170      ; 9.612      ;
; 10.545 ; IDEX_PipelineRegister:IDEX_REG|register_NBit:REG_Imm|dffg:\G_Register_NBit:0:REGI|s_Q  ; sw_fetch_unit:F_UNIT_SW|register_NBit:PC_REG|dffg:\G_Register_NBit:5:REGI|s_Q  ; iCLK         ; iCLK        ; 20.000       ; 0.170      ; 9.612      ;
; 10.545 ; IDEX_PipelineRegister:IDEX_REG|register_NBit:REG_Imm|dffg:\G_Register_NBit:0:REGI|s_Q  ; sw_fetch_unit:F_UNIT_SW|register_NBit:PC_REG|dffg:\G_Register_NBit:4:REGI|s_Q  ; iCLK         ; iCLK        ; 20.000       ; 0.170      ; 9.612      ;
; 10.545 ; IDEX_PipelineRegister:IDEX_REG|register_NBit:REG_Imm|dffg:\G_Register_NBit:0:REGI|s_Q  ; sw_fetch_unit:F_UNIT_SW|register_NBit:PC_REG|dffg:\G_Register_NBit:3:REGI|s_Q  ; iCLK         ; iCLK        ; 20.000       ; 0.170      ; 9.612      ;
; 10.549 ; IDEX_PipelineRegister:IDEX_REG|register_NBit:REG_Imm|dffg:\G_Register_NBit:0:REGI|s_Q  ; sw_fetch_unit:F_UNIT_SW|register_NBit:PC_REG|dffg:\G_Register_NBit:23:REGI|s_Q ; iCLK         ; iCLK        ; 20.000       ; 0.172      ; 9.610      ;
; 10.549 ; IDEX_PipelineRegister:IDEX_REG|register_NBit:REG_Imm|dffg:\G_Register_NBit:0:REGI|s_Q  ; sw_fetch_unit:F_UNIT_SW|register_NBit:PC_REG|dffg:\G_Register_NBit:21:REGI|s_Q ; iCLK         ; iCLK        ; 20.000       ; 0.172      ; 9.610      ;
; 10.549 ; IDEX_PipelineRegister:IDEX_REG|register_NBit:REG_Imm|dffg:\G_Register_NBit:0:REGI|s_Q  ; sw_fetch_unit:F_UNIT_SW|register_NBit:PC_REG|dffg:\G_Register_NBit:25:REGI|s_Q ; iCLK         ; iCLK        ; 20.000       ; 0.172      ; 9.610      ;
; 10.549 ; IDEX_PipelineRegister:IDEX_REG|register_NBit:REG_Imm|dffg:\G_Register_NBit:0:REGI|s_Q  ; sw_fetch_unit:F_UNIT_SW|register_NBit:PC_REG|dffg:\G_Register_NBit:24:REGI|s_Q ; iCLK         ; iCLK        ; 20.000       ; 0.172      ; 9.610      ;
; 10.550 ; IDEX_PipelineRegister:IDEX_REG|register_NBit:REG_Ctrl|dffg:\G_Register_NBit:0:REGI|s_Q ; sw_fetch_unit:F_UNIT_SW|register_NBit:PC_REG|dffg:\G_Register_NBit:26:REGI|s_Q ; iCLK         ; iCLK        ; 20.000       ; 0.170      ; 9.607      ;
; 10.550 ; IDEX_PipelineRegister:IDEX_REG|register_NBit:REG_Ctrl|dffg:\G_Register_NBit:0:REGI|s_Q ; sw_fetch_unit:F_UNIT_SW|register_NBit:PC_REG|dffg:\G_Register_NBit:28:REGI|s_Q ; iCLK         ; iCLK        ; 20.000       ; 0.170      ; 9.607      ;
; 10.550 ; IDEX_PipelineRegister:IDEX_REG|register_NBit:REG_Ctrl|dffg:\G_Register_NBit:0:REGI|s_Q ; sw_fetch_unit:F_UNIT_SW|register_NBit:PC_REG|dffg:\G_Register_NBit:29:REGI|s_Q ; iCLK         ; iCLK        ; 20.000       ; 0.170      ; 9.607      ;
; 10.550 ; IDEX_PipelineRegister:IDEX_REG|register_NBit:REG_Ctrl|dffg:\G_Register_NBit:0:REGI|s_Q ; sw_fetch_unit:F_UNIT_SW|register_NBit:PC_REG|dffg:\G_Register_NBit:30:REGI|s_Q ; iCLK         ; iCLK        ; 20.000       ; 0.170      ; 9.607      ;
; 10.550 ; IDEX_PipelineRegister:IDEX_REG|register_NBit:REG_Ctrl|dffg:\G_Register_NBit:0:REGI|s_Q ; sw_fetch_unit:F_UNIT_SW|register_NBit:PC_REG|dffg:\G_Register_NBit:31:REGI|s_Q ; iCLK         ; iCLK        ; 20.000       ; 0.170      ; 9.607      ;
; 10.552 ; IDEX_PipelineRegister:IDEX_REG|register_NBit:REG_Imm|dffg:\G_Register_NBit:0:REGI|s_Q  ; sw_fetch_unit:F_UNIT_SW|register_NBit:PC_REG|dffg:\G_Register_NBit:27:REGI|s_Q ; iCLK         ; iCLK        ; 20.000       ; 0.176      ; 9.611      ;
; 10.559 ; IDEX_PipelineRegister:IDEX_REG|register_NBit:REG_rs1|dffg:\G_Register_NBit:1:REGI|s_Q  ; sw_fetch_unit:F_UNIT_SW|register_NBit:PC_REG|dffg:\G_Register_NBit:11:REGI|s_Q ; iCLK         ; iCLK        ; 20.000       ; 0.172      ; 9.600      ;
; 10.559 ; IDEX_PipelineRegister:IDEX_REG|register_NBit:REG_rs1|dffg:\G_Register_NBit:1:REGI|s_Q  ; sw_fetch_unit:F_UNIT_SW|register_NBit:PC_REG|dffg:\G_Register_NBit:10:REGI|s_Q ; iCLK         ; iCLK        ; 20.000       ; 0.172      ; 9.600      ;
+--------+----------------------------------------------------------------------------------------+--------------------------------------------------------------------------------+--------------+-------------+--------------+------------+------------+


+---------------------------------------------------------------------------------------------------------------------------------------------------------------------------------------------------------------------------------------------------------------------------------------------------------------------------------------------------------------------------------------------------------------------------------------------------------------------------+
; Fast 1200mV 0C Model Hold: 'iCLK'                                                                                                                                                                                                                                                                                                                                                                                                                                         ;
+-------+---------------------------------------------------------------------------------------------------------------------------------------------------------------------------------+-----------------------------------------------------------------------------------------------------------------------------------------------------------------------------------------------------------+--------------+-------------+--------------+------------+------------+
; Slack ; From Node                                                                                                                                                                       ; To Node                                                                                                                                                                                                   ; Launch Clock ; Latch Clock ; Relationship ; Clock Skew ; Data Delay ;
+-------+---------------------------------------------------------------------------------------------------------------------------------------------------------------------------------+-----------------------------------------------------------------------------------------------------------------------------------------------------------------------------------------------------------+--------------+-------------+--------------+------------+------------+
; 0.159 ; IFID_PipelineRegister:IFID_REG|register_NBit:REG_PC_Plus4|dffg:\G_Register_NBit:30:REGI|altshift_taps:s_Q_rtl_0|shift_taps_bkm:auto_generated|cntr_4pf:cntr1|counter_reg_bit[0] ; IFID_PipelineRegister:IFID_REG|register_NBit:REG_PC_Plus4|dffg:\G_Register_NBit:30:REGI|altshift_taps:s_Q_rtl_0|shift_taps_bkm:auto_generated|altsyncram_k1b1:altsyncram2|ram_block5a0~portb_address_reg0 ; iCLK         ; iCLK        ; 0.000        ; 0.237      ; 0.500      ;
; 0.160 ; IFID_PipelineRegister:IFID_REG|register_NBit:REG_PC_Plus4|dffg:\G_Register_NBit:30:REGI|altshift_taps:s_Q_rtl_0|shift_taps_bkm:auto_generated|cntr_4pf:cntr1|counter_reg_bit[0] ; IFID_PipelineRegister:IFID_REG|register_NBit:REG_PC_Plus4|dffg:\G_Register_NBit:30:REGI|altshift_taps:s_Q_rtl_0|shift_taps_bkm:auto_generated|altsyncram_k1b1:altsyncram2|ram_block5a0~porta_address_reg0 ; iCLK         ; iCLK        ; 0.000        ; 0.235      ; 0.499      ;
; 0.189 ; EXMEM_PipelineRegister:EXMEM_REG|register_NBit:REG_ALU_Result|dffg:\G_Register_NBit:16:REGI|s_Q                                                                                 ; MEMWB_PipelineRegister:MEMWB_REG|register_NBit:REG_ALU_Result|dffg:\G_Register_NBit:16:REGI|s_Q                                                                                                           ; iCLK         ; iCLK        ; 0.000        ; 0.041      ; 0.314      ;
; 0.189 ; IDEX_PipelineRegister:IDEX_REG|register_NBit:REG_Instr|dffg:\G_Register_NBit:8:REGI|s_Q                                                                                         ; EXMEM_PipelineRegister:EXMEM_REG|register_NBit:REG_rd|dffg:\G_Register_NBit:1:REGI|s_Q                                                                                                                    ; iCLK         ; iCLK        ; 0.000        ; 0.041      ; 0.314      ;
; 0.189 ; EXMEM_PipelineRegister:EXMEM_REG|register_NBit:REG_rd|dffg:\G_Register_NBit:0:REGI|s_Q                                                                                          ; MEMWB_PipelineRegister:MEMWB_REG|register_NBit:REG_rd|dffg:\G_Register_NBit:0:REGI|s_Q                                                                                                                    ; iCLK         ; iCLK        ; 0.000        ; 0.041      ; 0.314      ;
; 0.190 ; EXMEM_PipelineRegister:EXMEM_REG|register_NBit:REG_Ctrl|dffg:\G_Register_NBit:4:REGI|s_Q                                                                                        ; MEMWB_PipelineRegister:MEMWB_REG|register_NBit:REG_Ctrl|dffg:\G_Register_NBit:1:REGI|s_Q                                                                                                                  ; iCLK         ; iCLK        ; 0.000        ; 0.040      ; 0.314      ;
; 0.190 ; IDEX_PipelineRegister:IDEX_REG|register_NBit:REG_Instr|dffg:\G_Register_NBit:10:REGI|s_Q                                                                                        ; EXMEM_PipelineRegister:EXMEM_REG|register_NBit:REG_rd|dffg:\G_Register_NBit:3:REGI|s_Q                                                                                                                    ; iCLK         ; iCLK        ; 0.000        ; 0.041      ; 0.315      ;
; 0.192 ; IDEX_PipelineRegister:IDEX_REG|register_NBit:REG_Instr|dffg:\G_Register_NBit:9:REGI|s_Q                                                                                         ; EXMEM_PipelineRegister:EXMEM_REG|register_NBit:REG_rd|dffg:\G_Register_NBit:2:REGI|s_Q                                                                                                                    ; iCLK         ; iCLK        ; 0.000        ; 0.041      ; 0.317      ;
; 0.195 ; IDEX_PipelineRegister:IDEX_REG|register_NBit:REG_rs2|dffg:\G_Register_NBit:14:REGI|s_Q                                                                                          ; EXMEM_PipelineRegister:EXMEM_REG|register_NBit:REG_rs2|dffg:\G_Register_NBit:14:REGI|s_Q                                                                                                                  ; iCLK         ; iCLK        ; 0.000        ; 0.040      ; 0.319      ;
; 0.195 ; IDEX_PipelineRegister:IDEX_REG|register_NBit:REG_rs2|dffg:\G_Register_NBit:11:REGI|s_Q                                                                                          ; EXMEM_PipelineRegister:EXMEM_REG|register_NBit:REG_rs2|dffg:\G_Register_NBit:11:REGI|s_Q                                                                                                                  ; iCLK         ; iCLK        ; 0.000        ; 0.041      ; 0.320      ;
; 0.196 ; IDEX_PipelineRegister:IDEX_REG|register_NBit:REG_rs2|dffg:\G_Register_NBit:10:REGI|s_Q                                                                                          ; EXMEM_PipelineRegister:EXMEM_REG|register_NBit:REG_rs2|dffg:\G_Register_NBit:10:REGI|s_Q                                                                                                                  ; iCLK         ; iCLK        ; 0.000        ; 0.041      ; 0.321      ;
; 0.199 ; IDEX_PipelineRegister:IDEX_REG|register_NBit:REG_rs2|dffg:\G_Register_NBit:24:REGI|s_Q                                                                                          ; EXMEM_PipelineRegister:EXMEM_REG|register_NBit:REG_rs2|dffg:\G_Register_NBit:24:REGI|s_Q                                                                                                                  ; iCLK         ; iCLK        ; 0.000        ; 0.040      ; 0.323      ;
; 0.200 ; IDEX_PipelineRegister:IDEX_REG|register_NBit:REG_rs2|dffg:\G_Register_NBit:27:REGI|s_Q                                                                                          ; EXMEM_PipelineRegister:EXMEM_REG|register_NBit:REG_rs2|dffg:\G_Register_NBit:27:REGI|s_Q                                                                                                                  ; iCLK         ; iCLK        ; 0.000        ; 0.041      ; 0.325      ;
; 0.201 ; IDEX_PipelineRegister:IDEX_REG|register_NBit:REG_rs2|dffg:\G_Register_NBit:21:REGI|s_Q                                                                                          ; EXMEM_PipelineRegister:EXMEM_REG|register_NBit:REG_rs2|dffg:\G_Register_NBit:21:REGI|s_Q                                                                                                                  ; iCLK         ; iCLK        ; 0.000        ; 0.041      ; 0.326      ;
; 0.201 ; IDEX_PipelineRegister:IDEX_REG|register_NBit:REG_rs2|dffg:\G_Register_NBit:25:REGI|s_Q                                                                                          ; EXMEM_PipelineRegister:EXMEM_REG|register_NBit:REG_rs2|dffg:\G_Register_NBit:25:REGI|s_Q                                                                                                                  ; iCLK         ; iCLK        ; 0.000        ; 0.041      ; 0.326      ;
; 0.201 ; IDEX_PipelineRegister:IDEX_REG|register_NBit:REG_rs2|dffg:\G_Register_NBit:19:REGI|s_Q                                                                                          ; EXMEM_PipelineRegister:EXMEM_REG|register_NBit:REG_rs2|dffg:\G_Register_NBit:19:REGI|s_Q                                                                                                                  ; iCLK         ; iCLK        ; 0.000        ; 0.040      ; 0.325      ;
; 0.201 ; IDEX_PipelineRegister:IDEX_REG|register_NBit:REG_rs2|dffg:\G_Register_NBit:31:REGI|s_Q                                                                                          ; EXMEM_PipelineRegister:EXMEM_REG|register_NBit:REG_rs2|dffg:\G_Register_NBit:31:REGI|s_Q                                                                                                                  ; iCLK         ; iCLK        ; 0.000        ; 0.040      ; 0.325      ;
; 0.202 ; IDEX_PipelineRegister:IDEX_REG|register_NBit:REG_rs2|dffg:\G_Register_NBit:15:REGI|s_Q                                                                                          ; EXMEM_PipelineRegister:EXMEM_REG|register_NBit:REG_rs2|dffg:\G_Register_NBit:15:REGI|s_Q                                                                                                                  ; iCLK         ; iCLK        ; 0.000        ; 0.040      ; 0.326      ;
; 0.202 ; IDEX_PipelineRegister:IDEX_REG|register_NBit:REG_rs2|dffg:\G_Register_NBit:5:REGI|s_Q                                                                                           ; EXMEM_PipelineRegister:EXMEM_REG|register_NBit:REG_rs2|dffg:\G_Register_NBit:5:REGI|s_Q                                                                                                                   ; iCLK         ; iCLK        ; 0.000        ; 0.041      ; 0.327      ;
; 0.202 ; IDEX_PipelineRegister:IDEX_REG|register_NBit:REG_Ctrl|dffg:\G_Register_NBit:10:REGI|s_Q                                                                                         ; EXMEM_PipelineRegister:EXMEM_REG|register_NBit:REG_Ctrl|dffg:\G_Register_NBit:4:REGI|s_Q                                                                                                                  ; iCLK         ; iCLK        ; 0.000        ; 0.040      ; 0.326      ;
; 0.203 ; IDEX_PipelineRegister:IDEX_REG|register_NBit:REG_rs2|dffg:\G_Register_NBit:17:REGI|s_Q                                                                                          ; EXMEM_PipelineRegister:EXMEM_REG|register_NBit:REG_rs2|dffg:\G_Register_NBit:17:REGI|s_Q                                                                                                                  ; iCLK         ; iCLK        ; 0.000        ; 0.040      ; 0.327      ;
; 0.207 ; IDEX_PipelineRegister:IDEX_REG|register_NBit:REG_rs2|dffg:\G_Register_NBit:4:REGI|s_Q                                                                                           ; EXMEM_PipelineRegister:EXMEM_REG|register_NBit:REG_rs2|dffg:\G_Register_NBit:4:REGI|s_Q                                                                                                                   ; iCLK         ; iCLK        ; 0.000        ; 0.040      ; 0.331      ;
; 0.239 ; EXMEM_PipelineRegister:EXMEM_REG|register_NBit:REG_Instr|dffg:\G_Register_NBit:14:REGI|s_Q                                                                                      ; MEMWB_PipelineRegister:MEMWB_REG|register_NBit:REG_DMemOut|dffg:\G_Register_NBit:12:REGI|s_Q                                                                                                              ; iCLK         ; iCLK        ; 0.000        ; 0.039      ; 0.362      ;
; 0.256 ; EXMEM_PipelineRegister:EXMEM_REG|register_NBit:REG_ALU_Result|dffg:\G_Register_NBit:15:REGI|s_Q                                                                                 ; MEMWB_PipelineRegister:MEMWB_REG|register_NBit:REG_ALU_Result|dffg:\G_Register_NBit:15:REGI|s_Q                                                                                                           ; iCLK         ; iCLK        ; 0.000        ; 0.041      ; 0.381      ;
; 0.257 ; IFID_PipelineRegister:IFID_REG|register_NBit:REG_PC|dffg:\G_Register_NBit:24:REGI|s_Q                                                                                           ; IDEX_PipelineRegister:IDEX_REG|register_NBit:REG_PC|dffg:\G_Register_NBit:24:REGI|s_Q                                                                                                                     ; iCLK         ; iCLK        ; 0.000        ; 0.040      ; 0.381      ;
; 0.259 ; IDEX_PipelineRegister:IDEX_REG|register_NBit:REG_Ctrl|dffg:\G_Register_NBit:7:REGI|s_Q                                                                                          ; EXMEM_PipelineRegister:EXMEM_REG|register_NBit:REG_Ctrl|dffg:\G_Register_NBit:5:REGI|s_Q                                                                                                                  ; iCLK         ; iCLK        ; 0.000        ; 0.039      ; 0.382      ;
; 0.260 ; EXMEM_PipelineRegister:EXMEM_REG|register_NBit:REG_ALU_Result|dffg:\G_Register_NBit:20:REGI|s_Q                                                                                 ; MEMWB_PipelineRegister:MEMWB_REG|register_NBit:REG_ALU_Result|dffg:\G_Register_NBit:20:REGI|s_Q                                                                                                           ; iCLK         ; iCLK        ; 0.000        ; 0.040      ; 0.384      ;
; 0.260 ; EXMEM_PipelineRegister:EXMEM_REG|register_NBit:REG_ALU_Result|dffg:\G_Register_NBit:14:REGI|s_Q                                                                                 ; MEMWB_PipelineRegister:MEMWB_REG|register_NBit:REG_ALU_Result|dffg:\G_Register_NBit:14:REGI|s_Q                                                                                                           ; iCLK         ; iCLK        ; 0.000        ; 0.038      ; 0.382      ;
; 0.261 ; IFID_PipelineRegister:IFID_REG|register_NBit:REG_PC|dffg:\G_Register_NBit:29:REGI|s_Q                                                                                           ; IDEX_PipelineRegister:IDEX_REG|register_NBit:REG_PC|dffg:\G_Register_NBit:29:REGI|s_Q                                                                                                                     ; iCLK         ; iCLK        ; 0.000        ; 0.041      ; 0.386      ;
; 0.261 ; IDEX_PipelineRegister:IDEX_REG|register_NBit:REG_Ctrl|dffg:\G_Register_NBit:5:REGI|s_Q                                                                                          ; EXMEM_PipelineRegister:EXMEM_REG|register_NBit:REG_Ctrl|dffg:\G_Register_NBit:3:REGI|s_Q                                                                                                                  ; iCLK         ; iCLK        ; 0.000        ; 0.042      ; 0.387      ;
; 0.262 ; IFID_PipelineRegister:IFID_REG|register_NBit:REG_PC|dffg:\G_Register_NBit:26:REGI|s_Q                                                                                           ; IDEX_PipelineRegister:IDEX_REG|register_NBit:REG_PC|dffg:\G_Register_NBit:26:REGI|s_Q                                                                                                                     ; iCLK         ; iCLK        ; 0.000        ; 0.041      ; 0.387      ;
; 0.262 ; IFID_PipelineRegister:IFID_REG|register_NBit:REG_PC|dffg:\G_Register_NBit:10:REGI|s_Q                                                                                           ; IDEX_PipelineRegister:IDEX_REG|register_NBit:REG_PC|dffg:\G_Register_NBit:10:REGI|s_Q                                                                                                                     ; iCLK         ; iCLK        ; 0.000        ; 0.040      ; 0.386      ;
; 0.262 ; EXMEM_PipelineRegister:EXMEM_REG|register_NBit:REG_rd|dffg:\G_Register_NBit:4:REGI|s_Q                                                                                          ; MEMWB_PipelineRegister:MEMWB_REG|register_NBit:REG_rd|dffg:\G_Register_NBit:4:REGI|s_Q                                                                                                                    ; iCLK         ; iCLK        ; 0.000        ; 0.041      ; 0.387      ;
; 0.263 ; IFID_PipelineRegister:IFID_REG|register_NBit:REG_PC|dffg:\G_Register_NBit:12:REGI|s_Q                                                                                           ; IDEX_PipelineRegister:IDEX_REG|register_NBit:REG_PC|dffg:\G_Register_NBit:12:REGI|s_Q                                                                                                                     ; iCLK         ; iCLK        ; 0.000        ; 0.040      ; 0.387      ;
; 0.264 ; IFID_PipelineRegister:IFID_REG|register_NBit:REG_PC|dffg:\G_Register_NBit:30:REGI|s_Q                                                                                           ; IDEX_PipelineRegister:IDEX_REG|register_NBit:REG_PC|dffg:\G_Register_NBit:30:REGI|s_Q                                                                                                                     ; iCLK         ; iCLK        ; 0.000        ; 0.041      ; 0.389      ;
; 0.264 ; IFID_PipelineRegister:IFID_REG|register_NBit:REG_PC|dffg:\G_Register_NBit:13:REGI|s_Q                                                                                           ; IDEX_PipelineRegister:IDEX_REG|register_NBit:REG_PC|dffg:\G_Register_NBit:13:REGI|s_Q                                                                                                                     ; iCLK         ; iCLK        ; 0.000        ; 0.041      ; 0.389      ;
; 0.264 ; IDEX_PipelineRegister:IDEX_REG|register_NBit:REG_Instr|dffg:\G_Register_NBit:11:REGI|s_Q                                                                                        ; EXMEM_PipelineRegister:EXMEM_REG|register_NBit:REG_rd|dffg:\G_Register_NBit:4:REGI|s_Q                                                                                                                    ; iCLK         ; iCLK        ; 0.000        ; 0.041      ; 0.389      ;
; 0.265 ; IFID_PipelineRegister:IFID_REG|register_NBit:REG_PC|dffg:\G_Register_NBit:31:REGI|s_Q                                                                                           ; IDEX_PipelineRegister:IDEX_REG|register_NBit:REG_PC|dffg:\G_Register_NBit:31:REGI|s_Q                                                                                                                     ; iCLK         ; iCLK        ; 0.000        ; 0.042      ; 0.391      ;
; 0.265 ; IDEX_PipelineRegister:IDEX_REG|register_NBit:REG_rs2|dffg:\G_Register_NBit:13:REGI|s_Q                                                                                          ; EXMEM_PipelineRegister:EXMEM_REG|register_NBit:REG_rs2|dffg:\G_Register_NBit:13:REGI|s_Q                                                                                                                  ; iCLK         ; iCLK        ; 0.000        ; 0.040      ; 0.389      ;
; 0.265 ; IDEX_PipelineRegister:IDEX_REG|register_NBit:REG_rs2|dffg:\G_Register_NBit:20:REGI|s_Q                                                                                          ; EXMEM_PipelineRegister:EXMEM_REG|register_NBit:REG_rs2|dffg:\G_Register_NBit:20:REGI|s_Q                                                                                                                  ; iCLK         ; iCLK        ; 0.000        ; 0.041      ; 0.390      ;
; 0.265 ; EXMEM_PipelineRegister:EXMEM_REG|register_NBit:REG_rd|dffg:\G_Register_NBit:3:REGI|s_Q                                                                                          ; MEMWB_PipelineRegister:MEMWB_REG|register_NBit:REG_rd|dffg:\G_Register_NBit:3:REGI|s_Q                                                                                                                    ; iCLK         ; iCLK        ; 0.000        ; 0.041      ; 0.390      ;
; 0.265 ; IDEX_PipelineRegister:IDEX_REG|register_NBit:REG_Instr|dffg:\G_Register_NBit:7:REGI|s_Q                                                                                         ; EXMEM_PipelineRegister:EXMEM_REG|register_NBit:REG_rd|dffg:\G_Register_NBit:0:REGI|s_Q                                                                                                                    ; iCLK         ; iCLK        ; 0.000        ; 0.039      ; 0.388      ;
; 0.265 ; EXMEM_PipelineRegister:EXMEM_REG|register_NBit:REG_Ctrl|dffg:\G_Register_NBit:5:REGI|s_Q                                                                                        ; MEMWB_PipelineRegister:MEMWB_REG|register_NBit:REG_Ctrl|dffg:\G_Register_NBit:2:REGI|s_Q                                                                                                                  ; iCLK         ; iCLK        ; 0.000        ; 0.039      ; 0.388      ;
; 0.265 ; EXMEM_PipelineRegister:EXMEM_REG|register_NBit:REG_rd|dffg:\G_Register_NBit:2:REGI|s_Q                                                                                          ; MEMWB_PipelineRegister:MEMWB_REG|register_NBit:REG_rd|dffg:\G_Register_NBit:2:REGI|s_Q                                                                                                                    ; iCLK         ; iCLK        ; 0.000        ; 0.041      ; 0.390      ;
; 0.266 ; IDEX_PipelineRegister:IDEX_REG|register_NBit:REG_rs2|dffg:\G_Register_NBit:6:REGI|s_Q                                                                                           ; EXMEM_PipelineRegister:EXMEM_REG|register_NBit:REG_rs2|dffg:\G_Register_NBit:6:REGI|s_Q                                                                                                                   ; iCLK         ; iCLK        ; 0.000        ; 0.041      ; 0.391      ;
; 0.268 ; IDEX_PipelineRegister:IDEX_REG|register_NBit:REG_rs2|dffg:\G_Register_NBit:23:REGI|s_Q                                                                                          ; EXMEM_PipelineRegister:EXMEM_REG|register_NBit:REG_rs2|dffg:\G_Register_NBit:23:REGI|s_Q                                                                                                                  ; iCLK         ; iCLK        ; 0.000        ; 0.042      ; 0.394      ;
; 0.273 ; EXMEM_PipelineRegister:EXMEM_REG|register_NBit:REG_Instr|dffg:\G_Register_NBit:13:REGI|s_Q                                                                                      ; MEMWB_PipelineRegister:MEMWB_REG|register_NBit:REG_DMemOut|dffg:\G_Register_NBit:28:REGI|s_Q                                                                                                              ; iCLK         ; iCLK        ; 0.000        ; 0.039      ; 0.396      ;
; 0.274 ; IDEX_PipelineRegister:IDEX_REG|register_NBit:REG_rs2|dffg:\G_Register_NBit:22:REGI|s_Q                                                                                          ; EXMEM_PipelineRegister:EXMEM_REG|register_NBit:REG_rs2|dffg:\G_Register_NBit:22:REGI|s_Q                                                                                                                  ; iCLK         ; iCLK        ; 0.000        ; 0.040      ; 0.398      ;
; 0.274 ; IDEX_PipelineRegister:IDEX_REG|register_NBit:REG_rs2|dffg:\G_Register_NBit:18:REGI|s_Q                                                                                          ; EXMEM_PipelineRegister:EXMEM_REG|register_NBit:REG_rs2|dffg:\G_Register_NBit:18:REGI|s_Q                                                                                                                  ; iCLK         ; iCLK        ; 0.000        ; 0.040      ; 0.398      ;
; 0.277 ; EXMEM_PipelineRegister:EXMEM_REG|register_NBit:REG_Instr|dffg:\G_Register_NBit:13:REGI|s_Q                                                                                      ; MEMWB_PipelineRegister:MEMWB_REG|register_NBit:REG_DMemOut|dffg:\G_Register_NBit:23:REGI|s_Q                                                                                                              ; iCLK         ; iCLK        ; 0.000        ; 0.039      ; 0.400      ;
; 0.277 ; EXMEM_PipelineRegister:EXMEM_REG|register_NBit:REG_Instr|dffg:\G_Register_NBit:13:REGI|s_Q                                                                                      ; MEMWB_PipelineRegister:MEMWB_REG|register_NBit:REG_DMemOut|dffg:\G_Register_NBit:27:REGI|s_Q                                                                                                              ; iCLK         ; iCLK        ; 0.000        ; 0.039      ; 0.400      ;
; 0.280 ; IDEX_PipelineRegister:IDEX_REG|register_NBit:REG_rs2|dffg:\G_Register_NBit:1:REGI|s_Q                                                                                           ; EXMEM_PipelineRegister:EXMEM_REG|register_NBit:REG_rs2|dffg:\G_Register_NBit:1:REGI|s_Q                                                                                                                   ; iCLK         ; iCLK        ; 0.000        ; 0.041      ; 0.405      ;
; 0.285 ; IDEX_PipelineRegister:IDEX_REG|register_NBit:REG_PC|dffg:\G_Register_NBit:29:REGI|s_Q                                                                                           ; sw_fetch_unit:F_UNIT_SW|register_NBit:PC_REG|dffg:\G_Register_NBit:29:REGI|s_Q                                                                                                                            ; iCLK         ; iCLK        ; 0.000        ; 0.232      ; 0.601      ;
; 0.289 ; IFID_PipelineRegister:IFID_REG|register_NBit:REG_PC_Plus4|dffg:\G_Register_NBit:30:REGI|altshift_taps:s_Q_rtl_0|shift_taps_bkm:auto_generated|cntr_r8h:cntr3|counter_reg_bit[1] ; IFID_PipelineRegister:IFID_REG|register_NBit:REG_PC_Plus4|dffg:\G_Register_NBit:30:REGI|altshift_taps:s_Q_rtl_0|shift_taps_bkm:auto_generated|cntr_r8h:cntr3|counter_reg_bit[1]                           ; iCLK         ; iCLK        ; 0.000        ; 0.041      ; 0.414      ;
; 0.302 ; IFID_PipelineRegister:IFID_REG|register_NBit:REG_PC_Plus4|dffg:\G_Register_NBit:30:REGI|altshift_taps:s_Q_rtl_0|shift_taps_bkm:auto_generated|cntr_r8h:cntr3|counter_reg_bit[0] ; IFID_PipelineRegister:IFID_REG|register_NBit:REG_PC_Plus4|dffg:\G_Register_NBit:30:REGI|altshift_taps:s_Q_rtl_0|shift_taps_bkm:auto_generated|cntr_r8h:cntr3|counter_reg_bit[0]                           ; iCLK         ; iCLK        ; 0.000        ; 0.041      ; 0.427      ;
; 0.314 ; IFID_PipelineRegister:IFID_REG|register_NBit:REG_PC_Plus4|dffg:\G_Register_NBit:30:REGI|altshift_taps:s_Q_rtl_0|shift_taps_bkm:auto_generated|cntr_4pf:cntr1|counter_reg_bit[0] ; IFID_PipelineRegister:IFID_REG|register_NBit:REG_PC_Plus4|dffg:\G_Register_NBit:30:REGI|altshift_taps:s_Q_rtl_0|shift_taps_bkm:auto_generated|cntr_4pf:cntr1|counter_reg_bit[0]                           ; iCLK         ; iCLK        ; 0.000        ; 0.040      ; 0.438      ;
; 0.322 ; EXMEM_PipelineRegister:EXMEM_REG|register_NBit:REG_Instr|dffg:\G_Register_NBit:13:REGI|s_Q                                                                                      ; MEMWB_PipelineRegister:MEMWB_REG|register_NBit:REG_DMemOut|dffg:\G_Register_NBit:26:REGI|s_Q                                                                                                              ; iCLK         ; iCLK        ; 0.000        ; 0.039      ; 0.445      ;
; 0.323 ; IDEX_PipelineRegister:IDEX_REG|register_NBit:REG_PC_Plus4|dffg:\G_Register_NBit:0:REGI|s_Q                                                                                      ; sw_fetch_unit:F_UNIT_SW|register_NBit:PC_REG|dffg:\G_Register_NBit:0:REGI|s_Q                                                                                                                             ; iCLK         ; iCLK        ; 0.000        ; 0.258      ; 0.665      ;
; 0.334 ; EXMEM_PipelineRegister:EXMEM_REG|register_NBit:REG_ALU_Result|dffg:\G_Register_NBit:19:REGI|s_Q                                                                                 ; MEMWB_PipelineRegister:MEMWB_REG|register_NBit:REG_ALU_Result|dffg:\G_Register_NBit:19:REGI|s_Q                                                                                                           ; iCLK         ; iCLK        ; 0.000        ; 0.037      ; 0.455      ;
; 0.334 ; IFID_PipelineRegister:IFID_REG|register_NBit:REG_PC|dffg:\G_Register_NBit:22:REGI|s_Q                                                                                           ; IDEX_PipelineRegister:IDEX_REG|register_NBit:REG_PC|dffg:\G_Register_NBit:22:REGI|s_Q                                                                                                                     ; iCLK         ; iCLK        ; 0.000        ; 0.040      ; 0.458      ;
; 0.339 ; IDEX_PipelineRegister:IDEX_REG|register_NBit:REG_PC|dffg:\G_Register_NBit:30:REGI|s_Q                                                                                           ; sw_fetch_unit:F_UNIT_SW|register_NBit:PC_REG|dffg:\G_Register_NBit:30:REGI|s_Q                                                                                                                            ; iCLK         ; iCLK        ; 0.000        ; 0.232      ; 0.655      ;
; 0.342 ; IDEX_PipelineRegister:IDEX_REG|register_NBit:REG_Imm|dffg:\G_Register_NBit:30:REGI|s_Q                                                                                          ; sw_fetch_unit:F_UNIT_SW|register_NBit:PC_REG|dffg:\G_Register_NBit:31:REGI|s_Q                                                                                                                            ; iCLK         ; iCLK        ; 0.000        ; 0.235      ; 0.661      ;
; 0.343 ; EXMEM_PipelineRegister:EXMEM_REG|register_NBit:REG_Instr|dffg:\G_Register_NBit:14:REGI|s_Q                                                                                      ; MEMWB_PipelineRegister:MEMWB_REG|register_NBit:REG_DMemOut|dffg:\G_Register_NBit:26:REGI|s_Q                                                                                                              ; iCLK         ; iCLK        ; 0.000        ; 0.039      ; 0.466      ;
; 0.346 ; EXMEM_PipelineRegister:EXMEM_REG|register_NBit:REG_Instr|dffg:\G_Register_NBit:14:REGI|s_Q                                                                                      ; MEMWB_PipelineRegister:MEMWB_REG|register_NBit:REG_DMemOut|dffg:\G_Register_NBit:27:REGI|s_Q                                                                                                              ; iCLK         ; iCLK        ; 0.000        ; 0.039      ; 0.469      ;
; 0.347 ; MEMWB_PipelineRegister:MEMWB_REG|register_NBit:REG_ALU_Result|dffg:\G_Register_NBit:1:REGI|s_Q                                                                                  ; register_file:REG_FILE|register_NBit:\G_32bitRegisters:31:THIRTYTWOREGI|dffg:\G_Register_NBit:1:REGI|s_Q                                                                                                  ; iCLK         ; iCLK        ; 0.000        ; 0.040      ; 0.471      ;
; 0.347 ; EXMEM_PipelineRegister:EXMEM_REG|register_NBit:REG_Instr|dffg:\G_Register_NBit:14:REGI|s_Q                                                                                      ; MEMWB_PipelineRegister:MEMWB_REG|register_NBit:REG_DMemOut|dffg:\G_Register_NBit:23:REGI|s_Q                                                                                                              ; iCLK         ; iCLK        ; 0.000        ; 0.039      ; 0.470      ;
; 0.348 ; MEMWB_PipelineRegister:MEMWB_REG|register_NBit:REG_ALU_Result|dffg:\G_Register_NBit:28:REGI|s_Q                                                                                 ; register_file:REG_FILE|register_NBit:\G_32bitRegisters:31:THIRTYTWOREGI|dffg:\G_Register_NBit:28:REGI|s_Q                                                                                                 ; iCLK         ; iCLK        ; 0.000        ; 0.040      ; 0.472      ;
; 0.350 ; EXMEM_PipelineRegister:EXMEM_REG|register_NBit:REG_Instr|dffg:\G_Register_NBit:14:REGI|s_Q                                                                                      ; MEMWB_PipelineRegister:MEMWB_REG|register_NBit:REG_DMemOut|dffg:\G_Register_NBit:28:REGI|s_Q                                                                                                              ; iCLK         ; iCLK        ; 0.000        ; 0.039      ; 0.473      ;
; 0.358 ; EXMEM_PipelineRegister:EXMEM_REG|register_NBit:REG_Instr|dffg:\G_Register_NBit:12:REGI|s_Q                                                                                      ; MEMWB_PipelineRegister:MEMWB_REG|register_NBit:REG_DMemOut|dffg:\G_Register_NBit:28:REGI|s_Q                                                                                                              ; iCLK         ; iCLK        ; 0.000        ; 0.039      ; 0.481      ;
; 0.359 ; EXMEM_PipelineRegister:EXMEM_REG|register_NBit:REG_Instr|dffg:\G_Register_NBit:12:REGI|s_Q                                                                                      ; MEMWB_PipelineRegister:MEMWB_REG|register_NBit:REG_DMemOut|dffg:\G_Register_NBit:23:REGI|s_Q                                                                                                              ; iCLK         ; iCLK        ; 0.000        ; 0.039      ; 0.482      ;
; 0.360 ; EXMEM_PipelineRegister:EXMEM_REG|register_NBit:REG_Instr|dffg:\G_Register_NBit:12:REGI|s_Q                                                                                      ; MEMWB_PipelineRegister:MEMWB_REG|register_NBit:REG_DMemOut|dffg:\G_Register_NBit:27:REGI|s_Q                                                                                                              ; iCLK         ; iCLK        ; 0.000        ; 0.039      ; 0.483      ;
; 0.361 ; EXMEM_PipelineRegister:EXMEM_REG|register_NBit:REG_Instr|dffg:\G_Register_NBit:12:REGI|s_Q                                                                                      ; MEMWB_PipelineRegister:MEMWB_REG|register_NBit:REG_DMemOut|dffg:\G_Register_NBit:26:REGI|s_Q                                                                                                              ; iCLK         ; iCLK        ; 0.000        ; 0.039      ; 0.484      ;
; 0.371 ; IFID_PipelineRegister:IFID_REG|register_NBit:REG_PC|dffg:\G_Register_NBit:16:REGI|s_Q                                                                                           ; IDEX_PipelineRegister:IDEX_REG|register_NBit:REG_PC|dffg:\G_Register_NBit:16:REGI|s_Q                                                                                                                     ; iCLK         ; iCLK        ; 0.000        ; 0.040      ; 0.495      ;
; 0.374 ; IDEX_PipelineRegister:IDEX_REG|register_NBit:REG_rs2|dffg:\G_Register_NBit:16:REGI|s_Q                                                                                          ; EXMEM_PipelineRegister:EXMEM_REG|register_NBit:REG_rs2|dffg:\G_Register_NBit:16:REGI|s_Q                                                                                                                  ; iCLK         ; iCLK        ; 0.000        ; 0.040      ; 0.498      ;
; 0.381 ; sw_fetch_unit:F_UNIT_SW|register_NBit:PC_REG|dffg:\G_Register_NBit:20:REGI|s_Q                                                                                                  ; IFID_PipelineRegister:IFID_REG|register_NBit:REG_PC|dffg:\G_Register_NBit:20:REGI|s_Q                                                                                                                     ; iCLK         ; iCLK        ; 0.000        ; -0.141     ; 0.324      ;
; 0.382 ; sw_fetch_unit:F_UNIT_SW|register_NBit:PC_REG|dffg:\G_Register_NBit:17:REGI|s_Q                                                                                                  ; IFID_PipelineRegister:IFID_REG|register_NBit:REG_PC|dffg:\G_Register_NBit:17:REGI|s_Q                                                                                                                     ; iCLK         ; iCLK        ; 0.000        ; -0.141     ; 0.325      ;
; 0.385 ; sw_fetch_unit:F_UNIT_SW|register_NBit:PC_REG|dffg:\G_Register_NBit:25:REGI|s_Q                                                                                                  ; IFID_PipelineRegister:IFID_REG|register_NBit:REG_PC|dffg:\G_Register_NBit:25:REGI|s_Q                                                                                                                     ; iCLK         ; iCLK        ; 0.000        ; -0.141     ; 0.328      ;
; 0.388 ; sw_fetch_unit:F_UNIT_SW|register_NBit:PC_REG|dffg:\G_Register_NBit:21:REGI|s_Q                                                                                                  ; IFID_PipelineRegister:IFID_REG|register_NBit:REG_PC|dffg:\G_Register_NBit:21:REGI|s_Q                                                                                                                     ; iCLK         ; iCLK        ; 0.000        ; -0.141     ; 0.331      ;
; 0.389 ; sw_fetch_unit:F_UNIT_SW|register_NBit:PC_REG|dffg:\G_Register_NBit:24:REGI|s_Q                                                                                                  ; IFID_PipelineRegister:IFID_REG|register_NBit:REG_PC|dffg:\G_Register_NBit:24:REGI|s_Q                                                                                                                     ; iCLK         ; iCLK        ; 0.000        ; -0.141     ; 0.332      ;
; 0.389 ; IDEX_PipelineRegister:IDEX_REG|register_NBit:REG_rs2|dffg:\G_Register_NBit:8:REGI|s_Q                                                                                           ; EXMEM_PipelineRegister:EXMEM_REG|register_NBit:REG_rs2|dffg:\G_Register_NBit:8:REGI|s_Q                                                                                                                   ; iCLK         ; iCLK        ; 0.000        ; -0.156     ; 0.317      ;
; 0.389 ; IDEX_PipelineRegister:IDEX_REG|register_NBit:REG_rs2|dffg:\G_Register_NBit:7:REGI|s_Q                                                                                           ; EXMEM_PipelineRegister:EXMEM_REG|register_NBit:REG_rs2|dffg:\G_Register_NBit:7:REGI|s_Q                                                                                                                   ; iCLK         ; iCLK        ; 0.000        ; -0.156     ; 0.317      ;
; 0.390 ; sw_fetch_unit:F_UNIT_SW|register_NBit:PC_REG|dffg:\G_Register_NBit:5:REGI|s_Q                                                                                                   ; IFID_PipelineRegister:IFID_REG|register_NBit:REG_PC|dffg:\G_Register_NBit:5:REGI|s_Q                                                                                                                      ; iCLK         ; iCLK        ; 0.000        ; -0.141     ; 0.333      ;
; 0.390 ; IDEX_PipelineRegister:IDEX_REG|register_NBit:REG_rs2|dffg:\G_Register_NBit:9:REGI|s_Q                                                                                           ; EXMEM_PipelineRegister:EXMEM_REG|register_NBit:REG_rs2|dffg:\G_Register_NBit:9:REGI|s_Q                                                                                                                   ; iCLK         ; iCLK        ; 0.000        ; -0.156     ; 0.318      ;
; 0.401 ; IDEX_PipelineRegister:IDEX_REG|register_NBit:REG_rs2|dffg:\G_Register_NBit:29:REGI|s_Q                                                                                          ; EXMEM_PipelineRegister:EXMEM_REG|register_NBit:REG_rs2|dffg:\G_Register_NBit:29:REGI|s_Q                                                                                                                  ; iCLK         ; iCLK        ; 0.000        ; 0.057      ; 0.542      ;
; 0.402 ; sw_fetch_unit:F_UNIT_SW|register_NBit:PC_REG|dffg:\G_Register_NBit:2:REGI|s_Q                                                                                                   ; IFID_PipelineRegister:IFID_REG|register_NBit:REG_PC|dffg:\G_Register_NBit:2:REGI|s_Q                                                                                                                      ; iCLK         ; iCLK        ; 0.000        ; -0.141     ; 0.345      ;
; 0.404 ; sw_fetch_unit:F_UNIT_SW|register_NBit:PC_REG|dffg:\G_Register_NBit:3:REGI|s_Q                                                                                                   ; IFID_PipelineRegister:IFID_REG|register_NBit:REG_PC|dffg:\G_Register_NBit:3:REGI|s_Q                                                                                                                      ; iCLK         ; iCLK        ; 0.000        ; -0.141     ; 0.347      ;
; 0.405 ; MEMWB_PipelineRegister:MEMWB_REG|register_NBit:REG_ALU_Result|dffg:\G_Register_NBit:23:REGI|s_Q                                                                                 ; register_file:REG_FILE|register_NBit:\G_32bitRegisters:31:THIRTYTWOREGI|dffg:\G_Register_NBit:23:REGI|s_Q                                                                                                 ; iCLK         ; iCLK        ; 0.000        ; 0.040      ; 0.529      ;
; 0.418 ; EXMEM_PipelineRegister:EXMEM_REG|register_NBit:REG_Instr|dffg:\G_Register_NBit:14:REGI|s_Q                                                                                      ; MEMWB_PipelineRegister:MEMWB_REG|register_NBit:REG_DMemOut|dffg:\G_Register_NBit:15:REGI|s_Q                                                                                                              ; iCLK         ; iCLK        ; 0.000        ; 0.039      ; 0.541      ;
; 0.418 ; EXMEM_PipelineRegister:EXMEM_REG|register_NBit:REG_Instr|dffg:\G_Register_NBit:14:REGI|s_Q                                                                                      ; MEMWB_PipelineRegister:MEMWB_REG|register_NBit:REG_DMemOut|dffg:\G_Register_NBit:14:REGI|s_Q                                                                                                              ; iCLK         ; iCLK        ; 0.000        ; 0.039      ; 0.541      ;
; 0.420 ; IDEX_PipelineRegister:IDEX_REG|register_NBit:REG_rs2|dffg:\G_Register_NBit:3:REGI|s_Q                                                                                           ; EXMEM_PipelineRegister:EXMEM_REG|register_NBit:REG_rs2|dffg:\G_Register_NBit:3:REGI|s_Q                                                                                                                   ; iCLK         ; iCLK        ; 0.000        ; -0.166     ; 0.338      ;
; 0.431 ; sw_fetch_unit:F_UNIT_SW|register_NBit:PC_REG|dffg:\G_Register_NBit:30:REGI|s_Q                                                                                                  ; sw_fetch_unit:F_UNIT_SW|register_NBit:PC_REG|dffg:\G_Register_NBit:31:REGI|s_Q                                                                                                                            ; iCLK         ; iCLK        ; 0.000        ; 0.049      ; 0.564      ;
; 0.433 ; sw_fetch_unit:F_UNIT_SW|register_NBit:PC_REG|dffg:\G_Register_NBit:23:REGI|s_Q                                                                                                  ; sw_fetch_unit:F_UNIT_SW|register_NBit:PC_REG|dffg:\G_Register_NBit:23:REGI|s_Q                                                                                                                            ; iCLK         ; iCLK        ; 0.000        ; 0.049      ; 0.566      ;
; 0.435 ; sw_fetch_unit:F_UNIT_SW|register_NBit:PC_REG|dffg:\G_Register_NBit:21:REGI|s_Q                                                                                                  ; sw_fetch_unit:F_UNIT_SW|register_NBit:PC_REG|dffg:\G_Register_NBit:21:REGI|s_Q                                                                                                                            ; iCLK         ; iCLK        ; 0.000        ; 0.049      ; 0.568      ;
; 0.436 ; sw_fetch_unit:F_UNIT_SW|register_NBit:PC_REG|dffg:\G_Register_NBit:24:REGI|s_Q                                                                                                  ; sw_fetch_unit:F_UNIT_SW|register_NBit:PC_REG|dffg:\G_Register_NBit:24:REGI|s_Q                                                                                                                            ; iCLK         ; iCLK        ; 0.000        ; 0.049      ; 0.569      ;
; 0.437 ; sw_fetch_unit:F_UNIT_SW|register_NBit:PC_REG|dffg:\G_Register_NBit:25:REGI|s_Q                                                                                                  ; sw_fetch_unit:F_UNIT_SW|register_NBit:PC_REG|dffg:\G_Register_NBit:25:REGI|s_Q                                                                                                                            ; iCLK         ; iCLK        ; 0.000        ; 0.049      ; 0.570      ;
; 0.437 ; IDEX_PipelineRegister:IDEX_REG|register_NBit:REG_PC|dffg:\G_Register_NBit:30:REGI|s_Q                                                                                           ; sw_fetch_unit:F_UNIT_SW|register_NBit:PC_REG|dffg:\G_Register_NBit:31:REGI|s_Q                                                                                                                            ; iCLK         ; iCLK        ; 0.000        ; 0.232      ; 0.753      ;
; 0.438 ; sw_fetch_unit:F_UNIT_SW|register_NBit:PC_REG|dffg:\G_Register_NBit:16:REGI|s_Q                                                                                                  ; sw_fetch_unit:F_UNIT_SW|register_NBit:PC_REG|dffg:\G_Register_NBit:17:REGI|s_Q                                                                                                                            ; iCLK         ; iCLK        ; 0.000        ; 0.049      ; 0.571      ;
; 0.439 ; IFID_PipelineRegister:IFID_REG|register_NBit:REG_PC|dffg:\G_Register_NBit:21:REGI|s_Q                                                                                           ; IDEX_PipelineRegister:IDEX_REG|register_NBit:REG_PC|dffg:\G_Register_NBit:21:REGI|s_Q                                                                                                                     ; iCLK         ; iCLK        ; 0.000        ; 0.038      ; 0.561      ;
; 0.439 ; IFID_PipelineRegister:IFID_REG|register_NBit:REG_PC_Plus4|dffg:\G_Register_NBit:30:REGI|altshift_taps:s_Q_rtl_0|shift_taps_bkm:auto_generated|cntr_r8h:cntr3|counter_reg_bit[0] ; IFID_PipelineRegister:IFID_REG|register_NBit:REG_PC_Plus4|dffg:\G_Register_NBit:30:REGI|altshift_taps:s_Q_rtl_0|shift_taps_bkm:auto_generated|cntr_r8h:cntr3|counter_reg_bit[1]                           ; iCLK         ; iCLK        ; 0.000        ; 0.041      ; 0.564      ;
; 0.441 ; sw_fetch_unit:F_UNIT_SW|register_NBit:PC_REG|dffg:\G_Register_NBit:1:REGI|s_Q                                                                                                   ; IFID_PipelineRegister:IFID_REG|register_NBit:REG_PC_Plus4|dffg:\G_Register_NBit:1:REGI|s_Q                                                                                                                ; iCLK         ; iCLK        ; 0.000        ; -0.151     ; 0.374      ;
+-------+---------------------------------------------------------------------------------------------------------------------------------------------------------------------------------+-----------------------------------------------------------------------------------------------------------------------------------------------------------------------------------------------------------+--------------+-------------+--------------+------------+------------+


+------------------------------------------------------------------------------------------------------------------------------------------------------------------------------------------------------------------------------------------------------------------------------------------------------------------------------------------------------------------------------------------------------------------------------+
; Fast 1200mV 0C Model Recovery: 'iCLK'                                                                                                                                                                                                                                                                                                                                                                                        ;
+--------+-----------------------------------------------------------------------------------------------------------------------------------------------------+-----------------------------------------------------------------------------------------------------------------------------------------------------------------------------------------+--------------+-------------+--------------+------------+------------+
; Slack  ; From Node                                                                                                                                           ; To Node                                                                                                                                                                                 ; Launch Clock ; Latch Clock ; Relationship ; Clock Skew ; Data Delay ;
+--------+-----------------------------------------------------------------------------------------------------------------------------------------------------+-----------------------------------------------------------------------------------------------------------------------------------------------------------------------------------------+--------------+-------------+--------------+------------+------------+
; 18.627 ; IFID_PipelineRegister:IFID_REG|register_NBit:REG_PC_Plus4|dffg:\G_Register_NBit:30:REGI|altshift_taps:s_Q_rtl_0|shift_taps_bkm:auto_generated|dffe4 ; IFID_PipelineRegister:IFID_REG|register_NBit:REG_PC_Plus4|dffg:\G_Register_NBit:30:REGI|altshift_taps:s_Q_rtl_0|shift_taps_bkm:auto_generated|altsyncram_k1b1:altsyncram2|ram_block5a0  ; iCLK         ; iCLK        ; 20.000       ; 0.115      ; 1.443      ;
; 18.627 ; IFID_PipelineRegister:IFID_REG|register_NBit:REG_PC_Plus4|dffg:\G_Register_NBit:30:REGI|altshift_taps:s_Q_rtl_0|shift_taps_bkm:auto_generated|dffe4 ; IFID_PipelineRegister:IFID_REG|register_NBit:REG_PC_Plus4|dffg:\G_Register_NBit:30:REGI|altshift_taps:s_Q_rtl_0|shift_taps_bkm:auto_generated|altsyncram_k1b1:altsyncram2|ram_block5a1  ; iCLK         ; iCLK        ; 20.000       ; 0.115      ; 1.443      ;
; 18.627 ; IFID_PipelineRegister:IFID_REG|register_NBit:REG_PC_Plus4|dffg:\G_Register_NBit:30:REGI|altshift_taps:s_Q_rtl_0|shift_taps_bkm:auto_generated|dffe4 ; IFID_PipelineRegister:IFID_REG|register_NBit:REG_PC_Plus4|dffg:\G_Register_NBit:30:REGI|altshift_taps:s_Q_rtl_0|shift_taps_bkm:auto_generated|altsyncram_k1b1:altsyncram2|ram_block5a2  ; iCLK         ; iCLK        ; 20.000       ; 0.115      ; 1.443      ;
; 18.627 ; IFID_PipelineRegister:IFID_REG|register_NBit:REG_PC_Plus4|dffg:\G_Register_NBit:30:REGI|altshift_taps:s_Q_rtl_0|shift_taps_bkm:auto_generated|dffe4 ; IFID_PipelineRegister:IFID_REG|register_NBit:REG_PC_Plus4|dffg:\G_Register_NBit:30:REGI|altshift_taps:s_Q_rtl_0|shift_taps_bkm:auto_generated|altsyncram_k1b1:altsyncram2|ram_block5a3  ; iCLK         ; iCLK        ; 20.000       ; 0.115      ; 1.443      ;
; 18.627 ; IFID_PipelineRegister:IFID_REG|register_NBit:REG_PC_Plus4|dffg:\G_Register_NBit:30:REGI|altshift_taps:s_Q_rtl_0|shift_taps_bkm:auto_generated|dffe4 ; IFID_PipelineRegister:IFID_REG|register_NBit:REG_PC_Plus4|dffg:\G_Register_NBit:30:REGI|altshift_taps:s_Q_rtl_0|shift_taps_bkm:auto_generated|altsyncram_k1b1:altsyncram2|ram_block5a4  ; iCLK         ; iCLK        ; 20.000       ; 0.115      ; 1.443      ;
; 18.627 ; IFID_PipelineRegister:IFID_REG|register_NBit:REG_PC_Plus4|dffg:\G_Register_NBit:30:REGI|altshift_taps:s_Q_rtl_0|shift_taps_bkm:auto_generated|dffe4 ; IFID_PipelineRegister:IFID_REG|register_NBit:REG_PC_Plus4|dffg:\G_Register_NBit:30:REGI|altshift_taps:s_Q_rtl_0|shift_taps_bkm:auto_generated|altsyncram_k1b1:altsyncram2|ram_block5a5  ; iCLK         ; iCLK        ; 20.000       ; 0.115      ; 1.443      ;
; 18.627 ; IFID_PipelineRegister:IFID_REG|register_NBit:REG_PC_Plus4|dffg:\G_Register_NBit:30:REGI|altshift_taps:s_Q_rtl_0|shift_taps_bkm:auto_generated|dffe4 ; IFID_PipelineRegister:IFID_REG|register_NBit:REG_PC_Plus4|dffg:\G_Register_NBit:30:REGI|altshift_taps:s_Q_rtl_0|shift_taps_bkm:auto_generated|altsyncram_k1b1:altsyncram2|ram_block5a6  ; iCLK         ; iCLK        ; 20.000       ; 0.115      ; 1.443      ;
; 18.627 ; IFID_PipelineRegister:IFID_REG|register_NBit:REG_PC_Plus4|dffg:\G_Register_NBit:30:REGI|altshift_taps:s_Q_rtl_0|shift_taps_bkm:auto_generated|dffe4 ; IFID_PipelineRegister:IFID_REG|register_NBit:REG_PC_Plus4|dffg:\G_Register_NBit:30:REGI|altshift_taps:s_Q_rtl_0|shift_taps_bkm:auto_generated|altsyncram_k1b1:altsyncram2|ram_block5a7  ; iCLK         ; iCLK        ; 20.000       ; 0.115      ; 1.443      ;
; 18.627 ; IFID_PipelineRegister:IFID_REG|register_NBit:REG_PC_Plus4|dffg:\G_Register_NBit:30:REGI|altshift_taps:s_Q_rtl_0|shift_taps_bkm:auto_generated|dffe4 ; IFID_PipelineRegister:IFID_REG|register_NBit:REG_PC_Plus4|dffg:\G_Register_NBit:30:REGI|altshift_taps:s_Q_rtl_0|shift_taps_bkm:auto_generated|altsyncram_k1b1:altsyncram2|ram_block5a8  ; iCLK         ; iCLK        ; 20.000       ; 0.115      ; 1.443      ;
; 18.627 ; IFID_PipelineRegister:IFID_REG|register_NBit:REG_PC_Plus4|dffg:\G_Register_NBit:30:REGI|altshift_taps:s_Q_rtl_0|shift_taps_bkm:auto_generated|dffe4 ; IFID_PipelineRegister:IFID_REG|register_NBit:REG_PC_Plus4|dffg:\G_Register_NBit:30:REGI|altshift_taps:s_Q_rtl_0|shift_taps_bkm:auto_generated|altsyncram_k1b1:altsyncram2|ram_block5a9  ; iCLK         ; iCLK        ; 20.000       ; 0.115      ; 1.443      ;
; 18.627 ; IFID_PipelineRegister:IFID_REG|register_NBit:REG_PC_Plus4|dffg:\G_Register_NBit:30:REGI|altshift_taps:s_Q_rtl_0|shift_taps_bkm:auto_generated|dffe4 ; IFID_PipelineRegister:IFID_REG|register_NBit:REG_PC_Plus4|dffg:\G_Register_NBit:30:REGI|altshift_taps:s_Q_rtl_0|shift_taps_bkm:auto_generated|altsyncram_k1b1:altsyncram2|ram_block5a10 ; iCLK         ; iCLK        ; 20.000       ; 0.115      ; 1.443      ;
; 18.627 ; IFID_PipelineRegister:IFID_REG|register_NBit:REG_PC_Plus4|dffg:\G_Register_NBit:30:REGI|altshift_taps:s_Q_rtl_0|shift_taps_bkm:auto_generated|dffe4 ; IFID_PipelineRegister:IFID_REG|register_NBit:REG_PC_Plus4|dffg:\G_Register_NBit:30:REGI|altshift_taps:s_Q_rtl_0|shift_taps_bkm:auto_generated|altsyncram_k1b1:altsyncram2|ram_block5a11 ; iCLK         ; iCLK        ; 20.000       ; 0.115      ; 1.443      ;
; 18.627 ; IFID_PipelineRegister:IFID_REG|register_NBit:REG_PC_Plus4|dffg:\G_Register_NBit:30:REGI|altshift_taps:s_Q_rtl_0|shift_taps_bkm:auto_generated|dffe4 ; IFID_PipelineRegister:IFID_REG|register_NBit:REG_PC_Plus4|dffg:\G_Register_NBit:30:REGI|altshift_taps:s_Q_rtl_0|shift_taps_bkm:auto_generated|altsyncram_k1b1:altsyncram2|ram_block5a12 ; iCLK         ; iCLK        ; 20.000       ; 0.115      ; 1.443      ;
; 18.627 ; IFID_PipelineRegister:IFID_REG|register_NBit:REG_PC_Plus4|dffg:\G_Register_NBit:30:REGI|altshift_taps:s_Q_rtl_0|shift_taps_bkm:auto_generated|dffe4 ; IFID_PipelineRegister:IFID_REG|register_NBit:REG_PC_Plus4|dffg:\G_Register_NBit:30:REGI|altshift_taps:s_Q_rtl_0|shift_taps_bkm:auto_generated|altsyncram_k1b1:altsyncram2|ram_block5a13 ; iCLK         ; iCLK        ; 20.000       ; 0.115      ; 1.443      ;
; 18.627 ; IFID_PipelineRegister:IFID_REG|register_NBit:REG_PC_Plus4|dffg:\G_Register_NBit:30:REGI|altshift_taps:s_Q_rtl_0|shift_taps_bkm:auto_generated|dffe4 ; IFID_PipelineRegister:IFID_REG|register_NBit:REG_PC_Plus4|dffg:\G_Register_NBit:30:REGI|altshift_taps:s_Q_rtl_0|shift_taps_bkm:auto_generated|altsyncram_k1b1:altsyncram2|ram_block5a14 ; iCLK         ; iCLK        ; 20.000       ; 0.115      ; 1.443      ;
; 18.627 ; IFID_PipelineRegister:IFID_REG|register_NBit:REG_PC_Plus4|dffg:\G_Register_NBit:30:REGI|altshift_taps:s_Q_rtl_0|shift_taps_bkm:auto_generated|dffe4 ; IFID_PipelineRegister:IFID_REG|register_NBit:REG_PC_Plus4|dffg:\G_Register_NBit:30:REGI|altshift_taps:s_Q_rtl_0|shift_taps_bkm:auto_generated|altsyncram_k1b1:altsyncram2|ram_block5a15 ; iCLK         ; iCLK        ; 20.000       ; 0.115      ; 1.443      ;
; 18.627 ; IFID_PipelineRegister:IFID_REG|register_NBit:REG_PC_Plus4|dffg:\G_Register_NBit:30:REGI|altshift_taps:s_Q_rtl_0|shift_taps_bkm:auto_generated|dffe4 ; IFID_PipelineRegister:IFID_REG|register_NBit:REG_PC_Plus4|dffg:\G_Register_NBit:30:REGI|altshift_taps:s_Q_rtl_0|shift_taps_bkm:auto_generated|altsyncram_k1b1:altsyncram2|ram_block5a16 ; iCLK         ; iCLK        ; 20.000       ; 0.115      ; 1.443      ;
; 18.627 ; IFID_PipelineRegister:IFID_REG|register_NBit:REG_PC_Plus4|dffg:\G_Register_NBit:30:REGI|altshift_taps:s_Q_rtl_0|shift_taps_bkm:auto_generated|dffe4 ; IFID_PipelineRegister:IFID_REG|register_NBit:REG_PC_Plus4|dffg:\G_Register_NBit:30:REGI|altshift_taps:s_Q_rtl_0|shift_taps_bkm:auto_generated|altsyncram_k1b1:altsyncram2|ram_block5a17 ; iCLK         ; iCLK        ; 20.000       ; 0.115      ; 1.443      ;
; 18.627 ; IFID_PipelineRegister:IFID_REG|register_NBit:REG_PC_Plus4|dffg:\G_Register_NBit:30:REGI|altshift_taps:s_Q_rtl_0|shift_taps_bkm:auto_generated|dffe4 ; IFID_PipelineRegister:IFID_REG|register_NBit:REG_PC_Plus4|dffg:\G_Register_NBit:30:REGI|altshift_taps:s_Q_rtl_0|shift_taps_bkm:auto_generated|altsyncram_k1b1:altsyncram2|ram_block5a18 ; iCLK         ; iCLK        ; 20.000       ; 0.115      ; 1.443      ;
; 18.627 ; IFID_PipelineRegister:IFID_REG|register_NBit:REG_PC_Plus4|dffg:\G_Register_NBit:30:REGI|altshift_taps:s_Q_rtl_0|shift_taps_bkm:auto_generated|dffe4 ; IFID_PipelineRegister:IFID_REG|register_NBit:REG_PC_Plus4|dffg:\G_Register_NBit:30:REGI|altshift_taps:s_Q_rtl_0|shift_taps_bkm:auto_generated|altsyncram_k1b1:altsyncram2|ram_block5a19 ; iCLK         ; iCLK        ; 20.000       ; 0.115      ; 1.443      ;
; 18.627 ; IFID_PipelineRegister:IFID_REG|register_NBit:REG_PC_Plus4|dffg:\G_Register_NBit:30:REGI|altshift_taps:s_Q_rtl_0|shift_taps_bkm:auto_generated|dffe4 ; IFID_PipelineRegister:IFID_REG|register_NBit:REG_PC_Plus4|dffg:\G_Register_NBit:30:REGI|altshift_taps:s_Q_rtl_0|shift_taps_bkm:auto_generated|altsyncram_k1b1:altsyncram2|ram_block5a20 ; iCLK         ; iCLK        ; 20.000       ; 0.115      ; 1.443      ;
; 18.627 ; IFID_PipelineRegister:IFID_REG|register_NBit:REG_PC_Plus4|dffg:\G_Register_NBit:30:REGI|altshift_taps:s_Q_rtl_0|shift_taps_bkm:auto_generated|dffe4 ; IFID_PipelineRegister:IFID_REG|register_NBit:REG_PC_Plus4|dffg:\G_Register_NBit:30:REGI|altshift_taps:s_Q_rtl_0|shift_taps_bkm:auto_generated|altsyncram_k1b1:altsyncram2|ram_block5a21 ; iCLK         ; iCLK        ; 20.000       ; 0.115      ; 1.443      ;
; 18.627 ; IFID_PipelineRegister:IFID_REG|register_NBit:REG_PC_Plus4|dffg:\G_Register_NBit:30:REGI|altshift_taps:s_Q_rtl_0|shift_taps_bkm:auto_generated|dffe4 ; IFID_PipelineRegister:IFID_REG|register_NBit:REG_PC_Plus4|dffg:\G_Register_NBit:30:REGI|altshift_taps:s_Q_rtl_0|shift_taps_bkm:auto_generated|altsyncram_k1b1:altsyncram2|ram_block5a22 ; iCLK         ; iCLK        ; 20.000       ; 0.115      ; 1.443      ;
; 18.627 ; IFID_PipelineRegister:IFID_REG|register_NBit:REG_PC_Plus4|dffg:\G_Register_NBit:30:REGI|altshift_taps:s_Q_rtl_0|shift_taps_bkm:auto_generated|dffe4 ; IFID_PipelineRegister:IFID_REG|register_NBit:REG_PC_Plus4|dffg:\G_Register_NBit:30:REGI|altshift_taps:s_Q_rtl_0|shift_taps_bkm:auto_generated|altsyncram_k1b1:altsyncram2|ram_block5a23 ; iCLK         ; iCLK        ; 20.000       ; 0.115      ; 1.443      ;
; 18.627 ; IFID_PipelineRegister:IFID_REG|register_NBit:REG_PC_Plus4|dffg:\G_Register_NBit:30:REGI|altshift_taps:s_Q_rtl_0|shift_taps_bkm:auto_generated|dffe4 ; IFID_PipelineRegister:IFID_REG|register_NBit:REG_PC_Plus4|dffg:\G_Register_NBit:30:REGI|altshift_taps:s_Q_rtl_0|shift_taps_bkm:auto_generated|altsyncram_k1b1:altsyncram2|ram_block5a24 ; iCLK         ; iCLK        ; 20.000       ; 0.115      ; 1.443      ;
; 18.627 ; IFID_PipelineRegister:IFID_REG|register_NBit:REG_PC_Plus4|dffg:\G_Register_NBit:30:REGI|altshift_taps:s_Q_rtl_0|shift_taps_bkm:auto_generated|dffe4 ; IFID_PipelineRegister:IFID_REG|register_NBit:REG_PC_Plus4|dffg:\G_Register_NBit:30:REGI|altshift_taps:s_Q_rtl_0|shift_taps_bkm:auto_generated|altsyncram_k1b1:altsyncram2|ram_block5a25 ; iCLK         ; iCLK        ; 20.000       ; 0.115      ; 1.443      ;
; 18.627 ; IFID_PipelineRegister:IFID_REG|register_NBit:REG_PC_Plus4|dffg:\G_Register_NBit:30:REGI|altshift_taps:s_Q_rtl_0|shift_taps_bkm:auto_generated|dffe4 ; IFID_PipelineRegister:IFID_REG|register_NBit:REG_PC_Plus4|dffg:\G_Register_NBit:30:REGI|altshift_taps:s_Q_rtl_0|shift_taps_bkm:auto_generated|altsyncram_k1b1:altsyncram2|ram_block5a26 ; iCLK         ; iCLK        ; 20.000       ; 0.115      ; 1.443      ;
; 18.627 ; IFID_PipelineRegister:IFID_REG|register_NBit:REG_PC_Plus4|dffg:\G_Register_NBit:30:REGI|altshift_taps:s_Q_rtl_0|shift_taps_bkm:auto_generated|dffe4 ; IFID_PipelineRegister:IFID_REG|register_NBit:REG_PC_Plus4|dffg:\G_Register_NBit:30:REGI|altshift_taps:s_Q_rtl_0|shift_taps_bkm:auto_generated|altsyncram_k1b1:altsyncram2|ram_block5a27 ; iCLK         ; iCLK        ; 20.000       ; 0.115      ; 1.443      ;
; 18.627 ; IFID_PipelineRegister:IFID_REG|register_NBit:REG_PC_Plus4|dffg:\G_Register_NBit:30:REGI|altshift_taps:s_Q_rtl_0|shift_taps_bkm:auto_generated|dffe4 ; IFID_PipelineRegister:IFID_REG|register_NBit:REG_PC_Plus4|dffg:\G_Register_NBit:30:REGI|altshift_taps:s_Q_rtl_0|shift_taps_bkm:auto_generated|altsyncram_k1b1:altsyncram2|ram_block5a28 ; iCLK         ; iCLK        ; 20.000       ; 0.115      ; 1.443      ;
; 18.627 ; IFID_PipelineRegister:IFID_REG|register_NBit:REG_PC_Plus4|dffg:\G_Register_NBit:30:REGI|altshift_taps:s_Q_rtl_0|shift_taps_bkm:auto_generated|dffe4 ; IFID_PipelineRegister:IFID_REG|register_NBit:REG_PC_Plus4|dffg:\G_Register_NBit:30:REGI|altshift_taps:s_Q_rtl_0|shift_taps_bkm:auto_generated|altsyncram_k1b1:altsyncram2|ram_block5a29 ; iCLK         ; iCLK        ; 20.000       ; 0.115      ; 1.443      ;
+--------+-----------------------------------------------------------------------------------------------------------------------------------------------------+-----------------------------------------------------------------------------------------------------------------------------------------------------------------------------------------+--------------+-------------+--------------+------------+------------+


+-----------------------------------------------------------------------------------------------------------------------------------------------------------------------------------------------------------------------------------------------------------------------------------------------------------------------------------------------------------------------------------------------------------------------------+
; Fast 1200mV 0C Model Removal: 'iCLK'                                                                                                                                                                                                                                                                                                                                                                                        ;
+-------+-----------------------------------------------------------------------------------------------------------------------------------------------------+-----------------------------------------------------------------------------------------------------------------------------------------------------------------------------------------+--------------+-------------+--------------+------------+------------+
; Slack ; From Node                                                                                                                                           ; To Node                                                                                                                                                                                 ; Launch Clock ; Latch Clock ; Relationship ; Clock Skew ; Data Delay ;
+-------+-----------------------------------------------------------------------------------------------------------------------------------------------------+-----------------------------------------------------------------------------------------------------------------------------------------------------------------------------------------+--------------+-------------+--------------+------------+------------+
; 1.014 ; IFID_PipelineRegister:IFID_REG|register_NBit:REG_PC_Plus4|dffg:\G_Register_NBit:30:REGI|altshift_taps:s_Q_rtl_0|shift_taps_bkm:auto_generated|dffe4 ; IFID_PipelineRegister:IFID_REG|register_NBit:REG_PC_Plus4|dffg:\G_Register_NBit:30:REGI|altshift_taps:s_Q_rtl_0|shift_taps_bkm:auto_generated|altsyncram_k1b1:altsyncram2|ram_block5a0  ; iCLK         ; iCLK        ; 0.000        ; 0.204      ; 1.308      ;
; 1.014 ; IFID_PipelineRegister:IFID_REG|register_NBit:REG_PC_Plus4|dffg:\G_Register_NBit:30:REGI|altshift_taps:s_Q_rtl_0|shift_taps_bkm:auto_generated|dffe4 ; IFID_PipelineRegister:IFID_REG|register_NBit:REG_PC_Plus4|dffg:\G_Register_NBit:30:REGI|altshift_taps:s_Q_rtl_0|shift_taps_bkm:auto_generated|altsyncram_k1b1:altsyncram2|ram_block5a1  ; iCLK         ; iCLK        ; 0.000        ; 0.204      ; 1.308      ;
; 1.014 ; IFID_PipelineRegister:IFID_REG|register_NBit:REG_PC_Plus4|dffg:\G_Register_NBit:30:REGI|altshift_taps:s_Q_rtl_0|shift_taps_bkm:auto_generated|dffe4 ; IFID_PipelineRegister:IFID_REG|register_NBit:REG_PC_Plus4|dffg:\G_Register_NBit:30:REGI|altshift_taps:s_Q_rtl_0|shift_taps_bkm:auto_generated|altsyncram_k1b1:altsyncram2|ram_block5a2  ; iCLK         ; iCLK        ; 0.000        ; 0.204      ; 1.308      ;
; 1.014 ; IFID_PipelineRegister:IFID_REG|register_NBit:REG_PC_Plus4|dffg:\G_Register_NBit:30:REGI|altshift_taps:s_Q_rtl_0|shift_taps_bkm:auto_generated|dffe4 ; IFID_PipelineRegister:IFID_REG|register_NBit:REG_PC_Plus4|dffg:\G_Register_NBit:30:REGI|altshift_taps:s_Q_rtl_0|shift_taps_bkm:auto_generated|altsyncram_k1b1:altsyncram2|ram_block5a3  ; iCLK         ; iCLK        ; 0.000        ; 0.204      ; 1.308      ;
; 1.014 ; IFID_PipelineRegister:IFID_REG|register_NBit:REG_PC_Plus4|dffg:\G_Register_NBit:30:REGI|altshift_taps:s_Q_rtl_0|shift_taps_bkm:auto_generated|dffe4 ; IFID_PipelineRegister:IFID_REG|register_NBit:REG_PC_Plus4|dffg:\G_Register_NBit:30:REGI|altshift_taps:s_Q_rtl_0|shift_taps_bkm:auto_generated|altsyncram_k1b1:altsyncram2|ram_block5a4  ; iCLK         ; iCLK        ; 0.000        ; 0.204      ; 1.308      ;
; 1.014 ; IFID_PipelineRegister:IFID_REG|register_NBit:REG_PC_Plus4|dffg:\G_Register_NBit:30:REGI|altshift_taps:s_Q_rtl_0|shift_taps_bkm:auto_generated|dffe4 ; IFID_PipelineRegister:IFID_REG|register_NBit:REG_PC_Plus4|dffg:\G_Register_NBit:30:REGI|altshift_taps:s_Q_rtl_0|shift_taps_bkm:auto_generated|altsyncram_k1b1:altsyncram2|ram_block5a5  ; iCLK         ; iCLK        ; 0.000        ; 0.204      ; 1.308      ;
; 1.014 ; IFID_PipelineRegister:IFID_REG|register_NBit:REG_PC_Plus4|dffg:\G_Register_NBit:30:REGI|altshift_taps:s_Q_rtl_0|shift_taps_bkm:auto_generated|dffe4 ; IFID_PipelineRegister:IFID_REG|register_NBit:REG_PC_Plus4|dffg:\G_Register_NBit:30:REGI|altshift_taps:s_Q_rtl_0|shift_taps_bkm:auto_generated|altsyncram_k1b1:altsyncram2|ram_block5a6  ; iCLK         ; iCLK        ; 0.000        ; 0.204      ; 1.308      ;
; 1.014 ; IFID_PipelineRegister:IFID_REG|register_NBit:REG_PC_Plus4|dffg:\G_Register_NBit:30:REGI|altshift_taps:s_Q_rtl_0|shift_taps_bkm:auto_generated|dffe4 ; IFID_PipelineRegister:IFID_REG|register_NBit:REG_PC_Plus4|dffg:\G_Register_NBit:30:REGI|altshift_taps:s_Q_rtl_0|shift_taps_bkm:auto_generated|altsyncram_k1b1:altsyncram2|ram_block5a7  ; iCLK         ; iCLK        ; 0.000        ; 0.204      ; 1.308      ;
; 1.014 ; IFID_PipelineRegister:IFID_REG|register_NBit:REG_PC_Plus4|dffg:\G_Register_NBit:30:REGI|altshift_taps:s_Q_rtl_0|shift_taps_bkm:auto_generated|dffe4 ; IFID_PipelineRegister:IFID_REG|register_NBit:REG_PC_Plus4|dffg:\G_Register_NBit:30:REGI|altshift_taps:s_Q_rtl_0|shift_taps_bkm:auto_generated|altsyncram_k1b1:altsyncram2|ram_block5a8  ; iCLK         ; iCLK        ; 0.000        ; 0.204      ; 1.308      ;
; 1.014 ; IFID_PipelineRegister:IFID_REG|register_NBit:REG_PC_Plus4|dffg:\G_Register_NBit:30:REGI|altshift_taps:s_Q_rtl_0|shift_taps_bkm:auto_generated|dffe4 ; IFID_PipelineRegister:IFID_REG|register_NBit:REG_PC_Plus4|dffg:\G_Register_NBit:30:REGI|altshift_taps:s_Q_rtl_0|shift_taps_bkm:auto_generated|altsyncram_k1b1:altsyncram2|ram_block5a9  ; iCLK         ; iCLK        ; 0.000        ; 0.204      ; 1.308      ;
; 1.014 ; IFID_PipelineRegister:IFID_REG|register_NBit:REG_PC_Plus4|dffg:\G_Register_NBit:30:REGI|altshift_taps:s_Q_rtl_0|shift_taps_bkm:auto_generated|dffe4 ; IFID_PipelineRegister:IFID_REG|register_NBit:REG_PC_Plus4|dffg:\G_Register_NBit:30:REGI|altshift_taps:s_Q_rtl_0|shift_taps_bkm:auto_generated|altsyncram_k1b1:altsyncram2|ram_block5a10 ; iCLK         ; iCLK        ; 0.000        ; 0.204      ; 1.308      ;
; 1.014 ; IFID_PipelineRegister:IFID_REG|register_NBit:REG_PC_Plus4|dffg:\G_Register_NBit:30:REGI|altshift_taps:s_Q_rtl_0|shift_taps_bkm:auto_generated|dffe4 ; IFID_PipelineRegister:IFID_REG|register_NBit:REG_PC_Plus4|dffg:\G_Register_NBit:30:REGI|altshift_taps:s_Q_rtl_0|shift_taps_bkm:auto_generated|altsyncram_k1b1:altsyncram2|ram_block5a11 ; iCLK         ; iCLK        ; 0.000        ; 0.204      ; 1.308      ;
; 1.014 ; IFID_PipelineRegister:IFID_REG|register_NBit:REG_PC_Plus4|dffg:\G_Register_NBit:30:REGI|altshift_taps:s_Q_rtl_0|shift_taps_bkm:auto_generated|dffe4 ; IFID_PipelineRegister:IFID_REG|register_NBit:REG_PC_Plus4|dffg:\G_Register_NBit:30:REGI|altshift_taps:s_Q_rtl_0|shift_taps_bkm:auto_generated|altsyncram_k1b1:altsyncram2|ram_block5a12 ; iCLK         ; iCLK        ; 0.000        ; 0.204      ; 1.308      ;
; 1.014 ; IFID_PipelineRegister:IFID_REG|register_NBit:REG_PC_Plus4|dffg:\G_Register_NBit:30:REGI|altshift_taps:s_Q_rtl_0|shift_taps_bkm:auto_generated|dffe4 ; IFID_PipelineRegister:IFID_REG|register_NBit:REG_PC_Plus4|dffg:\G_Register_NBit:30:REGI|altshift_taps:s_Q_rtl_0|shift_taps_bkm:auto_generated|altsyncram_k1b1:altsyncram2|ram_block5a13 ; iCLK         ; iCLK        ; 0.000        ; 0.204      ; 1.308      ;
; 1.014 ; IFID_PipelineRegister:IFID_REG|register_NBit:REG_PC_Plus4|dffg:\G_Register_NBit:30:REGI|altshift_taps:s_Q_rtl_0|shift_taps_bkm:auto_generated|dffe4 ; IFID_PipelineRegister:IFID_REG|register_NBit:REG_PC_Plus4|dffg:\G_Register_NBit:30:REGI|altshift_taps:s_Q_rtl_0|shift_taps_bkm:auto_generated|altsyncram_k1b1:altsyncram2|ram_block5a14 ; iCLK         ; iCLK        ; 0.000        ; 0.204      ; 1.308      ;
; 1.014 ; IFID_PipelineRegister:IFID_REG|register_NBit:REG_PC_Plus4|dffg:\G_Register_NBit:30:REGI|altshift_taps:s_Q_rtl_0|shift_taps_bkm:auto_generated|dffe4 ; IFID_PipelineRegister:IFID_REG|register_NBit:REG_PC_Plus4|dffg:\G_Register_NBit:30:REGI|altshift_taps:s_Q_rtl_0|shift_taps_bkm:auto_generated|altsyncram_k1b1:altsyncram2|ram_block5a15 ; iCLK         ; iCLK        ; 0.000        ; 0.204      ; 1.308      ;
; 1.014 ; IFID_PipelineRegister:IFID_REG|register_NBit:REG_PC_Plus4|dffg:\G_Register_NBit:30:REGI|altshift_taps:s_Q_rtl_0|shift_taps_bkm:auto_generated|dffe4 ; IFID_PipelineRegister:IFID_REG|register_NBit:REG_PC_Plus4|dffg:\G_Register_NBit:30:REGI|altshift_taps:s_Q_rtl_0|shift_taps_bkm:auto_generated|altsyncram_k1b1:altsyncram2|ram_block5a16 ; iCLK         ; iCLK        ; 0.000        ; 0.204      ; 1.308      ;
; 1.014 ; IFID_PipelineRegister:IFID_REG|register_NBit:REG_PC_Plus4|dffg:\G_Register_NBit:30:REGI|altshift_taps:s_Q_rtl_0|shift_taps_bkm:auto_generated|dffe4 ; IFID_PipelineRegister:IFID_REG|register_NBit:REG_PC_Plus4|dffg:\G_Register_NBit:30:REGI|altshift_taps:s_Q_rtl_0|shift_taps_bkm:auto_generated|altsyncram_k1b1:altsyncram2|ram_block5a17 ; iCLK         ; iCLK        ; 0.000        ; 0.204      ; 1.308      ;
; 1.014 ; IFID_PipelineRegister:IFID_REG|register_NBit:REG_PC_Plus4|dffg:\G_Register_NBit:30:REGI|altshift_taps:s_Q_rtl_0|shift_taps_bkm:auto_generated|dffe4 ; IFID_PipelineRegister:IFID_REG|register_NBit:REG_PC_Plus4|dffg:\G_Register_NBit:30:REGI|altshift_taps:s_Q_rtl_0|shift_taps_bkm:auto_generated|altsyncram_k1b1:altsyncram2|ram_block5a18 ; iCLK         ; iCLK        ; 0.000        ; 0.204      ; 1.308      ;
; 1.014 ; IFID_PipelineRegister:IFID_REG|register_NBit:REG_PC_Plus4|dffg:\G_Register_NBit:30:REGI|altshift_taps:s_Q_rtl_0|shift_taps_bkm:auto_generated|dffe4 ; IFID_PipelineRegister:IFID_REG|register_NBit:REG_PC_Plus4|dffg:\G_Register_NBit:30:REGI|altshift_taps:s_Q_rtl_0|shift_taps_bkm:auto_generated|altsyncram_k1b1:altsyncram2|ram_block5a19 ; iCLK         ; iCLK        ; 0.000        ; 0.204      ; 1.308      ;
; 1.014 ; IFID_PipelineRegister:IFID_REG|register_NBit:REG_PC_Plus4|dffg:\G_Register_NBit:30:REGI|altshift_taps:s_Q_rtl_0|shift_taps_bkm:auto_generated|dffe4 ; IFID_PipelineRegister:IFID_REG|register_NBit:REG_PC_Plus4|dffg:\G_Register_NBit:30:REGI|altshift_taps:s_Q_rtl_0|shift_taps_bkm:auto_generated|altsyncram_k1b1:altsyncram2|ram_block5a20 ; iCLK         ; iCLK        ; 0.000        ; 0.204      ; 1.308      ;
; 1.014 ; IFID_PipelineRegister:IFID_REG|register_NBit:REG_PC_Plus4|dffg:\G_Register_NBit:30:REGI|altshift_taps:s_Q_rtl_0|shift_taps_bkm:auto_generated|dffe4 ; IFID_PipelineRegister:IFID_REG|register_NBit:REG_PC_Plus4|dffg:\G_Register_NBit:30:REGI|altshift_taps:s_Q_rtl_0|shift_taps_bkm:auto_generated|altsyncram_k1b1:altsyncram2|ram_block5a21 ; iCLK         ; iCLK        ; 0.000        ; 0.204      ; 1.308      ;
; 1.014 ; IFID_PipelineRegister:IFID_REG|register_NBit:REG_PC_Plus4|dffg:\G_Register_NBit:30:REGI|altshift_taps:s_Q_rtl_0|shift_taps_bkm:auto_generated|dffe4 ; IFID_PipelineRegister:IFID_REG|register_NBit:REG_PC_Plus4|dffg:\G_Register_NBit:30:REGI|altshift_taps:s_Q_rtl_0|shift_taps_bkm:auto_generated|altsyncram_k1b1:altsyncram2|ram_block5a22 ; iCLK         ; iCLK        ; 0.000        ; 0.204      ; 1.308      ;
; 1.014 ; IFID_PipelineRegister:IFID_REG|register_NBit:REG_PC_Plus4|dffg:\G_Register_NBit:30:REGI|altshift_taps:s_Q_rtl_0|shift_taps_bkm:auto_generated|dffe4 ; IFID_PipelineRegister:IFID_REG|register_NBit:REG_PC_Plus4|dffg:\G_Register_NBit:30:REGI|altshift_taps:s_Q_rtl_0|shift_taps_bkm:auto_generated|altsyncram_k1b1:altsyncram2|ram_block5a23 ; iCLK         ; iCLK        ; 0.000        ; 0.204      ; 1.308      ;
; 1.014 ; IFID_PipelineRegister:IFID_REG|register_NBit:REG_PC_Plus4|dffg:\G_Register_NBit:30:REGI|altshift_taps:s_Q_rtl_0|shift_taps_bkm:auto_generated|dffe4 ; IFID_PipelineRegister:IFID_REG|register_NBit:REG_PC_Plus4|dffg:\G_Register_NBit:30:REGI|altshift_taps:s_Q_rtl_0|shift_taps_bkm:auto_generated|altsyncram_k1b1:altsyncram2|ram_block5a24 ; iCLK         ; iCLK        ; 0.000        ; 0.204      ; 1.308      ;
; 1.014 ; IFID_PipelineRegister:IFID_REG|register_NBit:REG_PC_Plus4|dffg:\G_Register_NBit:30:REGI|altshift_taps:s_Q_rtl_0|shift_taps_bkm:auto_generated|dffe4 ; IFID_PipelineRegister:IFID_REG|register_NBit:REG_PC_Plus4|dffg:\G_Register_NBit:30:REGI|altshift_taps:s_Q_rtl_0|shift_taps_bkm:auto_generated|altsyncram_k1b1:altsyncram2|ram_block5a25 ; iCLK         ; iCLK        ; 0.000        ; 0.204      ; 1.308      ;
; 1.014 ; IFID_PipelineRegister:IFID_REG|register_NBit:REG_PC_Plus4|dffg:\G_Register_NBit:30:REGI|altshift_taps:s_Q_rtl_0|shift_taps_bkm:auto_generated|dffe4 ; IFID_PipelineRegister:IFID_REG|register_NBit:REG_PC_Plus4|dffg:\G_Register_NBit:30:REGI|altshift_taps:s_Q_rtl_0|shift_taps_bkm:auto_generated|altsyncram_k1b1:altsyncram2|ram_block5a26 ; iCLK         ; iCLK        ; 0.000        ; 0.204      ; 1.308      ;
; 1.014 ; IFID_PipelineRegister:IFID_REG|register_NBit:REG_PC_Plus4|dffg:\G_Register_NBit:30:REGI|altshift_taps:s_Q_rtl_0|shift_taps_bkm:auto_generated|dffe4 ; IFID_PipelineRegister:IFID_REG|register_NBit:REG_PC_Plus4|dffg:\G_Register_NBit:30:REGI|altshift_taps:s_Q_rtl_0|shift_taps_bkm:auto_generated|altsyncram_k1b1:altsyncram2|ram_block5a27 ; iCLK         ; iCLK        ; 0.000        ; 0.204      ; 1.308      ;
; 1.014 ; IFID_PipelineRegister:IFID_REG|register_NBit:REG_PC_Plus4|dffg:\G_Register_NBit:30:REGI|altshift_taps:s_Q_rtl_0|shift_taps_bkm:auto_generated|dffe4 ; IFID_PipelineRegister:IFID_REG|register_NBit:REG_PC_Plus4|dffg:\G_Register_NBit:30:REGI|altshift_taps:s_Q_rtl_0|shift_taps_bkm:auto_generated|altsyncram_k1b1:altsyncram2|ram_block5a28 ; iCLK         ; iCLK        ; 0.000        ; 0.204      ; 1.308      ;
; 1.014 ; IFID_PipelineRegister:IFID_REG|register_NBit:REG_PC_Plus4|dffg:\G_Register_NBit:30:REGI|altshift_taps:s_Q_rtl_0|shift_taps_bkm:auto_generated|dffe4 ; IFID_PipelineRegister:IFID_REG|register_NBit:REG_PC_Plus4|dffg:\G_Register_NBit:30:REGI|altshift_taps:s_Q_rtl_0|shift_taps_bkm:auto_generated|altsyncram_k1b1:altsyncram2|ram_block5a29 ; iCLK         ; iCLK        ; 0.000        ; 0.204      ; 1.308      ;
+-------+-----------------------------------------------------------------------------------------------------------------------------------------------------+-----------------------------------------------------------------------------------------------------------------------------------------------------------------------------------------+--------------+-------------+--------------+------------+------------+


----------------------------------------------
; Fast 1200mV 0C Model Metastability Summary ;
----------------------------------------------
The design MTBF is not calculated because there are no specified synchronizers in the design.
Number of Synchronizer Chains Found: 2
Shortest Synchronizer Chain: 3 Registers
Fraction of Chains for which MTBFs Could Not be Calculated: 1.000
Worst Case Available Settling Time: 48.203 ns




+-----------------------------------------------------------------------------+
; Multicorner Timing Analysis Summary                                         ;
+------------------+-------+-------+----------+---------+---------------------+
; Clock            ; Setup ; Hold  ; Recovery ; Removal ; Minimum Pulse Width ;
+------------------+-------+-------+----------+---------+---------------------+
; Worst-case Slack ; 0.408 ; 0.159 ; 17.330   ; 1.014   ; 9.371               ;
;  iCLK            ; 0.408 ; 0.159 ; 17.330   ; 1.014   ; 9.371               ;
; Design-wide TNS  ; 0.0   ; 0.0   ; 0.0      ; 0.0     ; 0.0                 ;
;  iCLK            ; 0.000 ; 0.000 ; 0.000    ; 0.000   ; 0.000               ;
+------------------+-------+-------+----------+---------+---------------------+


+------------------------------------------------------------------------------------------------------------------------------------------------------------------------------------------------------------------------------------------------------------------------------------------------------------------------------------------------------------------------------------------------------------------+
; Board Trace Model Assignments                                                                                                                                                                                                                                                                                                                                                                                    ;
+---------------+--------------+-------------------+-------------------------+-------------------------+---------------+---------------------+----------------+------------------+--------+------------------+------------------------+------------------------+--------------+---------------+-----------------+-------+---------------------+--------------------+---------------+-----------------+-------------+
; Pin           ; I/O Standard ; Near Tline Length ; Near Tline L per Length ; Near Tline C per Length ; Near Series R ; Near Differential R ; Near Pull-up R ; Near Pull-down R ; Near C ; Far Tline Length ; Far Tline L per Length ; Far Tline C per Length ; Far Series R ; Far Pull-up R ; Far Pull-down R ; Far C ; Termination Voltage ; Far Differential R ; EBD File Name ; EBD Signal Name ; EBD Far-end ;
+---------------+--------------+-------------------+-------------------------+-------------------------+---------------+---------------------+----------------+------------------+--------+------------------+------------------------+------------------------+--------------+---------------+-----------------+-------+---------------------+--------------------+---------------+-----------------+-------------+
; oALUOut[0]    ; 2.5 V        ; 0 in              ; 0 H/in                  ; 0 F/in                  ; short         ; -                   ; open           ; open             ; open   ; 0 in             ; 0 H/in                 ; 0 F/in                 ; short        ; open          ; open            ; open  ; 0 V                 ; -                  ; n/a           ; n/a             ; n/a         ;
; oALUOut[1]    ; 2.5 V        ; 0 in              ; 0 H/in                  ; 0 F/in                  ; short         ; -                   ; open           ; open             ; open   ; 0 in             ; 0 H/in                 ; 0 F/in                 ; short        ; open          ; open            ; open  ; 0 V                 ; -                  ; n/a           ; n/a             ; n/a         ;
; oALUOut[2]    ; 2.5 V        ; 0 in              ; 0 H/in                  ; 0 F/in                  ; short         ; -                   ; open           ; open             ; open   ; 0 in             ; 0 H/in                 ; 0 F/in                 ; short        ; open          ; open            ; open  ; 0 V                 ; -                  ; n/a           ; n/a             ; n/a         ;
; oALUOut[3]    ; 2.5 V        ; 0 in              ; 0 H/in                  ; 0 F/in                  ; short         ; -                   ; open           ; open             ; open   ; 0 in             ; 0 H/in                 ; 0 F/in                 ; short        ; open          ; open            ; open  ; 0 V                 ; -                  ; n/a           ; n/a             ; n/a         ;
; oALUOut[4]    ; 2.5 V        ; 0 in              ; 0 H/in                  ; 0 F/in                  ; short         ; -                   ; open           ; open             ; open   ; 0 in             ; 0 H/in                 ; 0 F/in                 ; short        ; open          ; open            ; open  ; 0 V                 ; -                  ; n/a           ; n/a             ; n/a         ;
; oALUOut[5]    ; 2.5 V        ; 0 in              ; 0 H/in                  ; 0 F/in                  ; short         ; -                   ; open           ; open             ; open   ; 0 in             ; 0 H/in                 ; 0 F/in                 ; short        ; open          ; open            ; open  ; 0 V                 ; -                  ; n/a           ; n/a             ; n/a         ;
; oALUOut[6]    ; 2.5 V        ; 0 in              ; 0 H/in                  ; 0 F/in                  ; short         ; -                   ; open           ; open             ; open   ; 0 in             ; 0 H/in                 ; 0 F/in                 ; short        ; open          ; open            ; open  ; 0 V                 ; -                  ; n/a           ; n/a             ; n/a         ;
; oALUOut[7]    ; 2.5 V        ; 0 in              ; 0 H/in                  ; 0 F/in                  ; short         ; -                   ; open           ; open             ; open   ; 0 in             ; 0 H/in                 ; 0 F/in                 ; short        ; open          ; open            ; open  ; 0 V                 ; -                  ; n/a           ; n/a             ; n/a         ;
; oALUOut[8]    ; 2.5 V        ; 0 in              ; 0 H/in                  ; 0 F/in                  ; short         ; -                   ; open           ; open             ; open   ; 0 in             ; 0 H/in                 ; 0 F/in                 ; short        ; open          ; open            ; open  ; 0 V                 ; -                  ; n/a           ; n/a             ; n/a         ;
; oALUOut[9]    ; 2.5 V        ; 0 in              ; 0 H/in                  ; 0 F/in                  ; short         ; -                   ; open           ; open             ; open   ; 0 in             ; 0 H/in                 ; 0 F/in                 ; short        ; open          ; open            ; open  ; 0 V                 ; -                  ; n/a           ; n/a             ; n/a         ;
; oALUOut[10]   ; 2.5 V        ; 0 in              ; 0 H/in                  ; 0 F/in                  ; short         ; -                   ; open           ; open             ; open   ; 0 in             ; 0 H/in                 ; 0 F/in                 ; short        ; open          ; open            ; open  ; 0 V                 ; -                  ; n/a           ; n/a             ; n/a         ;
; oALUOut[11]   ; 2.5 V        ; 0 in              ; 0 H/in                  ; 0 F/in                  ; short         ; -                   ; open           ; open             ; open   ; 0 in             ; 0 H/in                 ; 0 F/in                 ; short        ; open          ; open            ; open  ; 0 V                 ; -                  ; n/a           ; n/a             ; n/a         ;
; oALUOut[12]   ; 2.5 V        ; 0 in              ; 0 H/in                  ; 0 F/in                  ; short         ; -                   ; open           ; open             ; open   ; 0 in             ; 0 H/in                 ; 0 F/in                 ; short        ; open          ; open            ; open  ; 0 V                 ; -                  ; n/a           ; n/a             ; n/a         ;
; oALUOut[13]   ; 2.5 V        ; 0 in              ; 0 H/in                  ; 0 F/in                  ; short         ; -                   ; open           ; open             ; open   ; 0 in             ; 0 H/in                 ; 0 F/in                 ; short        ; open          ; open            ; open  ; 0 V                 ; -                  ; n/a           ; n/a             ; n/a         ;
; oALUOut[14]   ; 2.5 V        ; 0 in              ; 0 H/in                  ; 0 F/in                  ; short         ; -                   ; open           ; open             ; open   ; 0 in             ; 0 H/in                 ; 0 F/in                 ; short        ; open          ; open            ; open  ; 0 V                 ; -                  ; n/a           ; n/a             ; n/a         ;
; oALUOut[15]   ; 2.5 V        ; 0 in              ; 0 H/in                  ; 0 F/in                  ; short         ; -                   ; open           ; open             ; open   ; 0 in             ; 0 H/in                 ; 0 F/in                 ; short        ; open          ; open            ; open  ; 0 V                 ; -                  ; n/a           ; n/a             ; n/a         ;
; oALUOut[16]   ; 2.5 V        ; 0 in              ; 0 H/in                  ; 0 F/in                  ; short         ; -                   ; open           ; open             ; open   ; 0 in             ; 0 H/in                 ; 0 F/in                 ; short        ; open          ; open            ; open  ; 0 V                 ; -                  ; n/a           ; n/a             ; n/a         ;
; oALUOut[17]   ; 2.5 V        ; 0 in              ; 0 H/in                  ; 0 F/in                  ; short         ; -                   ; open           ; open             ; open   ; 0 in             ; 0 H/in                 ; 0 F/in                 ; short        ; open          ; open            ; open  ; 0 V                 ; -                  ; n/a           ; n/a             ; n/a         ;
; oALUOut[18]   ; 2.5 V        ; 0 in              ; 0 H/in                  ; 0 F/in                  ; short         ; -                   ; open           ; open             ; open   ; 0 in             ; 0 H/in                 ; 0 F/in                 ; short        ; open          ; open            ; open  ; 0 V                 ; -                  ; n/a           ; n/a             ; n/a         ;
; oALUOut[19]   ; 2.5 V        ; 0 in              ; 0 H/in                  ; 0 F/in                  ; short         ; -                   ; open           ; open             ; open   ; 0 in             ; 0 H/in                 ; 0 F/in                 ; short        ; open          ; open            ; open  ; 0 V                 ; -                  ; n/a           ; n/a             ; n/a         ;
; oALUOut[20]   ; 2.5 V        ; 0 in              ; 0 H/in                  ; 0 F/in                  ; short         ; -                   ; open           ; open             ; open   ; 0 in             ; 0 H/in                 ; 0 F/in                 ; short        ; open          ; open            ; open  ; 0 V                 ; -                  ; n/a           ; n/a             ; n/a         ;
; oALUOut[21]   ; 2.5 V        ; 0 in              ; 0 H/in                  ; 0 F/in                  ; short         ; -                   ; open           ; open             ; open   ; 0 in             ; 0 H/in                 ; 0 F/in                 ; short        ; open          ; open            ; open  ; 0 V                 ; -                  ; n/a           ; n/a             ; n/a         ;
; oALUOut[22]   ; 2.5 V        ; 0 in              ; 0 H/in                  ; 0 F/in                  ; short         ; -                   ; open           ; open             ; open   ; 0 in             ; 0 H/in                 ; 0 F/in                 ; short        ; open          ; open            ; open  ; 0 V                 ; -                  ; n/a           ; n/a             ; n/a         ;
; oALUOut[23]   ; 2.5 V        ; 0 in              ; 0 H/in                  ; 0 F/in                  ; short         ; -                   ; open           ; open             ; open   ; 0 in             ; 0 H/in                 ; 0 F/in                 ; short        ; open          ; open            ; open  ; 0 V                 ; -                  ; n/a           ; n/a             ; n/a         ;
; oALUOut[24]   ; 2.5 V        ; 0 in              ; 0 H/in                  ; 0 F/in                  ; short         ; -                   ; open           ; open             ; open   ; 0 in             ; 0 H/in                 ; 0 F/in                 ; short        ; open          ; open            ; open  ; 0 V                 ; -                  ; n/a           ; n/a             ; n/a         ;
; oALUOut[25]   ; 2.5 V        ; 0 in              ; 0 H/in                  ; 0 F/in                  ; short         ; -                   ; open           ; open             ; open   ; 0 in             ; 0 H/in                 ; 0 F/in                 ; short        ; open          ; open            ; open  ; 0 V                 ; -                  ; n/a           ; n/a             ; n/a         ;
; oALUOut[26]   ; 2.5 V        ; 0 in              ; 0 H/in                  ; 0 F/in                  ; short         ; -                   ; open           ; open             ; open   ; 0 in             ; 0 H/in                 ; 0 F/in                 ; short        ; open          ; open            ; open  ; 0 V                 ; -                  ; n/a           ; n/a             ; n/a         ;
; oALUOut[27]   ; 2.5 V        ; 0 in              ; 0 H/in                  ; 0 F/in                  ; short         ; -                   ; open           ; open             ; open   ; 0 in             ; 0 H/in                 ; 0 F/in                 ; short        ; open          ; open            ; open  ; 0 V                 ; -                  ; n/a           ; n/a             ; n/a         ;
; oALUOut[28]   ; 2.5 V        ; 0 in              ; 0 H/in                  ; 0 F/in                  ; short         ; -                   ; open           ; open             ; open   ; 0 in             ; 0 H/in                 ; 0 F/in                 ; short        ; open          ; open            ; open  ; 0 V                 ; -                  ; n/a           ; n/a             ; n/a         ;
; oALUOut[29]   ; 2.5 V        ; 0 in              ; 0 H/in                  ; 0 F/in                  ; short         ; -                   ; open           ; open             ; open   ; 0 in             ; 0 H/in                 ; 0 F/in                 ; short        ; open          ; open            ; open  ; 0 V                 ; -                  ; n/a           ; n/a             ; n/a         ;
; oALUOut[30]   ; 2.5 V        ; 0 in              ; 0 H/in                  ; 0 F/in                  ; short         ; -                   ; open           ; open             ; open   ; 0 in             ; 0 H/in                 ; 0 F/in                 ; short        ; open          ; open            ; open  ; 0 V                 ; -                  ; n/a           ; n/a             ; n/a         ;
; oALUOut[31]   ; 2.5 V        ; 0 in              ; 0 H/in                  ; 0 F/in                  ; short         ; -                   ; open           ; open             ; open   ; 0 in             ; 0 H/in                 ; 0 F/in                 ; short        ; open          ; open            ; open  ; 0 V                 ; -                  ; n/a           ; n/a             ; n/a         ;
; ~ALTERA_DCLK~ ; 2.5 V        ; 0 in              ; 0 H/in                  ; 0 F/in                  ; short         ; -                   ; open           ; open             ; open   ; 0 in             ; 0 H/in                 ; 0 F/in                 ; short        ; open          ; open            ; open  ; 0 V                 ; -                  ; n/a           ; n/a             ; n/a         ;
; ~ALTERA_nCEO~ ; 2.5 V        ; 0 in              ; 0 H/in                  ; 0 F/in                  ; short         ; -                   ; open           ; open             ; open   ; 0 in             ; 0 H/in                 ; 0 F/in                 ; short        ; open          ; open            ; open  ; 0 V                 ; -                  ; n/a           ; n/a             ; n/a         ;
+---------------+--------------+-------------------+-------------------------+-------------------------+---------------+---------------------+----------------+------------------+--------+------------------+------------------------+------------------------+--------------+---------------+-----------------+-------+---------------------+--------------------+---------------+-----------------+-------------+


+----------------------------------------------------------------------------+
; Input Transition Times                                                     ;
+-------------------------+--------------+-----------------+-----------------+
; Pin                     ; I/O Standard ; 10-90 Rise Time ; 90-10 Fall Time ;
+-------------------------+--------------+-----------------+-----------------+
; iInstAddr[0]            ; 2.5 V        ; 2000 ps         ; 2000 ps         ;
; iInstAddr[1]            ; 2.5 V        ; 2000 ps         ; 2000 ps         ;
; iInstAddr[12]           ; 2.5 V        ; 2000 ps         ; 2000 ps         ;
; iInstAddr[13]           ; 2.5 V        ; 2000 ps         ; 2000 ps         ;
; iInstAddr[14]           ; 2.5 V        ; 2000 ps         ; 2000 ps         ;
; iInstAddr[15]           ; 2.5 V        ; 2000 ps         ; 2000 ps         ;
; iInstAddr[16]           ; 2.5 V        ; 2000 ps         ; 2000 ps         ;
; iInstAddr[17]           ; 2.5 V        ; 2000 ps         ; 2000 ps         ;
; iInstAddr[18]           ; 2.5 V        ; 2000 ps         ; 2000 ps         ;
; iInstAddr[19]           ; 2.5 V        ; 2000 ps         ; 2000 ps         ;
; iInstAddr[20]           ; 2.5 V        ; 2000 ps         ; 2000 ps         ;
; iInstAddr[21]           ; 2.5 V        ; 2000 ps         ; 2000 ps         ;
; iInstAddr[22]           ; 2.5 V        ; 2000 ps         ; 2000 ps         ;
; iInstAddr[23]           ; 2.5 V        ; 2000 ps         ; 2000 ps         ;
; iInstAddr[24]           ; 2.5 V        ; 2000 ps         ; 2000 ps         ;
; iInstAddr[25]           ; 2.5 V        ; 2000 ps         ; 2000 ps         ;
; iInstAddr[26]           ; 2.5 V        ; 2000 ps         ; 2000 ps         ;
; iInstAddr[27]           ; 2.5 V        ; 2000 ps         ; 2000 ps         ;
; iInstAddr[28]           ; 2.5 V        ; 2000 ps         ; 2000 ps         ;
; iInstAddr[29]           ; 2.5 V        ; 2000 ps         ; 2000 ps         ;
; iInstAddr[30]           ; 2.5 V        ; 2000 ps         ; 2000 ps         ;
; iInstAddr[31]           ; 2.5 V        ; 2000 ps         ; 2000 ps         ;
; iCLK                    ; 2.5 V        ; 2000 ps         ; 2000 ps         ;
; iRST                    ; 2.5 V        ; 2000 ps         ; 2000 ps         ;
; iInstLd                 ; 2.5 V        ; 2000 ps         ; 2000 ps         ;
; iInstExt[17]            ; 2.5 V        ; 2000 ps         ; 2000 ps         ;
; iInstAddr[2]            ; 2.5 V        ; 2000 ps         ; 2000 ps         ;
; iInstAddr[3]            ; 2.5 V        ; 2000 ps         ; 2000 ps         ;
; iInstAddr[4]            ; 2.5 V        ; 2000 ps         ; 2000 ps         ;
; iInstAddr[5]            ; 2.5 V        ; 2000 ps         ; 2000 ps         ;
; iInstAddr[6]            ; 2.5 V        ; 2000 ps         ; 2000 ps         ;
; iInstAddr[7]            ; 2.5 V        ; 2000 ps         ; 2000 ps         ;
; iInstAddr[8]            ; 2.5 V        ; 2000 ps         ; 2000 ps         ;
; iInstAddr[9]            ; 2.5 V        ; 2000 ps         ; 2000 ps         ;
; iInstAddr[10]           ; 2.5 V        ; 2000 ps         ; 2000 ps         ;
; iInstAddr[11]           ; 2.5 V        ; 2000 ps         ; 2000 ps         ;
; iInstExt[16]            ; 2.5 V        ; 2000 ps         ; 2000 ps         ;
; iInstExt[15]            ; 2.5 V        ; 2000 ps         ; 2000 ps         ;
; iInstExt[19]            ; 2.5 V        ; 2000 ps         ; 2000 ps         ;
; iInstExt[18]            ; 2.5 V        ; 2000 ps         ; 2000 ps         ;
; iInstExt[0]             ; 2.5 V        ; 2000 ps         ; 2000 ps         ;
; iInstExt[1]             ; 2.5 V        ; 2000 ps         ; 2000 ps         ;
; iInstExt[3]             ; 2.5 V        ; 2000 ps         ; 2000 ps         ;
; iInstExt[6]             ; 2.5 V        ; 2000 ps         ; 2000 ps         ;
; iInstExt[2]             ; 2.5 V        ; 2000 ps         ; 2000 ps         ;
; iInstExt[4]             ; 2.5 V        ; 2000 ps         ; 2000 ps         ;
; iInstExt[5]             ; 2.5 V        ; 2000 ps         ; 2000 ps         ;
; iInstExt[31]            ; 2.5 V        ; 2000 ps         ; 2000 ps         ;
; iInstExt[22]            ; 2.5 V        ; 2000 ps         ; 2000 ps         ;
; iInstExt[21]            ; 2.5 V        ; 2000 ps         ; 2000 ps         ;
; iInstExt[20]            ; 2.5 V        ; 2000 ps         ; 2000 ps         ;
; iInstExt[24]            ; 2.5 V        ; 2000 ps         ; 2000 ps         ;
; iInstExt[23]            ; 2.5 V        ; 2000 ps         ; 2000 ps         ;
; iInstExt[29]            ; 2.5 V        ; 2000 ps         ; 2000 ps         ;
; iInstExt[28]            ; 2.5 V        ; 2000 ps         ; 2000 ps         ;
; iInstExt[27]            ; 2.5 V        ; 2000 ps         ; 2000 ps         ;
; iInstExt[25]            ; 2.5 V        ; 2000 ps         ; 2000 ps         ;
; iInstExt[26]            ; 2.5 V        ; 2000 ps         ; 2000 ps         ;
; iInstExt[14]            ; 2.5 V        ; 2000 ps         ; 2000 ps         ;
; iInstExt[13]            ; 2.5 V        ; 2000 ps         ; 2000 ps         ;
; iInstExt[7]             ; 2.5 V        ; 2000 ps         ; 2000 ps         ;
; iInstExt[12]            ; 2.5 V        ; 2000 ps         ; 2000 ps         ;
; iInstExt[30]            ; 2.5 V        ; 2000 ps         ; 2000 ps         ;
; iInstExt[8]             ; 2.5 V        ; 2000 ps         ; 2000 ps         ;
; iInstExt[9]             ; 2.5 V        ; 2000 ps         ; 2000 ps         ;
; iInstExt[10]            ; 2.5 V        ; 2000 ps         ; 2000 ps         ;
; iInstExt[11]            ; 2.5 V        ; 2000 ps         ; 2000 ps         ;
; ~ALTERA_ASDO_DATA1~     ; 2.5 V        ; 2000 ps         ; 2000 ps         ;
; ~ALTERA_FLASH_nCE_nCSO~ ; 2.5 V        ; 2000 ps         ; 2000 ps         ;
; ~ALTERA_DATA0~          ; 2.5 V        ; 2000 ps         ; 2000 ps         ;
+-------------------------+--------------+-----------------+-----------------+


+--------------------------------------------------------------------------------------------------------------------------------------------------------------------------------------------------------------------------------------------------------------------------------------------------------------------------------------------------------------------------------------------------------------------------------------------------------------------------------------------------------------------------------------------------------------------------------------------------------------------------------------------------------------------------------------------+
; Signal Integrity Metrics (Slow 1200mv 0c Model)                                                                                                                                                                                                                                                                                                                                                                                                                                                                                                                                                                                                                                            ;
+---------------+--------------+---------------------+---------------------+------------------------------+------------------------------+---------------------+---------------------+--------------------------------------+--------------------------------------+-----------------------------+-----------------------------+----------------------------+----------------------------+-----------------------------+-----------------------------+--------------------+--------------------+-------------------------------------+-------------------------------------+----------------------------+----------------------------+---------------------------+---------------------------+
; Pin           ; I/O Standard ; Board Delay on Rise ; Board Delay on Fall ; Steady State Voh at FPGA Pin ; Steady State Vol at FPGA Pin ; Voh Max at FPGA Pin ; Vol Min at FPGA Pin ; Ringback Voltage on Rise at FPGA Pin ; Ringback Voltage on Fall at FPGA Pin ; 10-90 Rise Time at FPGA Pin ; 90-10 Fall Time at FPGA Pin ; Monotonic Rise at FPGA Pin ; Monotonic Fall at FPGA Pin ; Steady State Voh at Far-end ; Steady State Vol at Far-end ; Voh Max at Far-end ; Vol Min at Far-end ; Ringback Voltage on Rise at Far-end ; Ringback Voltage on Fall at Far-end ; 10-90 Rise Time at Far-end ; 90-10 Fall Time at Far-end ; Monotonic Rise at Far-end ; Monotonic Fall at Far-end ;
+---------------+--------------+---------------------+---------------------+------------------------------+------------------------------+---------------------+---------------------+--------------------------------------+--------------------------------------+-----------------------------+-----------------------------+----------------------------+----------------------------+-----------------------------+-----------------------------+--------------------+--------------------+-------------------------------------+-------------------------------------+----------------------------+----------------------------+---------------------------+---------------------------+
; oALUOut[0]    ; 2.5 V        ; 0 s                 ; 0 s                 ; 2.32 V                       ; 4.49e-09 V                   ; 2.38 V              ; -0.00552 V          ; 0.096 V                              ; 0.019 V                              ; 4.18e-10 s                  ; 3.59e-10 s                  ; No                         ; Yes                        ; 2.32 V                      ; 4.49e-09 V                  ; 2.38 V             ; -0.00552 V         ; 0.096 V                             ; 0.019 V                             ; 4.18e-10 s                 ; 3.59e-10 s                 ; No                        ; Yes                       ;
; oALUOut[1]    ; 2.5 V        ; 0 s                 ; 0 s                 ; 2.32 V                       ; 3.07e-09 V                   ; 2.37 V              ; -0.00994 V          ; 0.186 V                              ; 0.028 V                              ; 4.98e-10 s                  ; 4.96e-10 s                  ; Yes                        ; Yes                        ; 2.32 V                      ; 3.07e-09 V                  ; 2.37 V             ; -0.00994 V         ; 0.186 V                             ; 0.028 V                             ; 4.98e-10 s                 ; 4.96e-10 s                 ; Yes                       ; Yes                       ;
; oALUOut[2]    ; 2.5 V        ; 0 s                 ; 0 s                 ; 2.32 V                       ; 4.49e-09 V                   ; 2.38 V              ; -0.00552 V          ; 0.096 V                              ; 0.019 V                              ; 4.18e-10 s                  ; 3.59e-10 s                  ; No                         ; Yes                        ; 2.32 V                      ; 4.49e-09 V                  ; 2.38 V             ; -0.00552 V         ; 0.096 V                             ; 0.019 V                             ; 4.18e-10 s                 ; 3.59e-10 s                 ; No                        ; Yes                       ;
; oALUOut[3]    ; 2.5 V        ; 0 s                 ; 0 s                 ; 2.32 V                       ; 4.49e-09 V                   ; 2.38 V              ; -0.00552 V          ; 0.096 V                              ; 0.019 V                              ; 4.18e-10 s                  ; 3.59e-10 s                  ; No                         ; Yes                        ; 2.32 V                      ; 4.49e-09 V                  ; 2.38 V             ; -0.00552 V         ; 0.096 V                             ; 0.019 V                             ; 4.18e-10 s                 ; 3.59e-10 s                 ; No                        ; Yes                       ;
; oALUOut[4]    ; 2.5 V        ; 0 s                 ; 0 s                 ; 2.32 V                       ; 4.49e-09 V                   ; 2.38 V              ; -0.00552 V          ; 0.096 V                              ; 0.019 V                              ; 4.18e-10 s                  ; 3.59e-10 s                  ; No                         ; Yes                        ; 2.32 V                      ; 4.49e-09 V                  ; 2.38 V             ; -0.00552 V         ; 0.096 V                             ; 0.019 V                             ; 4.18e-10 s                 ; 3.59e-10 s                 ; No                        ; Yes                       ;
; oALUOut[5]    ; 2.5 V        ; 0 s                 ; 0 s                 ; 2.32 V                       ; 4.49e-09 V                   ; 2.38 V              ; -0.00552 V          ; 0.096 V                              ; 0.019 V                              ; 4.18e-10 s                  ; 3.59e-10 s                  ; No                         ; Yes                        ; 2.32 V                      ; 4.49e-09 V                  ; 2.38 V             ; -0.00552 V         ; 0.096 V                             ; 0.019 V                             ; 4.18e-10 s                 ; 3.59e-10 s                 ; No                        ; Yes                       ;
; oALUOut[6]    ; 2.5 V        ; 0 s                 ; 0 s                 ; 2.32 V                       ; 4.49e-09 V                   ; 2.33 V              ; -0.00467 V          ; 0.226 V                              ; 0.087 V                              ; 2.91e-09 s                  ; 2.74e-09 s                  ; Yes                        ; Yes                        ; 2.32 V                      ; 4.49e-09 V                  ; 2.33 V             ; -0.00467 V         ; 0.226 V                             ; 0.087 V                             ; 2.91e-09 s                 ; 2.74e-09 s                 ; Yes                       ; Yes                       ;
; oALUOut[7]    ; 2.5 V        ; 0 s                 ; 0 s                 ; 2.32 V                       ; 4.49e-09 V                   ; 2.38 V              ; -0.00552 V          ; 0.096 V                              ; 0.019 V                              ; 4.18e-10 s                  ; 3.59e-10 s                  ; No                         ; Yes                        ; 2.32 V                      ; 4.49e-09 V                  ; 2.38 V             ; -0.00552 V         ; 0.096 V                             ; 0.019 V                             ; 4.18e-10 s                 ; 3.59e-10 s                 ; No                        ; Yes                       ;
; oALUOut[8]    ; 2.5 V        ; 0 s                 ; 0 s                 ; 2.32 V                       ; 4.49e-09 V                   ; 2.38 V              ; -0.00552 V          ; 0.096 V                              ; 0.019 V                              ; 4.18e-10 s                  ; 3.59e-10 s                  ; No                         ; Yes                        ; 2.32 V                      ; 4.49e-09 V                  ; 2.38 V             ; -0.00552 V         ; 0.096 V                             ; 0.019 V                             ; 4.18e-10 s                 ; 3.59e-10 s                 ; No                        ; Yes                       ;
; oALUOut[9]    ; 2.5 V        ; 0 s                 ; 0 s                 ; 2.32 V                       ; 4.49e-09 V                   ; 2.38 V              ; -0.00552 V          ; 0.096 V                              ; 0.019 V                              ; 4.18e-10 s                  ; 3.59e-10 s                  ; No                         ; Yes                        ; 2.32 V                      ; 4.49e-09 V                  ; 2.38 V             ; -0.00552 V         ; 0.096 V                             ; 0.019 V                             ; 4.18e-10 s                 ; 3.59e-10 s                 ; No                        ; Yes                       ;
; oALUOut[10]   ; 2.5 V        ; 0 s                 ; 0 s                 ; 2.32 V                       ; 4.49e-09 V                   ; 2.38 V              ; -0.00552 V          ; 0.096 V                              ; 0.019 V                              ; 4.18e-10 s                  ; 3.59e-10 s                  ; No                         ; Yes                        ; 2.32 V                      ; 4.49e-09 V                  ; 2.38 V             ; -0.00552 V         ; 0.096 V                             ; 0.019 V                             ; 4.18e-10 s                 ; 3.59e-10 s                 ; No                        ; Yes                       ;
; oALUOut[11]   ; 2.5 V        ; 0 s                 ; 0 s                 ; 2.32 V                       ; 3.07e-09 V                   ; 2.37 V              ; -0.00994 V          ; 0.186 V                              ; 0.028 V                              ; 4.98e-10 s                  ; 4.96e-10 s                  ; Yes                        ; Yes                        ; 2.32 V                      ; 3.07e-09 V                  ; 2.37 V             ; -0.00994 V         ; 0.186 V                             ; 0.028 V                             ; 4.98e-10 s                 ; 4.96e-10 s                 ; Yes                       ; Yes                       ;
; oALUOut[12]   ; 2.5 V        ; 0 s                 ; 0 s                 ; 2.32 V                       ; 4.49e-09 V                   ; 2.38 V              ; -0.00552 V          ; 0.096 V                              ; 0.019 V                              ; 4.18e-10 s                  ; 3.59e-10 s                  ; No                         ; Yes                        ; 2.32 V                      ; 4.49e-09 V                  ; 2.38 V             ; -0.00552 V         ; 0.096 V                             ; 0.019 V                             ; 4.18e-10 s                 ; 3.59e-10 s                 ; No                        ; Yes                       ;
; oALUOut[13]   ; 2.5 V        ; 0 s                 ; 0 s                 ; 2.32 V                       ; 4.49e-09 V                   ; 2.38 V              ; -0.00552 V          ; 0.096 V                              ; 0.019 V                              ; 4.18e-10 s                  ; 3.59e-10 s                  ; No                         ; Yes                        ; 2.32 V                      ; 4.49e-09 V                  ; 2.38 V             ; -0.00552 V         ; 0.096 V                             ; 0.019 V                             ; 4.18e-10 s                 ; 3.59e-10 s                 ; No                        ; Yes                       ;
; oALUOut[14]   ; 2.5 V        ; 0 s                 ; 0 s                 ; 2.32 V                       ; 4.49e-09 V                   ; 2.38 V              ; -0.00552 V          ; 0.096 V                              ; 0.019 V                              ; 4.18e-10 s                  ; 3.59e-10 s                  ; No                         ; Yes                        ; 2.32 V                      ; 4.49e-09 V                  ; 2.38 V             ; -0.00552 V         ; 0.096 V                             ; 0.019 V                             ; 4.18e-10 s                 ; 3.59e-10 s                 ; No                        ; Yes                       ;
; oALUOut[15]   ; 2.5 V        ; 0 s                 ; 0 s                 ; 2.32 V                       ; 4.49e-09 V                   ; 2.38 V              ; -0.00552 V          ; 0.096 V                              ; 0.019 V                              ; 4.18e-10 s                  ; 3.59e-10 s                  ; No                         ; Yes                        ; 2.32 V                      ; 4.49e-09 V                  ; 2.38 V             ; -0.00552 V         ; 0.096 V                             ; 0.019 V                             ; 4.18e-10 s                 ; 3.59e-10 s                 ; No                        ; Yes                       ;
; oALUOut[16]   ; 2.5 V        ; 0 s                 ; 0 s                 ; 2.32 V                       ; 4.49e-09 V                   ; 2.38 V              ; -0.00552 V          ; 0.096 V                              ; 0.019 V                              ; 4.18e-10 s                  ; 3.59e-10 s                  ; No                         ; Yes                        ; 2.32 V                      ; 4.49e-09 V                  ; 2.38 V             ; -0.00552 V         ; 0.096 V                             ; 0.019 V                             ; 4.18e-10 s                 ; 3.59e-10 s                 ; No                        ; Yes                       ;
; oALUOut[17]   ; 2.5 V        ; 0 s                 ; 0 s                 ; 2.32 V                       ; 4.49e-09 V                   ; 2.38 V              ; -0.00552 V          ; 0.096 V                              ; 0.019 V                              ; 4.18e-10 s                  ; 3.59e-10 s                  ; No                         ; Yes                        ; 2.32 V                      ; 4.49e-09 V                  ; 2.38 V             ; -0.00552 V         ; 0.096 V                             ; 0.019 V                             ; 4.18e-10 s                 ; 3.59e-10 s                 ; No                        ; Yes                       ;
; oALUOut[18]   ; 2.5 V        ; 0 s                 ; 0 s                 ; 2.32 V                       ; 4.49e-09 V                   ; 2.38 V              ; -0.00552 V          ; 0.096 V                              ; 0.019 V                              ; 4.18e-10 s                  ; 3.59e-10 s                  ; No                         ; Yes                        ; 2.32 V                      ; 4.49e-09 V                  ; 2.38 V             ; -0.00552 V         ; 0.096 V                             ; 0.019 V                             ; 4.18e-10 s                 ; 3.59e-10 s                 ; No                        ; Yes                       ;
; oALUOut[19]   ; 2.5 V        ; 0 s                 ; 0 s                 ; 2.32 V                       ; 3.07e-09 V                   ; 2.37 V              ; -0.00994 V          ; 0.186 V                              ; 0.028 V                              ; 4.98e-10 s                  ; 4.96e-10 s                  ; Yes                        ; Yes                        ; 2.32 V                      ; 3.07e-09 V                  ; 2.37 V             ; -0.00994 V         ; 0.186 V                             ; 0.028 V                             ; 4.98e-10 s                 ; 4.96e-10 s                 ; Yes                       ; Yes                       ;
; oALUOut[20]   ; 2.5 V        ; 0 s                 ; 0 s                 ; 2.32 V                       ; 4.49e-09 V                   ; 2.38 V              ; -0.00552 V          ; 0.096 V                              ; 0.019 V                              ; 4.18e-10 s                  ; 3.59e-10 s                  ; No                         ; Yes                        ; 2.32 V                      ; 4.49e-09 V                  ; 2.38 V             ; -0.00552 V         ; 0.096 V                             ; 0.019 V                             ; 4.18e-10 s                 ; 3.59e-10 s                 ; No                        ; Yes                       ;
; oALUOut[21]   ; 2.5 V        ; 0 s                 ; 0 s                 ; 2.32 V                       ; 3.07e-09 V                   ; 2.37 V              ; -0.00994 V          ; 0.186 V                              ; 0.028 V                              ; 4.98e-10 s                  ; 4.96e-10 s                  ; Yes                        ; Yes                        ; 2.32 V                      ; 3.07e-09 V                  ; 2.37 V             ; -0.00994 V         ; 0.186 V                             ; 0.028 V                             ; 4.98e-10 s                 ; 4.96e-10 s                 ; Yes                       ; Yes                       ;
; oALUOut[22]   ; 2.5 V        ; 0 s                 ; 0 s                 ; 2.32 V                       ; 4.49e-09 V                   ; 2.38 V              ; -0.00552 V          ; 0.096 V                              ; 0.019 V                              ; 4.18e-10 s                  ; 3.59e-10 s                  ; No                         ; Yes                        ; 2.32 V                      ; 4.49e-09 V                  ; 2.38 V             ; -0.00552 V         ; 0.096 V                             ; 0.019 V                             ; 4.18e-10 s                 ; 3.59e-10 s                 ; No                        ; Yes                       ;
; oALUOut[23]   ; 2.5 V        ; 0 s                 ; 0 s                 ; 2.32 V                       ; 4.49e-09 V                   ; 2.38 V              ; -0.00552 V          ; 0.096 V                              ; 0.019 V                              ; 4.18e-10 s                  ; 3.59e-10 s                  ; No                         ; Yes                        ; 2.32 V                      ; 4.49e-09 V                  ; 2.38 V             ; -0.00552 V         ; 0.096 V                             ; 0.019 V                             ; 4.18e-10 s                 ; 3.59e-10 s                 ; No                        ; Yes                       ;
; oALUOut[24]   ; 2.5 V        ; 0 s                 ; 0 s                 ; 2.32 V                       ; 4.49e-09 V                   ; 2.38 V              ; -0.00552 V          ; 0.096 V                              ; 0.019 V                              ; 4.18e-10 s                  ; 3.59e-10 s                  ; No                         ; Yes                        ; 2.32 V                      ; 4.49e-09 V                  ; 2.38 V             ; -0.00552 V         ; 0.096 V                             ; 0.019 V                             ; 4.18e-10 s                 ; 3.59e-10 s                 ; No                        ; Yes                       ;
; oALUOut[25]   ; 2.5 V        ; 0 s                 ; 0 s                 ; 2.32 V                       ; 4.49e-09 V                   ; 2.38 V              ; -0.00552 V          ; 0.096 V                              ; 0.019 V                              ; 4.18e-10 s                  ; 3.59e-10 s                  ; No                         ; Yes                        ; 2.32 V                      ; 4.49e-09 V                  ; 2.38 V             ; -0.00552 V         ; 0.096 V                             ; 0.019 V                             ; 4.18e-10 s                 ; 3.59e-10 s                 ; No                        ; Yes                       ;
; oALUOut[26]   ; 2.5 V        ; 0 s                 ; 0 s                 ; 2.32 V                       ; 4.49e-09 V                   ; 2.33 V              ; -0.00467 V          ; 0.226 V                              ; 0.087 V                              ; 2.91e-09 s                  ; 2.74e-09 s                  ; Yes                        ; Yes                        ; 2.32 V                      ; 4.49e-09 V                  ; 2.33 V             ; -0.00467 V         ; 0.226 V                             ; 0.087 V                             ; 2.91e-09 s                 ; 2.74e-09 s                 ; Yes                       ; Yes                       ;
; oALUOut[27]   ; 2.5 V        ; 0 s                 ; 0 s                 ; 2.32 V                       ; 4.49e-09 V                   ; 2.38 V              ; -0.00552 V          ; 0.096 V                              ; 0.019 V                              ; 4.18e-10 s                  ; 3.59e-10 s                  ; No                         ; Yes                        ; 2.32 V                      ; 4.49e-09 V                  ; 2.38 V             ; -0.00552 V         ; 0.096 V                             ; 0.019 V                             ; 4.18e-10 s                 ; 3.59e-10 s                 ; No                        ; Yes                       ;
; oALUOut[28]   ; 2.5 V        ; 0 s                 ; 0 s                 ; 2.32 V                       ; 4.49e-09 V                   ; 2.38 V              ; -0.00552 V          ; 0.096 V                              ; 0.019 V                              ; 4.18e-10 s                  ; 3.59e-10 s                  ; No                         ; Yes                        ; 2.32 V                      ; 4.49e-09 V                  ; 2.38 V             ; -0.00552 V         ; 0.096 V                             ; 0.019 V                             ; 4.18e-10 s                 ; 3.59e-10 s                 ; No                        ; Yes                       ;
; oALUOut[29]   ; 2.5 V        ; 0 s                 ; 0 s                 ; 2.32 V                       ; 4.49e-09 V                   ; 2.38 V              ; -0.00552 V          ; 0.096 V                              ; 0.019 V                              ; 4.18e-10 s                  ; 3.59e-10 s                  ; No                         ; Yes                        ; 2.32 V                      ; 4.49e-09 V                  ; 2.38 V             ; -0.00552 V         ; 0.096 V                             ; 0.019 V                             ; 4.18e-10 s                 ; 3.59e-10 s                 ; No                        ; Yes                       ;
; oALUOut[30]   ; 2.5 V        ; 0 s                 ; 0 s                 ; 2.32 V                       ; 4.49e-09 V                   ; 2.38 V              ; -0.00552 V          ; 0.096 V                              ; 0.019 V                              ; 4.18e-10 s                  ; 3.59e-10 s                  ; No                         ; Yes                        ; 2.32 V                      ; 4.49e-09 V                  ; 2.38 V             ; -0.00552 V         ; 0.096 V                             ; 0.019 V                             ; 4.18e-10 s                 ; 3.59e-10 s                 ; No                        ; Yes                       ;
; oALUOut[31]   ; 2.5 V        ; 0 s                 ; 0 s                 ; 2.32 V                       ; 4.49e-09 V                   ; 2.38 V              ; -0.00552 V          ; 0.096 V                              ; 0.019 V                              ; 4.18e-10 s                  ; 3.59e-10 s                  ; No                         ; Yes                        ; 2.32 V                      ; 4.49e-09 V                  ; 2.38 V             ; -0.00552 V         ; 0.096 V                             ; 0.019 V                             ; 4.18e-10 s                 ; 3.59e-10 s                 ; No                        ; Yes                       ;
; ~ALTERA_DCLK~ ; 2.5 V        ; 0 s                 ; 0 s                 ; 2.32 V                       ; 2.67e-09 V                   ; 2.38 V              ; -0.0485 V           ; 0.167 V                              ; 0.096 V                              ; 2.95e-10 s                  ; 2.73e-10 s                  ; Yes                        ; Yes                        ; 2.32 V                      ; 2.67e-09 V                  ; 2.38 V             ; -0.0485 V          ; 0.167 V                             ; 0.096 V                             ; 2.95e-10 s                 ; 2.73e-10 s                 ; Yes                       ; Yes                       ;
; ~ALTERA_nCEO~ ; 2.5 V        ; 0 s                 ; 0 s                 ; 2.32 V                       ; 4.18e-09 V                   ; 2.38 V              ; -0.00483 V          ; 0.152 V                              ; 0.012 V                              ; 4.81e-10 s                  ; 6.29e-10 s                  ; Yes                        ; Yes                        ; 2.32 V                      ; 4.18e-09 V                  ; 2.38 V             ; -0.00483 V         ; 0.152 V                             ; 0.012 V                             ; 4.81e-10 s                 ; 6.29e-10 s                 ; Yes                       ; Yes                       ;
+---------------+--------------+---------------------+---------------------+------------------------------+------------------------------+---------------------+---------------------+--------------------------------------+--------------------------------------+-----------------------------+-----------------------------+----------------------------+----------------------------+-----------------------------+-----------------------------+--------------------+--------------------+-------------------------------------+-------------------------------------+----------------------------+----------------------------+---------------------------+---------------------------+


+--------------------------------------------------------------------------------------------------------------------------------------------------------------------------------------------------------------------------------------------------------------------------------------------------------------------------------------------------------------------------------------------------------------------------------------------------------------------------------------------------------------------------------------------------------------------------------------------------------------------------------------------------------------------------------------------+
; Signal Integrity Metrics (Slow 1200mv 85c Model)                                                                                                                                                                                                                                                                                                                                                                                                                                                                                                                                                                                                                                           ;
+---------------+--------------+---------------------+---------------------+------------------------------+------------------------------+---------------------+---------------------+--------------------------------------+--------------------------------------+-----------------------------+-----------------------------+----------------------------+----------------------------+-----------------------------+-----------------------------+--------------------+--------------------+-------------------------------------+-------------------------------------+----------------------------+----------------------------+---------------------------+---------------------------+
; Pin           ; I/O Standard ; Board Delay on Rise ; Board Delay on Fall ; Steady State Voh at FPGA Pin ; Steady State Vol at FPGA Pin ; Voh Max at FPGA Pin ; Vol Min at FPGA Pin ; Ringback Voltage on Rise at FPGA Pin ; Ringback Voltage on Fall at FPGA Pin ; 10-90 Rise Time at FPGA Pin ; 90-10 Fall Time at FPGA Pin ; Monotonic Rise at FPGA Pin ; Monotonic Fall at FPGA Pin ; Steady State Voh at Far-end ; Steady State Vol at Far-end ; Voh Max at Far-end ; Vol Min at Far-end ; Ringback Voltage on Rise at Far-end ; Ringback Voltage on Fall at Far-end ; 10-90 Rise Time at Far-end ; 90-10 Fall Time at Far-end ; Monotonic Rise at Far-end ; Monotonic Fall at Far-end ;
+---------------+--------------+---------------------+---------------------+------------------------------+------------------------------+---------------------+---------------------+--------------------------------------+--------------------------------------+-----------------------------+-----------------------------+----------------------------+----------------------------+-----------------------------+-----------------------------+--------------------+--------------------+-------------------------------------+-------------------------------------+----------------------------+----------------------------+---------------------------+---------------------------+
; oALUOut[0]    ; 2.5 V        ; 0 s                 ; 0 s                 ; 2.32 V                       ; 6.92e-07 V                   ; 2.35 V              ; -0.00996 V          ; 0.121 V                              ; 0.03 V                               ; 4.64e-10 s                  ; 4.47e-10 s                  ; Yes                        ; Yes                        ; 2.32 V                      ; 6.92e-07 V                  ; 2.35 V             ; -0.00996 V         ; 0.121 V                             ; 0.03 V                              ; 4.64e-10 s                 ; 4.47e-10 s                 ; Yes                       ; Yes                       ;
; oALUOut[1]    ; 2.5 V        ; 0 s                 ; 0 s                 ; 2.32 V                       ; 4.67e-07 V                   ; 2.35 V              ; -0.00942 V          ; 0.116 V                              ; 0.033 V                              ; 6.66e-10 s                  ; 6.27e-10 s                  ; Yes                        ; Yes                        ; 2.32 V                      ; 4.67e-07 V                  ; 2.35 V             ; -0.00942 V         ; 0.116 V                             ; 0.033 V                             ; 6.66e-10 s                 ; 6.27e-10 s                 ; Yes                       ; Yes                       ;
; oALUOut[2]    ; 2.5 V        ; 0 s                 ; 0 s                 ; 2.32 V                       ; 6.92e-07 V                   ; 2.35 V              ; -0.00996 V          ; 0.121 V                              ; 0.03 V                               ; 4.64e-10 s                  ; 4.47e-10 s                  ; Yes                        ; Yes                        ; 2.32 V                      ; 6.92e-07 V                  ; 2.35 V             ; -0.00996 V         ; 0.121 V                             ; 0.03 V                              ; 4.64e-10 s                 ; 4.47e-10 s                 ; Yes                       ; Yes                       ;
; oALUOut[3]    ; 2.5 V        ; 0 s                 ; 0 s                 ; 2.32 V                       ; 6.92e-07 V                   ; 2.35 V              ; -0.00996 V          ; 0.121 V                              ; 0.03 V                               ; 4.64e-10 s                  ; 4.47e-10 s                  ; Yes                        ; Yes                        ; 2.32 V                      ; 6.92e-07 V                  ; 2.35 V             ; -0.00996 V         ; 0.121 V                             ; 0.03 V                              ; 4.64e-10 s                 ; 4.47e-10 s                 ; Yes                       ; Yes                       ;
; oALUOut[4]    ; 2.5 V        ; 0 s                 ; 0 s                 ; 2.32 V                       ; 6.92e-07 V                   ; 2.35 V              ; -0.00996 V          ; 0.121 V                              ; 0.03 V                               ; 4.64e-10 s                  ; 4.47e-10 s                  ; Yes                        ; Yes                        ; 2.32 V                      ; 6.92e-07 V                  ; 2.35 V             ; -0.00996 V         ; 0.121 V                             ; 0.03 V                              ; 4.64e-10 s                 ; 4.47e-10 s                 ; Yes                       ; Yes                       ;
; oALUOut[5]    ; 2.5 V        ; 0 s                 ; 0 s                 ; 2.32 V                       ; 6.92e-07 V                   ; 2.35 V              ; -0.00996 V          ; 0.121 V                              ; 0.03 V                               ; 4.64e-10 s                  ; 4.47e-10 s                  ; Yes                        ; Yes                        ; 2.32 V                      ; 6.92e-07 V                  ; 2.35 V             ; -0.00996 V         ; 0.121 V                             ; 0.03 V                              ; 4.64e-10 s                 ; 4.47e-10 s                 ; Yes                       ; Yes                       ;
; oALUOut[6]    ; 2.5 V        ; 0 s                 ; 0 s                 ; 2.32 V                       ; 6.92e-07 V                   ; 2.33 V              ; -0.00265 V          ; 0.133 V                              ; 0.056 V                              ; 3.55e-09 s                  ; 3.31e-09 s                  ; Yes                        ; Yes                        ; 2.32 V                      ; 6.92e-07 V                  ; 2.33 V             ; -0.00265 V         ; 0.133 V                             ; 0.056 V                             ; 3.55e-09 s                 ; 3.31e-09 s                 ; Yes                       ; Yes                       ;
; oALUOut[7]    ; 2.5 V        ; 0 s                 ; 0 s                 ; 2.32 V                       ; 6.92e-07 V                   ; 2.35 V              ; -0.00996 V          ; 0.121 V                              ; 0.03 V                               ; 4.64e-10 s                  ; 4.47e-10 s                  ; Yes                        ; Yes                        ; 2.32 V                      ; 6.92e-07 V                  ; 2.35 V             ; -0.00996 V         ; 0.121 V                             ; 0.03 V                              ; 4.64e-10 s                 ; 4.47e-10 s                 ; Yes                       ; Yes                       ;
; oALUOut[8]    ; 2.5 V        ; 0 s                 ; 0 s                 ; 2.32 V                       ; 6.92e-07 V                   ; 2.35 V              ; -0.00996 V          ; 0.121 V                              ; 0.03 V                               ; 4.64e-10 s                  ; 4.47e-10 s                  ; Yes                        ; Yes                        ; 2.32 V                      ; 6.92e-07 V                  ; 2.35 V             ; -0.00996 V         ; 0.121 V                             ; 0.03 V                              ; 4.64e-10 s                 ; 4.47e-10 s                 ; Yes                       ; Yes                       ;
; oALUOut[9]    ; 2.5 V        ; 0 s                 ; 0 s                 ; 2.32 V                       ; 6.92e-07 V                   ; 2.35 V              ; -0.00996 V          ; 0.121 V                              ; 0.03 V                               ; 4.64e-10 s                  ; 4.47e-10 s                  ; Yes                        ; Yes                        ; 2.32 V                      ; 6.92e-07 V                  ; 2.35 V             ; -0.00996 V         ; 0.121 V                             ; 0.03 V                              ; 4.64e-10 s                 ; 4.47e-10 s                 ; Yes                       ; Yes                       ;
; oALUOut[10]   ; 2.5 V        ; 0 s                 ; 0 s                 ; 2.32 V                       ; 6.92e-07 V                   ; 2.35 V              ; -0.00996 V          ; 0.121 V                              ; 0.03 V                               ; 4.64e-10 s                  ; 4.47e-10 s                  ; Yes                        ; Yes                        ; 2.32 V                      ; 6.92e-07 V                  ; 2.35 V             ; -0.00996 V         ; 0.121 V                             ; 0.03 V                              ; 4.64e-10 s                 ; 4.47e-10 s                 ; Yes                       ; Yes                       ;
; oALUOut[11]   ; 2.5 V        ; 0 s                 ; 0 s                 ; 2.32 V                       ; 4.67e-07 V                   ; 2.35 V              ; -0.00942 V          ; 0.116 V                              ; 0.033 V                              ; 6.66e-10 s                  ; 6.27e-10 s                  ; Yes                        ; Yes                        ; 2.32 V                      ; 4.67e-07 V                  ; 2.35 V             ; -0.00942 V         ; 0.116 V                             ; 0.033 V                             ; 6.66e-10 s                 ; 6.27e-10 s                 ; Yes                       ; Yes                       ;
; oALUOut[12]   ; 2.5 V        ; 0 s                 ; 0 s                 ; 2.32 V                       ; 6.92e-07 V                   ; 2.35 V              ; -0.00996 V          ; 0.121 V                              ; 0.03 V                               ; 4.64e-10 s                  ; 4.47e-10 s                  ; Yes                        ; Yes                        ; 2.32 V                      ; 6.92e-07 V                  ; 2.35 V             ; -0.00996 V         ; 0.121 V                             ; 0.03 V                              ; 4.64e-10 s                 ; 4.47e-10 s                 ; Yes                       ; Yes                       ;
; oALUOut[13]   ; 2.5 V        ; 0 s                 ; 0 s                 ; 2.32 V                       ; 6.92e-07 V                   ; 2.35 V              ; -0.00996 V          ; 0.121 V                              ; 0.03 V                               ; 4.64e-10 s                  ; 4.47e-10 s                  ; Yes                        ; Yes                        ; 2.32 V                      ; 6.92e-07 V                  ; 2.35 V             ; -0.00996 V         ; 0.121 V                             ; 0.03 V                              ; 4.64e-10 s                 ; 4.47e-10 s                 ; Yes                       ; Yes                       ;
; oALUOut[14]   ; 2.5 V        ; 0 s                 ; 0 s                 ; 2.32 V                       ; 6.92e-07 V                   ; 2.35 V              ; -0.00996 V          ; 0.121 V                              ; 0.03 V                               ; 4.64e-10 s                  ; 4.47e-10 s                  ; Yes                        ; Yes                        ; 2.32 V                      ; 6.92e-07 V                  ; 2.35 V             ; -0.00996 V         ; 0.121 V                             ; 0.03 V                              ; 4.64e-10 s                 ; 4.47e-10 s                 ; Yes                       ; Yes                       ;
; oALUOut[15]   ; 2.5 V        ; 0 s                 ; 0 s                 ; 2.32 V                       ; 6.92e-07 V                   ; 2.35 V              ; -0.00996 V          ; 0.121 V                              ; 0.03 V                               ; 4.64e-10 s                  ; 4.47e-10 s                  ; Yes                        ; Yes                        ; 2.32 V                      ; 6.92e-07 V                  ; 2.35 V             ; -0.00996 V         ; 0.121 V                             ; 0.03 V                              ; 4.64e-10 s                 ; 4.47e-10 s                 ; Yes                       ; Yes                       ;
; oALUOut[16]   ; 2.5 V        ; 0 s                 ; 0 s                 ; 2.32 V                       ; 6.92e-07 V                   ; 2.35 V              ; -0.00996 V          ; 0.121 V                              ; 0.03 V                               ; 4.64e-10 s                  ; 4.47e-10 s                  ; Yes                        ; Yes                        ; 2.32 V                      ; 6.92e-07 V                  ; 2.35 V             ; -0.00996 V         ; 0.121 V                             ; 0.03 V                              ; 4.64e-10 s                 ; 4.47e-10 s                 ; Yes                       ; Yes                       ;
; oALUOut[17]   ; 2.5 V        ; 0 s                 ; 0 s                 ; 2.32 V                       ; 6.92e-07 V                   ; 2.35 V              ; -0.00996 V          ; 0.121 V                              ; 0.03 V                               ; 4.64e-10 s                  ; 4.47e-10 s                  ; Yes                        ; Yes                        ; 2.32 V                      ; 6.92e-07 V                  ; 2.35 V             ; -0.00996 V         ; 0.121 V                             ; 0.03 V                              ; 4.64e-10 s                 ; 4.47e-10 s                 ; Yes                       ; Yes                       ;
; oALUOut[18]   ; 2.5 V        ; 0 s                 ; 0 s                 ; 2.32 V                       ; 6.92e-07 V                   ; 2.35 V              ; -0.00996 V          ; 0.121 V                              ; 0.03 V                               ; 4.64e-10 s                  ; 4.47e-10 s                  ; Yes                        ; Yes                        ; 2.32 V                      ; 6.92e-07 V                  ; 2.35 V             ; -0.00996 V         ; 0.121 V                             ; 0.03 V                              ; 4.64e-10 s                 ; 4.47e-10 s                 ; Yes                       ; Yes                       ;
; oALUOut[19]   ; 2.5 V        ; 0 s                 ; 0 s                 ; 2.32 V                       ; 4.67e-07 V                   ; 2.35 V              ; -0.00942 V          ; 0.116 V                              ; 0.033 V                              ; 6.66e-10 s                  ; 6.27e-10 s                  ; Yes                        ; Yes                        ; 2.32 V                      ; 4.67e-07 V                  ; 2.35 V             ; -0.00942 V         ; 0.116 V                             ; 0.033 V                             ; 6.66e-10 s                 ; 6.27e-10 s                 ; Yes                       ; Yes                       ;
; oALUOut[20]   ; 2.5 V        ; 0 s                 ; 0 s                 ; 2.32 V                       ; 6.92e-07 V                   ; 2.35 V              ; -0.00996 V          ; 0.121 V                              ; 0.03 V                               ; 4.64e-10 s                  ; 4.47e-10 s                  ; Yes                        ; Yes                        ; 2.32 V                      ; 6.92e-07 V                  ; 2.35 V             ; -0.00996 V         ; 0.121 V                             ; 0.03 V                              ; 4.64e-10 s                 ; 4.47e-10 s                 ; Yes                       ; Yes                       ;
; oALUOut[21]   ; 2.5 V        ; 0 s                 ; 0 s                 ; 2.32 V                       ; 4.67e-07 V                   ; 2.35 V              ; -0.00942 V          ; 0.116 V                              ; 0.033 V                              ; 6.66e-10 s                  ; 6.27e-10 s                  ; Yes                        ; Yes                        ; 2.32 V                      ; 4.67e-07 V                  ; 2.35 V             ; -0.00942 V         ; 0.116 V                             ; 0.033 V                             ; 6.66e-10 s                 ; 6.27e-10 s                 ; Yes                       ; Yes                       ;
; oALUOut[22]   ; 2.5 V        ; 0 s                 ; 0 s                 ; 2.32 V                       ; 6.92e-07 V                   ; 2.35 V              ; -0.00996 V          ; 0.121 V                              ; 0.03 V                               ; 4.64e-10 s                  ; 4.47e-10 s                  ; Yes                        ; Yes                        ; 2.32 V                      ; 6.92e-07 V                  ; 2.35 V             ; -0.00996 V         ; 0.121 V                             ; 0.03 V                              ; 4.64e-10 s                 ; 4.47e-10 s                 ; Yes                       ; Yes                       ;
; oALUOut[23]   ; 2.5 V        ; 0 s                 ; 0 s                 ; 2.32 V                       ; 6.92e-07 V                   ; 2.35 V              ; -0.00996 V          ; 0.121 V                              ; 0.03 V                               ; 4.64e-10 s                  ; 4.47e-10 s                  ; Yes                        ; Yes                        ; 2.32 V                      ; 6.92e-07 V                  ; 2.35 V             ; -0.00996 V         ; 0.121 V                             ; 0.03 V                              ; 4.64e-10 s                 ; 4.47e-10 s                 ; Yes                       ; Yes                       ;
; oALUOut[24]   ; 2.5 V        ; 0 s                 ; 0 s                 ; 2.32 V                       ; 6.92e-07 V                   ; 2.35 V              ; -0.00996 V          ; 0.121 V                              ; 0.03 V                               ; 4.64e-10 s                  ; 4.47e-10 s                  ; Yes                        ; Yes                        ; 2.32 V                      ; 6.92e-07 V                  ; 2.35 V             ; -0.00996 V         ; 0.121 V                             ; 0.03 V                              ; 4.64e-10 s                 ; 4.47e-10 s                 ; Yes                       ; Yes                       ;
; oALUOut[25]   ; 2.5 V        ; 0 s                 ; 0 s                 ; 2.32 V                       ; 6.92e-07 V                   ; 2.35 V              ; -0.00996 V          ; 0.121 V                              ; 0.03 V                               ; 4.64e-10 s                  ; 4.47e-10 s                  ; Yes                        ; Yes                        ; 2.32 V                      ; 6.92e-07 V                  ; 2.35 V             ; -0.00996 V         ; 0.121 V                             ; 0.03 V                              ; 4.64e-10 s                 ; 4.47e-10 s                 ; Yes                       ; Yes                       ;
; oALUOut[26]   ; 2.5 V        ; 0 s                 ; 0 s                 ; 2.32 V                       ; 6.92e-07 V                   ; 2.33 V              ; -0.00265 V          ; 0.133 V                              ; 0.056 V                              ; 3.55e-09 s                  ; 3.31e-09 s                  ; Yes                        ; Yes                        ; 2.32 V                      ; 6.92e-07 V                  ; 2.33 V             ; -0.00265 V         ; 0.133 V                             ; 0.056 V                             ; 3.55e-09 s                 ; 3.31e-09 s                 ; Yes                       ; Yes                       ;
; oALUOut[27]   ; 2.5 V        ; 0 s                 ; 0 s                 ; 2.32 V                       ; 6.92e-07 V                   ; 2.35 V              ; -0.00996 V          ; 0.121 V                              ; 0.03 V                               ; 4.64e-10 s                  ; 4.47e-10 s                  ; Yes                        ; Yes                        ; 2.32 V                      ; 6.92e-07 V                  ; 2.35 V             ; -0.00996 V         ; 0.121 V                             ; 0.03 V                              ; 4.64e-10 s                 ; 4.47e-10 s                 ; Yes                       ; Yes                       ;
; oALUOut[28]   ; 2.5 V        ; 0 s                 ; 0 s                 ; 2.32 V                       ; 6.92e-07 V                   ; 2.35 V              ; -0.00996 V          ; 0.121 V                              ; 0.03 V                               ; 4.64e-10 s                  ; 4.47e-10 s                  ; Yes                        ; Yes                        ; 2.32 V                      ; 6.92e-07 V                  ; 2.35 V             ; -0.00996 V         ; 0.121 V                             ; 0.03 V                              ; 4.64e-10 s                 ; 4.47e-10 s                 ; Yes                       ; Yes                       ;
; oALUOut[29]   ; 2.5 V        ; 0 s                 ; 0 s                 ; 2.32 V                       ; 6.92e-07 V                   ; 2.35 V              ; -0.00996 V          ; 0.121 V                              ; 0.03 V                               ; 4.64e-10 s                  ; 4.47e-10 s                  ; Yes                        ; Yes                        ; 2.32 V                      ; 6.92e-07 V                  ; 2.35 V             ; -0.00996 V         ; 0.121 V                             ; 0.03 V                              ; 4.64e-10 s                 ; 4.47e-10 s                 ; Yes                       ; Yes                       ;
; oALUOut[30]   ; 2.5 V        ; 0 s                 ; 0 s                 ; 2.32 V                       ; 6.92e-07 V                   ; 2.35 V              ; -0.00996 V          ; 0.121 V                              ; 0.03 V                               ; 4.64e-10 s                  ; 4.47e-10 s                  ; Yes                        ; Yes                        ; 2.32 V                      ; 6.92e-07 V                  ; 2.35 V             ; -0.00996 V         ; 0.121 V                             ; 0.03 V                              ; 4.64e-10 s                 ; 4.47e-10 s                 ; Yes                       ; Yes                       ;
; oALUOut[31]   ; 2.5 V        ; 0 s                 ; 0 s                 ; 2.32 V                       ; 6.92e-07 V                   ; 2.35 V              ; -0.00996 V          ; 0.121 V                              ; 0.03 V                               ; 4.64e-10 s                  ; 4.47e-10 s                  ; Yes                        ; Yes                        ; 2.32 V                      ; 6.92e-07 V                  ; 2.35 V             ; -0.00996 V         ; 0.121 V                             ; 0.03 V                              ; 4.64e-10 s                 ; 4.47e-10 s                 ; Yes                       ; Yes                       ;
; ~ALTERA_DCLK~ ; 2.5 V        ; 0 s                 ; 0 s                 ; 2.32 V                       ; 3.75e-07 V                   ; 2.35 V              ; -0.0109 V           ; 0.084 V                              ; 0.027 V                              ; 4.31e-10 s                  ; 3.61e-10 s                  ; Yes                        ; Yes                        ; 2.32 V                      ; 3.75e-07 V                  ; 2.35 V             ; -0.0109 V          ; 0.084 V                             ; 0.027 V                             ; 4.31e-10 s                 ; 3.61e-10 s                 ; Yes                       ; Yes                       ;
; ~ALTERA_nCEO~ ; 2.5 V        ; 0 s                 ; 0 s                 ; 2.32 V                       ; 6.15e-07 V                   ; 2.35 V              ; -0.00712 V          ; 0.093 V                              ; 0.02 V                               ; 6.21e-10 s                  ; 7.9e-10 s                   ; Yes                        ; Yes                        ; 2.32 V                      ; 6.15e-07 V                  ; 2.35 V             ; -0.00712 V         ; 0.093 V                             ; 0.02 V                              ; 6.21e-10 s                 ; 7.9e-10 s                  ; Yes                       ; Yes                       ;
+---------------+--------------+---------------------+---------------------+------------------------------+------------------------------+---------------------+---------------------+--------------------------------------+--------------------------------------+-----------------------------+-----------------------------+----------------------------+----------------------------+-----------------------------+-----------------------------+--------------------+--------------------+-------------------------------------+-------------------------------------+----------------------------+----------------------------+---------------------------+---------------------------+


+--------------------------------------------------------------------------------------------------------------------------------------------------------------------------------------------------------------------------------------------------------------------------------------------------------------------------------------------------------------------------------------------------------------------------------------------------------------------------------------------------------------------------------------------------------------------------------------------------------------------------------------------------------------------------------------------+
; Signal Integrity Metrics (Fast 1200mv 0c Model)                                                                                                                                                                                                                                                                                                                                                                                                                                                                                                                                                                                                                                            ;
+---------------+--------------+---------------------+---------------------+------------------------------+------------------------------+---------------------+---------------------+--------------------------------------+--------------------------------------+-----------------------------+-----------------------------+----------------------------+----------------------------+-----------------------------+-----------------------------+--------------------+--------------------+-------------------------------------+-------------------------------------+----------------------------+----------------------------+---------------------------+---------------------------+
; Pin           ; I/O Standard ; Board Delay on Rise ; Board Delay on Fall ; Steady State Voh at FPGA Pin ; Steady State Vol at FPGA Pin ; Voh Max at FPGA Pin ; Vol Min at FPGA Pin ; Ringback Voltage on Rise at FPGA Pin ; Ringback Voltage on Fall at FPGA Pin ; 10-90 Rise Time at FPGA Pin ; 90-10 Fall Time at FPGA Pin ; Monotonic Rise at FPGA Pin ; Monotonic Fall at FPGA Pin ; Steady State Voh at Far-end ; Steady State Vol at Far-end ; Voh Max at Far-end ; Vol Min at Far-end ; Ringback Voltage on Rise at Far-end ; Ringback Voltage on Fall at Far-end ; 10-90 Rise Time at Far-end ; 90-10 Fall Time at Far-end ; Monotonic Rise at Far-end ; Monotonic Fall at Far-end ;
+---------------+--------------+---------------------+---------------------+------------------------------+------------------------------+---------------------+---------------------+--------------------------------------+--------------------------------------+-----------------------------+-----------------------------+----------------------------+----------------------------+-----------------------------+-----------------------------+--------------------+--------------------+-------------------------------------+-------------------------------------+----------------------------+----------------------------+---------------------------+---------------------------+
; oALUOut[0]    ; 2.5 V        ; 0 s                 ; 0 s                 ; 2.62 V                       ; 4.05e-08 V                   ; 2.72 V              ; -0.0349 V           ; 0.173 V                              ; 0.1 V                                ; 2.72e-10 s                  ; 2.69e-10 s                  ; Yes                        ; Yes                        ; 2.62 V                      ; 4.05e-08 V                  ; 2.72 V             ; -0.0349 V          ; 0.173 V                             ; 0.1 V                               ; 2.72e-10 s                 ; 2.69e-10 s                 ; Yes                       ; Yes                       ;
; oALUOut[1]    ; 2.5 V        ; 0 s                 ; 0 s                 ; 2.62 V                       ; 2.74e-08 V                   ; 2.71 V              ; -0.0317 V           ; 0.148 V                              ; 0.064 V                              ; 4.51e-10 s                  ; 4.15e-10 s                  ; No                         ; Yes                        ; 2.62 V                      ; 2.74e-08 V                  ; 2.71 V             ; -0.0317 V          ; 0.148 V                             ; 0.064 V                             ; 4.51e-10 s                 ; 4.15e-10 s                 ; No                        ; Yes                       ;
; oALUOut[2]    ; 2.5 V        ; 0 s                 ; 0 s                 ; 2.62 V                       ; 4.05e-08 V                   ; 2.72 V              ; -0.0349 V           ; 0.173 V                              ; 0.1 V                                ; 2.72e-10 s                  ; 2.69e-10 s                  ; Yes                        ; Yes                        ; 2.62 V                      ; 4.05e-08 V                  ; 2.72 V             ; -0.0349 V          ; 0.173 V                             ; 0.1 V                               ; 2.72e-10 s                 ; 2.69e-10 s                 ; Yes                       ; Yes                       ;
; oALUOut[3]    ; 2.5 V        ; 0 s                 ; 0 s                 ; 2.62 V                       ; 4.05e-08 V                   ; 2.72 V              ; -0.0349 V           ; 0.173 V                              ; 0.1 V                                ; 2.72e-10 s                  ; 2.69e-10 s                  ; Yes                        ; Yes                        ; 2.62 V                      ; 4.05e-08 V                  ; 2.72 V             ; -0.0349 V          ; 0.173 V                             ; 0.1 V                               ; 2.72e-10 s                 ; 2.69e-10 s                 ; Yes                       ; Yes                       ;
; oALUOut[4]    ; 2.5 V        ; 0 s                 ; 0 s                 ; 2.62 V                       ; 4.05e-08 V                   ; 2.72 V              ; -0.0349 V           ; 0.173 V                              ; 0.1 V                                ; 2.72e-10 s                  ; 2.69e-10 s                  ; Yes                        ; Yes                        ; 2.62 V                      ; 4.05e-08 V                  ; 2.72 V             ; -0.0349 V          ; 0.173 V                             ; 0.1 V                               ; 2.72e-10 s                 ; 2.69e-10 s                 ; Yes                       ; Yes                       ;
; oALUOut[5]    ; 2.5 V        ; 0 s                 ; 0 s                 ; 2.62 V                       ; 4.05e-08 V                   ; 2.72 V              ; -0.0349 V           ; 0.173 V                              ; 0.1 V                                ; 2.72e-10 s                  ; 2.69e-10 s                  ; Yes                        ; Yes                        ; 2.62 V                      ; 4.05e-08 V                  ; 2.72 V             ; -0.0349 V          ; 0.173 V                             ; 0.1 V                               ; 2.72e-10 s                 ; 2.69e-10 s                 ; Yes                       ; Yes                       ;
; oALUOut[6]    ; 2.5 V        ; 0 s                 ; 0 s                 ; 2.62 V                       ; 4.05e-08 V                   ; 2.64 V              ; -0.0113 V           ; 0.208 V                              ; 0.179 V                              ; 2.38e-09 s                  ; 2.23e-09 s                  ; No                         ; Yes                        ; 2.62 V                      ; 4.05e-08 V                  ; 2.64 V             ; -0.0113 V          ; 0.208 V                             ; 0.179 V                             ; 2.38e-09 s                 ; 2.23e-09 s                 ; No                        ; Yes                       ;
; oALUOut[7]    ; 2.5 V        ; 0 s                 ; 0 s                 ; 2.62 V                       ; 4.05e-08 V                   ; 2.72 V              ; -0.0349 V           ; 0.173 V                              ; 0.1 V                                ; 2.72e-10 s                  ; 2.69e-10 s                  ; Yes                        ; Yes                        ; 2.62 V                      ; 4.05e-08 V                  ; 2.72 V             ; -0.0349 V          ; 0.173 V                             ; 0.1 V                               ; 2.72e-10 s                 ; 2.69e-10 s                 ; Yes                       ; Yes                       ;
; oALUOut[8]    ; 2.5 V        ; 0 s                 ; 0 s                 ; 2.62 V                       ; 4.05e-08 V                   ; 2.72 V              ; -0.0349 V           ; 0.173 V                              ; 0.1 V                                ; 2.72e-10 s                  ; 2.69e-10 s                  ; Yes                        ; Yes                        ; 2.62 V                      ; 4.05e-08 V                  ; 2.72 V             ; -0.0349 V          ; 0.173 V                             ; 0.1 V                               ; 2.72e-10 s                 ; 2.69e-10 s                 ; Yes                       ; Yes                       ;
; oALUOut[9]    ; 2.5 V        ; 0 s                 ; 0 s                 ; 2.62 V                       ; 4.05e-08 V                   ; 2.72 V              ; -0.0349 V           ; 0.173 V                              ; 0.1 V                                ; 2.72e-10 s                  ; 2.69e-10 s                  ; Yes                        ; Yes                        ; 2.62 V                      ; 4.05e-08 V                  ; 2.72 V             ; -0.0349 V          ; 0.173 V                             ; 0.1 V                               ; 2.72e-10 s                 ; 2.69e-10 s                 ; Yes                       ; Yes                       ;
; oALUOut[10]   ; 2.5 V        ; 0 s                 ; 0 s                 ; 2.62 V                       ; 4.05e-08 V                   ; 2.72 V              ; -0.0349 V           ; 0.173 V                              ; 0.1 V                                ; 2.72e-10 s                  ; 2.69e-10 s                  ; Yes                        ; Yes                        ; 2.62 V                      ; 4.05e-08 V                  ; 2.72 V             ; -0.0349 V          ; 0.173 V                             ; 0.1 V                               ; 2.72e-10 s                 ; 2.69e-10 s                 ; Yes                       ; Yes                       ;
; oALUOut[11]   ; 2.5 V        ; 0 s                 ; 0 s                 ; 2.62 V                       ; 2.74e-08 V                   ; 2.71 V              ; -0.0317 V           ; 0.148 V                              ; 0.064 V                              ; 4.51e-10 s                  ; 4.15e-10 s                  ; No                         ; Yes                        ; 2.62 V                      ; 2.74e-08 V                  ; 2.71 V             ; -0.0317 V          ; 0.148 V                             ; 0.064 V                             ; 4.51e-10 s                 ; 4.15e-10 s                 ; No                        ; Yes                       ;
; oALUOut[12]   ; 2.5 V        ; 0 s                 ; 0 s                 ; 2.62 V                       ; 4.05e-08 V                   ; 2.72 V              ; -0.0349 V           ; 0.173 V                              ; 0.1 V                                ; 2.72e-10 s                  ; 2.69e-10 s                  ; Yes                        ; Yes                        ; 2.62 V                      ; 4.05e-08 V                  ; 2.72 V             ; -0.0349 V          ; 0.173 V                             ; 0.1 V                               ; 2.72e-10 s                 ; 2.69e-10 s                 ; Yes                       ; Yes                       ;
; oALUOut[13]   ; 2.5 V        ; 0 s                 ; 0 s                 ; 2.62 V                       ; 4.05e-08 V                   ; 2.72 V              ; -0.0349 V           ; 0.173 V                              ; 0.1 V                                ; 2.72e-10 s                  ; 2.69e-10 s                  ; Yes                        ; Yes                        ; 2.62 V                      ; 4.05e-08 V                  ; 2.72 V             ; -0.0349 V          ; 0.173 V                             ; 0.1 V                               ; 2.72e-10 s                 ; 2.69e-10 s                 ; Yes                       ; Yes                       ;
; oALUOut[14]   ; 2.5 V        ; 0 s                 ; 0 s                 ; 2.62 V                       ; 4.05e-08 V                   ; 2.72 V              ; -0.0349 V           ; 0.173 V                              ; 0.1 V                                ; 2.72e-10 s                  ; 2.69e-10 s                  ; Yes                        ; Yes                        ; 2.62 V                      ; 4.05e-08 V                  ; 2.72 V             ; -0.0349 V          ; 0.173 V                             ; 0.1 V                               ; 2.72e-10 s                 ; 2.69e-10 s                 ; Yes                       ; Yes                       ;
; oALUOut[15]   ; 2.5 V        ; 0 s                 ; 0 s                 ; 2.62 V                       ; 4.05e-08 V                   ; 2.72 V              ; -0.0349 V           ; 0.173 V                              ; 0.1 V                                ; 2.72e-10 s                  ; 2.69e-10 s                  ; Yes                        ; Yes                        ; 2.62 V                      ; 4.05e-08 V                  ; 2.72 V             ; -0.0349 V          ; 0.173 V                             ; 0.1 V                               ; 2.72e-10 s                 ; 2.69e-10 s                 ; Yes                       ; Yes                       ;
; oALUOut[16]   ; 2.5 V        ; 0 s                 ; 0 s                 ; 2.62 V                       ; 4.05e-08 V                   ; 2.72 V              ; -0.0349 V           ; 0.173 V                              ; 0.1 V                                ; 2.72e-10 s                  ; 2.69e-10 s                  ; Yes                        ; Yes                        ; 2.62 V                      ; 4.05e-08 V                  ; 2.72 V             ; -0.0349 V          ; 0.173 V                             ; 0.1 V                               ; 2.72e-10 s                 ; 2.69e-10 s                 ; Yes                       ; Yes                       ;
; oALUOut[17]   ; 2.5 V        ; 0 s                 ; 0 s                 ; 2.62 V                       ; 4.05e-08 V                   ; 2.72 V              ; -0.0349 V           ; 0.173 V                              ; 0.1 V                                ; 2.72e-10 s                  ; 2.69e-10 s                  ; Yes                        ; Yes                        ; 2.62 V                      ; 4.05e-08 V                  ; 2.72 V             ; -0.0349 V          ; 0.173 V                             ; 0.1 V                               ; 2.72e-10 s                 ; 2.69e-10 s                 ; Yes                       ; Yes                       ;
; oALUOut[18]   ; 2.5 V        ; 0 s                 ; 0 s                 ; 2.62 V                       ; 4.05e-08 V                   ; 2.72 V              ; -0.0349 V           ; 0.173 V                              ; 0.1 V                                ; 2.72e-10 s                  ; 2.69e-10 s                  ; Yes                        ; Yes                        ; 2.62 V                      ; 4.05e-08 V                  ; 2.72 V             ; -0.0349 V          ; 0.173 V                             ; 0.1 V                               ; 2.72e-10 s                 ; 2.69e-10 s                 ; Yes                       ; Yes                       ;
; oALUOut[19]   ; 2.5 V        ; 0 s                 ; 0 s                 ; 2.62 V                       ; 2.74e-08 V                   ; 2.71 V              ; -0.0317 V           ; 0.148 V                              ; 0.064 V                              ; 4.51e-10 s                  ; 4.15e-10 s                  ; No                         ; Yes                        ; 2.62 V                      ; 2.74e-08 V                  ; 2.71 V             ; -0.0317 V          ; 0.148 V                             ; 0.064 V                             ; 4.51e-10 s                 ; 4.15e-10 s                 ; No                        ; Yes                       ;
; oALUOut[20]   ; 2.5 V        ; 0 s                 ; 0 s                 ; 2.62 V                       ; 4.05e-08 V                   ; 2.72 V              ; -0.0349 V           ; 0.173 V                              ; 0.1 V                                ; 2.72e-10 s                  ; 2.69e-10 s                  ; Yes                        ; Yes                        ; 2.62 V                      ; 4.05e-08 V                  ; 2.72 V             ; -0.0349 V          ; 0.173 V                             ; 0.1 V                               ; 2.72e-10 s                 ; 2.69e-10 s                 ; Yes                       ; Yes                       ;
; oALUOut[21]   ; 2.5 V        ; 0 s                 ; 0 s                 ; 2.62 V                       ; 2.74e-08 V                   ; 2.71 V              ; -0.0317 V           ; 0.148 V                              ; 0.064 V                              ; 4.51e-10 s                  ; 4.15e-10 s                  ; No                         ; Yes                        ; 2.62 V                      ; 2.74e-08 V                  ; 2.71 V             ; -0.0317 V          ; 0.148 V                             ; 0.064 V                             ; 4.51e-10 s                 ; 4.15e-10 s                 ; No                        ; Yes                       ;
; oALUOut[22]   ; 2.5 V        ; 0 s                 ; 0 s                 ; 2.62 V                       ; 4.05e-08 V                   ; 2.72 V              ; -0.0349 V           ; 0.173 V                              ; 0.1 V                                ; 2.72e-10 s                  ; 2.69e-10 s                  ; Yes                        ; Yes                        ; 2.62 V                      ; 4.05e-08 V                  ; 2.72 V             ; -0.0349 V          ; 0.173 V                             ; 0.1 V                               ; 2.72e-10 s                 ; 2.69e-10 s                 ; Yes                       ; Yes                       ;
; oALUOut[23]   ; 2.5 V        ; 0 s                 ; 0 s                 ; 2.62 V                       ; 4.05e-08 V                   ; 2.72 V              ; -0.0349 V           ; 0.173 V                              ; 0.1 V                                ; 2.72e-10 s                  ; 2.69e-10 s                  ; Yes                        ; Yes                        ; 2.62 V                      ; 4.05e-08 V                  ; 2.72 V             ; -0.0349 V          ; 0.173 V                             ; 0.1 V                               ; 2.72e-10 s                 ; 2.69e-10 s                 ; Yes                       ; Yes                       ;
; oALUOut[24]   ; 2.5 V        ; 0 s                 ; 0 s                 ; 2.62 V                       ; 4.05e-08 V                   ; 2.72 V              ; -0.0349 V           ; 0.173 V                              ; 0.1 V                                ; 2.72e-10 s                  ; 2.69e-10 s                  ; Yes                        ; Yes                        ; 2.62 V                      ; 4.05e-08 V                  ; 2.72 V             ; -0.0349 V          ; 0.173 V                             ; 0.1 V                               ; 2.72e-10 s                 ; 2.69e-10 s                 ; Yes                       ; Yes                       ;
; oALUOut[25]   ; 2.5 V        ; 0 s                 ; 0 s                 ; 2.62 V                       ; 4.05e-08 V                   ; 2.72 V              ; -0.0349 V           ; 0.173 V                              ; 0.1 V                                ; 2.72e-10 s                  ; 2.69e-10 s                  ; Yes                        ; Yes                        ; 2.62 V                      ; 4.05e-08 V                  ; 2.72 V             ; -0.0349 V          ; 0.173 V                             ; 0.1 V                               ; 2.72e-10 s                 ; 2.69e-10 s                 ; Yes                       ; Yes                       ;
; oALUOut[26]   ; 2.5 V        ; 0 s                 ; 0 s                 ; 2.62 V                       ; 4.05e-08 V                   ; 2.64 V              ; -0.0113 V           ; 0.208 V                              ; 0.179 V                              ; 2.38e-09 s                  ; 2.23e-09 s                  ; No                         ; Yes                        ; 2.62 V                      ; 4.05e-08 V                  ; 2.64 V             ; -0.0113 V          ; 0.208 V                             ; 0.179 V                             ; 2.38e-09 s                 ; 2.23e-09 s                 ; No                        ; Yes                       ;
; oALUOut[27]   ; 2.5 V        ; 0 s                 ; 0 s                 ; 2.62 V                       ; 4.05e-08 V                   ; 2.72 V              ; -0.0349 V           ; 0.173 V                              ; 0.1 V                                ; 2.72e-10 s                  ; 2.69e-10 s                  ; Yes                        ; Yes                        ; 2.62 V                      ; 4.05e-08 V                  ; 2.72 V             ; -0.0349 V          ; 0.173 V                             ; 0.1 V                               ; 2.72e-10 s                 ; 2.69e-10 s                 ; Yes                       ; Yes                       ;
; oALUOut[28]   ; 2.5 V        ; 0 s                 ; 0 s                 ; 2.62 V                       ; 4.05e-08 V                   ; 2.72 V              ; -0.0349 V           ; 0.173 V                              ; 0.1 V                                ; 2.72e-10 s                  ; 2.69e-10 s                  ; Yes                        ; Yes                        ; 2.62 V                      ; 4.05e-08 V                  ; 2.72 V             ; -0.0349 V          ; 0.173 V                             ; 0.1 V                               ; 2.72e-10 s                 ; 2.69e-10 s                 ; Yes                       ; Yes                       ;
; oALUOut[29]   ; 2.5 V        ; 0 s                 ; 0 s                 ; 2.62 V                       ; 4.05e-08 V                   ; 2.72 V              ; -0.0349 V           ; 0.173 V                              ; 0.1 V                                ; 2.72e-10 s                  ; 2.69e-10 s                  ; Yes                        ; Yes                        ; 2.62 V                      ; 4.05e-08 V                  ; 2.72 V             ; -0.0349 V          ; 0.173 V                             ; 0.1 V                               ; 2.72e-10 s                 ; 2.69e-10 s                 ; Yes                       ; Yes                       ;
; oALUOut[30]   ; 2.5 V        ; 0 s                 ; 0 s                 ; 2.62 V                       ; 4.05e-08 V                   ; 2.72 V              ; -0.0349 V           ; 0.173 V                              ; 0.1 V                                ; 2.72e-10 s                  ; 2.69e-10 s                  ; Yes                        ; Yes                        ; 2.62 V                      ; 4.05e-08 V                  ; 2.72 V             ; -0.0349 V          ; 0.173 V                             ; 0.1 V                               ; 2.72e-10 s                 ; 2.69e-10 s                 ; Yes                       ; Yes                       ;
; oALUOut[31]   ; 2.5 V        ; 0 s                 ; 0 s                 ; 2.62 V                       ; 4.05e-08 V                   ; 2.72 V              ; -0.0349 V           ; 0.173 V                              ; 0.1 V                                ; 2.72e-10 s                  ; 2.69e-10 s                  ; Yes                        ; Yes                        ; 2.62 V                      ; 4.05e-08 V                  ; 2.72 V             ; -0.0349 V          ; 0.173 V                             ; 0.1 V                               ; 2.72e-10 s                 ; 2.69e-10 s                 ; Yes                       ; Yes                       ;
; ~ALTERA_DCLK~ ; 2.5 V        ; 0 s                 ; 0 s                 ; 2.62 V                       ; 2.22e-08 V                   ; 2.74 V              ; -0.06 V             ; 0.158 V                              ; 0.08 V                               ; 2.68e-10 s                  ; 2.19e-10 s                  ; Yes                        ; Yes                        ; 2.62 V                      ; 2.22e-08 V                  ; 2.74 V             ; -0.06 V            ; 0.158 V                             ; 0.08 V                              ; 2.68e-10 s                 ; 2.19e-10 s                 ; Yes                       ; Yes                       ;
; ~ALTERA_nCEO~ ; 2.5 V        ; 0 s                 ; 0 s                 ; 2.62 V                       ; 3.54e-08 V                   ; 2.7 V               ; -0.00943 V          ; 0.276 V                              ; 0.035 V                              ; 3.19e-10 s                  ; 4.99e-10 s                  ; No                         ; Yes                        ; 2.62 V                      ; 3.54e-08 V                  ; 2.7 V              ; -0.00943 V         ; 0.276 V                             ; 0.035 V                             ; 3.19e-10 s                 ; 4.99e-10 s                 ; No                        ; Yes                       ;
+---------------+--------------+---------------------+---------------------+------------------------------+------------------------------+---------------------+---------------------+--------------------------------------+--------------------------------------+-----------------------------+-----------------------------+----------------------------+----------------------------+-----------------------------+-----------------------------+--------------------+--------------------+-------------------------------------+-------------------------------------+----------------------------+----------------------------+---------------------------+---------------------------+


+-------------------------------------------------------------------+
; Setup Transfers                                                   ;
+------------+----------+----------+----------+----------+----------+
; From Clock ; To Clock ; RR Paths ; FR Paths ; RF Paths ; FF Paths ;
+------------+----------+----------+----------+----------+----------+
; iCLK       ; iCLK     ; 1475531  ; 0        ; 0        ; 0        ;
+------------+----------+----------+----------+----------+----------+
Entries labeled "false path" only account for clock-to-clock false paths and not path-based false paths. As a result, actual path counts may be lower than reported.


+-------------------------------------------------------------------+
; Hold Transfers                                                    ;
+------------+----------+----------+----------+----------+----------+
; From Clock ; To Clock ; RR Paths ; FR Paths ; RF Paths ; FF Paths ;
+------------+----------+----------+----------+----------+----------+
; iCLK       ; iCLK     ; 1475531  ; 0        ; 0        ; 0        ;
+------------+----------+----------+----------+----------+----------+
Entries labeled "false path" only account for clock-to-clock false paths and not path-based false paths. As a result, actual path counts may be lower than reported.


+-------------------------------------------------------------------+
; Recovery Transfers                                                ;
+------------+----------+----------+----------+----------+----------+
; From Clock ; To Clock ; RR Paths ; FR Paths ; RF Paths ; FF Paths ;
+------------+----------+----------+----------+----------+----------+
; iCLK       ; iCLK     ; 30       ; 0        ; 0        ; 0        ;
+------------+----------+----------+----------+----------+----------+
Entries labeled "false path" only account for clock-to-clock false paths and not path-based false paths. As a result, actual path counts may be lower than reported.


+-------------------------------------------------------------------+
; Removal Transfers                                                 ;
+------------+----------+----------+----------+----------+----------+
; From Clock ; To Clock ; RR Paths ; FR Paths ; RF Paths ; FF Paths ;
+------------+----------+----------+----------+----------+----------+
; iCLK       ; iCLK     ; 30       ; 0        ; 0        ; 0        ;
+------------+----------+----------+----------+----------+----------+
Entries labeled "false path" only account for clock-to-clock false paths and not path-based false paths. As a result, actual path counts may be lower than reported.


---------------
; Report TCCS ;
---------------
No dedicated SERDES Transmitter circuitry present in device or used in design


---------------
; Report RSKM ;
---------------
No non-DPA dedicated SERDES Receiver circuitry present in device or used in design


+------------------------------------------------+
; Unconstrained Paths Summary                    ;
+---------------------------------+-------+------+
; Property                        ; Setup ; Hold ;
+---------------------------------+-------+------+
; Illegal Clocks                  ; 0     ; 0    ;
; Unconstrained Clocks            ; 0     ; 0    ;
; Unconstrained Input Ports       ; 44    ; 44   ;
; Unconstrained Input Port Paths  ; 1441  ; 1441 ;
; Unconstrained Output Ports      ; 32    ; 32   ;
; Unconstrained Output Port Paths ; 3402  ; 3402 ;
+---------------------------------+-------+------+


+-------------------------------------+
; Clock Status Summary                ;
+--------+-------+------+-------------+
; Target ; Clock ; Type ; Status      ;
+--------+-------+------+-------------+
; iCLK   ; iCLK  ; Base ; Constrained ;
+--------+-------+------+-------------+


+------------------------------------------------------------------------------------------------------+
; Unconstrained Input Ports                                                                            ;
+---------------+--------------------------------------------------------------------------------------+
; Input Port    ; Comment                                                                              ;
+---------------+--------------------------------------------------------------------------------------+
; iInstAddr[2]  ; No input delay, min/max delays, false-path exceptions, or max skew assignments found ;
; iInstAddr[3]  ; No input delay, min/max delays, false-path exceptions, or max skew assignments found ;
; iInstAddr[4]  ; No input delay, min/max delays, false-path exceptions, or max skew assignments found ;
; iInstAddr[5]  ; No input delay, min/max delays, false-path exceptions, or max skew assignments found ;
; iInstAddr[6]  ; No input delay, min/max delays, false-path exceptions, or max skew assignments found ;
; iInstAddr[7]  ; No input delay, min/max delays, false-path exceptions, or max skew assignments found ;
; iInstAddr[8]  ; No input delay, min/max delays, false-path exceptions, or max skew assignments found ;
; iInstAddr[9]  ; No input delay, min/max delays, false-path exceptions, or max skew assignments found ;
; iInstAddr[10] ; No input delay, min/max delays, false-path exceptions, or max skew assignments found ;
; iInstAddr[11] ; No input delay, min/max delays, false-path exceptions, or max skew assignments found ;
; iInstExt[0]   ; No input delay, min/max delays, false-path exceptions, or max skew assignments found ;
; iInstExt[1]   ; No input delay, min/max delays, false-path exceptions, or max skew assignments found ;
; iInstExt[2]   ; No input delay, min/max delays, false-path exceptions, or max skew assignments found ;
; iInstExt[3]   ; No input delay, min/max delays, false-path exceptions, or max skew assignments found ;
; iInstExt[4]   ; No input delay, min/max delays, false-path exceptions, or max skew assignments found ;
; iInstExt[5]   ; No input delay, min/max delays, false-path exceptions, or max skew assignments found ;
; iInstExt[6]   ; No input delay, min/max delays, false-path exceptions, or max skew assignments found ;
; iInstExt[7]   ; No input delay, min/max delays, false-path exceptions, or max skew assignments found ;
; iInstExt[8]   ; No input delay, min/max delays, false-path exceptions, or max skew assignments found ;
; iInstExt[9]   ; No input delay, min/max delays, false-path exceptions, or max skew assignments found ;
; iInstExt[10]  ; No input delay, min/max delays, false-path exceptions, or max skew assignments found ;
; iInstExt[11]  ; No input delay, min/max delays, false-path exceptions, or max skew assignments found ;
; iInstExt[12]  ; No input delay, min/max delays, false-path exceptions, or max skew assignments found ;
; iInstExt[13]  ; No input delay, min/max delays, false-path exceptions, or max skew assignments found ;
; iInstExt[14]  ; No input delay, min/max delays, false-path exceptions, or max skew assignments found ;
; iInstExt[15]  ; No input delay, min/max delays, false-path exceptions, or max skew assignments found ;
; iInstExt[16]  ; No input delay, min/max delays, false-path exceptions, or max skew assignments found ;
; iInstExt[17]  ; No input delay, min/max delays, false-path exceptions, or max skew assignments found ;
; iInstExt[18]  ; No input delay, min/max delays, false-path exceptions, or max skew assignments found ;
; iInstExt[19]  ; No input delay, min/max delays, false-path exceptions, or max skew assignments found ;
; iInstExt[20]  ; No input delay, min/max delays, false-path exceptions, or max skew assignments found ;
; iInstExt[21]  ; No input delay, min/max delays, false-path exceptions, or max skew assignments found ;
; iInstExt[22]  ; No input delay, min/max delays, false-path exceptions, or max skew assignments found ;
; iInstExt[23]  ; No input delay, min/max delays, false-path exceptions, or max skew assignments found ;
; iInstExt[24]  ; No input delay, min/max delays, false-path exceptions, or max skew assignments found ;
; iInstExt[25]  ; No input delay, min/max delays, false-path exceptions, or max skew assignments found ;
; iInstExt[26]  ; No input delay, min/max delays, false-path exceptions, or max skew assignments found ;
; iInstExt[27]  ; No input delay, min/max delays, false-path exceptions, or max skew assignments found ;
; iInstExt[28]  ; No input delay, min/max delays, false-path exceptions, or max skew assignments found ;
; iInstExt[29]  ; No input delay, min/max delays, false-path exceptions, or max skew assignments found ;
; iInstExt[30]  ; No input delay, min/max delays, false-path exceptions, or max skew assignments found ;
; iInstExt[31]  ; No input delay, min/max delays, false-path exceptions, or max skew assignments found ;
; iInstLd       ; No input delay, min/max delays, false-path exceptions, or max skew assignments found ;
; iRST          ; No input delay, min/max delays, false-path exceptions, or max skew assignments found ;
+---------------+--------------------------------------------------------------------------------------+


+-----------------------------------------------------------------------------------------------------+
; Unconstrained Output Ports                                                                          ;
+-------------+---------------------------------------------------------------------------------------+
; Output Port ; Comment                                                                               ;
+-------------+---------------------------------------------------------------------------------------+
; oALUOut[0]  ; No output delay, min/max delays, false-path exceptions, or max skew assignments found ;
; oALUOut[1]  ; No output delay, min/max delays, false-path exceptions, or max skew assignments found ;
; oALUOut[2]  ; No output delay, min/max delays, false-path exceptions, or max skew assignments found ;
; oALUOut[3]  ; No output delay, min/max delays, false-path exceptions, or max skew assignments found ;
; oALUOut[4]  ; No output delay, min/max delays, false-path exceptions, or max skew assignments found ;
; oALUOut[5]  ; No output delay, min/max delays, false-path exceptions, or max skew assignments found ;
; oALUOut[6]  ; No output delay, min/max delays, false-path exceptions, or max skew assignments found ;
; oALUOut[7]  ; No output delay, min/max delays, false-path exceptions, or max skew assignments found ;
; oALUOut[8]  ; No output delay, min/max delays, false-path exceptions, or max skew assignments found ;
; oALUOut[9]  ; No output delay, min/max delays, false-path exceptions, or max skew assignments found ;
; oALUOut[10] ; No output delay, min/max delays, false-path exceptions, or max skew assignments found ;
; oALUOut[11] ; No output delay, min/max delays, false-path exceptions, or max skew assignments found ;
; oALUOut[12] ; No output delay, min/max delays, false-path exceptions, or max skew assignments found ;
; oALUOut[13] ; No output delay, min/max delays, false-path exceptions, or max skew assignments found ;
; oALUOut[14] ; No output delay, min/max delays, false-path exceptions, or max skew assignments found ;
; oALUOut[15] ; No output delay, min/max delays, false-path exceptions, or max skew assignments found ;
; oALUOut[16] ; No output delay, min/max delays, false-path exceptions, or max skew assignments found ;
; oALUOut[17] ; No output delay, min/max delays, false-path exceptions, or max skew assignments found ;
; oALUOut[18] ; No output delay, min/max delays, false-path exceptions, or max skew assignments found ;
; oALUOut[19] ; No output delay, min/max delays, false-path exceptions, or max skew assignments found ;
; oALUOut[20] ; No output delay, min/max delays, false-path exceptions, or max skew assignments found ;
; oALUOut[21] ; No output delay, min/max delays, false-path exceptions, or max skew assignments found ;
; oALUOut[22] ; No output delay, min/max delays, false-path exceptions, or max skew assignments found ;
; oALUOut[23] ; No output delay, min/max delays, false-path exceptions, or max skew assignments found ;
; oALUOut[24] ; No output delay, min/max delays, false-path exceptions, or max skew assignments found ;
; oALUOut[25] ; No output delay, min/max delays, false-path exceptions, or max skew assignments found ;
; oALUOut[26] ; No output delay, min/max delays, false-path exceptions, or max skew assignments found ;
; oALUOut[27] ; No output delay, min/max delays, false-path exceptions, or max skew assignments found ;
; oALUOut[28] ; No output delay, min/max delays, false-path exceptions, or max skew assignments found ;
; oALUOut[29] ; No output delay, min/max delays, false-path exceptions, or max skew assignments found ;
; oALUOut[30] ; No output delay, min/max delays, false-path exceptions, or max skew assignments found ;
; oALUOut[31] ; No output delay, min/max delays, false-path exceptions, or max skew assignments found ;
+-------------+---------------------------------------------------------------------------------------+


+------------------------------------------------------------------------------------------------------+
; Unconstrained Input Ports                                                                            ;
+---------------+--------------------------------------------------------------------------------------+
; Input Port    ; Comment                                                                              ;
+---------------+--------------------------------------------------------------------------------------+
; iInstAddr[2]  ; No input delay, min/max delays, false-path exceptions, or max skew assignments found ;
; iInstAddr[3]  ; No input delay, min/max delays, false-path exceptions, or max skew assignments found ;
; iInstAddr[4]  ; No input delay, min/max delays, false-path exceptions, or max skew assignments found ;
; iInstAddr[5]  ; No input delay, min/max delays, false-path exceptions, or max skew assignments found ;
; iInstAddr[6]  ; No input delay, min/max delays, false-path exceptions, or max skew assignments found ;
; iInstAddr[7]  ; No input delay, min/max delays, false-path exceptions, or max skew assignments found ;
; iInstAddr[8]  ; No input delay, min/max delays, false-path exceptions, or max skew assignments found ;
; iInstAddr[9]  ; No input delay, min/max delays, false-path exceptions, or max skew assignments found ;
; iInstAddr[10] ; No input delay, min/max delays, false-path exceptions, or max skew assignments found ;
; iInstAddr[11] ; No input delay, min/max delays, false-path exceptions, or max skew assignments found ;
; iInstExt[0]   ; No input delay, min/max delays, false-path exceptions, or max skew assignments found ;
; iInstExt[1]   ; No input delay, min/max delays, false-path exceptions, or max skew assignments found ;
; iInstExt[2]   ; No input delay, min/max delays, false-path exceptions, or max skew assignments found ;
; iInstExt[3]   ; No input delay, min/max delays, false-path exceptions, or max skew assignments found ;
; iInstExt[4]   ; No input delay, min/max delays, false-path exceptions, or max skew assignments found ;
; iInstExt[5]   ; No input delay, min/max delays, false-path exceptions, or max skew assignments found ;
; iInstExt[6]   ; No input delay, min/max delays, false-path exceptions, or max skew assignments found ;
; iInstExt[7]   ; No input delay, min/max delays, false-path exceptions, or max skew assignments found ;
; iInstExt[8]   ; No input delay, min/max delays, false-path exceptions, or max skew assignments found ;
; iInstExt[9]   ; No input delay, min/max delays, false-path exceptions, or max skew assignments found ;
; iInstExt[10]  ; No input delay, min/max delays, false-path exceptions, or max skew assignments found ;
; iInstExt[11]  ; No input delay, min/max delays, false-path exceptions, or max skew assignments found ;
; iInstExt[12]  ; No input delay, min/max delays, false-path exceptions, or max skew assignments found ;
; iInstExt[13]  ; No input delay, min/max delays, false-path exceptions, or max skew assignments found ;
; iInstExt[14]  ; No input delay, min/max delays, false-path exceptions, or max skew assignments found ;
; iInstExt[15]  ; No input delay, min/max delays, false-path exceptions, or max skew assignments found ;
; iInstExt[16]  ; No input delay, min/max delays, false-path exceptions, or max skew assignments found ;
; iInstExt[17]  ; No input delay, min/max delays, false-path exceptions, or max skew assignments found ;
; iInstExt[18]  ; No input delay, min/max delays, false-path exceptions, or max skew assignments found ;
; iInstExt[19]  ; No input delay, min/max delays, false-path exceptions, or max skew assignments found ;
; iInstExt[20]  ; No input delay, min/max delays, false-path exceptions, or max skew assignments found ;
; iInstExt[21]  ; No input delay, min/max delays, false-path exceptions, or max skew assignments found ;
; iInstExt[22]  ; No input delay, min/max delays, false-path exceptions, or max skew assignments found ;
; iInstExt[23]  ; No input delay, min/max delays, false-path exceptions, or max skew assignments found ;
; iInstExt[24]  ; No input delay, min/max delays, false-path exceptions, or max skew assignments found ;
; iInstExt[25]  ; No input delay, min/max delays, false-path exceptions, or max skew assignments found ;
; iInstExt[26]  ; No input delay, min/max delays, false-path exceptions, or max skew assignments found ;
; iInstExt[27]  ; No input delay, min/max delays, false-path exceptions, or max skew assignments found ;
; iInstExt[28]  ; No input delay, min/max delays, false-path exceptions, or max skew assignments found ;
; iInstExt[29]  ; No input delay, min/max delays, false-path exceptions, or max skew assignments found ;
; iInstExt[30]  ; No input delay, min/max delays, false-path exceptions, or max skew assignments found ;
; iInstExt[31]  ; No input delay, min/max delays, false-path exceptions, or max skew assignments found ;
; iInstLd       ; No input delay, min/max delays, false-path exceptions, or max skew assignments found ;
; iRST          ; No input delay, min/max delays, false-path exceptions, or max skew assignments found ;
+---------------+--------------------------------------------------------------------------------------+


+-----------------------------------------------------------------------------------------------------+
; Unconstrained Output Ports                                                                          ;
+-------------+---------------------------------------------------------------------------------------+
; Output Port ; Comment                                                                               ;
+-------------+---------------------------------------------------------------------------------------+
; oALUOut[0]  ; No output delay, min/max delays, false-path exceptions, or max skew assignments found ;
; oALUOut[1]  ; No output delay, min/max delays, false-path exceptions, or max skew assignments found ;
; oALUOut[2]  ; No output delay, min/max delays, false-path exceptions, or max skew assignments found ;
; oALUOut[3]  ; No output delay, min/max delays, false-path exceptions, or max skew assignments found ;
; oALUOut[4]  ; No output delay, min/max delays, false-path exceptions, or max skew assignments found ;
; oALUOut[5]  ; No output delay, min/max delays, false-path exceptions, or max skew assignments found ;
; oALUOut[6]  ; No output delay, min/max delays, false-path exceptions, or max skew assignments found ;
; oALUOut[7]  ; No output delay, min/max delays, false-path exceptions, or max skew assignments found ;
; oALUOut[8]  ; No output delay, min/max delays, false-path exceptions, or max skew assignments found ;
; oALUOut[9]  ; No output delay, min/max delays, false-path exceptions, or max skew assignments found ;
; oALUOut[10] ; No output delay, min/max delays, false-path exceptions, or max skew assignments found ;
; oALUOut[11] ; No output delay, min/max delays, false-path exceptions, or max skew assignments found ;
; oALUOut[12] ; No output delay, min/max delays, false-path exceptions, or max skew assignments found ;
; oALUOut[13] ; No output delay, min/max delays, false-path exceptions, or max skew assignments found ;
; oALUOut[14] ; No output delay, min/max delays, false-path exceptions, or max skew assignments found ;
; oALUOut[15] ; No output delay, min/max delays, false-path exceptions, or max skew assignments found ;
; oALUOut[16] ; No output delay, min/max delays, false-path exceptions, or max skew assignments found ;
; oALUOut[17] ; No output delay, min/max delays, false-path exceptions, or max skew assignments found ;
; oALUOut[18] ; No output delay, min/max delays, false-path exceptions, or max skew assignments found ;
; oALUOut[19] ; No output delay, min/max delays, false-path exceptions, or max skew assignments found ;
; oALUOut[20] ; No output delay, min/max delays, false-path exceptions, or max skew assignments found ;
; oALUOut[21] ; No output delay, min/max delays, false-path exceptions, or max skew assignments found ;
; oALUOut[22] ; No output delay, min/max delays, false-path exceptions, or max skew assignments found ;
; oALUOut[23] ; No output delay, min/max delays, false-path exceptions, or max skew assignments found ;
; oALUOut[24] ; No output delay, min/max delays, false-path exceptions, or max skew assignments found ;
; oALUOut[25] ; No output delay, min/max delays, false-path exceptions, or max skew assignments found ;
; oALUOut[26] ; No output delay, min/max delays, false-path exceptions, or max skew assignments found ;
; oALUOut[27] ; No output delay, min/max delays, false-path exceptions, or max skew assignments found ;
; oALUOut[28] ; No output delay, min/max delays, false-path exceptions, or max skew assignments found ;
; oALUOut[29] ; No output delay, min/max delays, false-path exceptions, or max skew assignments found ;
; oALUOut[30] ; No output delay, min/max delays, false-path exceptions, or max skew assignments found ;
; oALUOut[31] ; No output delay, min/max delays, false-path exceptions, or max skew assignments found ;
+-------------+---------------------------------------------------------------------------------------+


+--------------------------+
; Timing Analyzer Messages ;
+--------------------------+
Info: *******************************************************************
Info: Running Quartus Prime Timing Analyzer
    Info: Version 20.1.1 Build 720 11/11/2020 SJ Standard Edition
    Info: Copyright (C) 2020  Intel Corporation. All rights reserved.
    Info: Your use of Intel Corporation's design tools, logic functions 
    Info: and other software and tools, and any partner logic 
    Info: functions, and any output files from any of the foregoing 
    Info: (including device programming or simulation files), and any 
    Info: associated documentation or information are expressly subject 
    Info: to the terms and conditions of the Intel Program License 
    Info: Subscription Agreement, the Intel Quartus Prime License Agreement,
    Info: the Intel FPGA IP License Agreement, or other applicable license
    Info: agreement, including, without limitation, that your use is for
    Info: the sole purpose of programming logic devices manufactured by
    Info: Intel and sold by Intel or its authorized distributors.  Please
    Info: refer to the applicable agreement for further details, at
    Info: https://fpgasoftware.intel.com/eula.
    Info: Processing started: Mon Apr 27 18:43:30 2026
Info: Command: quartus_sta --sdc=toolflow.sdc toolflow --do_report_timing
Info: qsta_default_script.tcl version: #1
Warning (18236): Number of processors has not been specified which may cause overloading on shared machines.  Set the global assignment NUM_PARALLEL_PROCESSORS in your QSF to an appropriate value for best performance.
Info (20030): Parallel compilation is enabled and will use 12 of the 12 processors detected
Info (21076): High junction temperature operating condition is not set. Assuming a default value of '85'.
Info (21076): Low junction temperature operating condition is not set. Assuming a default value of '0'.
Info (332104): Reading SDC File: 'toolflow.sdc'
Info: Found TIMING_ANALYZER_REPORT_SCRIPT_INCLUDE_DEFAULT_ANALYSIS = ON
Info: Analyzing Slow 1200mV 85C Model
Info (332146): Worst-case setup slack is 0.408
    Info (332119):     Slack       End Point TNS Clock 
    Info (332119): ========= =================== =====================
    Info (332119):     0.408               0.000 iCLK 
Info (332146): Worst-case hold slack is 0.388
    Info (332119):     Slack       End Point TNS Clock 
    Info (332119): ========= =================== =====================
    Info (332119):     0.388               0.000 iCLK 
Info (332146): Worst-case recovery slack is 17.330
    Info (332119):     Slack       End Point TNS Clock 
    Info (332119): ========= =================== =====================
    Info (332119):    17.330               0.000 iCLK 
Info (332146): Worst-case removal slack is 2.072
    Info (332119):     Slack       End Point TNS Clock 
    Info (332119): ========= =================== =====================
    Info (332119):     2.072               0.000 iCLK 
Info (332146): Worst-case minimum pulse width slack is 9.623
    Info (332119):     Slack       End Point TNS Clock 
    Info (332119): ========= =================== =====================
    Info (332119):     9.623               0.000 iCLK 
Info (332114): Report Metastability: Found 2 synchronizer chains.
    Info (332114): The design MTBF is not calculated because there are no specified synchronizers in the design.
    Info (332114): Number of Synchronizer Chains Found: 2
    Info (332114): Shortest Synchronizer Chain: 3 Registers
    Info (332114): Fraction of Chains for which MTBFs Could Not be Calculated: 1.000
    Info (332114): Worst Case Available Settling Time: 36.036 ns
    Info (332114): 
Info (332115): Report Timing: Found 1 setup paths (0 violated).  Worst case slack is 0.408
    Info (332115): -to_clock [get_clocks {iCLK}]
    Info (332115): -setup
    Info (332115): -stdout
Info (332115): Path #1: Setup slack is 0.408 
    Info (332115): ===================================================================
    Info (332115): From Node    : IDEX_PipelineRegister:IDEX_REG|register_NBit:REG_Ctrl|dffg:\G_Register_NBit:2:REGI|s_Q
    Info (332115): To Node      : sw_fetch_unit:F_UNIT_SW|register_NBit:PC_REG|dffg:\G_Register_NBit:2:REGI|s_Q
    Info (332115): Launch Clock : iCLK
    Info (332115): Latch Clock  : iCLK
    Info (332115): 
    Info (332115): Data Arrival Path:
    Info (332115): 
    Info (332115): Total (ns)  Incr (ns)     Type  Element
    Info (332115): ==========  ========= ==  ====  ===================================
    Info (332115):      0.000      0.000           launch edge time
    Info (332115):      3.054      3.054  R        clock network delay
    Info (332115):      3.286      0.232     uTco  IDEX_PipelineRegister:IDEX_REG|register_NBit:REG_Ctrl|dffg:\G_Register_NBit:2:REGI|s_Q
    Info (332115):      3.286      0.000 FF  CELL  IDEX_REG|REG_Ctrl|\G_Register_NBit:2:REGI|s_Q|q
    Info (332115):      3.755      0.469 FF    IC  B_SRC_MUX|\G_NBit_MUX:1:MUXI|last_or|o_F~0|dataa
    Info (332115):      4.184      0.429 FR  CELL  B_SRC_MUX|\G_NBit_MUX:1:MUXI|last_or|o_F~0|combout
    Info (332115):      4.644      0.460 RR    IC  ALU|ADDER_INST|ADDER|\G_NBit_ADDS:1:ADDERS|Cout_or|o_F~0|datab
    Info (332115):      5.032      0.388 RR  CELL  ALU|ADDER_INST|ADDER|\G_NBit_ADDS:1:ADDERS|Cout_or|o_F~0|combout
    Info (332115):      5.257      0.225 RR    IC  ALU|ADDER_INST|ADDER|\G_NBit_ADDS:2:ADDERS|Cout_or|o_F~0|datac
    Info (332115):      5.544      0.287 RR  CELL  ALU|ADDER_INST|ADDER|\G_NBit_ADDS:2:ADDERS|Cout_or|o_F~0|combout
    Info (332115):      5.772      0.228 RR    IC  ALU|ADDER_INST|ADDER|\G_NBit_ADDS:3:ADDERS|Cout_or|o_F~0|datad
    Info (332115):      5.927      0.155 RR  CELL  ALU|ADDER_INST|ADDER|\G_NBit_ADDS:3:ADDERS|Cout_or|o_F~0|combout
    Info (332115):      6.155      0.228 RR    IC  ALU|ADDER_INST|ADDER|\G_NBit_ADDS:4:ADDERS|Cout_or|o_F~0|datad
    Info (332115):      6.310      0.155 RR  CELL  ALU|ADDER_INST|ADDER|\G_NBit_ADDS:4:ADDERS|Cout_or|o_F~0|combout
    Info (332115):      6.538      0.228 RR    IC  ALU|ADDER_INST|ADDER|\G_NBit_ADDS:5:ADDERS|Cout_or|o_F~0|datad
    Info (332115):      6.693      0.155 RR  CELL  ALU|ADDER_INST|ADDER|\G_NBit_ADDS:5:ADDERS|Cout_or|o_F~0|combout
    Info (332115):      6.922      0.229 RR    IC  ALU|ADDER_INST|ADDER|\G_NBit_ADDS:6:ADDERS|Cout_or|o_F~0|datad
    Info (332115):      7.077      0.155 RR  CELL  ALU|ADDER_INST|ADDER|\G_NBit_ADDS:6:ADDERS|Cout_or|o_F~0|combout
    Info (332115):      7.306      0.229 RR    IC  ALU|ADDER_INST|ADDER|\G_NBit_ADDS:7:ADDERS|Cout_or|o_F~0|datad
    Info (332115):      7.461      0.155 RR  CELL  ALU|ADDER_INST|ADDER|\G_NBit_ADDS:7:ADDERS|Cout_or|o_F~0|combout
    Info (332115):      7.687      0.226 RR    IC  ALU|ADDER_INST|ADDER|\G_NBit_ADDS:8:ADDERS|Cout_or|o_F~0|datad
    Info (332115):      7.842      0.155 RR  CELL  ALU|ADDER_INST|ADDER|\G_NBit_ADDS:8:ADDERS|Cout_or|o_F~0|combout
    Info (332115):      8.069      0.227 RR    IC  ALU|ADDER_INST|ADDER|\G_NBit_ADDS:9:ADDERS|Cout_or|o_F~0|datac
    Info (332115):      8.356      0.287 RR  CELL  ALU|ADDER_INST|ADDER|\G_NBit_ADDS:9:ADDERS|Cout_or|o_F~0|combout
    Info (332115):      8.583      0.227 RR    IC  ALU|ADDER_INST|ADDER|\G_NBit_ADDS:10:ADDERS|Cout_or|o_F~0|datac
    Info (332115):      8.870      0.287 RR  CELL  ALU|ADDER_INST|ADDER|\G_NBit_ADDS:10:ADDERS|Cout_or|o_F~0|combout
    Info (332115):      9.097      0.227 RR    IC  ALU|ADDER_INST|ADDER|\G_NBit_ADDS:11:ADDERS|Cout_or|o_F~0|datac
    Info (332115):      9.384      0.287 RR  CELL  ALU|ADDER_INST|ADDER|\G_NBit_ADDS:11:ADDERS|Cout_or|o_F~0|combout
    Info (332115):      9.612      0.228 RR    IC  ALU|ADDER_INST|ADDER|\G_NBit_ADDS:12:ADDERS|Cout_or|o_F~0|datac
    Info (332115):      9.899      0.287 RR  CELL  ALU|ADDER_INST|ADDER|\G_NBit_ADDS:12:ADDERS|Cout_or|o_F~0|combout
    Info (332115):     10.127      0.228 RR    IC  ALU|ADDER_INST|ADDER|\G_NBit_ADDS:13:ADDERS|Cout_or|o_F~0|datad
    Info (332115):     10.282      0.155 RR  CELL  ALU|ADDER_INST|ADDER|\G_NBit_ADDS:13:ADDERS|Cout_or|o_F~0|combout
    Info (332115):     10.509      0.227 RR    IC  ALU|ADDER_INST|ADDER|\G_NBit_ADDS:14:ADDERS|Cout_or|o_F~0|datad
    Info (332115):     10.664      0.155 RR  CELL  ALU|ADDER_INST|ADDER|\G_NBit_ADDS:14:ADDERS|Cout_or|o_F~0|combout
    Info (332115):     10.892      0.228 RR    IC  ALU|ADDER_INST|ADDER|\G_NBit_ADDS:15:ADDERS|Cout_or|o_F~0|datad
    Info (332115):     11.047      0.155 RR  CELL  ALU|ADDER_INST|ADDER|\G_NBit_ADDS:15:ADDERS|Cout_or|o_F~0|combout
    Info (332115):     11.769      0.722 RR    IC  ALU|ADDER_INST|ADDER|\G_NBit_ADDS:16:ADDERS|Cout_or|o_F~0|datad
    Info (332115):     11.924      0.155 RR  CELL  ALU|ADDER_INST|ADDER|\G_NBit_ADDS:16:ADDERS|Cout_or|o_F~0|combout
    Info (332115):     12.152      0.228 RR    IC  ALU|ADDER_INST|ADDER|\G_NBit_ADDS:17:ADDERS|Cout_or|o_F~0|datad
    Info (332115):     12.307      0.155 RR  CELL  ALU|ADDER_INST|ADDER|\G_NBit_ADDS:17:ADDERS|Cout_or|o_F~0|combout
    Info (332115):     12.534      0.227 RR    IC  ALU|ADDER_INST|ADDER|\G_NBit_ADDS:18:ADDERS|Cout_or|o_F~0|datad
    Info (332115):     12.689      0.155 RR  CELL  ALU|ADDER_INST|ADDER|\G_NBit_ADDS:18:ADDERS|Cout_or|o_F~0|combout
    Info (332115):     12.916      0.227 RR    IC  ALU|ADDER_INST|ADDER|\G_NBit_ADDS:19:ADDERS|Cout_or|o_F~0|datad
    Info (332115):     13.071      0.155 RR  CELL  ALU|ADDER_INST|ADDER|\G_NBit_ADDS:19:ADDERS|Cout_or|o_F~0|combout
    Info (332115):     13.296      0.225 RR    IC  ALU|ADDER_INST|ADDER|\G_NBit_ADDS:20:ADDERS|Cout_or|o_F~0|datac
    Info (332115):     13.583      0.287 RR  CELL  ALU|ADDER_INST|ADDER|\G_NBit_ADDS:20:ADDERS|Cout_or|o_F~0|combout
    Info (332115):     13.811      0.228 RR    IC  ALU|ADDER_INST|ADDER|\G_NBit_ADDS:21:ADDERS|Cout_or|o_F~0|datad
    Info (332115):     13.966      0.155 RR  CELL  ALU|ADDER_INST|ADDER|\G_NBit_ADDS:21:ADDERS|Cout_or|o_F~0|combout
    Info (332115):     14.191      0.225 RR    IC  ALU|ADDER_INST|ADDER|\G_NBit_ADDS:22:ADDERS|Cout_or|o_F~0|datac
    Info (332115):     14.478      0.287 RR  CELL  ALU|ADDER_INST|ADDER|\G_NBit_ADDS:22:ADDERS|Cout_or|o_F~0|combout
    Info (332115):     14.705      0.227 RR    IC  ALU|ADDER_INST|ADDER|\G_NBit_ADDS:23:ADDERS|Cout_or|o_F~0|datad
    Info (332115):     14.860      0.155 RR  CELL  ALU|ADDER_INST|ADDER|\G_NBit_ADDS:23:ADDERS|Cout_or|o_F~0|combout
    Info (332115):     15.089      0.229 RR    IC  ALU|ADDER_INST|ADDER|\G_NBit_ADDS:24:ADDERS|Cout_or|o_F~0|datad
    Info (332115):     15.244      0.155 RR  CELL  ALU|ADDER_INST|ADDER|\G_NBit_ADDS:24:ADDERS|Cout_or|o_F~0|combout
    Info (332115):     15.470      0.226 RR    IC  ALU|ADDER_INST|ADDER|\G_NBit_ADDS:25:ADDERS|Cout_or|o_F~0|datad
    Info (332115):     15.625      0.155 RR  CELL  ALU|ADDER_INST|ADDER|\G_NBit_ADDS:25:ADDERS|Cout_or|o_F~0|combout
    Info (332115):     15.849      0.224 RR    IC  ALU|ADDER_INST|ADDER|\G_NBit_ADDS:26:ADDERS|Cout_or|o_F~0|datac
    Info (332115):     16.136      0.287 RR  CELL  ALU|ADDER_INST|ADDER|\G_NBit_ADDS:26:ADDERS|Cout_or|o_F~0|combout
    Info (332115):     16.365      0.229 RR    IC  ALU|ADDER_INST|ADDER|\G_NBit_ADDS:27:ADDERS|Cout_or|o_F~0|datad
    Info (332115):     16.520      0.155 RR  CELL  ALU|ADDER_INST|ADDER|\G_NBit_ADDS:27:ADDERS|Cout_or|o_F~0|combout
    Info (332115):     16.746      0.226 RR    IC  ALU|ADDER_INST|ADDER|\G_NBit_ADDS:28:ADDERS|Cout_or|o_F~0|datad
    Info (332115):     16.901      0.155 RR  CELL  ALU|ADDER_INST|ADDER|\G_NBit_ADDS:28:ADDERS|Cout_or|o_F~0|combout
    Info (332115):     17.131      0.230 RR    IC  ALU|ADDER_INST|ADDER|\G_NBit_ADDS:29:ADDERS|Cout_or|o_F~0|datad
    Info (332115):     17.286      0.155 RR  CELL  ALU|ADDER_INST|ADDER|\G_NBit_ADDS:29:ADDERS|Cout_or|o_F~0|combout
    Info (332115):     17.916      0.630 RR    IC  ALU|Mux1~4|datac
    Info (332115):     18.203      0.287 RR  CELL  ALU|Mux1~4|combout
    Info (332115):     18.409      0.206 RR    IC  ALU|Mux1~5|datad
    Info (332115):     18.564      0.155 RR  CELL  ALU|Mux1~5|combout
    Info (332115):     18.768      0.204 RR    IC  ALU|Mux1~6|datad
    Info (332115):     18.923      0.155 RR  CELL  ALU|Mux1~6|combout
    Info (332115):     19.127      0.204 RR    IC  ALU|Mux1~7|datad
    Info (332115):     19.282      0.155 RR  CELL  ALU|Mux1~7|combout
    Info (332115):     19.486      0.204 RR    IC  ALU|Mux1~8|datad
    Info (332115):     19.641      0.155 RR  CELL  ALU|Mux1~8|combout
    Info (332115):     19.846      0.205 RR    IC  ALU|Mux1~9|datad
    Info (332115):     20.001      0.155 RR  CELL  ALU|Mux1~9|combout
    Info (332115):     20.397      0.396 RR    IC  BRANCH_COND|Mux0~3|datac
    Info (332115):     20.684      0.287 RR  CELL  BRANCH_COND|Mux0~3|combout
    Info (332115):     20.888      0.204 RR    IC  BRANCH_COND|Mux0~4|datad
    Info (332115):     21.043      0.155 RR  CELL  BRANCH_COND|Mux0~4|combout
    Info (332115):     21.256      0.213 RR    IC  s_redirect~3|datad
    Info (332115):     21.411      0.155 RR  CELL  s_redirect~3|combout
    Info (332115):     22.260      0.849 RR    IC  F_UNIT_SW|PC_REG|\G_Register_NBit:2:REGI|s_Q|sload
    Info (332115):     22.976      0.716 RF  CELL  sw_fetch_unit:F_UNIT_SW|register_NBit:PC_REG|dffg:\G_Register_NBit:2:REGI|s_Q
    Info (332115): 
    Info (332115): Data Required Path:
    Info (332115): 
    Info (332115): Total (ns)  Incr (ns)     Type  Element
    Info (332115): ==========  ========= ==  ====  ===================================
    Info (332115):     20.000     20.000           latch edge time
    Info (332115):     23.354      3.354  R        clock network delay
    Info (332115):     23.386      0.032           clock pessimism removed
    Info (332115):     23.366     -0.020           clock uncertainty
    Info (332115):     23.384      0.018     uTsu  sw_fetch_unit:F_UNIT_SW|register_NBit:PC_REG|dffg:\G_Register_NBit:2:REGI|s_Q
    Info (332115): 
    Info (332115): Data Arrival Time  :    22.976
    Info (332115): Data Required Time :    23.384
    Info (332115): Slack              :     0.408 
    Info (332115): ===================================================================
    Info (332115): 
Info (332115): Report Timing: Found 1 hold paths (0 violated).  Worst case slack is 0.388
    Info (332115): -to_clock [get_clocks {iCLK}]
    Info (332115): -hold
    Info (332115): -stdout
Info (332115): Path #1: Hold slack is 0.388 
    Info (332115): ===================================================================
    Info (332115): From Node    : IFID_PipelineRegister:IFID_REG|register_NBit:REG_PC_Plus4|dffg:\G_Register_NBit:30:REGI|altshift_taps:s_Q_rtl_0|shift_taps_bkm:auto_generated|cntr_4pf:cntr1|counter_reg_bit[0]
    Info (332115): To Node      : IFID_PipelineRegister:IFID_REG|register_NBit:REG_PC_Plus4|dffg:\G_Register_NBit:30:REGI|altshift_taps:s_Q_rtl_0|shift_taps_bkm:auto_generated|altsyncram_k1b1:altsyncram2|ram_block5a0~porta_address_reg0
    Info (332115): Launch Clock : iCLK
    Info (332115): Latch Clock  : iCLK
    Info (332115): 
    Info (332115): Data Arrival Path:
    Info (332115): 
    Info (332115): Total (ns)  Incr (ns)     Type  Element
    Info (332115): ==========  ========= ==  ====  ===================================
    Info (332115):      0.000      0.000           launch edge time
    Info (332115):      2.950      2.950  R        clock network delay
    Info (332115):      3.182      0.232     uTco  IFID_PipelineRegister:IFID_REG|register_NBit:REG_PC_Plus4|dffg:\G_Register_NBit:30:REGI|altshift_taps:s_Q_rtl_0|shift_taps_bkm:auto_generated|cntr_4pf:cntr1|counter_reg_bit[0]
    Info (332115):      3.182      0.000 RR  CELL  IFID_REG|REG_PC_Plus4|\G_Register_NBit:30:REGI|s_Q_rtl_0|auto_generated|cntr1|counter_reg_bit[0]|q
    Info (332115):      3.942      0.760 RR    IC  IFID_REG|REG_PC_Plus4|\G_Register_NBit:30:REGI|s_Q_rtl_0|auto_generated|altsyncram2|ram_block5a0|portaaddr[0]
    Info (332115):      4.009      0.067 RR  CELL  IFID_PipelineRegister:IFID_REG|register_NBit:REG_PC_Plus4|dffg:\G_Register_NBit:30:REGI|altshift_taps:s_Q_rtl_0|shift_taps_bkm:auto_generated|altsyncram_k1b1:altsyncram2|ram_block5a0~porta_address_reg0
    Info (332115): 
    Info (332115): Data Required Path:
    Info (332115): 
    Info (332115): Total (ns)  Incr (ns)     Type  Element
    Info (332115): ==========  ========= ==  ====  ===================================
    Info (332115):      0.000      0.000           latch edge time
    Info (332115):      3.431      3.431  R        clock network delay
    Info (332115):      3.399     -0.032           clock pessimism removed
    Info (332115):      3.399      0.000           clock uncertainty
    Info (332115):      3.621      0.222      uTh  IFID_PipelineRegister:IFID_REG|register_NBit:REG_PC_Plus4|dffg:\G_Register_NBit:30:REGI|altshift_taps:s_Q_rtl_0|shift_taps_bkm:auto_generated|altsyncram_k1b1:altsyncram2|ram_block5a0~porta_address_reg0
    Info (332115): 
    Info (332115): Data Arrival Time  :     4.009
    Info (332115): Data Required Time :     3.621
    Info (332115): Slack              :     0.388 
    Info (332115): ===================================================================
    Info (332115): 
Info (332115): Report Timing: Found 1 recovery paths (0 violated).  Worst case slack is 17.330
    Info (332115): -to_clock [get_clocks {iCLK}]
    Info (332115): -recovery
    Info (332115): -stdout
Info (332115): Path #1: Recovery slack is 17.330 
    Info (332115): ===================================================================
    Info (332115): From Node    : IFID_PipelineRegister:IFID_REG|register_NBit:REG_PC_Plus4|dffg:\G_Register_NBit:30:REGI|altshift_taps:s_Q_rtl_0|shift_taps_bkm:auto_generated|dffe4
    Info (332115): To Node      : IFID_PipelineRegister:IFID_REG|register_NBit:REG_PC_Plus4|dffg:\G_Register_NBit:30:REGI|altshift_taps:s_Q_rtl_0|shift_taps_bkm:auto_generated|altsyncram_k1b1:altsyncram2|ram_block5a0
    Info (332115): Launch Clock : iCLK
    Info (332115): Latch Clock  : iCLK
    Info (332115): 
    Info (332115): Data Arrival Path:
    Info (332115): 
    Info (332115): Total (ns)  Incr (ns)     Type  Element
    Info (332115): ==========  ========= ==  ====  ===================================
    Info (332115):      0.000      0.000           launch edge time
    Info (332115):      3.076      3.076  R        clock network delay
    Info (332115):      3.308      0.232     uTco  IFID_PipelineRegister:IFID_REG|register_NBit:REG_PC_Plus4|dffg:\G_Register_NBit:30:REGI|altshift_taps:s_Q_rtl_0|shift_taps_bkm:auto_generated|dffe4
    Info (332115):      3.308      0.000 RR  CELL  IFID_REG|REG_PC_Plus4|\G_Register_NBit:30:REGI|s_Q_rtl_0|auto_generated|dffe4|q
    Info (332115):      4.630      1.322 RR    IC  IFID_REG|REG_PC_Plus4|\G_Register_NBit:30:REGI|s_Q_rtl_0|auto_generated|altsyncram2|ram_block5a0|clr0
    Info (332115):      5.910      1.280 RF  CELL  IFID_PipelineRegister:IFID_REG|register_NBit:REG_PC_Plus4|dffg:\G_Register_NBit:30:REGI|altshift_taps:s_Q_rtl_0|shift_taps_bkm:auto_generated|altsyncram_k1b1:altsyncram2|ram_block5a0
    Info (332115): 
    Info (332115): Data Required Path:
    Info (332115): 
    Info (332115): Total (ns)  Incr (ns)     Type  Element
    Info (332115): ==========  ========= ==  ====  ===================================
    Info (332115):     20.000     20.000           latch edge time
    Info (332115):     23.286      3.286  R        clock network delay
    Info (332115):     23.318      0.032           clock pessimism removed
    Info (332115):     23.298     -0.020           clock uncertainty
    Info (332115):     23.240     -0.058     uTsu  IFID_PipelineRegister:IFID_REG|register_NBit:REG_PC_Plus4|dffg:\G_Register_NBit:30:REGI|altshift_taps:s_Q_rtl_0|shift_taps_bkm:auto_generated|altsyncram_k1b1:altsyncram2|ram_block5a0
    Info (332115): 
    Info (332115): Data Arrival Time  :     5.910
    Info (332115): Data Required Time :    23.240
    Info (332115): Slack              :    17.330 
    Info (332115): ===================================================================
    Info (332115): 
Info (332115): Report Timing: Found 1 removal paths (0 violated).  Worst case slack is 2.072
    Info (332115): -to_clock [get_clocks {iCLK}]
    Info (332115): -removal
    Info (332115): -stdout
Info (332115): Path #1: Removal slack is 2.072 
    Info (332115): ===================================================================
    Info (332115): From Node    : IFID_PipelineRegister:IFID_REG|register_NBit:REG_PC_Plus4|dffg:\G_Register_NBit:30:REGI|altshift_taps:s_Q_rtl_0|shift_taps_bkm:auto_generated|dffe4
    Info (332115): To Node      : IFID_PipelineRegister:IFID_REG|register_NBit:REG_PC_Plus4|dffg:\G_Register_NBit:30:REGI|altshift_taps:s_Q_rtl_0|shift_taps_bkm:auto_generated|altsyncram_k1b1:altsyncram2|ram_block5a0
    Info (332115): Launch Clock : iCLK
    Info (332115): Latch Clock  : iCLK
    Info (332115): 
    Info (332115): Data Arrival Path:
    Info (332115): 
    Info (332115): Total (ns)  Incr (ns)     Type  Element
    Info (332115): ==========  ========= ==  ====  ===================================
    Info (332115):      0.000      0.000           launch edge time
    Info (332115):      2.964      2.964  R        clock network delay
    Info (332115):      3.196      0.232     uTco  IFID_PipelineRegister:IFID_REG|register_NBit:REG_PC_Plus4|dffg:\G_Register_NBit:30:REGI|altshift_taps:s_Q_rtl_0|shift_taps_bkm:auto_generated|dffe4
    Info (332115):      3.196      0.000 FF  CELL  IFID_REG|REG_PC_Plus4|\G_Register_NBit:30:REGI|s_Q_rtl_0|auto_generated|dffe4|q
    Info (332115):      4.453      1.257 FF    IC  IFID_REG|REG_PC_Plus4|\G_Register_NBit:30:REGI|s_Q_rtl_0|auto_generated|altsyncram2|ram_block5a0|clr0
    Info (332115):      5.619      1.166 FR  CELL  IFID_PipelineRegister:IFID_REG|register_NBit:REG_PC_Plus4|dffg:\G_Register_NBit:30:REGI|altshift_taps:s_Q_rtl_0|shift_taps_bkm:auto_generated|altsyncram_k1b1:altsyncram2|ram_block5a0
    Info (332115): 
    Info (332115): Data Required Path:
    Info (332115): 
    Info (332115): Total (ns)  Incr (ns)     Type  Element
    Info (332115): ==========  ========= ==  ====  ===================================
    Info (332115):      0.000      0.000           latch edge time
    Info (332115):      3.393      3.393  R        clock network delay
    Info (332115):      3.361     -0.032           clock pessimism removed
    Info (332115):      3.361      0.000           clock uncertainty
    Info (332115):      3.547      0.186      uTh  IFID_PipelineRegister:IFID_REG|register_NBit:REG_PC_Plus4|dffg:\G_Register_NBit:30:REGI|altshift_taps:s_Q_rtl_0|shift_taps_bkm:auto_generated|altsyncram_k1b1:altsyncram2|ram_block5a0
    Info (332115): 
    Info (332115): Data Arrival Time  :     5.619
    Info (332115): Data Required Time :     3.547
    Info (332115): Slack              :     2.072 
    Info (332115): ===================================================================
    Info (332115): 
Info: Analyzing Slow 1200mV 0C Model
Info (334003): Started post-fitting delay annotation
Info (334004): Delay annotation completed successfully
Info (332146): Worst-case setup slack is 1.885
    Info (332119):     Slack       End Point TNS Clock 
    Info (332119): ========= =================== =====================
    Info (332119):     1.885               0.000 iCLK 
Info (332146): Worst-case hold slack is 0.392
    Info (332119):     Slack       End Point TNS Clock 
    Info (332119): ========= =================== =====================
    Info (332119):     0.392               0.000 iCLK 
Info (332146): Worst-case recovery slack is 17.544
    Info (332119):     Slack       End Point TNS Clock 
    Info (332119): ========= =================== =====================
    Info (332119):    17.544               0.000 iCLK 
Info (332146): Worst-case removal slack is 1.869
    Info (332119):     Slack       End Point TNS Clock 
    Info (332119): ========= =================== =====================
    Info (332119):     1.869               0.000 iCLK 
Info (332146): Worst-case minimum pulse width slack is 9.645
    Info (332119):     Slack       End Point TNS Clock 
    Info (332119): ========= =================== =====================
    Info (332119):     9.645               0.000 iCLK 
Info (332114): Report Metastability: Found 2 synchronizer chains.
    Info (332114): The design MTBF is not calculated because there are no specified synchronizers in the design.
    Info (332114): Number of Synchronizer Chains Found: 2
    Info (332114): Shortest Synchronizer Chain: 3 Registers
    Info (332114): Fraction of Chains for which MTBFs Could Not be Calculated: 1.000
    Info (332114): Worst Case Available Settling Time: 37.880 ns
    Info (332114): 
Info (332115): Report Timing: Found 1 setup paths (0 violated).  Worst case slack is 1.885
    Info (332115): -to_clock [get_clocks {iCLK}]
    Info (332115): -setup
    Info (332115): -stdout
Info (332115): Path #1: Setup slack is 1.885 
    Info (332115): ===================================================================
    Info (332115): From Node    : IDEX_PipelineRegister:IDEX_REG|register_NBit:REG_Ctrl|dffg:\G_Register_NBit:2:REGI|s_Q
    Info (332115): To Node      : sw_fetch_unit:F_UNIT_SW|register_NBit:PC_REG|dffg:\G_Register_NBit:2:REGI|s_Q
    Info (332115): Launch Clock : iCLK
    Info (332115): Latch Clock  : iCLK
    Info (332115): 
    Info (332115): Data Arrival Path:
    Info (332115): 
    Info (332115): Total (ns)  Incr (ns)     Type  Element
    Info (332115): ==========  ========= ==  ====  ===================================
    Info (332115):      0.000      0.000           launch edge time
    Info (332115):      2.769      2.769  R        clock network delay
    Info (332115):      2.982      0.213     uTco  IDEX_PipelineRegister:IDEX_REG|register_NBit:REG_Ctrl|dffg:\G_Register_NBit:2:REGI|s_Q
    Info (332115):      2.982      0.000 FF  CELL  IDEX_REG|REG_Ctrl|\G_Register_NBit:2:REGI|s_Q|q
    Info (332115):      3.404      0.422 FF    IC  B_SRC_MUX|\G_NBit_MUX:1:MUXI|last_or|o_F~0|dataa
    Info (332115):      3.786      0.382 FR  CELL  B_SRC_MUX|\G_NBit_MUX:1:MUXI|last_or|o_F~0|combout
    Info (332115):      4.224      0.438 RR    IC  ALU|ADDER_INST|ADDER|\G_NBit_ADDS:1:ADDERS|Cout_or|o_F~0|datab
    Info (332115):      4.575      0.351 RR  CELL  ALU|ADDER_INST|ADDER|\G_NBit_ADDS:1:ADDERS|Cout_or|o_F~0|combout
    Info (332115):      4.782      0.207 RR    IC  ALU|ADDER_INST|ADDER|\G_NBit_ADDS:2:ADDERS|Cout_or|o_F~0|datac
    Info (332115):      5.047      0.265 RR  CELL  ALU|ADDER_INST|ADDER|\G_NBit_ADDS:2:ADDERS|Cout_or|o_F~0|combout
    Info (332115):      5.257      0.210 RR    IC  ALU|ADDER_INST|ADDER|\G_NBit_ADDS:3:ADDERS|Cout_or|o_F~0|datad
    Info (332115):      5.401      0.144 RR  CELL  ALU|ADDER_INST|ADDER|\G_NBit_ADDS:3:ADDERS|Cout_or|o_F~0|combout
    Info (332115):      5.611      0.210 RR    IC  ALU|ADDER_INST|ADDER|\G_NBit_ADDS:4:ADDERS|Cout_or|o_F~0|datad
    Info (332115):      5.755      0.144 RR  CELL  ALU|ADDER_INST|ADDER|\G_NBit_ADDS:4:ADDERS|Cout_or|o_F~0|combout
    Info (332115):      5.965      0.210 RR    IC  ALU|ADDER_INST|ADDER|\G_NBit_ADDS:5:ADDERS|Cout_or|o_F~0|datad
    Info (332115):      6.109      0.144 RR  CELL  ALU|ADDER_INST|ADDER|\G_NBit_ADDS:5:ADDERS|Cout_or|o_F~0|combout
    Info (332115):      6.320      0.211 RR    IC  ALU|ADDER_INST|ADDER|\G_NBit_ADDS:6:ADDERS|Cout_or|o_F~0|datad
    Info (332115):      6.464      0.144 RR  CELL  ALU|ADDER_INST|ADDER|\G_NBit_ADDS:6:ADDERS|Cout_or|o_F~0|combout
    Info (332115):      6.675      0.211 RR    IC  ALU|ADDER_INST|ADDER|\G_NBit_ADDS:7:ADDERS|Cout_or|o_F~0|datad
    Info (332115):      6.819      0.144 RR  CELL  ALU|ADDER_INST|ADDER|\G_NBit_ADDS:7:ADDERS|Cout_or|o_F~0|combout
    Info (332115):      7.028      0.209 RR    IC  ALU|ADDER_INST|ADDER|\G_NBit_ADDS:8:ADDERS|Cout_or|o_F~0|datad
    Info (332115):      7.172      0.144 RR  CELL  ALU|ADDER_INST|ADDER|\G_NBit_ADDS:8:ADDERS|Cout_or|o_F~0|combout
    Info (332115):      7.380      0.208 RR    IC  ALU|ADDER_INST|ADDER|\G_NBit_ADDS:9:ADDERS|Cout_or|o_F~0|datac
    Info (332115):      7.645      0.265 RR  CELL  ALU|ADDER_INST|ADDER|\G_NBit_ADDS:9:ADDERS|Cout_or|o_F~0|combout
    Info (332115):      7.854      0.209 RR    IC  ALU|ADDER_INST|ADDER|\G_NBit_ADDS:10:ADDERS|Cout_or|o_F~0|datac
    Info (332115):      8.119      0.265 RR  CELL  ALU|ADDER_INST|ADDER|\G_NBit_ADDS:10:ADDERS|Cout_or|o_F~0|combout
    Info (332115):      8.327      0.208 RR    IC  ALU|ADDER_INST|ADDER|\G_NBit_ADDS:11:ADDERS|Cout_or|o_F~0|datac
    Info (332115):      8.592      0.265 RR  CELL  ALU|ADDER_INST|ADDER|\G_NBit_ADDS:11:ADDERS|Cout_or|o_F~0|combout
    Info (332115):      8.801      0.209 RR    IC  ALU|ADDER_INST|ADDER|\G_NBit_ADDS:12:ADDERS|Cout_or|o_F~0|datac
    Info (332115):      9.066      0.265 RR  CELL  ALU|ADDER_INST|ADDER|\G_NBit_ADDS:12:ADDERS|Cout_or|o_F~0|combout
    Info (332115):      9.276      0.210 RR    IC  ALU|ADDER_INST|ADDER|\G_NBit_ADDS:13:ADDERS|Cout_or|o_F~0|datad
    Info (332115):      9.420      0.144 RR  CELL  ALU|ADDER_INST|ADDER|\G_NBit_ADDS:13:ADDERS|Cout_or|o_F~0|combout
    Info (332115):      9.630      0.210 RR    IC  ALU|ADDER_INST|ADDER|\G_NBit_ADDS:14:ADDERS|Cout_or|o_F~0|datad
    Info (332115):      9.774      0.144 RR  CELL  ALU|ADDER_INST|ADDER|\G_NBit_ADDS:14:ADDERS|Cout_or|o_F~0|combout
    Info (332115):      9.984      0.210 RR    IC  ALU|ADDER_INST|ADDER|\G_NBit_ADDS:15:ADDERS|Cout_or|o_F~0|datad
    Info (332115):     10.128      0.144 RR  CELL  ALU|ADDER_INST|ADDER|\G_NBit_ADDS:15:ADDERS|Cout_or|o_F~0|combout
    Info (332115):     10.810      0.682 RR    IC  ALU|ADDER_INST|ADDER|\G_NBit_ADDS:16:ADDERS|Cout_or|o_F~0|datad
    Info (332115):     10.954      0.144 RR  CELL  ALU|ADDER_INST|ADDER|\G_NBit_ADDS:16:ADDERS|Cout_or|o_F~0|combout
    Info (332115):     11.164      0.210 RR    IC  ALU|ADDER_INST|ADDER|\G_NBit_ADDS:17:ADDERS|Cout_or|o_F~0|datad
    Info (332115):     11.308      0.144 RR  CELL  ALU|ADDER_INST|ADDER|\G_NBit_ADDS:17:ADDERS|Cout_or|o_F~0|combout
    Info (332115):     11.517      0.209 RR    IC  ALU|ADDER_INST|ADDER|\G_NBit_ADDS:18:ADDERS|Cout_or|o_F~0|datad
    Info (332115):     11.661      0.144 RR  CELL  ALU|ADDER_INST|ADDER|\G_NBit_ADDS:18:ADDERS|Cout_or|o_F~0|combout
    Info (332115):     11.870      0.209 RR    IC  ALU|ADDER_INST|ADDER|\G_NBit_ADDS:19:ADDERS|Cout_or|o_F~0|datad
    Info (332115):     12.014      0.144 RR  CELL  ALU|ADDER_INST|ADDER|\G_NBit_ADDS:19:ADDERS|Cout_or|o_F~0|combout
    Info (332115):     12.221      0.207 RR    IC  ALU|ADDER_INST|ADDER|\G_NBit_ADDS:20:ADDERS|Cout_or|o_F~0|datac
    Info (332115):     12.486      0.265 RR  CELL  ALU|ADDER_INST|ADDER|\G_NBit_ADDS:20:ADDERS|Cout_or|o_F~0|combout
    Info (332115):     12.696      0.210 RR    IC  ALU|ADDER_INST|ADDER|\G_NBit_ADDS:21:ADDERS|Cout_or|o_F~0|datad
    Info (332115):     12.840      0.144 RR  CELL  ALU|ADDER_INST|ADDER|\G_NBit_ADDS:21:ADDERS|Cout_or|o_F~0|combout
    Info (332115):     13.047      0.207 RR    IC  ALU|ADDER_INST|ADDER|\G_NBit_ADDS:22:ADDERS|Cout_or|o_F~0|datac
    Info (332115):     13.312      0.265 RR  CELL  ALU|ADDER_INST|ADDER|\G_NBit_ADDS:22:ADDERS|Cout_or|o_F~0|combout
    Info (332115):     13.521      0.209 RR    IC  ALU|ADDER_INST|ADDER|\G_NBit_ADDS:23:ADDERS|Cout_or|o_F~0|datad
    Info (332115):     13.665      0.144 RR  CELL  ALU|ADDER_INST|ADDER|\G_NBit_ADDS:23:ADDERS|Cout_or|o_F~0|combout
    Info (332115):     13.876      0.211 RR    IC  ALU|ADDER_INST|ADDER|\G_NBit_ADDS:24:ADDERS|Cout_or|o_F~0|datad
    Info (332115):     14.020      0.144 RR  CELL  ALU|ADDER_INST|ADDER|\G_NBit_ADDS:24:ADDERS|Cout_or|o_F~0|combout
    Info (332115):     14.228      0.208 RR    IC  ALU|ADDER_INST|ADDER|\G_NBit_ADDS:25:ADDERS|Cout_or|o_F~0|datad
    Info (332115):     14.372      0.144 RR  CELL  ALU|ADDER_INST|ADDER|\G_NBit_ADDS:25:ADDERS|Cout_or|o_F~0|combout
    Info (332115):     14.578      0.206 RR    IC  ALU|ADDER_INST|ADDER|\G_NBit_ADDS:26:ADDERS|Cout_or|o_F~0|datac
    Info (332115):     14.843      0.265 RR  CELL  ALU|ADDER_INST|ADDER|\G_NBit_ADDS:26:ADDERS|Cout_or|o_F~0|combout
    Info (332115):     15.054      0.211 RR    IC  ALU|ADDER_INST|ADDER|\G_NBit_ADDS:27:ADDERS|Cout_or|o_F~0|datad
    Info (332115):     15.198      0.144 RR  CELL  ALU|ADDER_INST|ADDER|\G_NBit_ADDS:27:ADDERS|Cout_or|o_F~0|combout
    Info (332115):     15.406      0.208 RR    IC  ALU|ADDER_INST|ADDER|\G_NBit_ADDS:28:ADDERS|Cout_or|o_F~0|datad
    Info (332115):     15.550      0.144 RR  CELL  ALU|ADDER_INST|ADDER|\G_NBit_ADDS:28:ADDERS|Cout_or|o_F~0|combout
    Info (332115):     15.762      0.212 RR    IC  ALU|ADDER_INST|ADDER|\G_NBit_ADDS:29:ADDERS|Cout_or|o_F~0|datad
    Info (332115):     15.906      0.144 RR  CELL  ALU|ADDER_INST|ADDER|\G_NBit_ADDS:29:ADDERS|Cout_or|o_F~0|combout
    Info (332115):     16.507      0.601 RR    IC  ALU|Mux1~4|datac
    Info (332115):     16.772      0.265 RR  CELL  ALU|Mux1~4|combout
    Info (332115):     16.962      0.190 RR    IC  ALU|Mux1~5|datad
    Info (332115):     17.106      0.144 RR  CELL  ALU|Mux1~5|combout
    Info (332115):     17.294      0.188 RR    IC  ALU|Mux1~6|datad
    Info (332115):     17.438      0.144 RR  CELL  ALU|Mux1~6|combout
    Info (332115):     17.626      0.188 RR    IC  ALU|Mux1~7|datad
    Info (332115):     17.770      0.144 RR  CELL  ALU|Mux1~7|combout
    Info (332115):     17.958      0.188 RR    IC  ALU|Mux1~8|datad
    Info (332115):     18.102      0.144 RR  CELL  ALU|Mux1~8|combout
    Info (332115):     18.291      0.189 RR    IC  ALU|Mux1~9|datad
    Info (332115):     18.435      0.144 RR  CELL  ALU|Mux1~9|combout
    Info (332115):     18.809      0.374 RR    IC  BRANCH_COND|Mux0~3|datac
    Info (332115):     19.074      0.265 RR  CELL  BRANCH_COND|Mux0~3|combout
    Info (332115):     19.262      0.188 RR    IC  BRANCH_COND|Mux0~4|datad
    Info (332115):     19.406      0.144 RR  CELL  BRANCH_COND|Mux0~4|combout
    Info (332115):     19.602      0.196 RR    IC  s_redirect~3|datad
    Info (332115):     19.746      0.144 RR  CELL  s_redirect~3|combout
    Info (332115):     20.538      0.792 RR    IC  F_UNIT_SW|PC_REG|\G_Register_NBit:2:REGI|s_Q|sload
    Info (332115):     21.190      0.652 RF  CELL  sw_fetch_unit:F_UNIT_SW|register_NBit:PC_REG|dffg:\G_Register_NBit:2:REGI|s_Q
    Info (332115): 
    Info (332115): Data Required Path:
    Info (332115): 
    Info (332115): Total (ns)  Incr (ns)     Type  Element
    Info (332115): ==========  ========= ==  ====  ===================================
    Info (332115):     20.000     20.000           latch edge time
    Info (332115):     23.048      3.048  R        clock network delay
    Info (332115):     23.076      0.028           clock pessimism removed
    Info (332115):     23.056     -0.020           clock uncertainty
    Info (332115):     23.075      0.019     uTsu  sw_fetch_unit:F_UNIT_SW|register_NBit:PC_REG|dffg:\G_Register_NBit:2:REGI|s_Q
    Info (332115): 
    Info (332115): Data Arrival Time  :    21.190
    Info (332115): Data Required Time :    23.075
    Info (332115): Slack              :     1.885 
    Info (332115): ===================================================================
    Info (332115): 
Info (332115): Report Timing: Found 1 hold paths (0 violated).  Worst case slack is 0.392
    Info (332115): -to_clock [get_clocks {iCLK}]
    Info (332115): -hold
    Info (332115): -stdout
Info (332115): Path #1: Hold slack is 0.392 
    Info (332115): ===================================================================
    Info (332115): From Node    : IFID_PipelineRegister:IFID_REG|register_NBit:REG_PC_Plus4|dffg:\G_Register_NBit:30:REGI|altshift_taps:s_Q_rtl_0|shift_taps_bkm:auto_generated|cntr_4pf:cntr1|counter_reg_bit[0]
    Info (332115): To Node      : IFID_PipelineRegister:IFID_REG|register_NBit:REG_PC_Plus4|dffg:\G_Register_NBit:30:REGI|altshift_taps:s_Q_rtl_0|shift_taps_bkm:auto_generated|altsyncram_k1b1:altsyncram2|ram_block5a0~porta_address_reg0
    Info (332115): Launch Clock : iCLK
    Info (332115): Latch Clock  : iCLK
    Info (332115): 
    Info (332115): Data Arrival Path:
    Info (332115): 
    Info (332115): Total (ns)  Incr (ns)     Type  Element
    Info (332115): ==========  ========= ==  ====  ===================================
    Info (332115):      0.000      0.000           launch edge time
    Info (332115):      2.678      2.678  R        clock network delay
    Info (332115):      2.891      0.213     uTco  IFID_PipelineRegister:IFID_REG|register_NBit:REG_PC_Plus4|dffg:\G_Register_NBit:30:REGI|altshift_taps:s_Q_rtl_0|shift_taps_bkm:auto_generated|cntr_4pf:cntr1|counter_reg_bit[0]
    Info (332115):      2.891      0.000 RR  CELL  IFID_REG|REG_PC_Plus4|\G_Register_NBit:30:REGI|s_Q_rtl_0|auto_generated|cntr1|counter_reg_bit[0]|q
    Info (332115):      3.606      0.715 RR    IC  IFID_REG|REG_PC_Plus4|\G_Register_NBit:30:REGI|s_Q_rtl_0|auto_generated|altsyncram2|ram_block5a0|portaaddr[0]
    Info (332115):      3.673      0.067 RR  CELL  IFID_PipelineRegister:IFID_REG|register_NBit:REG_PC_Plus4|dffg:\G_Register_NBit:30:REGI|altshift_taps:s_Q_rtl_0|shift_taps_bkm:auto_generated|altsyncram_k1b1:altsyncram2|ram_block5a0~porta_address_reg0
    Info (332115): 
    Info (332115): Data Required Path:
    Info (332115): 
    Info (332115): Total (ns)  Incr (ns)     Type  Element
    Info (332115): ==========  ========= ==  ====  ===================================
    Info (332115):      0.000      0.000           latch edge time
    Info (332115):      3.108      3.108  R        clock network delay
    Info (332115):      3.080     -0.028           clock pessimism removed
    Info (332115):      3.080      0.000           clock uncertainty
    Info (332115):      3.281      0.201      uTh  IFID_PipelineRegister:IFID_REG|register_NBit:REG_PC_Plus4|dffg:\G_Register_NBit:30:REGI|altshift_taps:s_Q_rtl_0|shift_taps_bkm:auto_generated|altsyncram_k1b1:altsyncram2|ram_block5a0~porta_address_reg0
    Info (332115): 
    Info (332115): Data Arrival Time  :     3.673
    Info (332115): Data Required Time :     3.281
    Info (332115): Slack              :     0.392 
    Info (332115): ===================================================================
    Info (332115): 
Info (332115): Report Timing: Found 1 recovery paths (0 violated).  Worst case slack is 17.544
    Info (332115): -to_clock [get_clocks {iCLK}]
    Info (332115): -recovery
    Info (332115): -stdout
Info (332115): Path #1: Recovery slack is 17.544 
    Info (332115): ===================================================================
    Info (332115): From Node    : IFID_PipelineRegister:IFID_REG|register_NBit:REG_PC_Plus4|dffg:\G_Register_NBit:30:REGI|altshift_taps:s_Q_rtl_0|shift_taps_bkm:auto_generated|dffe4
    Info (332115): To Node      : IFID_PipelineRegister:IFID_REG|register_NBit:REG_PC_Plus4|dffg:\G_Register_NBit:30:REGI|altshift_taps:s_Q_rtl_0|shift_taps_bkm:auto_generated|altsyncram_k1b1:altsyncram2|ram_block5a0
    Info (332115): Launch Clock : iCLK
    Info (332115): Latch Clock  : iCLK
    Info (332115): 
    Info (332115): Data Arrival Path:
    Info (332115): 
    Info (332115): Total (ns)  Incr (ns)     Type  Element
    Info (332115): ==========  ========= ==  ====  ===================================
    Info (332115):      0.000      0.000           launch edge time
    Info (332115):      2.791      2.791  R        clock network delay
    Info (332115):      3.004      0.213     uTco  IFID_PipelineRegister:IFID_REG|register_NBit:REG_PC_Plus4|dffg:\G_Register_NBit:30:REGI|altshift_taps:s_Q_rtl_0|shift_taps_bkm:auto_generated|dffe4
    Info (332115):      3.004      0.000 RR  CELL  IFID_REG|REG_PC_Plus4|\G_Register_NBit:30:REGI|s_Q_rtl_0|auto_generated|dffe4|q
    Info (332115):      4.240      1.236 RR    IC  IFID_REG|REG_PC_Plus4|\G_Register_NBit:30:REGI|s_Q_rtl_0|auto_generated|altsyncram2|ram_block5a0|clr0
    Info (332115):      5.388      1.148 RF  CELL  IFID_PipelineRegister:IFID_REG|register_NBit:REG_PC_Plus4|dffg:\G_Register_NBit:30:REGI|altshift_taps:s_Q_rtl_0|shift_taps_bkm:auto_generated|altsyncram_k1b1:altsyncram2|ram_block5a0
    Info (332115): 
    Info (332115): Data Required Path:
    Info (332115): 
    Info (332115): Total (ns)  Incr (ns)     Type  Element
    Info (332115): ==========  ========= ==  ====  ===================================
    Info (332115):     20.000     20.000           latch edge time
    Info (332115):     22.973      2.973  R        clock network delay
    Info (332115):     23.001      0.028           clock pessimism removed
    Info (332115):     22.981     -0.020           clock uncertainty
    Info (332115):     22.932     -0.049     uTsu  IFID_PipelineRegister:IFID_REG|register_NBit:REG_PC_Plus4|dffg:\G_Register_NBit:30:REGI|altshift_taps:s_Q_rtl_0|shift_taps_bkm:auto_generated|altsyncram_k1b1:altsyncram2|ram_block5a0
    Info (332115): 
    Info (332115): Data Arrival Time  :     5.388
    Info (332115): Data Required Time :    22.932
    Info (332115): Slack              :    17.544 
    Info (332115): ===================================================================
    Info (332115): 
Info (332115): Report Timing: Found 1 removal paths (0 violated).  Worst case slack is 1.869
    Info (332115): -to_clock [get_clocks {iCLK}]
    Info (332115): -removal
    Info (332115): -stdout
Info (332115): Path #1: Removal slack is 1.869 
    Info (332115): ===================================================================
    Info (332115): From Node    : IFID_PipelineRegister:IFID_REG|register_NBit:REG_PC_Plus4|dffg:\G_Register_NBit:30:REGI|altshift_taps:s_Q_rtl_0|shift_taps_bkm:auto_generated|dffe4
    Info (332115): To Node      : IFID_PipelineRegister:IFID_REG|register_NBit:REG_PC_Plus4|dffg:\G_Register_NBit:30:REGI|altshift_taps:s_Q_rtl_0|shift_taps_bkm:auto_generated|altsyncram_k1b1:altsyncram2|ram_block5a0
    Info (332115): Launch Clock : iCLK
    Info (332115): Latch Clock  : iCLK
    Info (332115): 
    Info (332115): Data Arrival Path:
    Info (332115): 
    Info (332115): Total (ns)  Incr (ns)     Type  Element
    Info (332115): ==========  ========= ==  ====  ===================================
    Info (332115):      0.000      0.000           launch edge time
    Info (332115):      2.691      2.691  R        clock network delay
    Info (332115):      2.904      0.213     uTco  IFID_PipelineRegister:IFID_REG|register_NBit:REG_PC_Plus4|dffg:\G_Register_NBit:30:REGI|altshift_taps:s_Q_rtl_0|shift_taps_bkm:auto_generated|dffe4
    Info (332115):      2.904      0.000 FF  CELL  IFID_REG|REG_PC_Plus4|\G_Register_NBit:30:REGI|s_Q_rtl_0|auto_generated|dffe4|q
    Info (332115):      4.034      1.130 FF    IC  IFID_REG|REG_PC_Plus4|\G_Register_NBit:30:REGI|s_Q_rtl_0|auto_generated|altsyncram2|ram_block5a0|clr0
    Info (332115):      5.083      1.049 FR  CELL  IFID_PipelineRegister:IFID_REG|register_NBit:REG_PC_Plus4|dffg:\G_Register_NBit:30:REGI|altshift_taps:s_Q_rtl_0|shift_taps_bkm:auto_generated|altsyncram_k1b1:altsyncram2|ram_block5a0
    Info (332115): 
    Info (332115): Data Required Path:
    Info (332115): 
    Info (332115): Total (ns)  Incr (ns)     Type  Element
    Info (332115): ==========  ========= ==  ====  ===================================
    Info (332115):      0.000      0.000           latch edge time
    Info (332115):      3.074      3.074  R        clock network delay
    Info (332115):      3.046     -0.028           clock pessimism removed
    Info (332115):      3.046      0.000           clock uncertainty
    Info (332115):      3.214      0.168      uTh  IFID_PipelineRegister:IFID_REG|register_NBit:REG_PC_Plus4|dffg:\G_Register_NBit:30:REGI|altshift_taps:s_Q_rtl_0|shift_taps_bkm:auto_generated|altsyncram_k1b1:altsyncram2|ram_block5a0
    Info (332115): 
    Info (332115): Data Arrival Time  :     5.083
    Info (332115): Data Required Time :     3.214
    Info (332115): Slack              :     1.869 
    Info (332115): ===================================================================
    Info (332115): 
Info: Analyzing Fast 1200mV 0C Model
Info (332146): Worst-case setup slack is 10.480
    Info (332119):     Slack       End Point TNS Clock 
    Info (332119): ========= =================== =====================
    Info (332119):    10.480               0.000 iCLK 
Info (332146): Worst-case hold slack is 0.159
    Info (332119):     Slack       End Point TNS Clock 
    Info (332119): ========= =================== =====================
    Info (332119):     0.159               0.000 iCLK 
Info (332146): Worst-case recovery slack is 18.627
    Info (332119):     Slack       End Point TNS Clock 
    Info (332119): ========= =================== =====================
    Info (332119):    18.627               0.000 iCLK 
Info (332146): Worst-case removal slack is 1.014
    Info (332119):     Slack       End Point TNS Clock 
    Info (332119): ========= =================== =====================
    Info (332119):     1.014               0.000 iCLK 
Info (332146): Worst-case minimum pulse width slack is 9.371
    Info (332119):     Slack       End Point TNS Clock 
    Info (332119): ========= =================== =====================
    Info (332119):     9.371               0.000 iCLK 
Info (332114): Report Metastability: Found 2 synchronizer chains.
    Info (332114): The design MTBF is not calculated because there are no specified synchronizers in the design.
    Info (332114): Number of Synchronizer Chains Found: 2
    Info (332114): Shortest Synchronizer Chain: 3 Registers
    Info (332114): Fraction of Chains for which MTBFs Could Not be Calculated: 1.000
    Info (332114): Worst Case Available Settling Time: 48.203 ns
    Info (332114): 
Info (332115): Report Timing: Found 1 setup paths (0 violated).  Worst case slack is 10.480
    Info (332115): -to_clock [get_clocks {iCLK}]
    Info (332115): -setup
    Info (332115): -stdout
Info (332115): Path #1: Setup slack is 10.480 
    Info (332115): ===================================================================
    Info (332115): From Node    : IDEX_PipelineRegister:IDEX_REG|register_NBit:REG_rs2|dffg:\G_Register_NBit:1:REGI|s_Q
    Info (332115): To Node      : sw_fetch_unit:F_UNIT_SW|register_NBit:PC_REG|dffg:\G_Register_NBit:2:REGI|s_Q
    Info (332115): Launch Clock : iCLK
    Info (332115): Latch Clock  : iCLK
    Info (332115): 
    Info (332115): Data Arrival Path:
    Info (332115): 
    Info (332115): Total (ns)  Incr (ns)     Type  Element
    Info (332115): ==========  ========= ==  ====  ===================================
    Info (332115):      0.000      0.000           launch edge time
    Info (332115):      1.616      1.616  R        clock network delay
    Info (332115):      1.721      0.105     uTco  IDEX_PipelineRegister:IDEX_REG|register_NBit:REG_rs2|dffg:\G_Register_NBit:1:REGI|s_Q
    Info (332115):      1.721      0.000 FF  CELL  IDEX_REG|REG_rs2|\G_Register_NBit:1:REGI|s_Q|q
    Info (332115):      1.920      0.199 FF    IC  B_SRC_MUX|\G_NBit_MUX:1:MUXI|last_or|o_F~0|datab
    Info (332115):      2.112      0.192 FF  CELL  B_SRC_MUX|\G_NBit_MUX:1:MUXI|last_or|o_F~0|combout
    Info (332115):      2.351      0.239 FF    IC  ALU|ADDER_INST|ADDER|\G_NBit_ADDS:1:ADDERS|Cout_or|o_F~0|datab
    Info (332115):      2.544      0.193 FF  CELL  ALU|ADDER_INST|ADDER|\G_NBit_ADDS:1:ADDERS|Cout_or|o_F~0|combout
    Info (332115):      2.666      0.122 FF    IC  ALU|ADDER_INST|ADDER|\G_NBit_ADDS:2:ADDERS|Cout_or|o_F~0|datac
    Info (332115):      2.799      0.133 FF  CELL  ALU|ADDER_INST|ADDER|\G_NBit_ADDS:2:ADDERS|Cout_or|o_F~0|combout
    Info (332115):      2.919      0.120 FF    IC  ALU|ADDER_INST|ADDER|\G_NBit_ADDS:3:ADDERS|Cout_or|o_F~0|datad
    Info (332115):      2.982      0.063 FF  CELL  ALU|ADDER_INST|ADDER|\G_NBit_ADDS:3:ADDERS|Cout_or|o_F~0|combout
    Info (332115):      3.103      0.121 FF    IC  ALU|ADDER_INST|ADDER|\G_NBit_ADDS:4:ADDERS|Cout_or|o_F~0|datad
    Info (332115):      3.166      0.063 FF  CELL  ALU|ADDER_INST|ADDER|\G_NBit_ADDS:4:ADDERS|Cout_or|o_F~0|combout
    Info (332115):      3.286      0.120 FF    IC  ALU|ADDER_INST|ADDER|\G_NBit_ADDS:5:ADDERS|Cout_or|o_F~0|datad
    Info (332115):      3.349      0.063 FF  CELL  ALU|ADDER_INST|ADDER|\G_NBit_ADDS:5:ADDERS|Cout_or|o_F~0|combout
    Info (332115):      3.470      0.121 FF    IC  ALU|ADDER_INST|ADDER|\G_NBit_ADDS:6:ADDERS|Cout_or|o_F~0|datad
    Info (332115):      3.533      0.063 FF  CELL  ALU|ADDER_INST|ADDER|\G_NBit_ADDS:6:ADDERS|Cout_or|o_F~0|combout
    Info (332115):      3.655      0.122 FF    IC  ALU|ADDER_INST|ADDER|\G_NBit_ADDS:7:ADDERS|Cout_or|o_F~0|datad
    Info (332115):      3.718      0.063 FF  CELL  ALU|ADDER_INST|ADDER|\G_NBit_ADDS:7:ADDERS|Cout_or|o_F~0|combout
    Info (332115):      3.837      0.119 FF    IC  ALU|ADDER_INST|ADDER|\G_NBit_ADDS:8:ADDERS|Cout_or|o_F~0|datad
    Info (332115):      3.900      0.063 FF  CELL  ALU|ADDER_INST|ADDER|\G_NBit_ADDS:8:ADDERS|Cout_or|o_F~0|combout
    Info (332115):      4.025      0.125 FF    IC  ALU|ADDER_INST|ADDER|\G_NBit_ADDS:9:ADDERS|Cout_or|o_F~0|datac
    Info (332115):      4.158      0.133 FF  CELL  ALU|ADDER_INST|ADDER|\G_NBit_ADDS:9:ADDERS|Cout_or|o_F~0|combout
    Info (332115):      4.284      0.126 FF    IC  ALU|ADDER_INST|ADDER|\G_NBit_ADDS:10:ADDERS|Cout_or|o_F~0|datac
    Info (332115):      4.417      0.133 FF  CELL  ALU|ADDER_INST|ADDER|\G_NBit_ADDS:10:ADDERS|Cout_or|o_F~0|combout
    Info (332115):      4.542      0.125 FF    IC  ALU|ADDER_INST|ADDER|\G_NBit_ADDS:11:ADDERS|Cout_or|o_F~0|datac
    Info (332115):      4.675      0.133 FF  CELL  ALU|ADDER_INST|ADDER|\G_NBit_ADDS:11:ADDERS|Cout_or|o_F~0|combout
    Info (332115):      4.801      0.126 FF    IC  ALU|ADDER_INST|ADDER|\G_NBit_ADDS:12:ADDERS|Cout_or|o_F~0|datac
    Info (332115):      4.934      0.133 FF  CELL  ALU|ADDER_INST|ADDER|\G_NBit_ADDS:12:ADDERS|Cout_or|o_F~0|combout
    Info (332115):      5.055      0.121 FF    IC  ALU|ADDER_INST|ADDER|\G_NBit_ADDS:13:ADDERS|Cout_or|o_F~0|datad
    Info (332115):      5.118      0.063 FF  CELL  ALU|ADDER_INST|ADDER|\G_NBit_ADDS:13:ADDERS|Cout_or|o_F~0|combout
    Info (332115):      5.238      0.120 FF    IC  ALU|ADDER_INST|ADDER|\G_NBit_ADDS:14:ADDERS|Cout_or|o_F~0|datad
    Info (332115):      5.301      0.063 FF  CELL  ALU|ADDER_INST|ADDER|\G_NBit_ADDS:14:ADDERS|Cout_or|o_F~0|combout
    Info (332115):      5.421      0.120 FF    IC  ALU|ADDER_INST|ADDER|\G_NBit_ADDS:15:ADDERS|Cout_or|o_F~0|datad
    Info (332115):      5.484      0.063 FF  CELL  ALU|ADDER_INST|ADDER|\G_NBit_ADDS:15:ADDERS|Cout_or|o_F~0|combout
    Info (332115):      5.864      0.380 FF    IC  ALU|ADDER_INST|ADDER|\G_NBit_ADDS:16:ADDERS|Cout_or|o_F~0|datad
    Info (332115):      5.927      0.063 FF  CELL  ALU|ADDER_INST|ADDER|\G_NBit_ADDS:16:ADDERS|Cout_or|o_F~0|combout
    Info (332115):      6.048      0.121 FF    IC  ALU|ADDER_INST|ADDER|\G_NBit_ADDS:17:ADDERS|Cout_or|o_F~0|datad
    Info (332115):      6.111      0.063 FF  CELL  ALU|ADDER_INST|ADDER|\G_NBit_ADDS:17:ADDERS|Cout_or|o_F~0|combout
    Info (332115):      6.230      0.119 FF    IC  ALU|ADDER_INST|ADDER|\G_NBit_ADDS:18:ADDERS|Cout_or|o_F~0|datad
    Info (332115):      6.293      0.063 FF  CELL  ALU|ADDER_INST|ADDER|\G_NBit_ADDS:18:ADDERS|Cout_or|o_F~0|combout
    Info (332115):      6.412      0.119 FF    IC  ALU|ADDER_INST|ADDER|\G_NBit_ADDS:19:ADDERS|Cout_or|o_F~0|datad
    Info (332115):      6.475      0.063 FF  CELL  ALU|ADDER_INST|ADDER|\G_NBit_ADDS:19:ADDERS|Cout_or|o_F~0|combout
    Info (332115):      6.597      0.122 FF    IC  ALU|ADDER_INST|ADDER|\G_NBit_ADDS:20:ADDERS|Cout_or|o_F~0|datac
    Info (332115):      6.730      0.133 FF  CELL  ALU|ADDER_INST|ADDER|\G_NBit_ADDS:20:ADDERS|Cout_or|o_F~0|combout
    Info (332115):      6.850      0.120 FF    IC  ALU|ADDER_INST|ADDER|\G_NBit_ADDS:21:ADDERS|Cout_or|o_F~0|datad
    Info (332115):      6.913      0.063 FF  CELL  ALU|ADDER_INST|ADDER|\G_NBit_ADDS:21:ADDERS|Cout_or|o_F~0|combout
    Info (332115):      7.038      0.125 FF    IC  ALU|ADDER_INST|ADDER|\G_NBit_ADDS:22:ADDERS|Cout_or|o_F~0|datac
    Info (332115):      7.171      0.133 FF  CELL  ALU|ADDER_INST|ADDER|\G_NBit_ADDS:22:ADDERS|Cout_or|o_F~0|combout
    Info (332115):      7.290      0.119 FF    IC  ALU|ADDER_INST|ADDER|\G_NBit_ADDS:23:ADDERS|Cout_or|o_F~0|datad
    Info (332115):      7.353      0.063 FF  CELL  ALU|ADDER_INST|ADDER|\G_NBit_ADDS:23:ADDERS|Cout_or|o_F~0|combout
    Info (332115):      7.475      0.122 FF    IC  ALU|ADDER_INST|ADDER|\G_NBit_ADDS:24:ADDERS|Cout_or|o_F~0|datad
    Info (332115):      7.538      0.063 FF  CELL  ALU|ADDER_INST|ADDER|\G_NBit_ADDS:24:ADDERS|Cout_or|o_F~0|combout
    Info (332115):      7.657      0.119 FF    IC  ALU|ADDER_INST|ADDER|\G_NBit_ADDS:25:ADDERS|Cout_or|o_F~0|datad
    Info (332115):      7.720      0.063 FF  CELL  ALU|ADDER_INST|ADDER|\G_NBit_ADDS:25:ADDERS|Cout_or|o_F~0|combout
    Info (332115):      7.841      0.121 FF    IC  ALU|ADDER_INST|ADDER|\G_NBit_ADDS:26:ADDERS|Cout_or|o_F~0|datac
    Info (332115):      7.974      0.133 FF  CELL  ALU|ADDER_INST|ADDER|\G_NBit_ADDS:26:ADDERS|Cout_or|o_F~0|combout
    Info (332115):      8.095      0.121 FF    IC  ALU|ADDER_INST|ADDER|\G_NBit_ADDS:27:ADDERS|Cout_or|o_F~0|datad
    Info (332115):      8.158      0.063 FF  CELL  ALU|ADDER_INST|ADDER|\G_NBit_ADDS:27:ADDERS|Cout_or|o_F~0|combout
    Info (332115):      8.276      0.118 FF    IC  ALU|ADDER_INST|ADDER|\G_NBit_ADDS:28:ADDERS|Cout_or|o_F~0|datad
    Info (332115):      8.339      0.063 FF  CELL  ALU|ADDER_INST|ADDER|\G_NBit_ADDS:28:ADDERS|Cout_or|o_F~0|combout
    Info (332115):      8.462      0.123 FF    IC  ALU|ADDER_INST|ADDER|\G_NBit_ADDS:29:ADDERS|Cout_or|o_F~0|datad
    Info (332115):      8.525      0.063 FF  CELL  ALU|ADDER_INST|ADDER|\G_NBit_ADDS:29:ADDERS|Cout_or|o_F~0|combout
    Info (332115):      8.846      0.321 FF    IC  ALU|Mux1~4|datac
    Info (332115):      8.979      0.133 FF  CELL  ALU|Mux1~4|combout
    Info (332115):      9.090      0.111 FF    IC  ALU|Mux1~5|datad
    Info (332115):      9.153      0.063 FF  CELL  ALU|Mux1~5|combout
    Info (332115):      9.262      0.109 FF    IC  ALU|Mux1~6|datad
    Info (332115):      9.325      0.063 FF  CELL  ALU|Mux1~6|combout
    Info (332115):      9.432      0.107 FF    IC  ALU|Mux1~7|datad
    Info (332115):      9.495      0.063 FF  CELL  ALU|Mux1~7|combout
    Info (332115):      9.602      0.107 FF    IC  ALU|Mux1~8|datad
    Info (332115):      9.665      0.063 FF  CELL  ALU|Mux1~8|combout
    Info (332115):      9.774      0.109 FF    IC  ALU|Mux1~9|datad
    Info (332115):      9.837      0.063 FF  CELL  ALU|Mux1~9|combout
    Info (332115):     10.037      0.200 FF    IC  BRANCH_COND|Mux0~3|datac
    Info (332115):     10.170      0.133 FF  CELL  BRANCH_COND|Mux0~3|combout
    Info (332115):     10.277      0.107 FF    IC  BRANCH_COND|Mux0~4|datad
    Info (332115):     10.340      0.063 FF  CELL  BRANCH_COND|Mux0~4|combout
    Info (332115):     10.455      0.115 FF    IC  s_redirect~3|datad
    Info (332115):     10.518      0.063 FF  CELL  s_redirect~3|combout
    Info (332115):     10.982      0.464 FF    IC  F_UNIT_SW|PC_REG|\G_Register_NBit:2:REGI|s_Q|sload
    Info (332115):     11.293      0.311 FR  CELL  sw_fetch_unit:F_UNIT_SW|register_NBit:PC_REG|dffg:\G_Register_NBit:2:REGI|s_Q
    Info (332115): 
    Info (332115): Data Required Path:
    Info (332115): 
    Info (332115): Total (ns)  Incr (ns)     Type  Element
    Info (332115): ==========  ========= ==  ====  ===================================
    Info (332115):     20.000     20.000           latch edge time
    Info (332115):     21.766      1.766  R        clock network delay
    Info (332115):     21.786      0.020           clock pessimism removed
    Info (332115):     21.766     -0.020           clock uncertainty
    Info (332115):     21.773      0.007     uTsu  sw_fetch_unit:F_UNIT_SW|register_NBit:PC_REG|dffg:\G_Register_NBit:2:REGI|s_Q
    Info (332115): 
    Info (332115): Data Arrival Time  :    11.293
    Info (332115): Data Required Time :    21.773
    Info (332115): Slack              :    10.480 
    Info (332115): ===================================================================
    Info (332115): 
Info (332115): Report Timing: Found 1 hold paths (0 violated).  Worst case slack is 0.159
    Info (332115): -to_clock [get_clocks {iCLK}]
    Info (332115): -hold
    Info (332115): -stdout
Info (332115): Path #1: Hold slack is 0.159 
    Info (332115): ===================================================================
    Info (332115): From Node    : IFID_PipelineRegister:IFID_REG|register_NBit:REG_PC_Plus4|dffg:\G_Register_NBit:30:REGI|altshift_taps:s_Q_rtl_0|shift_taps_bkm:auto_generated|cntr_4pf:cntr1|counter_reg_bit[0]
    Info (332115): To Node      : IFID_PipelineRegister:IFID_REG|register_NBit:REG_PC_Plus4|dffg:\G_Register_NBit:30:REGI|altshift_taps:s_Q_rtl_0|shift_taps_bkm:auto_generated|altsyncram_k1b1:altsyncram2|ram_block5a0~portb_address_reg0
    Info (332115): Launch Clock : iCLK
    Info (332115): Latch Clock  : iCLK
    Info (332115): 
    Info (332115): Data Arrival Path:
    Info (332115): 
    Info (332115): Total (ns)  Incr (ns)     Type  Element
    Info (332115): ==========  ========= ==  ====  ===================================
    Info (332115):      0.000      0.000           launch edge time
    Info (332115):      1.564      1.564  R        clock network delay
    Info (332115):      1.669      0.105     uTco  IFID_PipelineRegister:IFID_REG|register_NBit:REG_PC_Plus4|dffg:\G_Register_NBit:30:REGI|altshift_taps:s_Q_rtl_0|shift_taps_bkm:auto_generated|cntr_4pf:cntr1|counter_reg_bit[0]
    Info (332115):      1.669      0.000 RR  CELL  IFID_REG|REG_PC_Plus4|\G_Register_NBit:30:REGI|s_Q_rtl_0|auto_generated|cntr1|counter_reg_bit[0]|q
    Info (332115):      2.026      0.357 RR    IC  IFID_REG|REG_PC_Plus4|\G_Register_NBit:30:REGI|s_Q_rtl_0|auto_generated|altsyncram2|ram_block5a0|portbaddr[0]
    Info (332115):      2.064      0.038 RR  CELL  IFID_PipelineRegister:IFID_REG|register_NBit:REG_PC_Plus4|dffg:\G_Register_NBit:30:REGI|altshift_taps:s_Q_rtl_0|shift_taps_bkm:auto_generated|altsyncram_k1b1:altsyncram2|ram_block5a0~portb_address_reg0
    Info (332115): 
    Info (332115): Data Required Path:
    Info (332115): 
    Info (332115): Total (ns)  Incr (ns)     Type  Element
    Info (332115): ==========  ========= ==  ====  ===================================
    Info (332115):      0.000      0.000           latch edge time
    Info (332115):      1.821      1.821  R        clock network delay
    Info (332115):      1.801     -0.020           clock pessimism removed
    Info (332115):      1.801      0.000           clock uncertainty
    Info (332115):      1.905      0.104      uTh  IFID_PipelineRegister:IFID_REG|register_NBit:REG_PC_Plus4|dffg:\G_Register_NBit:30:REGI|altshift_taps:s_Q_rtl_0|shift_taps_bkm:auto_generated|altsyncram_k1b1:altsyncram2|ram_block5a0~portb_address_reg0
    Info (332115): 
    Info (332115): Data Arrival Time  :     2.064
    Info (332115): Data Required Time :     1.905
    Info (332115): Slack              :     0.159 
    Info (332115): ===================================================================
    Info (332115): 
Info (332115): Report Timing: Found 1 recovery paths (0 violated).  Worst case slack is 18.627
    Info (332115): -to_clock [get_clocks {iCLK}]
    Info (332115): -recovery
    Info (332115): -stdout
Info (332115): Path #1: Recovery slack is 18.627 
    Info (332115): ===================================================================
    Info (332115): From Node    : IFID_PipelineRegister:IFID_REG|register_NBit:REG_PC_Plus4|dffg:\G_Register_NBit:30:REGI|altshift_taps:s_Q_rtl_0|shift_taps_bkm:auto_generated|dffe4
    Info (332115): To Node      : IFID_PipelineRegister:IFID_REG|register_NBit:REG_PC_Plus4|dffg:\G_Register_NBit:30:REGI|altshift_taps:s_Q_rtl_0|shift_taps_bkm:auto_generated|altsyncram_k1b1:altsyncram2|ram_block5a0
    Info (332115): Launch Clock : iCLK
    Info (332115): Latch Clock  : iCLK
    Info (332115): 
    Info (332115): Data Arrival Path:
    Info (332115): 
    Info (332115): Total (ns)  Incr (ns)     Type  Element
    Info (332115): ==========  ========= ==  ====  ===================================
    Info (332115):      0.000      0.000           launch edge time
    Info (332115):      1.639      1.639  R        clock network delay
    Info (332115):      1.744      0.105     uTco  IFID_PipelineRegister:IFID_REG|register_NBit:REG_PC_Plus4|dffg:\G_Register_NBit:30:REGI|altshift_taps:s_Q_rtl_0|shift_taps_bkm:auto_generated|dffe4
    Info (332115):      1.744      0.000 FF  CELL  IFID_REG|REG_PC_Plus4|\G_Register_NBit:30:REGI|s_Q_rtl_0|auto_generated|dffe4|q
    Info (332115):      2.471      0.727 FF    IC  IFID_REG|REG_PC_Plus4|\G_Register_NBit:30:REGI|s_Q_rtl_0|auto_generated|altsyncram2|ram_block5a0|clr0
    Info (332115):      3.082      0.611 FR  CELL  IFID_PipelineRegister:IFID_REG|register_NBit:REG_PC_Plus4|dffg:\G_Register_NBit:30:REGI|altshift_taps:s_Q_rtl_0|shift_taps_bkm:auto_generated|altsyncram_k1b1:altsyncram2|ram_block5a0
    Info (332115): 
    Info (332115): Data Required Path:
    Info (332115): 
    Info (332115): Total (ns)  Incr (ns)     Type  Element
    Info (332115): ==========  ========= ==  ====  ===================================
    Info (332115):     20.000     20.000           latch edge time
    Info (332115):     21.734      1.734  R        clock network delay
    Info (332115):     21.754      0.020           clock pessimism removed
    Info (332115):     21.734     -0.020           clock uncertainty
    Info (332115):     21.709     -0.025     uTsu  IFID_PipelineRegister:IFID_REG|register_NBit:REG_PC_Plus4|dffg:\G_Register_NBit:30:REGI|altshift_taps:s_Q_rtl_0|shift_taps_bkm:auto_generated|altsyncram_k1b1:altsyncram2|ram_block5a0
    Info (332115): 
    Info (332115): Data Arrival Time  :     3.082
    Info (332115): Data Required Time :    21.709
    Info (332115): Slack              :    18.627 
    Info (332115): ===================================================================
    Info (332115): 
Info (332115): Report Timing: Found 1 removal paths (0 violated).  Worst case slack is 1.014
    Info (332115): -to_clock [get_clocks {iCLK}]
    Info (332115): -removal
    Info (332115): -stdout
Info (332115): Path #1: Removal slack is 1.014 
    Info (332115): ===================================================================
    Info (332115): From Node    : IFID_PipelineRegister:IFID_REG|register_NBit:REG_PC_Plus4|dffg:\G_Register_NBit:30:REGI|altshift_taps:s_Q_rtl_0|shift_taps_bkm:auto_generated|dffe4
    Info (332115): To Node      : IFID_PipelineRegister:IFID_REG|register_NBit:REG_PC_Plus4|dffg:\G_Register_NBit:30:REGI|altshift_taps:s_Q_rtl_0|shift_taps_bkm:auto_generated|altsyncram_k1b1:altsyncram2|ram_block5a0
    Info (332115): Launch Clock : iCLK
    Info (332115): Latch Clock  : iCLK
    Info (332115): 
    Info (332115): Data Arrival Path:
    Info (332115): 
    Info (332115): Total (ns)  Incr (ns)     Type  Element
    Info (332115): ==========  ========= ==  ====  ===================================
    Info (332115):      0.000      0.000           launch edge time
    Info (332115):      1.578      1.578  R        clock network delay
    Info (332115):      1.683      0.105     uTco  IFID_PipelineRegister:IFID_REG|register_NBit:REG_PC_Plus4|dffg:\G_Register_NBit:30:REGI|altshift_taps:s_Q_rtl_0|shift_taps_bkm:auto_generated|dffe4
    Info (332115):      1.683      0.000 RR  CELL  IFID_REG|REG_PC_Plus4|\G_Register_NBit:30:REGI|s_Q_rtl_0|auto_generated|dffe4|q
    Info (332115):      2.306      0.623 RR    IC  IFID_REG|REG_PC_Plus4|\G_Register_NBit:30:REGI|s_Q_rtl_0|auto_generated|altsyncram2|ram_block5a0|clr0
    Info (332115):      2.886      0.580 RF  CELL  IFID_PipelineRegister:IFID_REG|register_NBit:REG_PC_Plus4|dffg:\G_Register_NBit:30:REGI|altshift_taps:s_Q_rtl_0|shift_taps_bkm:auto_generated|altsyncram_k1b1:altsyncram2|ram_block5a0
    Info (332115): 
    Info (332115): Data Required Path:
    Info (332115): 
    Info (332115): Total (ns)  Incr (ns)     Type  Element
    Info (332115): ==========  ========= ==  ====  ===================================
    Info (332115):      0.000      0.000           latch edge time
    Info (332115):      1.802      1.802  R        clock network delay
    Info (332115):      1.782     -0.020           clock pessimism removed
    Info (332115):      1.782      0.000           clock uncertainty
    Info (332115):      1.872      0.090      uTh  IFID_PipelineRegister:IFID_REG|register_NBit:REG_PC_Plus4|dffg:\G_Register_NBit:30:REGI|altshift_taps:s_Q_rtl_0|shift_taps_bkm:auto_generated|altsyncram_k1b1:altsyncram2|ram_block5a0
    Info (332115): 
    Info (332115): Data Arrival Time  :     2.886
    Info (332115): Data Required Time :     1.872
    Info (332115): Slack              :     1.014 
    Info (332115): ===================================================================
    Info (332115): 
Info (332102): Design is not fully constrained for setup requirements
Info (332102): Design is not fully constrained for hold requirements
Info: Quartus Prime Timing Analyzer was successful. 0 errors, 1 warning
    Info: Peak virtual memory: 1348 megabytes
    Info: Processing ended: Mon Apr 27 18:43:41 2026
    Info: Elapsed time: 00:00:11
    Info: Total CPU time (on all processors): 00:00:14


