Timing Analyzer report for toolflow
Mon Apr 27 18:35:07 2026
Quartus Prime Version 20.1.1 Build 720 11/11/2020 SJ Standard Edition


---------------------
; Table of Contents ;
---------------------
  1. Legal Notice
  2. Timing Analyzer Summary
  3. Parallel Compilation
  4. SDC File List
  5. Clocks
  6. Slow 1200mV 85C Model Fmax Summary
  7. Timing Closure Recommendations
  8. Slow 1200mV 85C Model Setup Summary
  9. Slow 1200mV 85C Model Hold Summary
 10. Slow 1200mV 85C Model Recovery Summary
 11. Slow 1200mV 85C Model Removal Summary
 12. Slow 1200mV 85C Model Minimum Pulse Width Summary
 13. Slow 1200mV 85C Model Setup: 'iCLK'
 14. Slow 1200mV 85C Model Hold: 'iCLK'
 15. Slow 1200mV 85C Model Metastability Summary
 16. Slow 1200mV 0C Model Fmax Summary
 17. Slow 1200mV 0C Model Setup Summary
 18. Slow 1200mV 0C Model Hold Summary
 19. Slow 1200mV 0C Model Recovery Summary
 20. Slow 1200mV 0C Model Removal Summary
 21. Slow 1200mV 0C Model Minimum Pulse Width Summary
 22. Slow 1200mV 0C Model Setup: 'iCLK'
 23. Slow 1200mV 0C Model Hold: 'iCLK'
 24. Slow 1200mV 0C Model Metastability Summary
 25. Fast 1200mV 0C Model Setup Summary
 26. Fast 1200mV 0C Model Hold Summary
 27. Fast 1200mV 0C Model Recovery Summary
 28. Fast 1200mV 0C Model Removal Summary
 29. Fast 1200mV 0C Model Minimum Pulse Width Summary
 30. Fast 1200mV 0C Model Setup: 'iCLK'
 31. Fast 1200mV 0C Model Hold: 'iCLK'
 32. Fast 1200mV 0C Model Metastability Summary
 33. Multicorner Timing Analysis Summary
 34. Board Trace Model Assignments
 35. Input Transition Times
 36. Signal Integrity Metrics (Slow 1200mv 0c Model)
 37. Signal Integrity Metrics (Slow 1200mv 85c Model)
 38. Signal Integrity Metrics (Fast 1200mv 0c Model)
 39. Setup Transfers
 40. Hold Transfers
 41. Report TCCS
 42. Report RSKM
 43. Unconstrained Paths Summary
 44. Clock Status Summary
 45. Unconstrained Input Ports
 46. Unconstrained Output Ports
 47. Unconstrained Input Ports
 48. Unconstrained Output Ports
 49. Timing Analyzer Messages



----------------
; Legal Notice ;
----------------
Copyright (C) 2020  Intel Corporation. All rights reserved.
Your use of Intel Corporation's design tools, logic functions 
and other software and tools, and any partner logic 
functions, and any output files from any of the foregoing 
(including device programming or simulation files), and any 
associated documentation or information are expressly subject 
to the terms and conditions of the Intel Program License 
Subscription Agreement, the Intel Quartus Prime License Agreement,
the Intel FPGA IP License Agreement, or other applicable license
agreement, including, without limitation, that your use is for
the sole purpose of programming logic devices manufactured by
Intel and sold by Intel or its authorized distributors.  Please
refer to the applicable agreement for further details, at
https://fpgasoftware.intel.com/eula.



+---------------------------------------------------------------------------------+
; Timing Analyzer Summary                                                         ;
+-----------------------+---------------------------------------------------------+
; Quartus Prime Version ; Version 20.1.1 Build 720 11/11/2020 SJ Standard Edition ;
; Timing Analyzer       ; Legacy Timing Analyzer                                  ;
; Revision Name         ; toolflow                                                ;
; Device Family         ; Cyclone IV E                                            ;
; Device Name           ; EP4CE115F29C7                                           ;
; Timing Models         ; Final                                                   ;
; Delay Model           ; Combined                                                ;
; Rise/Fall Delays      ; Enabled                                                 ;
+-----------------------+---------------------------------------------------------+


+------------------------------------------+
; Parallel Compilation                     ;
+----------------------------+-------------+
; Processors                 ; Number      ;
+----------------------------+-------------+
; Number detected on machine ; 20          ;
; Maximum allowed            ; 12          ;
;                            ;             ;
; Average used               ; 1.71        ;
; Maximum used               ; 12          ;
;                            ;             ;
; Usage by Processor         ; % Time Used ;
;     Processor 1            ; 100.0%      ;
;     Processor 2            ;  17.1%      ;
;     Processor 3            ;  15.0%      ;
;     Processor 4            ;   6.7%      ;
;     Processors 5-12        ;   4.0%      ;
+----------------------------+-------------+


+---------------------------------------------------+
; SDC File List                                     ;
+---------------+--------+--------------------------+
; SDC File Path ; Status ; Read at                  ;
+---------------+--------+--------------------------+
; toolflow.sdc  ; OK     ; Mon Apr 27 18:34:50 2026 ;
+---------------+--------+--------------------------+


+----------------------------------------------------------------------------------------------------------------------------------------------------------------------------------+
; Clocks                                                                                                                                                                           ;
+------------+------+--------+-----------+-------+--------+------------+-----------+-------------+-------+--------+-----------+------------+----------+--------+--------+----------+
; Clock Name ; Type ; Period ; Frequency ; Rise  ; Fall   ; Duty Cycle ; Divide by ; Multiply by ; Phase ; Offset ; Edge List ; Edge Shift ; Inverted ; Master ; Source ; Targets  ;
+------------+------+--------+-----------+-------+--------+------------+-----------+-------------+-------+--------+-----------+------------+----------+--------+--------+----------+
; iCLK       ; Base ; 20.000 ; 50.0 MHz  ; 0.000 ; 10.000 ;            ;           ;             ;       ;        ;           ;            ;          ;        ;        ; { iCLK } ;
+------------+------+--------+-----------+-------+--------+------------+-----------+-------------+-------+--------+-----------+------------+----------+--------+--------+----------+


+-------------------------------------------------+
; Slow 1200mV 85C Model Fmax Summary              ;
+-----------+-----------------+------------+------+
; Fmax      ; Restricted Fmax ; Clock Name ; Note ;
+-----------+-----------------+------------+------+
; 41.12 MHz ; 41.12 MHz       ; iCLK       ;      ;
+-----------+-----------------+------------+------+
This panel reports FMAX for every clock in the design, regardless of the user-specified clock periods.  FMAX is only computed for paths where the source and destination registers or ports are driven by the same clock.  Paths of different clocks, including generated clocks, are ignored.  For paths between a clock and its inversion, FMAX is computed as if the rising and falling edges are scaled along with FMAX, such that the duty cycle (in terms of a percentage) is maintained. Altera recommends that you always use clock constraints and other slack reports for sign-off analysis.


----------------------------------
; Timing Closure Recommendations ;
----------------------------------
HTML report is unavailable in plain text report export.


+-------------------------------------+
; Slow 1200mV 85C Model Setup Summary ;
+-------+--------+--------------------+
; Clock ; Slack  ; End Point TNS      ;
+-------+--------+--------------------+
; iCLK  ; -4.318 ; -872.774           ;
+-------+--------+--------------------+


+------------------------------------+
; Slow 1200mV 85C Model Hold Summary ;
+-------+-------+--------------------+
; Clock ; Slack ; End Point TNS      ;
+-------+-------+--------------------+
; iCLK  ; 0.429 ; 0.000              ;
+-------+-------+--------------------+


------------------------------------------
; Slow 1200mV 85C Model Recovery Summary ;
------------------------------------------
No paths to report.


-----------------------------------------
; Slow 1200mV 85C Model Removal Summary ;
-----------------------------------------
No paths to report.


+---------------------------------------------------+
; Slow 1200mV 85C Model Minimum Pulse Width Summary ;
+-------+-------+-----------------------------------+
; Clock ; Slack ; End Point TNS                     ;
+-------+-------+-----------------------------------+
; iCLK  ; 9.743 ; 0.000                             ;
+-------+-------+-----------------------------------+


+--------------------------------------------------------------------------------------------------------------------------------------------------------------------------------------------------------------------------------------------------------------------------+
; Slow 1200mV 85C Model Setup: 'iCLK'                                                                                                                                                                                                                                      ;
+--------+------------------------------------------------------------------------------------------------+------------------------------------------------------------------------------------------+--------------+-------------+--------------+------------+------------+
; Slack  ; From Node                                                                                      ; To Node                                                                                  ; Launch Clock ; Latch Clock ; Relationship ; Clock Skew ; Data Delay ;
+--------+------------------------------------------------------------------------------------------------+------------------------------------------------------------------------------------------+--------------+-------------+--------------+------------+------------+
; -4.318 ; EXMEM_PipelineRegister:EXMEM_REG|register_NBit:REG_rd|dffg:\G_Register_NBit:1:REGI|s_Q         ; IFID_PipelineRegister:IFID_REG|register_NBit:REG_Instr|dffg:\G_Register_NBit:0:REGI|s_Q  ; iCLK         ; iCLK        ; 20.000       ; 0.328      ; 24.644     ;
; -4.297 ; IDEX_PipelineRegister:IDEX_REG|register_NBit:REG_Instr|dffg:\G_Register_NBit:21:REGI|s_Q       ; IFID_PipelineRegister:IFID_REG|register_NBit:REG_Instr|dffg:\G_Register_NBit:0:REGI|s_Q  ; iCLK         ; iCLK        ; 20.000       ; 0.326      ; 24.621     ;
; -4.205 ; EXMEM_PipelineRegister:EXMEM_REG|register_NBit:REG_rd|dffg:\G_Register_NBit:1:REGI|s_Q         ; IFID_PipelineRegister:IFID_REG|register_NBit:REG_Instr|dffg:\G_Register_NBit:3:REGI|s_Q  ; iCLK         ; iCLK        ; 20.000       ; -0.105     ; 24.098     ;
; -4.184 ; IDEX_PipelineRegister:IDEX_REG|register_NBit:REG_Instr|dffg:\G_Register_NBit:21:REGI|s_Q       ; IFID_PipelineRegister:IFID_REG|register_NBit:REG_Instr|dffg:\G_Register_NBit:3:REGI|s_Q  ; iCLK         ; iCLK        ; 20.000       ; -0.107     ; 24.075     ;
; -4.167 ; IDEX_PipelineRegister:IDEX_REG|register_NBit:REG_Instr|dffg:\G_Register_NBit:20:REGI|s_Q       ; IFID_PipelineRegister:IFID_REG|register_NBit:REG_Instr|dffg:\G_Register_NBit:0:REGI|s_Q  ; iCLK         ; iCLK        ; 20.000       ; 0.326      ; 24.491     ;
; -4.166 ; EXMEM_PipelineRegister:EXMEM_REG|register_NBit:REG_rd|dffg:\G_Register_NBit:3:REGI|s_Q         ; IFID_PipelineRegister:IFID_REG|register_NBit:REG_Instr|dffg:\G_Register_NBit:0:REGI|s_Q  ; iCLK         ; iCLK        ; 20.000       ; 0.328      ; 24.492     ;
; -4.135 ; EXMEM_PipelineRegister:EXMEM_REG|register_NBit:REG_rd|dffg:\G_Register_NBit:0:REGI|s_Q         ; IFID_PipelineRegister:IFID_REG|register_NBit:REG_Instr|dffg:\G_Register_NBit:0:REGI|s_Q  ; iCLK         ; iCLK        ; 20.000       ; 0.328      ; 24.461     ;
; -4.054 ; IDEX_PipelineRegister:IDEX_REG|register_NBit:REG_Instr|dffg:\G_Register_NBit:20:REGI|s_Q       ; IFID_PipelineRegister:IFID_REG|register_NBit:REG_Instr|dffg:\G_Register_NBit:3:REGI|s_Q  ; iCLK         ; iCLK        ; 20.000       ; -0.107     ; 23.945     ;
; -4.053 ; EXMEM_PipelineRegister:EXMEM_REG|register_NBit:REG_rd|dffg:\G_Register_NBit:3:REGI|s_Q         ; IFID_PipelineRegister:IFID_REG|register_NBit:REG_Instr|dffg:\G_Register_NBit:3:REGI|s_Q  ; iCLK         ; iCLK        ; 20.000       ; -0.105     ; 23.946     ;
; -4.022 ; EXMEM_PipelineRegister:EXMEM_REG|register_NBit:REG_rd|dffg:\G_Register_NBit:0:REGI|s_Q         ; IFID_PipelineRegister:IFID_REG|register_NBit:REG_Instr|dffg:\G_Register_NBit:3:REGI|s_Q  ; iCLK         ; iCLK        ; 20.000       ; -0.105     ; 23.915     ;
; -3.999 ; IDEX_PipelineRegister:IDEX_REG|register_NBit:REG_Instr|dffg:\G_Register_NBit:22:REGI|s_Q       ; IFID_PipelineRegister:IFID_REG|register_NBit:REG_Instr|dffg:\G_Register_NBit:0:REGI|s_Q  ; iCLK         ; iCLK        ; 20.000       ; 0.326      ; 24.323     ;
; -3.964 ; IDEX_PipelineRegister:IDEX_REG|register_NBit:REG_Instr|dffg:\G_Register_NBit:15:REGI|s_Q       ; IFID_PipelineRegister:IFID_REG|register_NBit:REG_Instr|dffg:\G_Register_NBit:0:REGI|s_Q  ; iCLK         ; iCLK        ; 20.000       ; 0.326      ; 24.288     ;
; -3.924 ; EXMEM_PipelineRegister:EXMEM_REG|register_NBit:REG_rd|dffg:\G_Register_NBit:1:REGI|s_Q         ; IFID_PipelineRegister:IFID_REG|register_NBit:REG_Instr|dffg:\G_Register_NBit:13:REGI|s_Q ; iCLK         ; iCLK        ; 20.000       ; 0.331      ; 24.253     ;
; -3.924 ; EXMEM_PipelineRegister:EXMEM_REG|register_NBit:REG_rd|dffg:\G_Register_NBit:1:REGI|s_Q         ; IFID_PipelineRegister:IFID_REG|register_NBit:REG_Instr|dffg:\G_Register_NBit:30:REGI|s_Q ; iCLK         ; iCLK        ; 20.000       ; 0.331      ; 24.253     ;
; -3.903 ; IDEX_PipelineRegister:IDEX_REG|register_NBit:REG_Instr|dffg:\G_Register_NBit:21:REGI|s_Q       ; IFID_PipelineRegister:IFID_REG|register_NBit:REG_Instr|dffg:\G_Register_NBit:13:REGI|s_Q ; iCLK         ; iCLK        ; 20.000       ; 0.329      ; 24.230     ;
; -3.903 ; IDEX_PipelineRegister:IDEX_REG|register_NBit:REG_Instr|dffg:\G_Register_NBit:21:REGI|s_Q       ; IFID_PipelineRegister:IFID_REG|register_NBit:REG_Instr|dffg:\G_Register_NBit:30:REGI|s_Q ; iCLK         ; iCLK        ; 20.000       ; 0.329      ; 24.230     ;
; -3.895 ; EXMEM_PipelineRegister:EXMEM_REG|register_NBit:REG_rd|dffg:\G_Register_NBit:1:REGI|s_Q         ; IFID_PipelineRegister:IFID_REG|register_NBit:REG_Instr|dffg:\G_Register_NBit:28:REGI|s_Q ; iCLK         ; iCLK        ; 20.000       ; 0.319      ; 24.212     ;
; -3.886 ; IDEX_PipelineRegister:IDEX_REG|register_NBit:REG_Instr|dffg:\G_Register_NBit:22:REGI|s_Q       ; IFID_PipelineRegister:IFID_REG|register_NBit:REG_Instr|dffg:\G_Register_NBit:3:REGI|s_Q  ; iCLK         ; iCLK        ; 20.000       ; -0.107     ; 23.777     ;
; -3.880 ; EXMEM_PipelineRegister:EXMEM_REG|register_NBit:REG_rd|dffg:\G_Register_NBit:1:REGI|s_Q         ; IFID_PipelineRegister:IFID_REG|register_NBit:REG_Instr|dffg:\G_Register_NBit:1:REGI|s_Q  ; iCLK         ; iCLK        ; 20.000       ; 0.326      ; 24.204     ;
; -3.874 ; IDEX_PipelineRegister:IDEX_REG|register_NBit:REG_Instr|dffg:\G_Register_NBit:21:REGI|s_Q       ; IFID_PipelineRegister:IFID_REG|register_NBit:REG_Instr|dffg:\G_Register_NBit:28:REGI|s_Q ; iCLK         ; iCLK        ; 20.000       ; 0.317      ; 24.189     ;
; -3.871 ; MEMWB_PipelineRegister:MEMWB_REG|register_NBit:REG_rd|dffg:\G_Register_NBit:2:REGI|s_Q         ; IFID_PipelineRegister:IFID_REG|register_NBit:REG_Instr|dffg:\G_Register_NBit:0:REGI|s_Q  ; iCLK         ; iCLK        ; 20.000       ; 0.326      ; 24.195     ;
; -3.859 ; IDEX_PipelineRegister:IDEX_REG|register_NBit:REG_Instr|dffg:\G_Register_NBit:21:REGI|s_Q       ; IFID_PipelineRegister:IFID_REG|register_NBit:REG_Instr|dffg:\G_Register_NBit:1:REGI|s_Q  ; iCLK         ; iCLK        ; 20.000       ; 0.324      ; 24.181     ;
; -3.851 ; IDEX_PipelineRegister:IDEX_REG|register_NBit:REG_Instr|dffg:\G_Register_NBit:15:REGI|s_Q       ; IFID_PipelineRegister:IFID_REG|register_NBit:REG_Instr|dffg:\G_Register_NBit:3:REGI|s_Q  ; iCLK         ; iCLK        ; 20.000       ; -0.107     ; 23.742     ;
; -3.850 ; MEMWB_PipelineRegister:MEMWB_REG|register_NBit:REG_rd|dffg:\G_Register_NBit:4:REGI|s_Q         ; IFID_PipelineRegister:IFID_REG|register_NBit:REG_Instr|dffg:\G_Register_NBit:0:REGI|s_Q  ; iCLK         ; iCLK        ; 20.000       ; 0.326      ; 24.174     ;
; -3.812 ; EXMEM_PipelineRegister:EXMEM_REG|register_NBit:REG_rd|dffg:\G_Register_NBit:2:REGI|s_Q         ; IFID_PipelineRegister:IFID_REG|register_NBit:REG_Instr|dffg:\G_Register_NBit:0:REGI|s_Q  ; iCLK         ; iCLK        ; 20.000       ; 0.328      ; 24.138     ;
; -3.773 ; IDEX_PipelineRegister:IDEX_REG|register_NBit:REG_Instr|dffg:\G_Register_NBit:20:REGI|s_Q       ; IFID_PipelineRegister:IFID_REG|register_NBit:REG_Instr|dffg:\G_Register_NBit:13:REGI|s_Q ; iCLK         ; iCLK        ; 20.000       ; 0.329      ; 24.100     ;
; -3.773 ; IDEX_PipelineRegister:IDEX_REG|register_NBit:REG_Instr|dffg:\G_Register_NBit:20:REGI|s_Q       ; IFID_PipelineRegister:IFID_REG|register_NBit:REG_Instr|dffg:\G_Register_NBit:30:REGI|s_Q ; iCLK         ; iCLK        ; 20.000       ; 0.329      ; 24.100     ;
; -3.772 ; EXMEM_PipelineRegister:EXMEM_REG|register_NBit:REG_rd|dffg:\G_Register_NBit:3:REGI|s_Q         ; IFID_PipelineRegister:IFID_REG|register_NBit:REG_Instr|dffg:\G_Register_NBit:13:REGI|s_Q ; iCLK         ; iCLK        ; 20.000       ; 0.331      ; 24.101     ;
; -3.772 ; EXMEM_PipelineRegister:EXMEM_REG|register_NBit:REG_rd|dffg:\G_Register_NBit:3:REGI|s_Q         ; IFID_PipelineRegister:IFID_REG|register_NBit:REG_Instr|dffg:\G_Register_NBit:30:REGI|s_Q ; iCLK         ; iCLK        ; 20.000       ; 0.331      ; 24.101     ;
; -3.764 ; MEMWB_PipelineRegister:MEMWB_REG|register_NBit:REG_Ctrl|dffg:\G_Register_NBit:1:REGI|s_Q       ; IFID_PipelineRegister:IFID_REG|register_NBit:REG_Instr|dffg:\G_Register_NBit:0:REGI|s_Q  ; iCLK         ; iCLK        ; 20.000       ; 0.347      ; 24.109     ;
; -3.758 ; MEMWB_PipelineRegister:MEMWB_REG|register_NBit:REG_rd|dffg:\G_Register_NBit:2:REGI|s_Q         ; IFID_PipelineRegister:IFID_REG|register_NBit:REG_Instr|dffg:\G_Register_NBit:3:REGI|s_Q  ; iCLK         ; iCLK        ; 20.000       ; -0.107     ; 23.649     ;
; -3.744 ; IDEX_PipelineRegister:IDEX_REG|register_NBit:REG_Instr|dffg:\G_Register_NBit:20:REGI|s_Q       ; IFID_PipelineRegister:IFID_REG|register_NBit:REG_Instr|dffg:\G_Register_NBit:28:REGI|s_Q ; iCLK         ; iCLK        ; 20.000       ; 0.317      ; 24.059     ;
; -3.743 ; EXMEM_PipelineRegister:EXMEM_REG|register_NBit:REG_rd|dffg:\G_Register_NBit:3:REGI|s_Q         ; IFID_PipelineRegister:IFID_REG|register_NBit:REG_Instr|dffg:\G_Register_NBit:28:REGI|s_Q ; iCLK         ; iCLK        ; 20.000       ; 0.319      ; 24.060     ;
; -3.741 ; EXMEM_PipelineRegister:EXMEM_REG|register_NBit:REG_rd|dffg:\G_Register_NBit:0:REGI|s_Q         ; IFID_PipelineRegister:IFID_REG|register_NBit:REG_Instr|dffg:\G_Register_NBit:13:REGI|s_Q ; iCLK         ; iCLK        ; 20.000       ; 0.331      ; 24.070     ;
; -3.741 ; EXMEM_PipelineRegister:EXMEM_REG|register_NBit:REG_rd|dffg:\G_Register_NBit:0:REGI|s_Q         ; IFID_PipelineRegister:IFID_REG|register_NBit:REG_Instr|dffg:\G_Register_NBit:30:REGI|s_Q ; iCLK         ; iCLK        ; 20.000       ; 0.331      ; 24.070     ;
; -3.737 ; MEMWB_PipelineRegister:MEMWB_REG|register_NBit:REG_rd|dffg:\G_Register_NBit:4:REGI|s_Q         ; IFID_PipelineRegister:IFID_REG|register_NBit:REG_Instr|dffg:\G_Register_NBit:3:REGI|s_Q  ; iCLK         ; iCLK        ; 20.000       ; -0.107     ; 23.628     ;
; -3.729 ; IDEX_PipelineRegister:IDEX_REG|register_NBit:REG_Instr|dffg:\G_Register_NBit:20:REGI|s_Q       ; IFID_PipelineRegister:IFID_REG|register_NBit:REG_Instr|dffg:\G_Register_NBit:1:REGI|s_Q  ; iCLK         ; iCLK        ; 20.000       ; 0.324      ; 24.051     ;
; -3.728 ; EXMEM_PipelineRegister:EXMEM_REG|register_NBit:REG_rd|dffg:\G_Register_NBit:3:REGI|s_Q         ; IFID_PipelineRegister:IFID_REG|register_NBit:REG_Instr|dffg:\G_Register_NBit:1:REGI|s_Q  ; iCLK         ; iCLK        ; 20.000       ; 0.326      ; 24.052     ;
; -3.714 ; MEMWB_PipelineRegister:MEMWB_REG|register_NBit:REG_rd|dffg:\G_Register_NBit:3:REGI|s_Q         ; IFID_PipelineRegister:IFID_REG|register_NBit:REG_Instr|dffg:\G_Register_NBit:0:REGI|s_Q  ; iCLK         ; iCLK        ; 20.000       ; 0.328      ; 24.040     ;
; -3.712 ; EXMEM_PipelineRegister:EXMEM_REG|register_NBit:REG_rd|dffg:\G_Register_NBit:0:REGI|s_Q         ; IFID_PipelineRegister:IFID_REG|register_NBit:REG_Instr|dffg:\G_Register_NBit:28:REGI|s_Q ; iCLK         ; iCLK        ; 20.000       ; 0.319      ; 24.029     ;
; -3.699 ; EXMEM_PipelineRegister:EXMEM_REG|register_NBit:REG_rd|dffg:\G_Register_NBit:2:REGI|s_Q         ; IFID_PipelineRegister:IFID_REG|register_NBit:REG_Instr|dffg:\G_Register_NBit:3:REGI|s_Q  ; iCLK         ; iCLK        ; 20.000       ; -0.105     ; 23.592     ;
; -3.697 ; EXMEM_PipelineRegister:EXMEM_REG|register_NBit:REG_rd|dffg:\G_Register_NBit:0:REGI|s_Q         ; IFID_PipelineRegister:IFID_REG|register_NBit:REG_Instr|dffg:\G_Register_NBit:1:REGI|s_Q  ; iCLK         ; iCLK        ; 20.000       ; 0.326      ; 24.021     ;
; -3.673 ; IDEX_PipelineRegister:IDEX_REG|register_NBit:REG_Instr|dffg:\G_Register_NBit:23:REGI|s_Q       ; IFID_PipelineRegister:IFID_REG|register_NBit:REG_Instr|dffg:\G_Register_NBit:0:REGI|s_Q  ; iCLK         ; iCLK        ; 20.000       ; 0.326      ; 23.997     ;
; -3.668 ; IDEX_PipelineRegister:IDEX_REG|register_NBit:REG_Instr|dffg:\G_Register_NBit:17:REGI|s_Q       ; IFID_PipelineRegister:IFID_REG|register_NBit:REG_Instr|dffg:\G_Register_NBit:0:REGI|s_Q  ; iCLK         ; iCLK        ; 20.000       ; 0.326      ; 23.992     ;
; -3.654 ; MEMWB_PipelineRegister:MEMWB_REG|register_NBit:REG_Ctrl|dffg:\G_Register_NBit:2:REGI|s_Q       ; IFID_PipelineRegister:IFID_REG|register_NBit:REG_Instr|dffg:\G_Register_NBit:0:REGI|s_Q  ; iCLK         ; iCLK        ; 20.000       ; 0.328      ; 23.980     ;
; -3.651 ; MEMWB_PipelineRegister:MEMWB_REG|register_NBit:REG_Ctrl|dffg:\G_Register_NBit:1:REGI|s_Q       ; IFID_PipelineRegister:IFID_REG|register_NBit:REG_Instr|dffg:\G_Register_NBit:3:REGI|s_Q  ; iCLK         ; iCLK        ; 20.000       ; -0.086     ; 23.563     ;
; -3.605 ; IDEX_PipelineRegister:IDEX_REG|register_NBit:REG_Instr|dffg:\G_Register_NBit:22:REGI|s_Q       ; IFID_PipelineRegister:IFID_REG|register_NBit:REG_Instr|dffg:\G_Register_NBit:13:REGI|s_Q ; iCLK         ; iCLK        ; 20.000       ; 0.329      ; 23.932     ;
; -3.605 ; IDEX_PipelineRegister:IDEX_REG|register_NBit:REG_Instr|dffg:\G_Register_NBit:22:REGI|s_Q       ; IFID_PipelineRegister:IFID_REG|register_NBit:REG_Instr|dffg:\G_Register_NBit:30:REGI|s_Q ; iCLK         ; iCLK        ; 20.000       ; 0.329      ; 23.932     ;
; -3.601 ; MEMWB_PipelineRegister:MEMWB_REG|register_NBit:REG_rd|dffg:\G_Register_NBit:3:REGI|s_Q         ; IFID_PipelineRegister:IFID_REG|register_NBit:REG_Instr|dffg:\G_Register_NBit:3:REGI|s_Q  ; iCLK         ; iCLK        ; 20.000       ; -0.105     ; 23.494     ;
; -3.597 ; IDEX_PipelineRegister:IDEX_REG|register_NBit:REG_Instr|dffg:\G_Register_NBit:24:REGI|s_Q       ; IFID_PipelineRegister:IFID_REG|register_NBit:REG_Instr|dffg:\G_Register_NBit:0:REGI|s_Q  ; iCLK         ; iCLK        ; 20.000       ; 0.330      ; 23.925     ;
; -3.593 ; MEMWB_PipelineRegister:MEMWB_REG|register_NBit:REG_PC_Plus4|dffg:\G_Register_NBit:0:REGI|s_Q   ; IFID_PipelineRegister:IFID_REG|register_NBit:REG_Instr|dffg:\G_Register_NBit:0:REGI|s_Q  ; iCLK         ; iCLK        ; 20.000       ; 0.339      ; 23.930     ;
; -3.576 ; IDEX_PipelineRegister:IDEX_REG|register_NBit:REG_Instr|dffg:\G_Register_NBit:22:REGI|s_Q       ; IFID_PipelineRegister:IFID_REG|register_NBit:REG_Instr|dffg:\G_Register_NBit:28:REGI|s_Q ; iCLK         ; iCLK        ; 20.000       ; 0.317      ; 23.891     ;
; -3.570 ; IDEX_PipelineRegister:IDEX_REG|register_NBit:REG_Instr|dffg:\G_Register_NBit:15:REGI|s_Q       ; IFID_PipelineRegister:IFID_REG|register_NBit:REG_Instr|dffg:\G_Register_NBit:13:REGI|s_Q ; iCLK         ; iCLK        ; 20.000       ; 0.329      ; 23.897     ;
; -3.570 ; IDEX_PipelineRegister:IDEX_REG|register_NBit:REG_Instr|dffg:\G_Register_NBit:15:REGI|s_Q       ; IFID_PipelineRegister:IFID_REG|register_NBit:REG_Instr|dffg:\G_Register_NBit:30:REGI|s_Q ; iCLK         ; iCLK        ; 20.000       ; 0.329      ; 23.897     ;
; -3.565 ; EXMEM_PipelineRegister:EXMEM_REG|register_NBit:REG_rd|dffg:\G_Register_NBit:1:REGI|s_Q         ; IFID_PipelineRegister:IFID_REG|register_NBit:REG_Instr|dffg:\G_Register_NBit:4:REGI|s_Q  ; iCLK         ; iCLK        ; 20.000       ; 0.330      ; 23.893     ;
; -3.565 ; EXMEM_PipelineRegister:EXMEM_REG|register_NBit:REG_rd|dffg:\G_Register_NBit:1:REGI|s_Q         ; IFID_PipelineRegister:IFID_REG|register_NBit:REG_Instr|dffg:\G_Register_NBit:29:REGI|s_Q ; iCLK         ; iCLK        ; 20.000       ; 0.330      ; 23.893     ;
; -3.561 ; IDEX_PipelineRegister:IDEX_REG|register_NBit:REG_Instr|dffg:\G_Register_NBit:22:REGI|s_Q       ; IFID_PipelineRegister:IFID_REG|register_NBit:REG_Instr|dffg:\G_Register_NBit:1:REGI|s_Q  ; iCLK         ; iCLK        ; 20.000       ; 0.324      ; 23.883     ;
; -3.560 ; IDEX_PipelineRegister:IDEX_REG|register_NBit:REG_Instr|dffg:\G_Register_NBit:23:REGI|s_Q       ; IFID_PipelineRegister:IFID_REG|register_NBit:REG_Instr|dffg:\G_Register_NBit:3:REGI|s_Q  ; iCLK         ; iCLK        ; 20.000       ; -0.107     ; 23.451     ;
; -3.555 ; IDEX_PipelineRegister:IDEX_REG|register_NBit:REG_Instr|dffg:\G_Register_NBit:17:REGI|s_Q       ; IFID_PipelineRegister:IFID_REG|register_NBit:REG_Instr|dffg:\G_Register_NBit:3:REGI|s_Q  ; iCLK         ; iCLK        ; 20.000       ; -0.107     ; 23.446     ;
; -3.544 ; IDEX_PipelineRegister:IDEX_REG|register_NBit:REG_Instr|dffg:\G_Register_NBit:21:REGI|s_Q       ; IFID_PipelineRegister:IFID_REG|register_NBit:REG_Instr|dffg:\G_Register_NBit:4:REGI|s_Q  ; iCLK         ; iCLK        ; 20.000       ; 0.328      ; 23.870     ;
; -3.544 ; IDEX_PipelineRegister:IDEX_REG|register_NBit:REG_Instr|dffg:\G_Register_NBit:21:REGI|s_Q       ; IFID_PipelineRegister:IFID_REG|register_NBit:REG_Instr|dffg:\G_Register_NBit:29:REGI|s_Q ; iCLK         ; iCLK        ; 20.000       ; 0.328      ; 23.870     ;
; -3.541 ; IDEX_PipelineRegister:IDEX_REG|register_NBit:REG_Instr|dffg:\G_Register_NBit:15:REGI|s_Q       ; IFID_PipelineRegister:IFID_REG|register_NBit:REG_Instr|dffg:\G_Register_NBit:28:REGI|s_Q ; iCLK         ; iCLK        ; 20.000       ; 0.317      ; 23.856     ;
; -3.541 ; MEMWB_PipelineRegister:MEMWB_REG|register_NBit:REG_Ctrl|dffg:\G_Register_NBit:2:REGI|s_Q       ; IFID_PipelineRegister:IFID_REG|register_NBit:REG_Instr|dffg:\G_Register_NBit:3:REGI|s_Q  ; iCLK         ; iCLK        ; 20.000       ; -0.105     ; 23.434     ;
; -3.539 ; MEMWB_PipelineRegister:MEMWB_REG|register_NBit:REG_rd|dffg:\G_Register_NBit:1:REGI|s_Q         ; IFID_PipelineRegister:IFID_REG|register_NBit:REG_Instr|dffg:\G_Register_NBit:0:REGI|s_Q  ; iCLK         ; iCLK        ; 20.000       ; 0.326      ; 23.863     ;
; -3.539 ; MEMWB_PipelineRegister:MEMWB_REG|register_NBit:REG_Ctrl|dffg:\G_Register_NBit:0:REGI|s_Q       ; IFID_PipelineRegister:IFID_REG|register_NBit:REG_Instr|dffg:\G_Register_NBit:0:REGI|s_Q  ; iCLK         ; iCLK        ; 20.000       ; 0.347      ; 23.884     ;
; -3.526 ; IDEX_PipelineRegister:IDEX_REG|register_NBit:REG_Instr|dffg:\G_Register_NBit:15:REGI|s_Q       ; IFID_PipelineRegister:IFID_REG|register_NBit:REG_Instr|dffg:\G_Register_NBit:1:REGI|s_Q  ; iCLK         ; iCLK        ; 20.000       ; 0.324      ; 23.848     ;
; -3.502 ; EXMEM_PipelineRegister:EXMEM_REG|register_NBit:REG_rd|dffg:\G_Register_NBit:1:REGI|s_Q         ; IFID_PipelineRegister:IFID_REG|register_NBit:REG_Instr|dffg:\G_Register_NBit:25:REGI|s_Q ; iCLK         ; iCLK        ; 20.000       ; 0.330      ; 23.830     ;
; -3.502 ; EXMEM_PipelineRegister:EXMEM_REG|register_NBit:REG_rd|dffg:\G_Register_NBit:1:REGI|s_Q         ; IFID_PipelineRegister:IFID_REG|register_NBit:REG_Instr|dffg:\G_Register_NBit:27:REGI|s_Q ; iCLK         ; iCLK        ; 20.000       ; 0.330      ; 23.830     ;
; -3.494 ; IDEX_PipelineRegister:IDEX_REG|register_NBit:REG_Instr|dffg:\G_Register_NBit:16:REGI|s_Q       ; IFID_PipelineRegister:IFID_REG|register_NBit:REG_Instr|dffg:\G_Register_NBit:0:REGI|s_Q  ; iCLK         ; iCLK        ; 20.000       ; 0.326      ; 23.818     ;
; -3.487 ; EXMEM_PipelineRegister:EXMEM_REG|register_NBit:REG_rd|dffg:\G_Register_NBit:1:REGI|s_Q         ; IFID_PipelineRegister:IFID_REG|register_NBit:REG_Instr|dffg:\G_Register_NBit:21:REGI|s_Q ; iCLK         ; iCLK        ; 20.000       ; 0.355      ; 23.840     ;
; -3.484 ; IDEX_PipelineRegister:IDEX_REG|register_NBit:REG_Instr|dffg:\G_Register_NBit:24:REGI|s_Q       ; IFID_PipelineRegister:IFID_REG|register_NBit:REG_Instr|dffg:\G_Register_NBit:3:REGI|s_Q  ; iCLK         ; iCLK        ; 20.000       ; -0.103     ; 23.379     ;
; -3.481 ; IDEX_PipelineRegister:IDEX_REG|register_NBit:REG_Instr|dffg:\G_Register_NBit:21:REGI|s_Q       ; IFID_PipelineRegister:IFID_REG|register_NBit:REG_Instr|dffg:\G_Register_NBit:25:REGI|s_Q ; iCLK         ; iCLK        ; 20.000       ; 0.328      ; 23.807     ;
; -3.481 ; IDEX_PipelineRegister:IDEX_REG|register_NBit:REG_Instr|dffg:\G_Register_NBit:21:REGI|s_Q       ; IFID_PipelineRegister:IFID_REG|register_NBit:REG_Instr|dffg:\G_Register_NBit:27:REGI|s_Q ; iCLK         ; iCLK        ; 20.000       ; 0.328      ; 23.807     ;
; -3.480 ; MEMWB_PipelineRegister:MEMWB_REG|register_NBit:REG_PC_Plus4|dffg:\G_Register_NBit:0:REGI|s_Q   ; IFID_PipelineRegister:IFID_REG|register_NBit:REG_Instr|dffg:\G_Register_NBit:3:REGI|s_Q  ; iCLK         ; iCLK        ; 20.000       ; -0.094     ; 23.384     ;
; -3.477 ; MEMWB_PipelineRegister:MEMWB_REG|register_NBit:REG_rd|dffg:\G_Register_NBit:2:REGI|s_Q         ; IFID_PipelineRegister:IFID_REG|register_NBit:REG_Instr|dffg:\G_Register_NBit:13:REGI|s_Q ; iCLK         ; iCLK        ; 20.000       ; 0.329      ; 23.804     ;
; -3.477 ; MEMWB_PipelineRegister:MEMWB_REG|register_NBit:REG_rd|dffg:\G_Register_NBit:2:REGI|s_Q         ; IFID_PipelineRegister:IFID_REG|register_NBit:REG_Instr|dffg:\G_Register_NBit:30:REGI|s_Q ; iCLK         ; iCLK        ; 20.000       ; 0.329      ; 23.804     ;
; -3.472 ; MEMWB_PipelineRegister:MEMWB_REG|register_NBit:REG_rd|dffg:\G_Register_NBit:0:REGI|s_Q         ; IFID_PipelineRegister:IFID_REG|register_NBit:REG_Instr|dffg:\G_Register_NBit:0:REGI|s_Q  ; iCLK         ; iCLK        ; 20.000       ; 0.326      ; 23.796     ;
; -3.466 ; IDEX_PipelineRegister:IDEX_REG|register_NBit:REG_Instr|dffg:\G_Register_NBit:21:REGI|s_Q       ; IFID_PipelineRegister:IFID_REG|register_NBit:REG_Instr|dffg:\G_Register_NBit:21:REGI|s_Q ; iCLK         ; iCLK        ; 20.000       ; 0.353      ; 23.817     ;
; -3.456 ; MEMWB_PipelineRegister:MEMWB_REG|register_NBit:REG_rd|dffg:\G_Register_NBit:4:REGI|s_Q         ; IFID_PipelineRegister:IFID_REG|register_NBit:REG_Instr|dffg:\G_Register_NBit:13:REGI|s_Q ; iCLK         ; iCLK        ; 20.000       ; 0.329      ; 23.783     ;
; -3.456 ; MEMWB_PipelineRegister:MEMWB_REG|register_NBit:REG_rd|dffg:\G_Register_NBit:4:REGI|s_Q         ; IFID_PipelineRegister:IFID_REG|register_NBit:REG_Instr|dffg:\G_Register_NBit:30:REGI|s_Q ; iCLK         ; iCLK        ; 20.000       ; 0.329      ; 23.783     ;
; -3.448 ; MEMWB_PipelineRegister:MEMWB_REG|register_NBit:REG_rd|dffg:\G_Register_NBit:2:REGI|s_Q         ; IFID_PipelineRegister:IFID_REG|register_NBit:REG_Instr|dffg:\G_Register_NBit:28:REGI|s_Q ; iCLK         ; iCLK        ; 20.000       ; 0.317      ; 23.763     ;
; -3.445 ; EXMEM_PipelineRegister:EXMEM_REG|register_NBit:REG_rd|dffg:\G_Register_NBit:4:REGI|s_Q         ; IFID_PipelineRegister:IFID_REG|register_NBit:REG_Instr|dffg:\G_Register_NBit:0:REGI|s_Q  ; iCLK         ; iCLK        ; 20.000       ; 0.328      ; 23.771     ;
; -3.433 ; MEMWB_PipelineRegister:MEMWB_REG|register_NBit:REG_rd|dffg:\G_Register_NBit:2:REGI|s_Q         ; IFID_PipelineRegister:IFID_REG|register_NBit:REG_Instr|dffg:\G_Register_NBit:1:REGI|s_Q  ; iCLK         ; iCLK        ; 20.000       ; 0.324      ; 23.755     ;
; -3.427 ; MEMWB_PipelineRegister:MEMWB_REG|register_NBit:REG_rd|dffg:\G_Register_NBit:4:REGI|s_Q         ; IFID_PipelineRegister:IFID_REG|register_NBit:REG_Instr|dffg:\G_Register_NBit:28:REGI|s_Q ; iCLK         ; iCLK        ; 20.000       ; 0.317      ; 23.742     ;
; -3.426 ; MEMWB_PipelineRegister:MEMWB_REG|register_NBit:REG_rd|dffg:\G_Register_NBit:1:REGI|s_Q         ; IFID_PipelineRegister:IFID_REG|register_NBit:REG_Instr|dffg:\G_Register_NBit:3:REGI|s_Q  ; iCLK         ; iCLK        ; 20.000       ; -0.107     ; 23.317     ;
; -3.426 ; MEMWB_PipelineRegister:MEMWB_REG|register_NBit:REG_Ctrl|dffg:\G_Register_NBit:0:REGI|s_Q       ; IFID_PipelineRegister:IFID_REG|register_NBit:REG_Instr|dffg:\G_Register_NBit:3:REGI|s_Q  ; iCLK         ; iCLK        ; 20.000       ; -0.086     ; 23.338     ;
; -3.418 ; EXMEM_PipelineRegister:EXMEM_REG|register_NBit:REG_rd|dffg:\G_Register_NBit:2:REGI|s_Q         ; IFID_PipelineRegister:IFID_REG|register_NBit:REG_Instr|dffg:\G_Register_NBit:13:REGI|s_Q ; iCLK         ; iCLK        ; 20.000       ; 0.331      ; 23.747     ;
; -3.418 ; EXMEM_PipelineRegister:EXMEM_REG|register_NBit:REG_rd|dffg:\G_Register_NBit:2:REGI|s_Q         ; IFID_PipelineRegister:IFID_REG|register_NBit:REG_Instr|dffg:\G_Register_NBit:30:REGI|s_Q ; iCLK         ; iCLK        ; 20.000       ; 0.331      ; 23.747     ;
; -3.414 ; IDEX_PipelineRegister:IDEX_REG|register_NBit:REG_Instr|dffg:\G_Register_NBit:20:REGI|s_Q       ; IFID_PipelineRegister:IFID_REG|register_NBit:REG_Instr|dffg:\G_Register_NBit:4:REGI|s_Q  ; iCLK         ; iCLK        ; 20.000       ; 0.328      ; 23.740     ;
; -3.414 ; IDEX_PipelineRegister:IDEX_REG|register_NBit:REG_Instr|dffg:\G_Register_NBit:20:REGI|s_Q       ; IFID_PipelineRegister:IFID_REG|register_NBit:REG_Instr|dffg:\G_Register_NBit:29:REGI|s_Q ; iCLK         ; iCLK        ; 20.000       ; 0.328      ; 23.740     ;
; -3.413 ; EXMEM_PipelineRegister:EXMEM_REG|register_NBit:REG_rd|dffg:\G_Register_NBit:3:REGI|s_Q         ; IFID_PipelineRegister:IFID_REG|register_NBit:REG_Instr|dffg:\G_Register_NBit:4:REGI|s_Q  ; iCLK         ; iCLK        ; 20.000       ; 0.330      ; 23.741     ;
; -3.413 ; EXMEM_PipelineRegister:EXMEM_REG|register_NBit:REG_rd|dffg:\G_Register_NBit:3:REGI|s_Q         ; IFID_PipelineRegister:IFID_REG|register_NBit:REG_Instr|dffg:\G_Register_NBit:29:REGI|s_Q ; iCLK         ; iCLK        ; 20.000       ; 0.330      ; 23.741     ;
; -3.412 ; MEMWB_PipelineRegister:MEMWB_REG|register_NBit:REG_rd|dffg:\G_Register_NBit:4:REGI|s_Q         ; IFID_PipelineRegister:IFID_REG|register_NBit:REG_Instr|dffg:\G_Register_NBit:1:REGI|s_Q  ; iCLK         ; iCLK        ; 20.000       ; 0.324      ; 23.734     ;
; -3.397 ; EXMEM_PipelineRegister:EXMEM_REG|register_NBit:REG_ALU_Result|dffg:\G_Register_NBit:0:REGI|s_Q ; IFID_PipelineRegister:IFID_REG|register_NBit:REG_Instr|dffg:\G_Register_NBit:0:REGI|s_Q  ; iCLK         ; iCLK        ; 20.000       ; -0.094     ; 23.301     ;
; -3.394 ; EXMEM_PipelineRegister:EXMEM_REG|register_NBit:REG_rd|dffg:\G_Register_NBit:1:REGI|s_Q         ; IFID_PipelineRegister:IFID_REG|register_NBit:REG_Instr|dffg:\G_Register_NBit:10:REGI|s_Q ; iCLK         ; iCLK        ; 20.000       ; 0.339      ; 23.731     ;
; -3.394 ; EXMEM_PipelineRegister:EXMEM_REG|register_NBit:REG_rd|dffg:\G_Register_NBit:1:REGI|s_Q         ; IFID_PipelineRegister:IFID_REG|register_NBit:REG_Instr|dffg:\G_Register_NBit:8:REGI|s_Q  ; iCLK         ; iCLK        ; 20.000       ; 0.339      ; 23.731     ;
; -3.394 ; EXMEM_PipelineRegister:EXMEM_REG|register_NBit:REG_rd|dffg:\G_Register_NBit:1:REGI|s_Q         ; IFID_PipelineRegister:IFID_REG|register_NBit:REG_Instr|dffg:\G_Register_NBit:19:REGI|s_Q ; iCLK         ; iCLK        ; 20.000       ; 0.339      ; 23.731     ;
; -3.394 ; EXMEM_PipelineRegister:EXMEM_REG|register_NBit:REG_rd|dffg:\G_Register_NBit:1:REGI|s_Q         ; IFID_PipelineRegister:IFID_REG|register_NBit:REG_Instr|dffg:\G_Register_NBit:26:REGI|s_Q ; iCLK         ; iCLK        ; 20.000       ; 0.339      ; 23.731     ;
; -3.389 ; EXMEM_PipelineRegister:EXMEM_REG|register_NBit:REG_rd|dffg:\G_Register_NBit:2:REGI|s_Q         ; IFID_PipelineRegister:IFID_REG|register_NBit:REG_Instr|dffg:\G_Register_NBit:28:REGI|s_Q ; iCLK         ; iCLK        ; 20.000       ; 0.319      ; 23.706     ;
; -3.382 ; EXMEM_PipelineRegister:EXMEM_REG|register_NBit:REG_rd|dffg:\G_Register_NBit:0:REGI|s_Q         ; IFID_PipelineRegister:IFID_REG|register_NBit:REG_Instr|dffg:\G_Register_NBit:4:REGI|s_Q  ; iCLK         ; iCLK        ; 20.000       ; 0.330      ; 23.710     ;
+--------+------------------------------------------------------------------------------------------------+------------------------------------------------------------------------------------------+--------------+-------------+--------------+------------+------------+


+---------------------------------------------------------------------------------------------------------------------------------------------------------------------------------------------------------------------------------------------------------------------------------+
; Slow 1200mV 85C Model Hold: 'iCLK'                                                                                                                                                                                                                                              ;
+-------+-------------------------------------------------------------------------------------------------+-------------------------------------------------------------------------------------------------+--------------+-------------+--------------+------------+------------+
; Slack ; From Node                                                                                       ; To Node                                                                                         ; Launch Clock ; Latch Clock ; Relationship ; Clock Skew ; Data Delay ;
+-------+-------------------------------------------------------------------------------------------------+-------------------------------------------------------------------------------------------------+--------------+-------------+--------------+------------+------------+
; 0.429 ; IDEX_PipelineRegister:IDEX_REG|register_NBit:REG_PC_Plus4|dffg:\G_Register_NBit:28:REGI|s_Q     ; EXMEM_PipelineRegister:EXMEM_REG|register_NBit:REG_PC_Plus4|dffg:\G_Register_NBit:28:REGI|s_Q   ; iCLK         ; iCLK        ; 0.000        ; 0.081      ; 0.696      ;
; 0.429 ; IDEX_PipelineRegister:IDEX_REG|register_NBit:REG_PC_Plus4|dffg:\G_Register_NBit:3:REGI|s_Q      ; EXMEM_PipelineRegister:EXMEM_REG|register_NBit:REG_PC_Plus4|dffg:\G_Register_NBit:3:REGI|s_Q    ; iCLK         ; iCLK        ; 0.000        ; 0.081      ; 0.696      ;
; 0.429 ; IDEX_PipelineRegister:IDEX_REG|register_NBit:REG_PC_Plus4|dffg:\G_Register_NBit:14:REGI|s_Q     ; EXMEM_PipelineRegister:EXMEM_REG|register_NBit:REG_PC_Plus4|dffg:\G_Register_NBit:14:REGI|s_Q   ; iCLK         ; iCLK        ; 0.000        ; 0.081      ; 0.696      ;
; 0.429 ; IDEX_PipelineRegister:IDEX_REG|register_NBit:REG_PC_Plus4|dffg:\G_Register_NBit:7:REGI|s_Q      ; EXMEM_PipelineRegister:EXMEM_REG|register_NBit:REG_PC_Plus4|dffg:\G_Register_NBit:7:REGI|s_Q    ; iCLK         ; iCLK        ; 0.000        ; 0.081      ; 0.696      ;
; 0.430 ; IDEX_PipelineRegister:IDEX_REG|register_NBit:REG_PC_Plus4|dffg:\G_Register_NBit:29:REGI|s_Q     ; EXMEM_PipelineRegister:EXMEM_REG|register_NBit:REG_PC_Plus4|dffg:\G_Register_NBit:29:REGI|s_Q   ; iCLK         ; iCLK        ; 0.000        ; 0.081      ; 0.697      ;
; 0.430 ; IDEX_PipelineRegister:IDEX_REG|register_NBit:REG_PC_Plus4|dffg:\G_Register_NBit:15:REGI|s_Q     ; EXMEM_PipelineRegister:EXMEM_REG|register_NBit:REG_PC_Plus4|dffg:\G_Register_NBit:15:REGI|s_Q   ; iCLK         ; iCLK        ; 0.000        ; 0.080      ; 0.696      ;
; 0.430 ; IDEX_PipelineRegister:IDEX_REG|register_NBit:REG_PC_Plus4|dffg:\G_Register_NBit:9:REGI|s_Q      ; EXMEM_PipelineRegister:EXMEM_REG|register_NBit:REG_PC_Plus4|dffg:\G_Register_NBit:9:REGI|s_Q    ; iCLK         ; iCLK        ; 0.000        ; 0.081      ; 0.697      ;
; 0.552 ; IFID_PipelineRegister:IFID_REG|register_NBit:REG_PC_Plus4|dffg:\G_Register_NBit:14:REGI|s_Q     ; IDEX_PipelineRegister:IDEX_REG|register_NBit:REG_PC_Plus4|dffg:\G_Register_NBit:14:REGI|s_Q     ; iCLK         ; iCLK        ; 0.000        ; 0.081      ; 0.819      ;
; 0.589 ; IFID_PipelineRegister:IFID_REG|register_NBit:REG_PC_Plus4|dffg:\G_Register_NBit:28:REGI|s_Q     ; IDEX_PipelineRegister:IDEX_REG|register_NBit:REG_PC_Plus4|dffg:\G_Register_NBit:28:REGI|s_Q     ; iCLK         ; iCLK        ; 0.000        ; 0.081      ; 0.856      ;
; 0.599 ; IDEX_PipelineRegister:IDEX_REG|register_NBit:REG_PC_Plus4|dffg:\G_Register_NBit:12:REGI|s_Q     ; EXMEM_PipelineRegister:EXMEM_REG|register_NBit:REG_PC_Plus4|dffg:\G_Register_NBit:12:REGI|s_Q   ; iCLK         ; iCLK        ; 0.000        ; 0.081      ; 0.866      ;
; 0.600 ; EXMEM_PipelineRegister:EXMEM_REG|register_NBit:REG_PC_Plus4|dffg:\G_Register_NBit:20:REGI|s_Q   ; MEMWB_PipelineRegister:MEMWB_REG|register_NBit:REG_PC_Plus4|dffg:\G_Register_NBit:20:REGI|s_Q   ; iCLK         ; iCLK        ; 0.000        ; 0.081      ; 0.867      ;
; 0.600 ; EXMEM_PipelineRegister:EXMEM_REG|register_NBit:REG_PC_Plus4|dffg:\G_Register_NBit:22:REGI|s_Q   ; MEMWB_PipelineRegister:MEMWB_REG|register_NBit:REG_PC_Plus4|dffg:\G_Register_NBit:22:REGI|s_Q   ; iCLK         ; iCLK        ; 0.000        ; 0.080      ; 0.866      ;
; 0.601 ; EXMEM_PipelineRegister:EXMEM_REG|register_NBit:REG_PC_Plus4|dffg:\G_Register_NBit:27:REGI|s_Q   ; MEMWB_PipelineRegister:MEMWB_REG|register_NBit:REG_PC_Plus4|dffg:\G_Register_NBit:27:REGI|s_Q   ; iCLK         ; iCLK        ; 0.000        ; 0.081      ; 0.868      ;
; 0.601 ; IDEX_PipelineRegister:IDEX_REG|register_NBit:REG_PC_Plus4|dffg:\G_Register_NBit:8:REGI|s_Q      ; EXMEM_PipelineRegister:EXMEM_REG|register_NBit:REG_PC_Plus4|dffg:\G_Register_NBit:8:REGI|s_Q    ; iCLK         ; iCLK        ; 0.000        ; 0.081      ; 0.868      ;
; 0.601 ; IDEX_PipelineRegister:IDEX_REG|register_NBit:REG_PC_Plus4|dffg:\G_Register_NBit:4:REGI|s_Q      ; EXMEM_PipelineRegister:EXMEM_REG|register_NBit:REG_PC_Plus4|dffg:\G_Register_NBit:4:REGI|s_Q    ; iCLK         ; iCLK        ; 0.000        ; 0.080      ; 0.867      ;
; 0.601 ; IDEX_PipelineRegister:IDEX_REG|register_NBit:REG_PC_Plus4|dffg:\G_Register_NBit:13:REGI|s_Q     ; EXMEM_PipelineRegister:EXMEM_REG|register_NBit:REG_PC_Plus4|dffg:\G_Register_NBit:13:REGI|s_Q   ; iCLK         ; iCLK        ; 0.000        ; 0.081      ; 0.868      ;
; 0.602 ; EXMEM_PipelineRegister:EXMEM_REG|register_NBit:REG_PC_Plus4|dffg:\G_Register_NBit:21:REGI|s_Q   ; MEMWB_PipelineRegister:MEMWB_REG|register_NBit:REG_PC_Plus4|dffg:\G_Register_NBit:21:REGI|s_Q   ; iCLK         ; iCLK        ; 0.000        ; 0.081      ; 0.869      ;
; 0.603 ; IDEX_PipelineRegister:IDEX_REG|register_NBit:REG_PC_Plus4|dffg:\G_Register_NBit:11:REGI|s_Q     ; EXMEM_PipelineRegister:EXMEM_REG|register_NBit:REG_PC_Plus4|dffg:\G_Register_NBit:11:REGI|s_Q   ; iCLK         ; iCLK        ; 0.000        ; 0.080      ; 0.869      ;
; 0.605 ; IDEX_PipelineRegister:IDEX_REG|register_NBit:REG_PC_Plus4|dffg:\G_Register_NBit:26:REGI|s_Q     ; EXMEM_PipelineRegister:EXMEM_REG|register_NBit:REG_PC_Plus4|dffg:\G_Register_NBit:26:REGI|s_Q   ; iCLK         ; iCLK        ; 0.000        ; 0.551      ; 1.342      ;
; 0.617 ; IDEX_PipelineRegister:IDEX_REG|register_NBit:REG_PC_Plus4|dffg:\G_Register_NBit:18:REGI|s_Q     ; EXMEM_PipelineRegister:EXMEM_REG|register_NBit:REG_PC_Plus4|dffg:\G_Register_NBit:18:REGI|s_Q   ; iCLK         ; iCLK        ; 0.000        ; 0.078      ; 0.881      ;
; 0.621 ; IFID_PipelineRegister:IFID_REG|register_NBit:REG_PC_Plus4|dffg:\G_Register_NBit:27:REGI|s_Q     ; IDEX_PipelineRegister:IDEX_REG|register_NBit:REG_PC_Plus4|dffg:\G_Register_NBit:27:REGI|s_Q     ; iCLK         ; iCLK        ; 0.000        ; 0.081      ; 0.888      ;
; 0.621 ; EXMEM_PipelineRegister:EXMEM_REG|register_NBit:REG_Ctrl|dffg:\G_Register_NBit:5:REGI|s_Q        ; MEMWB_PipelineRegister:MEMWB_REG|register_NBit:REG_Ctrl|dffg:\G_Register_NBit:2:REGI|s_Q        ; iCLK         ; iCLK        ; 0.000        ; 0.081      ; 0.888      ;
; 0.639 ; IFID_PipelineRegister:IFID_REG|register_NBit:REG_PC_Plus4|dffg:\G_Register_NBit:20:REGI|s_Q     ; IDEX_PipelineRegister:IDEX_REG|register_NBit:REG_PC_Plus4|dffg:\G_Register_NBit:20:REGI|s_Q     ; iCLK         ; iCLK        ; 0.000        ; 0.080      ; 0.905      ;
; 0.641 ; IFID_PipelineRegister:IFID_REG|register_NBit:REG_PC_Plus4|dffg:\G_Register_NBit:17:REGI|s_Q     ; IDEX_PipelineRegister:IDEX_REG|register_NBit:REG_PC_Plus4|dffg:\G_Register_NBit:17:REGI|s_Q     ; iCLK         ; iCLK        ; 0.000        ; 0.080      ; 0.907      ;
; 0.641 ; IFID_PipelineRegister:IFID_REG|register_NBit:REG_PC_Plus4|dffg:\G_Register_NBit:23:REGI|s_Q     ; IDEX_PipelineRegister:IDEX_REG|register_NBit:REG_PC_Plus4|dffg:\G_Register_NBit:23:REGI|s_Q     ; iCLK         ; iCLK        ; 0.000        ; 0.080      ; 0.907      ;
; 0.642 ; IFID_PipelineRegister:IFID_REG|register_NBit:REG_PC_Plus4|dffg:\G_Register_NBit:25:REGI|s_Q     ; IDEX_PipelineRegister:IDEX_REG|register_NBit:REG_PC_Plus4|dffg:\G_Register_NBit:25:REGI|s_Q     ; iCLK         ; iCLK        ; 0.000        ; 0.080      ; 0.908      ;
; 0.651 ; sw_fetch_unit:F_UNIT_SW|pc_register:PC_REG|dffg:\GEN_TOP:31:DFF_i|s_Q                           ; IFID_PipelineRegister:IFID_REG|register_NBit:REG_PC_Plus4|dffg:\G_Register_NBit:31:REGI|s_Q     ; iCLK         ; iCLK        ; 0.000        ; 0.081      ; 0.918      ;
; 0.652 ; IDEX_PipelineRegister:IDEX_REG|register_NBit:REG_rs2|dffg:\G_Register_NBit:18:REGI|s_Q          ; EXMEM_PipelineRegister:EXMEM_REG|register_NBit:REG_rs2|dffg:\G_Register_NBit:18:REGI|s_Q        ; iCLK         ; iCLK        ; 0.000        ; 0.080      ; 0.918      ;
; 0.655 ; IFID_PipelineRegister:IFID_REG|register_NBit:REG_PC_Plus4|dffg:\G_Register_NBit:30:REGI|s_Q     ; IDEX_PipelineRegister:IDEX_REG|register_NBit:REG_PC_Plus4|dffg:\G_Register_NBit:30:REGI|s_Q     ; iCLK         ; iCLK        ; 0.000        ; 0.081      ; 0.922      ;
; 0.655 ; IFID_PipelineRegister:IFID_REG|register_NBit:REG_PC_Plus4|dffg:\G_Register_NBit:31:REGI|s_Q     ; IDEX_PipelineRegister:IDEX_REG|register_NBit:REG_PC_Plus4|dffg:\G_Register_NBit:31:REGI|s_Q     ; iCLK         ; iCLK        ; 0.000        ; 0.081      ; 0.922      ;
; 0.657 ; IFID_PipelineRegister:IFID_REG|register_NBit:REG_PC_Plus4|dffg:\G_Register_NBit:19:REGI|s_Q     ; IDEX_PipelineRegister:IDEX_REG|register_NBit:REG_PC_Plus4|dffg:\G_Register_NBit:19:REGI|s_Q     ; iCLK         ; iCLK        ; 0.000        ; 0.080      ; 0.923      ;
; 0.680 ; sw_fetch_unit:F_UNIT_SW|pc_register:PC_REG|dffg:\GEN_TOP:25:DFF_i|s_Q                           ; IFID_PipelineRegister:IFID_REG|register_NBit:REG_PC_Plus4|dffg:\G_Register_NBit:25:REGI|s_Q     ; iCLK         ; iCLK        ; 0.000        ; 0.080      ; 0.946      ;
; 0.684 ; IFID_PipelineRegister:IFID_REG|register_NBit:REG_PC_Plus4|dffg:\G_Register_NBit:29:REGI|s_Q     ; IDEX_PipelineRegister:IDEX_REG|register_NBit:REG_PC_Plus4|dffg:\G_Register_NBit:29:REGI|s_Q     ; iCLK         ; iCLK        ; 0.000        ; 0.081      ; 0.951      ;
; 0.686 ; IDEX_PipelineRegister:IDEX_REG|register_NBit:REG_PC_Plus4|dffg:\G_Register_NBit:25:REGI|s_Q     ; EXMEM_PipelineRegister:EXMEM_REG|register_NBit:REG_PC_Plus4|dffg:\G_Register_NBit:25:REGI|s_Q   ; iCLK         ; iCLK        ; 0.000        ; 0.515      ; 1.387      ;
; 0.689 ; EXMEM_PipelineRegister:EXMEM_REG|register_NBit:REG_Instr|dffg:\G_Register_NBit:13:REGI|s_Q      ; MEMWB_PipelineRegister:MEMWB_REG|register_NBit:REG_DMemOut|dffg:\G_Register_NBit:23:REGI|s_Q    ; iCLK         ; iCLK        ; 0.000        ; 0.081      ; 0.956      ;
; 0.690 ; EXMEM_PipelineRegister:EXMEM_REG|register_NBit:REG_Instr|dffg:\G_Register_NBit:13:REGI|s_Q      ; MEMWB_PipelineRegister:MEMWB_REG|register_NBit:REG_DMemOut|dffg:\G_Register_NBit:25:REGI|s_Q    ; iCLK         ; iCLK        ; 0.000        ; 0.081      ; 0.957      ;
; 0.690 ; EXMEM_PipelineRegister:EXMEM_REG|register_NBit:REG_Instr|dffg:\G_Register_NBit:13:REGI|s_Q      ; MEMWB_PipelineRegister:MEMWB_REG|register_NBit:REG_DMemOut|dffg:\G_Register_NBit:26:REGI|s_Q    ; iCLK         ; iCLK        ; 0.000        ; 0.081      ; 0.957      ;
; 0.691 ; EXMEM_PipelineRegister:EXMEM_REG|register_NBit:REG_Instr|dffg:\G_Register_NBit:13:REGI|s_Q      ; MEMWB_PipelineRegister:MEMWB_REG|register_NBit:REG_DMemOut|dffg:\G_Register_NBit:16:REGI|s_Q    ; iCLK         ; iCLK        ; 0.000        ; 0.081      ; 0.958      ;
; 0.693 ; IDEX_PipelineRegister:IDEX_REG|register_NBit:REG_rs2|dffg:\G_Register_NBit:8:REGI|s_Q           ; EXMEM_PipelineRegister:EXMEM_REG|register_NBit:REG_rs2|dffg:\G_Register_NBit:8:REGI|s_Q         ; iCLK         ; iCLK        ; 0.000        ; 0.081      ; 0.960      ;
; 0.705 ; sw_fetch_unit:F_UNIT_SW|pc_register:PC_REG|dffg:\GEN_BOTTOM:18:DFF_i|s_Q                        ; IFID_PipelineRegister:IFID_REG|register_NBit:REG_PC_Plus4|dffg:\G_Register_NBit:18:REGI|s_Q     ; iCLK         ; iCLK        ; 0.000        ; 0.080      ; 0.971      ;
; 0.721 ; sw_fetch_unit:F_UNIT_SW|pc_register:PC_REG|dffg:\GEN_BOTTOM:18:DFF_i|s_Q                        ; IFID_PipelineRegister:IFID_REG|register_NBit:REG_PC_Plus4|dffg:\G_Register_NBit:19:REGI|s_Q     ; iCLK         ; iCLK        ; 0.000        ; 0.080      ; 0.987      ;
; 0.746 ; IFID_PipelineRegister:IFID_REG|register_NBit:REG_PC_Plus4|dffg:\G_Register_NBit:18:REGI|s_Q     ; IDEX_PipelineRegister:IDEX_REG|register_NBit:REG_PC_Plus4|dffg:\G_Register_NBit:18:REGI|s_Q     ; iCLK         ; iCLK        ; 0.000        ; 0.078      ; 1.010      ;
; 0.762 ; EXMEM_PipelineRegister:EXMEM_REG|register_NBit:REG_PC_Plus4|dffg:\G_Register_NBit:30:REGI|s_Q   ; MEMWB_PipelineRegister:MEMWB_REG|register_NBit:REG_PC_Plus4|dffg:\G_Register_NBit:30:REGI|s_Q   ; iCLK         ; iCLK        ; 0.000        ; 0.083      ; 1.031      ;
; 0.763 ; IFID_PipelineRegister:IFID_REG|register_NBit:REG_PC_Plus4|dffg:\G_Register_NBit:16:REGI|s_Q     ; IDEX_PipelineRegister:IDEX_REG|register_NBit:REG_PC_Plus4|dffg:\G_Register_NBit:16:REGI|s_Q     ; iCLK         ; iCLK        ; 0.000        ; 0.494      ; 1.443      ;
; 0.764 ; EXMEM_PipelineRegister:EXMEM_REG|register_NBit:REG_PC_Plus4|dffg:\G_Register_NBit:8:REGI|s_Q    ; MEMWB_PipelineRegister:MEMWB_REG|register_NBit:REG_PC_Plus4|dffg:\G_Register_NBit:8:REGI|s_Q    ; iCLK         ; iCLK        ; 0.000        ; 0.081      ; 1.031      ;
; 0.770 ; EXMEM_PipelineRegister:EXMEM_REG|register_NBit:REG_PC_Plus4|dffg:\G_Register_NBit:23:REGI|s_Q   ; MEMWB_PipelineRegister:MEMWB_REG|register_NBit:REG_PC_Plus4|dffg:\G_Register_NBit:23:REGI|s_Q   ; iCLK         ; iCLK        ; 0.000        ; 0.081      ; 1.037      ;
; 0.783 ; EXMEM_PipelineRegister:EXMEM_REG|register_NBit:REG_ALU_Result|dffg:\G_Register_NBit:7:REGI|s_Q  ; MEMWB_PipelineRegister:MEMWB_REG|register_NBit:REG_ALU_Result|dffg:\G_Register_NBit:7:REGI|s_Q  ; iCLK         ; iCLK        ; 0.000        ; 0.099      ; 1.068      ;
; 0.797 ; EXMEM_PipelineRegister:EXMEM_REG|register_NBit:REG_ALU_Result|dffg:\G_Register_NBit:16:REGI|s_Q ; MEMWB_PipelineRegister:MEMWB_REG|register_NBit:REG_ALU_Result|dffg:\G_Register_NBit:16:REGI|s_Q ; iCLK         ; iCLK        ; 0.000        ; 0.081      ; 1.064      ;
; 0.799 ; IDEX_PipelineRegister:IDEX_REG|register_NBit:REG_PC_Plus4|dffg:\G_Register_NBit:19:REGI|s_Q     ; EXMEM_PipelineRegister:EXMEM_REG|register_NBit:REG_PC_Plus4|dffg:\G_Register_NBit:19:REGI|s_Q   ; iCLK         ; iCLK        ; 0.000        ; 0.078      ; 1.063      ;
; 0.805 ; IDEX_PipelineRegister:IDEX_REG|register_NBit:REG_rs2|dffg:\G_Register_NBit:27:REGI|s_Q          ; EXMEM_PipelineRegister:EXMEM_REG|register_NBit:REG_rs2|dffg:\G_Register_NBit:27:REGI|s_Q        ; iCLK         ; iCLK        ; 0.000        ; -0.297     ; 0.694      ;
; 0.805 ; IDEX_PipelineRegister:IDEX_REG|register_NBit:REG_PC_Plus4|dffg:\G_Register_NBit:10:REGI|s_Q     ; EXMEM_PipelineRegister:EXMEM_REG|register_NBit:REG_PC_Plus4|dffg:\G_Register_NBit:10:REGI|s_Q   ; iCLK         ; iCLK        ; 0.000        ; 0.082      ; 1.073      ;
; 0.807 ; EXMEM_PipelineRegister:EXMEM_REG|register_NBit:REG_PC_Plus4|dffg:\G_Register_NBit:1:REGI|s_Q    ; MEMWB_PipelineRegister:MEMWB_REG|register_NBit:REG_PC_Plus4|dffg:\G_Register_NBit:1:REGI|s_Q    ; iCLK         ; iCLK        ; 0.000        ; 0.078      ; 1.071      ;
; 0.814 ; IDEX_PipelineRegister:IDEX_REG|register_NBit:REG_rs2|dffg:\G_Register_NBit:9:REGI|s_Q           ; EXMEM_PipelineRegister:EXMEM_REG|register_NBit:REG_rs2|dffg:\G_Register_NBit:9:REGI|s_Q         ; iCLK         ; iCLK        ; 0.000        ; 0.079      ; 1.079      ;
; 0.821 ; MEMWB_PipelineRegister:MEMWB_REG|register_NBit:REG_ALU_Result|dffg:\G_Register_NBit:28:REGI|s_Q ; IDEX_PipelineRegister:IDEX_REG|register_NBit:REG_rs2|dffg:\G_Register_NBit:28:REGI|s_Q          ; iCLK         ; iCLK        ; 0.000        ; 0.478      ; 1.485      ;
; 0.822 ; IDEX_PipelineRegister:IDEX_REG|register_NBit:REG_PC_Plus4|dffg:\G_Register_NBit:21:REGI|s_Q     ; EXMEM_PipelineRegister:EXMEM_REG|register_NBit:REG_PC_Plus4|dffg:\G_Register_NBit:21:REGI|s_Q   ; iCLK         ; iCLK        ; 0.000        ; 0.085      ; 1.093      ;
; 0.829 ; sw_fetch_unit:F_UNIT_SW|pc_register:PC_REG|dffg:\GEN_BOTTOM:15:DFF_i|s_Q                        ; IFID_PipelineRegister:IFID_REG|register_NBit:REG_PC_Plus4|dffg:\G_Register_NBit:15:REGI|s_Q     ; iCLK         ; iCLK        ; 0.000        ; -0.299     ; 0.716      ;
; 0.838 ; EXMEM_PipelineRegister:EXMEM_REG|register_NBit:REG_PC_Plus4|dffg:\G_Register_NBit:18:REGI|s_Q   ; MEMWB_PipelineRegister:MEMWB_REG|register_NBit:REG_PC_Plus4|dffg:\G_Register_NBit:18:REGI|s_Q   ; iCLK         ; iCLK        ; 0.000        ; 0.071      ; 1.095      ;
; 0.843 ; sw_fetch_unit:F_UNIT_SW|pc_register:PC_REG|dffg:\GEN_BOTTOM:16:DFF_i|s_Q                        ; IFID_PipelineRegister:IFID_REG|register_NBit:REG_PC_Plus4|dffg:\G_Register_NBit:16:REGI|s_Q     ; iCLK         ; iCLK        ; 0.000        ; -0.299     ; 0.730      ;
; 0.843 ; IDEX_PipelineRegister:IDEX_REG|register_NBit:REG_PC_Plus4|dffg:\G_Register_NBit:5:REGI|s_Q      ; EXMEM_PipelineRegister:EXMEM_REG|register_NBit:REG_PC_Plus4|dffg:\G_Register_NBit:5:REGI|s_Q    ; iCLK         ; iCLK        ; 0.000        ; -0.334     ; 0.695      ;
; 0.869 ; IDEX_PipelineRegister:IDEX_REG|register_NBit:REG_rs2|dffg:\G_Register_NBit:23:REGI|s_Q          ; EXMEM_PipelineRegister:EXMEM_REG|register_NBit:REG_rs2|dffg:\G_Register_NBit:23:REGI|s_Q        ; iCLK         ; iCLK        ; 0.000        ; -0.363     ; 0.692      ;
; 0.870 ; IDEX_PipelineRegister:IDEX_REG|register_NBit:REG_rs2|dffg:\G_Register_NBit:26:REGI|s_Q          ; EXMEM_PipelineRegister:EXMEM_REG|register_NBit:REG_rs2|dffg:\G_Register_NBit:26:REGI|s_Q        ; iCLK         ; iCLK        ; 0.000        ; -0.363     ; 0.693      ;
; 0.872 ; EXMEM_PipelineRegister:EXMEM_REG|register_NBit:REG_PC_Plus4|dffg:\G_Register_NBit:0:REGI|s_Q    ; MEMWB_PipelineRegister:MEMWB_REG|register_NBit:REG_PC_Plus4|dffg:\G_Register_NBit:0:REGI|s_Q    ; iCLK         ; iCLK        ; 0.000        ; -0.362     ; 0.696      ;
; 0.874 ; sw_fetch_unit:F_UNIT_SW|pc_register:PC_REG|dffg:\GEN_BOTTOM:19:DFF_i|s_Q                        ; IFID_PipelineRegister:IFID_REG|register_NBit:REG_PC_Plus4|dffg:\G_Register_NBit:19:REGI|s_Q     ; iCLK         ; iCLK        ; 0.000        ; 0.080      ; 1.140      ;
; 0.883 ; IDEX_PipelineRegister:IDEX_REG|register_NBit:REG_PC_Plus4|dffg:\G_Register_NBit:31:REGI|s_Q     ; EXMEM_PipelineRegister:EXMEM_REG|register_NBit:REG_PC_Plus4|dffg:\G_Register_NBit:31:REGI|s_Q   ; iCLK         ; iCLK        ; 0.000        ; 0.070      ; 1.139      ;
; 0.888 ; IFID_PipelineRegister:IFID_REG|register_NBit:REG_PC_Plus4|dffg:\G_Register_NBit:24:REGI|s_Q     ; IDEX_PipelineRegister:IDEX_REG|register_NBit:REG_PC_Plus4|dffg:\G_Register_NBit:24:REGI|s_Q     ; iCLK         ; iCLK        ; 0.000        ; 0.078      ; 1.152      ;
; 0.892 ; IFID_PipelineRegister:IFID_REG|register_NBit:REG_PC_Plus4|dffg:\G_Register_NBit:26:REGI|s_Q     ; IDEX_PipelineRegister:IDEX_REG|register_NBit:REG_PC_Plus4|dffg:\G_Register_NBit:26:REGI|s_Q     ; iCLK         ; iCLK        ; 0.000        ; 0.078      ; 1.156      ;
; 0.894 ; IDEX_PipelineRegister:IDEX_REG|register_NBit:REG_Ctrl|dffg:\G_Register_NBit:4:REGI|s_Q          ; EXMEM_PipelineRegister:EXMEM_REG|register_NBit:REG_Ctrl|dffg:\G_Register_NBit:3:REGI|s_Q        ; iCLK         ; iCLK        ; 0.000        ; -0.362     ; 0.718      ;
; 0.932 ; IFID_PipelineRegister:IFID_REG|register_NBit:REG_PC_Plus4|dffg:\G_Register_NBit:22:REGI|s_Q     ; IDEX_PipelineRegister:IDEX_REG|register_NBit:REG_PC_Plus4|dffg:\G_Register_NBit:22:REGI|s_Q     ; iCLK         ; iCLK        ; 0.000        ; 0.115      ; 1.233      ;
; 0.933 ; MEMWB_PipelineRegister:MEMWB_REG|register_NBit:REG_ALU_Result|dffg:\G_Register_NBit:1:REGI|s_Q  ; IDEX_PipelineRegister:IDEX_REG|register_NBit:REG_rs2|dffg:\G_Register_NBit:1:REGI|s_Q           ; iCLK         ; iCLK        ; 0.000        ; 0.091      ; 1.210      ;
; 0.933 ; sw_fetch_unit:F_UNIT_SW|pc_register:PC_REG|dffg:\GEN_TOP:26:DFF_i|s_Q                           ; IFID_PipelineRegister:IFID_REG|register_NBit:REG_PC_Plus4|dffg:\G_Register_NBit:26:REGI|s_Q     ; iCLK         ; iCLK        ; 0.000        ; 0.080      ; 1.199      ;
; 0.939 ; IFID_PipelineRegister:IFID_REG|register_NBit:REG_PC|dffg:\G_Register_NBit:22:REGI|s_Q           ; IDEX_PipelineRegister:IDEX_REG|register_NBit:REG_PC|dffg:\G_Register_NBit:22:REGI|s_Q           ; iCLK         ; iCLK        ; 0.000        ; -0.305     ; 0.820      ;
; 0.940 ; IFID_PipelineRegister:IFID_REG|register_NBit:REG_PC|dffg:\G_Register_NBit:26:REGI|s_Q           ; IDEX_PipelineRegister:IDEX_REG|register_NBit:REG_PC|dffg:\G_Register_NBit:26:REGI|s_Q           ; iCLK         ; iCLK        ; 0.000        ; -0.304     ; 0.822      ;
; 0.941 ; IFID_PipelineRegister:IFID_REG|register_NBit:REG_PC|dffg:\G_Register_NBit:27:REGI|s_Q           ; IDEX_PipelineRegister:IDEX_REG|register_NBit:REG_PC|dffg:\G_Register_NBit:27:REGI|s_Q           ; iCLK         ; iCLK        ; 0.000        ; -0.305     ; 0.822      ;
; 0.946 ; MEMWB_PipelineRegister:MEMWB_REG|register_NBit:REG_ALU_Result|dffg:\G_Register_NBit:28:REGI|s_Q ; IDEX_PipelineRegister:IDEX_REG|register_NBit:REG_rs1|dffg:\G_Register_NBit:28:REGI|s_Q          ; iCLK         ; iCLK        ; 0.000        ; 0.079      ; 1.211      ;
; 0.949 ; sw_fetch_unit:F_UNIT_SW|pc_register:PC_REG|dffg:\GEN_BOTTOM:19:DFF_i|s_Q                        ; IFID_PipelineRegister:IFID_REG|register_NBit:REG_PC_Plus4|dffg:\G_Register_NBit:22:REGI|s_Q     ; iCLK         ; iCLK        ; 0.000        ; 0.479      ; 1.614      ;
; 0.961 ; IDEX_PipelineRegister:IDEX_REG|register_NBit:REG_rs2|dffg:\G_Register_NBit:3:REGI|s_Q           ; EXMEM_PipelineRegister:EXMEM_REG|register_NBit:REG_rs2|dffg:\G_Register_NBit:3:REGI|s_Q         ; iCLK         ; iCLK        ; 0.000        ; -0.332     ; 0.815      ;
; 0.964 ; IDEX_PipelineRegister:IDEX_REG|register_NBit:REG_rs2|dffg:\G_Register_NBit:20:REGI|s_Q          ; EXMEM_PipelineRegister:EXMEM_REG|register_NBit:REG_rs2|dffg:\G_Register_NBit:20:REGI|s_Q        ; iCLK         ; iCLK        ; 0.000        ; -0.334     ; 0.816      ;
; 0.966 ; sw_fetch_unit:F_UNIT_SW|pc_register:PC_REG|dffg:\GEN_TOP:24:DFF_i|s_Q                           ; sw_fetch_unit:F_UNIT_SW|pc_register:PC_REG|dffg:\GEN_TOP:24:DFF_i|s_Q                           ; iCLK         ; iCLK        ; 0.000        ; 0.080      ; 1.232      ;
; 0.967 ; IDEX_PipelineRegister:IDEX_REG|register_NBit:REG_rs2|dffg:\G_Register_NBit:22:REGI|s_Q          ; EXMEM_PipelineRegister:EXMEM_REG|register_NBit:REG_rs2|dffg:\G_Register_NBit:22:REGI|s_Q        ; iCLK         ; iCLK        ; 0.000        ; -0.334     ; 0.819      ;
; 0.971 ; EXMEM_PipelineRegister:EXMEM_REG|register_NBit:REG_PC_Plus4|dffg:\G_Register_NBit:31:REGI|s_Q   ; MEMWB_PipelineRegister:MEMWB_REG|register_NBit:REG_PC_Plus4|dffg:\G_Register_NBit:31:REGI|s_Q   ; iCLK         ; iCLK        ; 0.000        ; 0.083      ; 1.240      ;
; 0.971 ; sw_fetch_unit:F_UNIT_SW|pc_register:PC_REG|dffg:\GEN_BOTTOM:16:DFF_i|s_Q                        ; sw_fetch_unit:F_UNIT_SW|pc_register:PC_REG|dffg:\GEN_BOTTOM:16:DFF_i|s_Q                        ; iCLK         ; iCLK        ; 0.000        ; 0.096      ; 1.253      ;
; 0.977 ; sw_fetch_unit:F_UNIT_SW|pc_register:PC_REG|dffg:\GEN_BOTTOM:14:DFF_i|s_Q                        ; sw_fetch_unit:F_UNIT_SW|pc_register:PC_REG|dffg:\GEN_BOTTOM:14:DFF_i|s_Q                        ; iCLK         ; iCLK        ; 0.000        ; 0.081      ; 1.244      ;
; 0.981 ; sw_fetch_unit:F_UNIT_SW|pc_register:PC_REG|dffg:\GEN_TOP:23:DFF_i|s_Q                           ; sw_fetch_unit:F_UNIT_SW|pc_register:PC_REG|dffg:\GEN_TOP:23:DFF_i|s_Q                           ; iCLK         ; iCLK        ; 0.000        ; 0.097      ; 1.264      ;
; 0.982 ; sw_fetch_unit:F_UNIT_SW|pc_register:PC_REG|dffg:\GEN_TOP:26:DFF_i|s_Q                           ; sw_fetch_unit:F_UNIT_SW|pc_register:PC_REG|dffg:\GEN_TOP:26:DFF_i|s_Q                           ; iCLK         ; iCLK        ; 0.000        ; 0.080      ; 1.248      ;
; 0.982 ; IDEX_PipelineRegister:IDEX_REG|register_NBit:REG_PC_Plus4|dffg:\G_Register_NBit:20:REGI|s_Q     ; EXMEM_PipelineRegister:EXMEM_REG|register_NBit:REG_PC_Plus4|dffg:\G_Register_NBit:20:REGI|s_Q   ; iCLK         ; iCLK        ; 0.000        ; 0.083      ; 1.251      ;
; 0.986 ; EXMEM_PipelineRegister:EXMEM_REG|register_NBit:REG_rd|dffg:\G_Register_NBit:3:REGI|s_Q          ; MEMWB_PipelineRegister:MEMWB_REG|register_NBit:REG_rd|dffg:\G_Register_NBit:3:REGI|s_Q          ; iCLK         ; iCLK        ; 0.000        ; 0.081      ; 1.253      ;
; 0.986 ; EXMEM_PipelineRegister:EXMEM_REG|register_NBit:REG_ALU_Result|dffg:\G_Register_NBit:11:REGI|s_Q ; MEMWB_PipelineRegister:MEMWB_REG|register_NBit:REG_ALU_Result|dffg:\G_Register_NBit:11:REGI|s_Q ; iCLK         ; iCLK        ; 0.000        ; 0.099      ; 1.271      ;
; 0.990 ; sw_fetch_unit:F_UNIT_SW|pc_register:PC_REG|dffg:\GEN_BOTTOM:19:DFF_i|s_Q                        ; sw_fetch_unit:F_UNIT_SW|pc_register:PC_REG|dffg:\GEN_BOTTOM:19:DFF_i|s_Q                        ; iCLK         ; iCLK        ; 0.000        ; 0.080      ; 1.256      ;
; 0.991 ; IDEX_PipelineRegister:IDEX_REG|register_NBit:REG_rs2|dffg:\G_Register_NBit:11:REGI|s_Q          ; EXMEM_PipelineRegister:EXMEM_REG|register_NBit:REG_rs2|dffg:\G_Register_NBit:11:REGI|s_Q        ; iCLK         ; iCLK        ; 0.000        ; -0.362     ; 0.815      ;
; 0.992 ; sw_fetch_unit:F_UNIT_SW|pc_register:PC_REG|dffg:\GEN_BOTTOM:19:DFF_i|s_Q                        ; sw_fetch_unit:F_UNIT_SW|pc_register:PC_REG|dffg:\GEN_BOTTOM:20:DFF_i|s_Q                        ; iCLK         ; iCLK        ; 0.000        ; 0.080      ; 1.258      ;
; 0.995 ; sw_fetch_unit:F_UNIT_SW|pc_register:PC_REG|dffg:\GEN_BOTTOM:18:DFF_i|s_Q                        ; IFID_PipelineRegister:IFID_REG|register_NBit:REG_PC|dffg:\G_Register_NBit:18:REGI|s_Q           ; iCLK         ; iCLK        ; 0.000        ; 0.477      ; 1.658      ;
; 0.996 ; sw_fetch_unit:F_UNIT_SW|pc_register:PC_REG|dffg:\GEN_BOTTOM:9:DFF_i|s_Q                         ; sw_fetch_unit:F_UNIT_SW|pc_register:PC_REG|dffg:\GEN_BOTTOM:9:DFF_i|s_Q                         ; iCLK         ; iCLK        ; 0.000        ; 0.096      ; 1.278      ;
; 0.996 ; EXMEM_PipelineRegister:EXMEM_REG|register_NBit:REG_Instr|dffg:\G_Register_NBit:14:REGI|s_Q      ; MEMWB_PipelineRegister:MEMWB_REG|register_NBit:REG_DMemOut|dffg:\G_Register_NBit:22:REGI|s_Q    ; iCLK         ; iCLK        ; 0.000        ; 0.498      ; 1.680      ;
; 0.997 ; EXMEM_PipelineRegister:EXMEM_REG|register_NBit:REG_rd|dffg:\G_Register_NBit:1:REGI|s_Q          ; MEMWB_PipelineRegister:MEMWB_REG|register_NBit:REG_rd|dffg:\G_Register_NBit:1:REGI|s_Q          ; iCLK         ; iCLK        ; 0.000        ; 0.083      ; 1.266      ;
; 0.999 ; sw_fetch_unit:F_UNIT_SW|pc_register:PC_REG|dffg:\GEN_BOTTOM:21:DFF_i|s_Q                        ; sw_fetch_unit:F_UNIT_SW|pc_register:PC_REG|dffg:DFF_22|s_Q                                      ; iCLK         ; iCLK        ; 0.000        ; 0.097      ; 1.282      ;
; 1.002 ; sw_fetch_unit:F_UNIT_SW|pc_register:PC_REG|dffg:\GEN_BOTTOM:3:DFF_i|s_Q                         ; sw_fetch_unit:F_UNIT_SW|pc_register:PC_REG|dffg:\GEN_BOTTOM:3:DFF_i|s_Q                         ; iCLK         ; iCLK        ; 0.000        ; 0.097      ; 1.285      ;
; 1.002 ; IDEX_PipelineRegister:IDEX_REG|register_NBit:REG_Imm|dffg:\G_Register_NBit:22:REGI|s_Q          ; sw_fetch_unit:F_UNIT_SW|pc_register:PC_REG|dffg:DFF_22|s_Q                                      ; iCLK         ; iCLK        ; 0.000        ; 0.057      ; 1.245      ;
; 1.009 ; sw_fetch_unit:F_UNIT_SW|pc_register:PC_REG|dffg:\GEN_BOTTOM:18:DFF_i|s_Q                        ; sw_fetch_unit:F_UNIT_SW|pc_register:PC_REG|dffg:\GEN_BOTTOM:18:DFF_i|s_Q                        ; iCLK         ; iCLK        ; 0.000        ; 0.080      ; 1.275      ;
; 1.009 ; EXMEM_PipelineRegister:EXMEM_REG|register_NBit:REG_rd|dffg:\G_Register_NBit:2:REGI|s_Q          ; MEMWB_PipelineRegister:MEMWB_REG|register_NBit:REG_rd|dffg:\G_Register_NBit:2:REGI|s_Q          ; iCLK         ; iCLK        ; 0.000        ; 0.083      ; 1.278      ;
; 1.010 ; IFID_PipelineRegister:IFID_REG|register_NBit:REG_PC_Plus4|dffg:\G_Register_NBit:5:REGI|s_Q      ; IDEX_PipelineRegister:IDEX_REG|register_NBit:REG_PC_Plus4|dffg:\G_Register_NBit:5:REGI|s_Q      ; iCLK         ; iCLK        ; 0.000        ; 0.107      ; 1.303      ;
+-------+-------------------------------------------------------------------------------------------------+-------------------------------------------------------------------------------------------------+--------------+-------------+--------------+------------+------------+


-----------------------------------------------
; Slow 1200mV 85C Model Metastability Summary ;
-----------------------------------------------
No synchronizer chains to report.


+-------------------------------------------------+
; Slow 1200mV 0C Model Fmax Summary               ;
+-----------+-----------------+------------+------+
; Fmax      ; Restricted Fmax ; Clock Name ; Note ;
+-----------+-----------------+------------+------+
; 44.59 MHz ; 44.59 MHz       ; iCLK       ;      ;
+-----------+-----------------+------------+------+
This panel reports FMAX for every clock in the design, regardless of the user-specified clock periods.  FMAX is only computed for paths where the source and destination registers or ports are driven by the same clock.  Paths of different clocks, including generated clocks, are ignored.  For paths between a clock and its inversion, FMAX is computed as if the rising and falling edges are scaled along with FMAX, such that the duty cycle (in terms of a percentage) is maintained. Altera recommends that you always use clock constraints and other slack reports for sign-off analysis.


+------------------------------------+
; Slow 1200mV 0C Model Setup Summary ;
+-------+--------+-------------------+
; Clock ; Slack  ; End Point TNS     ;
+-------+--------+-------------------+
; iCLK  ; -2.425 ; -323.563          ;
+-------+--------+-------------------+


+-----------------------------------+
; Slow 1200mV 0C Model Hold Summary ;
+-------+-------+-------------------+
; Clock ; Slack ; End Point TNS     ;
+-------+-------+-------------------+
; iCLK  ; 0.396 ; 0.000             ;
+-------+-------+-------------------+


-----------------------------------------
; Slow 1200mV 0C Model Recovery Summary ;
-----------------------------------------
No paths to report.


----------------------------------------
; Slow 1200mV 0C Model Removal Summary ;
----------------------------------------
No paths to report.


+--------------------------------------------------+
; Slow 1200mV 0C Model Minimum Pulse Width Summary ;
+-------+-------+----------------------------------+
; Clock ; Slack ; End Point TNS                    ;
+-------+-------+----------------------------------+
; iCLK  ; 9.772 ; 0.000                            ;
+-------+-------+----------------------------------+


+--------------------------------------------------------------------------------------------------------------------------------------------------------------------------------------------------------------------------------------------------------------------------+
; Slow 1200mV 0C Model Setup: 'iCLK'                                                                                                                                                                                                                                       ;
+--------+------------------------------------------------------------------------------------------------+------------------------------------------------------------------------------------------+--------------+-------------+--------------+------------+------------+
; Slack  ; From Node                                                                                      ; To Node                                                                                  ; Launch Clock ; Latch Clock ; Relationship ; Clock Skew ; Data Delay ;
+--------+------------------------------------------------------------------------------------------------+------------------------------------------------------------------------------------------+--------------+-------------+--------------+------------+------------+
; -2.425 ; IDEX_PipelineRegister:IDEX_REG|register_NBit:REG_Instr|dffg:\G_Register_NBit:21:REGI|s_Q       ; IFID_PipelineRegister:IFID_REG|register_NBit:REG_Instr|dffg:\G_Register_NBit:0:REGI|s_Q  ; iCLK         ; iCLK        ; 20.000       ; 0.305      ; 22.729     ;
; -2.409 ; EXMEM_PipelineRegister:EXMEM_REG|register_NBit:REG_rd|dffg:\G_Register_NBit:1:REGI|s_Q         ; IFID_PipelineRegister:IFID_REG|register_NBit:REG_Instr|dffg:\G_Register_NBit:0:REGI|s_Q  ; iCLK         ; iCLK        ; 20.000       ; 0.307      ; 22.715     ;
; -2.337 ; IDEX_PipelineRegister:IDEX_REG|register_NBit:REG_Instr|dffg:\G_Register_NBit:20:REGI|s_Q       ; IFID_PipelineRegister:IFID_REG|register_NBit:REG_Instr|dffg:\G_Register_NBit:0:REGI|s_Q  ; iCLK         ; iCLK        ; 20.000       ; 0.305      ; 22.641     ;
; -2.315 ; EXMEM_PipelineRegister:EXMEM_REG|register_NBit:REG_rd|dffg:\G_Register_NBit:3:REGI|s_Q         ; IFID_PipelineRegister:IFID_REG|register_NBit:REG_Instr|dffg:\G_Register_NBit:0:REGI|s_Q  ; iCLK         ; iCLK        ; 20.000       ; 0.307      ; 22.621     ;
; -2.291 ; IDEX_PipelineRegister:IDEX_REG|register_NBit:REG_Instr|dffg:\G_Register_NBit:21:REGI|s_Q       ; IFID_PipelineRegister:IFID_REG|register_NBit:REG_Instr|dffg:\G_Register_NBit:3:REGI|s_Q  ; iCLK         ; iCLK        ; 20.000       ; -0.089     ; 22.201     ;
; -2.276 ; EXMEM_PipelineRegister:EXMEM_REG|register_NBit:REG_rd|dffg:\G_Register_NBit:0:REGI|s_Q         ; IFID_PipelineRegister:IFID_REG|register_NBit:REG_Instr|dffg:\G_Register_NBit:0:REGI|s_Q  ; iCLK         ; iCLK        ; 20.000       ; 0.307      ; 22.582     ;
; -2.275 ; EXMEM_PipelineRegister:EXMEM_REG|register_NBit:REG_rd|dffg:\G_Register_NBit:1:REGI|s_Q         ; IFID_PipelineRegister:IFID_REG|register_NBit:REG_Instr|dffg:\G_Register_NBit:3:REGI|s_Q  ; iCLK         ; iCLK        ; 20.000       ; -0.087     ; 22.187     ;
; -2.203 ; IDEX_PipelineRegister:IDEX_REG|register_NBit:REG_Instr|dffg:\G_Register_NBit:20:REGI|s_Q       ; IFID_PipelineRegister:IFID_REG|register_NBit:REG_Instr|dffg:\G_Register_NBit:3:REGI|s_Q  ; iCLK         ; iCLK        ; 20.000       ; -0.089     ; 22.113     ;
; -2.181 ; EXMEM_PipelineRegister:EXMEM_REG|register_NBit:REG_rd|dffg:\G_Register_NBit:3:REGI|s_Q         ; IFID_PipelineRegister:IFID_REG|register_NBit:REG_Instr|dffg:\G_Register_NBit:3:REGI|s_Q  ; iCLK         ; iCLK        ; 20.000       ; -0.087     ; 22.093     ;
; -2.167 ; IDEX_PipelineRegister:IDEX_REG|register_NBit:REG_Instr|dffg:\G_Register_NBit:22:REGI|s_Q       ; IFID_PipelineRegister:IFID_REG|register_NBit:REG_Instr|dffg:\G_Register_NBit:0:REGI|s_Q  ; iCLK         ; iCLK        ; 20.000       ; 0.305      ; 22.471     ;
; -2.142 ; EXMEM_PipelineRegister:EXMEM_REG|register_NBit:REG_rd|dffg:\G_Register_NBit:0:REGI|s_Q         ; IFID_PipelineRegister:IFID_REG|register_NBit:REG_Instr|dffg:\G_Register_NBit:3:REGI|s_Q  ; iCLK         ; iCLK        ; 20.000       ; -0.087     ; 22.054     ;
; -2.105 ; IDEX_PipelineRegister:IDEX_REG|register_NBit:REG_Instr|dffg:\G_Register_NBit:21:REGI|s_Q       ; IFID_PipelineRegister:IFID_REG|register_NBit:REG_Instr|dffg:\G_Register_NBit:13:REGI|s_Q ; iCLK         ; iCLK        ; 20.000       ; 0.310      ; 22.414     ;
; -2.105 ; IDEX_PipelineRegister:IDEX_REG|register_NBit:REG_Instr|dffg:\G_Register_NBit:21:REGI|s_Q       ; IFID_PipelineRegister:IFID_REG|register_NBit:REG_Instr|dffg:\G_Register_NBit:30:REGI|s_Q ; iCLK         ; iCLK        ; 20.000       ; 0.310      ; 22.414     ;
; -2.089 ; IDEX_PipelineRegister:IDEX_REG|register_NBit:REG_Instr|dffg:\G_Register_NBit:21:REGI|s_Q       ; IFID_PipelineRegister:IFID_REG|register_NBit:REG_Instr|dffg:\G_Register_NBit:28:REGI|s_Q ; iCLK         ; iCLK        ; 20.000       ; 0.299      ; 22.387     ;
; -2.089 ; EXMEM_PipelineRegister:EXMEM_REG|register_NBit:REG_rd|dffg:\G_Register_NBit:1:REGI|s_Q         ; IFID_PipelineRegister:IFID_REG|register_NBit:REG_Instr|dffg:\G_Register_NBit:13:REGI|s_Q ; iCLK         ; iCLK        ; 20.000       ; 0.312      ; 22.400     ;
; -2.089 ; EXMEM_PipelineRegister:EXMEM_REG|register_NBit:REG_rd|dffg:\G_Register_NBit:1:REGI|s_Q         ; IFID_PipelineRegister:IFID_REG|register_NBit:REG_Instr|dffg:\G_Register_NBit:30:REGI|s_Q ; iCLK         ; iCLK        ; 20.000       ; 0.312      ; 22.400     ;
; -2.084 ; IDEX_PipelineRegister:IDEX_REG|register_NBit:REG_Instr|dffg:\G_Register_NBit:15:REGI|s_Q       ; IFID_PipelineRegister:IFID_REG|register_NBit:REG_Instr|dffg:\G_Register_NBit:0:REGI|s_Q  ; iCLK         ; iCLK        ; 20.000       ; 0.305      ; 22.388     ;
; -2.075 ; IDEX_PipelineRegister:IDEX_REG|register_NBit:REG_Instr|dffg:\G_Register_NBit:21:REGI|s_Q       ; IFID_PipelineRegister:IFID_REG|register_NBit:REG_Instr|dffg:\G_Register_NBit:1:REGI|s_Q  ; iCLK         ; iCLK        ; 20.000       ; 0.304      ; 22.378     ;
; -2.073 ; EXMEM_PipelineRegister:EXMEM_REG|register_NBit:REG_rd|dffg:\G_Register_NBit:1:REGI|s_Q         ; IFID_PipelineRegister:IFID_REG|register_NBit:REG_Instr|dffg:\G_Register_NBit:28:REGI|s_Q ; iCLK         ; iCLK        ; 20.000       ; 0.301      ; 22.373     ;
; -2.059 ; EXMEM_PipelineRegister:EXMEM_REG|register_NBit:REG_rd|dffg:\G_Register_NBit:1:REGI|s_Q         ; IFID_PipelineRegister:IFID_REG|register_NBit:REG_Instr|dffg:\G_Register_NBit:1:REGI|s_Q  ; iCLK         ; iCLK        ; 20.000       ; 0.306      ; 22.364     ;
; -2.033 ; IDEX_PipelineRegister:IDEX_REG|register_NBit:REG_Instr|dffg:\G_Register_NBit:22:REGI|s_Q       ; IFID_PipelineRegister:IFID_REG|register_NBit:REG_Instr|dffg:\G_Register_NBit:3:REGI|s_Q  ; iCLK         ; iCLK        ; 20.000       ; -0.089     ; 21.943     ;
; -2.017 ; IDEX_PipelineRegister:IDEX_REG|register_NBit:REG_Instr|dffg:\G_Register_NBit:20:REGI|s_Q       ; IFID_PipelineRegister:IFID_REG|register_NBit:REG_Instr|dffg:\G_Register_NBit:13:REGI|s_Q ; iCLK         ; iCLK        ; 20.000       ; 0.310      ; 22.326     ;
; -2.017 ; IDEX_PipelineRegister:IDEX_REG|register_NBit:REG_Instr|dffg:\G_Register_NBit:20:REGI|s_Q       ; IFID_PipelineRegister:IFID_REG|register_NBit:REG_Instr|dffg:\G_Register_NBit:30:REGI|s_Q ; iCLK         ; iCLK        ; 20.000       ; 0.310      ; 22.326     ;
; -2.001 ; IDEX_PipelineRegister:IDEX_REG|register_NBit:REG_Instr|dffg:\G_Register_NBit:20:REGI|s_Q       ; IFID_PipelineRegister:IFID_REG|register_NBit:REG_Instr|dffg:\G_Register_NBit:28:REGI|s_Q ; iCLK         ; iCLK        ; 20.000       ; 0.299      ; 22.299     ;
; -1.995 ; EXMEM_PipelineRegister:EXMEM_REG|register_NBit:REG_rd|dffg:\G_Register_NBit:3:REGI|s_Q         ; IFID_PipelineRegister:IFID_REG|register_NBit:REG_Instr|dffg:\G_Register_NBit:13:REGI|s_Q ; iCLK         ; iCLK        ; 20.000       ; 0.312      ; 22.306     ;
; -1.995 ; EXMEM_PipelineRegister:EXMEM_REG|register_NBit:REG_rd|dffg:\G_Register_NBit:3:REGI|s_Q         ; IFID_PipelineRegister:IFID_REG|register_NBit:REG_Instr|dffg:\G_Register_NBit:30:REGI|s_Q ; iCLK         ; iCLK        ; 20.000       ; 0.312      ; 22.306     ;
; -1.987 ; IDEX_PipelineRegister:IDEX_REG|register_NBit:REG_Instr|dffg:\G_Register_NBit:20:REGI|s_Q       ; IFID_PipelineRegister:IFID_REG|register_NBit:REG_Instr|dffg:\G_Register_NBit:1:REGI|s_Q  ; iCLK         ; iCLK        ; 20.000       ; 0.304      ; 22.290     ;
; -1.979 ; EXMEM_PipelineRegister:EXMEM_REG|register_NBit:REG_rd|dffg:\G_Register_NBit:3:REGI|s_Q         ; IFID_PipelineRegister:IFID_REG|register_NBit:REG_Instr|dffg:\G_Register_NBit:28:REGI|s_Q ; iCLK         ; iCLK        ; 20.000       ; 0.301      ; 22.279     ;
; -1.967 ; MEMWB_PipelineRegister:MEMWB_REG|register_NBit:REG_rd|dffg:\G_Register_NBit:2:REGI|s_Q         ; IFID_PipelineRegister:IFID_REG|register_NBit:REG_Instr|dffg:\G_Register_NBit:0:REGI|s_Q  ; iCLK         ; iCLK        ; 20.000       ; 0.305      ; 22.271     ;
; -1.965 ; EXMEM_PipelineRegister:EXMEM_REG|register_NBit:REG_rd|dffg:\G_Register_NBit:3:REGI|s_Q         ; IFID_PipelineRegister:IFID_REG|register_NBit:REG_Instr|dffg:\G_Register_NBit:1:REGI|s_Q  ; iCLK         ; iCLK        ; 20.000       ; 0.306      ; 22.270     ;
; -1.956 ; EXMEM_PipelineRegister:EXMEM_REG|register_NBit:REG_rd|dffg:\G_Register_NBit:0:REGI|s_Q         ; IFID_PipelineRegister:IFID_REG|register_NBit:REG_Instr|dffg:\G_Register_NBit:13:REGI|s_Q ; iCLK         ; iCLK        ; 20.000       ; 0.312      ; 22.267     ;
; -1.956 ; EXMEM_PipelineRegister:EXMEM_REG|register_NBit:REG_rd|dffg:\G_Register_NBit:0:REGI|s_Q         ; IFID_PipelineRegister:IFID_REG|register_NBit:REG_Instr|dffg:\G_Register_NBit:30:REGI|s_Q ; iCLK         ; iCLK        ; 20.000       ; 0.312      ; 22.267     ;
; -1.951 ; MEMWB_PipelineRegister:MEMWB_REG|register_NBit:REG_rd|dffg:\G_Register_NBit:4:REGI|s_Q         ; IFID_PipelineRegister:IFID_REG|register_NBit:REG_Instr|dffg:\G_Register_NBit:0:REGI|s_Q  ; iCLK         ; iCLK        ; 20.000       ; 0.305      ; 22.255     ;
; -1.950 ; IDEX_PipelineRegister:IDEX_REG|register_NBit:REG_Instr|dffg:\G_Register_NBit:15:REGI|s_Q       ; IFID_PipelineRegister:IFID_REG|register_NBit:REG_Instr|dffg:\G_Register_NBit:3:REGI|s_Q  ; iCLK         ; iCLK        ; 20.000       ; -0.089     ; 21.860     ;
; -1.940 ; EXMEM_PipelineRegister:EXMEM_REG|register_NBit:REG_rd|dffg:\G_Register_NBit:0:REGI|s_Q         ; IFID_PipelineRegister:IFID_REG|register_NBit:REG_Instr|dffg:\G_Register_NBit:28:REGI|s_Q ; iCLK         ; iCLK        ; 20.000       ; 0.301      ; 22.240     ;
; -1.938 ; MEMWB_PipelineRegister:MEMWB_REG|register_NBit:REG_Ctrl|dffg:\G_Register_NBit:1:REGI|s_Q       ; IFID_PipelineRegister:IFID_REG|register_NBit:REG_Instr|dffg:\G_Register_NBit:0:REGI|s_Q  ; iCLK         ; iCLK        ; 20.000       ; 0.322      ; 22.259     ;
; -1.933 ; EXMEM_PipelineRegister:EXMEM_REG|register_NBit:REG_rd|dffg:\G_Register_NBit:2:REGI|s_Q         ; IFID_PipelineRegister:IFID_REG|register_NBit:REG_Instr|dffg:\G_Register_NBit:0:REGI|s_Q  ; iCLK         ; iCLK        ; 20.000       ; 0.307      ; 22.239     ;
; -1.926 ; EXMEM_PipelineRegister:EXMEM_REG|register_NBit:REG_rd|dffg:\G_Register_NBit:0:REGI|s_Q         ; IFID_PipelineRegister:IFID_REG|register_NBit:REG_Instr|dffg:\G_Register_NBit:1:REGI|s_Q  ; iCLK         ; iCLK        ; 20.000       ; 0.306      ; 22.231     ;
; -1.880 ; IDEX_PipelineRegister:IDEX_REG|register_NBit:REG_Instr|dffg:\G_Register_NBit:23:REGI|s_Q       ; IFID_PipelineRegister:IFID_REG|register_NBit:REG_Instr|dffg:\G_Register_NBit:0:REGI|s_Q  ; iCLK         ; iCLK        ; 20.000       ; 0.305      ; 22.184     ;
; -1.847 ; IDEX_PipelineRegister:IDEX_REG|register_NBit:REG_Instr|dffg:\G_Register_NBit:22:REGI|s_Q       ; IFID_PipelineRegister:IFID_REG|register_NBit:REG_Instr|dffg:\G_Register_NBit:13:REGI|s_Q ; iCLK         ; iCLK        ; 20.000       ; 0.310      ; 22.156     ;
; -1.847 ; IDEX_PipelineRegister:IDEX_REG|register_NBit:REG_Instr|dffg:\G_Register_NBit:22:REGI|s_Q       ; IFID_PipelineRegister:IFID_REG|register_NBit:REG_Instr|dffg:\G_Register_NBit:30:REGI|s_Q ; iCLK         ; iCLK        ; 20.000       ; 0.310      ; 22.156     ;
; -1.838 ; MEMWB_PipelineRegister:MEMWB_REG|register_NBit:REG_rd|dffg:\G_Register_NBit:3:REGI|s_Q         ; IFID_PipelineRegister:IFID_REG|register_NBit:REG_Instr|dffg:\G_Register_NBit:0:REGI|s_Q  ; iCLK         ; iCLK        ; 20.000       ; 0.307      ; 22.144     ;
; -1.833 ; MEMWB_PipelineRegister:MEMWB_REG|register_NBit:REG_rd|dffg:\G_Register_NBit:2:REGI|s_Q         ; IFID_PipelineRegister:IFID_REG|register_NBit:REG_Instr|dffg:\G_Register_NBit:3:REGI|s_Q  ; iCLK         ; iCLK        ; 20.000       ; -0.089     ; 21.743     ;
; -1.831 ; IDEX_PipelineRegister:IDEX_REG|register_NBit:REG_Instr|dffg:\G_Register_NBit:22:REGI|s_Q       ; IFID_PipelineRegister:IFID_REG|register_NBit:REG_Instr|dffg:\G_Register_NBit:28:REGI|s_Q ; iCLK         ; iCLK        ; 20.000       ; 0.299      ; 22.129     ;
; -1.817 ; IDEX_PipelineRegister:IDEX_REG|register_NBit:REG_Instr|dffg:\G_Register_NBit:22:REGI|s_Q       ; IFID_PipelineRegister:IFID_REG|register_NBit:REG_Instr|dffg:\G_Register_NBit:1:REGI|s_Q  ; iCLK         ; iCLK        ; 20.000       ; 0.304      ; 22.120     ;
; -1.817 ; MEMWB_PipelineRegister:MEMWB_REG|register_NBit:REG_rd|dffg:\G_Register_NBit:4:REGI|s_Q         ; IFID_PipelineRegister:IFID_REG|register_NBit:REG_Instr|dffg:\G_Register_NBit:3:REGI|s_Q  ; iCLK         ; iCLK        ; 20.000       ; -0.089     ; 21.727     ;
; -1.804 ; MEMWB_PipelineRegister:MEMWB_REG|register_NBit:REG_Ctrl|dffg:\G_Register_NBit:1:REGI|s_Q       ; IFID_PipelineRegister:IFID_REG|register_NBit:REG_Instr|dffg:\G_Register_NBit:3:REGI|s_Q  ; iCLK         ; iCLK        ; 20.000       ; -0.072     ; 21.731     ;
; -1.799 ; EXMEM_PipelineRegister:EXMEM_REG|register_NBit:REG_rd|dffg:\G_Register_NBit:2:REGI|s_Q         ; IFID_PipelineRegister:IFID_REG|register_NBit:REG_Instr|dffg:\G_Register_NBit:3:REGI|s_Q  ; iCLK         ; iCLK        ; 20.000       ; -0.087     ; 21.711     ;
; -1.792 ; IDEX_PipelineRegister:IDEX_REG|register_NBit:REG_Instr|dffg:\G_Register_NBit:24:REGI|s_Q       ; IFID_PipelineRegister:IFID_REG|register_NBit:REG_Instr|dffg:\G_Register_NBit:0:REGI|s_Q  ; iCLK         ; iCLK        ; 20.000       ; 0.309      ; 22.100     ;
; -1.768 ; IDEX_PipelineRegister:IDEX_REG|register_NBit:REG_Instr|dffg:\G_Register_NBit:21:REGI|s_Q       ; IFID_PipelineRegister:IFID_REG|register_NBit:REG_Instr|dffg:\G_Register_NBit:4:REGI|s_Q  ; iCLK         ; iCLK        ; 20.000       ; 0.306      ; 22.073     ;
; -1.768 ; IDEX_PipelineRegister:IDEX_REG|register_NBit:REG_Instr|dffg:\G_Register_NBit:21:REGI|s_Q       ; IFID_PipelineRegister:IFID_REG|register_NBit:REG_Instr|dffg:\G_Register_NBit:29:REGI|s_Q ; iCLK         ; iCLK        ; 20.000       ; 0.306      ; 22.073     ;
; -1.767 ; IDEX_PipelineRegister:IDEX_REG|register_NBit:REG_Instr|dffg:\G_Register_NBit:17:REGI|s_Q       ; IFID_PipelineRegister:IFID_REG|register_NBit:REG_Instr|dffg:\G_Register_NBit:0:REGI|s_Q  ; iCLK         ; iCLK        ; 20.000       ; 0.305      ; 22.071     ;
; -1.766 ; MEMWB_PipelineRegister:MEMWB_REG|register_NBit:REG_Ctrl|dffg:\G_Register_NBit:2:REGI|s_Q       ; IFID_PipelineRegister:IFID_REG|register_NBit:REG_Instr|dffg:\G_Register_NBit:0:REGI|s_Q  ; iCLK         ; iCLK        ; 20.000       ; 0.307      ; 22.072     ;
; -1.764 ; IDEX_PipelineRegister:IDEX_REG|register_NBit:REG_Instr|dffg:\G_Register_NBit:15:REGI|s_Q       ; IFID_PipelineRegister:IFID_REG|register_NBit:REG_Instr|dffg:\G_Register_NBit:13:REGI|s_Q ; iCLK         ; iCLK        ; 20.000       ; 0.310      ; 22.073     ;
; -1.764 ; IDEX_PipelineRegister:IDEX_REG|register_NBit:REG_Instr|dffg:\G_Register_NBit:15:REGI|s_Q       ; IFID_PipelineRegister:IFID_REG|register_NBit:REG_Instr|dffg:\G_Register_NBit:30:REGI|s_Q ; iCLK         ; iCLK        ; 20.000       ; 0.310      ; 22.073     ;
; -1.752 ; EXMEM_PipelineRegister:EXMEM_REG|register_NBit:REG_rd|dffg:\G_Register_NBit:1:REGI|s_Q         ; IFID_PipelineRegister:IFID_REG|register_NBit:REG_Instr|dffg:\G_Register_NBit:4:REGI|s_Q  ; iCLK         ; iCLK        ; 20.000       ; 0.308      ; 22.059     ;
; -1.752 ; EXMEM_PipelineRegister:EXMEM_REG|register_NBit:REG_rd|dffg:\G_Register_NBit:1:REGI|s_Q         ; IFID_PipelineRegister:IFID_REG|register_NBit:REG_Instr|dffg:\G_Register_NBit:29:REGI|s_Q ; iCLK         ; iCLK        ; 20.000       ; 0.308      ; 22.059     ;
; -1.748 ; IDEX_PipelineRegister:IDEX_REG|register_NBit:REG_Instr|dffg:\G_Register_NBit:15:REGI|s_Q       ; IFID_PipelineRegister:IFID_REG|register_NBit:REG_Instr|dffg:\G_Register_NBit:28:REGI|s_Q ; iCLK         ; iCLK        ; 20.000       ; 0.299      ; 22.046     ;
; -1.746 ; IDEX_PipelineRegister:IDEX_REG|register_NBit:REG_Instr|dffg:\G_Register_NBit:23:REGI|s_Q       ; IFID_PipelineRegister:IFID_REG|register_NBit:REG_Instr|dffg:\G_Register_NBit:3:REGI|s_Q  ; iCLK         ; iCLK        ; 20.000       ; -0.089     ; 21.656     ;
; -1.746 ; MEMWB_PipelineRegister:MEMWB_REG|register_NBit:REG_Ctrl|dffg:\G_Register_NBit:0:REGI|s_Q       ; IFID_PipelineRegister:IFID_REG|register_NBit:REG_Instr|dffg:\G_Register_NBit:0:REGI|s_Q  ; iCLK         ; iCLK        ; 20.000       ; 0.322      ; 22.067     ;
; -1.734 ; IDEX_PipelineRegister:IDEX_REG|register_NBit:REG_Instr|dffg:\G_Register_NBit:15:REGI|s_Q       ; IFID_PipelineRegister:IFID_REG|register_NBit:REG_Instr|dffg:\G_Register_NBit:1:REGI|s_Q  ; iCLK         ; iCLK        ; 20.000       ; 0.304      ; 22.037     ;
; -1.712 ; IDEX_PipelineRegister:IDEX_REG|register_NBit:REG_Instr|dffg:\G_Register_NBit:21:REGI|s_Q       ; IFID_PipelineRegister:IFID_REG|register_NBit:REG_Instr|dffg:\G_Register_NBit:25:REGI|s_Q ; iCLK         ; iCLK        ; 20.000       ; 0.313      ; 22.024     ;
; -1.712 ; IDEX_PipelineRegister:IDEX_REG|register_NBit:REG_Instr|dffg:\G_Register_NBit:21:REGI|s_Q       ; IFID_PipelineRegister:IFID_REG|register_NBit:REG_Instr|dffg:\G_Register_NBit:27:REGI|s_Q ; iCLK         ; iCLK        ; 20.000       ; 0.313      ; 22.024     ;
; -1.704 ; MEMWB_PipelineRegister:MEMWB_REG|register_NBit:REG_rd|dffg:\G_Register_NBit:3:REGI|s_Q         ; IFID_PipelineRegister:IFID_REG|register_NBit:REG_Instr|dffg:\G_Register_NBit:3:REGI|s_Q  ; iCLK         ; iCLK        ; 20.000       ; -0.087     ; 21.616     ;
; -1.703 ; MEMWB_PipelineRegister:MEMWB_REG|register_NBit:REG_PC_Plus4|dffg:\G_Register_NBit:0:REGI|s_Q   ; IFID_PipelineRegister:IFID_REG|register_NBit:REG_Instr|dffg:\G_Register_NBit:0:REGI|s_Q  ; iCLK         ; iCLK        ; 20.000       ; 0.314      ; 22.016     ;
; -1.701 ; IDEX_PipelineRegister:IDEX_REG|register_NBit:REG_Instr|dffg:\G_Register_NBit:21:REGI|s_Q       ; IFID_PipelineRegister:IFID_REG|register_NBit:REG_Instr|dffg:\G_Register_NBit:21:REGI|s_Q ; iCLK         ; iCLK        ; 20.000       ; 0.336      ; 22.036     ;
; -1.696 ; EXMEM_PipelineRegister:EXMEM_REG|register_NBit:REG_rd|dffg:\G_Register_NBit:1:REGI|s_Q         ; IFID_PipelineRegister:IFID_REG|register_NBit:REG_Instr|dffg:\G_Register_NBit:25:REGI|s_Q ; iCLK         ; iCLK        ; 20.000       ; 0.315      ; 22.010     ;
; -1.696 ; EXMEM_PipelineRegister:EXMEM_REG|register_NBit:REG_rd|dffg:\G_Register_NBit:1:REGI|s_Q         ; IFID_PipelineRegister:IFID_REG|register_NBit:REG_Instr|dffg:\G_Register_NBit:27:REGI|s_Q ; iCLK         ; iCLK        ; 20.000       ; 0.315      ; 22.010     ;
; -1.685 ; EXMEM_PipelineRegister:EXMEM_REG|register_NBit:REG_rd|dffg:\G_Register_NBit:1:REGI|s_Q         ; IFID_PipelineRegister:IFID_REG|register_NBit:REG_Instr|dffg:\G_Register_NBit:21:REGI|s_Q ; iCLK         ; iCLK        ; 20.000       ; 0.338      ; 22.022     ;
; -1.680 ; IDEX_PipelineRegister:IDEX_REG|register_NBit:REG_Instr|dffg:\G_Register_NBit:20:REGI|s_Q       ; IFID_PipelineRegister:IFID_REG|register_NBit:REG_Instr|dffg:\G_Register_NBit:4:REGI|s_Q  ; iCLK         ; iCLK        ; 20.000       ; 0.306      ; 21.985     ;
; -1.680 ; IDEX_PipelineRegister:IDEX_REG|register_NBit:REG_Instr|dffg:\G_Register_NBit:20:REGI|s_Q       ; IFID_PipelineRegister:IFID_REG|register_NBit:REG_Instr|dffg:\G_Register_NBit:29:REGI|s_Q ; iCLK         ; iCLK        ; 20.000       ; 0.306      ; 21.985     ;
; -1.679 ; MEMWB_PipelineRegister:MEMWB_REG|register_NBit:REG_rd|dffg:\G_Register_NBit:1:REGI|s_Q         ; IFID_PipelineRegister:IFID_REG|register_NBit:REG_Instr|dffg:\G_Register_NBit:0:REGI|s_Q  ; iCLK         ; iCLK        ; 20.000       ; 0.305      ; 21.983     ;
; -1.658 ; EXMEM_PipelineRegister:EXMEM_REG|register_NBit:REG_rd|dffg:\G_Register_NBit:3:REGI|s_Q         ; IFID_PipelineRegister:IFID_REG|register_NBit:REG_Instr|dffg:\G_Register_NBit:4:REGI|s_Q  ; iCLK         ; iCLK        ; 20.000       ; 0.308      ; 21.965     ;
; -1.658 ; EXMEM_PipelineRegister:EXMEM_REG|register_NBit:REG_rd|dffg:\G_Register_NBit:3:REGI|s_Q         ; IFID_PipelineRegister:IFID_REG|register_NBit:REG_Instr|dffg:\G_Register_NBit:29:REGI|s_Q ; iCLK         ; iCLK        ; 20.000       ; 0.308      ; 21.965     ;
; -1.658 ; IDEX_PipelineRegister:IDEX_REG|register_NBit:REG_Instr|dffg:\G_Register_NBit:24:REGI|s_Q       ; IFID_PipelineRegister:IFID_REG|register_NBit:REG_Instr|dffg:\G_Register_NBit:3:REGI|s_Q  ; iCLK         ; iCLK        ; 20.000       ; -0.085     ; 21.572     ;
; -1.653 ; IDEX_PipelineRegister:IDEX_REG|register_NBit:REG_Instr|dffg:\G_Register_NBit:16:REGI|s_Q       ; IFID_PipelineRegister:IFID_REG|register_NBit:REG_Instr|dffg:\G_Register_NBit:0:REGI|s_Q  ; iCLK         ; iCLK        ; 20.000       ; 0.305      ; 21.957     ;
; -1.647 ; MEMWB_PipelineRegister:MEMWB_REG|register_NBit:REG_rd|dffg:\G_Register_NBit:2:REGI|s_Q         ; IFID_PipelineRegister:IFID_REG|register_NBit:REG_Instr|dffg:\G_Register_NBit:13:REGI|s_Q ; iCLK         ; iCLK        ; 20.000       ; 0.310      ; 21.956     ;
; -1.647 ; MEMWB_PipelineRegister:MEMWB_REG|register_NBit:REG_rd|dffg:\G_Register_NBit:2:REGI|s_Q         ; IFID_PipelineRegister:IFID_REG|register_NBit:REG_Instr|dffg:\G_Register_NBit:30:REGI|s_Q ; iCLK         ; iCLK        ; 20.000       ; 0.310      ; 21.956     ;
; -1.642 ; EXMEM_PipelineRegister:EXMEM_REG|register_NBit:REG_rd|dffg:\G_Register_NBit:4:REGI|s_Q         ; IFID_PipelineRegister:IFID_REG|register_NBit:REG_Instr|dffg:\G_Register_NBit:0:REGI|s_Q  ; iCLK         ; iCLK        ; 20.000       ; 0.307      ; 21.948     ;
; -1.635 ; EXMEM_PipelineRegister:EXMEM_REG|register_NBit:REG_ALU_Result|dffg:\G_Register_NBit:0:REGI|s_Q ; IFID_PipelineRegister:IFID_REG|register_NBit:REG_Instr|dffg:\G_Register_NBit:0:REGI|s_Q  ; iCLK         ; iCLK        ; 20.000       ; -0.081     ; 21.553     ;
; -1.633 ; IDEX_PipelineRegister:IDEX_REG|register_NBit:REG_Instr|dffg:\G_Register_NBit:17:REGI|s_Q       ; IFID_PipelineRegister:IFID_REG|register_NBit:REG_Instr|dffg:\G_Register_NBit:3:REGI|s_Q  ; iCLK         ; iCLK        ; 20.000       ; -0.089     ; 21.543     ;
; -1.632 ; IDEX_PipelineRegister:IDEX_REG|register_NBit:REG_Instr|dffg:\G_Register_NBit:21:REGI|s_Q       ; IFID_PipelineRegister:IFID_REG|register_NBit:REG_Instr|dffg:\G_Register_NBit:10:REGI|s_Q ; iCLK         ; iCLK        ; 20.000       ; 0.316      ; 21.947     ;
; -1.632 ; IDEX_PipelineRegister:IDEX_REG|register_NBit:REG_Instr|dffg:\G_Register_NBit:21:REGI|s_Q       ; IFID_PipelineRegister:IFID_REG|register_NBit:REG_Instr|dffg:\G_Register_NBit:8:REGI|s_Q  ; iCLK         ; iCLK        ; 20.000       ; 0.316      ; 21.947     ;
; -1.632 ; IDEX_PipelineRegister:IDEX_REG|register_NBit:REG_Instr|dffg:\G_Register_NBit:21:REGI|s_Q       ; IFID_PipelineRegister:IFID_REG|register_NBit:REG_Instr|dffg:\G_Register_NBit:19:REGI|s_Q ; iCLK         ; iCLK        ; 20.000       ; 0.316      ; 21.947     ;
; -1.632 ; IDEX_PipelineRegister:IDEX_REG|register_NBit:REG_Instr|dffg:\G_Register_NBit:21:REGI|s_Q       ; IFID_PipelineRegister:IFID_REG|register_NBit:REG_Instr|dffg:\G_Register_NBit:26:REGI|s_Q ; iCLK         ; iCLK        ; 20.000       ; 0.316      ; 21.947     ;
; -1.632 ; MEMWB_PipelineRegister:MEMWB_REG|register_NBit:REG_Ctrl|dffg:\G_Register_NBit:2:REGI|s_Q       ; IFID_PipelineRegister:IFID_REG|register_NBit:REG_Instr|dffg:\G_Register_NBit:3:REGI|s_Q  ; iCLK         ; iCLK        ; 20.000       ; -0.087     ; 21.544     ;
; -1.631 ; MEMWB_PipelineRegister:MEMWB_REG|register_NBit:REG_rd|dffg:\G_Register_NBit:2:REGI|s_Q         ; IFID_PipelineRegister:IFID_REG|register_NBit:REG_Instr|dffg:\G_Register_NBit:28:REGI|s_Q ; iCLK         ; iCLK        ; 20.000       ; 0.299      ; 21.929     ;
; -1.631 ; MEMWB_PipelineRegister:MEMWB_REG|register_NBit:REG_rd|dffg:\G_Register_NBit:4:REGI|s_Q         ; IFID_PipelineRegister:IFID_REG|register_NBit:REG_Instr|dffg:\G_Register_NBit:13:REGI|s_Q ; iCLK         ; iCLK        ; 20.000       ; 0.310      ; 21.940     ;
; -1.631 ; MEMWB_PipelineRegister:MEMWB_REG|register_NBit:REG_rd|dffg:\G_Register_NBit:4:REGI|s_Q         ; IFID_PipelineRegister:IFID_REG|register_NBit:REG_Instr|dffg:\G_Register_NBit:30:REGI|s_Q ; iCLK         ; iCLK        ; 20.000       ; 0.310      ; 21.940     ;
; -1.624 ; IDEX_PipelineRegister:IDEX_REG|register_NBit:REG_Instr|dffg:\G_Register_NBit:20:REGI|s_Q       ; IFID_PipelineRegister:IFID_REG|register_NBit:REG_Instr|dffg:\G_Register_NBit:25:REGI|s_Q ; iCLK         ; iCLK        ; 20.000       ; 0.313      ; 21.936     ;
; -1.624 ; IDEX_PipelineRegister:IDEX_REG|register_NBit:REG_Instr|dffg:\G_Register_NBit:20:REGI|s_Q       ; IFID_PipelineRegister:IFID_REG|register_NBit:REG_Instr|dffg:\G_Register_NBit:27:REGI|s_Q ; iCLK         ; iCLK        ; 20.000       ; 0.313      ; 21.936     ;
; -1.619 ; EXMEM_PipelineRegister:EXMEM_REG|register_NBit:REG_rd|dffg:\G_Register_NBit:0:REGI|s_Q         ; IFID_PipelineRegister:IFID_REG|register_NBit:REG_Instr|dffg:\G_Register_NBit:4:REGI|s_Q  ; iCLK         ; iCLK        ; 20.000       ; 0.308      ; 21.926     ;
; -1.619 ; EXMEM_PipelineRegister:EXMEM_REG|register_NBit:REG_rd|dffg:\G_Register_NBit:0:REGI|s_Q         ; IFID_PipelineRegister:IFID_REG|register_NBit:REG_Instr|dffg:\G_Register_NBit:29:REGI|s_Q ; iCLK         ; iCLK        ; 20.000       ; 0.308      ; 21.926     ;
; -1.618 ; MEMWB_PipelineRegister:MEMWB_REG|register_NBit:REG_Ctrl|dffg:\G_Register_NBit:1:REGI|s_Q       ; IFID_PipelineRegister:IFID_REG|register_NBit:REG_Instr|dffg:\G_Register_NBit:13:REGI|s_Q ; iCLK         ; iCLK        ; 20.000       ; 0.327      ; 21.944     ;
; -1.618 ; MEMWB_PipelineRegister:MEMWB_REG|register_NBit:REG_Ctrl|dffg:\G_Register_NBit:1:REGI|s_Q       ; IFID_PipelineRegister:IFID_REG|register_NBit:REG_Instr|dffg:\G_Register_NBit:30:REGI|s_Q ; iCLK         ; iCLK        ; 20.000       ; 0.327      ; 21.944     ;
; -1.617 ; MEMWB_PipelineRegister:MEMWB_REG|register_NBit:REG_rd|dffg:\G_Register_NBit:2:REGI|s_Q         ; IFID_PipelineRegister:IFID_REG|register_NBit:REG_Instr|dffg:\G_Register_NBit:1:REGI|s_Q  ; iCLK         ; iCLK        ; 20.000       ; 0.304      ; 21.920     ;
; -1.616 ; EXMEM_PipelineRegister:EXMEM_REG|register_NBit:REG_rd|dffg:\G_Register_NBit:1:REGI|s_Q         ; IFID_PipelineRegister:IFID_REG|register_NBit:REG_Instr|dffg:\G_Register_NBit:10:REGI|s_Q ; iCLK         ; iCLK        ; 20.000       ; 0.318      ; 21.933     ;
; -1.616 ; EXMEM_PipelineRegister:EXMEM_REG|register_NBit:REG_rd|dffg:\G_Register_NBit:1:REGI|s_Q         ; IFID_PipelineRegister:IFID_REG|register_NBit:REG_Instr|dffg:\G_Register_NBit:8:REGI|s_Q  ; iCLK         ; iCLK        ; 20.000       ; 0.318      ; 21.933     ;
; -1.616 ; EXMEM_PipelineRegister:EXMEM_REG|register_NBit:REG_rd|dffg:\G_Register_NBit:1:REGI|s_Q         ; IFID_PipelineRegister:IFID_REG|register_NBit:REG_Instr|dffg:\G_Register_NBit:19:REGI|s_Q ; iCLK         ; iCLK        ; 20.000       ; 0.318      ; 21.933     ;
; -1.616 ; EXMEM_PipelineRegister:EXMEM_REG|register_NBit:REG_rd|dffg:\G_Register_NBit:1:REGI|s_Q         ; IFID_PipelineRegister:IFID_REG|register_NBit:REG_Instr|dffg:\G_Register_NBit:26:REGI|s_Q ; iCLK         ; iCLK        ; 20.000       ; 0.318      ; 21.933     ;
+--------+------------------------------------------------------------------------------------------------+------------------------------------------------------------------------------------------+--------------+-------------+--------------+------------+------------+


+---------------------------------------------------------------------------------------------------------------------------------------------------------------------------------------------------------------------------------------------------------------------------------+
; Slow 1200mV 0C Model Hold: 'iCLK'                                                                                                                                                                                                                                               ;
+-------+-------------------------------------------------------------------------------------------------+-------------------------------------------------------------------------------------------------+--------------+-------------+--------------+------------+------------+
; Slack ; From Node                                                                                       ; To Node                                                                                         ; Launch Clock ; Latch Clock ; Relationship ; Clock Skew ; Data Delay ;
+-------+-------------------------------------------------------------------------------------------------+-------------------------------------------------------------------------------------------------+--------------+-------------+--------------+------------+------------+
; 0.396 ; IDEX_PipelineRegister:IDEX_REG|register_NBit:REG_PC_Plus4|dffg:\G_Register_NBit:28:REGI|s_Q     ; EXMEM_PipelineRegister:EXMEM_REG|register_NBit:REG_PC_Plus4|dffg:\G_Register_NBit:28:REGI|s_Q   ; iCLK         ; iCLK        ; 0.000        ; 0.072      ; 0.639      ;
; 0.396 ; IDEX_PipelineRegister:IDEX_REG|register_NBit:REG_PC_Plus4|dffg:\G_Register_NBit:14:REGI|s_Q     ; EXMEM_PipelineRegister:EXMEM_REG|register_NBit:REG_PC_Plus4|dffg:\G_Register_NBit:14:REGI|s_Q   ; iCLK         ; iCLK        ; 0.000        ; 0.072      ; 0.639      ;
; 0.397 ; IDEX_PipelineRegister:IDEX_REG|register_NBit:REG_PC_Plus4|dffg:\G_Register_NBit:29:REGI|s_Q     ; EXMEM_PipelineRegister:EXMEM_REG|register_NBit:REG_PC_Plus4|dffg:\G_Register_NBit:29:REGI|s_Q   ; iCLK         ; iCLK        ; 0.000        ; 0.072      ; 0.640      ;
; 0.397 ; IDEX_PipelineRegister:IDEX_REG|register_NBit:REG_PC_Plus4|dffg:\G_Register_NBit:7:REGI|s_Q      ; EXMEM_PipelineRegister:EXMEM_REG|register_NBit:REG_PC_Plus4|dffg:\G_Register_NBit:7:REGI|s_Q    ; iCLK         ; iCLK        ; 0.000        ; 0.071      ; 0.639      ;
; 0.398 ; IDEX_PipelineRegister:IDEX_REG|register_NBit:REG_PC_Plus4|dffg:\G_Register_NBit:3:REGI|s_Q      ; EXMEM_PipelineRegister:EXMEM_REG|register_NBit:REG_PC_Plus4|dffg:\G_Register_NBit:3:REGI|s_Q    ; iCLK         ; iCLK        ; 0.000        ; 0.071      ; 0.640      ;
; 0.398 ; IDEX_PipelineRegister:IDEX_REG|register_NBit:REG_PC_Plus4|dffg:\G_Register_NBit:15:REGI|s_Q     ; EXMEM_PipelineRegister:EXMEM_REG|register_NBit:REG_PC_Plus4|dffg:\G_Register_NBit:15:REGI|s_Q   ; iCLK         ; iCLK        ; 0.000        ; 0.071      ; 0.640      ;
; 0.398 ; IDEX_PipelineRegister:IDEX_REG|register_NBit:REG_PC_Plus4|dffg:\G_Register_NBit:9:REGI|s_Q      ; EXMEM_PipelineRegister:EXMEM_REG|register_NBit:REG_PC_Plus4|dffg:\G_Register_NBit:9:REGI|s_Q    ; iCLK         ; iCLK        ; 0.000        ; 0.071      ; 0.640      ;
; 0.507 ; IFID_PipelineRegister:IFID_REG|register_NBit:REG_PC_Plus4|dffg:\G_Register_NBit:14:REGI|s_Q     ; IDEX_PipelineRegister:IDEX_REG|register_NBit:REG_PC_Plus4|dffg:\G_Register_NBit:14:REGI|s_Q     ; iCLK         ; iCLK        ; 0.000        ; 0.072      ; 0.750      ;
; 0.545 ; IFID_PipelineRegister:IFID_REG|register_NBit:REG_PC_Plus4|dffg:\G_Register_NBit:28:REGI|s_Q     ; IDEX_PipelineRegister:IDEX_REG|register_NBit:REG_PC_Plus4|dffg:\G_Register_NBit:28:REGI|s_Q     ; iCLK         ; iCLK        ; 0.000        ; 0.072      ; 0.788      ;
; 0.548 ; EXMEM_PipelineRegister:EXMEM_REG|register_NBit:REG_PC_Plus4|dffg:\G_Register_NBit:20:REGI|s_Q   ; MEMWB_PipelineRegister:MEMWB_REG|register_NBit:REG_PC_Plus4|dffg:\G_Register_NBit:20:REGI|s_Q   ; iCLK         ; iCLK        ; 0.000        ; 0.072      ; 0.791      ;
; 0.548 ; IDEX_PipelineRegister:IDEX_REG|register_NBit:REG_PC_Plus4|dffg:\G_Register_NBit:12:REGI|s_Q     ; EXMEM_PipelineRegister:EXMEM_REG|register_NBit:REG_PC_Plus4|dffg:\G_Register_NBit:12:REGI|s_Q   ; iCLK         ; iCLK        ; 0.000        ; 0.072      ; 0.791      ;
; 0.549 ; EXMEM_PipelineRegister:EXMEM_REG|register_NBit:REG_PC_Plus4|dffg:\G_Register_NBit:27:REGI|s_Q   ; MEMWB_PipelineRegister:MEMWB_REG|register_NBit:REG_PC_Plus4|dffg:\G_Register_NBit:27:REGI|s_Q   ; iCLK         ; iCLK        ; 0.000        ; 0.072      ; 0.792      ;
; 0.549 ; EXMEM_PipelineRegister:EXMEM_REG|register_NBit:REG_PC_Plus4|dffg:\G_Register_NBit:22:REGI|s_Q   ; MEMWB_PipelineRegister:MEMWB_REG|register_NBit:REG_PC_Plus4|dffg:\G_Register_NBit:22:REGI|s_Q   ; iCLK         ; iCLK        ; 0.000        ; 0.071      ; 0.791      ;
; 0.550 ; IDEX_PipelineRegister:IDEX_REG|register_NBit:REG_PC_Plus4|dffg:\G_Register_NBit:8:REGI|s_Q      ; EXMEM_PipelineRegister:EXMEM_REG|register_NBit:REG_PC_Plus4|dffg:\G_Register_NBit:8:REGI|s_Q    ; iCLK         ; iCLK        ; 0.000        ; 0.072      ; 0.793      ;
; 0.550 ; IDEX_PipelineRegister:IDEX_REG|register_NBit:REG_PC_Plus4|dffg:\G_Register_NBit:4:REGI|s_Q      ; EXMEM_PipelineRegister:EXMEM_REG|register_NBit:REG_PC_Plus4|dffg:\G_Register_NBit:4:REGI|s_Q    ; iCLK         ; iCLK        ; 0.000        ; 0.071      ; 0.792      ;
; 0.551 ; EXMEM_PipelineRegister:EXMEM_REG|register_NBit:REG_PC_Plus4|dffg:\G_Register_NBit:21:REGI|s_Q   ; MEMWB_PipelineRegister:MEMWB_REG|register_NBit:REG_PC_Plus4|dffg:\G_Register_NBit:21:REGI|s_Q   ; iCLK         ; iCLK        ; 0.000        ; 0.072      ; 0.794      ;
; 0.551 ; IDEX_PipelineRegister:IDEX_REG|register_NBit:REG_PC_Plus4|dffg:\G_Register_NBit:13:REGI|s_Q     ; EXMEM_PipelineRegister:EXMEM_REG|register_NBit:REG_PC_Plus4|dffg:\G_Register_NBit:13:REGI|s_Q   ; iCLK         ; iCLK        ; 0.000        ; 0.071      ; 0.793      ;
; 0.552 ; IDEX_PipelineRegister:IDEX_REG|register_NBit:REG_PC_Plus4|dffg:\G_Register_NBit:11:REGI|s_Q     ; EXMEM_PipelineRegister:EXMEM_REG|register_NBit:REG_PC_Plus4|dffg:\G_Register_NBit:11:REGI|s_Q   ; iCLK         ; iCLK        ; 0.000        ; 0.071      ; 0.794      ;
; 0.567 ; EXMEM_PipelineRegister:EXMEM_REG|register_NBit:REG_Ctrl|dffg:\G_Register_NBit:5:REGI|s_Q        ; MEMWB_PipelineRegister:MEMWB_REG|register_NBit:REG_Ctrl|dffg:\G_Register_NBit:2:REGI|s_Q        ; iCLK         ; iCLK        ; 0.000        ; 0.072      ; 0.810      ;
; 0.567 ; IDEX_PipelineRegister:IDEX_REG|register_NBit:REG_PC_Plus4|dffg:\G_Register_NBit:18:REGI|s_Q     ; EXMEM_PipelineRegister:EXMEM_REG|register_NBit:REG_PC_Plus4|dffg:\G_Register_NBit:18:REGI|s_Q   ; iCLK         ; iCLK        ; 0.000        ; 0.069      ; 0.807      ;
; 0.569 ; IDEX_PipelineRegister:IDEX_REG|register_NBit:REG_PC_Plus4|dffg:\G_Register_NBit:26:REGI|s_Q     ; EXMEM_PipelineRegister:EXMEM_REG|register_NBit:REG_PC_Plus4|dffg:\G_Register_NBit:26:REGI|s_Q   ; iCLK         ; iCLK        ; 0.000        ; 0.504      ; 1.244      ;
; 0.583 ; IFID_PipelineRegister:IFID_REG|register_NBit:REG_PC_Plus4|dffg:\G_Register_NBit:27:REGI|s_Q     ; IDEX_PipelineRegister:IDEX_REG|register_NBit:REG_PC_Plus4|dffg:\G_Register_NBit:27:REGI|s_Q     ; iCLK         ; iCLK        ; 0.000        ; 0.072      ; 0.826      ;
; 0.584 ; IFID_PipelineRegister:IFID_REG|register_NBit:REG_PC_Plus4|dffg:\G_Register_NBit:20:REGI|s_Q     ; IDEX_PipelineRegister:IDEX_REG|register_NBit:REG_PC_Plus4|dffg:\G_Register_NBit:20:REGI|s_Q     ; iCLK         ; iCLK        ; 0.000        ; 0.072      ; 0.827      ;
; 0.586 ; IFID_PipelineRegister:IFID_REG|register_NBit:REG_PC_Plus4|dffg:\G_Register_NBit:17:REGI|s_Q     ; IDEX_PipelineRegister:IDEX_REG|register_NBit:REG_PC_Plus4|dffg:\G_Register_NBit:17:REGI|s_Q     ; iCLK         ; iCLK        ; 0.000        ; 0.072      ; 0.829      ;
; 0.586 ; IFID_PipelineRegister:IFID_REG|register_NBit:REG_PC_Plus4|dffg:\G_Register_NBit:23:REGI|s_Q     ; IDEX_PipelineRegister:IDEX_REG|register_NBit:REG_PC_Plus4|dffg:\G_Register_NBit:23:REGI|s_Q     ; iCLK         ; iCLK        ; 0.000        ; 0.072      ; 0.829      ;
; 0.589 ; IFID_PipelineRegister:IFID_REG|register_NBit:REG_PC_Plus4|dffg:\G_Register_NBit:25:REGI|s_Q     ; IDEX_PipelineRegister:IDEX_REG|register_NBit:REG_PC_Plus4|dffg:\G_Register_NBit:25:REGI|s_Q     ; iCLK         ; iCLK        ; 0.000        ; 0.071      ; 0.831      ;
; 0.595 ; sw_fetch_unit:F_UNIT_SW|pc_register:PC_REG|dffg:\GEN_TOP:31:DFF_i|s_Q                           ; IFID_PipelineRegister:IFID_REG|register_NBit:REG_PC_Plus4|dffg:\G_Register_NBit:31:REGI|s_Q     ; iCLK         ; iCLK        ; 0.000        ; 0.072      ; 0.838      ;
; 0.599 ; IDEX_PipelineRegister:IDEX_REG|register_NBit:REG_rs2|dffg:\G_Register_NBit:18:REGI|s_Q          ; EXMEM_PipelineRegister:EXMEM_REG|register_NBit:REG_rs2|dffg:\G_Register_NBit:18:REGI|s_Q        ; iCLK         ; iCLK        ; 0.000        ; 0.071      ; 0.841      ;
; 0.601 ; IFID_PipelineRegister:IFID_REG|register_NBit:REG_PC_Plus4|dffg:\G_Register_NBit:30:REGI|s_Q     ; IDEX_PipelineRegister:IDEX_REG|register_NBit:REG_PC_Plus4|dffg:\G_Register_NBit:30:REGI|s_Q     ; iCLK         ; iCLK        ; 0.000        ; 0.072      ; 0.844      ;
; 0.602 ; IFID_PipelineRegister:IFID_REG|register_NBit:REG_PC_Plus4|dffg:\G_Register_NBit:31:REGI|s_Q     ; IDEX_PipelineRegister:IDEX_REG|register_NBit:REG_PC_Plus4|dffg:\G_Register_NBit:31:REGI|s_Q     ; iCLK         ; iCLK        ; 0.000        ; 0.072      ; 0.845      ;
; 0.603 ; IFID_PipelineRegister:IFID_REG|register_NBit:REG_PC_Plus4|dffg:\G_Register_NBit:19:REGI|s_Q     ; IDEX_PipelineRegister:IDEX_REG|register_NBit:REG_PC_Plus4|dffg:\G_Register_NBit:19:REGI|s_Q     ; iCLK         ; iCLK        ; 0.000        ; 0.072      ; 0.846      ;
; 0.604 ; IDEX_PipelineRegister:IDEX_REG|register_NBit:REG_PC_Plus4|dffg:\G_Register_NBit:25:REGI|s_Q     ; EXMEM_PipelineRegister:EXMEM_REG|register_NBit:REG_PC_Plus4|dffg:\G_Register_NBit:25:REGI|s_Q   ; iCLK         ; iCLK        ; 0.000        ; 0.472      ; 1.247      ;
; 0.624 ; sw_fetch_unit:F_UNIT_SW|pc_register:PC_REG|dffg:\GEN_TOP:25:DFF_i|s_Q                           ; IFID_PipelineRegister:IFID_REG|register_NBit:REG_PC_Plus4|dffg:\G_Register_NBit:25:REGI|s_Q     ; iCLK         ; iCLK        ; 0.000        ; 0.071      ; 0.866      ;
; 0.625 ; IFID_PipelineRegister:IFID_REG|register_NBit:REG_PC_Plus4|dffg:\G_Register_NBit:29:REGI|s_Q     ; IDEX_PipelineRegister:IDEX_REG|register_NBit:REG_PC_Plus4|dffg:\G_Register_NBit:29:REGI|s_Q     ; iCLK         ; iCLK        ; 0.000        ; 0.072      ; 0.868      ;
; 0.629 ; EXMEM_PipelineRegister:EXMEM_REG|register_NBit:REG_Instr|dffg:\G_Register_NBit:13:REGI|s_Q      ; MEMWB_PipelineRegister:MEMWB_REG|register_NBit:REG_DMemOut|dffg:\G_Register_NBit:23:REGI|s_Q    ; iCLK         ; iCLK        ; 0.000        ; 0.072      ; 0.872      ;
; 0.630 ; EXMEM_PipelineRegister:EXMEM_REG|register_NBit:REG_Instr|dffg:\G_Register_NBit:13:REGI|s_Q      ; MEMWB_PipelineRegister:MEMWB_REG|register_NBit:REG_DMemOut|dffg:\G_Register_NBit:25:REGI|s_Q    ; iCLK         ; iCLK        ; 0.000        ; 0.072      ; 0.873      ;
; 0.631 ; EXMEM_PipelineRegister:EXMEM_REG|register_NBit:REG_Instr|dffg:\G_Register_NBit:13:REGI|s_Q      ; MEMWB_PipelineRegister:MEMWB_REG|register_NBit:REG_DMemOut|dffg:\G_Register_NBit:16:REGI|s_Q    ; iCLK         ; iCLK        ; 0.000        ; 0.072      ; 0.874      ;
; 0.631 ; EXMEM_PipelineRegister:EXMEM_REG|register_NBit:REG_Instr|dffg:\G_Register_NBit:13:REGI|s_Q      ; MEMWB_PipelineRegister:MEMWB_REG|register_NBit:REG_DMemOut|dffg:\G_Register_NBit:26:REGI|s_Q    ; iCLK         ; iCLK        ; 0.000        ; 0.072      ; 0.874      ;
; 0.638 ; IDEX_PipelineRegister:IDEX_REG|register_NBit:REG_rs2|dffg:\G_Register_NBit:8:REGI|s_Q           ; EXMEM_PipelineRegister:EXMEM_REG|register_NBit:REG_rs2|dffg:\G_Register_NBit:8:REGI|s_Q         ; iCLK         ; iCLK        ; 0.000        ; 0.072      ; 0.881      ;
; 0.643 ; sw_fetch_unit:F_UNIT_SW|pc_register:PC_REG|dffg:\GEN_BOTTOM:18:DFF_i|s_Q                        ; IFID_PipelineRegister:IFID_REG|register_NBit:REG_PC_Plus4|dffg:\G_Register_NBit:18:REGI|s_Q     ; iCLK         ; iCLK        ; 0.000        ; 0.072      ; 0.886      ;
; 0.660 ; sw_fetch_unit:F_UNIT_SW|pc_register:PC_REG|dffg:\GEN_BOTTOM:18:DFF_i|s_Q                        ; IFID_PipelineRegister:IFID_REG|register_NBit:REG_PC_Plus4|dffg:\G_Register_NBit:19:REGI|s_Q     ; iCLK         ; iCLK        ; 0.000        ; 0.072      ; 0.903      ;
; 0.677 ; IFID_PipelineRegister:IFID_REG|register_NBit:REG_PC_Plus4|dffg:\G_Register_NBit:16:REGI|s_Q     ; IDEX_PipelineRegister:IDEX_REG|register_NBit:REG_PC_Plus4|dffg:\G_Register_NBit:16:REGI|s_Q     ; iCLK         ; iCLK        ; 0.000        ; 0.456      ; 1.304      ;
; 0.697 ; IFID_PipelineRegister:IFID_REG|register_NBit:REG_PC_Plus4|dffg:\G_Register_NBit:18:REGI|s_Q     ; IDEX_PipelineRegister:IDEX_REG|register_NBit:REG_PC_Plus4|dffg:\G_Register_NBit:18:REGI|s_Q     ; iCLK         ; iCLK        ; 0.000        ; 0.069      ; 0.937      ;
; 0.709 ; EXMEM_PipelineRegister:EXMEM_REG|register_NBit:REG_PC_Plus4|dffg:\G_Register_NBit:30:REGI|s_Q   ; MEMWB_PipelineRegister:MEMWB_REG|register_NBit:REG_PC_Plus4|dffg:\G_Register_NBit:30:REGI|s_Q   ; iCLK         ; iCLK        ; 0.000        ; 0.074      ; 0.954      ;
; 0.709 ; EXMEM_PipelineRegister:EXMEM_REG|register_NBit:REG_PC_Plus4|dffg:\G_Register_NBit:8:REGI|s_Q    ; MEMWB_PipelineRegister:MEMWB_REG|register_NBit:REG_PC_Plus4|dffg:\G_Register_NBit:8:REGI|s_Q    ; iCLK         ; iCLK        ; 0.000        ; 0.072      ; 0.952      ;
; 0.715 ; EXMEM_PipelineRegister:EXMEM_REG|register_NBit:REG_PC_Plus4|dffg:\G_Register_NBit:23:REGI|s_Q   ; MEMWB_PipelineRegister:MEMWB_REG|register_NBit:REG_PC_Plus4|dffg:\G_Register_NBit:23:REGI|s_Q   ; iCLK         ; iCLK        ; 0.000        ; 0.072      ; 0.958      ;
; 0.717 ; MEMWB_PipelineRegister:MEMWB_REG|register_NBit:REG_ALU_Result|dffg:\G_Register_NBit:28:REGI|s_Q ; IDEX_PipelineRegister:IDEX_REG|register_NBit:REG_rs2|dffg:\G_Register_NBit:28:REGI|s_Q          ; iCLK         ; iCLK        ; 0.000        ; 0.435      ; 1.323      ;
; 0.725 ; EXMEM_PipelineRegister:EXMEM_REG|register_NBit:REG_ALU_Result|dffg:\G_Register_NBit:7:REGI|s_Q  ; MEMWB_PipelineRegister:MEMWB_REG|register_NBit:REG_ALU_Result|dffg:\G_Register_NBit:7:REGI|s_Q  ; iCLK         ; iCLK        ; 0.000        ; 0.088      ; 0.984      ;
; 0.737 ; IDEX_PipelineRegister:IDEX_REG|register_NBit:REG_PC_Plus4|dffg:\G_Register_NBit:21:REGI|s_Q     ; EXMEM_PipelineRegister:EXMEM_REG|register_NBit:REG_PC_Plus4|dffg:\G_Register_NBit:21:REGI|s_Q   ; iCLK         ; iCLK        ; 0.000        ; 0.076      ; 0.984      ;
; 0.739 ; EXMEM_PipelineRegister:EXMEM_REG|register_NBit:REG_ALU_Result|dffg:\G_Register_NBit:16:REGI|s_Q ; MEMWB_PipelineRegister:MEMWB_REG|register_NBit:REG_ALU_Result|dffg:\G_Register_NBit:16:REGI|s_Q ; iCLK         ; iCLK        ; 0.000        ; 0.072      ; 0.982      ;
; 0.740 ; IDEX_PipelineRegister:IDEX_REG|register_NBit:REG_rs2|dffg:\G_Register_NBit:27:REGI|s_Q          ; EXMEM_PipelineRegister:EXMEM_REG|register_NBit:REG_rs2|dffg:\G_Register_NBit:27:REGI|s_Q        ; iCLK         ; iCLK        ; 0.000        ; -0.274     ; 0.637      ;
; 0.743 ; IDEX_PipelineRegister:IDEX_REG|register_NBit:REG_PC_Plus4|dffg:\G_Register_NBit:19:REGI|s_Q     ; EXMEM_PipelineRegister:EXMEM_REG|register_NBit:REG_PC_Plus4|dffg:\G_Register_NBit:19:REGI|s_Q   ; iCLK         ; iCLK        ; 0.000        ; 0.069      ; 0.983      ;
; 0.751 ; IDEX_PipelineRegister:IDEX_REG|register_NBit:REG_PC_Plus4|dffg:\G_Register_NBit:10:REGI|s_Q     ; EXMEM_PipelineRegister:EXMEM_REG|register_NBit:REG_PC_Plus4|dffg:\G_Register_NBit:10:REGI|s_Q   ; iCLK         ; iCLK        ; 0.000        ; 0.073      ; 0.995      ;
; 0.753 ; EXMEM_PipelineRegister:EXMEM_REG|register_NBit:REG_PC_Plus4|dffg:\G_Register_NBit:1:REGI|s_Q    ; MEMWB_PipelineRegister:MEMWB_REG|register_NBit:REG_PC_Plus4|dffg:\G_Register_NBit:1:REGI|s_Q    ; iCLK         ; iCLK        ; 0.000        ; 0.069      ; 0.993      ;
; 0.754 ; sw_fetch_unit:F_UNIT_SW|pc_register:PC_REG|dffg:\GEN_BOTTOM:15:DFF_i|s_Q                        ; IFID_PipelineRegister:IFID_REG|register_NBit:REG_PC_Plus4|dffg:\G_Register_NBit:15:REGI|s_Q     ; iCLK         ; iCLK        ; 0.000        ; -0.275     ; 0.650      ;
; 0.755 ; IDEX_PipelineRegister:IDEX_REG|register_NBit:REG_rs2|dffg:\G_Register_NBit:9:REGI|s_Q           ; EXMEM_PipelineRegister:EXMEM_REG|register_NBit:REG_rs2|dffg:\G_Register_NBit:9:REGI|s_Q         ; iCLK         ; iCLK        ; 0.000        ; 0.071      ; 0.997      ;
; 0.766 ; sw_fetch_unit:F_UNIT_SW|pc_register:PC_REG|dffg:\GEN_BOTTOM:16:DFF_i|s_Q                        ; IFID_PipelineRegister:IFID_REG|register_NBit:REG_PC_Plus4|dffg:\G_Register_NBit:16:REGI|s_Q     ; iCLK         ; iCLK        ; 0.000        ; -0.275     ; 0.662      ;
; 0.776 ; IDEX_PipelineRegister:IDEX_REG|register_NBit:REG_PC_Plus4|dffg:\G_Register_NBit:5:REGI|s_Q      ; EXMEM_PipelineRegister:EXMEM_REG|register_NBit:REG_PC_Plus4|dffg:\G_Register_NBit:5:REGI|s_Q    ; iCLK         ; iCLK        ; 0.000        ; -0.309     ; 0.638      ;
; 0.780 ; EXMEM_PipelineRegister:EXMEM_REG|register_NBit:REG_PC_Plus4|dffg:\G_Register_NBit:18:REGI|s_Q   ; MEMWB_PipelineRegister:MEMWB_REG|register_NBit:REG_PC_Plus4|dffg:\G_Register_NBit:18:REGI|s_Q   ; iCLK         ; iCLK        ; 0.000        ; 0.062      ; 1.013      ;
; 0.788 ; IDEX_PipelineRegister:IDEX_REG|register_NBit:REG_PC_Plus4|dffg:\G_Register_NBit:31:REGI|s_Q     ; EXMEM_PipelineRegister:EXMEM_REG|register_NBit:REG_PC_Plus4|dffg:\G_Register_NBit:31:REGI|s_Q   ; iCLK         ; iCLK        ; 0.000        ; 0.061      ; 1.020      ;
; 0.801 ; IDEX_PipelineRegister:IDEX_REG|register_NBit:REG_rs2|dffg:\G_Register_NBit:23:REGI|s_Q          ; EXMEM_PipelineRegister:EXMEM_REG|register_NBit:REG_rs2|dffg:\G_Register_NBit:23:REGI|s_Q        ; iCLK         ; iCLK        ; 0.000        ; -0.337     ; 0.635      ;
; 0.802 ; IDEX_PipelineRegister:IDEX_REG|register_NBit:REG_rs2|dffg:\G_Register_NBit:26:REGI|s_Q          ; EXMEM_PipelineRegister:EXMEM_REG|register_NBit:REG_rs2|dffg:\G_Register_NBit:26:REGI|s_Q        ; iCLK         ; iCLK        ; 0.000        ; -0.337     ; 0.636      ;
; 0.807 ; EXMEM_PipelineRegister:EXMEM_REG|register_NBit:REG_PC_Plus4|dffg:\G_Register_NBit:0:REGI|s_Q    ; MEMWB_PipelineRegister:MEMWB_REG|register_NBit:REG_PC_Plus4|dffg:\G_Register_NBit:0:REGI|s_Q    ; iCLK         ; iCLK        ; 0.000        ; -0.338     ; 0.640      ;
; 0.811 ; sw_fetch_unit:F_UNIT_SW|pc_register:PC_REG|dffg:\GEN_BOTTOM:19:DFF_i|s_Q                        ; IFID_PipelineRegister:IFID_REG|register_NBit:REG_PC_Plus4|dffg:\G_Register_NBit:19:REGI|s_Q     ; iCLK         ; iCLK        ; 0.000        ; 0.072      ; 1.054      ;
; 0.824 ; IFID_PipelineRegister:IFID_REG|register_NBit:REG_PC_Plus4|dffg:\G_Register_NBit:26:REGI|s_Q     ; IDEX_PipelineRegister:IDEX_REG|register_NBit:REG_PC_Plus4|dffg:\G_Register_NBit:26:REGI|s_Q     ; iCLK         ; iCLK        ; 0.000        ; 0.069      ; 1.064      ;
; 0.825 ; IFID_PipelineRegister:IFID_REG|register_NBit:REG_PC_Plus4|dffg:\G_Register_NBit:24:REGI|s_Q     ; IDEX_PipelineRegister:IDEX_REG|register_NBit:REG_PC_Plus4|dffg:\G_Register_NBit:24:REGI|s_Q     ; iCLK         ; iCLK        ; 0.000        ; 0.069      ; 1.065      ;
; 0.827 ; IDEX_PipelineRegister:IDEX_REG|register_NBit:REG_Ctrl|dffg:\G_Register_NBit:4:REGI|s_Q          ; EXMEM_PipelineRegister:EXMEM_REG|register_NBit:REG_Ctrl|dffg:\G_Register_NBit:3:REGI|s_Q        ; iCLK         ; iCLK        ; 0.000        ; -0.338     ; 0.660      ;
; 0.828 ; MEMWB_PipelineRegister:MEMWB_REG|register_NBit:REG_ALU_Result|dffg:\G_Register_NBit:1:REGI|s_Q  ; IDEX_PipelineRegister:IDEX_REG|register_NBit:REG_rs2|dffg:\G_Register_NBit:1:REGI|s_Q           ; iCLK         ; iCLK        ; 0.000        ; 0.080      ; 1.079      ;
; 0.836 ; MEMWB_PipelineRegister:MEMWB_REG|register_NBit:REG_ALU_Result|dffg:\G_Register_NBit:28:REGI|s_Q ; IDEX_PipelineRegister:IDEX_REG|register_NBit:REG_rs1|dffg:\G_Register_NBit:28:REGI|s_Q          ; iCLK         ; iCLK        ; 0.000        ; 0.070      ; 1.077      ;
; 0.859 ; sw_fetch_unit:F_UNIT_SW|pc_register:PC_REG|dffg:\GEN_TOP:26:DFF_i|s_Q                           ; IFID_PipelineRegister:IFID_REG|register_NBit:REG_PC_Plus4|dffg:\G_Register_NBit:26:REGI|s_Q     ; iCLK         ; iCLK        ; 0.000        ; 0.071      ; 1.101      ;
; 0.859 ; IFID_PipelineRegister:IFID_REG|register_NBit:REG_PC_Plus4|dffg:\G_Register_NBit:22:REGI|s_Q     ; IDEX_PipelineRegister:IDEX_REG|register_NBit:REG_PC_Plus4|dffg:\G_Register_NBit:22:REGI|s_Q     ; iCLK         ; iCLK        ; 0.000        ; 0.106      ; 1.136      ;
; 0.860 ; IFID_PipelineRegister:IFID_REG|register_NBit:REG_PC|dffg:\G_Register_NBit:22:REGI|s_Q           ; IDEX_PipelineRegister:IDEX_REG|register_NBit:REG_PC|dffg:\G_Register_NBit:22:REGI|s_Q           ; iCLK         ; iCLK        ; 0.000        ; -0.281     ; 0.750      ;
; 0.862 ; IFID_PipelineRegister:IFID_REG|register_NBit:REG_PC|dffg:\G_Register_NBit:26:REGI|s_Q           ; IDEX_PipelineRegister:IDEX_REG|register_NBit:REG_PC|dffg:\G_Register_NBit:26:REGI|s_Q           ; iCLK         ; iCLK        ; 0.000        ; -0.281     ; 0.752      ;
; 0.862 ; IFID_PipelineRegister:IFID_REG|register_NBit:REG_PC|dffg:\G_Register_NBit:27:REGI|s_Q           ; IDEX_PipelineRegister:IDEX_REG|register_NBit:REG_PC|dffg:\G_Register_NBit:27:REGI|s_Q           ; iCLK         ; iCLK        ; 0.000        ; -0.281     ; 0.752      ;
; 0.865 ; sw_fetch_unit:F_UNIT_SW|pc_register:PC_REG|dffg:\GEN_BOTTOM:19:DFF_i|s_Q                        ; IFID_PipelineRegister:IFID_REG|register_NBit:REG_PC_Plus4|dffg:\G_Register_NBit:22:REGI|s_Q     ; iCLK         ; iCLK        ; 0.000        ; 0.436      ; 1.472      ;
; 0.883 ; IDEX_PipelineRegister:IDEX_REG|register_NBit:REG_rs2|dffg:\G_Register_NBit:3:REGI|s_Q           ; EXMEM_PipelineRegister:EXMEM_REG|register_NBit:REG_rs2|dffg:\G_Register_NBit:3:REGI|s_Q         ; iCLK         ; iCLK        ; 0.000        ; -0.308     ; 0.746      ;
; 0.885 ; IDEX_PipelineRegister:IDEX_REG|register_NBit:REG_rs2|dffg:\G_Register_NBit:20:REGI|s_Q          ; EXMEM_PipelineRegister:EXMEM_REG|register_NBit:REG_rs2|dffg:\G_Register_NBit:20:REGI|s_Q        ; iCLK         ; iCLK        ; 0.000        ; -0.309     ; 0.747      ;
; 0.886 ; sw_fetch_unit:F_UNIT_SW|pc_register:PC_REG|dffg:\GEN_TOP:24:DFF_i|s_Q                           ; sw_fetch_unit:F_UNIT_SW|pc_register:PC_REG|dffg:\GEN_TOP:24:DFF_i|s_Q                           ; iCLK         ; iCLK        ; 0.000        ; 0.072      ; 1.129      ;
; 0.888 ; IDEX_PipelineRegister:IDEX_REG|register_NBit:REG_rs2|dffg:\G_Register_NBit:22:REGI|s_Q          ; EXMEM_PipelineRegister:EXMEM_REG|register_NBit:REG_rs2|dffg:\G_Register_NBit:22:REGI|s_Q        ; iCLK         ; iCLK        ; 0.000        ; -0.309     ; 0.750      ;
; 0.891 ; sw_fetch_unit:F_UNIT_SW|pc_register:PC_REG|dffg:\GEN_BOTTOM:16:DFF_i|s_Q                        ; sw_fetch_unit:F_UNIT_SW|pc_register:PC_REG|dffg:\GEN_BOTTOM:16:DFF_i|s_Q                        ; iCLK         ; iCLK        ; 0.000        ; 0.086      ; 1.148      ;
; 0.893 ; sw_fetch_unit:F_UNIT_SW|pc_register:PC_REG|dffg:\GEN_BOTTOM:18:DFF_i|s_Q                        ; IFID_PipelineRegister:IFID_REG|register_NBit:REG_PC|dffg:\G_Register_NBit:18:REGI|s_Q           ; iCLK         ; iCLK        ; 0.000        ; 0.434      ; 1.498      ;
; 0.895 ; EXMEM_PipelineRegister:EXMEM_REG|register_NBit:REG_PC_Plus4|dffg:\G_Register_NBit:31:REGI|s_Q   ; MEMWB_PipelineRegister:MEMWB_REG|register_NBit:REG_PC_Plus4|dffg:\G_Register_NBit:31:REGI|s_Q   ; iCLK         ; iCLK        ; 0.000        ; 0.074      ; 1.140      ;
; 0.898 ; sw_fetch_unit:F_UNIT_SW|pc_register:PC_REG|dffg:\GEN_BOTTOM:14:DFF_i|s_Q                        ; sw_fetch_unit:F_UNIT_SW|pc_register:PC_REG|dffg:\GEN_BOTTOM:14:DFF_i|s_Q                        ; iCLK         ; iCLK        ; 0.000        ; 0.072      ; 1.141      ;
; 0.901 ; sw_fetch_unit:F_UNIT_SW|pc_register:PC_REG|dffg:\GEN_TOP:23:DFF_i|s_Q                           ; sw_fetch_unit:F_UNIT_SW|pc_register:PC_REG|dffg:\GEN_TOP:23:DFF_i|s_Q                           ; iCLK         ; iCLK        ; 0.000        ; 0.087      ; 1.159      ;
; 0.902 ; sw_fetch_unit:F_UNIT_SW|pc_register:PC_REG|dffg:\GEN_TOP:26:DFF_i|s_Q                           ; sw_fetch_unit:F_UNIT_SW|pc_register:PC_REG|dffg:\GEN_TOP:26:DFF_i|s_Q                           ; iCLK         ; iCLK        ; 0.000        ; 0.071      ; 1.144      ;
; 0.905 ; IDEX_PipelineRegister:IDEX_REG|register_NBit:REG_PC_Plus4|dffg:\G_Register_NBit:20:REGI|s_Q     ; EXMEM_PipelineRegister:EXMEM_REG|register_NBit:REG_PC_Plus4|dffg:\G_Register_NBit:20:REGI|s_Q   ; iCLK         ; iCLK        ; 0.000        ; 0.074      ; 1.150      ;
; 0.908 ; sw_fetch_unit:F_UNIT_SW|pc_register:PC_REG|dffg:\GEN_BOTTOM:19:DFF_i|s_Q                        ; sw_fetch_unit:F_UNIT_SW|pc_register:PC_REG|dffg:\GEN_BOTTOM:19:DFF_i|s_Q                        ; iCLK         ; iCLK        ; 0.000        ; 0.072      ; 1.151      ;
; 0.911 ; sw_fetch_unit:F_UNIT_SW|pc_register:PC_REG|dffg:\GEN_BOTTOM:9:DFF_i|s_Q                         ; sw_fetch_unit:F_UNIT_SW|pc_register:PC_REG|dffg:\GEN_BOTTOM:9:DFF_i|s_Q                         ; iCLK         ; iCLK        ; 0.000        ; 0.086      ; 1.168      ;
; 0.911 ; sw_fetch_unit:F_UNIT_SW|pc_register:PC_REG|dffg:\GEN_BOTTOM:19:DFF_i|s_Q                        ; sw_fetch_unit:F_UNIT_SW|pc_register:PC_REG|dffg:\GEN_BOTTOM:20:DFF_i|s_Q                        ; iCLK         ; iCLK        ; 0.000        ; 0.072      ; 1.154      ;
; 0.912 ; IDEX_PipelineRegister:IDEX_REG|register_NBit:REG_rs2|dffg:\G_Register_NBit:11:REGI|s_Q          ; EXMEM_PipelineRegister:EXMEM_REG|register_NBit:REG_rs2|dffg:\G_Register_NBit:11:REGI|s_Q        ; iCLK         ; iCLK        ; 0.000        ; -0.337     ; 0.746      ;
; 0.913 ; sw_fetch_unit:F_UNIT_SW|pc_register:PC_REG|dffg:\GEN_BOTTOM:21:DFF_i|s_Q                        ; sw_fetch_unit:F_UNIT_SW|pc_register:PC_REG|dffg:DFF_22|s_Q                                      ; iCLK         ; iCLK        ; 0.000        ; 0.087      ; 1.171      ;
; 0.915 ; EXMEM_PipelineRegister:EXMEM_REG|register_NBit:REG_rd|dffg:\G_Register_NBit:3:REGI|s_Q          ; MEMWB_PipelineRegister:MEMWB_REG|register_NBit:REG_rd|dffg:\G_Register_NBit:3:REGI|s_Q          ; iCLK         ; iCLK        ; 0.000        ; 0.072      ; 1.158      ;
; 0.916 ; IDEX_PipelineRegister:IDEX_REG|register_NBit:REG_Imm|dffg:\G_Register_NBit:22:REGI|s_Q          ; sw_fetch_unit:F_UNIT_SW|pc_register:PC_REG|dffg:DFF_22|s_Q                                      ; iCLK         ; iCLK        ; 0.000        ; 0.047      ; 1.134      ;
; 0.918 ; EXMEM_PipelineRegister:EXMEM_REG|register_NBit:REG_rd|dffg:\G_Register_NBit:1:REGI|s_Q          ; MEMWB_PipelineRegister:MEMWB_REG|register_NBit:REG_rd|dffg:\G_Register_NBit:1:REGI|s_Q          ; iCLK         ; iCLK        ; 0.000        ; 0.074      ; 1.163      ;
; 0.919 ; sw_fetch_unit:F_UNIT_SW|pc_register:PC_REG|dffg:\GEN_BOTTOM:3:DFF_i|s_Q                         ; sw_fetch_unit:F_UNIT_SW|pc_register:PC_REG|dffg:\GEN_BOTTOM:3:DFF_i|s_Q                         ; iCLK         ; iCLK        ; 0.000        ; 0.087      ; 1.177      ;
; 0.919 ; EXMEM_PipelineRegister:EXMEM_REG|register_NBit:REG_Instr|dffg:\G_Register_NBit:14:REGI|s_Q      ; MEMWB_PipelineRegister:MEMWB_REG|register_NBit:REG_DMemOut|dffg:\G_Register_NBit:22:REGI|s_Q    ; iCLK         ; iCLK        ; 0.000        ; 0.456      ; 1.546      ;
; 0.919 ; EXMEM_PipelineRegister:EXMEM_REG|register_NBit:REG_ALU_Result|dffg:\G_Register_NBit:11:REGI|s_Q ; MEMWB_PipelineRegister:MEMWB_REG|register_NBit:REG_ALU_Result|dffg:\G_Register_NBit:11:REGI|s_Q ; iCLK         ; iCLK        ; 0.000        ; 0.088      ; 1.178      ;
; 0.924 ; sw_fetch_unit:F_UNIT_SW|pc_register:PC_REG|dffg:\GEN_BOTTOM:18:DFF_i|s_Q                        ; sw_fetch_unit:F_UNIT_SW|pc_register:PC_REG|dffg:\GEN_BOTTOM:18:DFF_i|s_Q                        ; iCLK         ; iCLK        ; 0.000        ; 0.072      ; 1.167      ;
; 0.924 ; IFID_PipelineRegister:IFID_REG|register_NBit:REG_PC_Plus4|dffg:\G_Register_NBit:8:REGI|s_Q      ; IDEX_PipelineRegister:IDEX_REG|register_NBit:REG_PC_Plus4|dffg:\G_Register_NBit:8:REGI|s_Q      ; iCLK         ; iCLK        ; 0.000        ; 0.063      ; 1.158      ;
; 0.927 ; EXMEM_PipelineRegister:EXMEM_REG|register_NBit:REG_rd|dffg:\G_Register_NBit:2:REGI|s_Q          ; MEMWB_PipelineRegister:MEMWB_REG|register_NBit:REG_rd|dffg:\G_Register_NBit:2:REGI|s_Q          ; iCLK         ; iCLK        ; 0.000        ; 0.074      ; 1.172      ;
+-------+-------------------------------------------------------------------------------------------------+-------------------------------------------------------------------------------------------------+--------------+-------------+--------------+------------+------------+


----------------------------------------------
; Slow 1200mV 0C Model Metastability Summary ;
----------------------------------------------
No synchronizer chains to report.


+------------------------------------+
; Fast 1200mV 0C Model Setup Summary ;
+-------+-------+--------------------+
; Clock ; Slack ; End Point TNS      ;
+-------+-------+--------------------+
; iCLK  ; 7.850 ; 0.000              ;
+-------+-------+--------------------+


+-----------------------------------+
; Fast 1200mV 0C Model Hold Summary ;
+-------+-------+-------------------+
; Clock ; Slack ; End Point TNS     ;
+-------+-------+-------------------+
; iCLK  ; 0.188 ; 0.000             ;
+-------+-------+-------------------+


-----------------------------------------
; Fast 1200mV 0C Model Recovery Summary ;
-----------------------------------------
No paths to report.


----------------------------------------
; Fast 1200mV 0C Model Removal Summary ;
----------------------------------------
No paths to report.


+--------------------------------------------------+
; Fast 1200mV 0C Model Minimum Pulse Width Summary ;
+-------+-------+----------------------------------+
; Clock ; Slack ; End Point TNS                    ;
+-------+-------+----------------------------------+
; iCLK  ; 9.408 ; 0.000                            ;
+-------+-------+----------------------------------+


+-------------------------------------------------------------------------------------------------------------------------------------------------------------------------------------------------------------------------------------------------------------------------+
; Fast 1200mV 0C Model Setup: 'iCLK'                                                                                                                                                                                                                                      ;
+-------+------------------------------------------------------------------------------------------------+------------------------------------------------------------------------------------------+--------------+-------------+--------------+------------+------------+
; Slack ; From Node                                                                                      ; To Node                                                                                  ; Launch Clock ; Latch Clock ; Relationship ; Clock Skew ; Data Delay ;
+-------+------------------------------------------------------------------------------------------------+------------------------------------------------------------------------------------------+--------------+-------------+--------------+------------+------------+
; 7.850 ; EXMEM_PipelineRegister:EXMEM_REG|register_NBit:REG_rd|dffg:\G_Register_NBit:1:REGI|s_Q         ; IFID_PipelineRegister:IFID_REG|register_NBit:REG_Instr|dffg:\G_Register_NBit:0:REGI|s_Q  ; iCLK         ; iCLK        ; 20.000       ; 0.137      ; 12.274     ;
; 7.869 ; IDEX_PipelineRegister:IDEX_REG|register_NBit:REG_Instr|dffg:\G_Register_NBit:21:REGI|s_Q       ; IFID_PipelineRegister:IFID_REG|register_NBit:REG_Instr|dffg:\G_Register_NBit:0:REGI|s_Q  ; iCLK         ; iCLK        ; 20.000       ; 0.135      ; 12.253     ;
; 7.915 ; IDEX_PipelineRegister:IDEX_REG|register_NBit:REG_Instr|dffg:\G_Register_NBit:20:REGI|s_Q       ; IFID_PipelineRegister:IFID_REG|register_NBit:REG_Instr|dffg:\G_Register_NBit:0:REGI|s_Q  ; iCLK         ; iCLK        ; 20.000       ; 0.135      ; 12.207     ;
; 7.948 ; EXMEM_PipelineRegister:EXMEM_REG|register_NBit:REG_rd|dffg:\G_Register_NBit:0:REGI|s_Q         ; IFID_PipelineRegister:IFID_REG|register_NBit:REG_Instr|dffg:\G_Register_NBit:0:REGI|s_Q  ; iCLK         ; iCLK        ; 20.000       ; 0.137      ; 12.176     ;
; 7.978 ; EXMEM_PipelineRegister:EXMEM_REG|register_NBit:REG_rd|dffg:\G_Register_NBit:3:REGI|s_Q         ; IFID_PipelineRegister:IFID_REG|register_NBit:REG_Instr|dffg:\G_Register_NBit:0:REGI|s_Q  ; iCLK         ; iCLK        ; 20.000       ; 0.137      ; 12.146     ;
; 7.984 ; EXMEM_PipelineRegister:EXMEM_REG|register_NBit:REG_rd|dffg:\G_Register_NBit:1:REGI|s_Q         ; IFID_PipelineRegister:IFID_REG|register_NBit:REG_Instr|dffg:\G_Register_NBit:3:REGI|s_Q  ; iCLK         ; iCLK        ; 20.000       ; -0.049     ; 11.954     ;
; 8.003 ; IDEX_PipelineRegister:IDEX_REG|register_NBit:REG_Instr|dffg:\G_Register_NBit:21:REGI|s_Q       ; IFID_PipelineRegister:IFID_REG|register_NBit:REG_Instr|dffg:\G_Register_NBit:3:REGI|s_Q  ; iCLK         ; iCLK        ; 20.000       ; -0.051     ; 11.933     ;
; 8.049 ; IDEX_PipelineRegister:IDEX_REG|register_NBit:REG_Instr|dffg:\G_Register_NBit:20:REGI|s_Q       ; IFID_PipelineRegister:IFID_REG|register_NBit:REG_Instr|dffg:\G_Register_NBit:3:REGI|s_Q  ; iCLK         ; iCLK        ; 20.000       ; -0.051     ; 11.887     ;
; 8.053 ; EXMEM_PipelineRegister:EXMEM_REG|register_NBit:REG_rd|dffg:\G_Register_NBit:1:REGI|s_Q         ; IFID_PipelineRegister:IFID_REG|register_NBit:REG_Instr|dffg:\G_Register_NBit:13:REGI|s_Q ; iCLK         ; iCLK        ; 20.000       ; 0.142      ; 12.076     ;
; 8.053 ; EXMEM_PipelineRegister:EXMEM_REG|register_NBit:REG_rd|dffg:\G_Register_NBit:1:REGI|s_Q         ; IFID_PipelineRegister:IFID_REG|register_NBit:REG_Instr|dffg:\G_Register_NBit:30:REGI|s_Q ; iCLK         ; iCLK        ; 20.000       ; 0.142      ; 12.076     ;
; 8.061 ; IDEX_PipelineRegister:IDEX_REG|register_NBit:REG_Instr|dffg:\G_Register_NBit:22:REGI|s_Q       ; IFID_PipelineRegister:IFID_REG|register_NBit:REG_Instr|dffg:\G_Register_NBit:0:REGI|s_Q  ; iCLK         ; iCLK        ; 20.000       ; 0.135      ; 12.061     ;
; 8.072 ; IDEX_PipelineRegister:IDEX_REG|register_NBit:REG_Instr|dffg:\G_Register_NBit:21:REGI|s_Q       ; IFID_PipelineRegister:IFID_REG|register_NBit:REG_Instr|dffg:\G_Register_NBit:13:REGI|s_Q ; iCLK         ; iCLK        ; 20.000       ; 0.140      ; 12.055     ;
; 8.072 ; IDEX_PipelineRegister:IDEX_REG|register_NBit:REG_Instr|dffg:\G_Register_NBit:21:REGI|s_Q       ; IFID_PipelineRegister:IFID_REG|register_NBit:REG_Instr|dffg:\G_Register_NBit:30:REGI|s_Q ; iCLK         ; iCLK        ; 20.000       ; 0.140      ; 12.055     ;
; 8.080 ; EXMEM_PipelineRegister:EXMEM_REG|register_NBit:REG_rd|dffg:\G_Register_NBit:1:REGI|s_Q         ; IFID_PipelineRegister:IFID_REG|register_NBit:REG_Instr|dffg:\G_Register_NBit:1:REGI|s_Q  ; iCLK         ; iCLK        ; 20.000       ; 0.138      ; 12.045     ;
; 8.080 ; EXMEM_PipelineRegister:EXMEM_REG|register_NBit:REG_rd|dffg:\G_Register_NBit:1:REGI|s_Q         ; IFID_PipelineRegister:IFID_REG|register_NBit:REG_Instr|dffg:\G_Register_NBit:28:REGI|s_Q ; iCLK         ; iCLK        ; 20.000       ; 0.136      ; 12.043     ;
; 8.082 ; EXMEM_PipelineRegister:EXMEM_REG|register_NBit:REG_rd|dffg:\G_Register_NBit:0:REGI|s_Q         ; IFID_PipelineRegister:IFID_REG|register_NBit:REG_Instr|dffg:\G_Register_NBit:3:REGI|s_Q  ; iCLK         ; iCLK        ; 20.000       ; -0.049     ; 11.856     ;
; 8.087 ; IDEX_PipelineRegister:IDEX_REG|register_NBit:REG_Instr|dffg:\G_Register_NBit:15:REGI|s_Q       ; IFID_PipelineRegister:IFID_REG|register_NBit:REG_Instr|dffg:\G_Register_NBit:0:REGI|s_Q  ; iCLK         ; iCLK        ; 20.000       ; 0.135      ; 12.035     ;
; 8.099 ; IDEX_PipelineRegister:IDEX_REG|register_NBit:REG_Instr|dffg:\G_Register_NBit:21:REGI|s_Q       ; IFID_PipelineRegister:IFID_REG|register_NBit:REG_Instr|dffg:\G_Register_NBit:1:REGI|s_Q  ; iCLK         ; iCLK        ; 20.000       ; 0.136      ; 12.024     ;
; 8.099 ; IDEX_PipelineRegister:IDEX_REG|register_NBit:REG_Instr|dffg:\G_Register_NBit:21:REGI|s_Q       ; IFID_PipelineRegister:IFID_REG|register_NBit:REG_Instr|dffg:\G_Register_NBit:28:REGI|s_Q ; iCLK         ; iCLK        ; 20.000       ; 0.134      ; 12.022     ;
; 8.103 ; EXMEM_PipelineRegister:EXMEM_REG|register_NBit:REG_rd|dffg:\G_Register_NBit:2:REGI|s_Q         ; IFID_PipelineRegister:IFID_REG|register_NBit:REG_Instr|dffg:\G_Register_NBit:0:REGI|s_Q  ; iCLK         ; iCLK        ; 20.000       ; 0.137      ; 12.021     ;
; 8.112 ; EXMEM_PipelineRegister:EXMEM_REG|register_NBit:REG_rd|dffg:\G_Register_NBit:3:REGI|s_Q         ; IFID_PipelineRegister:IFID_REG|register_NBit:REG_Instr|dffg:\G_Register_NBit:3:REGI|s_Q  ; iCLK         ; iCLK        ; 20.000       ; -0.049     ; 11.826     ;
; 8.118 ; IDEX_PipelineRegister:IDEX_REG|register_NBit:REG_Instr|dffg:\G_Register_NBit:20:REGI|s_Q       ; IFID_PipelineRegister:IFID_REG|register_NBit:REG_Instr|dffg:\G_Register_NBit:13:REGI|s_Q ; iCLK         ; iCLK        ; 20.000       ; 0.140      ; 12.009     ;
; 8.118 ; IDEX_PipelineRegister:IDEX_REG|register_NBit:REG_Instr|dffg:\G_Register_NBit:20:REGI|s_Q       ; IFID_PipelineRegister:IFID_REG|register_NBit:REG_Instr|dffg:\G_Register_NBit:30:REGI|s_Q ; iCLK         ; iCLK        ; 20.000       ; 0.140      ; 12.009     ;
; 8.145 ; IDEX_PipelineRegister:IDEX_REG|register_NBit:REG_Instr|dffg:\G_Register_NBit:20:REGI|s_Q       ; IFID_PipelineRegister:IFID_REG|register_NBit:REG_Instr|dffg:\G_Register_NBit:1:REGI|s_Q  ; iCLK         ; iCLK        ; 20.000       ; 0.136      ; 11.978     ;
; 8.145 ; IDEX_PipelineRegister:IDEX_REG|register_NBit:REG_Instr|dffg:\G_Register_NBit:20:REGI|s_Q       ; IFID_PipelineRegister:IFID_REG|register_NBit:REG_Instr|dffg:\G_Register_NBit:28:REGI|s_Q ; iCLK         ; iCLK        ; 20.000       ; 0.134      ; 11.976     ;
; 8.151 ; MEMWB_PipelineRegister:MEMWB_REG|register_NBit:REG_Ctrl|dffg:\G_Register_NBit:1:REGI|s_Q       ; IFID_PipelineRegister:IFID_REG|register_NBit:REG_Instr|dffg:\G_Register_NBit:0:REGI|s_Q  ; iCLK         ; iCLK        ; 20.000       ; 0.148      ; 11.984     ;
; 8.151 ; EXMEM_PipelineRegister:EXMEM_REG|register_NBit:REG_rd|dffg:\G_Register_NBit:0:REGI|s_Q         ; IFID_PipelineRegister:IFID_REG|register_NBit:REG_Instr|dffg:\G_Register_NBit:13:REGI|s_Q ; iCLK         ; iCLK        ; 20.000       ; 0.142      ; 11.978     ;
; 8.151 ; EXMEM_PipelineRegister:EXMEM_REG|register_NBit:REG_rd|dffg:\G_Register_NBit:0:REGI|s_Q         ; IFID_PipelineRegister:IFID_REG|register_NBit:REG_Instr|dffg:\G_Register_NBit:30:REGI|s_Q ; iCLK         ; iCLK        ; 20.000       ; 0.142      ; 11.978     ;
; 8.155 ; MEMWB_PipelineRegister:MEMWB_REG|register_NBit:REG_rd|dffg:\G_Register_NBit:2:REGI|s_Q         ; IFID_PipelineRegister:IFID_REG|register_NBit:REG_Instr|dffg:\G_Register_NBit:0:REGI|s_Q  ; iCLK         ; iCLK        ; 20.000       ; 0.135      ; 11.967     ;
; 8.167 ; MEMWB_PipelineRegister:MEMWB_REG|register_NBit:REG_rd|dffg:\G_Register_NBit:4:REGI|s_Q         ; IFID_PipelineRegister:IFID_REG|register_NBit:REG_Instr|dffg:\G_Register_NBit:0:REGI|s_Q  ; iCLK         ; iCLK        ; 20.000       ; 0.135      ; 11.955     ;
; 8.178 ; EXMEM_PipelineRegister:EXMEM_REG|register_NBit:REG_rd|dffg:\G_Register_NBit:0:REGI|s_Q         ; IFID_PipelineRegister:IFID_REG|register_NBit:REG_Instr|dffg:\G_Register_NBit:1:REGI|s_Q  ; iCLK         ; iCLK        ; 20.000       ; 0.138      ; 11.947     ;
; 8.178 ; EXMEM_PipelineRegister:EXMEM_REG|register_NBit:REG_rd|dffg:\G_Register_NBit:0:REGI|s_Q         ; IFID_PipelineRegister:IFID_REG|register_NBit:REG_Instr|dffg:\G_Register_NBit:28:REGI|s_Q ; iCLK         ; iCLK        ; 20.000       ; 0.136      ; 11.945     ;
; 8.181 ; EXMEM_PipelineRegister:EXMEM_REG|register_NBit:REG_rd|dffg:\G_Register_NBit:3:REGI|s_Q         ; IFID_PipelineRegister:IFID_REG|register_NBit:REG_Instr|dffg:\G_Register_NBit:13:REGI|s_Q ; iCLK         ; iCLK        ; 20.000       ; 0.142      ; 11.948     ;
; 8.181 ; EXMEM_PipelineRegister:EXMEM_REG|register_NBit:REG_rd|dffg:\G_Register_NBit:3:REGI|s_Q         ; IFID_PipelineRegister:IFID_REG|register_NBit:REG_Instr|dffg:\G_Register_NBit:30:REGI|s_Q ; iCLK         ; iCLK        ; 20.000       ; 0.142      ; 11.948     ;
; 8.195 ; IDEX_PipelineRegister:IDEX_REG|register_NBit:REG_Instr|dffg:\G_Register_NBit:22:REGI|s_Q       ; IFID_PipelineRegister:IFID_REG|register_NBit:REG_Instr|dffg:\G_Register_NBit:3:REGI|s_Q  ; iCLK         ; iCLK        ; 20.000       ; -0.051     ; 11.741     ;
; 8.195 ; IDEX_PipelineRegister:IDEX_REG|register_NBit:REG_Instr|dffg:\G_Register_NBit:17:REGI|s_Q       ; IFID_PipelineRegister:IFID_REG|register_NBit:REG_Instr|dffg:\G_Register_NBit:0:REGI|s_Q  ; iCLK         ; iCLK        ; 20.000       ; 0.135      ; 11.927     ;
; 8.204 ; MEMWB_PipelineRegister:MEMWB_REG|register_NBit:REG_rd|dffg:\G_Register_NBit:3:REGI|s_Q         ; IFID_PipelineRegister:IFID_REG|register_NBit:REG_Instr|dffg:\G_Register_NBit:0:REGI|s_Q  ; iCLK         ; iCLK        ; 20.000       ; 0.137      ; 11.920     ;
; 8.208 ; EXMEM_PipelineRegister:EXMEM_REG|register_NBit:REG_rd|dffg:\G_Register_NBit:3:REGI|s_Q         ; IFID_PipelineRegister:IFID_REG|register_NBit:REG_Instr|dffg:\G_Register_NBit:1:REGI|s_Q  ; iCLK         ; iCLK        ; 20.000       ; 0.138      ; 11.917     ;
; 8.208 ; EXMEM_PipelineRegister:EXMEM_REG|register_NBit:REG_rd|dffg:\G_Register_NBit:3:REGI|s_Q         ; IFID_PipelineRegister:IFID_REG|register_NBit:REG_Instr|dffg:\G_Register_NBit:28:REGI|s_Q ; iCLK         ; iCLK        ; 20.000       ; 0.136      ; 11.915     ;
; 8.213 ; IDEX_PipelineRegister:IDEX_REG|register_NBit:REG_Instr|dffg:\G_Register_NBit:23:REGI|s_Q       ; IFID_PipelineRegister:IFID_REG|register_NBit:REG_Instr|dffg:\G_Register_NBit:0:REGI|s_Q  ; iCLK         ; iCLK        ; 20.000       ; 0.135      ; 11.909     ;
; 8.221 ; IDEX_PipelineRegister:IDEX_REG|register_NBit:REG_Instr|dffg:\G_Register_NBit:15:REGI|s_Q       ; IFID_PipelineRegister:IFID_REG|register_NBit:REG_Instr|dffg:\G_Register_NBit:3:REGI|s_Q  ; iCLK         ; iCLK        ; 20.000       ; -0.051     ; 11.715     ;
; 8.237 ; EXMEM_PipelineRegister:EXMEM_REG|register_NBit:REG_rd|dffg:\G_Register_NBit:2:REGI|s_Q         ; IFID_PipelineRegister:IFID_REG|register_NBit:REG_Instr|dffg:\G_Register_NBit:3:REGI|s_Q  ; iCLK         ; iCLK        ; 20.000       ; -0.049     ; 11.701     ;
; 8.241 ; MEMWB_PipelineRegister:MEMWB_REG|register_NBit:REG_Ctrl|dffg:\G_Register_NBit:2:REGI|s_Q       ; IFID_PipelineRegister:IFID_REG|register_NBit:REG_Instr|dffg:\G_Register_NBit:0:REGI|s_Q  ; iCLK         ; iCLK        ; 20.000       ; 0.137      ; 11.883     ;
; 8.251 ; IDEX_PipelineRegister:IDEX_REG|register_NBit:REG_Instr|dffg:\G_Register_NBit:24:REGI|s_Q       ; IFID_PipelineRegister:IFID_REG|register_NBit:REG_Instr|dffg:\G_Register_NBit:0:REGI|s_Q  ; iCLK         ; iCLK        ; 20.000       ; 0.139      ; 11.875     ;
; 8.252 ; MEMWB_PipelineRegister:MEMWB_REG|register_NBit:REG_PC_Plus4|dffg:\G_Register_NBit:0:REGI|s_Q   ; IFID_PipelineRegister:IFID_REG|register_NBit:REG_Instr|dffg:\G_Register_NBit:0:REGI|s_Q  ; iCLK         ; iCLK        ; 20.000       ; 0.141      ; 11.876     ;
; 8.261 ; EXMEM_PipelineRegister:EXMEM_REG|register_NBit:REG_rd|dffg:\G_Register_NBit:1:REGI|s_Q         ; IFID_PipelineRegister:IFID_REG|register_NBit:REG_Instr|dffg:\G_Register_NBit:4:REGI|s_Q  ; iCLK         ; iCLK        ; 20.000       ; 0.140      ; 11.866     ;
; 8.261 ; EXMEM_PipelineRegister:EXMEM_REG|register_NBit:REG_rd|dffg:\G_Register_NBit:1:REGI|s_Q         ; IFID_PipelineRegister:IFID_REG|register_NBit:REG_Instr|dffg:\G_Register_NBit:29:REGI|s_Q ; iCLK         ; iCLK        ; 20.000       ; 0.140      ; 11.866     ;
; 8.264 ; IDEX_PipelineRegister:IDEX_REG|register_NBit:REG_Instr|dffg:\G_Register_NBit:22:REGI|s_Q       ; IFID_PipelineRegister:IFID_REG|register_NBit:REG_Instr|dffg:\G_Register_NBit:13:REGI|s_Q ; iCLK         ; iCLK        ; 20.000       ; 0.140      ; 11.863     ;
; 8.264 ; IDEX_PipelineRegister:IDEX_REG|register_NBit:REG_Instr|dffg:\G_Register_NBit:22:REGI|s_Q       ; IFID_PipelineRegister:IFID_REG|register_NBit:REG_Instr|dffg:\G_Register_NBit:30:REGI|s_Q ; iCLK         ; iCLK        ; 20.000       ; 0.140      ; 11.863     ;
; 8.271 ; MEMWB_PipelineRegister:MEMWB_REG|register_NBit:REG_Ctrl|dffg:\G_Register_NBit:0:REGI|s_Q       ; IFID_PipelineRegister:IFID_REG|register_NBit:REG_Instr|dffg:\G_Register_NBit:0:REGI|s_Q  ; iCLK         ; iCLK        ; 20.000       ; 0.148      ; 11.864     ;
; 8.280 ; IDEX_PipelineRegister:IDEX_REG|register_NBit:REG_Instr|dffg:\G_Register_NBit:21:REGI|s_Q       ; IFID_PipelineRegister:IFID_REG|register_NBit:REG_Instr|dffg:\G_Register_NBit:4:REGI|s_Q  ; iCLK         ; iCLK        ; 20.000       ; 0.138      ; 11.845     ;
; 8.280 ; IDEX_PipelineRegister:IDEX_REG|register_NBit:REG_Instr|dffg:\G_Register_NBit:21:REGI|s_Q       ; IFID_PipelineRegister:IFID_REG|register_NBit:REG_Instr|dffg:\G_Register_NBit:29:REGI|s_Q ; iCLK         ; iCLK        ; 20.000       ; 0.138      ; 11.845     ;
; 8.285 ; MEMWB_PipelineRegister:MEMWB_REG|register_NBit:REG_Ctrl|dffg:\G_Register_NBit:1:REGI|s_Q       ; IFID_PipelineRegister:IFID_REG|register_NBit:REG_Instr|dffg:\G_Register_NBit:3:REGI|s_Q  ; iCLK         ; iCLK        ; 20.000       ; -0.038     ; 11.664     ;
; 8.289 ; MEMWB_PipelineRegister:MEMWB_REG|register_NBit:REG_rd|dffg:\G_Register_NBit:1:REGI|s_Q         ; IFID_PipelineRegister:IFID_REG|register_NBit:REG_Instr|dffg:\G_Register_NBit:0:REGI|s_Q  ; iCLK         ; iCLK        ; 20.000       ; 0.135      ; 11.833     ;
; 8.289 ; MEMWB_PipelineRegister:MEMWB_REG|register_NBit:REG_rd|dffg:\G_Register_NBit:2:REGI|s_Q         ; IFID_PipelineRegister:IFID_REG|register_NBit:REG_Instr|dffg:\G_Register_NBit:3:REGI|s_Q  ; iCLK         ; iCLK        ; 20.000       ; -0.051     ; 11.647     ;
; 8.290 ; IDEX_PipelineRegister:IDEX_REG|register_NBit:REG_Instr|dffg:\G_Register_NBit:15:REGI|s_Q       ; IFID_PipelineRegister:IFID_REG|register_NBit:REG_Instr|dffg:\G_Register_NBit:13:REGI|s_Q ; iCLK         ; iCLK        ; 20.000       ; 0.140      ; 11.837     ;
; 8.290 ; IDEX_PipelineRegister:IDEX_REG|register_NBit:REG_Instr|dffg:\G_Register_NBit:15:REGI|s_Q       ; IFID_PipelineRegister:IFID_REG|register_NBit:REG_Instr|dffg:\G_Register_NBit:30:REGI|s_Q ; iCLK         ; iCLK        ; 20.000       ; 0.140      ; 11.837     ;
; 8.291 ; IDEX_PipelineRegister:IDEX_REG|register_NBit:REG_Instr|dffg:\G_Register_NBit:22:REGI|s_Q       ; IFID_PipelineRegister:IFID_REG|register_NBit:REG_Instr|dffg:\G_Register_NBit:1:REGI|s_Q  ; iCLK         ; iCLK        ; 20.000       ; 0.136      ; 11.832     ;
; 8.291 ; IDEX_PipelineRegister:IDEX_REG|register_NBit:REG_Instr|dffg:\G_Register_NBit:22:REGI|s_Q       ; IFID_PipelineRegister:IFID_REG|register_NBit:REG_Instr|dffg:\G_Register_NBit:28:REGI|s_Q ; iCLK         ; iCLK        ; 20.000       ; 0.134      ; 11.830     ;
; 8.301 ; MEMWB_PipelineRegister:MEMWB_REG|register_NBit:REG_rd|dffg:\G_Register_NBit:4:REGI|s_Q         ; IFID_PipelineRegister:IFID_REG|register_NBit:REG_Instr|dffg:\G_Register_NBit:3:REGI|s_Q  ; iCLK         ; iCLK        ; 20.000       ; -0.051     ; 11.635     ;
; 8.306 ; EXMEM_PipelineRegister:EXMEM_REG|register_NBit:REG_rd|dffg:\G_Register_NBit:2:REGI|s_Q         ; IFID_PipelineRegister:IFID_REG|register_NBit:REG_Instr|dffg:\G_Register_NBit:13:REGI|s_Q ; iCLK         ; iCLK        ; 20.000       ; 0.142      ; 11.823     ;
; 8.306 ; EXMEM_PipelineRegister:EXMEM_REG|register_NBit:REG_rd|dffg:\G_Register_NBit:2:REGI|s_Q         ; IFID_PipelineRegister:IFID_REG|register_NBit:REG_Instr|dffg:\G_Register_NBit:30:REGI|s_Q ; iCLK         ; iCLK        ; 20.000       ; 0.142      ; 11.823     ;
; 8.317 ; IDEX_PipelineRegister:IDEX_REG|register_NBit:REG_Instr|dffg:\G_Register_NBit:15:REGI|s_Q       ; IFID_PipelineRegister:IFID_REG|register_NBit:REG_Instr|dffg:\G_Register_NBit:1:REGI|s_Q  ; iCLK         ; iCLK        ; 20.000       ; 0.136      ; 11.806     ;
; 8.317 ; IDEX_PipelineRegister:IDEX_REG|register_NBit:REG_Instr|dffg:\G_Register_NBit:15:REGI|s_Q       ; IFID_PipelineRegister:IFID_REG|register_NBit:REG_Instr|dffg:\G_Register_NBit:28:REGI|s_Q ; iCLK         ; iCLK        ; 20.000       ; 0.134      ; 11.804     ;
; 8.320 ; EXMEM_PipelineRegister:EXMEM_REG|register_NBit:REG_ALU_Result|dffg:\G_Register_NBit:0:REGI|s_Q ; IFID_PipelineRegister:IFID_REG|register_NBit:REG_Instr|dffg:\G_Register_NBit:0:REGI|s_Q  ; iCLK         ; iCLK        ; 20.000       ; -0.058     ; 11.609     ;
; 8.320 ; IDEX_PipelineRegister:IDEX_REG|register_NBit:REG_Instr|dffg:\G_Register_NBit:16:REGI|s_Q       ; IFID_PipelineRegister:IFID_REG|register_NBit:REG_Instr|dffg:\G_Register_NBit:0:REGI|s_Q  ; iCLK         ; iCLK        ; 20.000       ; 0.135      ; 11.802     ;
; 8.321 ; EXMEM_PipelineRegister:EXMEM_REG|register_NBit:REG_rd|dffg:\G_Register_NBit:4:REGI|s_Q         ; IFID_PipelineRegister:IFID_REG|register_NBit:REG_Instr|dffg:\G_Register_NBit:0:REGI|s_Q  ; iCLK         ; iCLK        ; 20.000       ; 0.137      ; 11.803     ;
; 8.326 ; IDEX_PipelineRegister:IDEX_REG|register_NBit:REG_Instr|dffg:\G_Register_NBit:20:REGI|s_Q       ; IFID_PipelineRegister:IFID_REG|register_NBit:REG_Instr|dffg:\G_Register_NBit:4:REGI|s_Q  ; iCLK         ; iCLK        ; 20.000       ; 0.138      ; 11.799     ;
; 8.326 ; IDEX_PipelineRegister:IDEX_REG|register_NBit:REG_Instr|dffg:\G_Register_NBit:20:REGI|s_Q       ; IFID_PipelineRegister:IFID_REG|register_NBit:REG_Instr|dffg:\G_Register_NBit:29:REGI|s_Q ; iCLK         ; iCLK        ; 20.000       ; 0.138      ; 11.799     ;
; 8.329 ; IDEX_PipelineRegister:IDEX_REG|register_NBit:REG_Instr|dffg:\G_Register_NBit:17:REGI|s_Q       ; IFID_PipelineRegister:IFID_REG|register_NBit:REG_Instr|dffg:\G_Register_NBit:3:REGI|s_Q  ; iCLK         ; iCLK        ; 20.000       ; -0.051     ; 11.607     ;
; 8.333 ; EXMEM_PipelineRegister:EXMEM_REG|register_NBit:REG_rd|dffg:\G_Register_NBit:2:REGI|s_Q         ; IFID_PipelineRegister:IFID_REG|register_NBit:REG_Instr|dffg:\G_Register_NBit:1:REGI|s_Q  ; iCLK         ; iCLK        ; 20.000       ; 0.138      ; 11.792     ;
; 8.333 ; EXMEM_PipelineRegister:EXMEM_REG|register_NBit:REG_rd|dffg:\G_Register_NBit:2:REGI|s_Q         ; IFID_PipelineRegister:IFID_REG|register_NBit:REG_Instr|dffg:\G_Register_NBit:28:REGI|s_Q ; iCLK         ; iCLK        ; 20.000       ; 0.136      ; 11.790     ;
; 8.336 ; MEMWB_PipelineRegister:MEMWB_REG|register_NBit:REG_rd|dffg:\G_Register_NBit:0:REGI|s_Q         ; IFID_PipelineRegister:IFID_REG|register_NBit:REG_Instr|dffg:\G_Register_NBit:0:REGI|s_Q  ; iCLK         ; iCLK        ; 20.000       ; 0.135      ; 11.786     ;
; 8.338 ; MEMWB_PipelineRegister:MEMWB_REG|register_NBit:REG_rd|dffg:\G_Register_NBit:3:REGI|s_Q         ; IFID_PipelineRegister:IFID_REG|register_NBit:REG_Instr|dffg:\G_Register_NBit:3:REGI|s_Q  ; iCLK         ; iCLK        ; 20.000       ; -0.049     ; 11.600     ;
; 8.340 ; EXMEM_PipelineRegister:EXMEM_REG|register_NBit:REG_rd|dffg:\G_Register_NBit:1:REGI|s_Q         ; IFID_PipelineRegister:IFID_REG|register_NBit:REG_Instr|dffg:\G_Register_NBit:21:REGI|s_Q ; iCLK         ; iCLK        ; 20.000       ; 0.172      ; 11.819     ;
; 8.347 ; IDEX_PipelineRegister:IDEX_REG|register_NBit:REG_Instr|dffg:\G_Register_NBit:23:REGI|s_Q       ; IFID_PipelineRegister:IFID_REG|register_NBit:REG_Instr|dffg:\G_Register_NBit:3:REGI|s_Q  ; iCLK         ; iCLK        ; 20.000       ; -0.051     ; 11.589     ;
; 8.348 ; EXMEM_PipelineRegister:EXMEM_REG|register_NBit:REG_rd|dffg:\G_Register_NBit:1:REGI|s_Q         ; IFID_PipelineRegister:IFID_REG|register_NBit:REG_Instr|dffg:\G_Register_NBit:25:REGI|s_Q ; iCLK         ; iCLK        ; 20.000       ; 0.166      ; 11.805     ;
; 8.348 ; EXMEM_PipelineRegister:EXMEM_REG|register_NBit:REG_rd|dffg:\G_Register_NBit:1:REGI|s_Q         ; IFID_PipelineRegister:IFID_REG|register_NBit:REG_Instr|dffg:\G_Register_NBit:27:REGI|s_Q ; iCLK         ; iCLK        ; 20.000       ; 0.166      ; 11.805     ;
; 8.353 ; EXMEM_PipelineRegister:EXMEM_REG|register_NBit:REG_Ctrl|dffg:\G_Register_NBit:5:REGI|s_Q       ; IFID_PipelineRegister:IFID_REG|register_NBit:REG_Instr|dffg:\G_Register_NBit:0:REGI|s_Q  ; iCLK         ; iCLK        ; 20.000       ; 0.137      ; 11.771     ;
; 8.354 ; MEMWB_PipelineRegister:MEMWB_REG|register_NBit:REG_Ctrl|dffg:\G_Register_NBit:1:REGI|s_Q       ; IFID_PipelineRegister:IFID_REG|register_NBit:REG_Instr|dffg:\G_Register_NBit:13:REGI|s_Q ; iCLK         ; iCLK        ; 20.000       ; 0.153      ; 11.786     ;
; 8.354 ; MEMWB_PipelineRegister:MEMWB_REG|register_NBit:REG_Ctrl|dffg:\G_Register_NBit:1:REGI|s_Q       ; IFID_PipelineRegister:IFID_REG|register_NBit:REG_Instr|dffg:\G_Register_NBit:30:REGI|s_Q ; iCLK         ; iCLK        ; 20.000       ; 0.153      ; 11.786     ;
; 8.358 ; MEMWB_PipelineRegister:MEMWB_REG|register_NBit:REG_rd|dffg:\G_Register_NBit:2:REGI|s_Q         ; IFID_PipelineRegister:IFID_REG|register_NBit:REG_Instr|dffg:\G_Register_NBit:13:REGI|s_Q ; iCLK         ; iCLK        ; 20.000       ; 0.140      ; 11.769     ;
; 8.358 ; MEMWB_PipelineRegister:MEMWB_REG|register_NBit:REG_rd|dffg:\G_Register_NBit:2:REGI|s_Q         ; IFID_PipelineRegister:IFID_REG|register_NBit:REG_Instr|dffg:\G_Register_NBit:30:REGI|s_Q ; iCLK         ; iCLK        ; 20.000       ; 0.140      ; 11.769     ;
; 8.359 ; EXMEM_PipelineRegister:EXMEM_REG|register_NBit:REG_rd|dffg:\G_Register_NBit:0:REGI|s_Q         ; IFID_PipelineRegister:IFID_REG|register_NBit:REG_Instr|dffg:\G_Register_NBit:4:REGI|s_Q  ; iCLK         ; iCLK        ; 20.000       ; 0.140      ; 11.768     ;
; 8.359 ; EXMEM_PipelineRegister:EXMEM_REG|register_NBit:REG_rd|dffg:\G_Register_NBit:0:REGI|s_Q         ; IFID_PipelineRegister:IFID_REG|register_NBit:REG_Instr|dffg:\G_Register_NBit:29:REGI|s_Q ; iCLK         ; iCLK        ; 20.000       ; 0.140      ; 11.768     ;
; 8.359 ; IDEX_PipelineRegister:IDEX_REG|register_NBit:REG_Instr|dffg:\G_Register_NBit:21:REGI|s_Q       ; IFID_PipelineRegister:IFID_REG|register_NBit:REG_Instr|dffg:\G_Register_NBit:21:REGI|s_Q ; iCLK         ; iCLK        ; 20.000       ; 0.170      ; 11.798     ;
; 8.367 ; IDEX_PipelineRegister:IDEX_REG|register_NBit:REG_Instr|dffg:\G_Register_NBit:21:REGI|s_Q       ; IFID_PipelineRegister:IFID_REG|register_NBit:REG_Instr|dffg:\G_Register_NBit:25:REGI|s_Q ; iCLK         ; iCLK        ; 20.000       ; 0.164      ; 11.784     ;
; 8.367 ; IDEX_PipelineRegister:IDEX_REG|register_NBit:REG_Instr|dffg:\G_Register_NBit:21:REGI|s_Q       ; IFID_PipelineRegister:IFID_REG|register_NBit:REG_Instr|dffg:\G_Register_NBit:27:REGI|s_Q ; iCLK         ; iCLK        ; 20.000       ; 0.164      ; 11.784     ;
; 8.370 ; MEMWB_PipelineRegister:MEMWB_REG|register_NBit:REG_rd|dffg:\G_Register_NBit:4:REGI|s_Q         ; IFID_PipelineRegister:IFID_REG|register_NBit:REG_Instr|dffg:\G_Register_NBit:13:REGI|s_Q ; iCLK         ; iCLK        ; 20.000       ; 0.140      ; 11.757     ;
; 8.370 ; MEMWB_PipelineRegister:MEMWB_REG|register_NBit:REG_rd|dffg:\G_Register_NBit:4:REGI|s_Q         ; IFID_PipelineRegister:IFID_REG|register_NBit:REG_Instr|dffg:\G_Register_NBit:30:REGI|s_Q ; iCLK         ; iCLK        ; 20.000       ; 0.140      ; 11.757     ;
; 8.375 ; MEMWB_PipelineRegister:MEMWB_REG|register_NBit:REG_Ctrl|dffg:\G_Register_NBit:2:REGI|s_Q       ; IFID_PipelineRegister:IFID_REG|register_NBit:REG_Instr|dffg:\G_Register_NBit:3:REGI|s_Q  ; iCLK         ; iCLK        ; 20.000       ; -0.049     ; 11.563     ;
; 8.381 ; MEMWB_PipelineRegister:MEMWB_REG|register_NBit:REG_Ctrl|dffg:\G_Register_NBit:1:REGI|s_Q       ; IFID_PipelineRegister:IFID_REG|register_NBit:REG_Instr|dffg:\G_Register_NBit:1:REGI|s_Q  ; iCLK         ; iCLK        ; 20.000       ; 0.149      ; 11.755     ;
; 8.381 ; MEMWB_PipelineRegister:MEMWB_REG|register_NBit:REG_Ctrl|dffg:\G_Register_NBit:1:REGI|s_Q       ; IFID_PipelineRegister:IFID_REG|register_NBit:REG_Instr|dffg:\G_Register_NBit:28:REGI|s_Q ; iCLK         ; iCLK        ; 20.000       ; 0.147      ; 11.753     ;
; 8.383 ; IDEX_PipelineRegister:IDEX_REG|register_NBit:REG_Instr|dffg:\G_Register_NBit:18:REGI|s_Q       ; IFID_PipelineRegister:IFID_REG|register_NBit:REG_Instr|dffg:\G_Register_NBit:0:REGI|s_Q  ; iCLK         ; iCLK        ; 20.000       ; 0.135      ; 11.739     ;
; 8.385 ; IDEX_PipelineRegister:IDEX_REG|register_NBit:REG_Instr|dffg:\G_Register_NBit:24:REGI|s_Q       ; IFID_PipelineRegister:IFID_REG|register_NBit:REG_Instr|dffg:\G_Register_NBit:3:REGI|s_Q  ; iCLK         ; iCLK        ; 20.000       ; -0.047     ; 11.555     ;
; 8.385 ; MEMWB_PipelineRegister:MEMWB_REG|register_NBit:REG_rd|dffg:\G_Register_NBit:2:REGI|s_Q         ; IFID_PipelineRegister:IFID_REG|register_NBit:REG_Instr|dffg:\G_Register_NBit:1:REGI|s_Q  ; iCLK         ; iCLK        ; 20.000       ; 0.136      ; 11.738     ;
; 8.385 ; MEMWB_PipelineRegister:MEMWB_REG|register_NBit:REG_rd|dffg:\G_Register_NBit:2:REGI|s_Q         ; IFID_PipelineRegister:IFID_REG|register_NBit:REG_Instr|dffg:\G_Register_NBit:28:REGI|s_Q ; iCLK         ; iCLK        ; 20.000       ; 0.134      ; 11.736     ;
; 8.386 ; MEMWB_PipelineRegister:MEMWB_REG|register_NBit:REG_PC_Plus4|dffg:\G_Register_NBit:0:REGI|s_Q   ; IFID_PipelineRegister:IFID_REG|register_NBit:REG_Instr|dffg:\G_Register_NBit:3:REGI|s_Q  ; iCLK         ; iCLK        ; 20.000       ; -0.045     ; 11.556     ;
; 8.389 ; EXMEM_PipelineRegister:EXMEM_REG|register_NBit:REG_rd|dffg:\G_Register_NBit:3:REGI|s_Q         ; IFID_PipelineRegister:IFID_REG|register_NBit:REG_Instr|dffg:\G_Register_NBit:4:REGI|s_Q  ; iCLK         ; iCLK        ; 20.000       ; 0.140      ; 11.738     ;
; 8.389 ; EXMEM_PipelineRegister:EXMEM_REG|register_NBit:REG_rd|dffg:\G_Register_NBit:3:REGI|s_Q         ; IFID_PipelineRegister:IFID_REG|register_NBit:REG_Instr|dffg:\G_Register_NBit:29:REGI|s_Q ; iCLK         ; iCLK        ; 20.000       ; 0.140      ; 11.738     ;
+-------+------------------------------------------------------------------------------------------------+------------------------------------------------------------------------------------------+--------------+-------------+--------------+------------+------------+


+---------------------------------------------------------------------------------------------------------------------------------------------------------------------------------------------------------------------------------------------------------------------------------+
; Fast 1200mV 0C Model Hold: 'iCLK'                                                                                                                                                                                                                                               ;
+-------+-------------------------------------------------------------------------------------------------+-------------------------------------------------------------------------------------------------+--------------+-------------+--------------+------------+------------+
; Slack ; From Node                                                                                       ; To Node                                                                                         ; Launch Clock ; Latch Clock ; Relationship ; Clock Skew ; Data Delay ;
+-------+-------------------------------------------------------------------------------------------------+-------------------------------------------------------------------------------------------------+--------------+-------------+--------------+------------+------------+
; 0.188 ; IDEX_PipelineRegister:IDEX_REG|register_NBit:REG_PC_Plus4|dffg:\G_Register_NBit:28:REGI|s_Q     ; EXMEM_PipelineRegister:EXMEM_REG|register_NBit:REG_PC_Plus4|dffg:\G_Register_NBit:28:REGI|s_Q   ; iCLK         ; iCLK        ; 0.000        ; 0.042      ; 0.314      ;
; 0.189 ; IDEX_PipelineRegister:IDEX_REG|register_NBit:REG_PC_Plus4|dffg:\G_Register_NBit:29:REGI|s_Q     ; EXMEM_PipelineRegister:EXMEM_REG|register_NBit:REG_PC_Plus4|dffg:\G_Register_NBit:29:REGI|s_Q   ; iCLK         ; iCLK        ; 0.000        ; 0.042      ; 0.315      ;
; 0.189 ; IDEX_PipelineRegister:IDEX_REG|register_NBit:REG_PC_Plus4|dffg:\G_Register_NBit:14:REGI|s_Q     ; EXMEM_PipelineRegister:EXMEM_REG|register_NBit:REG_PC_Plus4|dffg:\G_Register_NBit:14:REGI|s_Q   ; iCLK         ; iCLK        ; 0.000        ; 0.041      ; 0.314      ;
; 0.189 ; IDEX_PipelineRegister:IDEX_REG|register_NBit:REG_PC_Plus4|dffg:\G_Register_NBit:15:REGI|s_Q     ; EXMEM_PipelineRegister:EXMEM_REG|register_NBit:REG_PC_Plus4|dffg:\G_Register_NBit:15:REGI|s_Q   ; iCLK         ; iCLK        ; 0.000        ; 0.041      ; 0.314      ;
; 0.189 ; IDEX_PipelineRegister:IDEX_REG|register_NBit:REG_PC_Plus4|dffg:\G_Register_NBit:7:REGI|s_Q      ; EXMEM_PipelineRegister:EXMEM_REG|register_NBit:REG_PC_Plus4|dffg:\G_Register_NBit:7:REGI|s_Q    ; iCLK         ; iCLK        ; 0.000        ; 0.041      ; 0.314      ;
; 0.190 ; IDEX_PipelineRegister:IDEX_REG|register_NBit:REG_PC_Plus4|dffg:\G_Register_NBit:3:REGI|s_Q      ; EXMEM_PipelineRegister:EXMEM_REG|register_NBit:REG_PC_Plus4|dffg:\G_Register_NBit:3:REGI|s_Q    ; iCLK         ; iCLK        ; 0.000        ; 0.041      ; 0.315      ;
; 0.190 ; IDEX_PipelineRegister:IDEX_REG|register_NBit:REG_PC_Plus4|dffg:\G_Register_NBit:9:REGI|s_Q      ; EXMEM_PipelineRegister:EXMEM_REG|register_NBit:REG_PC_Plus4|dffg:\G_Register_NBit:9:REGI|s_Q    ; iCLK         ; iCLK        ; 0.000        ; 0.041      ; 0.315      ;
; 0.248 ; IFID_PipelineRegister:IFID_REG|register_NBit:REG_PC_Plus4|dffg:\G_Register_NBit:14:REGI|s_Q     ; IDEX_PipelineRegister:IDEX_REG|register_NBit:REG_PC_Plus4|dffg:\G_Register_NBit:14:REGI|s_Q     ; iCLK         ; iCLK        ; 0.000        ; 0.041      ; 0.373      ;
; 0.256 ; IFID_PipelineRegister:IFID_REG|register_NBit:REG_PC_Plus4|dffg:\G_Register_NBit:28:REGI|s_Q     ; IDEX_PipelineRegister:IDEX_REG|register_NBit:REG_PC_Plus4|dffg:\G_Register_NBit:28:REGI|s_Q     ; iCLK         ; iCLK        ; 0.000        ; 0.042      ; 0.382      ;
; 0.262 ; EXMEM_PipelineRegister:EXMEM_REG|register_NBit:REG_PC_Plus4|dffg:\G_Register_NBit:20:REGI|s_Q   ; MEMWB_PipelineRegister:MEMWB_REG|register_NBit:REG_PC_Plus4|dffg:\G_Register_NBit:20:REGI|s_Q   ; iCLK         ; iCLK        ; 0.000        ; 0.041      ; 0.387      ;
; 0.262 ; IDEX_PipelineRegister:IDEX_REG|register_NBit:REG_PC_Plus4|dffg:\G_Register_NBit:12:REGI|s_Q     ; EXMEM_PipelineRegister:EXMEM_REG|register_NBit:REG_PC_Plus4|dffg:\G_Register_NBit:12:REGI|s_Q   ; iCLK         ; iCLK        ; 0.000        ; 0.041      ; 0.387      ;
; 0.263 ; EXMEM_PipelineRegister:EXMEM_REG|register_NBit:REG_PC_Plus4|dffg:\G_Register_NBit:27:REGI|s_Q   ; MEMWB_PipelineRegister:MEMWB_REG|register_NBit:REG_PC_Plus4|dffg:\G_Register_NBit:27:REGI|s_Q   ; iCLK         ; iCLK        ; 0.000        ; 0.041      ; 0.388      ;
; 0.263 ; IDEX_PipelineRegister:IDEX_REG|register_NBit:REG_PC_Plus4|dffg:\G_Register_NBit:4:REGI|s_Q      ; EXMEM_PipelineRegister:EXMEM_REG|register_NBit:REG_PC_Plus4|dffg:\G_Register_NBit:4:REGI|s_Q    ; iCLK         ; iCLK        ; 0.000        ; 0.041      ; 0.388      ;
; 0.264 ; IDEX_PipelineRegister:IDEX_REG|register_NBit:REG_PC_Plus4|dffg:\G_Register_NBit:8:REGI|s_Q      ; EXMEM_PipelineRegister:EXMEM_REG|register_NBit:REG_PC_Plus4|dffg:\G_Register_NBit:8:REGI|s_Q    ; iCLK         ; iCLK        ; 0.000        ; 0.041      ; 0.389      ;
; 0.264 ; EXMEM_PipelineRegister:EXMEM_REG|register_NBit:REG_PC_Plus4|dffg:\G_Register_NBit:22:REGI|s_Q   ; MEMWB_PipelineRegister:MEMWB_REG|register_NBit:REG_PC_Plus4|dffg:\G_Register_NBit:22:REGI|s_Q   ; iCLK         ; iCLK        ; 0.000        ; 0.040      ; 0.388      ;
; 0.264 ; IDEX_PipelineRegister:IDEX_REG|register_NBit:REG_PC_Plus4|dffg:\G_Register_NBit:13:REGI|s_Q     ; EXMEM_PipelineRegister:EXMEM_REG|register_NBit:REG_PC_Plus4|dffg:\G_Register_NBit:13:REGI|s_Q   ; iCLK         ; iCLK        ; 0.000        ; 0.041      ; 0.389      ;
; 0.265 ; EXMEM_PipelineRegister:EXMEM_REG|register_NBit:REG_PC_Plus4|dffg:\G_Register_NBit:21:REGI|s_Q   ; MEMWB_PipelineRegister:MEMWB_REG|register_NBit:REG_PC_Plus4|dffg:\G_Register_NBit:21:REGI|s_Q   ; iCLK         ; iCLK        ; 0.000        ; 0.041      ; 0.390      ;
; 0.265 ; IDEX_PipelineRegister:IDEX_REG|register_NBit:REG_PC_Plus4|dffg:\G_Register_NBit:11:REGI|s_Q     ; EXMEM_PipelineRegister:EXMEM_REG|register_NBit:REG_PC_Plus4|dffg:\G_Register_NBit:11:REGI|s_Q   ; iCLK         ; iCLK        ; 0.000        ; 0.041      ; 0.390      ;
; 0.266 ; IDEX_PipelineRegister:IDEX_REG|register_NBit:REG_PC_Plus4|dffg:\G_Register_NBit:18:REGI|s_Q     ; EXMEM_PipelineRegister:EXMEM_REG|register_NBit:REG_PC_Plus4|dffg:\G_Register_NBit:18:REGI|s_Q   ; iCLK         ; iCLK        ; 0.000        ; 0.039      ; 0.389      ;
; 0.272 ; IDEX_PipelineRegister:IDEX_REG|register_NBit:REG_PC_Plus4|dffg:\G_Register_NBit:26:REGI|s_Q     ; EXMEM_PipelineRegister:EXMEM_REG|register_NBit:REG_PC_Plus4|dffg:\G_Register_NBit:26:REGI|s_Q   ; iCLK         ; iCLK        ; 0.000        ; 0.258      ; 0.614      ;
; 0.274 ; IFID_PipelineRegister:IFID_REG|register_NBit:REG_PC_Plus4|dffg:\G_Register_NBit:27:REGI|s_Q     ; IDEX_PipelineRegister:IDEX_REG|register_NBit:REG_PC_Plus4|dffg:\G_Register_NBit:27:REGI|s_Q     ; iCLK         ; iCLK        ; 0.000        ; 0.042      ; 0.400      ;
; 0.274 ; EXMEM_PipelineRegister:EXMEM_REG|register_NBit:REG_Ctrl|dffg:\G_Register_NBit:5:REGI|s_Q        ; MEMWB_PipelineRegister:MEMWB_REG|register_NBit:REG_Ctrl|dffg:\G_Register_NBit:2:REGI|s_Q        ; iCLK         ; iCLK        ; 0.000        ; 0.041      ; 0.399      ;
; 0.290 ; IFID_PipelineRegister:IFID_REG|register_NBit:REG_PC_Plus4|dffg:\G_Register_NBit:20:REGI|s_Q     ; IDEX_PipelineRegister:IDEX_REG|register_NBit:REG_PC_Plus4|dffg:\G_Register_NBit:20:REGI|s_Q     ; iCLK         ; iCLK        ; 0.000        ; 0.041      ; 0.415      ;
; 0.291 ; IFID_PipelineRegister:IFID_REG|register_NBit:REG_PC_Plus4|dffg:\G_Register_NBit:17:REGI|s_Q     ; IDEX_PipelineRegister:IDEX_REG|register_NBit:REG_PC_Plus4|dffg:\G_Register_NBit:17:REGI|s_Q     ; iCLK         ; iCLK        ; 0.000        ; 0.041      ; 0.416      ;
; 0.291 ; IFID_PipelineRegister:IFID_REG|register_NBit:REG_PC_Plus4|dffg:\G_Register_NBit:23:REGI|s_Q     ; IDEX_PipelineRegister:IDEX_REG|register_NBit:REG_PC_Plus4|dffg:\G_Register_NBit:23:REGI|s_Q     ; iCLK         ; iCLK        ; 0.000        ; 0.041      ; 0.416      ;
; 0.293 ; IFID_PipelineRegister:IFID_REG|register_NBit:REG_PC_Plus4|dffg:\G_Register_NBit:25:REGI|s_Q     ; IDEX_PipelineRegister:IDEX_REG|register_NBit:REG_PC_Plus4|dffg:\G_Register_NBit:25:REGI|s_Q     ; iCLK         ; iCLK        ; 0.000        ; 0.041      ; 0.418      ;
; 0.295 ; IFID_PipelineRegister:IFID_REG|register_NBit:REG_PC_Plus4|dffg:\G_Register_NBit:30:REGI|s_Q     ; IDEX_PipelineRegister:IDEX_REG|register_NBit:REG_PC_Plus4|dffg:\G_Register_NBit:30:REGI|s_Q     ; iCLK         ; iCLK        ; 0.000        ; 0.042      ; 0.421      ;
; 0.296 ; IFID_PipelineRegister:IFID_REG|register_NBit:REG_PC_Plus4|dffg:\G_Register_NBit:31:REGI|s_Q     ; IDEX_PipelineRegister:IDEX_REG|register_NBit:REG_PC_Plus4|dffg:\G_Register_NBit:31:REGI|s_Q     ; iCLK         ; iCLK        ; 0.000        ; 0.042      ; 0.422      ;
; 0.296 ; IFID_PipelineRegister:IFID_REG|register_NBit:REG_PC_Plus4|dffg:\G_Register_NBit:19:REGI|s_Q     ; IDEX_PipelineRegister:IDEX_REG|register_NBit:REG_PC_Plus4|dffg:\G_Register_NBit:19:REGI|s_Q     ; iCLK         ; iCLK        ; 0.000        ; 0.041      ; 0.421      ;
; 0.296 ; IDEX_PipelineRegister:IDEX_REG|register_NBit:REG_rs2|dffg:\G_Register_NBit:18:REGI|s_Q          ; EXMEM_PipelineRegister:EXMEM_REG|register_NBit:REG_rs2|dffg:\G_Register_NBit:18:REGI|s_Q        ; iCLK         ; iCLK        ; 0.000        ; 0.040      ; 0.420      ;
; 0.297 ; sw_fetch_unit:F_UNIT_SW|pc_register:PC_REG|dffg:\GEN_TOP:31:DFF_i|s_Q                           ; IFID_PipelineRegister:IFID_REG|register_NBit:REG_PC_Plus4|dffg:\G_Register_NBit:31:REGI|s_Q     ; iCLK         ; iCLK        ; 0.000        ; 0.042      ; 0.423      ;
; 0.307 ; IDEX_PipelineRegister:IDEX_REG|register_NBit:REG_PC_Plus4|dffg:\G_Register_NBit:25:REGI|s_Q     ; EXMEM_PipelineRegister:EXMEM_REG|register_NBit:REG_PC_Plus4|dffg:\G_Register_NBit:25:REGI|s_Q   ; iCLK         ; iCLK        ; 0.000        ; 0.247      ; 0.638      ;
; 0.311 ; IFID_PipelineRegister:IFID_REG|register_NBit:REG_PC_Plus4|dffg:\G_Register_NBit:29:REGI|s_Q     ; IDEX_PipelineRegister:IDEX_REG|register_NBit:REG_PC_Plus4|dffg:\G_Register_NBit:29:REGI|s_Q     ; iCLK         ; iCLK        ; 0.000        ; 0.042      ; 0.437      ;
; 0.314 ; sw_fetch_unit:F_UNIT_SW|pc_register:PC_REG|dffg:\GEN_TOP:25:DFF_i|s_Q                           ; IFID_PipelineRegister:IFID_REG|register_NBit:REG_PC_Plus4|dffg:\G_Register_NBit:25:REGI|s_Q     ; iCLK         ; iCLK        ; 0.000        ; 0.041      ; 0.439      ;
; 0.317 ; IDEX_PipelineRegister:IDEX_REG|register_NBit:REG_rs2|dffg:\G_Register_NBit:8:REGI|s_Q           ; EXMEM_PipelineRegister:EXMEM_REG|register_NBit:REG_rs2|dffg:\G_Register_NBit:8:REGI|s_Q         ; iCLK         ; iCLK        ; 0.000        ; 0.041      ; 0.442      ;
; 0.317 ; EXMEM_PipelineRegister:EXMEM_REG|register_NBit:REG_Instr|dffg:\G_Register_NBit:13:REGI|s_Q      ; MEMWB_PipelineRegister:MEMWB_REG|register_NBit:REG_DMemOut|dffg:\G_Register_NBit:23:REGI|s_Q    ; iCLK         ; iCLK        ; 0.000        ; 0.042      ; 0.443      ;
; 0.319 ; EXMEM_PipelineRegister:EXMEM_REG|register_NBit:REG_Instr|dffg:\G_Register_NBit:13:REGI|s_Q      ; MEMWB_PipelineRegister:MEMWB_REG|register_NBit:REG_DMemOut|dffg:\G_Register_NBit:25:REGI|s_Q    ; iCLK         ; iCLK        ; 0.000        ; 0.042      ; 0.445      ;
; 0.319 ; EXMEM_PipelineRegister:EXMEM_REG|register_NBit:REG_Instr|dffg:\G_Register_NBit:13:REGI|s_Q      ; MEMWB_PipelineRegister:MEMWB_REG|register_NBit:REG_DMemOut|dffg:\G_Register_NBit:26:REGI|s_Q    ; iCLK         ; iCLK        ; 0.000        ; 0.042      ; 0.445      ;
; 0.320 ; EXMEM_PipelineRegister:EXMEM_REG|register_NBit:REG_Instr|dffg:\G_Register_NBit:13:REGI|s_Q      ; MEMWB_PipelineRegister:MEMWB_REG|register_NBit:REG_DMemOut|dffg:\G_Register_NBit:16:REGI|s_Q    ; iCLK         ; iCLK        ; 0.000        ; 0.042      ; 0.446      ;
; 0.328 ; IFID_PipelineRegister:IFID_REG|register_NBit:REG_PC_Plus4|dffg:\G_Register_NBit:18:REGI|s_Q     ; IDEX_PipelineRegister:IDEX_REG|register_NBit:REG_PC_Plus4|dffg:\G_Register_NBit:18:REGI|s_Q     ; iCLK         ; iCLK        ; 0.000        ; 0.039      ; 0.451      ;
; 0.328 ; sw_fetch_unit:F_UNIT_SW|pc_register:PC_REG|dffg:\GEN_BOTTOM:18:DFF_i|s_Q                        ; IFID_PipelineRegister:IFID_REG|register_NBit:REG_PC_Plus4|dffg:\G_Register_NBit:18:REGI|s_Q     ; iCLK         ; iCLK        ; 0.000        ; 0.041      ; 0.453      ;
; 0.328 ; EXMEM_PipelineRegister:EXMEM_REG|register_NBit:REG_PC_Plus4|dffg:\G_Register_NBit:30:REGI|s_Q   ; MEMWB_PipelineRegister:MEMWB_REG|register_NBit:REG_PC_Plus4|dffg:\G_Register_NBit:30:REGI|s_Q   ; iCLK         ; iCLK        ; 0.000        ; 0.043      ; 0.455      ;
; 0.331 ; EXMEM_PipelineRegister:EXMEM_REG|register_NBit:REG_PC_Plus4|dffg:\G_Register_NBit:23:REGI|s_Q   ; MEMWB_PipelineRegister:MEMWB_REG|register_NBit:REG_PC_Plus4|dffg:\G_Register_NBit:23:REGI|s_Q   ; iCLK         ; iCLK        ; 0.000        ; 0.042      ; 0.457      ;
; 0.332 ; EXMEM_PipelineRegister:EXMEM_REG|register_NBit:REG_PC_Plus4|dffg:\G_Register_NBit:8:REGI|s_Q    ; MEMWB_PipelineRegister:MEMWB_REG|register_NBit:REG_PC_Plus4|dffg:\G_Register_NBit:8:REGI|s_Q    ; iCLK         ; iCLK        ; 0.000        ; 0.041      ; 0.457      ;
; 0.333 ; sw_fetch_unit:F_UNIT_SW|pc_register:PC_REG|dffg:\GEN_BOTTOM:18:DFF_i|s_Q                        ; IFID_PipelineRegister:IFID_REG|register_NBit:REG_PC_Plus4|dffg:\G_Register_NBit:19:REGI|s_Q     ; iCLK         ; iCLK        ; 0.000        ; 0.041      ; 0.458      ;
; 0.338 ; IFID_PipelineRegister:IFID_REG|register_NBit:REG_PC_Plus4|dffg:\G_Register_NBit:16:REGI|s_Q     ; IDEX_PipelineRegister:IDEX_REG|register_NBit:REG_PC_Plus4|dffg:\G_Register_NBit:16:REGI|s_Q     ; iCLK         ; iCLK        ; 0.000        ; 0.233      ; 0.655      ;
; 0.345 ; EXMEM_PipelineRegister:EXMEM_REG|register_NBit:REG_ALU_Result|dffg:\G_Register_NBit:7:REGI|s_Q  ; MEMWB_PipelineRegister:MEMWB_REG|register_NBit:REG_ALU_Result|dffg:\G_Register_NBit:7:REGI|s_Q  ; iCLK         ; iCLK        ; 0.000        ; 0.049      ; 0.478      ;
; 0.345 ; EXMEM_PipelineRegister:EXMEM_REG|register_NBit:REG_ALU_Result|dffg:\G_Register_NBit:16:REGI|s_Q ; MEMWB_PipelineRegister:MEMWB_REG|register_NBit:REG_ALU_Result|dffg:\G_Register_NBit:16:REGI|s_Q ; iCLK         ; iCLK        ; 0.000        ; 0.042      ; 0.471      ;
; 0.345 ; IDEX_PipelineRegister:IDEX_REG|register_NBit:REG_PC_Plus4|dffg:\G_Register_NBit:19:REGI|s_Q     ; EXMEM_PipelineRegister:EXMEM_REG|register_NBit:REG_PC_Plus4|dffg:\G_Register_NBit:19:REGI|s_Q   ; iCLK         ; iCLK        ; 0.000        ; 0.039      ; 0.468      ;
; 0.347 ; IDEX_PipelineRegister:IDEX_REG|register_NBit:REG_PC_Plus4|dffg:\G_Register_NBit:10:REGI|s_Q     ; EXMEM_PipelineRegister:EXMEM_REG|register_NBit:REG_PC_Plus4|dffg:\G_Register_NBit:10:REGI|s_Q   ; iCLK         ; iCLK        ; 0.000        ; 0.043      ; 0.474      ;
; 0.348 ; EXMEM_PipelineRegister:EXMEM_REG|register_NBit:REG_PC_Plus4|dffg:\G_Register_NBit:1:REGI|s_Q    ; MEMWB_PipelineRegister:MEMWB_REG|register_NBit:REG_PC_Plus4|dffg:\G_Register_NBit:1:REGI|s_Q    ; iCLK         ; iCLK        ; 0.000        ; 0.039      ; 0.471      ;
; 0.358 ; IDEX_PipelineRegister:IDEX_REG|register_NBit:REG_PC_Plus4|dffg:\G_Register_NBit:21:REGI|s_Q     ; EXMEM_PipelineRegister:EXMEM_REG|register_NBit:REG_PC_Plus4|dffg:\G_Register_NBit:21:REGI|s_Q   ; iCLK         ; iCLK        ; 0.000        ; 0.045      ; 0.487      ;
; 0.365 ; IDEX_PipelineRegister:IDEX_REG|register_NBit:REG_rs2|dffg:\G_Register_NBit:9:REGI|s_Q           ; EXMEM_PipelineRegister:EXMEM_REG|register_NBit:REG_rs2|dffg:\G_Register_NBit:9:REGI|s_Q         ; iCLK         ; iCLK        ; 0.000        ; 0.040      ; 0.489      ;
; 0.366 ; IDEX_PipelineRegister:IDEX_REG|register_NBit:REG_rs2|dffg:\G_Register_NBit:27:REGI|s_Q          ; EXMEM_PipelineRegister:EXMEM_REG|register_NBit:REG_rs2|dffg:\G_Register_NBit:27:REGI|s_Q        ; iCLK         ; iCLK        ; 0.000        ; -0.137     ; 0.313      ;
; 0.371 ; MEMWB_PipelineRegister:MEMWB_REG|register_NBit:REG_ALU_Result|dffg:\G_Register_NBit:28:REGI|s_Q ; IDEX_PipelineRegister:IDEX_REG|register_NBit:REG_rs2|dffg:\G_Register_NBit:28:REGI|s_Q          ; iCLK         ; iCLK        ; 0.000        ; 0.228      ; 0.683      ;
; 0.371 ; EXMEM_PipelineRegister:EXMEM_REG|register_NBit:REG_PC_Plus4|dffg:\G_Register_NBit:18:REGI|s_Q   ; MEMWB_PipelineRegister:MEMWB_REG|register_NBit:REG_PC_Plus4|dffg:\G_Register_NBit:18:REGI|s_Q   ; iCLK         ; iCLK        ; 0.000        ; 0.035      ; 0.490      ;
; 0.382 ; IDEX_PipelineRegister:IDEX_REG|register_NBit:REG_PC_Plus4|dffg:\G_Register_NBit:5:REGI|s_Q      ; EXMEM_PipelineRegister:EXMEM_REG|register_NBit:REG_PC_Plus4|dffg:\G_Register_NBit:5:REGI|s_Q    ; iCLK         ; iCLK        ; 0.000        ; -0.153     ; 0.313      ;
; 0.383 ; sw_fetch_unit:F_UNIT_SW|pc_register:PC_REG|dffg:\GEN_BOTTOM:15:DFF_i|s_Q                        ; IFID_PipelineRegister:IFID_REG|register_NBit:REG_PC_Plus4|dffg:\G_Register_NBit:15:REGI|s_Q     ; iCLK         ; iCLK        ; 0.000        ; -0.137     ; 0.330      ;
; 0.389 ; sw_fetch_unit:F_UNIT_SW|pc_register:PC_REG|dffg:\GEN_BOTTOM:16:DFF_i|s_Q                        ; IFID_PipelineRegister:IFID_REG|register_NBit:REG_PC_Plus4|dffg:\G_Register_NBit:16:REGI|s_Q     ; iCLK         ; iCLK        ; 0.000        ; -0.137     ; 0.336      ;
; 0.390 ; sw_fetch_unit:F_UNIT_SW|pc_register:PC_REG|dffg:\GEN_BOTTOM:19:DFF_i|s_Q                        ; IFID_PipelineRegister:IFID_REG|register_NBit:REG_PC_Plus4|dffg:\G_Register_NBit:19:REGI|s_Q     ; iCLK         ; iCLK        ; 0.000        ; 0.041      ; 0.515      ;
; 0.392 ; IDEX_PipelineRegister:IDEX_REG|register_NBit:REG_rs2|dffg:\G_Register_NBit:23:REGI|s_Q          ; EXMEM_PipelineRegister:EXMEM_REG|register_NBit:REG_rs2|dffg:\G_Register_NBit:23:REGI|s_Q        ; iCLK         ; iCLK        ; 0.000        ; -0.164     ; 0.312      ;
; 0.393 ; IDEX_PipelineRegister:IDEX_REG|register_NBit:REG_rs2|dffg:\G_Register_NBit:26:REGI|s_Q          ; EXMEM_PipelineRegister:EXMEM_REG|register_NBit:REG_rs2|dffg:\G_Register_NBit:26:REGI|s_Q        ; iCLK         ; iCLK        ; 0.000        ; -0.164     ; 0.313      ;
; 0.394 ; EXMEM_PipelineRegister:EXMEM_REG|register_NBit:REG_PC_Plus4|dffg:\G_Register_NBit:0:REGI|s_Q    ; MEMWB_PipelineRegister:MEMWB_REG|register_NBit:REG_PC_Plus4|dffg:\G_Register_NBit:0:REGI|s_Q    ; iCLK         ; iCLK        ; 0.000        ; -0.164     ; 0.314      ;
; 0.396 ; IDEX_PipelineRegister:IDEX_REG|register_NBit:REG_PC_Plus4|dffg:\G_Register_NBit:31:REGI|s_Q     ; EXMEM_PipelineRegister:EXMEM_REG|register_NBit:REG_PC_Plus4|dffg:\G_Register_NBit:31:REGI|s_Q   ; iCLK         ; iCLK        ; 0.000        ; 0.034      ; 0.514      ;
; 0.397 ; IFID_PipelineRegister:IFID_REG|register_NBit:REG_PC_Plus4|dffg:\G_Register_NBit:24:REGI|s_Q     ; IDEX_PipelineRegister:IDEX_REG|register_NBit:REG_PC_Plus4|dffg:\G_Register_NBit:24:REGI|s_Q     ; iCLK         ; iCLK        ; 0.000        ; 0.039      ; 0.520      ;
; 0.398 ; IFID_PipelineRegister:IFID_REG|register_NBit:REG_PC_Plus4|dffg:\G_Register_NBit:26:REGI|s_Q     ; IDEX_PipelineRegister:IDEX_REG|register_NBit:REG_PC_Plus4|dffg:\G_Register_NBit:26:REGI|s_Q     ; iCLK         ; iCLK        ; 0.000        ; 0.039      ; 0.521      ;
; 0.407 ; IDEX_PipelineRegister:IDEX_REG|register_NBit:REG_Ctrl|dffg:\G_Register_NBit:4:REGI|s_Q          ; EXMEM_PipelineRegister:EXMEM_REG|register_NBit:REG_Ctrl|dffg:\G_Register_NBit:3:REGI|s_Q        ; iCLK         ; iCLK        ; 0.000        ; -0.165     ; 0.326      ;
; 0.419 ; sw_fetch_unit:F_UNIT_SW|pc_register:PC_REG|dffg:\GEN_TOP:26:DFF_i|s_Q                           ; IFID_PipelineRegister:IFID_REG|register_NBit:REG_PC_Plus4|dffg:\G_Register_NBit:26:REGI|s_Q     ; iCLK         ; iCLK        ; 0.000        ; 0.041      ; 0.544      ;
; 0.420 ; EXMEM_PipelineRegister:EXMEM_REG|register_NBit:REG_PC_Plus4|dffg:\G_Register_NBit:31:REGI|s_Q   ; MEMWB_PipelineRegister:MEMWB_REG|register_NBit:REG_PC_Plus4|dffg:\G_Register_NBit:31:REGI|s_Q   ; iCLK         ; iCLK        ; 0.000        ; 0.043      ; 0.547      ;
; 0.422 ; IFID_PipelineRegister:IFID_REG|register_NBit:REG_PC_Plus4|dffg:\G_Register_NBit:22:REGI|s_Q     ; IDEX_PipelineRegister:IDEX_REG|register_NBit:REG_PC_Plus4|dffg:\G_Register_NBit:22:REGI|s_Q     ; iCLK         ; iCLK        ; 0.000        ; 0.055      ; 0.561      ;
; 0.422 ; sw_fetch_unit:F_UNIT_SW|pc_register:PC_REG|dffg:\GEN_BOTTOM:19:DFF_i|s_Q                        ; IFID_PipelineRegister:IFID_REG|register_NBit:REG_PC_Plus4|dffg:\G_Register_NBit:22:REGI|s_Q     ; iCLK         ; iCLK        ; 0.000        ; 0.229      ; 0.735      ;
; 0.423 ; sw_fetch_unit:F_UNIT_SW|pc_register:PC_REG|dffg:\GEN_TOP:24:DFF_i|s_Q                           ; sw_fetch_unit:F_UNIT_SW|pc_register:PC_REG|dffg:\GEN_TOP:24:DFF_i|s_Q                           ; iCLK         ; iCLK        ; 0.000        ; 0.041      ; 0.548      ;
; 0.426 ; sw_fetch_unit:F_UNIT_SW|pc_register:PC_REG|dffg:\GEN_BOTTOM:16:DFF_i|s_Q                        ; sw_fetch_unit:F_UNIT_SW|pc_register:PC_REG|dffg:\GEN_BOTTOM:16:DFF_i|s_Q                        ; iCLK         ; iCLK        ; 0.000        ; 0.049      ; 0.559      ;
; 0.426 ; IDEX_PipelineRegister:IDEX_REG|register_NBit:REG_PC_Plus4|dffg:\G_Register_NBit:20:REGI|s_Q     ; EXMEM_PipelineRegister:EXMEM_REG|register_NBit:REG_PC_Plus4|dffg:\G_Register_NBit:20:REGI|s_Q   ; iCLK         ; iCLK        ; 0.000        ; 0.043      ; 0.553      ;
; 0.429 ; MEMWB_PipelineRegister:MEMWB_REG|register_NBit:REG_ALU_Result|dffg:\G_Register_NBit:1:REGI|s_Q  ; IDEX_PipelineRegister:IDEX_REG|register_NBit:REG_rs2|dffg:\G_Register_NBit:1:REGI|s_Q           ; iCLK         ; iCLK        ; 0.000        ; 0.046      ; 0.559      ;
; 0.430 ; IFID_PipelineRegister:IFID_REG|register_NBit:REG_PC|dffg:\G_Register_NBit:22:REGI|s_Q           ; IDEX_PipelineRegister:IDEX_REG|register_NBit:REG_PC|dffg:\G_Register_NBit:22:REGI|s_Q           ; iCLK         ; iCLK        ; 0.000        ; -0.141     ; 0.373      ;
; 0.431 ; MEMWB_PipelineRegister:MEMWB_REG|register_NBit:REG_ALU_Result|dffg:\G_Register_NBit:28:REGI|s_Q ; IDEX_PipelineRegister:IDEX_REG|register_NBit:REG_rs1|dffg:\G_Register_NBit:28:REGI|s_Q          ; iCLK         ; iCLK        ; 0.000        ; 0.039      ; 0.554      ;
; 0.431 ; sw_fetch_unit:F_UNIT_SW|pc_register:PC_REG|dffg:\GEN_BOTTOM:14:DFF_i|s_Q                        ; sw_fetch_unit:F_UNIT_SW|pc_register:PC_REG|dffg:\GEN_BOTTOM:14:DFF_i|s_Q                        ; iCLK         ; iCLK        ; 0.000        ; 0.041      ; 0.556      ;
; 0.432 ; IFID_PipelineRegister:IFID_REG|register_NBit:REG_PC|dffg:\G_Register_NBit:26:REGI|s_Q           ; IDEX_PipelineRegister:IDEX_REG|register_NBit:REG_PC|dffg:\G_Register_NBit:26:REGI|s_Q           ; iCLK         ; iCLK        ; 0.000        ; -0.141     ; 0.375      ;
; 0.432 ; IFID_PipelineRegister:IFID_REG|register_NBit:REG_PC|dffg:\G_Register_NBit:27:REGI|s_Q           ; IDEX_PipelineRegister:IDEX_REG|register_NBit:REG_PC|dffg:\G_Register_NBit:27:REGI|s_Q           ; iCLK         ; iCLK        ; 0.000        ; -0.141     ; 0.375      ;
; 0.432 ; sw_fetch_unit:F_UNIT_SW|pc_register:PC_REG|dffg:\GEN_BOTTOM:18:DFF_i|s_Q                        ; IFID_PipelineRegister:IFID_REG|register_NBit:REG_PC|dffg:\G_Register_NBit:18:REGI|s_Q           ; iCLK         ; iCLK        ; 0.000        ; 0.226      ; 0.742      ;
; 0.432 ; EXMEM_PipelineRegister:EXMEM_REG|register_NBit:REG_ALU_Result|dffg:\G_Register_NBit:11:REGI|s_Q ; MEMWB_PipelineRegister:MEMWB_REG|register_NBit:REG_ALU_Result|dffg:\G_Register_NBit:11:REGI|s_Q ; iCLK         ; iCLK        ; 0.000        ; 0.050      ; 0.566      ;
; 0.433 ; EXMEM_PipelineRegister:EXMEM_REG|register_NBit:REG_rd|dffg:\G_Register_NBit:3:REGI|s_Q          ; MEMWB_PipelineRegister:MEMWB_REG|register_NBit:REG_rd|dffg:\G_Register_NBit:3:REGI|s_Q          ; iCLK         ; iCLK        ; 0.000        ; 0.041      ; 0.558      ;
; 0.433 ; EXMEM_PipelineRegister:EXMEM_REG|register_NBit:REG_rd|dffg:\G_Register_NBit:1:REGI|s_Q          ; MEMWB_PipelineRegister:MEMWB_REG|register_NBit:REG_rd|dffg:\G_Register_NBit:1:REGI|s_Q          ; iCLK         ; iCLK        ; 0.000        ; 0.043      ; 0.560      ;
; 0.434 ; sw_fetch_unit:F_UNIT_SW|pc_register:PC_REG|dffg:\GEN_TOP:26:DFF_i|s_Q                           ; sw_fetch_unit:F_UNIT_SW|pc_register:PC_REG|dffg:\GEN_TOP:26:DFF_i|s_Q                           ; iCLK         ; iCLK        ; 0.000        ; 0.041      ; 0.559      ;
; 0.435 ; sw_fetch_unit:F_UNIT_SW|pc_register:PC_REG|dffg:\GEN_TOP:23:DFF_i|s_Q                           ; sw_fetch_unit:F_UNIT_SW|pc_register:PC_REG|dffg:\GEN_TOP:23:DFF_i|s_Q                           ; iCLK         ; iCLK        ; 0.000        ; 0.049      ; 0.568      ;
; 0.439 ; sw_fetch_unit:F_UNIT_SW|pc_register:PC_REG|dffg:\GEN_BOTTOM:9:DFF_i|s_Q                         ; sw_fetch_unit:F_UNIT_SW|pc_register:PC_REG|dffg:\GEN_BOTTOM:9:DFF_i|s_Q                         ; iCLK         ; iCLK        ; 0.000        ; 0.049      ; 0.572      ;
; 0.439 ; sw_fetch_unit:F_UNIT_SW|pc_register:PC_REG|dffg:\GEN_BOTTOM:19:DFF_i|s_Q                        ; sw_fetch_unit:F_UNIT_SW|pc_register:PC_REG|dffg:\GEN_BOTTOM:19:DFF_i|s_Q                        ; iCLK         ; iCLK        ; 0.000        ; 0.041      ; 0.564      ;
; 0.440 ; IDEX_PipelineRegister:IDEX_REG|register_NBit:REG_rs2|dffg:\G_Register_NBit:3:REGI|s_Q           ; EXMEM_PipelineRegister:EXMEM_REG|register_NBit:REG_rs2|dffg:\G_Register_NBit:3:REGI|s_Q         ; iCLK         ; iCLK        ; 0.000        ; -0.153     ; 0.371      ;
; 0.440 ; EXMEM_PipelineRegister:EXMEM_REG|register_NBit:REG_rd|dffg:\G_Register_NBit:2:REGI|s_Q          ; MEMWB_PipelineRegister:MEMWB_REG|register_NBit:REG_rd|dffg:\G_Register_NBit:2:REGI|s_Q          ; iCLK         ; iCLK        ; 0.000        ; 0.043      ; 0.567      ;
; 0.441 ; sw_fetch_unit:F_UNIT_SW|pc_register:PC_REG|dffg:\GEN_BOTTOM:19:DFF_i|s_Q                        ; sw_fetch_unit:F_UNIT_SW|pc_register:PC_REG|dffg:\GEN_BOTTOM:20:DFF_i|s_Q                        ; iCLK         ; iCLK        ; 0.000        ; 0.041      ; 0.566      ;
; 0.442 ; IDEX_PipelineRegister:IDEX_REG|register_NBit:REG_rs2|dffg:\G_Register_NBit:20:REGI|s_Q          ; EXMEM_PipelineRegister:EXMEM_REG|register_NBit:REG_rs2|dffg:\G_Register_NBit:20:REGI|s_Q        ; iCLK         ; iCLK        ; 0.000        ; -0.154     ; 0.372      ;
; 0.445 ; IDEX_PipelineRegister:IDEX_REG|register_NBit:REG_rs2|dffg:\G_Register_NBit:22:REGI|s_Q          ; EXMEM_PipelineRegister:EXMEM_REG|register_NBit:REG_rs2|dffg:\G_Register_NBit:22:REGI|s_Q        ; iCLK         ; iCLK        ; 0.000        ; -0.154     ; 0.375      ;
; 0.447 ; sw_fetch_unit:F_UNIT_SW|pc_register:PC_REG|dffg:\GEN_TOP:25:DFF_i|s_Q                           ; IFID_PipelineRegister:IFID_REG|register_NBit:REG_PC|dffg:\G_Register_NBit:25:REGI|s_Q           ; iCLK         ; iCLK        ; 0.000        ; 0.229      ; 0.760      ;
; 0.447 ; IDEX_PipelineRegister:IDEX_REG|register_NBit:REG_PC_Plus4|dffg:\G_Register_NBit:23:REGI|s_Q     ; EXMEM_PipelineRegister:EXMEM_REG|register_NBit:REG_PC_Plus4|dffg:\G_Register_NBit:23:REGI|s_Q   ; iCLK         ; iCLK        ; 0.000        ; 0.046      ; 0.577      ;
; 0.449 ; sw_fetch_unit:F_UNIT_SW|pc_register:PC_REG|dffg:\GEN_BOTTOM:3:DFF_i|s_Q                         ; sw_fetch_unit:F_UNIT_SW|pc_register:PC_REG|dffg:\GEN_BOTTOM:3:DFF_i|s_Q                         ; iCLK         ; iCLK        ; 0.000        ; 0.050      ; 0.583      ;
; 0.450 ; sw_fetch_unit:F_UNIT_SW|pc_register:PC_REG|dffg:\GEN_BOTTOM:18:DFF_i|s_Q                        ; sw_fetch_unit:F_UNIT_SW|pc_register:PC_REG|dffg:\GEN_BOTTOM:18:DFF_i|s_Q                        ; iCLK         ; iCLK        ; 0.000        ; 0.041      ; 0.575      ;
; 0.450 ; IDEX_PipelineRegister:IDEX_REG|register_NBit:REG_rs2|dffg:\G_Register_NBit:11:REGI|s_Q          ; EXMEM_PipelineRegister:EXMEM_REG|register_NBit:REG_rs2|dffg:\G_Register_NBit:11:REGI|s_Q        ; iCLK         ; iCLK        ; 0.000        ; -0.163     ; 0.371      ;
; 0.452 ; sw_fetch_unit:F_UNIT_SW|pc_register:PC_REG|dffg:\GEN_BOTTOM:21:DFF_i|s_Q                        ; sw_fetch_unit:F_UNIT_SW|pc_register:PC_REG|dffg:DFF_22|s_Q                                      ; iCLK         ; iCLK        ; 0.000        ; 0.049      ; 0.585      ;
; 0.452 ; EXMEM_PipelineRegister:EXMEM_REG|register_NBit:REG_Ctrl|dffg:\G_Register_NBit:3:REGI|s_Q        ; MEMWB_PipelineRegister:MEMWB_REG|register_NBit:REG_Ctrl|dffg:\G_Register_NBit:0:REGI|s_Q        ; iCLK         ; iCLK        ; 0.000        ; 0.035      ; 0.571      ;
+-------+-------------------------------------------------------------------------------------------------+-------------------------------------------------------------------------------------------------+--------------+-------------+--------------+------------+------------+


----------------------------------------------
; Fast 1200mV 0C Model Metastability Summary ;
----------------------------------------------
No synchronizer chains to report.


+--------------------------------------------------------------------------------+
; Multicorner Timing Analysis Summary                                            ;
+------------------+----------+-------+----------+---------+---------------------+
; Clock            ; Setup    ; Hold  ; Recovery ; Removal ; Minimum Pulse Width ;
+------------------+----------+-------+----------+---------+---------------------+
; Worst-case Slack ; -4.318   ; 0.188 ; N/A      ; N/A     ; 9.408               ;
;  iCLK            ; -4.318   ; 0.188 ; N/A      ; N/A     ; 9.408               ;
; Design-wide TNS  ; -872.774 ; 0.0   ; 0.0      ; 0.0     ; 0.0                 ;
;  iCLK            ; -872.774 ; 0.000 ; N/A      ; N/A     ; 0.000               ;
+------------------+----------+-------+----------+---------+---------------------+


+------------------------------------------------------------------------------------------------------------------------------------------------------------------------------------------------------------------------------------------------------------------------------------------------------------------------------------------------------------------------------------------------------------------+
; Board Trace Model Assignments                                                                                                                                                                                                                                                                                                                                                                                    ;
+---------------+--------------+-------------------+-------------------------+-------------------------+---------------+---------------------+----------------+------------------+--------+------------------+------------------------+------------------------+--------------+---------------+-----------------+-------+---------------------+--------------------+---------------+-----------------+-------------+
; Pin           ; I/O Standard ; Near Tline Length ; Near Tline L per Length ; Near Tline C per Length ; Near Series R ; Near Differential R ; Near Pull-up R ; Near Pull-down R ; Near C ; Far Tline Length ; Far Tline L per Length ; Far Tline C per Length ; Far Series R ; Far Pull-up R ; Far Pull-down R ; Far C ; Termination Voltage ; Far Differential R ; EBD File Name ; EBD Signal Name ; EBD Far-end ;
+---------------+--------------+-------------------+-------------------------+-------------------------+---------------+---------------------+----------------+------------------+--------+------------------+------------------------+------------------------+--------------+---------------+-----------------+-------+---------------------+--------------------+---------------+-----------------+-------------+
; oALUOut[0]    ; 2.5 V        ; 0 in              ; 0 H/in                  ; 0 F/in                  ; short         ; -                   ; open           ; open             ; open   ; 0 in             ; 0 H/in                 ; 0 F/in                 ; short        ; open          ; open            ; open  ; 0 V                 ; -                  ; n/a           ; n/a             ; n/a         ;
; oALUOut[1]    ; 2.5 V        ; 0 in              ; 0 H/in                  ; 0 F/in                  ; short         ; -                   ; open           ; open             ; open   ; 0 in             ; 0 H/in                 ; 0 F/in                 ; short        ; open          ; open            ; open  ; 0 V                 ; -                  ; n/a           ; n/a             ; n/a         ;
; oALUOut[2]    ; 2.5 V        ; 0 in              ; 0 H/in                  ; 0 F/in                  ; short         ; -                   ; open           ; open             ; open   ; 0 in             ; 0 H/in                 ; 0 F/in                 ; short        ; open          ; open            ; open  ; 0 V                 ; -                  ; n/a           ; n/a             ; n/a         ;
; oALUOut[3]    ; 2.5 V        ; 0 in              ; 0 H/in                  ; 0 F/in                  ; short         ; -                   ; open           ; open             ; open   ; 0 in             ; 0 H/in                 ; 0 F/in                 ; short        ; open          ; open            ; open  ; 0 V                 ; -                  ; n/a           ; n/a             ; n/a         ;
; oALUOut[4]    ; 2.5 V        ; 0 in              ; 0 H/in                  ; 0 F/in                  ; short         ; -                   ; open           ; open             ; open   ; 0 in             ; 0 H/in                 ; 0 F/in                 ; short        ; open          ; open            ; open  ; 0 V                 ; -                  ; n/a           ; n/a             ; n/a         ;
; oALUOut[5]    ; 2.5 V        ; 0 in              ; 0 H/in                  ; 0 F/in                  ; short         ; -                   ; open           ; open             ; open   ; 0 in             ; 0 H/in                 ; 0 F/in                 ; short        ; open          ; open            ; open  ; 0 V                 ; -                  ; n/a           ; n/a             ; n/a         ;
; oALUOut[6]    ; 2.5 V        ; 0 in              ; 0 H/in                  ; 0 F/in                  ; short         ; -                   ; open           ; open             ; open   ; 0 in             ; 0 H/in                 ; 0 F/in                 ; short        ; open          ; open            ; open  ; 0 V                 ; -                  ; n/a           ; n/a             ; n/a         ;
; oALUOut[7]    ; 2.5 V        ; 0 in              ; 0 H/in                  ; 0 F/in                  ; short         ; -                   ; open           ; open             ; open   ; 0 in             ; 0 H/in                 ; 0 F/in                 ; short        ; open          ; open            ; open  ; 0 V                 ; -                  ; n/a           ; n/a             ; n/a         ;
; oALUOut[8]    ; 2.5 V        ; 0 in              ; 0 H/in                  ; 0 F/in                  ; short         ; -                   ; open           ; open             ; open   ; 0 in             ; 0 H/in                 ; 0 F/in                 ; short        ; open          ; open            ; open  ; 0 V                 ; -                  ; n/a           ; n/a             ; n/a         ;
; oALUOut[9]    ; 2.5 V        ; 0 in              ; 0 H/in                  ; 0 F/in                  ; short         ; -                   ; open           ; open             ; open   ; 0 in             ; 0 H/in                 ; 0 F/in                 ; short        ; open          ; open            ; open  ; 0 V                 ; -                  ; n/a           ; n/a             ; n/a         ;
; oALUOut[10]   ; 2.5 V        ; 0 in              ; 0 H/in                  ; 0 F/in                  ; short         ; -                   ; open           ; open             ; open   ; 0 in             ; 0 H/in                 ; 0 F/in                 ; short        ; open          ; open            ; open  ; 0 V                 ; -                  ; n/a           ; n/a             ; n/a         ;
; oALUOut[11]   ; 2.5 V        ; 0 in              ; 0 H/in                  ; 0 F/in                  ; short         ; -                   ; open           ; open             ; open   ; 0 in             ; 0 H/in                 ; 0 F/in                 ; short        ; open          ; open            ; open  ; 0 V                 ; -                  ; n/a           ; n/a             ; n/a         ;
; oALUOut[12]   ; 2.5 V        ; 0 in              ; 0 H/in                  ; 0 F/in                  ; short         ; -                   ; open           ; open             ; open   ; 0 in             ; 0 H/in                 ; 0 F/in                 ; short        ; open          ; open            ; open  ; 0 V                 ; -                  ; n/a           ; n/a             ; n/a         ;
; oALUOut[13]   ; 2.5 V        ; 0 in              ; 0 H/in                  ; 0 F/in                  ; short         ; -                   ; open           ; open             ; open   ; 0 in             ; 0 H/in                 ; 0 F/in                 ; short        ; open          ; open            ; open  ; 0 V                 ; -                  ; n/a           ; n/a             ; n/a         ;
; oALUOut[14]   ; 2.5 V        ; 0 in              ; 0 H/in                  ; 0 F/in                  ; short         ; -                   ; open           ; open             ; open   ; 0 in             ; 0 H/in                 ; 0 F/in                 ; short        ; open          ; open            ; open  ; 0 V                 ; -                  ; n/a           ; n/a             ; n/a         ;
; oALUOut[15]   ; 2.5 V        ; 0 in              ; 0 H/in                  ; 0 F/in                  ; short         ; -                   ; open           ; open             ; open   ; 0 in             ; 0 H/in                 ; 0 F/in                 ; short        ; open          ; open            ; open  ; 0 V                 ; -                  ; n/a           ; n/a             ; n/a         ;
; oALUOut[16]   ; 2.5 V        ; 0 in              ; 0 H/in                  ; 0 F/in                  ; short         ; -                   ; open           ; open             ; open   ; 0 in             ; 0 H/in                 ; 0 F/in                 ; short        ; open          ; open            ; open  ; 0 V                 ; -                  ; n/a           ; n/a             ; n/a         ;
; oALUOut[17]   ; 2.5 V        ; 0 in              ; 0 H/in                  ; 0 F/in                  ; short         ; -                   ; open           ; open             ; open   ; 0 in             ; 0 H/in                 ; 0 F/in                 ; short        ; open          ; open            ; open  ; 0 V                 ; -                  ; n/a           ; n/a             ; n/a         ;
; oALUOut[18]   ; 2.5 V        ; 0 in              ; 0 H/in                  ; 0 F/in                  ; short         ; -                   ; open           ; open             ; open   ; 0 in             ; 0 H/in                 ; 0 F/in                 ; short        ; open          ; open            ; open  ; 0 V                 ; -                  ; n/a           ; n/a             ; n/a         ;
; oALUOut[19]   ; 2.5 V        ; 0 in              ; 0 H/in                  ; 0 F/in                  ; short         ; -                   ; open           ; open             ; open   ; 0 in             ; 0 H/in                 ; 0 F/in                 ; short        ; open          ; open            ; open  ; 0 V                 ; -                  ; n/a           ; n/a             ; n/a         ;
; oALUOut[20]   ; 2.5 V        ; 0 in              ; 0 H/in                  ; 0 F/in                  ; short         ; -                   ; open           ; open             ; open   ; 0 in             ; 0 H/in                 ; 0 F/in                 ; short        ; open          ; open            ; open  ; 0 V                 ; -                  ; n/a           ; n/a             ; n/a         ;
; oALUOut[21]   ; 2.5 V        ; 0 in              ; 0 H/in                  ; 0 F/in                  ; short         ; -                   ; open           ; open             ; open   ; 0 in             ; 0 H/in                 ; 0 F/in                 ; short        ; open          ; open            ; open  ; 0 V                 ; -                  ; n/a           ; n/a             ; n/a         ;
; oALUOut[22]   ; 2.5 V        ; 0 in              ; 0 H/in                  ; 0 F/in                  ; short         ; -                   ; open           ; open             ; open   ; 0 in             ; 0 H/in                 ; 0 F/in                 ; short        ; open          ; open            ; open  ; 0 V                 ; -                  ; n/a           ; n/a             ; n/a         ;
; oALUOut[23]   ; 2.5 V        ; 0 in              ; 0 H/in                  ; 0 F/in                  ; short         ; -                   ; open           ; open             ; open   ; 0 in             ; 0 H/in                 ; 0 F/in                 ; short        ; open          ; open            ; open  ; 0 V                 ; -                  ; n/a           ; n/a             ; n/a         ;
; oALUOut[24]   ; 2.5 V        ; 0 in              ; 0 H/in                  ; 0 F/in                  ; short         ; -                   ; open           ; open             ; open   ; 0 in             ; 0 H/in                 ; 0 F/in                 ; short        ; open          ; open            ; open  ; 0 V                 ; -                  ; n/a           ; n/a             ; n/a         ;
; oALUOut[25]   ; 2.5 V        ; 0 in              ; 0 H/in                  ; 0 F/in                  ; short         ; -                   ; open           ; open             ; open   ; 0 in             ; 0 H/in                 ; 0 F/in                 ; short        ; open          ; open            ; open  ; 0 V                 ; -                  ; n/a           ; n/a             ; n/a         ;
; oALUOut[26]   ; 2.5 V        ; 0 in              ; 0 H/in                  ; 0 F/in                  ; short         ; -                   ; open           ; open             ; open   ; 0 in             ; 0 H/in                 ; 0 F/in                 ; short        ; open          ; open            ; open  ; 0 V                 ; -                  ; n/a           ; n/a             ; n/a         ;
; oALUOut[27]   ; 2.5 V        ; 0 in              ; 0 H/in                  ; 0 F/in                  ; short         ; -                   ; open           ; open             ; open   ; 0 in             ; 0 H/in                 ; 0 F/in                 ; short        ; open          ; open            ; open  ; 0 V                 ; -                  ; n/a           ; n/a             ; n/a         ;
; oALUOut[28]   ; 2.5 V        ; 0 in              ; 0 H/in                  ; 0 F/in                  ; short         ; -                   ; open           ; open             ; open   ; 0 in             ; 0 H/in                 ; 0 F/in                 ; short        ; open          ; open            ; open  ; 0 V                 ; -                  ; n/a           ; n/a             ; n/a         ;
; oALUOut[29]   ; 2.5 V        ; 0 in              ; 0 H/in                  ; 0 F/in                  ; short         ; -                   ; open           ; open             ; open   ; 0 in             ; 0 H/in                 ; 0 F/in                 ; short        ; open          ; open            ; open  ; 0 V                 ; -                  ; n/a           ; n/a             ; n/a         ;
; oALUOut[30]   ; 2.5 V        ; 0 in              ; 0 H/in                  ; 0 F/in                  ; short         ; -                   ; open           ; open             ; open   ; 0 in             ; 0 H/in                 ; 0 F/in                 ; short        ; open          ; open            ; open  ; 0 V                 ; -                  ; n/a           ; n/a             ; n/a         ;
; oALUOut[31]   ; 2.5 V        ; 0 in              ; 0 H/in                  ; 0 F/in                  ; short         ; -                   ; open           ; open             ; open   ; 0 in             ; 0 H/in                 ; 0 F/in                 ; short        ; open          ; open            ; open  ; 0 V                 ; -                  ; n/a           ; n/a             ; n/a         ;
; ~ALTERA_DCLK~ ; 2.5 V        ; 0 in              ; 0 H/in                  ; 0 F/in                  ; short         ; -                   ; open           ; open             ; open   ; 0 in             ; 0 H/in                 ; 0 F/in                 ; short        ; open          ; open            ; open  ; 0 V                 ; -                  ; n/a           ; n/a             ; n/a         ;
; ~ALTERA_nCEO~ ; 2.5 V        ; 0 in              ; 0 H/in                  ; 0 F/in                  ; short         ; -                   ; open           ; open             ; open   ; 0 in             ; 0 H/in                 ; 0 F/in                 ; short        ; open          ; open            ; open  ; 0 V                 ; -                  ; n/a           ; n/a             ; n/a         ;
+---------------+--------------+-------------------+-------------------------+-------------------------+---------------+---------------------+----------------+------------------+--------+------------------+------------------------+------------------------+--------------+---------------+-----------------+-------+---------------------+--------------------+---------------+-----------------+-------------+


+----------------------------------------------------------------------------+
; Input Transition Times                                                     ;
+-------------------------+--------------+-----------------+-----------------+
; Pin                     ; I/O Standard ; 10-90 Rise Time ; 90-10 Fall Time ;
+-------------------------+--------------+-----------------+-----------------+
; iInstAddr[0]            ; 2.5 V        ; 2000 ps         ; 2000 ps         ;
; iInstAddr[1]            ; 2.5 V        ; 2000 ps         ; 2000 ps         ;
; iInstAddr[12]           ; 2.5 V        ; 2000 ps         ; 2000 ps         ;
; iInstAddr[13]           ; 2.5 V        ; 2000 ps         ; 2000 ps         ;
; iInstAddr[14]           ; 2.5 V        ; 2000 ps         ; 2000 ps         ;
; iInstAddr[15]           ; 2.5 V        ; 2000 ps         ; 2000 ps         ;
; iInstAddr[16]           ; 2.5 V        ; 2000 ps         ; 2000 ps         ;
; iInstAddr[17]           ; 2.5 V        ; 2000 ps         ; 2000 ps         ;
; iInstAddr[18]           ; 2.5 V        ; 2000 ps         ; 2000 ps         ;
; iInstAddr[19]           ; 2.5 V        ; 2000 ps         ; 2000 ps         ;
; iInstAddr[20]           ; 2.5 V        ; 2000 ps         ; 2000 ps         ;
; iInstAddr[21]           ; 2.5 V        ; 2000 ps         ; 2000 ps         ;
; iInstAddr[22]           ; 2.5 V        ; 2000 ps         ; 2000 ps         ;
; iInstAddr[23]           ; 2.5 V        ; 2000 ps         ; 2000 ps         ;
; iInstAddr[24]           ; 2.5 V        ; 2000 ps         ; 2000 ps         ;
; iInstAddr[25]           ; 2.5 V        ; 2000 ps         ; 2000 ps         ;
; iInstAddr[26]           ; 2.5 V        ; 2000 ps         ; 2000 ps         ;
; iInstAddr[27]           ; 2.5 V        ; 2000 ps         ; 2000 ps         ;
; iInstAddr[28]           ; 2.5 V        ; 2000 ps         ; 2000 ps         ;
; iInstAddr[29]           ; 2.5 V        ; 2000 ps         ; 2000 ps         ;
; iInstAddr[30]           ; 2.5 V        ; 2000 ps         ; 2000 ps         ;
; iInstAddr[31]           ; 2.5 V        ; 2000 ps         ; 2000 ps         ;
; iCLK                    ; 2.5 V        ; 2000 ps         ; 2000 ps         ;
; iRST                    ; 2.5 V        ; 2000 ps         ; 2000 ps         ;
; iInstAddr[8]            ; 2.5 V        ; 2000 ps         ; 2000 ps         ;
; iInstLd                 ; 2.5 V        ; 2000 ps         ; 2000 ps         ;
; iInstAddr[9]            ; 2.5 V        ; 2000 ps         ; 2000 ps         ;
; iInstAddr[5]            ; 2.5 V        ; 2000 ps         ; 2000 ps         ;
; iInstAddr[4]            ; 2.5 V        ; 2000 ps         ; 2000 ps         ;
; iInstAddr[7]            ; 2.5 V        ; 2000 ps         ; 2000 ps         ;
; iInstAddr[6]            ; 2.5 V        ; 2000 ps         ; 2000 ps         ;
; iInstAddr[2]            ; 2.5 V        ; 2000 ps         ; 2000 ps         ;
; iInstAddr[3]            ; 2.5 V        ; 2000 ps         ; 2000 ps         ;
; iInstAddr[10]           ; 2.5 V        ; 2000 ps         ; 2000 ps         ;
; iInstAddr[11]           ; 2.5 V        ; 2000 ps         ; 2000 ps         ;
; iInstExt[30]            ; 2.5 V        ; 2000 ps         ; 2000 ps         ;
; iInstExt[12]            ; 2.5 V        ; 2000 ps         ; 2000 ps         ;
; iInstExt[13]            ; 2.5 V        ; 2000 ps         ; 2000 ps         ;
; iInstExt[14]            ; 2.5 V        ; 2000 ps         ; 2000 ps         ;
; iInstExt[4]             ; 2.5 V        ; 2000 ps         ; 2000 ps         ;
; iInstExt[0]             ; 2.5 V        ; 2000 ps         ; 2000 ps         ;
; iInstExt[1]             ; 2.5 V        ; 2000 ps         ; 2000 ps         ;
; iInstExt[3]             ; 2.5 V        ; 2000 ps         ; 2000 ps         ;
; iInstExt[2]             ; 2.5 V        ; 2000 ps         ; 2000 ps         ;
; iInstExt[6]             ; 2.5 V        ; 2000 ps         ; 2000 ps         ;
; iInstExt[5]             ; 2.5 V        ; 2000 ps         ; 2000 ps         ;
; iInstExt[16]            ; 2.5 V        ; 2000 ps         ; 2000 ps         ;
; iInstExt[15]            ; 2.5 V        ; 2000 ps         ; 2000 ps         ;
; iInstExt[18]            ; 2.5 V        ; 2000 ps         ; 2000 ps         ;
; iInstExt[17]            ; 2.5 V        ; 2000 ps         ; 2000 ps         ;
; iInstExt[19]            ; 2.5 V        ; 2000 ps         ; 2000 ps         ;
; iInstExt[21]            ; 2.5 V        ; 2000 ps         ; 2000 ps         ;
; iInstExt[20]            ; 2.5 V        ; 2000 ps         ; 2000 ps         ;
; iInstExt[23]            ; 2.5 V        ; 2000 ps         ; 2000 ps         ;
; iInstExt[22]            ; 2.5 V        ; 2000 ps         ; 2000 ps         ;
; iInstExt[24]            ; 2.5 V        ; 2000 ps         ; 2000 ps         ;
; iInstExt[8]             ; 2.5 V        ; 2000 ps         ; 2000 ps         ;
; iInstExt[7]             ; 2.5 V        ; 2000 ps         ; 2000 ps         ;
; iInstExt[10]            ; 2.5 V        ; 2000 ps         ; 2000 ps         ;
; iInstExt[9]             ; 2.5 V        ; 2000 ps         ; 2000 ps         ;
; iInstExt[11]            ; 2.5 V        ; 2000 ps         ; 2000 ps         ;
; iInstExt[31]            ; 2.5 V        ; 2000 ps         ; 2000 ps         ;
; iInstExt[27]            ; 2.5 V        ; 2000 ps         ; 2000 ps         ;
; iInstExt[25]            ; 2.5 V        ; 2000 ps         ; 2000 ps         ;
; iInstExt[26]            ; 2.5 V        ; 2000 ps         ; 2000 ps         ;
; iInstExt[29]            ; 2.5 V        ; 2000 ps         ; 2000 ps         ;
; iInstExt[28]            ; 2.5 V        ; 2000 ps         ; 2000 ps         ;
; ~ALTERA_ASDO_DATA1~     ; 2.5 V        ; 2000 ps         ; 2000 ps         ;
; ~ALTERA_FLASH_nCE_nCSO~ ; 2.5 V        ; 2000 ps         ; 2000 ps         ;
; ~ALTERA_DATA0~          ; 2.5 V        ; 2000 ps         ; 2000 ps         ;
+-------------------------+--------------+-----------------+-----------------+


+--------------------------------------------------------------------------------------------------------------------------------------------------------------------------------------------------------------------------------------------------------------------------------------------------------------------------------------------------------------------------------------------------------------------------------------------------------------------------------------------------------------------------------------------------------------------------------------------------------------------------------------------------------------------------------------------+
; Signal Integrity Metrics (Slow 1200mv 0c Model)                                                                                                                                                                                                                                                                                                                                                                                                                                                                                                                                                                                                                                            ;
+---------------+--------------+---------------------+---------------------+------------------------------+------------------------------+---------------------+---------------------+--------------------------------------+--------------------------------------+-----------------------------+-----------------------------+----------------------------+----------------------------+-----------------------------+-----------------------------+--------------------+--------------------+-------------------------------------+-------------------------------------+----------------------------+----------------------------+---------------------------+---------------------------+
; Pin           ; I/O Standard ; Board Delay on Rise ; Board Delay on Fall ; Steady State Voh at FPGA Pin ; Steady State Vol at FPGA Pin ; Voh Max at FPGA Pin ; Vol Min at FPGA Pin ; Ringback Voltage on Rise at FPGA Pin ; Ringback Voltage on Fall at FPGA Pin ; 10-90 Rise Time at FPGA Pin ; 90-10 Fall Time at FPGA Pin ; Monotonic Rise at FPGA Pin ; Monotonic Fall at FPGA Pin ; Steady State Voh at Far-end ; Steady State Vol at Far-end ; Voh Max at Far-end ; Vol Min at Far-end ; Ringback Voltage on Rise at Far-end ; Ringback Voltage on Fall at Far-end ; 10-90 Rise Time at Far-end ; 90-10 Fall Time at Far-end ; Monotonic Rise at Far-end ; Monotonic Fall at Far-end ;
+---------------+--------------+---------------------+---------------------+------------------------------+------------------------------+---------------------+---------------------+--------------------------------------+--------------------------------------+-----------------------------+-----------------------------+----------------------------+----------------------------+-----------------------------+-----------------------------+--------------------+--------------------+-------------------------------------+-------------------------------------+----------------------------+----------------------------+---------------------------+---------------------------+
; oALUOut[0]    ; 2.5 V        ; 0 s                 ; 0 s                 ; 2.32 V                       ; 3.07e-09 V                   ; 2.37 V              ; -0.00994 V          ; 0.186 V                              ; 0.028 V                              ; 4.98e-10 s                  ; 4.96e-10 s                  ; Yes                        ; Yes                        ; 2.32 V                      ; 3.07e-09 V                  ; 2.37 V             ; -0.00994 V         ; 0.186 V                             ; 0.028 V                             ; 4.98e-10 s                 ; 4.96e-10 s                 ; Yes                       ; Yes                       ;
; oALUOut[1]    ; 2.5 V        ; 0 s                 ; 0 s                 ; 2.32 V                       ; 3.07e-09 V                   ; 2.37 V              ; -0.00994 V          ; 0.186 V                              ; 0.028 V                              ; 4.98e-10 s                  ; 4.96e-10 s                  ; Yes                        ; Yes                        ; 2.32 V                      ; 3.07e-09 V                  ; 2.37 V             ; -0.00994 V         ; 0.186 V                             ; 0.028 V                             ; 4.98e-10 s                 ; 4.96e-10 s                 ; Yes                       ; Yes                       ;
; oALUOut[2]    ; 2.5 V        ; 0 s                 ; 0 s                 ; 2.32 V                       ; 3.07e-09 V                   ; 2.37 V              ; -0.00994 V          ; 0.186 V                              ; 0.028 V                              ; 4.98e-10 s                  ; 4.96e-10 s                  ; Yes                        ; Yes                        ; 2.32 V                      ; 3.07e-09 V                  ; 2.37 V             ; -0.00994 V         ; 0.186 V                             ; 0.028 V                             ; 4.98e-10 s                 ; 4.96e-10 s                 ; Yes                       ; Yes                       ;
; oALUOut[3]    ; 2.5 V        ; 0 s                 ; 0 s                 ; 2.32 V                       ; 3.07e-09 V                   ; 2.37 V              ; -0.00994 V          ; 0.186 V                              ; 0.028 V                              ; 4.98e-10 s                  ; 4.96e-10 s                  ; Yes                        ; Yes                        ; 2.32 V                      ; 3.07e-09 V                  ; 2.37 V             ; -0.00994 V         ; 0.186 V                             ; 0.028 V                             ; 4.98e-10 s                 ; 4.96e-10 s                 ; Yes                       ; Yes                       ;
; oALUOut[4]    ; 2.5 V        ; 0 s                 ; 0 s                 ; 2.32 V                       ; 3.07e-09 V                   ; 2.37 V              ; -0.00994 V          ; 0.186 V                              ; 0.028 V                              ; 4.98e-10 s                  ; 4.96e-10 s                  ; Yes                        ; Yes                        ; 2.32 V                      ; 3.07e-09 V                  ; 2.37 V             ; -0.00994 V         ; 0.186 V                             ; 0.028 V                             ; 4.98e-10 s                 ; 4.96e-10 s                 ; Yes                       ; Yes                       ;
; oALUOut[5]    ; 2.5 V        ; 0 s                 ; 0 s                 ; 2.32 V                       ; 3.07e-09 V                   ; 2.37 V              ; -0.00994 V          ; 0.186 V                              ; 0.028 V                              ; 4.98e-10 s                  ; 4.96e-10 s                  ; Yes                        ; Yes                        ; 2.32 V                      ; 3.07e-09 V                  ; 2.37 V             ; -0.00994 V         ; 0.186 V                             ; 0.028 V                             ; 4.98e-10 s                 ; 4.96e-10 s                 ; Yes                       ; Yes                       ;
; oALUOut[6]    ; 2.5 V        ; 0 s                 ; 0 s                 ; 2.32 V                       ; 3.07e-09 V                   ; 2.37 V              ; -0.00994 V          ; 0.186 V                              ; 0.028 V                              ; 4.98e-10 s                  ; 4.96e-10 s                  ; Yes                        ; Yes                        ; 2.32 V                      ; 3.07e-09 V                  ; 2.37 V             ; -0.00994 V         ; 0.186 V                             ; 0.028 V                             ; 4.98e-10 s                 ; 4.96e-10 s                 ; Yes                       ; Yes                       ;
; oALUOut[7]    ; 2.5 V        ; 0 s                 ; 0 s                 ; 2.32 V                       ; 3.07e-09 V                   ; 2.37 V              ; -0.00994 V          ; 0.186 V                              ; 0.028 V                              ; 4.98e-10 s                  ; 4.96e-10 s                  ; Yes                        ; Yes                        ; 2.32 V                      ; 3.07e-09 V                  ; 2.37 V             ; -0.00994 V         ; 0.186 V                             ; 0.028 V                             ; 4.98e-10 s                 ; 4.96e-10 s                 ; Yes                       ; Yes                       ;
; oALUOut[8]    ; 2.5 V        ; 0 s                 ; 0 s                 ; 2.32 V                       ; 3.07e-09 V                   ; 2.37 V              ; -0.00994 V          ; 0.186 V                              ; 0.028 V                              ; 4.98e-10 s                  ; 4.96e-10 s                  ; Yes                        ; Yes                        ; 2.32 V                      ; 3.07e-09 V                  ; 2.37 V             ; -0.00994 V         ; 0.186 V                             ; 0.028 V                             ; 4.98e-10 s                 ; 4.96e-10 s                 ; Yes                       ; Yes                       ;
; oALUOut[9]    ; 2.5 V        ; 0 s                 ; 0 s                 ; 2.32 V                       ; 3.07e-09 V                   ; 2.38 V              ; -0.0144 V           ; 0.227 V                              ; 0.024 V                              ; 3.14e-10 s                  ; 3.39e-10 s                  ; Yes                        ; Yes                        ; 2.32 V                      ; 3.07e-09 V                  ; 2.38 V             ; -0.0144 V          ; 0.227 V                             ; 0.024 V                             ; 3.14e-10 s                 ; 3.39e-10 s                 ; Yes                       ; Yes                       ;
; oALUOut[10]   ; 2.5 V        ; 0 s                 ; 0 s                 ; 2.32 V                       ; 3.07e-09 V                   ; 2.37 V              ; -0.00994 V          ; 0.186 V                              ; 0.028 V                              ; 4.98e-10 s                  ; 4.96e-10 s                  ; Yes                        ; Yes                        ; 2.32 V                      ; 3.07e-09 V                  ; 2.37 V             ; -0.00994 V         ; 0.186 V                             ; 0.028 V                             ; 4.98e-10 s                 ; 4.96e-10 s                 ; Yes                       ; Yes                       ;
; oALUOut[11]   ; 2.5 V        ; 0 s                 ; 0 s                 ; 2.32 V                       ; 3.07e-09 V                   ; 2.33 V              ; -0.00496 V          ; 0.223 V                              ; 0.086 V                              ; 2.9e-09 s                   ; 2.73e-09 s                  ; Yes                        ; Yes                        ; 2.32 V                      ; 3.07e-09 V                  ; 2.33 V             ; -0.00496 V         ; 0.223 V                             ; 0.086 V                             ; 2.9e-09 s                  ; 2.73e-09 s                 ; Yes                       ; Yes                       ;
; oALUOut[12]   ; 2.5 V        ; 0 s                 ; 0 s                 ; 2.32 V                       ; 3.07e-09 V                   ; 2.37 V              ; -0.00994 V          ; 0.186 V                              ; 0.028 V                              ; 4.98e-10 s                  ; 4.96e-10 s                  ; Yes                        ; Yes                        ; 2.32 V                      ; 3.07e-09 V                  ; 2.37 V             ; -0.00994 V         ; 0.186 V                             ; 0.028 V                             ; 4.98e-10 s                 ; 4.96e-10 s                 ; Yes                       ; Yes                       ;
; oALUOut[13]   ; 2.5 V        ; 0 s                 ; 0 s                 ; 2.32 V                       ; 3.07e-09 V                   ; 2.37 V              ; -0.00994 V          ; 0.186 V                              ; 0.028 V                              ; 4.98e-10 s                  ; 4.96e-10 s                  ; Yes                        ; Yes                        ; 2.32 V                      ; 3.07e-09 V                  ; 2.37 V             ; -0.00994 V         ; 0.186 V                             ; 0.028 V                             ; 4.98e-10 s                 ; 4.96e-10 s                 ; Yes                       ; Yes                       ;
; oALUOut[14]   ; 2.5 V        ; 0 s                 ; 0 s                 ; 2.32 V                       ; 3.07e-09 V                   ; 2.37 V              ; -0.00994 V          ; 0.186 V                              ; 0.028 V                              ; 4.98e-10 s                  ; 4.96e-10 s                  ; Yes                        ; Yes                        ; 2.32 V                      ; 3.07e-09 V                  ; 2.37 V             ; -0.00994 V         ; 0.186 V                             ; 0.028 V                             ; 4.98e-10 s                 ; 4.96e-10 s                 ; Yes                       ; Yes                       ;
; oALUOut[15]   ; 2.5 V        ; 0 s                 ; 0 s                 ; 2.32 V                       ; 3.07e-09 V                   ; 2.37 V              ; -0.00994 V          ; 0.186 V                              ; 0.028 V                              ; 4.98e-10 s                  ; 4.96e-10 s                  ; Yes                        ; Yes                        ; 2.32 V                      ; 3.07e-09 V                  ; 2.37 V             ; -0.00994 V         ; 0.186 V                             ; 0.028 V                             ; 4.98e-10 s                 ; 4.96e-10 s                 ; Yes                       ; Yes                       ;
; oALUOut[16]   ; 2.5 V        ; 0 s                 ; 0 s                 ; 2.32 V                       ; 4.49e-09 V                   ; 2.38 V              ; -0.00552 V          ; 0.096 V                              ; 0.019 V                              ; 4.18e-10 s                  ; 3.59e-10 s                  ; No                         ; Yes                        ; 2.32 V                      ; 4.49e-09 V                  ; 2.38 V             ; -0.00552 V         ; 0.096 V                             ; 0.019 V                             ; 4.18e-10 s                 ; 3.59e-10 s                 ; No                        ; Yes                       ;
; oALUOut[17]   ; 2.5 V        ; 0 s                 ; 0 s                 ; 2.32 V                       ; 4.49e-09 V                   ; 2.38 V              ; -0.00552 V          ; 0.096 V                              ; 0.019 V                              ; 4.18e-10 s                  ; 3.59e-10 s                  ; No                         ; Yes                        ; 2.32 V                      ; 4.49e-09 V                  ; 2.38 V             ; -0.00552 V         ; 0.096 V                             ; 0.019 V                             ; 4.18e-10 s                 ; 3.59e-10 s                 ; No                        ; Yes                       ;
; oALUOut[18]   ; 2.5 V        ; 0 s                 ; 0 s                 ; 2.32 V                       ; 3.07e-09 V                   ; 2.37 V              ; -0.00994 V          ; 0.186 V                              ; 0.028 V                              ; 4.98e-10 s                  ; 4.96e-10 s                  ; Yes                        ; Yes                        ; 2.32 V                      ; 3.07e-09 V                  ; 2.37 V             ; -0.00994 V         ; 0.186 V                             ; 0.028 V                             ; 4.98e-10 s                 ; 4.96e-10 s                 ; Yes                       ; Yes                       ;
; oALUOut[19]   ; 2.5 V        ; 0 s                 ; 0 s                 ; 2.32 V                       ; 3.07e-09 V                   ; 2.38 V              ; -0.0144 V           ; 0.227 V                              ; 0.024 V                              ; 3.14e-10 s                  ; 3.39e-10 s                  ; Yes                        ; Yes                        ; 2.32 V                      ; 3.07e-09 V                  ; 2.38 V             ; -0.0144 V          ; 0.227 V                             ; 0.024 V                             ; 3.14e-10 s                 ; 3.39e-10 s                 ; Yes                       ; Yes                       ;
; oALUOut[20]   ; 2.5 V        ; 0 s                 ; 0 s                 ; 2.32 V                       ; 3.07e-09 V                   ; 2.37 V              ; -0.00994 V          ; 0.186 V                              ; 0.028 V                              ; 4.98e-10 s                  ; 4.96e-10 s                  ; Yes                        ; Yes                        ; 2.32 V                      ; 3.07e-09 V                  ; 2.37 V             ; -0.00994 V         ; 0.186 V                             ; 0.028 V                             ; 4.98e-10 s                 ; 4.96e-10 s                 ; Yes                       ; Yes                       ;
; oALUOut[21]   ; 2.5 V        ; 0 s                 ; 0 s                 ; 2.32 V                       ; 4.49e-09 V                   ; 2.38 V              ; -0.00552 V          ; 0.096 V                              ; 0.019 V                              ; 4.18e-10 s                  ; 3.59e-10 s                  ; No                         ; Yes                        ; 2.32 V                      ; 4.49e-09 V                  ; 2.38 V             ; -0.00552 V         ; 0.096 V                             ; 0.019 V                             ; 4.18e-10 s                 ; 3.59e-10 s                 ; No                        ; Yes                       ;
; oALUOut[22]   ; 2.5 V        ; 0 s                 ; 0 s                 ; 2.32 V                       ; 3.07e-09 V                   ; 2.38 V              ; -0.0144 V           ; 0.227 V                              ; 0.024 V                              ; 3.14e-10 s                  ; 3.39e-10 s                  ; Yes                        ; Yes                        ; 2.32 V                      ; 3.07e-09 V                  ; 2.38 V             ; -0.0144 V          ; 0.227 V                             ; 0.024 V                             ; 3.14e-10 s                 ; 3.39e-10 s                 ; Yes                       ; Yes                       ;
; oALUOut[23]   ; 2.5 V        ; 0 s                 ; 0 s                 ; 2.32 V                       ; 3.07e-09 V                   ; 2.37 V              ; -0.00994 V          ; 0.186 V                              ; 0.028 V                              ; 4.98e-10 s                  ; 4.96e-10 s                  ; Yes                        ; Yes                        ; 2.32 V                      ; 3.07e-09 V                  ; 2.37 V             ; -0.00994 V         ; 0.186 V                             ; 0.028 V                             ; 4.98e-10 s                 ; 4.96e-10 s                 ; Yes                       ; Yes                       ;
; oALUOut[24]   ; 2.5 V        ; 0 s                 ; 0 s                 ; 2.32 V                       ; 3.07e-09 V                   ; 2.37 V              ; -0.00994 V          ; 0.186 V                              ; 0.028 V                              ; 4.98e-10 s                  ; 4.96e-10 s                  ; Yes                        ; Yes                        ; 2.32 V                      ; 3.07e-09 V                  ; 2.37 V             ; -0.00994 V         ; 0.186 V                             ; 0.028 V                             ; 4.98e-10 s                 ; 4.96e-10 s                 ; Yes                       ; Yes                       ;
; oALUOut[25]   ; 2.5 V        ; 0 s                 ; 0 s                 ; 2.32 V                       ; 3.07e-09 V                   ; 2.37 V              ; -0.00994 V          ; 0.186 V                              ; 0.028 V                              ; 4.98e-10 s                  ; 4.96e-10 s                  ; Yes                        ; Yes                        ; 2.32 V                      ; 3.07e-09 V                  ; 2.37 V             ; -0.00994 V         ; 0.186 V                             ; 0.028 V                             ; 4.98e-10 s                 ; 4.96e-10 s                 ; Yes                       ; Yes                       ;
; oALUOut[26]   ; 2.5 V        ; 0 s                 ; 0 s                 ; 2.32 V                       ; 3.07e-09 V                   ; 2.37 V              ; -0.00994 V          ; 0.186 V                              ; 0.028 V                              ; 4.98e-10 s                  ; 4.96e-10 s                  ; Yes                        ; Yes                        ; 2.32 V                      ; 3.07e-09 V                  ; 2.37 V             ; -0.00994 V         ; 0.186 V                             ; 0.028 V                             ; 4.98e-10 s                 ; 4.96e-10 s                 ; Yes                       ; Yes                       ;
; oALUOut[27]   ; 2.5 V        ; 0 s                 ; 0 s                 ; 2.32 V                       ; 3.07e-09 V                   ; 2.37 V              ; -0.00994 V          ; 0.186 V                              ; 0.028 V                              ; 4.98e-10 s                  ; 4.96e-10 s                  ; Yes                        ; Yes                        ; 2.32 V                      ; 3.07e-09 V                  ; 2.37 V             ; -0.00994 V         ; 0.186 V                             ; 0.028 V                             ; 4.98e-10 s                 ; 4.96e-10 s                 ; Yes                       ; Yes                       ;
; oALUOut[28]   ; 2.5 V        ; 0 s                 ; 0 s                 ; 2.32 V                       ; 4.49e-09 V                   ; 2.33 V              ; -0.00467 V          ; 0.226 V                              ; 0.087 V                              ; 2.91e-09 s                  ; 2.74e-09 s                  ; Yes                        ; Yes                        ; 2.32 V                      ; 4.49e-09 V                  ; 2.33 V             ; -0.00467 V         ; 0.226 V                             ; 0.087 V                             ; 2.91e-09 s                 ; 2.74e-09 s                 ; Yes                       ; Yes                       ;
; oALUOut[29]   ; 2.5 V        ; 0 s                 ; 0 s                 ; 2.32 V                       ; 4.49e-09 V                   ; 2.38 V              ; -0.00552 V          ; 0.096 V                              ; 0.019 V                              ; 4.18e-10 s                  ; 3.59e-10 s                  ; No                         ; Yes                        ; 2.32 V                      ; 4.49e-09 V                  ; 2.38 V             ; -0.00552 V         ; 0.096 V                             ; 0.019 V                             ; 4.18e-10 s                 ; 3.59e-10 s                 ; No                        ; Yes                       ;
; oALUOut[30]   ; 2.5 V        ; 0 s                 ; 0 s                 ; 2.32 V                       ; 3.07e-09 V                   ; 2.38 V              ; -0.0144 V           ; 0.227 V                              ; 0.024 V                              ; 3.14e-10 s                  ; 3.39e-10 s                  ; Yes                        ; Yes                        ; 2.32 V                      ; 3.07e-09 V                  ; 2.38 V             ; -0.0144 V          ; 0.227 V                             ; 0.024 V                             ; 3.14e-10 s                 ; 3.39e-10 s                 ; Yes                       ; Yes                       ;
; oALUOut[31]   ; 2.5 V        ; 0 s                 ; 0 s                 ; 2.32 V                       ; 3.07e-09 V                   ; 2.37 V              ; -0.00994 V          ; 0.186 V                              ; 0.028 V                              ; 4.98e-10 s                  ; 4.96e-10 s                  ; Yes                        ; Yes                        ; 2.32 V                      ; 3.07e-09 V                  ; 2.37 V             ; -0.00994 V         ; 0.186 V                             ; 0.028 V                             ; 4.98e-10 s                 ; 4.96e-10 s                 ; Yes                       ; Yes                       ;
; ~ALTERA_DCLK~ ; 2.5 V        ; 0 s                 ; 0 s                 ; 2.32 V                       ; 2.67e-09 V                   ; 2.38 V              ; -0.0485 V           ; 0.167 V                              ; 0.096 V                              ; 2.95e-10 s                  ; 2.73e-10 s                  ; Yes                        ; Yes                        ; 2.32 V                      ; 2.67e-09 V                  ; 2.38 V             ; -0.0485 V          ; 0.167 V                             ; 0.096 V                             ; 2.95e-10 s                 ; 2.73e-10 s                 ; Yes                       ; Yes                       ;
; ~ALTERA_nCEO~ ; 2.5 V        ; 0 s                 ; 0 s                 ; 2.32 V                       ; 4.18e-09 V                   ; 2.38 V              ; -0.00483 V          ; 0.152 V                              ; 0.012 V                              ; 4.81e-10 s                  ; 6.29e-10 s                  ; Yes                        ; Yes                        ; 2.32 V                      ; 4.18e-09 V                  ; 2.38 V             ; -0.00483 V         ; 0.152 V                             ; 0.012 V                             ; 4.81e-10 s                 ; 6.29e-10 s                 ; Yes                       ; Yes                       ;
+---------------+--------------+---------------------+---------------------+------------------------------+------------------------------+---------------------+---------------------+--------------------------------------+--------------------------------------+-----------------------------+-----------------------------+----------------------------+----------------------------+-----------------------------+-----------------------------+--------------------+--------------------+-------------------------------------+-------------------------------------+----------------------------+----------------------------+---------------------------+---------------------------+


+--------------------------------------------------------------------------------------------------------------------------------------------------------------------------------------------------------------------------------------------------------------------------------------------------------------------------------------------------------------------------------------------------------------------------------------------------------------------------------------------------------------------------------------------------------------------------------------------------------------------------------------------------------------------------------------------+
; Signal Integrity Metrics (Slow 1200mv 85c Model)                                                                                                                                                                                                                                                                                                                                                                                                                                                                                                                                                                                                                                           ;
+---------------+--------------+---------------------+---------------------+------------------------------+------------------------------+---------------------+---------------------+--------------------------------------+--------------------------------------+-----------------------------+-----------------------------+----------------------------+----------------------------+-----------------------------+-----------------------------+--------------------+--------------------+-------------------------------------+-------------------------------------+----------------------------+----------------------------+---------------------------+---------------------------+
; Pin           ; I/O Standard ; Board Delay on Rise ; Board Delay on Fall ; Steady State Voh at FPGA Pin ; Steady State Vol at FPGA Pin ; Voh Max at FPGA Pin ; Vol Min at FPGA Pin ; Ringback Voltage on Rise at FPGA Pin ; Ringback Voltage on Fall at FPGA Pin ; 10-90 Rise Time at FPGA Pin ; 90-10 Fall Time at FPGA Pin ; Monotonic Rise at FPGA Pin ; Monotonic Fall at FPGA Pin ; Steady State Voh at Far-end ; Steady State Vol at Far-end ; Voh Max at Far-end ; Vol Min at Far-end ; Ringback Voltage on Rise at Far-end ; Ringback Voltage on Fall at Far-end ; 10-90 Rise Time at Far-end ; 90-10 Fall Time at Far-end ; Monotonic Rise at Far-end ; Monotonic Fall at Far-end ;
+---------------+--------------+---------------------+---------------------+------------------------------+------------------------------+---------------------+---------------------+--------------------------------------+--------------------------------------+-----------------------------+-----------------------------+----------------------------+----------------------------+-----------------------------+-----------------------------+--------------------+--------------------+-------------------------------------+-------------------------------------+----------------------------+----------------------------+---------------------------+---------------------------+
; oALUOut[0]    ; 2.5 V        ; 0 s                 ; 0 s                 ; 2.32 V                       ; 4.67e-07 V                   ; 2.35 V              ; -0.00942 V          ; 0.116 V                              ; 0.033 V                              ; 6.66e-10 s                  ; 6.27e-10 s                  ; Yes                        ; Yes                        ; 2.32 V                      ; 4.67e-07 V                  ; 2.35 V             ; -0.00942 V         ; 0.116 V                             ; 0.033 V                             ; 6.66e-10 s                 ; 6.27e-10 s                 ; Yes                       ; Yes                       ;
; oALUOut[1]    ; 2.5 V        ; 0 s                 ; 0 s                 ; 2.32 V                       ; 4.67e-07 V                   ; 2.35 V              ; -0.00942 V          ; 0.116 V                              ; 0.033 V                              ; 6.66e-10 s                  ; 6.27e-10 s                  ; Yes                        ; Yes                        ; 2.32 V                      ; 4.67e-07 V                  ; 2.35 V             ; -0.00942 V         ; 0.116 V                             ; 0.033 V                             ; 6.66e-10 s                 ; 6.27e-10 s                 ; Yes                       ; Yes                       ;
; oALUOut[2]    ; 2.5 V        ; 0 s                 ; 0 s                 ; 2.32 V                       ; 4.67e-07 V                   ; 2.35 V              ; -0.00942 V          ; 0.116 V                              ; 0.033 V                              ; 6.66e-10 s                  ; 6.27e-10 s                  ; Yes                        ; Yes                        ; 2.32 V                      ; 4.67e-07 V                  ; 2.35 V             ; -0.00942 V         ; 0.116 V                             ; 0.033 V                             ; 6.66e-10 s                 ; 6.27e-10 s                 ; Yes                       ; Yes                       ;
; oALUOut[3]    ; 2.5 V        ; 0 s                 ; 0 s                 ; 2.32 V                       ; 4.67e-07 V                   ; 2.35 V              ; -0.00942 V          ; 0.116 V                              ; 0.033 V                              ; 6.66e-10 s                  ; 6.27e-10 s                  ; Yes                        ; Yes                        ; 2.32 V                      ; 4.67e-07 V                  ; 2.35 V             ; -0.00942 V         ; 0.116 V                             ; 0.033 V                             ; 6.66e-10 s                 ; 6.27e-10 s                 ; Yes                       ; Yes                       ;
; oALUOut[4]    ; 2.5 V        ; 0 s                 ; 0 s                 ; 2.32 V                       ; 4.67e-07 V                   ; 2.35 V              ; -0.00942 V          ; 0.116 V                              ; 0.033 V                              ; 6.66e-10 s                  ; 6.27e-10 s                  ; Yes                        ; Yes                        ; 2.32 V                      ; 4.67e-07 V                  ; 2.35 V             ; -0.00942 V         ; 0.116 V                             ; 0.033 V                             ; 6.66e-10 s                 ; 6.27e-10 s                 ; Yes                       ; Yes                       ;
; oALUOut[5]    ; 2.5 V        ; 0 s                 ; 0 s                 ; 2.32 V                       ; 4.67e-07 V                   ; 2.35 V              ; -0.00942 V          ; 0.116 V                              ; 0.033 V                              ; 6.66e-10 s                  ; 6.27e-10 s                  ; Yes                        ; Yes                        ; 2.32 V                      ; 4.67e-07 V                  ; 2.35 V             ; -0.00942 V         ; 0.116 V                             ; 0.033 V                             ; 6.66e-10 s                 ; 6.27e-10 s                 ; Yes                       ; Yes                       ;
; oALUOut[6]    ; 2.5 V        ; 0 s                 ; 0 s                 ; 2.32 V                       ; 4.67e-07 V                   ; 2.35 V              ; -0.00942 V          ; 0.116 V                              ; 0.033 V                              ; 6.66e-10 s                  ; 6.27e-10 s                  ; Yes                        ; Yes                        ; 2.32 V                      ; 4.67e-07 V                  ; 2.35 V             ; -0.00942 V         ; 0.116 V                             ; 0.033 V                             ; 6.66e-10 s                 ; 6.27e-10 s                 ; Yes                       ; Yes                       ;
; oALUOut[7]    ; 2.5 V        ; 0 s                 ; 0 s                 ; 2.32 V                       ; 4.67e-07 V                   ; 2.35 V              ; -0.00942 V          ; 0.116 V                              ; 0.033 V                              ; 6.66e-10 s                  ; 6.27e-10 s                  ; Yes                        ; Yes                        ; 2.32 V                      ; 4.67e-07 V                  ; 2.35 V             ; -0.00942 V         ; 0.116 V                             ; 0.033 V                             ; 6.66e-10 s                 ; 6.27e-10 s                 ; Yes                       ; Yes                       ;
; oALUOut[8]    ; 2.5 V        ; 0 s                 ; 0 s                 ; 2.32 V                       ; 4.67e-07 V                   ; 2.35 V              ; -0.00942 V          ; 0.116 V                              ; 0.033 V                              ; 6.66e-10 s                  ; 6.27e-10 s                  ; Yes                        ; Yes                        ; 2.32 V                      ; 4.67e-07 V                  ; 2.35 V             ; -0.00942 V         ; 0.116 V                             ; 0.033 V                             ; 6.66e-10 s                 ; 6.27e-10 s                 ; Yes                       ; Yes                       ;
; oALUOut[9]    ; 2.5 V        ; 0 s                 ; 0 s                 ; 2.32 V                       ; 4.67e-07 V                   ; 2.36 V              ; -0.00552 V          ; 0.11 V                               ; 0.007 V                              ; 4.54e-10 s                  ; 4.35e-10 s                  ; Yes                        ; Yes                        ; 2.32 V                      ; 4.67e-07 V                  ; 2.36 V             ; -0.00552 V         ; 0.11 V                              ; 0.007 V                             ; 4.54e-10 s                 ; 4.35e-10 s                 ; Yes                       ; Yes                       ;
; oALUOut[10]   ; 2.5 V        ; 0 s                 ; 0 s                 ; 2.32 V                       ; 4.67e-07 V                   ; 2.35 V              ; -0.00942 V          ; 0.116 V                              ; 0.033 V                              ; 6.66e-10 s                  ; 6.27e-10 s                  ; Yes                        ; Yes                        ; 2.32 V                      ; 4.67e-07 V                  ; 2.35 V             ; -0.00942 V         ; 0.116 V                             ; 0.033 V                             ; 6.66e-10 s                 ; 6.27e-10 s                 ; Yes                       ; Yes                       ;
; oALUOut[11]   ; 2.5 V        ; 0 s                 ; 0 s                 ; 2.32 V                       ; 4.67e-07 V                   ; 2.33 V              ; -0.00269 V          ; 0.13 V                               ; 0.055 V                              ; 3.54e-09 s                  ; 3.29e-09 s                  ; Yes                        ; Yes                        ; 2.32 V                      ; 4.67e-07 V                  ; 2.33 V             ; -0.00269 V         ; 0.13 V                              ; 0.055 V                             ; 3.54e-09 s                 ; 3.29e-09 s                 ; Yes                       ; Yes                       ;
; oALUOut[12]   ; 2.5 V        ; 0 s                 ; 0 s                 ; 2.32 V                       ; 4.67e-07 V                   ; 2.35 V              ; -0.00942 V          ; 0.116 V                              ; 0.033 V                              ; 6.66e-10 s                  ; 6.27e-10 s                  ; Yes                        ; Yes                        ; 2.32 V                      ; 4.67e-07 V                  ; 2.35 V             ; -0.00942 V         ; 0.116 V                             ; 0.033 V                             ; 6.66e-10 s                 ; 6.27e-10 s                 ; Yes                       ; Yes                       ;
; oALUOut[13]   ; 2.5 V        ; 0 s                 ; 0 s                 ; 2.32 V                       ; 4.67e-07 V                   ; 2.35 V              ; -0.00942 V          ; 0.116 V                              ; 0.033 V                              ; 6.66e-10 s                  ; 6.27e-10 s                  ; Yes                        ; Yes                        ; 2.32 V                      ; 4.67e-07 V                  ; 2.35 V             ; -0.00942 V         ; 0.116 V                             ; 0.033 V                             ; 6.66e-10 s                 ; 6.27e-10 s                 ; Yes                       ; Yes                       ;
; oALUOut[14]   ; 2.5 V        ; 0 s                 ; 0 s                 ; 2.32 V                       ; 4.67e-07 V                   ; 2.35 V              ; -0.00942 V          ; 0.116 V                              ; 0.033 V                              ; 6.66e-10 s                  ; 6.27e-10 s                  ; Yes                        ; Yes                        ; 2.32 V                      ; 4.67e-07 V                  ; 2.35 V             ; -0.00942 V         ; 0.116 V                             ; 0.033 V                             ; 6.66e-10 s                 ; 6.27e-10 s                 ; Yes                       ; Yes                       ;
; oALUOut[15]   ; 2.5 V        ; 0 s                 ; 0 s                 ; 2.32 V                       ; 4.67e-07 V                   ; 2.35 V              ; -0.00942 V          ; 0.116 V                              ; 0.033 V                              ; 6.66e-10 s                  ; 6.27e-10 s                  ; Yes                        ; Yes                        ; 2.32 V                      ; 4.67e-07 V                  ; 2.35 V             ; -0.00942 V         ; 0.116 V                             ; 0.033 V                             ; 6.66e-10 s                 ; 6.27e-10 s                 ; Yes                       ; Yes                       ;
; oALUOut[16]   ; 2.5 V        ; 0 s                 ; 0 s                 ; 2.32 V                       ; 6.92e-07 V                   ; 2.35 V              ; -0.00996 V          ; 0.121 V                              ; 0.03 V                               ; 4.64e-10 s                  ; 4.47e-10 s                  ; Yes                        ; Yes                        ; 2.32 V                      ; 6.92e-07 V                  ; 2.35 V             ; -0.00996 V         ; 0.121 V                             ; 0.03 V                              ; 4.64e-10 s                 ; 4.47e-10 s                 ; Yes                       ; Yes                       ;
; oALUOut[17]   ; 2.5 V        ; 0 s                 ; 0 s                 ; 2.32 V                       ; 6.92e-07 V                   ; 2.35 V              ; -0.00996 V          ; 0.121 V                              ; 0.03 V                               ; 4.64e-10 s                  ; 4.47e-10 s                  ; Yes                        ; Yes                        ; 2.32 V                      ; 6.92e-07 V                  ; 2.35 V             ; -0.00996 V         ; 0.121 V                             ; 0.03 V                              ; 4.64e-10 s                 ; 4.47e-10 s                 ; Yes                       ; Yes                       ;
; oALUOut[18]   ; 2.5 V        ; 0 s                 ; 0 s                 ; 2.32 V                       ; 4.67e-07 V                   ; 2.35 V              ; -0.00942 V          ; 0.116 V                              ; 0.033 V                              ; 6.66e-10 s                  ; 6.27e-10 s                  ; Yes                        ; Yes                        ; 2.32 V                      ; 4.67e-07 V                  ; 2.35 V             ; -0.00942 V         ; 0.116 V                             ; 0.033 V                             ; 6.66e-10 s                 ; 6.27e-10 s                 ; Yes                       ; Yes                       ;
; oALUOut[19]   ; 2.5 V        ; 0 s                 ; 0 s                 ; 2.32 V                       ; 4.67e-07 V                   ; 2.36 V              ; -0.00552 V          ; 0.11 V                               ; 0.007 V                              ; 4.54e-10 s                  ; 4.35e-10 s                  ; Yes                        ; Yes                        ; 2.32 V                      ; 4.67e-07 V                  ; 2.36 V             ; -0.00552 V         ; 0.11 V                              ; 0.007 V                             ; 4.54e-10 s                 ; 4.35e-10 s                 ; Yes                       ; Yes                       ;
; oALUOut[20]   ; 2.5 V        ; 0 s                 ; 0 s                 ; 2.32 V                       ; 4.67e-07 V                   ; 2.35 V              ; -0.00942 V          ; 0.116 V                              ; 0.033 V                              ; 6.66e-10 s                  ; 6.27e-10 s                  ; Yes                        ; Yes                        ; 2.32 V                      ; 4.67e-07 V                  ; 2.35 V             ; -0.00942 V         ; 0.116 V                             ; 0.033 V                             ; 6.66e-10 s                 ; 6.27e-10 s                 ; Yes                       ; Yes                       ;
; oALUOut[21]   ; 2.5 V        ; 0 s                 ; 0 s                 ; 2.32 V                       ; 6.92e-07 V                   ; 2.35 V              ; -0.00996 V          ; 0.121 V                              ; 0.03 V                               ; 4.64e-10 s                  ; 4.47e-10 s                  ; Yes                        ; Yes                        ; 2.32 V                      ; 6.92e-07 V                  ; 2.35 V             ; -0.00996 V         ; 0.121 V                             ; 0.03 V                              ; 4.64e-10 s                 ; 4.47e-10 s                 ; Yes                       ; Yes                       ;
; oALUOut[22]   ; 2.5 V        ; 0 s                 ; 0 s                 ; 2.32 V                       ; 4.67e-07 V                   ; 2.36 V              ; -0.00552 V          ; 0.11 V                               ; 0.007 V                              ; 4.54e-10 s                  ; 4.35e-10 s                  ; Yes                        ; Yes                        ; 2.32 V                      ; 4.67e-07 V                  ; 2.36 V             ; -0.00552 V         ; 0.11 V                              ; 0.007 V                             ; 4.54e-10 s                 ; 4.35e-10 s                 ; Yes                       ; Yes                       ;
; oALUOut[23]   ; 2.5 V        ; 0 s                 ; 0 s                 ; 2.32 V                       ; 4.67e-07 V                   ; 2.35 V              ; -0.00942 V          ; 0.116 V                              ; 0.033 V                              ; 6.66e-10 s                  ; 6.27e-10 s                  ; Yes                        ; Yes                        ; 2.32 V                      ; 4.67e-07 V                  ; 2.35 V             ; -0.00942 V         ; 0.116 V                             ; 0.033 V                             ; 6.66e-10 s                 ; 6.27e-10 s                 ; Yes                       ; Yes                       ;
; oALUOut[24]   ; 2.5 V        ; 0 s                 ; 0 s                 ; 2.32 V                       ; 4.67e-07 V                   ; 2.35 V              ; -0.00942 V          ; 0.116 V                              ; 0.033 V                              ; 6.66e-10 s                  ; 6.27e-10 s                  ; Yes                        ; Yes                        ; 2.32 V                      ; 4.67e-07 V                  ; 2.35 V             ; -0.00942 V         ; 0.116 V                             ; 0.033 V                             ; 6.66e-10 s                 ; 6.27e-10 s                 ; Yes                       ; Yes                       ;
; oALUOut[25]   ; 2.5 V        ; 0 s                 ; 0 s                 ; 2.32 V                       ; 4.67e-07 V                   ; 2.35 V              ; -0.00942 V          ; 0.116 V                              ; 0.033 V                              ; 6.66e-10 s                  ; 6.27e-10 s                  ; Yes                        ; Yes                        ; 2.32 V                      ; 4.67e-07 V                  ; 2.35 V             ; -0.00942 V         ; 0.116 V                             ; 0.033 V                             ; 6.66e-10 s                 ; 6.27e-10 s                 ; Yes                       ; Yes                       ;
; oALUOut[26]   ; 2.5 V        ; 0 s                 ; 0 s                 ; 2.32 V                       ; 4.67e-07 V                   ; 2.35 V              ; -0.00942 V          ; 0.116 V                              ; 0.033 V                              ; 6.66e-10 s                  ; 6.27e-10 s                  ; Yes                        ; Yes                        ; 2.32 V                      ; 4.67e-07 V                  ; 2.35 V             ; -0.00942 V         ; 0.116 V                             ; 0.033 V                             ; 6.66e-10 s                 ; 6.27e-10 s                 ; Yes                       ; Yes                       ;
; oALUOut[27]   ; 2.5 V        ; 0 s                 ; 0 s                 ; 2.32 V                       ; 4.67e-07 V                   ; 2.35 V              ; -0.00942 V          ; 0.116 V                              ; 0.033 V                              ; 6.66e-10 s                  ; 6.27e-10 s                  ; Yes                        ; Yes                        ; 2.32 V                      ; 4.67e-07 V                  ; 2.35 V             ; -0.00942 V         ; 0.116 V                             ; 0.033 V                             ; 6.66e-10 s                 ; 6.27e-10 s                 ; Yes                       ; Yes                       ;
; oALUOut[28]   ; 2.5 V        ; 0 s                 ; 0 s                 ; 2.32 V                       ; 6.92e-07 V                   ; 2.33 V              ; -0.00265 V          ; 0.133 V                              ; 0.056 V                              ; 3.55e-09 s                  ; 3.31e-09 s                  ; Yes                        ; Yes                        ; 2.32 V                      ; 6.92e-07 V                  ; 2.33 V             ; -0.00265 V         ; 0.133 V                             ; 0.056 V                             ; 3.55e-09 s                 ; 3.31e-09 s                 ; Yes                       ; Yes                       ;
; oALUOut[29]   ; 2.5 V        ; 0 s                 ; 0 s                 ; 2.32 V                       ; 6.92e-07 V                   ; 2.35 V              ; -0.00996 V          ; 0.121 V                              ; 0.03 V                               ; 4.64e-10 s                  ; 4.47e-10 s                  ; Yes                        ; Yes                        ; 2.32 V                      ; 6.92e-07 V                  ; 2.35 V             ; -0.00996 V         ; 0.121 V                             ; 0.03 V                              ; 4.64e-10 s                 ; 4.47e-10 s                 ; Yes                       ; Yes                       ;
; oALUOut[30]   ; 2.5 V        ; 0 s                 ; 0 s                 ; 2.32 V                       ; 4.67e-07 V                   ; 2.36 V              ; -0.00552 V          ; 0.11 V                               ; 0.007 V                              ; 4.54e-10 s                  ; 4.35e-10 s                  ; Yes                        ; Yes                        ; 2.32 V                      ; 4.67e-07 V                  ; 2.36 V             ; -0.00552 V         ; 0.11 V                              ; 0.007 V                             ; 4.54e-10 s                 ; 4.35e-10 s                 ; Yes                       ; Yes                       ;
; oALUOut[31]   ; 2.5 V        ; 0 s                 ; 0 s                 ; 2.32 V                       ; 4.67e-07 V                   ; 2.35 V              ; -0.00942 V          ; 0.116 V                              ; 0.033 V                              ; 6.66e-10 s                  ; 6.27e-10 s                  ; Yes                        ; Yes                        ; 2.32 V                      ; 4.67e-07 V                  ; 2.35 V             ; -0.00942 V         ; 0.116 V                             ; 0.033 V                             ; 6.66e-10 s                 ; 6.27e-10 s                 ; Yes                       ; Yes                       ;
; ~ALTERA_DCLK~ ; 2.5 V        ; 0 s                 ; 0 s                 ; 2.32 V                       ; 3.75e-07 V                   ; 2.35 V              ; -0.0109 V           ; 0.084 V                              ; 0.027 V                              ; 4.31e-10 s                  ; 3.61e-10 s                  ; Yes                        ; Yes                        ; 2.32 V                      ; 3.75e-07 V                  ; 2.35 V             ; -0.0109 V          ; 0.084 V                             ; 0.027 V                             ; 4.31e-10 s                 ; 3.61e-10 s                 ; Yes                       ; Yes                       ;
; ~ALTERA_nCEO~ ; 2.5 V        ; 0 s                 ; 0 s                 ; 2.32 V                       ; 6.15e-07 V                   ; 2.35 V              ; -0.00712 V          ; 0.093 V                              ; 0.02 V                               ; 6.21e-10 s                  ; 7.9e-10 s                   ; Yes                        ; Yes                        ; 2.32 V                      ; 6.15e-07 V                  ; 2.35 V             ; -0.00712 V         ; 0.093 V                             ; 0.02 V                              ; 6.21e-10 s                 ; 7.9e-10 s                  ; Yes                       ; Yes                       ;
+---------------+--------------+---------------------+---------------------+------------------------------+------------------------------+---------------------+---------------------+--------------------------------------+--------------------------------------+-----------------------------+-----------------------------+----------------------------+----------------------------+-----------------------------+-----------------------------+--------------------+--------------------+-------------------------------------+-------------------------------------+----------------------------+----------------------------+---------------------------+---------------------------+


+--------------------------------------------------------------------------------------------------------------------------------------------------------------------------------------------------------------------------------------------------------------------------------------------------------------------------------------------------------------------------------------------------------------------------------------------------------------------------------------------------------------------------------------------------------------------------------------------------------------------------------------------------------------------------------------------+
; Signal Integrity Metrics (Fast 1200mv 0c Model)                                                                                                                                                                                                                                                                                                                                                                                                                                                                                                                                                                                                                                            ;
+---------------+--------------+---------------------+---------------------+------------------------------+------------------------------+---------------------+---------------------+--------------------------------------+--------------------------------------+-----------------------------+-----------------------------+----------------------------+----------------------------+-----------------------------+-----------------------------+--------------------+--------------------+-------------------------------------+-------------------------------------+----------------------------+----------------------------+---------------------------+---------------------------+
; Pin           ; I/O Standard ; Board Delay on Rise ; Board Delay on Fall ; Steady State Voh at FPGA Pin ; Steady State Vol at FPGA Pin ; Voh Max at FPGA Pin ; Vol Min at FPGA Pin ; Ringback Voltage on Rise at FPGA Pin ; Ringback Voltage on Fall at FPGA Pin ; 10-90 Rise Time at FPGA Pin ; 90-10 Fall Time at FPGA Pin ; Monotonic Rise at FPGA Pin ; Monotonic Fall at FPGA Pin ; Steady State Voh at Far-end ; Steady State Vol at Far-end ; Voh Max at Far-end ; Vol Min at Far-end ; Ringback Voltage on Rise at Far-end ; Ringback Voltage on Fall at Far-end ; 10-90 Rise Time at Far-end ; 90-10 Fall Time at Far-end ; Monotonic Rise at Far-end ; Monotonic Fall at Far-end ;
+---------------+--------------+---------------------+---------------------+------------------------------+------------------------------+---------------------+---------------------+--------------------------------------+--------------------------------------+-----------------------------+-----------------------------+----------------------------+----------------------------+-----------------------------+-----------------------------+--------------------+--------------------+-------------------------------------+-------------------------------------+----------------------------+----------------------------+---------------------------+---------------------------+
; oALUOut[0]    ; 2.5 V        ; 0 s                 ; 0 s                 ; 2.62 V                       ; 2.74e-08 V                   ; 2.71 V              ; -0.0317 V           ; 0.148 V                              ; 0.064 V                              ; 4.51e-10 s                  ; 4.15e-10 s                  ; No                         ; Yes                        ; 2.62 V                      ; 2.74e-08 V                  ; 2.71 V             ; -0.0317 V          ; 0.148 V                             ; 0.064 V                             ; 4.51e-10 s                 ; 4.15e-10 s                 ; No                        ; Yes                       ;
; oALUOut[1]    ; 2.5 V        ; 0 s                 ; 0 s                 ; 2.62 V                       ; 2.74e-08 V                   ; 2.71 V              ; -0.0317 V           ; 0.148 V                              ; 0.064 V                              ; 4.51e-10 s                  ; 4.15e-10 s                  ; No                         ; Yes                        ; 2.62 V                      ; 2.74e-08 V                  ; 2.71 V             ; -0.0317 V          ; 0.148 V                             ; 0.064 V                             ; 4.51e-10 s                 ; 4.15e-10 s                 ; No                        ; Yes                       ;
; oALUOut[2]    ; 2.5 V        ; 0 s                 ; 0 s                 ; 2.62 V                       ; 2.74e-08 V                   ; 2.71 V              ; -0.0317 V           ; 0.148 V                              ; 0.064 V                              ; 4.51e-10 s                  ; 4.15e-10 s                  ; No                         ; Yes                        ; 2.62 V                      ; 2.74e-08 V                  ; 2.71 V             ; -0.0317 V          ; 0.148 V                             ; 0.064 V                             ; 4.51e-10 s                 ; 4.15e-10 s                 ; No                        ; Yes                       ;
; oALUOut[3]    ; 2.5 V        ; 0 s                 ; 0 s                 ; 2.62 V                       ; 2.74e-08 V                   ; 2.71 V              ; -0.0317 V           ; 0.148 V                              ; 0.064 V                              ; 4.51e-10 s                  ; 4.15e-10 s                  ; No                         ; Yes                        ; 2.62 V                      ; 2.74e-08 V                  ; 2.71 V             ; -0.0317 V          ; 0.148 V                             ; 0.064 V                             ; 4.51e-10 s                 ; 4.15e-10 s                 ; No                        ; Yes                       ;
; oALUOut[4]    ; 2.5 V        ; 0 s                 ; 0 s                 ; 2.62 V                       ; 2.74e-08 V                   ; 2.71 V              ; -0.0317 V           ; 0.148 V                              ; 0.064 V                              ; 4.51e-10 s                  ; 4.15e-10 s                  ; No                         ; Yes                        ; 2.62 V                      ; 2.74e-08 V                  ; 2.71 V             ; -0.0317 V          ; 0.148 V                             ; 0.064 V                             ; 4.51e-10 s                 ; 4.15e-10 s                 ; No                        ; Yes                       ;
; oALUOut[5]    ; 2.5 V        ; 0 s                 ; 0 s                 ; 2.62 V                       ; 2.74e-08 V                   ; 2.71 V              ; -0.0317 V           ; 0.148 V                              ; 0.064 V                              ; 4.51e-10 s                  ; 4.15e-10 s                  ; No                         ; Yes                        ; 2.62 V                      ; 2.74e-08 V                  ; 2.71 V             ; -0.0317 V          ; 0.148 V                             ; 0.064 V                             ; 4.51e-10 s                 ; 4.15e-10 s                 ; No                        ; Yes                       ;
; oALUOut[6]    ; 2.5 V        ; 0 s                 ; 0 s                 ; 2.62 V                       ; 2.74e-08 V                   ; 2.71 V              ; -0.0317 V           ; 0.148 V                              ; 0.064 V                              ; 4.51e-10 s                  ; 4.15e-10 s                  ; No                         ; Yes                        ; 2.62 V                      ; 2.74e-08 V                  ; 2.71 V             ; -0.0317 V          ; 0.148 V                             ; 0.064 V                             ; 4.51e-10 s                 ; 4.15e-10 s                 ; No                        ; Yes                       ;
; oALUOut[7]    ; 2.5 V        ; 0 s                 ; 0 s                 ; 2.62 V                       ; 2.74e-08 V                   ; 2.71 V              ; -0.0317 V           ; 0.148 V                              ; 0.064 V                              ; 4.51e-10 s                  ; 4.15e-10 s                  ; No                         ; Yes                        ; 2.62 V                      ; 2.74e-08 V                  ; 2.71 V             ; -0.0317 V          ; 0.148 V                             ; 0.064 V                             ; 4.51e-10 s                 ; 4.15e-10 s                 ; No                        ; Yes                       ;
; oALUOut[8]    ; 2.5 V        ; 0 s                 ; 0 s                 ; 2.62 V                       ; 2.74e-08 V                   ; 2.71 V              ; -0.0317 V           ; 0.148 V                              ; 0.064 V                              ; 4.51e-10 s                  ; 4.15e-10 s                  ; No                         ; Yes                        ; 2.62 V                      ; 2.74e-08 V                  ; 2.71 V             ; -0.0317 V          ; 0.148 V                             ; 0.064 V                             ; 4.51e-10 s                 ; 4.15e-10 s                 ; No                        ; Yes                       ;
; oALUOut[9]    ; 2.5 V        ; 0 s                 ; 0 s                 ; 2.62 V                       ; 2.74e-08 V                   ; 2.73 V              ; -0.0384 V           ; 0.169 V                              ; 0.089 V                              ; 2.7e-10 s                   ; 2.62e-10 s                  ; Yes                        ; Yes                        ; 2.62 V                      ; 2.74e-08 V                  ; 2.73 V             ; -0.0384 V          ; 0.169 V                             ; 0.089 V                             ; 2.7e-10 s                  ; 2.62e-10 s                 ; Yes                       ; Yes                       ;
; oALUOut[10]   ; 2.5 V        ; 0 s                 ; 0 s                 ; 2.62 V                       ; 2.74e-08 V                   ; 2.71 V              ; -0.0317 V           ; 0.148 V                              ; 0.064 V                              ; 4.51e-10 s                  ; 4.15e-10 s                  ; No                         ; Yes                        ; 2.62 V                      ; 2.74e-08 V                  ; 2.71 V             ; -0.0317 V          ; 0.148 V                             ; 0.064 V                             ; 4.51e-10 s                 ; 4.15e-10 s                 ; No                        ; Yes                       ;
; oALUOut[11]   ; 2.5 V        ; 0 s                 ; 0 s                 ; 2.62 V                       ; 2.74e-08 V                   ; 2.64 V              ; -0.0117 V           ; 0.202 V                              ; 0.176 V                              ; 2.38e-09 s                  ; 2.22e-09 s                  ; No                         ; Yes                        ; 2.62 V                      ; 2.74e-08 V                  ; 2.64 V             ; -0.0117 V          ; 0.202 V                             ; 0.176 V                             ; 2.38e-09 s                 ; 2.22e-09 s                 ; No                        ; Yes                       ;
; oALUOut[12]   ; 2.5 V        ; 0 s                 ; 0 s                 ; 2.62 V                       ; 2.74e-08 V                   ; 2.71 V              ; -0.0317 V           ; 0.148 V                              ; 0.064 V                              ; 4.51e-10 s                  ; 4.15e-10 s                  ; No                         ; Yes                        ; 2.62 V                      ; 2.74e-08 V                  ; 2.71 V             ; -0.0317 V          ; 0.148 V                             ; 0.064 V                             ; 4.51e-10 s                 ; 4.15e-10 s                 ; No                        ; Yes                       ;
; oALUOut[13]   ; 2.5 V        ; 0 s                 ; 0 s                 ; 2.62 V                       ; 2.74e-08 V                   ; 2.71 V              ; -0.0317 V           ; 0.148 V                              ; 0.064 V                              ; 4.51e-10 s                  ; 4.15e-10 s                  ; No                         ; Yes                        ; 2.62 V                      ; 2.74e-08 V                  ; 2.71 V             ; -0.0317 V          ; 0.148 V                             ; 0.064 V                             ; 4.51e-10 s                 ; 4.15e-10 s                 ; No                        ; Yes                       ;
; oALUOut[14]   ; 2.5 V        ; 0 s                 ; 0 s                 ; 2.62 V                       ; 2.74e-08 V                   ; 2.71 V              ; -0.0317 V           ; 0.148 V                              ; 0.064 V                              ; 4.51e-10 s                  ; 4.15e-10 s                  ; No                         ; Yes                        ; 2.62 V                      ; 2.74e-08 V                  ; 2.71 V             ; -0.0317 V          ; 0.148 V                             ; 0.064 V                             ; 4.51e-10 s                 ; 4.15e-10 s                 ; No                        ; Yes                       ;
; oALUOut[15]   ; 2.5 V        ; 0 s                 ; 0 s                 ; 2.62 V                       ; 2.74e-08 V                   ; 2.71 V              ; -0.0317 V           ; 0.148 V                              ; 0.064 V                              ; 4.51e-10 s                  ; 4.15e-10 s                  ; No                         ; Yes                        ; 2.62 V                      ; 2.74e-08 V                  ; 2.71 V             ; -0.0317 V          ; 0.148 V                             ; 0.064 V                             ; 4.51e-10 s                 ; 4.15e-10 s                 ; No                        ; Yes                       ;
; oALUOut[16]   ; 2.5 V        ; 0 s                 ; 0 s                 ; 2.62 V                       ; 4.05e-08 V                   ; 2.72 V              ; -0.0349 V           ; 0.173 V                              ; 0.1 V                                ; 2.72e-10 s                  ; 2.69e-10 s                  ; Yes                        ; Yes                        ; 2.62 V                      ; 4.05e-08 V                  ; 2.72 V             ; -0.0349 V          ; 0.173 V                             ; 0.1 V                               ; 2.72e-10 s                 ; 2.69e-10 s                 ; Yes                       ; Yes                       ;
; oALUOut[17]   ; 2.5 V        ; 0 s                 ; 0 s                 ; 2.62 V                       ; 4.05e-08 V                   ; 2.72 V              ; -0.0349 V           ; 0.173 V                              ; 0.1 V                                ; 2.72e-10 s                  ; 2.69e-10 s                  ; Yes                        ; Yes                        ; 2.62 V                      ; 4.05e-08 V                  ; 2.72 V             ; -0.0349 V          ; 0.173 V                             ; 0.1 V                               ; 2.72e-10 s                 ; 2.69e-10 s                 ; Yes                       ; Yes                       ;
; oALUOut[18]   ; 2.5 V        ; 0 s                 ; 0 s                 ; 2.62 V                       ; 2.74e-08 V                   ; 2.71 V              ; -0.0317 V           ; 0.148 V                              ; 0.064 V                              ; 4.51e-10 s                  ; 4.15e-10 s                  ; No                         ; Yes                        ; 2.62 V                      ; 2.74e-08 V                  ; 2.71 V             ; -0.0317 V          ; 0.148 V                             ; 0.064 V                             ; 4.51e-10 s                 ; 4.15e-10 s                 ; No                        ; Yes                       ;
; oALUOut[19]   ; 2.5 V        ; 0 s                 ; 0 s                 ; 2.62 V                       ; 2.74e-08 V                   ; 2.73 V              ; -0.0384 V           ; 0.169 V                              ; 0.089 V                              ; 2.7e-10 s                   ; 2.62e-10 s                  ; Yes                        ; Yes                        ; 2.62 V                      ; 2.74e-08 V                  ; 2.73 V             ; -0.0384 V          ; 0.169 V                             ; 0.089 V                             ; 2.7e-10 s                  ; 2.62e-10 s                 ; Yes                       ; Yes                       ;
; oALUOut[20]   ; 2.5 V        ; 0 s                 ; 0 s                 ; 2.62 V                       ; 2.74e-08 V                   ; 2.71 V              ; -0.0317 V           ; 0.148 V                              ; 0.064 V                              ; 4.51e-10 s                  ; 4.15e-10 s                  ; No                         ; Yes                        ; 2.62 V                      ; 2.74e-08 V                  ; 2.71 V             ; -0.0317 V          ; 0.148 V                             ; 0.064 V                             ; 4.51e-10 s                 ; 4.15e-10 s                 ; No                        ; Yes                       ;
; oALUOut[21]   ; 2.5 V        ; 0 s                 ; 0 s                 ; 2.62 V                       ; 4.05e-08 V                   ; 2.72 V              ; -0.0349 V           ; 0.173 V                              ; 0.1 V                                ; 2.72e-10 s                  ; 2.69e-10 s                  ; Yes                        ; Yes                        ; 2.62 V                      ; 4.05e-08 V                  ; 2.72 V             ; -0.0349 V          ; 0.173 V                             ; 0.1 V                               ; 2.72e-10 s                 ; 2.69e-10 s                 ; Yes                       ; Yes                       ;
; oALUOut[22]   ; 2.5 V        ; 0 s                 ; 0 s                 ; 2.62 V                       ; 2.74e-08 V                   ; 2.73 V              ; -0.0384 V           ; 0.169 V                              ; 0.089 V                              ; 2.7e-10 s                   ; 2.62e-10 s                  ; Yes                        ; Yes                        ; 2.62 V                      ; 2.74e-08 V                  ; 2.73 V             ; -0.0384 V          ; 0.169 V                             ; 0.089 V                             ; 2.7e-10 s                  ; 2.62e-10 s                 ; Yes                       ; Yes                       ;
; oALUOut[23]   ; 2.5 V        ; 0 s                 ; 0 s                 ; 2.62 V                       ; 2.74e-08 V                   ; 2.71 V              ; -0.0317 V           ; 0.148 V                              ; 0.064 V                              ; 4.51e-10 s                  ; 4.15e-10 s                  ; No                         ; Yes                        ; 2.62 V                      ; 2.74e-08 V                  ; 2.71 V             ; -0.0317 V          ; 0.148 V                             ; 0.064 V                             ; 4.51e-10 s                 ; 4.15e-10 s                 ; No                        ; Yes                       ;
; oALUOut[24]   ; 2.5 V        ; 0 s                 ; 0 s                 ; 2.62 V                       ; 2.74e-08 V                   ; 2.71 V              ; -0.0317 V           ; 0.148 V                              ; 0.064 V                              ; 4.51e-10 s                  ; 4.15e-10 s                  ; No                         ; Yes                        ; 2.62 V                      ; 2.74e-08 V                  ; 2.71 V             ; -0.0317 V          ; 0.148 V                             ; 0.064 V                             ; 4.51e-10 s                 ; 4.15e-10 s                 ; No                        ; Yes                       ;
; oALUOut[25]   ; 2.5 V        ; 0 s                 ; 0 s                 ; 2.62 V                       ; 2.74e-08 V                   ; 2.71 V              ; -0.0317 V           ; 0.148 V                              ; 0.064 V                              ; 4.51e-10 s                  ; 4.15e-10 s                  ; No                         ; Yes                        ; 2.62 V                      ; 2.74e-08 V                  ; 2.71 V             ; -0.0317 V          ; 0.148 V                             ; 0.064 V                             ; 4.51e-10 s                 ; 4.15e-10 s                 ; No                        ; Yes                       ;
; oALUOut[26]   ; 2.5 V        ; 0 s                 ; 0 s                 ; 2.62 V                       ; 2.74e-08 V                   ; 2.71 V              ; -0.0317 V           ; 0.148 V                              ; 0.064 V                              ; 4.51e-10 s                  ; 4.15e-10 s                  ; No                         ; Yes                        ; 2.62 V                      ; 2.74e-08 V                  ; 2.71 V             ; -0.0317 V          ; 0.148 V                             ; 0.064 V                             ; 4.51e-10 s                 ; 4.15e-10 s                 ; No                        ; Yes                       ;
; oALUOut[27]   ; 2.5 V        ; 0 s                 ; 0 s                 ; 2.62 V                       ; 2.74e-08 V                   ; 2.71 V              ; -0.0317 V           ; 0.148 V                              ; 0.064 V                              ; 4.51e-10 s                  ; 4.15e-10 s                  ; No                         ; Yes                        ; 2.62 V                      ; 2.74e-08 V                  ; 2.71 V             ; -0.0317 V          ; 0.148 V                             ; 0.064 V                             ; 4.51e-10 s                 ; 4.15e-10 s                 ; No                        ; Yes                       ;
; oALUOut[28]   ; 2.5 V        ; 0 s                 ; 0 s                 ; 2.62 V                       ; 4.05e-08 V                   ; 2.64 V              ; -0.0113 V           ; 0.208 V                              ; 0.179 V                              ; 2.38e-09 s                  ; 2.23e-09 s                  ; No                         ; Yes                        ; 2.62 V                      ; 4.05e-08 V                  ; 2.64 V             ; -0.0113 V          ; 0.208 V                             ; 0.179 V                             ; 2.38e-09 s                 ; 2.23e-09 s                 ; No                        ; Yes                       ;
; oALUOut[29]   ; 2.5 V        ; 0 s                 ; 0 s                 ; 2.62 V                       ; 4.05e-08 V                   ; 2.72 V              ; -0.0349 V           ; 0.173 V                              ; 0.1 V                                ; 2.72e-10 s                  ; 2.69e-10 s                  ; Yes                        ; Yes                        ; 2.62 V                      ; 4.05e-08 V                  ; 2.72 V             ; -0.0349 V          ; 0.173 V                             ; 0.1 V                               ; 2.72e-10 s                 ; 2.69e-10 s                 ; Yes                       ; Yes                       ;
; oALUOut[30]   ; 2.5 V        ; 0 s                 ; 0 s                 ; 2.62 V                       ; 2.74e-08 V                   ; 2.73 V              ; -0.0384 V           ; 0.169 V                              ; 0.089 V                              ; 2.7e-10 s                   ; 2.62e-10 s                  ; Yes                        ; Yes                        ; 2.62 V                      ; 2.74e-08 V                  ; 2.73 V             ; -0.0384 V          ; 0.169 V                             ; 0.089 V                             ; 2.7e-10 s                  ; 2.62e-10 s                 ; Yes                       ; Yes                       ;
; oALUOut[31]   ; 2.5 V        ; 0 s                 ; 0 s                 ; 2.62 V                       ; 2.74e-08 V                   ; 2.71 V              ; -0.0317 V           ; 0.148 V                              ; 0.064 V                              ; 4.51e-10 s                  ; 4.15e-10 s                  ; No                         ; Yes                        ; 2.62 V                      ; 2.74e-08 V                  ; 2.71 V             ; -0.0317 V          ; 0.148 V                             ; 0.064 V                             ; 4.51e-10 s                 ; 4.15e-10 s                 ; No                        ; Yes                       ;
; ~ALTERA_DCLK~ ; 2.5 V        ; 0 s                 ; 0 s                 ; 2.62 V                       ; 2.22e-08 V                   ; 2.74 V              ; -0.06 V             ; 0.158 V                              ; 0.08 V                               ; 2.68e-10 s                  ; 2.19e-10 s                  ; Yes                        ; Yes                        ; 2.62 V                      ; 2.22e-08 V                  ; 2.74 V             ; -0.06 V            ; 0.158 V                             ; 0.08 V                              ; 2.68e-10 s                 ; 2.19e-10 s                 ; Yes                       ; Yes                       ;
; ~ALTERA_nCEO~ ; 2.5 V        ; 0 s                 ; 0 s                 ; 2.62 V                       ; 3.54e-08 V                   ; 2.7 V               ; -0.00943 V          ; 0.276 V                              ; 0.035 V                              ; 3.19e-10 s                  ; 4.99e-10 s                  ; No                         ; Yes                        ; 2.62 V                      ; 3.54e-08 V                  ; 2.7 V              ; -0.00943 V         ; 0.276 V                             ; 0.035 V                             ; 3.19e-10 s                 ; 4.99e-10 s                 ; No                        ; Yes                       ;
+---------------+--------------+---------------------+---------------------+------------------------------+------------------------------+---------------------+---------------------+--------------------------------------+--------------------------------------+-----------------------------+-----------------------------+----------------------------+----------------------------+-----------------------------+-----------------------------+--------------------+--------------------+-------------------------------------+-------------------------------------+----------------------------+----------------------------+---------------------------+---------------------------+


+--------------------------------------------------------------------+
; Setup Transfers                                                    ;
+------------+----------+-----------+----------+----------+----------+
; From Clock ; To Clock ; RR Paths  ; FR Paths ; RF Paths ; FF Paths ;
+------------+----------+-----------+----------+----------+----------+
; iCLK       ; iCLK     ; 195109620 ; 0        ; 0        ; 0        ;
+------------+----------+-----------+----------+----------+----------+
Entries labeled "false path" only account for clock-to-clock false paths and not path-based false paths. As a result, actual path counts may be lower than reported.


+--------------------------------------------------------------------+
; Hold Transfers                                                     ;
+------------+----------+-----------+----------+----------+----------+
; From Clock ; To Clock ; RR Paths  ; FR Paths ; RF Paths ; FF Paths ;
+------------+----------+-----------+----------+----------+----------+
; iCLK       ; iCLK     ; 195109620 ; 0        ; 0        ; 0        ;
+------------+----------+-----------+----------+----------+----------+
Entries labeled "false path" only account for clock-to-clock false paths and not path-based false paths. As a result, actual path counts may be lower than reported.


---------------
; Report TCCS ;
---------------
No dedicated SERDES Transmitter circuitry present in device or used in design


---------------
; Report RSKM ;
---------------
No non-DPA dedicated SERDES Receiver circuitry present in device or used in design


+---------------------------------------------------+
; Unconstrained Paths Summary                       ;
+---------------------------------+--------+--------+
; Property                        ; Setup  ; Hold   ;
+---------------------------------+--------+--------+
; Illegal Clocks                  ; 0      ; 0      ;
; Unconstrained Clocks            ; 0      ; 0      ;
; Unconstrained Input Ports       ; 44     ; 44     ;
; Unconstrained Input Port Paths  ; 395087 ; 395087 ;
; Unconstrained Output Ports      ; 32     ; 32     ;
; Unconstrained Output Port Paths ; 8266   ; 8266   ;
+---------------------------------+--------+--------+


+-------------------------------------+
; Clock Status Summary                ;
+--------+-------+------+-------------+
; Target ; Clock ; Type ; Status      ;
+--------+-------+------+-------------+
; iCLK   ; iCLK  ; Base ; Constrained ;
+--------+-------+------+-------------+


+------------------------------------------------------------------------------------------------------+
; Unconstrained Input Ports                                                                            ;
+---------------+--------------------------------------------------------------------------------------+
; Input Port    ; Comment                                                                              ;
+---------------+--------------------------------------------------------------------------------------+
; iInstAddr[2]  ; No input delay, min/max delays, false-path exceptions, or max skew assignments found ;
; iInstAddr[3]  ; No input delay, min/max delays, false-path exceptions, or max skew assignments found ;
; iInstAddr[4]  ; No input delay, min/max delays, false-path exceptions, or max skew assignments found ;
; iInstAddr[5]  ; No input delay, min/max delays, false-path exceptions, or max skew assignments found ;
; iInstAddr[6]  ; No input delay, min/max delays, false-path exceptions, or max skew assignments found ;
; iInstAddr[7]  ; No input delay, min/max delays, false-path exceptions, or max skew assignments found ;
; iInstAddr[8]  ; No input delay, min/max delays, false-path exceptions, or max skew assignments found ;
; iInstAddr[9]  ; No input delay, min/max delays, false-path exceptions, or max skew assignments found ;
; iInstAddr[10] ; No input delay, min/max delays, false-path exceptions, or max skew assignments found ;
; iInstAddr[11] ; No input delay, min/max delays, false-path exceptions, or max skew assignments found ;
; iInstExt[0]   ; No input delay, min/max delays, false-path exceptions, or max skew assignments found ;
; iInstExt[1]   ; No input delay, min/max delays, false-path exceptions, or max skew assignments found ;
; iInstExt[2]   ; No input delay, min/max delays, false-path exceptions, or max skew assignments found ;
; iInstExt[3]   ; No input delay, min/max delays, false-path exceptions, or max skew assignments found ;
; iInstExt[4]   ; No input delay, min/max delays, false-path exceptions, or max skew assignments found ;
; iInstExt[5]   ; No input delay, min/max delays, false-path exceptions, or max skew assignments found ;
; iInstExt[6]   ; No input delay, min/max delays, false-path exceptions, or max skew assignments found ;
; iInstExt[7]   ; No input delay, min/max delays, false-path exceptions, or max skew assignments found ;
; iInstExt[8]   ; No input delay, min/max delays, false-path exceptions, or max skew assignments found ;
; iInstExt[9]   ; No input delay, min/max delays, false-path exceptions, or max skew assignments found ;
; iInstExt[10]  ; No input delay, min/max delays, false-path exceptions, or max skew assignments found ;
; iInstExt[11]  ; No input delay, min/max delays, false-path exceptions, or max skew assignments found ;
; iInstExt[12]  ; No input delay, min/max delays, false-path exceptions, or max skew assignments found ;
; iInstExt[13]  ; No input delay, min/max delays, false-path exceptions, or max skew assignments found ;
; iInstExt[14]  ; No input delay, min/max delays, false-path exceptions, or max skew assignments found ;
; iInstExt[15]  ; No input delay, min/max delays, false-path exceptions, or max skew assignments found ;
; iInstExt[16]  ; No input delay, min/max delays, false-path exceptions, or max skew assignments found ;
; iInstExt[17]  ; No input delay, min/max delays, false-path exceptions, or max skew assignments found ;
; iInstExt[18]  ; No input delay, min/max delays, false-path exceptions, or max skew assignments found ;
; iInstExt[19]  ; No input delay, min/max delays, false-path exceptions, or max skew assignments found ;
; iInstExt[20]  ; No input delay, min/max delays, false-path exceptions, or max skew assignments found ;
; iInstExt[21]  ; No input delay, min/max delays, false-path exceptions, or max skew assignments found ;
; iInstExt[22]  ; No input delay, min/max delays, false-path exceptions, or max skew assignments found ;
; iInstExt[23]  ; No input delay, min/max delays, false-path exceptions, or max skew assignments found ;
; iInstExt[24]  ; No input delay, min/max delays, false-path exceptions, or max skew assignments found ;
; iInstExt[25]  ; No input delay, min/max delays, false-path exceptions, or max skew assignments found ;
; iInstExt[26]  ; No input delay, min/max delays, false-path exceptions, or max skew assignments found ;
; iInstExt[27]  ; No input delay, min/max delays, false-path exceptions, or max skew assignments found ;
; iInstExt[28]  ; No input delay, min/max delays, false-path exceptions, or max skew assignments found ;
; iInstExt[29]  ; No input delay, min/max delays, false-path exceptions, or max skew assignments found ;
; iInstExt[30]  ; No input delay, min/max delays, false-path exceptions, or max skew assignments found ;
; iInstExt[31]  ; No input delay, min/max delays, false-path exceptions, or max skew assignments found ;
; iInstLd       ; No input delay, min/max delays, false-path exceptions, or max skew assignments found ;
; iRST          ; No input delay, min/max delays, false-path exceptions, or max skew assignments found ;
+---------------+--------------------------------------------------------------------------------------+


+-----------------------------------------------------------------------------------------------------+
; Unconstrained Output Ports                                                                          ;
+-------------+---------------------------------------------------------------------------------------+
; Output Port ; Comment                                                                               ;
+-------------+---------------------------------------------------------------------------------------+
; oALUOut[0]  ; No output delay, min/max delays, false-path exceptions, or max skew assignments found ;
; oALUOut[1]  ; No output delay, min/max delays, false-path exceptions, or max skew assignments found ;
; oALUOut[2]  ; No output delay, min/max delays, false-path exceptions, or max skew assignments found ;
; oALUOut[3]  ; No output delay, min/max delays, false-path exceptions, or max skew assignments found ;
; oALUOut[4]  ; No output delay, min/max delays, false-path exceptions, or max skew assignments found ;
; oALUOut[5]  ; No output delay, min/max delays, false-path exceptions, or max skew assignments found ;
; oALUOut[6]  ; No output delay, min/max delays, false-path exceptions, or max skew assignments found ;
; oALUOut[7]  ; No output delay, min/max delays, false-path exceptions, or max skew assignments found ;
; oALUOut[8]  ; No output delay, min/max delays, false-path exceptions, or max skew assignments found ;
; oALUOut[9]  ; No output delay, min/max delays, false-path exceptions, or max skew assignments found ;
; oALUOut[10] ; No output delay, min/max delays, false-path exceptions, or max skew assignments found ;
; oALUOut[11] ; No output delay, min/max delays, false-path exceptions, or max skew assignments found ;
; oALUOut[12] ; No output delay, min/max delays, false-path exceptions, or max skew assignments found ;
; oALUOut[13] ; No output delay, min/max delays, false-path exceptions, or max skew assignments found ;
; oALUOut[14] ; No output delay, min/max delays, false-path exceptions, or max skew assignments found ;
; oALUOut[15] ; No output delay, min/max delays, false-path exceptions, or max skew assignments found ;
; oALUOut[16] ; No output delay, min/max delays, false-path exceptions, or max skew assignments found ;
; oALUOut[17] ; No output delay, min/max delays, false-path exceptions, or max skew assignments found ;
; oALUOut[18] ; No output delay, min/max delays, false-path exceptions, or max skew assignments found ;
; oALUOut[19] ; No output delay, min/max delays, false-path exceptions, or max skew assignments found ;
; oALUOut[20] ; No output delay, min/max delays, false-path exceptions, or max skew assignments found ;
; oALUOut[21] ; No output delay, min/max delays, false-path exceptions, or max skew assignments found ;
; oALUOut[22] ; No output delay, min/max delays, false-path exceptions, or max skew assignments found ;
; oALUOut[23] ; No output delay, min/max delays, false-path exceptions, or max skew assignments found ;
; oALUOut[24] ; No output delay, min/max delays, false-path exceptions, or max skew assignments found ;
; oALUOut[25] ; No output delay, min/max delays, false-path exceptions, or max skew assignments found ;
; oALUOut[26] ; No output delay, min/max delays, false-path exceptions, or max skew assignments found ;
; oALUOut[27] ; No output delay, min/max delays, false-path exceptions, or max skew assignments found ;
; oALUOut[28] ; No output delay, min/max delays, false-path exceptions, or max skew assignments found ;
; oALUOut[29] ; No output delay, min/max delays, false-path exceptions, or max skew assignments found ;
; oALUOut[30] ; No output delay, min/max delays, false-path exceptions, or max skew assignments found ;
; oALUOut[31] ; No output delay, min/max delays, false-path exceptions, or max skew assignments found ;
+-------------+---------------------------------------------------------------------------------------+


+------------------------------------------------------------------------------------------------------+
; Unconstrained Input Ports                                                                            ;
+---------------+--------------------------------------------------------------------------------------+
; Input Port    ; Comment                                                                              ;
+---------------+--------------------------------------------------------------------------------------+
; iInstAddr[2]  ; No input delay, min/max delays, false-path exceptions, or max skew assignments found ;
; iInstAddr[3]  ; No input delay, min/max delays, false-path exceptions, or max skew assignments found ;
; iInstAddr[4]  ; No input delay, min/max delays, false-path exceptions, or max skew assignments found ;
; iInstAddr[5]  ; No input delay, min/max delays, false-path exceptions, or max skew assignments found ;
; iInstAddr[6]  ; No input delay, min/max delays, false-path exceptions, or max skew assignments found ;
; iInstAddr[7]  ; No input delay, min/max delays, false-path exceptions, or max skew assignments found ;
; iInstAddr[8]  ; No input delay, min/max delays, false-path exceptions, or max skew assignments found ;
; iInstAddr[9]  ; No input delay, min/max delays, false-path exceptions, or max skew assignments found ;
; iInstAddr[10] ; No input delay, min/max delays, false-path exceptions, or max skew assignments found ;
; iInstAddr[11] ; No input delay, min/max delays, false-path exceptions, or max skew assignments found ;
; iInstExt[0]   ; No input delay, min/max delays, false-path exceptions, or max skew assignments found ;
; iInstExt[1]   ; No input delay, min/max delays, false-path exceptions, or max skew assignments found ;
; iInstExt[2]   ; No input delay, min/max delays, false-path exceptions, or max skew assignments found ;
; iInstExt[3]   ; No input delay, min/max delays, false-path exceptions, or max skew assignments found ;
; iInstExt[4]   ; No input delay, min/max delays, false-path exceptions, or max skew assignments found ;
; iInstExt[5]   ; No input delay, min/max delays, false-path exceptions, or max skew assignments found ;
; iInstExt[6]   ; No input delay, min/max delays, false-path exceptions, or max skew assignments found ;
; iInstExt[7]   ; No input delay, min/max delays, false-path exceptions, or max skew assignments found ;
; iInstExt[8]   ; No input delay, min/max delays, false-path exceptions, or max skew assignments found ;
; iInstExt[9]   ; No input delay, min/max delays, false-path exceptions, or max skew assignments found ;
; iInstExt[10]  ; No input delay, min/max delays, false-path exceptions, or max skew assignments found ;
; iInstExt[11]  ; No input delay, min/max delays, false-path exceptions, or max skew assignments found ;
; iInstExt[12]  ; No input delay, min/max delays, false-path exceptions, or max skew assignments found ;
; iInstExt[13]  ; No input delay, min/max delays, false-path exceptions, or max skew assignments found ;
; iInstExt[14]  ; No input delay, min/max delays, false-path exceptions, or max skew assignments found ;
; iInstExt[15]  ; No input delay, min/max delays, false-path exceptions, or max skew assignments found ;
; iInstExt[16]  ; No input delay, min/max delays, false-path exceptions, or max skew assignments found ;
; iInstExt[17]  ; No input delay, min/max delays, false-path exceptions, or max skew assignments found ;
; iInstExt[18]  ; No input delay, min/max delays, false-path exceptions, or max skew assignments found ;
; iInstExt[19]  ; No input delay, min/max delays, false-path exceptions, or max skew assignments found ;
; iInstExt[20]  ; No input delay, min/max delays, false-path exceptions, or max skew assignments found ;
; iInstExt[21]  ; No input delay, min/max delays, false-path exceptions, or max skew assignments found ;
; iInstExt[22]  ; No input delay, min/max delays, false-path exceptions, or max skew assignments found ;
; iInstExt[23]  ; No input delay, min/max delays, false-path exceptions, or max skew assignments found ;
; iInstExt[24]  ; No input delay, min/max delays, false-path exceptions, or max skew assignments found ;
; iInstExt[25]  ; No input delay, min/max delays, false-path exceptions, or max skew assignments found ;
; iInstExt[26]  ; No input delay, min/max delays, false-path exceptions, or max skew assignments found ;
; iInstExt[27]  ; No input delay, min/max delays, false-path exceptions, or max skew assignments found ;
; iInstExt[28]  ; No input delay, min/max delays, false-path exceptions, or max skew assignments found ;
; iInstExt[29]  ; No input delay, min/max delays, false-path exceptions, or max skew assignments found ;
; iInstExt[30]  ; No input delay, min/max delays, false-path exceptions, or max skew assignments found ;
; iInstExt[31]  ; No input delay, min/max delays, false-path exceptions, or max skew assignments found ;
; iInstLd       ; No input delay, min/max delays, false-path exceptions, or max skew assignments found ;
; iRST          ; No input delay, min/max delays, false-path exceptions, or max skew assignments found ;
+---------------+--------------------------------------------------------------------------------------+


+-----------------------------------------------------------------------------------------------------+
; Unconstrained Output Ports                                                                          ;
+-------------+---------------------------------------------------------------------------------------+
; Output Port ; Comment                                                                               ;
+-------------+---------------------------------------------------------------------------------------+
; oALUOut[0]  ; No output delay, min/max delays, false-path exceptions, or max skew assignments found ;
; oALUOut[1]  ; No output delay, min/max delays, false-path exceptions, or max skew assignments found ;
; oALUOut[2]  ; No output delay, min/max delays, false-path exceptions, or max skew assignments found ;
; oALUOut[3]  ; No output delay, min/max delays, false-path exceptions, or max skew assignments found ;
; oALUOut[4]  ; No output delay, min/max delays, false-path exceptions, or max skew assignments found ;
; oALUOut[5]  ; No output delay, min/max delays, false-path exceptions, or max skew assignments found ;
; oALUOut[6]  ; No output delay, min/max delays, false-path exceptions, or max skew assignments found ;
; oALUOut[7]  ; No output delay, min/max delays, false-path exceptions, or max skew assignments found ;
; oALUOut[8]  ; No output delay, min/max delays, false-path exceptions, or max skew assignments found ;
; oALUOut[9]  ; No output delay, min/max delays, false-path exceptions, or max skew assignments found ;
; oALUOut[10] ; No output delay, min/max delays, false-path exceptions, or max skew assignments found ;
; oALUOut[11] ; No output delay, min/max delays, false-path exceptions, or max skew assignments found ;
; oALUOut[12] ; No output delay, min/max delays, false-path exceptions, or max skew assignments found ;
; oALUOut[13] ; No output delay, min/max delays, false-path exceptions, or max skew assignments found ;
; oALUOut[14] ; No output delay, min/max delays, false-path exceptions, or max skew assignments found ;
; oALUOut[15] ; No output delay, min/max delays, false-path exceptions, or max skew assignments found ;
; oALUOut[16] ; No output delay, min/max delays, false-path exceptions, or max skew assignments found ;
; oALUOut[17] ; No output delay, min/max delays, false-path exceptions, or max skew assignments found ;
; oALUOut[18] ; No output delay, min/max delays, false-path exceptions, or max skew assignments found ;
; oALUOut[19] ; No output delay, min/max delays, false-path exceptions, or max skew assignments found ;
; oALUOut[20] ; No output delay, min/max delays, false-path exceptions, or max skew assignments found ;
; oALUOut[21] ; No output delay, min/max delays, false-path exceptions, or max skew assignments found ;
; oALUOut[22] ; No output delay, min/max delays, false-path exceptions, or max skew assignments found ;
; oALUOut[23] ; No output delay, min/max delays, false-path exceptions, or max skew assignments found ;
; oALUOut[24] ; No output delay, min/max delays, false-path exceptions, or max skew assignments found ;
; oALUOut[25] ; No output delay, min/max delays, false-path exceptions, or max skew assignments found ;
; oALUOut[26] ; No output delay, min/max delays, false-path exceptions, or max skew assignments found ;
; oALUOut[27] ; No output delay, min/max delays, false-path exceptions, or max skew assignments found ;
; oALUOut[28] ; No output delay, min/max delays, false-path exceptions, or max skew assignments found ;
; oALUOut[29] ; No output delay, min/max delays, false-path exceptions, or max skew assignments found ;
; oALUOut[30] ; No output delay, min/max delays, false-path exceptions, or max skew assignments found ;
; oALUOut[31] ; No output delay, min/max delays, false-path exceptions, or max skew assignments found ;
+-------------+---------------------------------------------------------------------------------------+


+--------------------------+
; Timing Analyzer Messages ;
+--------------------------+
Info: *******************************************************************
Info: Running Quartus Prime Timing Analyzer
    Info: Version 20.1.1 Build 720 11/11/2020 SJ Standard Edition
    Info: Copyright (C) 2020  Intel Corporation. All rights reserved.
    Info: Your use of Intel Corporation's design tools, logic functions 
    Info: and other software and tools, and any partner logic 
    Info: functions, and any output files from any of the foregoing 
    Info: (including device programming or simulation files), and any 
    Info: associated documentation or information are expressly subject 
    Info: to the terms and conditions of the Intel Program License 
    Info: Subscription Agreement, the Intel Quartus Prime License Agreement,
    Info: the Intel FPGA IP License Agreement, or other applicable license
    Info: agreement, including, without limitation, that your use is for
    Info: the sole purpose of programming logic devices manufactured by
    Info: Intel and sold by Intel or its authorized distributors.  Please
    Info: refer to the applicable agreement for further details, at
    Info: https://fpgasoftware.intel.com/eula.
    Info: Processing started: Mon Apr 27 18:34:45 2026
Info: Command: quartus_sta --sdc=toolflow.sdc toolflow --do_report_timing
Info: qsta_default_script.tcl version: #1
Warning (18236): Number of processors has not been specified which may cause overloading on shared machines.  Set the global assignment NUM_PARALLEL_PROCESSORS in your QSF to an appropriate value for best performance.
Info (20030): Parallel compilation is enabled and will use 12 of the 12 processors detected
Info (21076): High junction temperature operating condition is not set. Assuming a default value of '85'.
Info (21076): Low junction temperature operating condition is not set. Assuming a default value of '0'.
Info (332104): Reading SDC File: 'toolflow.sdc'
Info: Found TIMING_ANALYZER_REPORT_SCRIPT_INCLUDE_DEFAULT_ANALYSIS = ON
Info: Analyzing Slow 1200mV 85C Model
Critical Warning (332148): Timing requirements not met
    Info (11105): For recommendations on closing timing, run Report Timing Closure Recommendations in the Timing Analyzer.
Info (332146): Worst-case setup slack is -4.318
    Info (332119):     Slack       End Point TNS Clock 
    Info (332119): ========= =================== =====================
    Info (332119):    -4.318            -872.774 iCLK 
Info (332146): Worst-case hold slack is 0.429
    Info (332119):     Slack       End Point TNS Clock 
    Info (332119): ========= =================== =====================
    Info (332119):     0.429               0.000 iCLK 
Info (332140): No Recovery paths to report
Info (332140): No Removal paths to report
Info (332146): Worst-case minimum pulse width slack is 9.743
    Info (332119):     Slack       End Point TNS Clock 
    Info (332119): ========= =================== =====================
    Info (332119):     9.743               0.000 iCLK 
Info (332115): Report Timing: Found 1 setup paths (1 violated).  Worst case slack is -4.318
    Info (332115): -to_clock [get_clocks {iCLK}]
    Info (332115): -setup
    Info (332115): -stdout
Info (332115): Path #1: Setup slack is -4.318 (VIOLATED)
    Info (332115): ===================================================================
    Info (332115): From Node    : EXMEM_PipelineRegister:EXMEM_REG|register_NBit:REG_rd|dffg:\G_Register_NBit:1:REGI|s_Q
    Info (332115): To Node      : IFID_PipelineRegister:IFID_REG|register_NBit:REG_Instr|dffg:\G_Register_NBit:0:REGI|s_Q
    Info (332115): Launch Clock : iCLK
    Info (332115): Latch Clock  : iCLK
    Info (332115): 
    Info (332115): Data Arrival Path:
    Info (332115): 
    Info (332115): Total (ns)  Incr (ns)     Type  Element
    Info (332115): ==========  ========= ==  ====  ===================================
    Info (332115):      0.000      0.000           launch edge time
    Info (332115):      3.079      3.079  R        clock network delay
    Info (332115):      3.311      0.232     uTco  EXMEM_PipelineRegister:EXMEM_REG|register_NBit:REG_rd|dffg:\G_Register_NBit:1:REGI|s_Q
    Info (332115):      3.311      0.000 FF  CELL  EXMEM_REG|REG_rd|\G_Register_NBit:1:REGI|s_Q|q
    Info (332115):      3.897      0.586 FF    IC  FORWARDING|s_MEM_match_rs1~0|dataa
    Info (332115):      4.301      0.404 FF  CELL  FORWARDING|s_MEM_match_rs1~0|combout
    Info (332115):      4.602      0.301 FF    IC  FORWARDING|o_fwd_B[0]~1|dataa
    Info (332115):      4.956      0.354 FF  CELL  FORWARDING|o_fwd_B[0]~1|combout
    Info (332115):      6.006      1.050 FF    IC  FWD_MUX_B|MUX_012|\G_NBit_MUX:0:MUXI|last_or|o_F~0|datac
    Info (332115):      6.287      0.281 FF  CELL  FWD_MUX_B|MUX_012|\G_NBit_MUX:0:MUXI|last_or|o_F~0|combout
    Info (332115):      6.565      0.278 FF    IC  FWD_MUX_B|MUX_012|\G_NBit_MUX:0:MUXI|last_or|o_F~1|dataa
    Info (332115):      6.965      0.400 FF  CELL  FWD_MUX_B|MUX_012|\G_NBit_MUX:0:MUXI|last_or|o_F~1|combout
    Info (332115):      7.214      0.249 FF    IC  B_SRC_MUX|\G_NBit_MUX:0:MUXI|last_or|o_F~0|datad
    Info (332115):      7.339      0.125 FF  CELL  B_SRC_MUX|\G_NBit_MUX:0:MUXI|last_or|o_F~0|combout
    Info (332115):      7.969      0.630 FF    IC  ALU|ADDER_INST|ADDER|\G_NBit_ADDS:1:ADDERS|Cout_or|o_F~0|datac
    Info (332115):      8.250      0.281 FF  CELL  ALU|ADDER_INST|ADDER|\G_NBit_ADDS:1:ADDERS|Cout_or|o_F~0|combout
    Info (332115):      8.502      0.252 FF    IC  ALU|ADDER_INST|ADDER|\G_NBit_ADDS:2:ADDERS|Cout_or|o_F~0|datad
    Info (332115):      8.627      0.125 FF  CELL  ALU|ADDER_INST|ADDER|\G_NBit_ADDS:2:ADDERS|Cout_or|o_F~0|combout
    Info (332115):      8.876      0.249 FF    IC  ALU|ADDER_INST|ADDER|\G_NBit_ADDS:3:ADDERS|Cout_or|o_F~0|datad
    Info (332115):      9.001      0.125 FF  CELL  ALU|ADDER_INST|ADDER|\G_NBit_ADDS:3:ADDERS|Cout_or|o_F~0|combout
    Info (332115):      9.251      0.250 FF    IC  ALU|ADDER_INST|ADDER|\G_NBit_ADDS:4:ADDERS|Cout_or|o_F~0|datad
    Info (332115):      9.376      0.125 FF  CELL  ALU|ADDER_INST|ADDER|\G_NBit_ADDS:4:ADDERS|Cout_or|o_F~0|combout
    Info (332115):      9.627      0.251 FF    IC  ALU|ADDER_INST|ADDER|\G_NBit_ADDS:5:ADDERS|Cout_or|o_F~0|datad
    Info (332115):      9.752      0.125 FF  CELL  ALU|ADDER_INST|ADDER|\G_NBit_ADDS:5:ADDERS|Cout_or|o_F~0|combout
    Info (332115):     10.001      0.249 FF    IC  ALU|ADDER_INST|ADDER|\G_NBit_ADDS:6:ADDERS|Cout_or|o_F~0|datad
    Info (332115):     10.126      0.125 FF  CELL  ALU|ADDER_INST|ADDER|\G_NBit_ADDS:6:ADDERS|Cout_or|o_F~0|combout
    Info (332115):     10.375      0.249 FF    IC  ALU|ADDER_INST|ADDER|\G_NBit_ADDS:7:ADDERS|Cout_or|o_F~0|datad
    Info (332115):     10.500      0.125 FF  CELL  ALU|ADDER_INST|ADDER|\G_NBit_ADDS:7:ADDERS|Cout_or|o_F~0|combout
    Info (332115):     10.750      0.250 FF    IC  ALU|ADDER_INST|ADDER|\G_NBit_ADDS:8:ADDERS|Cout_or|o_F~0|datad
    Info (332115):     10.875      0.125 FF  CELL  ALU|ADDER_INST|ADDER|\G_NBit_ADDS:8:ADDERS|Cout_or|o_F~0|combout
    Info (332115):     11.125      0.250 FF    IC  ALU|ADDER_INST|ADDER|\G_NBit_ADDS:9:ADDERS|Cout_or|o_F~0|datad
    Info (332115):     11.250      0.125 FF  CELL  ALU|ADDER_INST|ADDER|\G_NBit_ADDS:9:ADDERS|Cout_or|o_F~0|combout
    Info (332115):     11.507      0.257 FF    IC  ALU|ADDER_INST|ADDER|\G_NBit_ADDS:10:ADDERS|Cout_or|o_F~0|datac
    Info (332115):     11.788      0.281 FF  CELL  ALU|ADDER_INST|ADDER|\G_NBit_ADDS:10:ADDERS|Cout_or|o_F~0|combout
    Info (332115):     12.037      0.249 FF    IC  ALU|ADDER_INST|ADDER|\G_NBit_ADDS:11:ADDERS|Cout_or|o_F~0|datad
    Info (332115):     12.162      0.125 FF  CELL  ALU|ADDER_INST|ADDER|\G_NBit_ADDS:11:ADDERS|Cout_or|o_F~0|combout
    Info (332115):     13.109      0.947 FF    IC  ALU|ADDER_INST|ADDER|\G_NBit_ADDS:12:ADDERS|Cout_or|o_F~0|datad
    Info (332115):     13.234      0.125 FF  CELL  ALU|ADDER_INST|ADDER|\G_NBit_ADDS:12:ADDERS|Cout_or|o_F~0|combout
    Info (332115):     13.485      0.251 FF    IC  ALU|ADDER_INST|ADDER|\G_NBit_ADDS:13:ADDERS|Cout_or|o_F~0|datad
    Info (332115):     13.610      0.125 FF  CELL  ALU|ADDER_INST|ADDER|\G_NBit_ADDS:13:ADDERS|Cout_or|o_F~0|combout
    Info (332115):     13.858      0.248 FF    IC  ALU|ADDER_INST|ADDER|\G_NBit_ADDS:14:ADDERS|Cout_or|o_F~0|datad
    Info (332115):     13.983      0.125 FF  CELL  ALU|ADDER_INST|ADDER|\G_NBit_ADDS:14:ADDERS|Cout_or|o_F~0|combout
    Info (332115):     14.238      0.255 FF    IC  ALU|ADDER_INST|ADDER|\G_NBit_ADDS:15:ADDERS|Cout_or|o_F~0|datac
    Info (332115):     14.519      0.281 FF  CELL  ALU|ADDER_INST|ADDER|\G_NBit_ADDS:15:ADDERS|Cout_or|o_F~0|combout
    Info (332115):     14.776      0.257 FF    IC  ALU|ADDER_INST|ADDER|\G_NBit_ADDS:16:ADDERS|Cout_or|o_F~0|datac
    Info (332115):     15.057      0.281 FF  CELL  ALU|ADDER_INST|ADDER|\G_NBit_ADDS:16:ADDERS|Cout_or|o_F~0|combout
    Info (332115):     15.306      0.249 FF    IC  ALU|ADDER_INST|ADDER|\G_NBit_ADDS:17:ADDERS|Cout_or|o_F~0|datad
    Info (332115):     15.431      0.125 FF  CELL  ALU|ADDER_INST|ADDER|\G_NBit_ADDS:17:ADDERS|Cout_or|o_F~0|combout
    Info (332115):     15.686      0.255 FF    IC  ALU|ADDER_INST|ADDER|\G_NBit_ADDS:18:ADDERS|Cout_or|o_F~0|datac
    Info (332115):     15.967      0.281 FF  CELL  ALU|ADDER_INST|ADDER|\G_NBit_ADDS:18:ADDERS|Cout_or|o_F~0|combout
    Info (332115):     16.218      0.251 FF    IC  ALU|ADDER_INST|ADDER|\G_NBit_ADDS:19:ADDERS|Cout_or|o_F~0|datad
    Info (332115):     16.343      0.125 FF  CELL  ALU|ADDER_INST|ADDER|\G_NBit_ADDS:19:ADDERS|Cout_or|o_F~0|combout
    Info (332115):     16.591      0.248 FF    IC  ALU|ADDER_INST|ADDER|\G_NBit_ADDS:20:ADDERS|Cout_or|o_F~0|datad
    Info (332115):     16.716      0.125 FF  CELL  ALU|ADDER_INST|ADDER|\G_NBit_ADDS:20:ADDERS|Cout_or|o_F~0|combout
    Info (332115):     16.965      0.249 FF    IC  ALU|ADDER_INST|ADDER|\G_NBit_ADDS:21:ADDERS|Cout_or|o_F~0|datad
    Info (332115):     17.090      0.125 FF  CELL  ALU|ADDER_INST|ADDER|\G_NBit_ADDS:21:ADDERS|Cout_or|o_F~0|combout
    Info (332115):     17.339      0.249 FF    IC  ALU|ADDER_INST|ADDER|\G_NBit_ADDS:22:ADDERS|Cout_or|o_F~0|datad
    Info (332115):     17.464      0.125 FF  CELL  ALU|ADDER_INST|ADDER|\G_NBit_ADDS:22:ADDERS|Cout_or|o_F~0|combout
    Info (332115):     17.716      0.252 FF    IC  ALU|ADDER_INST|ADDER|\G_NBit_ADDS:23:ADDERS|Cout_or|o_F~0|datad
    Info (332115):     17.841      0.125 FF  CELL  ALU|ADDER_INST|ADDER|\G_NBit_ADDS:23:ADDERS|Cout_or|o_F~0|combout
    Info (332115):     18.099      0.258 FF    IC  ALU|ADDER_INST|ADDER|\G_NBit_ADDS:24:ADDERS|Cout_or|o_F~0|datac
    Info (332115):     18.380      0.281 FF  CELL  ALU|ADDER_INST|ADDER|\G_NBit_ADDS:24:ADDERS|Cout_or|o_F~0|combout
    Info (332115):     18.636      0.256 FF    IC  ALU|ADDER_INST|ADDER|\G_NBit_ADDS:25:ADDERS|Cout_or|o_F~0|datac
    Info (332115):     18.917      0.281 FF  CELL  ALU|ADDER_INST|ADDER|\G_NBit_ADDS:25:ADDERS|Cout_or|o_F~0|combout
    Info (332115):     19.167      0.250 FF    IC  ALU|ADDER_INST|ADDER|\G_NBit_ADDS:26:ADDERS|Cout_or|o_F~0|datad
    Info (332115):     19.292      0.125 FF  CELL  ALU|ADDER_INST|ADDER|\G_NBit_ADDS:26:ADDERS|Cout_or|o_F~0|combout
    Info (332115):     19.541      0.249 FF    IC  ALU|ADDER_INST|ADDER|\G_NBit_ADDS:27:ADDERS|Cout_or|o_F~0|datad
    Info (332115):     19.666      0.125 FF  CELL  ALU|ADDER_INST|ADDER|\G_NBit_ADDS:27:ADDERS|Cout_or|o_F~0|combout
    Info (332115):     20.431      0.765 FF    IC  ALU|Mux3~1|datac
    Info (332115):     20.712      0.281 FF  CELL  ALU|Mux3~1|combout
    Info (332115):     20.940      0.228 FF    IC  ALU|Mux3~2|datad
    Info (332115):     21.090      0.150 FR  CELL  ALU|Mux3~2|combout
    Info (332115):     21.295      0.205 RR    IC  ALU|Mux3~3|datad
    Info (332115):     21.450      0.155 RR  CELL  ALU|Mux3~3|combout
    Info (332115):     21.656      0.206 RR    IC  ALU|Mux3~4|datad
    Info (332115):     21.811      0.155 RR  CELL  ALU|Mux3~4|combout
    Info (332115):     22.013      0.202 RR    IC  ALU|Mux3~5|datad
    Info (332115):     22.168      0.155 RR  CELL  ALU|Mux3~5|combout
    Info (332115):     22.371      0.203 RR    IC  ALU|Mux3~6|datad
    Info (332115):     22.526      0.155 RR  CELL  ALU|Mux3~6|combout
    Info (332115):     23.271      0.745 RR    IC  BRANCH_COND|Mux0~33|datac
    Info (332115):     23.558      0.287 RR  CELL  BRANCH_COND|Mux0~33|combout
    Info (332115):     23.761      0.203 RR    IC  BRANCH_COND|Mux0~34|datad
    Info (332115):     23.916      0.155 RR  CELL  BRANCH_COND|Mux0~34|combout
    Info (332115):     24.218      0.302 RR    IC  IFID_REG|s_WE_gated|datad
    Info (332115):     24.357      0.139 RF  CELL  IFID_REG|s_WE_gated|combout
    Info (332115):     27.044      2.687 FF    IC  IFID_REG|REG_Instr|\G_Register_NBit:0:REGI|s_Q|ena
    Info (332115):     27.723      0.679 FF  CELL  IFID_PipelineRegister:IFID_REG|register_NBit:REG_Instr|dffg:\G_Register_NBit:0:REGI|s_Q
    Info (332115): 
    Info (332115): Data Required Path:
    Info (332115): 
    Info (332115): Total (ns)  Incr (ns)     Type  Element
    Info (332115): ==========  ========= ==  ====  ===================================
    Info (332115):     20.000     20.000           latch edge time
    Info (332115):     23.399      3.399  R        clock network delay
    Info (332115):     23.407      0.008           clock pessimism removed
    Info (332115):     23.387     -0.020           clock uncertainty
    Info (332115):     23.405      0.018     uTsu  IFID_PipelineRegister:IFID_REG|register_NBit:REG_Instr|dffg:\G_Register_NBit:0:REGI|s_Q
    Info (332115): 
    Info (332115): Data Arrival Time  :    27.723
    Info (332115): Data Required Time :    23.405
    Info (332115): Slack              :    -4.318 (VIOLATED)
    Info (332115): ===================================================================
    Info (332115): 
Info (332115): Report Timing: Found 1 hold paths (0 violated).  Worst case slack is 0.429
    Info (332115): -to_clock [get_clocks {iCLK}]
    Info (332115): -hold
    Info (332115): -stdout
Info (332115): Path #1: Hold slack is 0.429 
    Info (332115): ===================================================================
    Info (332115): From Node    : IDEX_PipelineRegister:IDEX_REG|register_NBit:REG_PC_Plus4|dffg:\G_Register_NBit:28:REGI|s_Q
    Info (332115): To Node      : EXMEM_PipelineRegister:EXMEM_REG|register_NBit:REG_PC_Plus4|dffg:\G_Register_NBit:28:REGI|s_Q
    Info (332115): Launch Clock : iCLK
    Info (332115): Latch Clock  : iCLK
    Info (332115): 
    Info (332115): Data Arrival Path:
    Info (332115): 
    Info (332115): Total (ns)  Incr (ns)     Type  Element
    Info (332115): ==========  ========= ==  ====  ===================================
    Info (332115):      0.000      0.000           launch edge time
    Info (332115):      2.980      2.980  R        clock network delay
    Info (332115):      3.212      0.232     uTco  IDEX_PipelineRegister:IDEX_REG|register_NBit:REG_PC_Plus4|dffg:\G_Register_NBit:28:REGI|s_Q
    Info (332115):      3.212      0.000 RR  CELL  IDEX_REG|REG_PC_Plus4|\G_Register_NBit:28:REGI|s_Q|q
    Info (332115):      3.458      0.246 RR    IC  EXMEM_REG|REG_PC_Plus4|\G_Register_NBit:28:REGI|s_Q~feeder|datad
    Info (332115):      3.607      0.149 RR  CELL  EXMEM_REG|REG_PC_Plus4|\G_Register_NBit:28:REGI|s_Q~feeder|combout
    Info (332115):      3.607      0.000 RR    IC  EXMEM_REG|REG_PC_Plus4|\G_Register_NBit:28:REGI|s_Q|d
    Info (332115):      3.676      0.069 RR  CELL  EXMEM_PipelineRegister:EXMEM_REG|register_NBit:REG_PC_Plus4|dffg:\G_Register_NBit:28:REGI|s_Q
    Info (332115): 
    Info (332115): Data Required Path:
    Info (332115): 
    Info (332115): Total (ns)  Incr (ns)     Type  Element
    Info (332115): ==========  ========= ==  ====  ===================================
    Info (332115):      0.000      0.000           latch edge time
    Info (332115):      3.093      3.093  R        clock network delay
    Info (332115):      3.061     -0.032           clock pessimism removed
    Info (332115):      3.061      0.000           clock uncertainty
    Info (332115):      3.247      0.186      uTh  EXMEM_PipelineRegister:EXMEM_REG|register_NBit:REG_PC_Plus4|dffg:\G_Register_NBit:28:REGI|s_Q
    Info (332115): 
    Info (332115): Data Arrival Time  :     3.676
    Info (332115): Data Required Time :     3.247
    Info (332115): Slack              :     0.429 
    Info (332115): ===================================================================
    Info (332115): 
Info: Analyzing Slow 1200mV 0C Model
Info (334003): Started post-fitting delay annotation
Info (334004): Delay annotation completed successfully
Critical Warning (332148): Timing requirements not met
    Info (11105): For recommendations on closing timing, run Report Timing Closure Recommendations in the Timing Analyzer.
Info (332146): Worst-case setup slack is -2.425
    Info (332119):     Slack       End Point TNS Clock 
    Info (332119): ========= =================== =====================
    Info (332119):    -2.425            -323.563 iCLK 
Info (332146): Worst-case hold slack is 0.396
    Info (332119):     Slack       End Point TNS Clock 
    Info (332119): ========= =================== =====================
    Info (332119):     0.396               0.000 iCLK 
Info (332140): No Recovery paths to report
Info (332140): No Removal paths to report
Info (332146): Worst-case minimum pulse width slack is 9.772
    Info (332119):     Slack       End Point TNS Clock 
    Info (332119): ========= =================== =====================
    Info (332119):     9.772               0.000 iCLK 
Info (332115): Report Timing: Found 1 setup paths (1 violated).  Worst case slack is -2.425
    Info (332115): -to_clock [get_clocks {iCLK}]
    Info (332115): -setup
    Info (332115): -stdout
Info (332115): Path #1: Setup slack is -2.425 (VIOLATED)
    Info (332115): ===================================================================
    Info (332115): From Node    : IDEX_PipelineRegister:IDEX_REG|register_NBit:REG_Instr|dffg:\G_Register_NBit:21:REGI|s_Q
    Info (332115): To Node      : IFID_PipelineRegister:IFID_REG|register_NBit:REG_Instr|dffg:\G_Register_NBit:0:REGI|s_Q
    Info (332115): Launch Clock : iCLK
    Info (332115): Latch Clock  : iCLK
    Info (332115): 
    Info (332115): Data Arrival Path:
    Info (332115): 
    Info (332115): Total (ns)  Incr (ns)     Type  Element
    Info (332115): ==========  ========= ==  ====  ===================================
    Info (332115):      0.000      0.000           launch edge time
    Info (332115):      2.792      2.792  R        clock network delay
    Info (332115):      3.005      0.213     uTco  IDEX_PipelineRegister:IDEX_REG|register_NBit:REG_Instr|dffg:\G_Register_NBit:21:REGI|s_Q
    Info (332115):      3.005      0.000 FF  CELL  IDEX_REG|REG_Instr|\G_Register_NBit:21:REGI|s_Q|q
    Info (332115):      3.528      0.523 FF    IC  FORWARDING|o_fwd_B[0]~0|dataa
    Info (332115):      3.888      0.360 FR  CELL  FORWARDING|o_fwd_B[0]~0|combout
    Info (332115):      4.113      0.225 RR    IC  FORWARDING|o_fwd_B[0]~1|datab
    Info (332115):      4.444      0.331 RR  CELL  FORWARDING|o_fwd_B[0]~1|combout
    Info (332115):      5.429      0.985 RR    IC  FWD_MUX_B|MUX_012|\G_NBit_MUX:0:MUXI|last_or|o_F~0|datac
    Info (332115):      5.692      0.263 RR  CELL  FWD_MUX_B|MUX_012|\G_NBit_MUX:0:MUXI|last_or|o_F~0|combout
    Info (332115):      5.912      0.220 RR    IC  FWD_MUX_B|MUX_012|\G_NBit_MUX:0:MUXI|last_or|o_F~1|dataa
    Info (332115):      6.279      0.367 RR  CELL  FWD_MUX_B|MUX_012|\G_NBit_MUX:0:MUXI|last_or|o_F~1|combout
    Info (332115):      6.481      0.202 RR    IC  B_SRC_MUX|\G_NBit_MUX:0:MUXI|last_or|o_F~0|datad
    Info (332115):      6.625      0.144 RR  CELL  B_SRC_MUX|\G_NBit_MUX:0:MUXI|last_or|o_F~0|combout
    Info (332115):      7.238      0.613 RR    IC  ALU|ADDER_INST|ADDER|\G_NBit_ADDS:1:ADDERS|Cout_or|o_F~0|datac
    Info (332115):      7.503      0.265 RR  CELL  ALU|ADDER_INST|ADDER|\G_NBit_ADDS:1:ADDERS|Cout_or|o_F~0|combout
    Info (332115):      7.714      0.211 RR    IC  ALU|ADDER_INST|ADDER|\G_NBit_ADDS:2:ADDERS|Cout_or|o_F~0|datad
    Info (332115):      7.858      0.144 RR  CELL  ALU|ADDER_INST|ADDER|\G_NBit_ADDS:2:ADDERS|Cout_or|o_F~0|combout
    Info (332115):      8.067      0.209 RR    IC  ALU|ADDER_INST|ADDER|\G_NBit_ADDS:3:ADDERS|Cout_or|o_F~0|datad
    Info (332115):      8.211      0.144 RR  CELL  ALU|ADDER_INST|ADDER|\G_NBit_ADDS:3:ADDERS|Cout_or|o_F~0|combout
    Info (332115):      8.420      0.209 RR    IC  ALU|ADDER_INST|ADDER|\G_NBit_ADDS:4:ADDERS|Cout_or|o_F~0|datad
    Info (332115):      8.564      0.144 RR  CELL  ALU|ADDER_INST|ADDER|\G_NBit_ADDS:4:ADDERS|Cout_or|o_F~0|combout
    Info (332115):      8.774      0.210 RR    IC  ALU|ADDER_INST|ADDER|\G_NBit_ADDS:5:ADDERS|Cout_or|o_F~0|datad
    Info (332115):      8.918      0.144 RR  CELL  ALU|ADDER_INST|ADDER|\G_NBit_ADDS:5:ADDERS|Cout_or|o_F~0|combout
    Info (332115):      9.127      0.209 RR    IC  ALU|ADDER_INST|ADDER|\G_NBit_ADDS:6:ADDERS|Cout_or|o_F~0|datad
    Info (332115):      9.271      0.144 RR  CELL  ALU|ADDER_INST|ADDER|\G_NBit_ADDS:6:ADDERS|Cout_or|o_F~0|combout
    Info (332115):      9.480      0.209 RR    IC  ALU|ADDER_INST|ADDER|\G_NBit_ADDS:7:ADDERS|Cout_or|o_F~0|datad
    Info (332115):      9.624      0.144 RR  CELL  ALU|ADDER_INST|ADDER|\G_NBit_ADDS:7:ADDERS|Cout_or|o_F~0|combout
    Info (332115):      9.833      0.209 RR    IC  ALU|ADDER_INST|ADDER|\G_NBit_ADDS:8:ADDERS|Cout_or|o_F~0|datad
    Info (332115):      9.977      0.144 RR  CELL  ALU|ADDER_INST|ADDER|\G_NBit_ADDS:8:ADDERS|Cout_or|o_F~0|combout
    Info (332115):     10.186      0.209 RR    IC  ALU|ADDER_INST|ADDER|\G_NBit_ADDS:9:ADDERS|Cout_or|o_F~0|datad
    Info (332115):     10.330      0.144 RR  CELL  ALU|ADDER_INST|ADDER|\G_NBit_ADDS:9:ADDERS|Cout_or|o_F~0|combout
    Info (332115):     10.537      0.207 RR    IC  ALU|ADDER_INST|ADDER|\G_NBit_ADDS:10:ADDERS|Cout_or|o_F~0|datac
    Info (332115):     10.802      0.265 RR  CELL  ALU|ADDER_INST|ADDER|\G_NBit_ADDS:10:ADDERS|Cout_or|o_F~0|combout
    Info (332115):     11.010      0.208 RR    IC  ALU|ADDER_INST|ADDER|\G_NBit_ADDS:11:ADDERS|Cout_or|o_F~0|datad
    Info (332115):     11.154      0.144 RR  CELL  ALU|ADDER_INST|ADDER|\G_NBit_ADDS:11:ADDERS|Cout_or|o_F~0|combout
    Info (332115):     12.084      0.930 RR    IC  ALU|ADDER_INST|ADDER|\G_NBit_ADDS:12:ADDERS|Cout_or|o_F~0|datad
    Info (332115):     12.228      0.144 RR  CELL  ALU|ADDER_INST|ADDER|\G_NBit_ADDS:12:ADDERS|Cout_or|o_F~0|combout
    Info (332115):     12.438      0.210 RR    IC  ALU|ADDER_INST|ADDER|\G_NBit_ADDS:13:ADDERS|Cout_or|o_F~0|datad
    Info (332115):     12.582      0.144 RR  CELL  ALU|ADDER_INST|ADDER|\G_NBit_ADDS:13:ADDERS|Cout_or|o_F~0|combout
    Info (332115):     12.790      0.208 RR    IC  ALU|ADDER_INST|ADDER|\G_NBit_ADDS:14:ADDERS|Cout_or|o_F~0|datad
    Info (332115):     12.934      0.144 RR  CELL  ALU|ADDER_INST|ADDER|\G_NBit_ADDS:14:ADDERS|Cout_or|o_F~0|combout
    Info (332115):     13.140      0.206 RR    IC  ALU|ADDER_INST|ADDER|\G_NBit_ADDS:15:ADDERS|Cout_or|o_F~0|datac
    Info (332115):     13.405      0.265 RR  CELL  ALU|ADDER_INST|ADDER|\G_NBit_ADDS:15:ADDERS|Cout_or|o_F~0|combout
    Info (332115):     13.612      0.207 RR    IC  ALU|ADDER_INST|ADDER|\G_NBit_ADDS:16:ADDERS|Cout_or|o_F~0|datac
    Info (332115):     13.877      0.265 RR  CELL  ALU|ADDER_INST|ADDER|\G_NBit_ADDS:16:ADDERS|Cout_or|o_F~0|combout
    Info (332115):     14.085      0.208 RR    IC  ALU|ADDER_INST|ADDER|\G_NBit_ADDS:17:ADDERS|Cout_or|o_F~0|datad
    Info (332115):     14.229      0.144 RR  CELL  ALU|ADDER_INST|ADDER|\G_NBit_ADDS:17:ADDERS|Cout_or|o_F~0|combout
    Info (332115):     14.435      0.206 RR    IC  ALU|ADDER_INST|ADDER|\G_NBit_ADDS:18:ADDERS|Cout_or|o_F~0|datac
    Info (332115):     14.700      0.265 RR  CELL  ALU|ADDER_INST|ADDER|\G_NBit_ADDS:18:ADDERS|Cout_or|o_F~0|combout
    Info (332115):     14.911      0.211 RR    IC  ALU|ADDER_INST|ADDER|\G_NBit_ADDS:19:ADDERS|Cout_or|o_F~0|datad
    Info (332115):     15.055      0.144 RR  CELL  ALU|ADDER_INST|ADDER|\G_NBit_ADDS:19:ADDERS|Cout_or|o_F~0|combout
    Info (332115):     15.263      0.208 RR    IC  ALU|ADDER_INST|ADDER|\G_NBit_ADDS:20:ADDERS|Cout_or|o_F~0|datad
    Info (332115):     15.407      0.144 RR  CELL  ALU|ADDER_INST|ADDER|\G_NBit_ADDS:20:ADDERS|Cout_or|o_F~0|combout
    Info (332115):     15.615      0.208 RR    IC  ALU|ADDER_INST|ADDER|\G_NBit_ADDS:21:ADDERS|Cout_or|o_F~0|datad
    Info (332115):     15.759      0.144 RR  CELL  ALU|ADDER_INST|ADDER|\G_NBit_ADDS:21:ADDERS|Cout_or|o_F~0|combout
    Info (332115):     15.968      0.209 RR    IC  ALU|ADDER_INST|ADDER|\G_NBit_ADDS:22:ADDERS|Cout_or|o_F~0|datad
    Info (332115):     16.112      0.144 RR  CELL  ALU|ADDER_INST|ADDER|\G_NBit_ADDS:22:ADDERS|Cout_or|o_F~0|combout
    Info (332115):     16.323      0.211 RR    IC  ALU|ADDER_INST|ADDER|\G_NBit_ADDS:23:ADDERS|Cout_or|o_F~0|datad
    Info (332115):     16.467      0.144 RR  CELL  ALU|ADDER_INST|ADDER|\G_NBit_ADDS:23:ADDERS|Cout_or|o_F~0|combout
    Info (332115):     16.676      0.209 RR    IC  ALU|ADDER_INST|ADDER|\G_NBit_ADDS:24:ADDERS|Cout_or|o_F~0|datac
    Info (332115):     16.941      0.265 RR  CELL  ALU|ADDER_INST|ADDER|\G_NBit_ADDS:24:ADDERS|Cout_or|o_F~0|combout
    Info (332115):     17.148      0.207 RR    IC  ALU|ADDER_INST|ADDER|\G_NBit_ADDS:25:ADDERS|Cout_or|o_F~0|datac
    Info (332115):     17.413      0.265 RR  CELL  ALU|ADDER_INST|ADDER|\G_NBit_ADDS:25:ADDERS|Cout_or|o_F~0|combout
    Info (332115):     17.622      0.209 RR    IC  ALU|ADDER_INST|ADDER|\G_NBit_ADDS:26:ADDERS|Cout_or|o_F~0|datad
    Info (332115):     17.766      0.144 RR  CELL  ALU|ADDER_INST|ADDER|\G_NBit_ADDS:26:ADDERS|Cout_or|o_F~0|combout
    Info (332115):     17.975      0.209 RR    IC  ALU|ADDER_INST|ADDER|\G_NBit_ADDS:27:ADDERS|Cout_or|o_F~0|datad
    Info (332115):     18.119      0.144 RR  CELL  ALU|ADDER_INST|ADDER|\G_NBit_ADDS:27:ADDERS|Cout_or|o_F~0|combout
    Info (332115):     18.831      0.712 RR    IC  ALU|Mux3~1|datac
    Info (332115):     19.096      0.265 RR  CELL  ALU|Mux3~1|combout
    Info (332115):     19.284      0.188 RR    IC  ALU|Mux3~2|datad
    Info (332115):     19.428      0.144 RR  CELL  ALU|Mux3~2|combout
    Info (332115):     19.617      0.189 RR    IC  ALU|Mux3~3|datad
    Info (332115):     19.761      0.144 RR  CELL  ALU|Mux3~3|combout
    Info (332115):     19.951      0.190 RR    IC  ALU|Mux3~4|datad
    Info (332115):     20.095      0.144 RR  CELL  ALU|Mux3~4|combout
    Info (332115):     20.281      0.186 RR    IC  ALU|Mux3~5|datad
    Info (332115):     20.425      0.144 RR  CELL  ALU|Mux3~5|combout
    Info (332115):     20.611      0.186 RR    IC  ALU|Mux3~6|datad
    Info (332115):     20.755      0.144 RR  CELL  ALU|Mux3~6|combout
    Info (332115):     21.453      0.698 RR    IC  BRANCH_COND|Mux0~33|datac
    Info (332115):     21.718      0.265 RR  CELL  BRANCH_COND|Mux0~33|combout
    Info (332115):     21.904      0.186 RR    IC  BRANCH_COND|Mux0~34|datad
    Info (332115):     22.029      0.125 RF  CELL  BRANCH_COND|Mux0~34|combout
    Info (332115):     22.340      0.311 FF    IC  IFID_REG|s_WE_gated|datad
    Info (332115):     22.474      0.134 FR  CELL  IFID_REG|s_WE_gated|combout
    Info (332115):     24.868      2.394 RR    IC  IFID_REG|REG_Instr|\G_Register_NBit:0:REGI|s_Q|ena
    Info (332115):     25.521      0.653 RR  CELL  IFID_PipelineRegister:IFID_REG|register_NBit:REG_Instr|dffg:\G_Register_NBit:0:REGI|s_Q
    Info (332115): 
    Info (332115): Data Required Path:
    Info (332115): 
    Info (332115): Total (ns)  Incr (ns)     Type  Element
    Info (332115): ==========  ========= ==  ====  ===================================
    Info (332115):     20.000     20.000           latch edge time
    Info (332115):     23.090      3.090  R        clock network delay
    Info (332115):     23.097      0.007           clock pessimism removed
    Info (332115):     23.077     -0.020           clock uncertainty
    Info (332115):     23.096      0.019     uTsu  IFID_PipelineRegister:IFID_REG|register_NBit:REG_Instr|dffg:\G_Register_NBit:0:REGI|s_Q
    Info (332115): 
    Info (332115): Data Arrival Time  :    25.521
    Info (332115): Data Required Time :    23.096
    Info (332115): Slack              :    -2.425 (VIOLATED)
    Info (332115): ===================================================================
    Info (332115): 
Info (332115): Report Timing: Found 1 hold paths (0 violated).  Worst case slack is 0.396
    Info (332115): -to_clock [get_clocks {iCLK}]
    Info (332115): -hold
    Info (332115): -stdout
Info (332115): Path #1: Hold slack is 0.396 
    Info (332115): ===================================================================
    Info (332115): From Node    : IDEX_PipelineRegister:IDEX_REG|register_NBit:REG_PC_Plus4|dffg:\G_Register_NBit:28:REGI|s_Q
    Info (332115): To Node      : EXMEM_PipelineRegister:EXMEM_REG|register_NBit:REG_PC_Plus4|dffg:\G_Register_NBit:28:REGI|s_Q
    Info (332115): Launch Clock : iCLK
    Info (332115): Latch Clock  : iCLK
    Info (332115): 
    Info (332115): Data Arrival Path:
    Info (332115): 
    Info (332115): Total (ns)  Incr (ns)     Type  Element
    Info (332115): ==========  ========= ==  ====  ===================================
    Info (332115):      0.000      0.000           launch edge time
    Info (332115):      2.706      2.706  R        clock network delay
    Info (332115):      2.919      0.213     uTco  IDEX_PipelineRegister:IDEX_REG|register_NBit:REG_PC_Plus4|dffg:\G_Register_NBit:28:REGI|s_Q
    Info (332115):      2.919      0.000 RR  CELL  IDEX_REG|REG_PC_Plus4|\G_Register_NBit:28:REGI|s_Q|q
    Info (332115):      3.144      0.225 RR    IC  EXMEM_REG|REG_PC_Plus4|\G_Register_NBit:28:REGI|s_Q~feeder|datad
    Info (332115):      3.283      0.139 RR  CELL  EXMEM_REG|REG_PC_Plus4|\G_Register_NBit:28:REGI|s_Q~feeder|combout
    Info (332115):      3.283      0.000 RR    IC  EXMEM_REG|REG_PC_Plus4|\G_Register_NBit:28:REGI|s_Q|d
    Info (332115):      3.345      0.062 RR  CELL  EXMEM_PipelineRegister:EXMEM_REG|register_NBit:REG_PC_Plus4|dffg:\G_Register_NBit:28:REGI|s_Q
    Info (332115): 
    Info (332115): Data Required Path:
    Info (332115): 
    Info (332115): Total (ns)  Incr (ns)     Type  Element
    Info (332115): ==========  ========= ==  ====  ===================================
    Info (332115):      0.000      0.000           latch edge time
    Info (332115):      2.806      2.806  R        clock network delay
    Info (332115):      2.778     -0.028           clock pessimism removed
    Info (332115):      2.778      0.000           clock uncertainty
    Info (332115):      2.949      0.171      uTh  EXMEM_PipelineRegister:EXMEM_REG|register_NBit:REG_PC_Plus4|dffg:\G_Register_NBit:28:REGI|s_Q
    Info (332115): 
    Info (332115): Data Arrival Time  :     3.345
    Info (332115): Data Required Time :     2.949
    Info (332115): Slack              :     0.396 
    Info (332115): ===================================================================
    Info (332115): 
Info: Analyzing Fast 1200mV 0C Model
Info (332146): Worst-case setup slack is 7.850
    Info (332119):     Slack       End Point TNS Clock 
    Info (332119): ========= =================== =====================
    Info (332119):     7.850               0.000 iCLK 
Info (332146): Worst-case hold slack is 0.188
    Info (332119):     Slack       End Point TNS Clock 
    Info (332119): ========= =================== =====================
    Info (332119):     0.188               0.000 iCLK 
Info (332140): No Recovery paths to report
Info (332140): No Removal paths to report
Info (332146): Worst-case minimum pulse width slack is 9.408
    Info (332119):     Slack       End Point TNS Clock 
    Info (332119): ========= =================== =====================
    Info (332119):     9.408               0.000 iCLK 
Info (332115): Report Timing: Found 1 setup paths (0 violated).  Worst case slack is 7.850
    Info (332115): -to_clock [get_clocks {iCLK}]
    Info (332115): -setup
    Info (332115): -stdout
Info (332115): Path #1: Setup slack is 7.850 
    Info (332115): ===================================================================
    Info (332115): From Node    : EXMEM_PipelineRegister:EXMEM_REG|register_NBit:REG_rd|dffg:\G_Register_NBit:1:REGI|s_Q
    Info (332115): To Node      : IFID_PipelineRegister:IFID_REG|register_NBit:REG_Instr|dffg:\G_Register_NBit:0:REGI|s_Q
    Info (332115): Launch Clock : iCLK
    Info (332115): Latch Clock  : iCLK
    Info (332115): 
    Info (332115): Data Arrival Path:
    Info (332115): 
    Info (332115): Total (ns)  Incr (ns)     Type  Element
    Info (332115): ==========  ========= ==  ====  ===================================
    Info (332115):      0.000      0.000           launch edge time
    Info (332115):      1.638      1.638  R        clock network delay
    Info (332115):      1.743      0.105     uTco  EXMEM_PipelineRegister:EXMEM_REG|register_NBit:REG_rd|dffg:\G_Register_NBit:1:REGI|s_Q
    Info (332115):      1.743      0.000 FF  CELL  EXMEM_REG|REG_rd|\G_Register_NBit:1:REGI|s_Q|q
    Info (332115):      2.037      0.294 FF    IC  FORWARDING|s_MEM_match_rs1~0|dataa
    Info (332115):      2.230      0.193 FF  CELL  FORWARDING|s_MEM_match_rs1~0|combout
    Info (332115):      2.379      0.149 FF    IC  FORWARDING|o_fwd_B[0]~1|dataa
    Info (332115):      2.552      0.173 FF  CELL  FORWARDING|o_fwd_B[0]~1|combout
    Info (332115):      3.121      0.569 FF    IC  FWD_MUX_B|MUX_012|\G_NBit_MUX:0:MUXI|last_or|o_F~0|datac
    Info (332115):      3.254      0.133 FF  CELL  FWD_MUX_B|MUX_012|\G_NBit_MUX:0:MUXI|last_or|o_F~0|combout
    Info (332115):      3.390      0.136 FF    IC  FWD_MUX_B|MUX_012|\G_NBit_MUX:0:MUXI|last_or|o_F~1|dataa
    Info (332115):      3.583      0.193 FF  CELL  FWD_MUX_B|MUX_012|\G_NBit_MUX:0:MUXI|last_or|o_F~1|combout
    Info (332115):      3.704      0.121 FF    IC  B_SRC_MUX|\G_NBit_MUX:0:MUXI|last_or|o_F~0|datad
    Info (332115):      3.767      0.063 FF  CELL  B_SRC_MUX|\G_NBit_MUX:0:MUXI|last_or|o_F~0|combout
    Info (332115):      4.090      0.323 FF    IC  ALU|ADDER_INST|ADDER|\G_NBit_ADDS:1:ADDERS|Cout_or|o_F~0|datac
    Info (332115):      4.223      0.133 FF  CELL  ALU|ADDER_INST|ADDER|\G_NBit_ADDS:1:ADDERS|Cout_or|o_F~0|combout
    Info (332115):      4.345      0.122 FF    IC  ALU|ADDER_INST|ADDER|\G_NBit_ADDS:2:ADDERS|Cout_or|o_F~0|datad
    Info (332115):      4.408      0.063 FF  CELL  ALU|ADDER_INST|ADDER|\G_NBit_ADDS:2:ADDERS|Cout_or|o_F~0|combout
    Info (332115):      4.527      0.119 FF    IC  ALU|ADDER_INST|ADDER|\G_NBit_ADDS:3:ADDERS|Cout_or|o_F~0|datad
    Info (332115):      4.590      0.063 FF  CELL  ALU|ADDER_INST|ADDER|\G_NBit_ADDS:3:ADDERS|Cout_or|o_F~0|combout
    Info (332115):      4.709      0.119 FF    IC  ALU|ADDER_INST|ADDER|\G_NBit_ADDS:4:ADDERS|Cout_or|o_F~0|datad
    Info (332115):      4.772      0.063 FF  CELL  ALU|ADDER_INST|ADDER|\G_NBit_ADDS:4:ADDERS|Cout_or|o_F~0|combout
    Info (332115):      4.893      0.121 FF    IC  ALU|ADDER_INST|ADDER|\G_NBit_ADDS:5:ADDERS|Cout_or|o_F~0|datad
    Info (332115):      4.956      0.063 FF  CELL  ALU|ADDER_INST|ADDER|\G_NBit_ADDS:5:ADDERS|Cout_or|o_F~0|combout
    Info (332115):      5.075      0.119 FF    IC  ALU|ADDER_INST|ADDER|\G_NBit_ADDS:6:ADDERS|Cout_or|o_F~0|datad
    Info (332115):      5.138      0.063 FF  CELL  ALU|ADDER_INST|ADDER|\G_NBit_ADDS:6:ADDERS|Cout_or|o_F~0|combout
    Info (332115):      5.256      0.118 FF    IC  ALU|ADDER_INST|ADDER|\G_NBit_ADDS:7:ADDERS|Cout_or|o_F~0|datad
    Info (332115):      5.319      0.063 FF  CELL  ALU|ADDER_INST|ADDER|\G_NBit_ADDS:7:ADDERS|Cout_or|o_F~0|combout
    Info (332115):      5.439      0.120 FF    IC  ALU|ADDER_INST|ADDER|\G_NBit_ADDS:8:ADDERS|Cout_or|o_F~0|datad
    Info (332115):      5.502      0.063 FF  CELL  ALU|ADDER_INST|ADDER|\G_NBit_ADDS:8:ADDERS|Cout_or|o_F~0|combout
    Info (332115):      5.621      0.119 FF    IC  ALU|ADDER_INST|ADDER|\G_NBit_ADDS:9:ADDERS|Cout_or|o_F~0|datad
    Info (332115):      5.684      0.063 FF  CELL  ALU|ADDER_INST|ADDER|\G_NBit_ADDS:9:ADDERS|Cout_or|o_F~0|combout
    Info (332115):      5.807      0.123 FF    IC  ALU|ADDER_INST|ADDER|\G_NBit_ADDS:10:ADDERS|Cout_or|o_F~0|datac
    Info (332115):      5.940      0.133 FF  CELL  ALU|ADDER_INST|ADDER|\G_NBit_ADDS:10:ADDERS|Cout_or|o_F~0|combout
    Info (332115):      6.059      0.119 FF    IC  ALU|ADDER_INST|ADDER|\G_NBit_ADDS:11:ADDERS|Cout_or|o_F~0|datad
    Info (332115):      6.122      0.063 FF  CELL  ALU|ADDER_INST|ADDER|\G_NBit_ADDS:11:ADDERS|Cout_or|o_F~0|combout
    Info (332115):      6.625      0.503 FF    IC  ALU|ADDER_INST|ADDER|\G_NBit_ADDS:12:ADDERS|Cout_or|o_F~0|datad
    Info (332115):      6.688      0.063 FF  CELL  ALU|ADDER_INST|ADDER|\G_NBit_ADDS:12:ADDERS|Cout_or|o_F~0|combout
    Info (332115):      6.808      0.120 FF    IC  ALU|ADDER_INST|ADDER|\G_NBit_ADDS:13:ADDERS|Cout_or|o_F~0|datad
    Info (332115):      6.871      0.063 FF  CELL  ALU|ADDER_INST|ADDER|\G_NBit_ADDS:13:ADDERS|Cout_or|o_F~0|combout
    Info (332115):      6.990      0.119 FF    IC  ALU|ADDER_INST|ADDER|\G_NBit_ADDS:14:ADDERS|Cout_or|o_F~0|datad
    Info (332115):      7.053      0.063 FF  CELL  ALU|ADDER_INST|ADDER|\G_NBit_ADDS:14:ADDERS|Cout_or|o_F~0|combout
    Info (332115):      7.176      0.123 FF    IC  ALU|ADDER_INST|ADDER|\G_NBit_ADDS:15:ADDERS|Cout_or|o_F~0|datac
    Info (332115):      7.309      0.133 FF  CELL  ALU|ADDER_INST|ADDER|\G_NBit_ADDS:15:ADDERS|Cout_or|o_F~0|combout
    Info (332115):      7.432      0.123 FF    IC  ALU|ADDER_INST|ADDER|\G_NBit_ADDS:16:ADDERS|Cout_or|o_F~0|datac
    Info (332115):      7.565      0.133 FF  CELL  ALU|ADDER_INST|ADDER|\G_NBit_ADDS:16:ADDERS|Cout_or|o_F~0|combout
    Info (332115):      7.684      0.119 FF    IC  ALU|ADDER_INST|ADDER|\G_NBit_ADDS:17:ADDERS|Cout_or|o_F~0|datad
    Info (332115):      7.747      0.063 FF  CELL  ALU|ADDER_INST|ADDER|\G_NBit_ADDS:17:ADDERS|Cout_or|o_F~0|combout
    Info (332115):      7.868      0.121 FF    IC  ALU|ADDER_INST|ADDER|\G_NBit_ADDS:18:ADDERS|Cout_or|o_F~0|datac
    Info (332115):      8.001      0.133 FF  CELL  ALU|ADDER_INST|ADDER|\G_NBit_ADDS:18:ADDERS|Cout_or|o_F~0|combout
    Info (332115):      8.122      0.121 FF    IC  ALU|ADDER_INST|ADDER|\G_NBit_ADDS:19:ADDERS|Cout_or|o_F~0|datad
    Info (332115):      8.185      0.063 FF  CELL  ALU|ADDER_INST|ADDER|\G_NBit_ADDS:19:ADDERS|Cout_or|o_F~0|combout
    Info (332115):      8.303      0.118 FF    IC  ALU|ADDER_INST|ADDER|\G_NBit_ADDS:20:ADDERS|Cout_or|o_F~0|datad
    Info (332115):      8.366      0.063 FF  CELL  ALU|ADDER_INST|ADDER|\G_NBit_ADDS:20:ADDERS|Cout_or|o_F~0|combout
    Info (332115):      8.486      0.120 FF    IC  ALU|ADDER_INST|ADDER|\G_NBit_ADDS:21:ADDERS|Cout_or|o_F~0|datad
    Info (332115):      8.549      0.063 FF  CELL  ALU|ADDER_INST|ADDER|\G_NBit_ADDS:21:ADDERS|Cout_or|o_F~0|combout
    Info (332115):      8.667      0.118 FF    IC  ALU|ADDER_INST|ADDER|\G_NBit_ADDS:22:ADDERS|Cout_or|o_F~0|datad
    Info (332115):      8.730      0.063 FF  CELL  ALU|ADDER_INST|ADDER|\G_NBit_ADDS:22:ADDERS|Cout_or|o_F~0|combout
    Info (332115):      8.851      0.121 FF    IC  ALU|ADDER_INST|ADDER|\G_NBit_ADDS:23:ADDERS|Cout_or|o_F~0|datad
    Info (332115):      8.914      0.063 FF  CELL  ALU|ADDER_INST|ADDER|\G_NBit_ADDS:23:ADDERS|Cout_or|o_F~0|combout
    Info (332115):      9.040      0.126 FF    IC  ALU|ADDER_INST|ADDER|\G_NBit_ADDS:24:ADDERS|Cout_or|o_F~0|datac
    Info (332115):      9.173      0.133 FF  CELL  ALU|ADDER_INST|ADDER|\G_NBit_ADDS:24:ADDERS|Cout_or|o_F~0|combout
    Info (332115):      9.297      0.124 FF    IC  ALU|ADDER_INST|ADDER|\G_NBit_ADDS:25:ADDERS|Cout_or|o_F~0|datac
    Info (332115):      9.430      0.133 FF  CELL  ALU|ADDER_INST|ADDER|\G_NBit_ADDS:25:ADDERS|Cout_or|o_F~0|combout
    Info (332115):      9.549      0.119 FF    IC  ALU|ADDER_INST|ADDER|\G_NBit_ADDS:26:ADDERS|Cout_or|o_F~0|datad
    Info (332115):      9.612      0.063 FF  CELL  ALU|ADDER_INST|ADDER|\G_NBit_ADDS:26:ADDERS|Cout_or|o_F~0|combout
    Info (332115):      9.731      0.119 FF    IC  ALU|ADDER_INST|ADDER|\G_NBit_ADDS:27:ADDERS|Cout_or|o_F~0|datad
    Info (332115):      9.794      0.063 FF  CELL  ALU|ADDER_INST|ADDER|\G_NBit_ADDS:27:ADDERS|Cout_or|o_F~0|combout
    Info (332115):     10.200      0.406 FF    IC  ALU|Mux3~1|datac
    Info (332115):     10.333      0.133 FF  CELL  ALU|Mux3~1|combout
    Info (332115):     10.441      0.108 FF    IC  ALU|Mux3~2|datad
    Info (332115):     10.504      0.063 FF  CELL  ALU|Mux3~2|combout
    Info (332115):     10.613      0.109 FF    IC  ALU|Mux3~3|datad
    Info (332115):     10.676      0.063 FF  CELL  ALU|Mux3~3|combout
    Info (332115):     10.786      0.110 FF    IC  ALU|Mux3~4|datad
    Info (332115):     10.849      0.063 FF  CELL  ALU|Mux3~4|combout
    Info (332115):     10.955      0.106 FF    IC  ALU|Mux3~5|datad
    Info (332115):     11.018      0.063 FF  CELL  ALU|Mux3~5|combout
    Info (332115):     11.125      0.107 FF    IC  ALU|Mux3~6|datad
    Info (332115):     11.188      0.063 FF  CELL  ALU|Mux3~6|combout
    Info (332115):     11.582      0.394 FF    IC  BRANCH_COND|Mux0~33|datac
    Info (332115):     11.715      0.133 FF  CELL  BRANCH_COND|Mux0~33|combout
    Info (332115):     11.822      0.107 FF    IC  BRANCH_COND|Mux0~34|datad
    Info (332115):     11.894      0.072 FR  CELL  BRANCH_COND|Mux0~34|combout
    Info (332115):     12.038      0.144 RR    IC  IFID_REG|s_WE_gated|datad
    Info (332115):     12.104      0.066 RF  CELL  IFID_REG|s_WE_gated|combout
    Info (332115):     13.589      1.485 FF    IC  IFID_REG|REG_Instr|\G_Register_NBit:0:REGI|s_Q|ena
    Info (332115):     13.912      0.323 FF  CELL  IFID_PipelineRegister:IFID_REG|register_NBit:REG_Instr|dffg:\G_Register_NBit:0:REGI|s_Q
    Info (332115): 
    Info (332115): Data Required Path:
    Info (332115): 
    Info (332115): Total (ns)  Incr (ns)     Type  Element
    Info (332115): ==========  ========= ==  ====  ===================================
    Info (332115):     20.000     20.000           latch edge time
    Info (332115):     21.770      1.770  R        clock network delay
    Info (332115):     21.775      0.005           clock pessimism removed
    Info (332115):     21.755     -0.020           clock uncertainty
    Info (332115):     21.762      0.007     uTsu  IFID_PipelineRegister:IFID_REG|register_NBit:REG_Instr|dffg:\G_Register_NBit:0:REGI|s_Q
    Info (332115): 
    Info (332115): Data Arrival Time  :    13.912
    Info (332115): Data Required Time :    21.762
    Info (332115): Slack              :     7.850 
    Info (332115): ===================================================================
    Info (332115): 
Info (332115): Report Timing: Found 1 hold paths (0 violated).  Worst case slack is 0.188
    Info (332115): -to_clock [get_clocks {iCLK}]
    Info (332115): -hold
    Info (332115): -stdout
Info (332115): Path #1: Hold slack is 0.188 
    Info (332115): ===================================================================
    Info (332115): From Node    : IDEX_PipelineRegister:IDEX_REG|register_NBit:REG_PC_Plus4|dffg:\G_Register_NBit:28:REGI|s_Q
    Info (332115): To Node      : EXMEM_PipelineRegister:EXMEM_REG|register_NBit:REG_PC_Plus4|dffg:\G_Register_NBit:28:REGI|s_Q
    Info (332115): Launch Clock : iCLK
    Info (332115): Latch Clock  : iCLK
    Info (332115): 
    Info (332115): Data Arrival Path:
    Info (332115): 
    Info (332115): Total (ns)  Incr (ns)     Type  Element
    Info (332115): ==========  ========= ==  ====  ===================================
    Info (332115):      0.000      0.000           launch edge time
    Info (332115):      1.584      1.584  R        clock network delay
    Info (332115):      1.689      0.105     uTco  IDEX_PipelineRegister:IDEX_REG|register_NBit:REG_PC_Plus4|dffg:\G_Register_NBit:28:REGI|s_Q
    Info (332115):      1.689      0.000 RR  CELL  IDEX_REG|REG_PC_Plus4|\G_Register_NBit:28:REGI|s_Q|q
    Info (332115):      1.802      0.113 RR    IC  EXMEM_REG|REG_PC_Plus4|\G_Register_NBit:28:REGI|s_Q~feeder|datad
    Info (332115):      1.867      0.065 RR  CELL  EXMEM_REG|REG_PC_Plus4|\G_Register_NBit:28:REGI|s_Q~feeder|combout
    Info (332115):      1.867      0.000 RR    IC  EXMEM_REG|REG_PC_Plus4|\G_Register_NBit:28:REGI|s_Q|d
    Info (332115):      1.898      0.031 RR  CELL  EXMEM_PipelineRegister:EXMEM_REG|register_NBit:REG_PC_Plus4|dffg:\G_Register_NBit:28:REGI|s_Q
    Info (332115): 
    Info (332115): Data Required Path:
    Info (332115): 
    Info (332115): Total (ns)  Incr (ns)     Type  Element
    Info (332115): ==========  ========= ==  ====  ===================================
    Info (332115):      0.000      0.000           latch edge time
    Info (332115):      1.646      1.646  R        clock network delay
    Info (332115):      1.626     -0.020           clock pessimism removed
    Info (332115):      1.626      0.000           clock uncertainty
    Info (332115):      1.710      0.084      uTh  EXMEM_PipelineRegister:EXMEM_REG|register_NBit:REG_PC_Plus4|dffg:\G_Register_NBit:28:REGI|s_Q
    Info (332115): 
    Info (332115): Data Arrival Time  :     1.898
    Info (332115): Data Required Time :     1.710
    Info (332115): Slack              :     0.188 
    Info (332115): ===================================================================
    Info (332115): 
Info (332102): Design is not fully constrained for setup requirements
Info (332102): Design is not fully constrained for hold requirements
Info: Quartus Prime Timing Analyzer was successful. 0 errors, 3 warnings
    Info: Peak virtual memory: 1806 megabytes
    Info: Processing ended: Mon Apr 27 18:35:07 2026
    Info: Elapsed time: 00:00:22
    Info: Total CPU time (on all processors): 00:00:32


