In clock cycle: 4
Register Write to Reg: 0x02 Val: 0x10011000
In clock cycle: 5
Register Write to Reg: 0x02 Val: 0x10011000
In clock cycle: 6
Register Write to Reg: 0x08 Val: 0x00000000
In clock cycle: 7
Register Write to Reg: 0x01 Val: 0x0040000C
In clock cycle: 8
Register Write to Reg: 0x01 Val: 0x00400018
In clock cycle: 9
Register Write to Reg: 0x00 Val: 0x00400018
In clock cycle: 11
Register Write to Reg: 0x00 Val: 0x00000000
In clock cycle: 12
Register Write to Reg: 0x02 Val: 0x10010FD8
In clock cycle: 12
Memory Write to Addr: 0x10010FFC Val: 0x00400018
In clock cycle: 13
Memory Write to Addr: 0x10010FF8 Val: 0x00000000
In clock cycle: 15
Register Write to Reg: 0x08 Val: 0x10010FD8
In clock cycle: 15
Memory Write to Addr: 0x10010FF0 Val: 0x00000000
In clock cycle: 17
Register Write to Reg: 0x00 Val: 0x00400038
In clock cycle: 19
Register Write to Reg: 0x00 Val: 0x00000000
In clock cycle: 20
Register Write to Reg: 0x07 Val: 0x00000000
In clock cycle: 22
Register Write to Reg: 0x07 Val: 0x00000001
In clock cycle: 24
Register Write to Reg: 0x00 Val: 0x00400080
In clock cycle: 26
Register Write to Reg: 0x00 Val: 0x00000000
In clock cycle: 27
Register Write to Reg: 0x1D Val: 0x00000000
In clock cycle: 28
Register Write to Reg: 0x01 Val: 0x0040003C
In clock cycle: 29
Register Write to Reg: 0x01 Val: 0x00400048
In clock cycle: 30
Register Write to Reg: 0x00 Val: 0x00400048
In clock cycle: 32
Register Write to Reg: 0x00 Val: 0x00000000
In clock cycle: 33
Register Write to Reg: 0x02 Val: 0x10010FB8
In clock cycle: 33
Memory Write to Addr: 0x10010FD4 Val: 0x10010FD8
In clock cycle: 35
Register Write to Reg: 0x08 Val: 0x10010FB8
In clock cycle: 35
Memory Write to Addr: 0x10010FD8 Val: 0x00000000
In clock cycle: 37
Register Write to Reg: 0x07 Val: 0x00000001
In clock cycle: 37
Memory Write to Addr: 0x10010FC0 Val: 0x00000001
In clock cycle: 38
Memory Write to Addr: 0x10010FC4 Val: 0x00000000
In clock cycle: 40
Register Write to Reg: 0x00 Val: 0x004003F4
In clock cycle: 42
Register Write to Reg: 0x00 Val: 0x00000000
In clock cycle: 43
Register Write to Reg: 0x1C Val: 0x00000000
In clock cycle: 44
Register Write to Reg: 0x07 Val: 0x00000000
In clock cycle: 46
Register Write to Reg: 0x07 Val: 0x00000000
In clock cycle: 49
Register Write to Reg: 0x00 Val: 0x00000000
In clock cycle: 50
Register Write to Reg: 0x07 Val: 0x10010420
In clock cycle: 51
Register Write to Reg: 0x07 Val: 0x10010024
In clock cycle: 52
Register Write to Reg: 0x07 Val: 0x00000000
In clock cycle: 53
Memory Write to Addr: 0x10010FC8 Val: 0x00000000
In clock cycle: 55
Register Write to Reg: 0x1C Val: 0x00000000
In clock cycle: 56
Register Write to Reg: 0x07 Val: 0x00000001
In clock cycle: 58
Register Write to Reg: 0x07 Val: 0x00000000
In clock cycle: 59
Register Write to Reg: 0x07 Val: 0x00000000
In clock cycle: 60
Register Write to Reg: 0x07 Val: 0x00000000
In clock cycle: 61
Register Write to Reg: 0x02 Val: 0x10010FB8
In clock cycle: 62
Register Write to Reg: 0x08 Val: 0x10010FD8
In clock cycle: 63
Register Write to Reg: 0x02 Val: 0x10010FD8
In clock cycle: 64
Register Write to Reg: 0x00 Val: 0x00400454
In clock cycle: 66
Register Write to Reg: 0x00 Val: 0x00000000
In clock cycle: 67
Register Write to Reg: 0x07 Val: 0x00000001
In clock cycle: 68
Register Write to Reg: 0x07 Val: 0x00000001
In clock cycle: 70
Register Write to Reg: 0x1D Val: 0x00000000
In clock cycle: 71
Register Write to Reg: 0x01 Val: 0x00400058
In clock cycle: 72
Register Write to Reg: 0x01 Val: 0x00400064
In clock cycle: 73
Register Write to Reg: 0x00 Val: 0x00400064
In clock cycle: 75
Register Write to Reg: 0x00 Val: 0x00000000
In clock cycle: 76
Register Write to Reg: 0x02 Val: 0x10010FA8
In clock cycle: 76
Memory Write to Addr: 0x10010FD4 Val: 0x00400064
In clock cycle: 77
Memory Write to Addr: 0x10010FD0 Val: 0x10010FD8
In clock cycle: 79
Register Write to Reg: 0x08 Val: 0x10010FA8
In clock cycle: 79
Memory Write to Addr: 0x10010FD8 Val: 0x00000000
In clock cycle: 81
Register Write to Reg: 0x1D Val: 0x00000000
In clock cycle: 82
Register Write to Reg: 0x01 Val: 0x004001A0
In clock cycle: 83
Register Write to Reg: 0x01 Val: 0x004001AC
In clock cycle: 84
Register Write to Reg: 0x00 Val: 0x004001AC
In clock cycle: 86
Register Write to Reg: 0x00 Val: 0x00000000
In clock cycle: 87
Register Write to Reg: 0x02 Val: 0x10010F88
In clock cycle: 87
Memory Write to Addr: 0x10010FA4 Val: 0x10010FA8
In clock cycle: 89
Register Write to Reg: 0x08 Val: 0x10010F88
In clock cycle: 89
Memory Write to Addr: 0x10010FA8 Val: 0x00000000
In clock cycle: 91
Register Write to Reg: 0x07 Val: 0x00000001
In clock cycle: 91
Memory Write to Addr: 0x10010F90 Val: 0x00000001
In clock cycle: 92
Memory Write to Addr: 0x10010F94 Val: 0x00000000
In clock cycle: 94
Register Write to Reg: 0x00 Val: 0x00400374
In clock cycle: 96
Register Write to Reg: 0x00 Val: 0x00000000
In clock cycle: 97
Register Write to Reg: 0x1C Val: 0x00000000
In clock cycle: 98
Register Write to Reg: 0x07 Val: 0x00000000
In clock cycle: 100
Register Write to Reg: 0x07 Val: 0x00000000
In clock cycle: 103
Register Write to Reg: 0x00 Val: 0x00000000
In clock cycle: 104
Register Write to Reg: 0x07 Val: 0x100103A0
In clock cycle: 105
Register Write to Reg: 0x07 Val: 0x10010024
In clock cycle: 105
Memory Write to Addr: 0x10010F98 Val: 0x10010024
In clock cycle: 107
Register Write to Reg: 0x07 Val: 0x10010024
In clock cycle: 109
Register Write to Reg: 0x1C Val: 0x00000000
In clock cycle: 110
Register Write to Reg: 0x07 Val: 0x00000001
In clock cycle: 112
Register Write to Reg: 0x1C Val: 0x00000001
In clock cycle: 113
Register Write to Reg: 0x07 Val: 0x10010024
In clock cycle: 114
Memory Write to Addr: 0x10010024 Val: 0x00000001
In clock cycle: 116
Register Write to Reg: 0x02 Val: 0x10010F88
In clock cycle: 117
Register Write to Reg: 0x08 Val: 0x10010FA8
In clock cycle: 118
Register Write to Reg: 0x02 Val: 0x10010FA8
In clock cycle: 119
Register Write to Reg: 0x00 Val: 0x004003D4
In clock cycle: 121
Register Write to Reg: 0x00 Val: 0x00000000
In clock cycle: 122
Register Write to Reg: 0x07 Val: 0x10010FC4
In clock cycle: 123
Register Write to Reg: 0x1E Val: 0x00000000
In clock cycle: 124
Register Write to Reg: 0x1D Val: 0x10010FC4
In clock cycle: 125
Register Write to Reg: 0x01 Val: 0x004001B8
In clock cycle: 126
Register Write to Reg: 0x01 Val: 0x004001C4
In clock cycle: 127
Register Write to Reg: 0x00 Val: 0x004001C4
In clock cycle: 129
Register Write to Reg: 0x00 Val: 0x00000000
In clock cycle: 130
Register Write to Reg: 0x02 Val: 0x10010F90
In clock cycle: 130
Memory Write to Addr: 0x10010FA4 Val: 0x10010FA8
In clock cycle: 132
Register Write to Reg: 0x08 Val: 0x10010F90
In clock cycle: 133
Register Write to Reg: 0x1F Val: 0x00000000
In clock cycle: 133
Memory Write to Addr: 0x10010FA8 Val: 0x10010FC4
In clock cycle: 134
Memory Write to Addr: 0x10010FAC Val: 0x00000000
In clock cycle: 136
Register Write to Reg: 0x07 Val: 0x00000000
In clock cycle: 137
Memory Write to Addr: 0x10010F98 Val: 0x00000000
In clock cycle: 138
Memory Write to Addr: 0x10010F9C Val: 0x00000000
In clock cycle: 140
Register Write to Reg: 0x07 Val: 0x10010FC4
In clock cycle: 141
Register Write to Reg: 0x1D Val: 0x00000000
In clock cycle: 142
Register Write to Reg: 0x1C Val: 0x00000000
In clock cycle: 142
Memory Write to Addr: 0x10010FC4 Val: 0x00000000
In clock cycle: 143
Memory Write to Addr: 0x10010FC8 Val: 0x00000000
In clock cycle: 145
Register Write to Reg: 0x07 Val: 0x10010FC4
In clock cycle: 146
Register Write to Reg: 0x02 Val: 0x10010F90
In clock cycle: 147
Register Write to Reg: 0x08 Val: 0x10010FA8
In clock cycle: 148
Register Write to Reg: 0x02 Val: 0x10010FA8
In clock cycle: 149
Register Write to Reg: 0x00 Val: 0x0040022C
In clock cycle: 151
Register Write to Reg: 0x00 Val: 0x00000000
In clock cycle: 152
Register Write to Reg: 0x07 Val: 0x10010FC4
In clock cycle: 153
Register Write to Reg: 0x1D Val: 0x10010FC4
In clock cycle: 154
Register Write to Reg: 0x01 Val: 0x004001CC
In clock cycle: 155
Register Write to Reg: 0x01 Val: 0x004001D8
In clock cycle: 156
Register Write to Reg: 0x00 Val: 0x004001D8
In clock cycle: 158
Register Write to Reg: 0x00 Val: 0x00000000
In clock cycle: 159
Register Write to Reg: 0x02 Val: 0x10010F88
In clock cycle: 159
Memory Write to Addr: 0x10010FA4 Val: 0x004001D8
In clock cycle: 160
Memory Write to Addr: 0x10010FA0 Val: 0x10010FA8
In clock cycle: 162
Register Write to Reg: 0x08 Val: 0x10010F88
In clock cycle: 162
Memory Write to Addr: 0x10010FA8 Val: 0x10010FC4
In clock cycle: 164
Register Write to Reg: 0x00 Val: 0x00400244
In clock cycle: 166
Register Write to Reg: 0x00 Val: 0x00000000
In clock cycle: 167
Register Write to Reg: 0x07 Val: 0x10010FC4
In clock cycle: 169
Register Write to Reg: 0x07 Val: 0x00000000
In clock cycle: 171
Register Write to Reg: 0x07 Val: 0x00000001
In clock cycle: 173
Register Write to Reg: 0x00 Val: 0x004002AC
In clock cycle: 175
Register Write to Reg: 0x00 Val: 0x00000000
In clock cycle: 176
Register Write to Reg: 0x07 Val: 0x10010FC4
In clock cycle: 178
Register Write to Reg: 0x1C Val: 0x00000000
In clock cycle: 179
Register Write to Reg: 0x07 Val: 0x10010FC4
In clock cycle: 181
Register Write to Reg: 0x07 Val: 0x00000000
In clock cycle: 183
Register Write to Reg: 0x1E Val: 0x00000000
In clock cycle: 184
Register Write to Reg: 0x1D Val: 0x00000000
In clock cycle: 185
Register Write to Reg: 0x01 Val: 0x0040025C
In clock cycle: 186
Register Write to Reg: 0x01 Val: 0x00400268
In clock cycle: 187
Register Write to Reg: 0x00 Val: 0x00400268
In clock cycle: 189
Register Write to Reg: 0x00 Val: 0x00000000
In clock cycle: 190
Register Write to Reg: 0x02 Val: 0x10010F68
In clock cycle: 190
Memory Write to Addr: 0x10010F84 Val: 0x10010F88
In clock cycle: 192
Register Write to Reg: 0x08 Val: 0x10010F68
In clock cycle: 192
Memory Write to Addr: 0x10010F88 Val: 0x00000000
In clock cycle: 193
Memory Write to Addr: 0x10010F8C Val: 0x00000000
In clock cycle: 195
Register Write to Reg: 0x07 Val: 0x100102D8
In clock cycle: 196
Register Write to Reg: 0x07 Val: 0x10010014
In clock cycle: 197
Register Write to Reg: 0x1C Val: 0x00000000
In clock cycle: 199
Register Write to Reg: 0x1C Val: 0x00000000
In clock cycle: 200
Register Write to Reg: 0x07 Val: 0x10010014
In clock cycle: 201
Register Write to Reg: 0x07 Val: 0x00000006
In clock cycle: 202
Memory Write to Addr: 0x10010F78 Val: 0x00000006
In clock cycle: 204
Register Write to Reg: 0x07 Val: 0x00000001
In clock cycle: 204
Memory Write to Addr: 0x10010F70 Val: 0x00000001
In clock cycle: 205
Memory Write to Addr: 0x10010F74 Val: 0x00000000
In clock cycle: 207
Register Write to Reg: 0x00 Val: 0x00400304
In clock cycle: 209
Register Write to Reg: 0x00 Val: 0x00000000
In clock cycle: 210
Register Write to Reg: 0x1C Val: 0x00000000
In clock cycle: 211
Register Write to Reg: 0x07 Val: 0x00000000
In clock cycle: 213
Register Write to Reg: 0x07 Val: 0x00000000
In clock cycle: 216
Register Write to Reg: 0x00 Val: 0x00000000
In clock cycle: 217
Register Write to Reg: 0x1C Val: 0x00000001
In clock cycle: 218
Register Write to Reg: 0x07 Val: 0x00000006
In clock cycle: 220
Register Write to Reg: 0x07 Val: 0x00000000
In clock cycle: 221
Register Write to Reg: 0x07 Val: 0x00000000
In clock cycle: 222
Register Write to Reg: 0x07 Val: 0x00000000
In clock cycle: 223
Register Write to Reg: 0x02 Val: 0x10010F68
In clock cycle: 224
Register Write to Reg: 0x08 Val: 0x10010F88
In clock cycle: 225
Register Write to Reg: 0x02 Val: 0x10010F88
In clock cycle: 226
Register Write to Reg: 0x00 Val: 0x00400354
In clock cycle: 228
Register Write to Reg: 0x00 Val: 0x00000000
In clock cycle: 231
Register Write to Reg: 0x00 Val: 0x00000000
In clock cycle: 232
Register Write to Reg: 0x07 Val: 0x10010FC4
In clock cycle: 234
Register Write to Reg: 0x07 Val: 0x00000000
In clock cycle: 236
Register Write to Reg: 0x1C Val: 0x00000001
In clock cycle: 237
Register Write to Reg: 0x07 Val: 0x10010FC4
In clock cycle: 238
Memory Write to Addr: 0x10010FC8 Val: 0x00000001
In clock cycle: 240
Register Write to Reg: 0x07 Val: 0x10010FC4
In clock cycle: 242
Register Write to Reg: 0x07 Val: 0x00000001
In clock cycle: 244
Register Write to Reg: 0x07 Val: 0x00000001
In clock cycle: 246
Register Write to Reg: 0x00 Val: 0x004002AC
In clock cycle: 248
Register Write to Reg: 0x00 Val: 0x00000000
In clock cycle: 249
Register Write to Reg: 0x07 Val: 0x10010FC4
In clock cycle: 251
Register Write to Reg: 0x1C Val: 0x00000000
In clock cycle: 252
Register Write to Reg: 0x07 Val: 0x10010FC4
In clock cycle: 254
Register Write to Reg: 0x07 Val: 0x00000001
In clock cycle: 256
Register Write to Reg: 0x1E Val: 0x00000001
In clock cycle: 257
Register Write to Reg: 0x1D Val: 0x00000000
In clock cycle: 258
Register Write to Reg: 0x01 Val: 0x0040025C
In clock cycle: 259
Register Write to Reg: 0x01 Val: 0x00400268
In clock cycle: 260
Register Write to Reg: 0x00 Val: 0x00400268
In clock cycle: 261
Register Write to Reg: 0x02 Val: 0x10010F68
In clock cycle: 261
Memory Write to Addr: 0x10010F84 Val: 0x10010F88
In clock cycle: 263
Register Write to Reg: 0x08 Val: 0x10010F68
In clock cycle: 263
Memory Write to Addr: 0x10010F88 Val: 0x00000000
In clock cycle: 264
Memory Write to Addr: 0x10010F8C Val: 0x00000001
In clock cycle: 266
Register Write to Reg: 0x07 Val: 0x100102D8
In clock cycle: 267
Register Write to Reg: 0x07 Val: 0x10010014
In clock cycle: 268
Register Write to Reg: 0x1C Val: 0x00000000
In clock cycle: 270
Register Write to Reg: 0x1C Val: 0x00000000
In clock cycle: 271
Register Write to Reg: 0x07 Val: 0x10010014
In clock cycle: 272
Register Write to Reg: 0x07 Val: 0x00000006
In clock cycle: 273
Memory Write to Addr: 0x10010F78 Val: 0x00000006
In clock cycle: 275
Register Write to Reg: 0x07 Val: 0x00000001
In clock cycle: 275
Memory Write to Addr: 0x10010F70 Val: 0x00000001
In clock cycle: 276
Memory Write to Addr: 0x10010F74 Val: 0x00000000
In clock cycle: 278
Register Write to Reg: 0x00 Val: 0x00400304
In clock cycle: 279
Register Write to Reg: 0x1C Val: 0x00000000
In clock cycle: 280
Register Write to Reg: 0x07 Val: 0x00000001
In clock cycle: 282
Register Write to Reg: 0x07 Val: 0x00000001
In clock cycle: 284
Register Write to Reg: 0x00 Val: 0x00400330
In clock cycle: 286
Register Write to Reg: 0x00 Val: 0x00000000
In clock cycle: 287
Register Write to Reg: 0x07 Val: 0x00000001
In clock cycle: 289
Register Write to Reg: 0x07 Val: 0x00000002
In clock cycle: 289
Memory Write to Addr: 0x10010F70 Val: 0x00000002
In clock cycle: 291
Register Write to Reg: 0x07 Val: 0x00000000
In clock cycle: 293
Register Write to Reg: 0x07 Val: 0x00000001
In clock cycle: 293
Memory Write to Addr: 0x10010F74 Val: 0x00000001
In clock cycle: 295
Register Write to Reg: 0x1C Val: 0x00000001
In clock cycle: 296
Register Write to Reg: 0x07 Val: 0x00000001
In clock cycle: 298
Register Write to Reg: 0x07 Val: 0x00000000
In clock cycle: 301
Register Write to Reg: 0x00 Val: 0x00000000
In clock cycle: 302
Register Write to Reg: 0x1C Val: 0x00000002
In clock cycle: 303
Register Write to Reg: 0x07 Val: 0x00000006
In clock cycle: 305
Register Write to Reg: 0x07 Val: 0x00000002
In clock cycle: 306
Register Write to Reg: 0x07 Val: 0x00000001
In clock cycle: 307
Register Write to Reg: 0x07 Val: 0x00000001
In clock cycle: 308
Register Write to Reg: 0x02 Val: 0x10010F68
In clock cycle: 309
Register Write to Reg: 0x08 Val: 0x10010F88
In clock cycle: 310
Register Write to Reg: 0x02 Val: 0x10010F88
In clock cycle: 311
Register Write to Reg: 0x00 Val: 0x00400354
In clock cycle: 313
Register Write to Reg: 0x00 Val: 0x00000000
In clock cycle: 315
Register Write to Reg: 0x07 Val: 0x10010FC4
In clock cycle: 317
Register Write to Reg: 0x07 Val: 0x00000001
In clock cycle: 319
Register Write to Reg: 0x1D Val: 0x00000002
In clock cycle: 320
Register Write to Reg: 0x1C Val: 0x10010FC4
In clock cycle: 321
Memory Write to Addr: 0x10010FC8 Val: 0x00000002
In clock cycle: 323
Register Write to Reg: 0x00 Val: 0x00400284
In clock cycle: 325
Register Write to Reg: 0x00 Val: 0x00000000
In clock cycle: 326
Register Write to Reg: 0x02 Val: 0x10010F88
In clock cycle: 327
Register Write to Reg: 0x01 Val: 0x004001D8
In clock cycle: 328
Register Write to Reg: 0x08 Val: 0x10010FA8
In clock cycle: 329
Register Write to Reg: 0x02 Val: 0x10010FA8
In clock cycle: 330
Register Write to Reg: 0x00 Val: 0x004002C4
In clock cycle: 332
Register Write to Reg: 0x00 Val: 0x00000000
In clock cycle: 332
Memory Write to Addr: 0x10010FC0 Val: 0x00000001
In clock cycle: 334
Register Write to Reg: 0x00 Val: 0x004001E0
In clock cycle: 336
Register Write to Reg: 0x00 Val: 0x00000000
In clock cycle: 337
Register Write to Reg: 0x1C Val: 0x00000001
In clock cycle: 338
Register Write to Reg: 0x07 Val: 0xFFFFFFFF
In clock cycle: 340
Register Write to Reg: 0x00 Val: 0x00400110
In clock cycle: 342
Register Write to Reg: 0x00 Val: 0x00000000
In clock cycle: 343
Register Write to Reg: 0x1D Val: 0x00000001
In clock cycle: 344
Register Write to Reg: 0x01 Val: 0x004000C0
In clock cycle: 345
Register Write to Reg: 0x01 Val: 0x004000CC
In clock cycle: 346
Register Write to Reg: 0x00 Val: 0x004000CC
In clock cycle: 348
Register Write to Reg: 0x00 Val: 0x00000000
In clock cycle: 349
Register Write to Reg: 0x02 Val: 0x10010F88
In clock cycle: 349
Memory Write to Addr: 0x10010FA4 Val: 0x10010FA8
In clock cycle: 351
Register Write to Reg: 0x08 Val: 0x10010F88
In clock cycle: 351
Memory Write to Addr: 0x10010FA8 Val: 0x00000001
In clock cycle: 353
Register Write to Reg: 0x07 Val: 0x00000001
In clock cycle: 353
Memory Write to Addr: 0x10010F90 Val: 0x00000001
In clock cycle: 354
Memory Write to Addr: 0x10010F94 Val: 0x00000000
In clock cycle: 356
Register Write to Reg: 0x00 Val: 0x004003F4
In clock cycle: 358
Register Write to Reg: 0x00 Val: 0x00000000
In clock cycle: 359
Register Write to Reg: 0x1C Val: 0x00000000
In clock cycle: 360
Register Write to Reg: 0x07 Val: 0x00000001
In clock cycle: 362
Register Write to Reg: 0x07 Val: 0x00000001
In clock cycle: 364
Register Write to Reg: 0x00 Val: 0x00400420
In clock cycle: 366
Register Write to Reg: 0x00 Val: 0x00000000
In clock cycle: 367
Register Write to Reg: 0x07 Val: 0x00000001
In clock cycle: 369
Register Write to Reg: 0x07 Val: 0x00000100
In clock cycle: 369
Memory Write to Addr: 0x10010F90 Val: 0x00000100
In clock cycle: 371
Register Write to Reg: 0x07 Val: 0x00000000
In clock cycle: 373
Register Write to Reg: 0x07 Val: 0x00000001
In clock cycle: 373
Memory Write to Addr: 0x10010F94 Val: 0x00000001
In clock cycle: 375
Register Write to Reg: 0x1C Val: 0x00000001
In clock cycle: 376
Register Write to Reg: 0x07 Val: 0x00000001
In clock cycle: 378
Register Write to Reg: 0x07 Val: 0x00000000
In clock cycle: 381
Register Write to Reg: 0x00 Val: 0x00000000
In clock cycle: 382
Register Write to Reg: 0x07 Val: 0x10010420
In clock cycle: 383
Register Write to Reg: 0x07 Val: 0x10010024
In clock cycle: 384
Register Write to Reg: 0x07 Val: 0x00000001
In clock cycle: 385
Memory Write to Addr: 0x10010F98 Val: 0x00000001
In clock cycle: 387
Register Write to Reg: 0x1C Val: 0x00000001
In clock cycle: 388
Register Write to Reg: 0x07 Val: 0x00000100
In clock cycle: 390
Register Write to Reg: 0x07 Val: 0x00000000
In clock cycle: 391
Register Write to Reg: 0x07 Val: 0x00000000
In clock cycle: 392
Register Write to Reg: 0x07 Val: 0x00000000
In clock cycle: 393
Register Write to Reg: 0x02 Val: 0x10010F88
In clock cycle: 394
Register Write to Reg: 0x08 Val: 0x10010FA8
In clock cycle: 395
Register Write to Reg: 0x02 Val: 0x10010FA8
In clock cycle: 396
Register Write to Reg: 0x00 Val: 0x00400454
In clock cycle: 398
Register Write to Reg: 0x00 Val: 0x00000000
In clock cycle: 399
Register Write to Reg: 0x07 Val: 0x00000001
In clock cycle: 400
Register Write to Reg: 0x07 Val: 0x00000001
In clock cycle: 402
Register Write to Reg: 0x1D Val: 0x00000001
In clock cycle: 403
Register Write to Reg: 0x01 Val: 0x004000DC
In clock cycle: 404
Register Write to Reg: 0x01 Val: 0x004000E8
In clock cycle: 405
Register Write to Reg: 0x00 Val: 0x004000E8
In clock cycle: 407
Register Write to Reg: 0x00 Val: 0x00000000
In clock cycle: 408
Register Write to Reg: 0x02 Val: 0x10010F78
In clock cycle: 408
Memory Write to Addr: 0x10010FA4 Val: 0x004000E8
In clock cycle: 409
Memory Write to Addr: 0x10010FA0 Val: 0x10010FA8
In clock cycle: 411
Register Write to Reg: 0x08 Val: 0x10010F78
In clock cycle: 411
Memory Write to Addr: 0x10010FA8 Val: 0x00000001
In clock cycle: 413
Register Write to Reg: 0x1D Val: 0x00000001
In clock cycle: 414
Register Write to Reg: 0x01 Val: 0x004001A0
In clock cycle: 415
Register Write to Reg: 0x01 Val: 0x004001AC
In clock cycle: 416
Register Write to Reg: 0x00 Val: 0x004001AC
In clock cycle: 418
Register Write to Reg: 0x00 Val: 0x00000000
In clock cycle: 419
Register Write to Reg: 0x02 Val: 0x10010F58
In clock cycle: 419
Memory Write to Addr: 0x10010F74 Val: 0x10010F78
In clock cycle: 421
Register Write to Reg: 0x08 Val: 0x10010F58
In clock cycle: 421
Memory Write to Addr: 0x10010F78 Val: 0x00000001
In clock cycle: 423
Register Write to Reg: 0x07 Val: 0x00000001
In clock cycle: 423
Memory Write to Addr: 0x10010F60 Val: 0x00000001
In clock cycle: 424
Memory Write to Addr: 0x10010F64 Val: 0x00000000
In clock cycle: 426
Register Write to Reg: 0x00 Val: 0x00400374
In clock cycle: 428
Register Write to Reg: 0x00 Val: 0x00000000
In clock cycle: 429
Register Write to Reg: 0x1C Val: 0x00000000
In clock cycle: 430
Register Write to Reg: 0x07 Val: 0x00000001
In clock cycle: 432
Register Write to Reg: 0x07 Val: 0x00000001
In clock cycle: 434
Register Write to Reg: 0x00 Val: 0x004003A0
In clock cycle: 436
Register Write to Reg: 0x00 Val: 0x00000000
In clock cycle: 437
Register Write to Reg: 0x07 Val: 0x00000001
In clock cycle: 439
Register Write to Reg: 0x07 Val: 0x00000100
In clock cycle: 439
Memory Write to Addr: 0x10010F60 Val: 0x00000100
In clock cycle: 441
Register Write to Reg: 0x07 Val: 0x00000000
In clock cycle: 443
Register Write to Reg: 0x07 Val: 0x00000001
In clock cycle: 443
Memory Write to Addr: 0x10010F64 Val: 0x00000001
In clock cycle: 445
Register Write to Reg: 0x1C Val: 0x00000001
In clock cycle: 446
Register Write to Reg: 0x07 Val: 0x00000001
In clock cycle: 448
Register Write to Reg: 0x07 Val: 0x00000000
In clock cycle: 451
Register Write to Reg: 0x00 Val: 0x00000000
In clock cycle: 452
Register Write to Reg: 0x07 Val: 0x100103A0
In clock cycle: 453
Register Write to Reg: 0x07 Val: 0x10010024
In clock cycle: 453
Memory Write to Addr: 0x10010F68 Val: 0x10010024
In clock cycle: 455
Register Write to Reg: 0x07 Val: 0x10010024
In clock cycle: 457
Register Write to Reg: 0x1C Val: 0x00000001
In clock cycle: 458
Register Write to Reg: 0x07 Val: 0x00000100
In clock cycle: 460
Register Write to Reg: 0x1C Val: 0x00000101
In clock cycle: 461
Register Write to Reg: 0x07 Val: 0x10010024
In clock cycle: 462
Memory Write to Addr: 0x10010024 Val: 0x00000101
In clock cycle: 464
Register Write to Reg: 0x02 Val: 0x10010F58
In clock cycle: 465
Register Write to Reg: 0x08 Val: 0x10010F78
In clock cycle: 466
Register Write to Reg: 0x02 Val: 0x10010F78
In clock cycle: 467
Register Write to Reg: 0x00 Val: 0x004003D4
In clock cycle: 469
Register Write to Reg: 0x00 Val: 0x00000000
In clock cycle: 470
Register Write to Reg: 0x07 Val: 0x10010F94
In clock cycle: 471
Register Write to Reg: 0x1E Val: 0x00000001
In clock cycle: 472
Register Write to Reg: 0x1D Val: 0x10010F94
In clock cycle: 473
Register Write to Reg: 0x01 Val: 0x004001B8
In clock cycle: 474
Register Write to Reg: 0x01 Val: 0x004001C4
In clock cycle: 475
Register Write to Reg: 0x00 Val: 0x004001C4
In clock cycle: 477
Register Write to Reg: 0x00 Val: 0x00000000
In clock cycle: 478
Register Write to Reg: 0x02 Val: 0x10010F60
In clock cycle: 478
Memory Write to Addr: 0x10010F74 Val: 0x10010F78
In clock cycle: 480
Register Write to Reg: 0x08 Val: 0x10010F60
In clock cycle: 481
Register Write to Reg: 0x1F Val: 0x00000000
In clock cycle: 481
Memory Write to Addr: 0x10010F78 Val: 0x10010F94
In clock cycle: 482
Memory Write to Addr: 0x10010F7C Val: 0x00000001
In clock cycle: 484
Register Write to Reg: 0x07 Val: 0x00000001
In clock cycle: 485
Memory Write to Addr: 0x10010F68 Val: 0x00000001
In clock cycle: 486
Memory Write to Addr: 0x10010F6C Val: 0x00000000
In clock cycle: 488
Register Write to Reg: 0x07 Val: 0x10010F94
In clock cycle: 489
Register Write to Reg: 0x1D Val: 0x00000001
In clock cycle: 490
Register Write to Reg: 0x1C Val: 0x00000000
In clock cycle: 490
Memory Write to Addr: 0x10010F94 Val: 0x00000001
In clock cycle: 491
Memory Write to Addr: 0x10010F98 Val: 0x00000000
In clock cycle: 493
Register Write to Reg: 0x07 Val: 0x10010F94
In clock cycle: 494
Register Write to Reg: 0x02 Val: 0x10010F60
In clock cycle: 495
Register Write to Reg: 0x08 Val: 0x10010F78
In clock cycle: 496
Register Write to Reg: 0x02 Val: 0x10010F78
In clock cycle: 497
Register Write to Reg: 0x00 Val: 0x0040022C
In clock cycle: 499
Register Write to Reg: 0x00 Val: 0x00000000
In clock cycle: 500
Register Write to Reg: 0x07 Val: 0x10010F94
In clock cycle: 501
Register Write to Reg: 0x1D Val: 0x10010F94
In clock cycle: 502
Register Write to Reg: 0x01 Val: 0x004001CC
In clock cycle: 503
Register Write to Reg: 0x01 Val: 0x004001D8
In clock cycle: 504
Register Write to Reg: 0x00 Val: 0x004001D8
In clock cycle: 505
Register Write to Reg: 0x02 Val: 0x10010F58
In clock cycle: 505
Memory Write to Addr: 0x10010F74 Val: 0x004001D8
In clock cycle: 506
Memory Write to Addr: 0x10010F70 Val: 0x10010F78
In clock cycle: 508
Register Write to Reg: 0x08 Val: 0x10010F58
In clock cycle: 508
Memory Write to Addr: 0x10010F78 Val: 0x10010F94
In clock cycle: 510
Register Write to Reg: 0x00 Val: 0x00400244
In clock cycle: 512
Register Write to Reg: 0x00 Val: 0x00000000
In clock cycle: 513
Register Write to Reg: 0x07 Val: 0x10010F94
In clock cycle: 515
Register Write to Reg: 0x07 Val: 0x00000000
In clock cycle: 517
Register Write to Reg: 0x07 Val: 0x00000001
In clock cycle: 519
Register Write to Reg: 0x00 Val: 0x004002AC
In clock cycle: 521
Register Write to Reg: 0x00 Val: 0x00000000
In clock cycle: 522
Register Write to Reg: 0x07 Val: 0x10010F94
In clock cycle: 524
Register Write to Reg: 0x1C Val: 0x00000001
In clock cycle: 525
Register Write to Reg: 0x07 Val: 0x10010F94
In clock cycle: 527
Register Write to Reg: 0x07 Val: 0x00000000
In clock cycle: 529
Register Write to Reg: 0x1E Val: 0x00000000
In clock cycle: 530
Register Write to Reg: 0x1D Val: 0x00000001
In clock cycle: 531
Register Write to Reg: 0x01 Val: 0x0040025C
In clock cycle: 532
Register Write to Reg: 0x01 Val: 0x00400268
In clock cycle: 533
Register Write to Reg: 0x00 Val: 0x00400268
In clock cycle: 535
Register Write to Reg: 0x00 Val: 0x00000000
In clock cycle: 536
Register Write to Reg: 0x02 Val: 0x10010F38
In clock cycle: 536
Memory Write to Addr: 0x10010F54 Val: 0x10010F58
In clock cycle: 538
Register Write to Reg: 0x08 Val: 0x10010F38
In clock cycle: 538
Memory Write to Addr: 0x10010F58 Val: 0x00000001
In clock cycle: 539
Memory Write to Addr: 0x10010F5C Val: 0x00000000
In clock cycle: 541
Register Write to Reg: 0x07 Val: 0x100102D8
In clock cycle: 542
Register Write to Reg: 0x07 Val: 0x10010014
In clock cycle: 543
Register Write to Reg: 0x1C Val: 0x00000001
In clock cycle: 545
Register Write to Reg: 0x1C Val: 0x00000004
In clock cycle: 546
Register Write to Reg: 0x07 Val: 0x10010018
In clock cycle: 547
Register Write to Reg: 0x07 Val: 0x00000000
In clock cycle: 548
Memory Write to Addr: 0x10010F48 Val: 0x00000000
In clock cycle: 550
Register Write to Reg: 0x07 Val: 0x00000001
In clock cycle: 550
Memory Write to Addr: 0x10010F40 Val: 0x00000001
In clock cycle: 551
Memory Write to Addr: 0x10010F44 Val: 0x00000000
In clock cycle: 553
Register Write to Reg: 0x00 Val: 0x00400304
In clock cycle: 555
Register Write to Reg: 0x00 Val: 0x00000000
In clock cycle: 556
Register Write to Reg: 0x1C Val: 0x00000000
In clock cycle: 557
Register Write to Reg: 0x07 Val: 0x00000000
In clock cycle: 559
Register Write to Reg: 0x07 Val: 0x00000000
In clock cycle: 562
Register Write to Reg: 0x00 Val: 0x00000000
In clock cycle: 563
Register Write to Reg: 0x1C Val: 0x00000001
In clock cycle: 564
Register Write to Reg: 0x07 Val: 0x00000000
In clock cycle: 566
Register Write to Reg: 0x07 Val: 0x00000000
In clock cycle: 567
Register Write to Reg: 0x07 Val: 0x00000000
In clock cycle: 568
Register Write to Reg: 0x07 Val: 0x00000000
In clock cycle: 569
Register Write to Reg: 0x02 Val: 0x10010F38
In clock cycle: 570
Register Write to Reg: 0x08 Val: 0x10010F58
In clock cycle: 571
Register Write to Reg: 0x02 Val: 0x10010F58
In clock cycle: 572
Register Write to Reg: 0x00 Val: 0x00400354
In clock cycle: 574
Register Write to Reg: 0x00 Val: 0x00000000
In clock cycle: 577
Register Write to Reg: 0x00 Val: 0x00000000
In clock cycle: 578
Register Write to Reg: 0x07 Val: 0x10010F94
In clock cycle: 580
Register Write to Reg: 0x07 Val: 0x00000000
In clock cycle: 582
Register Write to Reg: 0x1C Val: 0x00000001
In clock cycle: 583
Register Write to Reg: 0x07 Val: 0x10010F94
In clock cycle: 584
Memory Write to Addr: 0x10010F98 Val: 0x00000001
In clock cycle: 586
Register Write to Reg: 0x07 Val: 0x10010F94
In clock cycle: 588
Register Write to Reg: 0x07 Val: 0x00000001
In clock cycle: 590
Register Write to Reg: 0x07 Val: 0x00000001
In clock cycle: 592
Register Write to Reg: 0x00 Val: 0x004002AC
In clock cycle: 594
Register Write to Reg: 0x00 Val: 0x00000000
In clock cycle: 595
Register Write to Reg: 0x07 Val: 0x10010F94
In clock cycle: 597
Register Write to Reg: 0x1C Val: 0x00000001
In clock cycle: 598
Register Write to Reg: 0x07 Val: 0x10010F94
In clock cycle: 600
Register Write to Reg: 0x07 Val: 0x00000001
In clock cycle: 602
Register Write to Reg: 0x1E Val: 0x00000001
In clock cycle: 603
Register Write to Reg: 0x1D Val: 0x00000001
In clock cycle: 604
Register Write to Reg: 0x01 Val: 0x0040025C
In clock cycle: 605
Register Write to Reg: 0x01 Val: 0x00400268
In clock cycle: 606
Register Write to Reg: 0x00 Val: 0x00400268
In clock cycle: 607
Register Write to Reg: 0x02 Val: 0x10010F38
In clock cycle: 607
Memory Write to Addr: 0x10010F54 Val: 0x10010F58
In clock cycle: 609
Register Write to Reg: 0x08 Val: 0x10010F38
In clock cycle: 609
Memory Write to Addr: 0x10010F58 Val: 0x00000001
In clock cycle: 610
Memory Write to Addr: 0x10010F5C Val: 0x00000001
In clock cycle: 612
Register Write to Reg: 0x07 Val: 0x100102D8
In clock cycle: 613
Register Write to Reg: 0x07 Val: 0x10010014
In clock cycle: 614
Register Write to Reg: 0x1C Val: 0x00000001
In clock cycle: 616
Register Write to Reg: 0x1C Val: 0x00000004
In clock cycle: 617
Register Write to Reg: 0x07 Val: 0x10010018
In clock cycle: 618
Register Write to Reg: 0x07 Val: 0x00000000
In clock cycle: 619
Memory Write to Addr: 0x10010F48 Val: 0x00000000
In clock cycle: 621
Register Write to Reg: 0x07 Val: 0x00000001
In clock cycle: 621
Memory Write to Addr: 0x10010F40 Val: 0x00000001
In clock cycle: 622
Memory Write to Addr: 0x10010F44 Val: 0x00000000
In clock cycle: 624
Register Write to Reg: 0x00 Val: 0x00400304
In clock cycle: 625
Register Write to Reg: 0x1C Val: 0x00000000
In clock cycle: 626
Register Write to Reg: 0x07 Val: 0x00000001
In clock cycle: 628
Register Write to Reg: 0x07 Val: 0x00000001
In clock cycle: 630
Register Write to Reg: 0x00 Val: 0x00400330
In clock cycle: 631
Register Write to Reg: 0x07 Val: 0x00000001
In clock cycle: 633
Register Write to Reg: 0x07 Val: 0x00000002
In clock cycle: 633
Memory Write to Addr: 0x10010F40 Val: 0x00000002
In clock cycle: 635
Register Write to Reg: 0x07 Val: 0x00000000
In clock cycle: 637
Register Write to Reg: 0x07 Val: 0x00000001
In clock cycle: 637
Memory Write to Addr: 0x10010F44 Val: 0x00000001
In clock cycle: 639
Register Write to Reg: 0x1C Val: 0x00000001
In clock cycle: 640
Register Write to Reg: 0x07 Val: 0x00000001
In clock cycle: 642
Register Write to Reg: 0x07 Val: 0x00000000
In clock cycle: 645
Register Write to Reg: 0x00 Val: 0x00000000
In clock cycle: 646
Register Write to Reg: 0x1C Val: 0x00000002
In clock cycle: 647
Register Write to Reg: 0x07 Val: 0x00000000
In clock cycle: 649
Register Write to Reg: 0x07 Val: 0x00000000
In clock cycle: 650
Register Write to Reg: 0x07 Val: 0x00000000
In clock cycle: 651
Register Write to Reg: 0x07 Val: 0x00000000
In clock cycle: 652
Register Write to Reg: 0x02 Val: 0x10010F38
In clock cycle: 653
Register Write to Reg: 0x08 Val: 0x10010F58
In clock cycle: 654
Register Write to Reg: 0x02 Val: 0x10010F58
In clock cycle: 655
Register Write to Reg: 0x00 Val: 0x00400354
In clock cycle: 657
Register Write to Reg: 0x00 Val: 0x00000000
In clock cycle: 660
Register Write to Reg: 0x00 Val: 0x00000000
In clock cycle: 661
Register Write to Reg: 0x07 Val: 0x10010F94
In clock cycle: 663
Register Write to Reg: 0x07 Val: 0x00000001
In clock cycle: 665
Register Write to Reg: 0x1C Val: 0x00000002
In clock cycle: 666
Register Write to Reg: 0x07 Val: 0x10010F94
In clock cycle: 667
Memory Write to Addr: 0x10010F98 Val: 0x00000002
In clock cycle: 669
Register Write to Reg: 0x07 Val: 0x10010F94
In clock cycle: 671
Register Write to Reg: 0x07 Val: 0x00000002
In clock cycle: 673
Register Write to Reg: 0x07 Val: 0x00000001
In clock cycle: 675
Register Write to Reg: 0x00 Val: 0x004002AC
In clock cycle: 677
Register Write to Reg: 0x00 Val: 0x00000000
In clock cycle: 678
Register Write to Reg: 0x07 Val: 0x10010F94
In clock cycle: 680
Register Write to Reg: 0x1C Val: 0x00000001
In clock cycle: 681
Register Write to Reg: 0x07 Val: 0x10010F94
In clock cycle: 683
Register Write to Reg: 0x07 Val: 0x00000002
In clock cycle: 685
Register Write to Reg: 0x1E Val: 0x00000002
In clock cycle: 686
Register Write to Reg: 0x1D Val: 0x00000001
In clock cycle: 687
Register Write to Reg: 0x01 Val: 0x0040025C
In clock cycle: 688
Register Write to Reg: 0x01 Val: 0x00400268
In clock cycle: 689
Register Write to Reg: 0x00 Val: 0x00400268
In clock cycle: 690
Register Write to Reg: 0x02 Val: 0x10010F38
In clock cycle: 690
Memory Write to Addr: 0x10010F54 Val: 0x10010F58
In clock cycle: 692
Register Write to Reg: 0x08 Val: 0x10010F38
In clock cycle: 692
Memory Write to Addr: 0x10010F58 Val: 0x00000001
In clock cycle: 693
Memory Write to Addr: 0x10010F5C Val: 0x00000002
In clock cycle: 695
Register Write to Reg: 0x07 Val: 0x100102D8
In clock cycle: 696
Register Write to Reg: 0x07 Val: 0x10010014
In clock cycle: 697
Register Write to Reg: 0x1C Val: 0x00000001
In clock cycle: 699
Register Write to Reg: 0x1C Val: 0x00000004
In clock cycle: 700
Register Write to Reg: 0x07 Val: 0x10010018
In clock cycle: 701
Register Write to Reg: 0x07 Val: 0x00000000
In clock cycle: 702
Memory Write to Addr: 0x10010F48 Val: 0x00000000
In clock cycle: 704
Register Write to Reg: 0x07 Val: 0x00000001
In clock cycle: 704
Memory Write to Addr: 0x10010F40 Val: 0x00000001
In clock cycle: 705
Memory Write to Addr: 0x10010F44 Val: 0x00000000
In clock cycle: 707
Register Write to Reg: 0x00 Val: 0x00400304
In clock cycle: 708
Register Write to Reg: 0x1C Val: 0x00000000
In clock cycle: 709
Register Write to Reg: 0x07 Val: 0x00000002
In clock cycle: 711
Register Write to Reg: 0x07 Val: 0x00000001
In clock cycle: 713
Register Write to Reg: 0x00 Val: 0x00400330
In clock cycle: 714
Register Write to Reg: 0x07 Val: 0x00000001
In clock cycle: 716
Register Write to Reg: 0x07 Val: 0x00000002
In clock cycle: 716
Memory Write to Addr: 0x10010F40 Val: 0x00000002
In clock cycle: 718
Register Write to Reg: 0x07 Val: 0x00000000
In clock cycle: 720
Register Write to Reg: 0x07 Val: 0x00000001
In clock cycle: 720
Memory Write to Addr: 0x10010F44 Val: 0x00000001
In clock cycle: 722
Register Write to Reg: 0x1C Val: 0x00000001
In clock cycle: 723
Register Write to Reg: 0x07 Val: 0x00000002
In clock cycle: 725
Register Write to Reg: 0x07 Val: 0x00000001
In clock cycle: 727
Register Write to Reg: 0x00 Val: 0x00400330
In clock cycle: 728
Register Write to Reg: 0x07 Val: 0x00000002
In clock cycle: 730
Register Write to Reg: 0x07 Val: 0x00000004
In clock cycle: 730
Memory Write to Addr: 0x10010F40 Val: 0x00000004
In clock cycle: 732
Register Write to Reg: 0x07 Val: 0x00000001
In clock cycle: 734
Register Write to Reg: 0x07 Val: 0x00000002
In clock cycle: 734
Memory Write to Addr: 0x10010F44 Val: 0x00000002
In clock cycle: 736
Register Write to Reg: 0x1C Val: 0x00000002
In clock cycle: 737
Register Write to Reg: 0x07 Val: 0x00000002
In clock cycle: 739
Register Write to Reg: 0x07 Val: 0x00000000
In clock cycle: 742
Register Write to Reg: 0x00 Val: 0x00000000
In clock cycle: 743
Register Write to Reg: 0x1C Val: 0x00000004
In clock cycle: 744
Register Write to Reg: 0x07 Val: 0x00000000
In clock cycle: 746
Register Write to Reg: 0x07 Val: 0x00000000
In clock cycle: 747
Register Write to Reg: 0x07 Val: 0x00000000
In clock cycle: 748
Register Write to Reg: 0x07 Val: 0x00000000
In clock cycle: 749
Register Write to Reg: 0x02 Val: 0x10010F38
In clock cycle: 750
Register Write to Reg: 0x08 Val: 0x10010F58
In clock cycle: 751
Register Write to Reg: 0x02 Val: 0x10010F58
In clock cycle: 752
Register Write to Reg: 0x00 Val: 0x00400354
In clock cycle: 754
Register Write to Reg: 0x00 Val: 0x00000000
In clock cycle: 757
Register Write to Reg: 0x00 Val: 0x00000000
In clock cycle: 758
Register Write to Reg: 0x07 Val: 0x10010F94
In clock cycle: 760
Register Write to Reg: 0x07 Val: 0x00000002
In clock cycle: 762
Register Write to Reg: 0x1C Val: 0x00000003
In clock cycle: 763
Register Write to Reg: 0x07 Val: 0x10010F94
In clock cycle: 764
Memory Write to Addr: 0x10010F98 Val: 0x00000003
In clock cycle: 766
Register Write to Reg: 0x07 Val: 0x10010F94
In clock cycle: 768
Register Write to Reg: 0x07 Val: 0x00000003
In clock cycle: 770
Register Write to Reg: 0x07 Val: 0x00000001
In clock cycle: 772
Register Write to Reg: 0x00 Val: 0x004002AC
In clock cycle: 774
Register Write to Reg: 0x00 Val: 0x00000000
In clock cycle: 775
Register Write to Reg: 0x07 Val: 0x10010F94
In clock cycle: 777
Register Write to Reg: 0x1C Val: 0x00000001
In clock cycle: 778
Register Write to Reg: 0x07 Val: 0x10010F94
In clock cycle: 780
Register Write to Reg: 0x07 Val: 0x00000003
In clock cycle: 782
Register Write to Reg: 0x1E Val: 0x00000003
In clock cycle: 783
Register Write to Reg: 0x1D Val: 0x00000001
In clock cycle: 784
Register Write to Reg: 0x01 Val: 0x0040025C
In clock cycle: 785
Register Write to Reg: 0x01 Val: 0x00400268
In clock cycle: 786
Register Write to Reg: 0x00 Val: 0x00400268
In clock cycle: 787
Register Write to Reg: 0x02 Val: 0x10010F38
In clock cycle: 787
Memory Write to Addr: 0x10010F54 Val: 0x10010F58
In clock cycle: 789
Register Write to Reg: 0x08 Val: 0x10010F38
In clock cycle: 789
Memory Write to Addr: 0x10010F58 Val: 0x00000001
In clock cycle: 790
Memory Write to Addr: 0x10010F5C Val: 0x00000003
In clock cycle: 792
Register Write to Reg: 0x07 Val: 0x100102D8
In clock cycle: 793
Register Write to Reg: 0x07 Val: 0x10010014
In clock cycle: 794
Register Write to Reg: 0x1C Val: 0x00000001
In clock cycle: 796
Register Write to Reg: 0x1C Val: 0x00000004
In clock cycle: 797
Register Write to Reg: 0x07 Val: 0x10010018
In clock cycle: 798
Register Write to Reg: 0x07 Val: 0x00000000
In clock cycle: 799
Memory Write to Addr: 0x10010F48 Val: 0x00000000
In clock cycle: 801
Register Write to Reg: 0x07 Val: 0x00000001
In clock cycle: 801
Memory Write to Addr: 0x10010F40 Val: 0x00000001
In clock cycle: 802
Memory Write to Addr: 0x10010F44 Val: 0x00000000
In clock cycle: 804
Register Write to Reg: 0x00 Val: 0x00400304
In clock cycle: 805
Register Write to Reg: 0x1C Val: 0x00000000
In clock cycle: 806
Register Write to Reg: 0x07 Val: 0x00000003
In clock cycle: 808
Register Write to Reg: 0x07 Val: 0x00000001
In clock cycle: 810
Register Write to Reg: 0x00 Val: 0x00400330
In clock cycle: 811
Register Write to Reg: 0x07 Val: 0x00000001
In clock cycle: 813
Register Write to Reg: 0x07 Val: 0x00000002
In clock cycle: 813
Memory Write to Addr: 0x10010F40 Val: 0x00000002
In clock cycle: 815
Register Write to Reg: 0x07 Val: 0x00000000
In clock cycle: 817
Register Write to Reg: 0x07 Val: 0x00000001
In clock cycle: 817
Memory Write to Addr: 0x10010F44 Val: 0x00000001
In clock cycle: 819
Register Write to Reg: 0x1C Val: 0x00000001
In clock cycle: 820
Register Write to Reg: 0x07 Val: 0x00000003
In clock cycle: 822
Register Write to Reg: 0x07 Val: 0x00000001
In clock cycle: 824
Register Write to Reg: 0x00 Val: 0x00400330
In clock cycle: 825
Register Write to Reg: 0x07 Val: 0x00000002
In clock cycle: 827
Register Write to Reg: 0x07 Val: 0x00000004
In clock cycle: 827
Memory Write to Addr: 0x10010F40 Val: 0x00000004
In clock cycle: 829
Register Write to Reg: 0x07 Val: 0x00000001
In clock cycle: 831
Register Write to Reg: 0x07 Val: 0x00000002
In clock cycle: 831
Memory Write to Addr: 0x10010F44 Val: 0x00000002
In clock cycle: 833
Register Write to Reg: 0x1C Val: 0x00000002
In clock cycle: 834
Register Write to Reg: 0x07 Val: 0x00000003
In clock cycle: 836
Register Write to Reg: 0x07 Val: 0x00000001
In clock cycle: 838
Register Write to Reg: 0x00 Val: 0x00400330
In clock cycle: 839
Register Write to Reg: 0x07 Val: 0x00000004
In clock cycle: 841
Register Write to Reg: 0x07 Val: 0x00000008
In clock cycle: 841
Memory Write to Addr: 0x10010F40 Val: 0x00000008
In clock cycle: 843
Register Write to Reg: 0x07 Val: 0x00000002
In clock cycle: 845
Register Write to Reg: 0x07 Val: 0x00000003
In clock cycle: 845
Memory Write to Addr: 0x10010F44 Val: 0x00000003
In clock cycle: 847
Register Write to Reg: 0x1C Val: 0x00000003
In clock cycle: 848
Register Write to Reg: 0x07 Val: 0x00000003
In clock cycle: 850
Register Write to Reg: 0x07 Val: 0x00000000
In clock cycle: 853
Register Write to Reg: 0x00 Val: 0x00000000
In clock cycle: 854
Register Write to Reg: 0x1C Val: 0x00000008
In clock cycle: 855
Register Write to Reg: 0x07 Val: 0x00000000
In clock cycle: 857
Register Write to Reg: 0x07 Val: 0x00000000
In clock cycle: 858
Register Write to Reg: 0x07 Val: 0x00000000
In clock cycle: 859
Register Write to Reg: 0x07 Val: 0x00000000
In clock cycle: 860
Register Write to Reg: 0x02 Val: 0x10010F38
In clock cycle: 861
Register Write to Reg: 0x08 Val: 0x10010F58
In clock cycle: 862
Register Write to Reg: 0x02 Val: 0x10010F58
In clock cycle: 863
Register Write to Reg: 0x00 Val: 0x00400354
In clock cycle: 865
Register Write to Reg: 0x00 Val: 0x00000000
In clock cycle: 868
Register Write to Reg: 0x00 Val: 0x00000000
In clock cycle: 869
Register Write to Reg: 0x07 Val: 0x10010F94
In clock cycle: 871
Register Write to Reg: 0x07 Val: 0x00000003
In clock cycle: 873
Register Write to Reg: 0x1C Val: 0x00000004
In clock cycle: 874
Register Write to Reg: 0x07 Val: 0x10010F94
In clock cycle: 875
Memory Write to Addr: 0x10010F98 Val: 0x00000004
In clock cycle: 877
Register Write to Reg: 0x07 Val: 0x10010F94
In clock cycle: 879
Register Write to Reg: 0x07 Val: 0x00000004
In clock cycle: 881
Register Write to Reg: 0x07 Val: 0x00000000
In clock cycle: 884
Register Write to Reg: 0x00 Val: 0x00000000
In clock cycle: 885
Register Write to Reg: 0x07 Val: 0xFFFFFFFF
In clock cycle: 886
Register Write to Reg: 0x02 Val: 0x10010F58
In clock cycle: 887
Register Write to Reg: 0x01 Val: 0x004001D8
In clock cycle: 888
Register Write to Reg: 0x08 Val: 0x10010F78
In clock cycle: 889
Register Write to Reg: 0x02 Val: 0x10010F78
In clock cycle: 890
Register Write to Reg: 0x00 Val: 0x004002C4
In clock cycle: 892
Register Write to Reg: 0x00 Val: 0x00000000
In clock cycle: 892
Memory Write to Addr: 0x10010F90 Val: 0xFFFFFFFF
In clock cycle: 894
Register Write to Reg: 0x00 Val: 0x004001E0
In clock cycle: 896
Register Write to Reg: 0x00 Val: 0x00000000
In clock cycle: 897
Register Write to Reg: 0x1C Val: 0xFFFFFFFF
In clock cycle: 898
Register Write to Reg: 0x07 Val: 0xFFFFFFFF
In clock cycle: 901
Register Write to Reg: 0x00 Val: 0x00000000
In clock cycle: 902
Register Write to Reg: 0x07 Val: 0x10010110
In clock cycle: 903
Register Write to Reg: 0x07 Val: 0x10010028
In clock cycle: 904
Register Write to Reg: 0x07 Val: 0x00000003
In clock cycle: 906
Register Write to Reg: 0x1D Val: 0x00000002
In clock cycle: 907
Register Write to Reg: 0x1C Val: 0x10010120
In clock cycle: 908
Register Write to Reg: 0x1C Val: 0x10010028
In clock cycle: 908
Memory Write to Addr: 0x10010028 Val: 0x00000002
In clock cycle: 910
Register Write to Reg: 0x1D Val: 0x1001012C
In clock cycle: 911
Register Write to Reg: 0x1D Val: 0x10010000
In clock cycle: 912
Register Write to Reg: 0x1C Val: 0x0000000C
In clock cycle: 913
Register Write to Reg: 0x1C Val: 0x00000006
In clock cycle: 914
Register Write to Reg: 0x1C Val: 0x00000003
In clock cycle: 915
Register Write to Reg: 0x1C Val: 0x0000000C
In clock cycle: 916
Register Write to Reg: 0x1F Val: 0x004001DB
In clock cycle: 917
Register Write to Reg: 0x1F Val: 0x004001DB
In clock cycle: 918
Register Write to Reg: 0x1F Val: 0xFFBFFE25
In clock cycle: 919
Register Write to Reg: 0x07 Val: 0x10010150
In clock cycle: 920
Register Write to Reg: 0x07 Val: 0x10010000
In clock cycle: 921
Register Write to Reg: 0x0B Val: 0x00010000
In clock cycle: 922
Register Write to Reg: 0x0B Val: 0x0000FFFF
In clock cycle: 923
Register Write to Reg: 0x1F Val: 0x00000000
In clock cycle: 924
Register Write to Reg: 0x07 Val: 0x10010000
In clock cycle: 925
Register Write to Reg: 0x07 Val: 0x1001000C
In clock cycle: 926
Register Write to Reg: 0x1C Val: 0x00000001
In clock cycle: 927
Memory Write to Addr: 0x1001000C Val: 0x00000001
In clock cycle: 929
Register Write to Reg: 0x02 Val: 0x10010F78
In clock cycle: 930
Register Write to Reg: 0x01 Val: 0x004000E8
In clock cycle: 931
Register Write to Reg: 0x08 Val: 0x10010FA8
In clock cycle: 932
Register Write to Reg: 0x02 Val: 0x10010FA8
In clock cycle: 933
Register Write to Reg: 0x00 Val: 0x00400188
In clock cycle: 935
Register Write to Reg: 0x00 Val: 0x00000000
In clock cycle: 936
Register Write to Reg: 0x07 Val: 0x10010FC4
In clock cycle: 937
Register Write to Reg: 0x1D Val: 0x10010FC4
In clock cycle: 938
Register Write to Reg: 0x01 Val: 0x004000F0
In clock cycle: 939
Register Write to Reg: 0x01 Val: 0x004000FC
In clock cycle: 940
Register Write to Reg: 0x00 Val: 0x004000FC
In clock cycle: 942
Register Write to Reg: 0x00 Val: 0x00000000
In clock cycle: 943
Register Write to Reg: 0x02 Val: 0x10010F88
In clock cycle: 943
Memory Write to Addr: 0x10010FA4 Val: 0x004000FC
In clock cycle: 944
Memory Write to Addr: 0x10010FA0 Val: 0x10010FA8
In clock cycle: 946
Register Write to Reg: 0x08 Val: 0x10010F88
In clock cycle: 946
Memory Write to Addr: 0x10010FA8 Val: 0x10010FC4
In clock cycle: 948
Register Write to Reg: 0x00 Val: 0x00400244
In clock cycle: 950
Register Write to Reg: 0x00 Val: 0x00000000
In clock cycle: 951
Register Write to Reg: 0x07 Val: 0x10010FC4
In clock cycle: 953
Register Write to Reg: 0x07 Val: 0x00000002
In clock cycle: 955
Register Write to Reg: 0x07 Val: 0x00000001
In clock cycle: 957
Register Write to Reg: 0x00 Val: 0x004002AC
In clock cycle: 959
Register Write to Reg: 0x00 Val: 0x00000000
In clock cycle: 960
Register Write to Reg: 0x07 Val: 0x10010FC4
In clock cycle: 962
Register Write to Reg: 0x1C Val: 0x00000000
In clock cycle: 963
Register Write to Reg: 0x07 Val: 0x10010FC4
In clock cycle: 965
Register Write to Reg: 0x07 Val: 0x00000002
In clock cycle: 967
Register Write to Reg: 0x1E Val: 0x00000002
In clock cycle: 968
Register Write to Reg: 0x1D Val: 0x00000000
In clock cycle: 969
Register Write to Reg: 0x01 Val: 0x0040025C
In clock cycle: 970
Register Write to Reg: 0x01 Val: 0x00400268
In clock cycle: 971
Register Write to Reg: 0x00 Val: 0x00400268
In clock cycle: 973
Register Write to Reg: 0x00 Val: 0x00000000
In clock cycle: 974
Register Write to Reg: 0x02 Val: 0x10010F68
In clock cycle: 974
Memory Write to Addr: 0x10010F84 Val: 0x10010F88
In clock cycle: 976
Register Write to Reg: 0x08 Val: 0x10010F68
In clock cycle: 976
Memory Write to Addr: 0x10010F88 Val: 0x00000000
In clock cycle: 977
Memory Write to Addr: 0x10010F8C Val: 0x00000002
In clock cycle: 979
Register Write to Reg: 0x07 Val: 0x100102D8
In clock cycle: 980
Register Write to Reg: 0x07 Val: 0x10010014
In clock cycle: 981
Register Write to Reg: 0x1C Val: 0x00000000
In clock cycle: 983
Register Write to Reg: 0x1C Val: 0x00000000
In clock cycle: 984
Register Write to Reg: 0x07 Val: 0x10010014
In clock cycle: 985
Register Write to Reg: 0x07 Val: 0x00000006
In clock cycle: 986
Memory Write to Addr: 0x10010F78 Val: 0x00000006
In clock cycle: 988
Register Write to Reg: 0x07 Val: 0x00000001
In clock cycle: 988
Memory Write to Addr: 0x10010F70 Val: 0x00000001
In clock cycle: 989
Memory Write to Addr: 0x10010F74 Val: 0x00000000
In clock cycle: 991
Register Write to Reg: 0x00 Val: 0x00400304
In clock cycle: 993
Register Write to Reg: 0x00 Val: 0x00000000
In clock cycle: 994
Register Write to Reg: 0x1C Val: 0x00000000
In clock cycle: 995
Register Write to Reg: 0x07 Val: 0x00000002
In clock cycle: 997
Register Write to Reg: 0x07 Val: 0x00000001
In clock cycle: 999
Register Write to Reg: 0x00 Val: 0x00400330
In clock cycle: 1000
Register Write to Reg: 0x07 Val: 0x00000001
In clock cycle: 1002
Register Write to Reg: 0x07 Val: 0x00000002
In clock cycle: 1002
Memory Write to Addr: 0x10010F70 Val: 0x00000002
In clock cycle: 1004
Register Write to Reg: 0x07 Val: 0x00000000
In clock cycle: 1006
Register Write to Reg: 0x07 Val: 0x00000001
In clock cycle: 1006
Memory Write to Addr: 0x10010F74 Val: 0x00000001
In clock cycle: 1008
Register Write to Reg: 0x1C Val: 0x00000001
In clock cycle: 1009
Register Write to Reg: 0x07 Val: 0x00000002
In clock cycle: 1011
Register Write to Reg: 0x07 Val: 0x00000001
In clock cycle: 1013
Register Write to Reg: 0x00 Val: 0x00400330
In clock cycle: 1014
Register Write to Reg: 0x07 Val: 0x00000002
In clock cycle: 1016
Register Write to Reg: 0x07 Val: 0x00000004
In clock cycle: 1016
Memory Write to Addr: 0x10010F70 Val: 0x00000004
In clock cycle: 1018
Register Write to Reg: 0x07 Val: 0x00000001
In clock cycle: 1020
Register Write to Reg: 0x07 Val: 0x00000002
In clock cycle: 1020
Memory Write to Addr: 0x10010F74 Val: 0x00000002
In clock cycle: 1022
Register Write to Reg: 0x1C Val: 0x00000002
In clock cycle: 1023
Register Write to Reg: 0x07 Val: 0x00000002
In clock cycle: 1025
Register Write to Reg: 0x07 Val: 0x00000000
In clock cycle: 1028
Register Write to Reg: 0x00 Val: 0x00000000
In clock cycle: 1029
Register Write to Reg: 0x1C Val: 0x00000004
In clock cycle: 1030
Register Write to Reg: 0x07 Val: 0x00000006
In clock cycle: 1032
Register Write to Reg: 0x07 Val: 0x00000004
In clock cycle: 1033
Register Write to Reg: 0x07 Val: 0x00000001
In clock cycle: 1034
Register Write to Reg: 0x07 Val: 0x00000001
In clock cycle: 1035
Register Write to Reg: 0x02 Val: 0x10010F68
In clock cycle: 1036
Register Write to Reg: 0x08 Val: 0x10010F88
In clock cycle: 1037
Register Write to Reg: 0x02 Val: 0x10010F88
In clock cycle: 1038
Register Write to Reg: 0x00 Val: 0x00400354
In clock cycle: 1040
Register Write to Reg: 0x00 Val: 0x00000000
In clock cycle: 1042
Register Write to Reg: 0x07 Val: 0x10010FC4
In clock cycle: 1044
Register Write to Reg: 0x07 Val: 0x00000002
In clock cycle: 1046
Register Write to Reg: 0x1D Val: 0x00000003
In clock cycle: 1047
Register Write to Reg: 0x1C Val: 0x10010FC4
In clock cycle: 1048
Memory Write to Addr: 0x10010FC8 Val: 0x00000003
In clock cycle: 1050
Register Write to Reg: 0x00 Val: 0x00400284
In clock cycle: 1052
Register Write to Reg: 0x00 Val: 0x00000000
In clock cycle: 1053
Register Write to Reg: 0x02 Val: 0x10010F88
In clock cycle: 1054
Register Write to Reg: 0x01 Val: 0x004000FC
In clock cycle: 1055
Register Write to Reg: 0x08 Val: 0x10010FA8
In clock cycle: 1056
Register Write to Reg: 0x02 Val: 0x10010FA8
In clock cycle: 1057
Register Write to Reg: 0x00 Val: 0x004002C4
In clock cycle: 1059
Register Write to Reg: 0x00 Val: 0x00000000
In clock cycle: 1059
Memory Write to Addr: 0x10010FC0 Val: 0x00000002
In clock cycle: 1061
Register Write to Reg: 0x1C Val: 0x00000002
In clock cycle: 1062
Register Write to Reg: 0x07 Val: 0xFFFFFFFF
In clock cycle: 1065
Register Write to Reg: 0x00 Val: 0x00000000
In clock cycle: 1066
Register Write to Reg: 0x00 Val: 0x00400110
In clock cycle: 1067
Register Write to Reg: 0x1D Val: 0x00000002
In clock cycle: 1068
Register Write to Reg: 0x01 Val: 0x004000C0
In clock cycle: 1069
Register Write to Reg: 0x01 Val: 0x004000CC
In clock cycle: 1070
Register Write to Reg: 0x00 Val: 0x004000CC
In clock cycle: 1072
Register Write to Reg: 0x00 Val: 0x00000000
In clock cycle: 1073
Register Write to Reg: 0x02 Val: 0x10010F88
In clock cycle: 1073
Memory Write to Addr: 0x10010FA4 Val: 0x10010FA8
In clock cycle: 1075
Register Write to Reg: 0x08 Val: 0x10010F88
In clock cycle: 1075
Memory Write to Addr: 0x10010FA8 Val: 0x00000002
In clock cycle: 1077
Register Write to Reg: 0x07 Val: 0x00000001
In clock cycle: 1077
Memory Write to Addr: 0x10010F90 Val: 0x00000001
In clock cycle: 1078
Memory Write to Addr: 0x10010F94 Val: 0x00000000
In clock cycle: 1080
Register Write to Reg: 0x00 Val: 0x004003F4
In clock cycle: 1082
Register Write to Reg: 0x00 Val: 0x00000000
In clock cycle: 1083
Register Write to Reg: 0x1C Val: 0x00000000
In clock cycle: 1084
Register Write to Reg: 0x07 Val: 0x00000002
In clock cycle: 1086
Register Write to Reg: 0x07 Val: 0x00000001
In clock cycle: 1088
Register Write to Reg: 0x00 Val: 0x00400420
In clock cycle: 1090
Register Write to Reg: 0x00 Val: 0x00000000
In clock cycle: 1091
Register Write to Reg: 0x07 Val: 0x00000001
In clock cycle: 1093
Register Write to Reg: 0x07 Val: 0x00000100
In clock cycle: 1093
Memory Write to Addr: 0x10010F90 Val: 0x00000100
In clock cycle: 1095
Register Write to Reg: 0x07 Val: 0x00000000
In clock cycle: 1097
Register Write to Reg: 0x07 Val: 0x00000001
In clock cycle: 1097
Memory Write to Addr: 0x10010F94 Val: 0x00000001
In clock cycle: 1099
Register Write to Reg: 0x1C Val: 0x00000001
In clock cycle: 1100
Register Write to Reg: 0x07 Val: 0x00000002
In clock cycle: 1102
Register Write to Reg: 0x07 Val: 0x00000001
In clock cycle: 1104
Register Write to Reg: 0x00 Val: 0x00400420
In clock cycle: 1105
Register Write to Reg: 0x07 Val: 0x00000100
In clock cycle: 1107
Register Write to Reg: 0x07 Val: 0x00010000
In clock cycle: 1107
Memory Write to Addr: 0x10010F90 Val: 0x00010000
In clock cycle: 1109
Register Write to Reg: 0x07 Val: 0x00000001
In clock cycle: 1111
Register Write to Reg: 0x07 Val: 0x00000002
In clock cycle: 1111
Memory Write to Addr: 0x10010F94 Val: 0x00000002
In clock cycle: 1113
Register Write to Reg: 0x1C Val: 0x00000002
In clock cycle: 1114
Register Write to Reg: 0x07 Val: 0x00000002
In clock cycle: 1116
Register Write to Reg: 0x07 Val: 0x00000000
In clock cycle: 1119
Register Write to Reg: 0x00 Val: 0x00000000
In clock cycle: 1120
Register Write to Reg: 0x07 Val: 0x10010420
In clock cycle: 1121
Register Write to Reg: 0x07 Val: 0x10010024
In clock cycle: 1122
Register Write to Reg: 0x07 Val: 0x00000101
In clock cycle: 1123
Memory Write to Addr: 0x10010F98 Val: 0x00000101
In clock cycle: 1125
Register Write to Reg: 0x1C Val: 0x00000101
In clock cycle: 1126
Register Write to Reg: 0x07 Val: 0x00010000
In clock cycle: 1128
Register Write to Reg: 0x07 Val: 0x00000000
In clock cycle: 1129
Register Write to Reg: 0x07 Val: 0x00000000
In clock cycle: 1130
Register Write to Reg: 0x07 Val: 0x00000000
In clock cycle: 1131
Register Write to Reg: 0x02 Val: 0x10010F88
In clock cycle: 1132
Register Write to Reg: 0x08 Val: 0x10010FA8
In clock cycle: 1133
Register Write to Reg: 0x02 Val: 0x10010FA8
In clock cycle: 1134
Register Write to Reg: 0x00 Val: 0x00400454
In clock cycle: 1136
Register Write to Reg: 0x00 Val: 0x00000000
In clock cycle: 1137
Register Write to Reg: 0x07 Val: 0x00000001
In clock cycle: 1138
Register Write to Reg: 0x07 Val: 0x00000001
In clock cycle: 1140
Register Write to Reg: 0x1D Val: 0x00000002
In clock cycle: 1141
Register Write to Reg: 0x01 Val: 0x004000DC
In clock cycle: 1142
Register Write to Reg: 0x01 Val: 0x004000E8
In clock cycle: 1143
Register Write to Reg: 0x00 Val: 0x004000E8
In clock cycle: 1145
Register Write to Reg: 0x00 Val: 0x00000000
In clock cycle: 1146
Register Write to Reg: 0x02 Val: 0x10010F78
In clock cycle: 1146
Memory Write to Addr: 0x10010FA4 Val: 0x004000E8
In clock cycle: 1147
Memory Write to Addr: 0x10010FA0 Val: 0x10010FA8
In clock cycle: 1149
Register Write to Reg: 0x08 Val: 0x10010F78
In clock cycle: 1149
Memory Write to Addr: 0x10010FA8 Val: 0x00000002
In clock cycle: 1151
Register Write to Reg: 0x1D Val: 0x00000002
In clock cycle: 1152
Register Write to Reg: 0x01 Val: 0x004001A0
In clock cycle: 1153
Register Write to Reg: 0x01 Val: 0x004001AC
In clock cycle: 1154
Register Write to Reg: 0x00 Val: 0x004001AC
In clock cycle: 1156
Register Write to Reg: 0x00 Val: 0x00000000
In clock cycle: 1157
Register Write to Reg: 0x02 Val: 0x10010F58
In clock cycle: 1157
Memory Write to Addr: 0x10010F74 Val: 0x10010F78
In clock cycle: 1159
Register Write to Reg: 0x08 Val: 0x10010F58
In clock cycle: 1159
Memory Write to Addr: 0x10010F78 Val: 0x00000002
In clock cycle: 1161
Register Write to Reg: 0x07 Val: 0x00000001
In clock cycle: 1161
Memory Write to Addr: 0x10010F60 Val: 0x00000001
In clock cycle: 1162
Memory Write to Addr: 0x10010F64 Val: 0x00000000
In clock cycle: 1164
Register Write to Reg: 0x00 Val: 0x00400374
In clock cycle: 1166
Register Write to Reg: 0x00 Val: 0x00000000
In clock cycle: 1167
Register Write to Reg: 0x1C Val: 0x00000000
In clock cycle: 1168
Register Write to Reg: 0x07 Val: 0x00000002
In clock cycle: 1170
Register Write to Reg: 0x07 Val: 0x00000001
In clock cycle: 1172
Register Write to Reg: 0x00 Val: 0x004003A0
In clock cycle: 1174
Register Write to Reg: 0x00 Val: 0x00000000
In clock cycle: 1175
Register Write to Reg: 0x07 Val: 0x00000001
In clock cycle: 1177
Register Write to Reg: 0x07 Val: 0x00000100
In clock cycle: 1177
Memory Write to Addr: 0x10010F60 Val: 0x00000100
In clock cycle: 1179
Register Write to Reg: 0x07 Val: 0x00000000
In clock cycle: 1181
Register Write to Reg: 0x07 Val: 0x00000001
In clock cycle: 1181
Memory Write to Addr: 0x10010F64 Val: 0x00000001
In clock cycle: 1183
Register Write to Reg: 0x1C Val: 0x00000001
In clock cycle: 1184
Register Write to Reg: 0x07 Val: 0x00000002
In clock cycle: 1186
Register Write to Reg: 0x07 Val: 0x00000001
In clock cycle: 1188
Register Write to Reg: 0x00 Val: 0x004003A0
In clock cycle: 1189
Register Write to Reg: 0x07 Val: 0x00000100
In clock cycle: 1191
Register Write to Reg: 0x07 Val: 0x00010000
In clock cycle: 1191
Memory Write to Addr: 0x10010F60 Val: 0x00010000
In clock cycle: 1193
Register Write to Reg: 0x07 Val: 0x00000001
In clock cycle: 1195
Register Write to Reg: 0x07 Val: 0x00000002
In clock cycle: 1195
Memory Write to Addr: 0x10010F64 Val: 0x00000002
In clock cycle: 1197
Register Write to Reg: 0x1C Val: 0x00000002
In clock cycle: 1198
Register Write to Reg: 0x07 Val: 0x00000002
In clock cycle: 1200
Register Write to Reg: 0x07 Val: 0x00000000
In clock cycle: 1203
Register Write to Reg: 0x00 Val: 0x00000000
In clock cycle: 1204
Register Write to Reg: 0x07 Val: 0x100103A0
In clock cycle: 1205
Register Write to Reg: 0x07 Val: 0x10010024
In clock cycle: 1205
Memory Write to Addr: 0x10010F68 Val: 0x10010024
In clock cycle: 1207
Register Write to Reg: 0x07 Val: 0x10010024
In clock cycle: 1209
Register Write to Reg: 0x1C Val: 0x00000101
In clock cycle: 1210
Register Write to Reg: 0x07 Val: 0x00010000
In clock cycle: 1212
Register Write to Reg: 0x1C Val: 0x00010101
In clock cycle: 1213
Register Write to Reg: 0x07 Val: 0x10010024
In clock cycle: 1214
Memory Write to Addr: 0x10010024 Val: 0x00010101
In clock cycle: 1216
Register Write to Reg: 0x02 Val: 0x10010F58
In clock cycle: 1217
Register Write to Reg: 0x08 Val: 0x10010F78
In clock cycle: 1218
Register Write to Reg: 0x02 Val: 0x10010F78
In clock cycle: 1219
Register Write to Reg: 0x00 Val: 0x004003D4
In clock cycle: 1221
Register Write to Reg: 0x00 Val: 0x00000000
In clock cycle: 1222
Register Write to Reg: 0x07 Val: 0x10010F94
In clock cycle: 1223
Register Write to Reg: 0x1E Val: 0x00000002
In clock cycle: 1224
Register Write to Reg: 0x1D Val: 0x10010F94
In clock cycle: 1225
Register Write to Reg: 0x01 Val: 0x004001B8
In clock cycle: 1226
Register Write to Reg: 0x01 Val: 0x004001C4
In clock cycle: 1227
Register Write to Reg: 0x00 Val: 0x004001C4
In clock cycle: 1229
Register Write to Reg: 0x00 Val: 0x00000000
In clock cycle: 1230
Register Write to Reg: 0x02 Val: 0x10010F60
In clock cycle: 1230
Memory Write to Addr: 0x10010F74 Val: 0x10010F78
In clock cycle: 1232
Register Write to Reg: 0x08 Val: 0x10010F60
In clock cycle: 1233
Register Write to Reg: 0x1F Val: 0x00000000
In clock cycle: 1233
Memory Write to Addr: 0x10010F78 Val: 0x10010F94
In clock cycle: 1234
Memory Write to Addr: 0x10010F7C Val: 0x00000002
In clock cycle: 1236
Register Write to Reg: 0x07 Val: 0x00000002
In clock cycle: 1237
Memory Write to Addr: 0x10010F68 Val: 0x00000002
In clock cycle: 1238
Memory Write to Addr: 0x10010F6C Val: 0x00000000
In clock cycle: 1240
Register Write to Reg: 0x07 Val: 0x10010F94
In clock cycle: 1241
Register Write to Reg: 0x1D Val: 0x00000002
In clock cycle: 1242
Register Write to Reg: 0x1C Val: 0x00000000
In clock cycle: 1242
Memory Write to Addr: 0x10010F94 Val: 0x00000002
In clock cycle: 1243
Memory Write to Addr: 0x10010F98 Val: 0x00000000
In clock cycle: 1245
Register Write to Reg: 0x07 Val: 0x10010F94
In clock cycle: 1246
Register Write to Reg: 0x02 Val: 0x10010F60
In clock cycle: 1247
Register Write to Reg: 0x08 Val: 0x10010F78
In clock cycle: 1248
Register Write to Reg: 0x02 Val: 0x10010F78
In clock cycle: 1249
Register Write to Reg: 0x00 Val: 0x0040022C
In clock cycle: 1251
Register Write to Reg: 0x00 Val: 0x00000000
In clock cycle: 1252
Register Write to Reg: 0x07 Val: 0x10010F94
In clock cycle: 1253
Register Write to Reg: 0x1D Val: 0x10010F94
In clock cycle: 1254
Register Write to Reg: 0x01 Val: 0x004001CC
In clock cycle: 1255
Register Write to Reg: 0x01 Val: 0x004001D8
In clock cycle: 1256
Register Write to Reg: 0x00 Val: 0x004001D8
In clock cycle: 1257
Register Write to Reg: 0x02 Val: 0x10010F58
In clock cycle: 1257
Memory Write to Addr: 0x10010F74 Val: 0x004001D8
In clock cycle: 1258
Memory Write to Addr: 0x10010F70 Val: 0x10010F78
In clock cycle: 1260
Register Write to Reg: 0x08 Val: 0x10010F58
In clock cycle: 1260
Memory Write to Addr: 0x10010F78 Val: 0x10010F94
In clock cycle: 1262
Register Write to Reg: 0x00 Val: 0x00400244
In clock cycle: 1264
Register Write to Reg: 0x00 Val: 0x00000000
In clock cycle: 1265
Register Write to Reg: 0x07 Val: 0x10010F94
In clock cycle: 1267
Register Write to Reg: 0x07 Val: 0x00000000
In clock cycle: 1269
Register Write to Reg: 0x07 Val: 0x00000001
In clock cycle: 1271
Register Write to Reg: 0x00 Val: 0x004002AC
In clock cycle: 1273
Register Write to Reg: 0x00 Val: 0x00000000
In clock cycle: 1274
Register Write to Reg: 0x07 Val: 0x10010F94
In clock cycle: 1276
Register Write to Reg: 0x1C Val: 0x00000002
In clock cycle: 1277
Register Write to Reg: 0x07 Val: 0x10010F94
In clock cycle: 1279
Register Write to Reg: 0x07 Val: 0x00000000
In clock cycle: 1281
Register Write to Reg: 0x1E Val: 0x00000000
In clock cycle: 1282
Register Write to Reg: 0x1D Val: 0x00000002
In clock cycle: 1283
Register Write to Reg: 0x01 Val: 0x0040025C
In clock cycle: 1284
Register Write to Reg: 0x01 Val: 0x00400268
In clock cycle: 1285
Register Write to Reg: 0x00 Val: 0x00400268
In clock cycle: 1287
Register Write to Reg: 0x00 Val: 0x00000000
In clock cycle: 1288
Register Write to Reg: 0x02 Val: 0x10010F38
In clock cycle: 1288
Memory Write to Addr: 0x10010F54 Val: 0x10010F58
In clock cycle: 1290
Register Write to Reg: 0x08 Val: 0x10010F38
In clock cycle: 1290
Memory Write to Addr: 0x10010F58 Val: 0x00000002
In clock cycle: 1291
Memory Write to Addr: 0x10010F5C Val: 0x00000000
In clock cycle: 1293
Register Write to Reg: 0x07 Val: 0x100102D8
In clock cycle: 1294
Register Write to Reg: 0x07 Val: 0x10010014
In clock cycle: 1295
Register Write to Reg: 0x1C Val: 0x00000002
In clock cycle: 1297
Register Write to Reg: 0x1C Val: 0x00000008
In clock cycle: 1298
Register Write to Reg: 0x07 Val: 0x1001001C
In clock cycle: 1299
Register Write to Reg: 0x07 Val: 0x00000000
In clock cycle: 1300
Memory Write to Addr: 0x10010F48 Val: 0x00000000
In clock cycle: 1302
Register Write to Reg: 0x07 Val: 0x00000001
In clock cycle: 1302
Memory Write to Addr: 0x10010F40 Val: 0x00000001
In clock cycle: 1303
Memory Write to Addr: 0x10010F44 Val: 0x00000000
In clock cycle: 1305
Register Write to Reg: 0x00 Val: 0x00400304
In clock cycle: 1307
Register Write to Reg: 0x00 Val: 0x00000000
In clock cycle: 1308
Register Write to Reg: 0x1C Val: 0x00000000
In clock cycle: 1309
Register Write to Reg: 0x07 Val: 0x00000000
In clock cycle: 1311
Register Write to Reg: 0x07 Val: 0x00000000
In clock cycle: 1314
Register Write to Reg: 0x00 Val: 0x00000000
In clock cycle: 1315
Register Write to Reg: 0x1C Val: 0x00000001
In clock cycle: 1316
Register Write to Reg: 0x07 Val: 0x00000000
In clock cycle: 1318
Register Write to Reg: 0x07 Val: 0x00000000
In clock cycle: 1319
Register Write to Reg: 0x07 Val: 0x00000000
In clock cycle: 1320
Register Write to Reg: 0x07 Val: 0x00000000
In clock cycle: 1321
Register Write to Reg: 0x02 Val: 0x10010F38
In clock cycle: 1322
Register Write to Reg: 0x08 Val: 0x10010F58
In clock cycle: 1323
Register Write to Reg: 0x02 Val: 0x10010F58
In clock cycle: 1324
Register Write to Reg: 0x00 Val: 0x00400354
In clock cycle: 1326
Register Write to Reg: 0x00 Val: 0x00000000
In clock cycle: 1329
Register Write to Reg: 0x00 Val: 0x00000000
In clock cycle: 1330
Register Write to Reg: 0x07 Val: 0x10010F94
In clock cycle: 1332
Register Write to Reg: 0x07 Val: 0x00000000
In clock cycle: 1334
Register Write to Reg: 0x1C Val: 0x00000001
In clock cycle: 1335
Register Write to Reg: 0x07 Val: 0x10010F94
In clock cycle: 1336
Memory Write to Addr: 0x10010F98 Val: 0x00000001
In clock cycle: 1338
Register Write to Reg: 0x07 Val: 0x10010F94
In clock cycle: 1340
Register Write to Reg: 0x07 Val: 0x00000001
In clock cycle: 1342
Register Write to Reg: 0x07 Val: 0x00000001
In clock cycle: 1344
Register Write to Reg: 0x00 Val: 0x004002AC
In clock cycle: 1346
Register Write to Reg: 0x00 Val: 0x00000000
In clock cycle: 1347
Register Write to Reg: 0x07 Val: 0x10010F94
In clock cycle: 1349
Register Write to Reg: 0x1C Val: 0x00000002
In clock cycle: 1350
Register Write to Reg: 0x07 Val: 0x10010F94
In clock cycle: 1352
Register Write to Reg: 0x07 Val: 0x00000001
In clock cycle: 1354
Register Write to Reg: 0x1E Val: 0x00000001
In clock cycle: 1355
Register Write to Reg: 0x1D Val: 0x00000002
In clock cycle: 1356
Register Write to Reg: 0x01 Val: 0x0040025C
In clock cycle: 1357
Register Write to Reg: 0x01 Val: 0x00400268
In clock cycle: 1358
Register Write to Reg: 0x00 Val: 0x00400268
In clock cycle: 1359
Register Write to Reg: 0x02 Val: 0x10010F38
In clock cycle: 1359
Memory Write to Addr: 0x10010F54 Val: 0x10010F58
In clock cycle: 1361
Register Write to Reg: 0x08 Val: 0x10010F38
In clock cycle: 1361
Memory Write to Addr: 0x10010F58 Val: 0x00000002
In clock cycle: 1362
Memory Write to Addr: 0x10010F5C Val: 0x00000001
In clock cycle: 1364
Register Write to Reg: 0x07 Val: 0x100102D8
In clock cycle: 1365
Register Write to Reg: 0x07 Val: 0x10010014
In clock cycle: 1366
Register Write to Reg: 0x1C Val: 0x00000002
In clock cycle: 1368
Register Write to Reg: 0x1C Val: 0x00000008
In clock cycle: 1369
Register Write to Reg: 0x07 Val: 0x1001001C
In clock cycle: 1370
Register Write to Reg: 0x07 Val: 0x00000000
In clock cycle: 1371
Memory Write to Addr: 0x10010F48 Val: 0x00000000
In clock cycle: 1373
Register Write to Reg: 0x07 Val: 0x00000001
In clock cycle: 1373
Memory Write to Addr: 0x10010F40 Val: 0x00000001
In clock cycle: 1374
Memory Write to Addr: 0x10010F44 Val: 0x00000000
In clock cycle: 1376
Register Write to Reg: 0x00 Val: 0x00400304
In clock cycle: 1377
Register Write to Reg: 0x1C Val: 0x00000000
In clock cycle: 1378
Register Write to Reg: 0x07 Val: 0x00000001
In clock cycle: 1380
Register Write to Reg: 0x07 Val: 0x00000001
In clock cycle: 1382
Register Write to Reg: 0x00 Val: 0x00400330
In clock cycle: 1383
Register Write to Reg: 0x07 Val: 0x00000001
In clock cycle: 1385
Register Write to Reg: 0x07 Val: 0x00000002
In clock cycle: 1385
Memory Write to Addr: 0x10010F40 Val: 0x00000002
In clock cycle: 1387
Register Write to Reg: 0x07 Val: 0x00000000
In clock cycle: 1389
Register Write to Reg: 0x07 Val: 0x00000001
In clock cycle: 1389
Memory Write to Addr: 0x10010F44 Val: 0x00000001
In clock cycle: 1391
Register Write to Reg: 0x1C Val: 0x00000001
In clock cycle: 1392
Register Write to Reg: 0x07 Val: 0x00000001
In clock cycle: 1394
Register Write to Reg: 0x07 Val: 0x00000000
In clock cycle: 1397
Register Write to Reg: 0x00 Val: 0x00000000
In clock cycle: 1398
Register Write to Reg: 0x1C Val: 0x00000002
In clock cycle: 1399
Register Write to Reg: 0x07 Val: 0x00000000
In clock cycle: 1401
Register Write to Reg: 0x07 Val: 0x00000000
In clock cycle: 1402
Register Write to Reg: 0x07 Val: 0x00000000
In clock cycle: 1403
Register Write to Reg: 0x07 Val: 0x00000000
In clock cycle: 1404
Register Write to Reg: 0x02 Val: 0x10010F38
In clock cycle: 1405
Register Write to Reg: 0x08 Val: 0x10010F58
In clock cycle: 1406
Register Write to Reg: 0x02 Val: 0x10010F58
In clock cycle: 1407
Register Write to Reg: 0x00 Val: 0x00400354
In clock cycle: 1409
Register Write to Reg: 0x00 Val: 0x00000000
In clock cycle: 1412
Register Write to Reg: 0x00 Val: 0x00000000
In clock cycle: 1413
Register Write to Reg: 0x07 Val: 0x10010F94
In clock cycle: 1415
Register Write to Reg: 0x07 Val: 0x00000001
In clock cycle: 1417
Register Write to Reg: 0x1C Val: 0x00000002
In clock cycle: 1418
Register Write to Reg: 0x07 Val: 0x10010F94
In clock cycle: 1419
Memory Write to Addr: 0x10010F98 Val: 0x00000002
In clock cycle: 1421
Register Write to Reg: 0x07 Val: 0x10010F94
In clock cycle: 1423
Register Write to Reg: 0x07 Val: 0x00000002
In clock cycle: 1425
Register Write to Reg: 0x07 Val: 0x00000001
In clock cycle: 1427
Register Write to Reg: 0x00 Val: 0x004002AC
In clock cycle: 1429
Register Write to Reg: 0x00 Val: 0x00000000
In clock cycle: 1430
Register Write to Reg: 0x07 Val: 0x10010F94
In clock cycle: 1432
Register Write to Reg: 0x1C Val: 0x00000002
In clock cycle: 1433
Register Write to Reg: 0x07 Val: 0x10010F94
In clock cycle: 1435
Register Write to Reg: 0x07 Val: 0x00000002
In clock cycle: 1437
Register Write to Reg: 0x1E Val: 0x00000002
In clock cycle: 1438
Register Write to Reg: 0x1D Val: 0x00000002
In clock cycle: 1439
Register Write to Reg: 0x01 Val: 0x0040025C
In clock cycle: 1440
Register Write to Reg: 0x01 Val: 0x00400268
In clock cycle: 1441
Register Write to Reg: 0x00 Val: 0x00400268
In clock cycle: 1442
Register Write to Reg: 0x02 Val: 0x10010F38
In clock cycle: 1442
Memory Write to Addr: 0x10010F54 Val: 0x10010F58
In clock cycle: 1444
Register Write to Reg: 0x08 Val: 0x10010F38
In clock cycle: 1444
Memory Write to Addr: 0x10010F58 Val: 0x00000002
In clock cycle: 1445
Memory Write to Addr: 0x10010F5C Val: 0x00000002
In clock cycle: 1447
Register Write to Reg: 0x07 Val: 0x100102D8
In clock cycle: 1448
Register Write to Reg: 0x07 Val: 0x10010014
In clock cycle: 1449
Register Write to Reg: 0x1C Val: 0x00000002
In clock cycle: 1451
Register Write to Reg: 0x1C Val: 0x00000008
In clock cycle: 1452
Register Write to Reg: 0x07 Val: 0x1001001C
In clock cycle: 1453
Register Write to Reg: 0x07 Val: 0x00000000
In clock cycle: 1454
Memory Write to Addr: 0x10010F48 Val: 0x00000000
In clock cycle: 1456
Register Write to Reg: 0x07 Val: 0x00000001
In clock cycle: 1456
Memory Write to Addr: 0x10010F40 Val: 0x00000001
In clock cycle: 1457
Memory Write to Addr: 0x10010F44 Val: 0x00000000
In clock cycle: 1459
Register Write to Reg: 0x00 Val: 0x00400304
In clock cycle: 1460
Register Write to Reg: 0x1C Val: 0x00000000
In clock cycle: 1461
Register Write to Reg: 0x07 Val: 0x00000002
In clock cycle: 1463
Register Write to Reg: 0x07 Val: 0x00000001
In clock cycle: 1465
Register Write to Reg: 0x00 Val: 0x00400330
In clock cycle: 1466
Register Write to Reg: 0x07 Val: 0x00000001
In clock cycle: 1468
Register Write to Reg: 0x07 Val: 0x00000002
In clock cycle: 1468
Memory Write to Addr: 0x10010F40 Val: 0x00000002
In clock cycle: 1470
Register Write to Reg: 0x07 Val: 0x00000000
In clock cycle: 1472
Register Write to Reg: 0x07 Val: 0x00000001
In clock cycle: 1472
Memory Write to Addr: 0x10010F44 Val: 0x00000001
In clock cycle: 1474
Register Write to Reg: 0x1C Val: 0x00000001
In clock cycle: 1475
Register Write to Reg: 0x07 Val: 0x00000002
In clock cycle: 1477
Register Write to Reg: 0x07 Val: 0x00000001
In clock cycle: 1479
Register Write to Reg: 0x00 Val: 0x00400330
In clock cycle: 1480
Register Write to Reg: 0x07 Val: 0x00000002
In clock cycle: 1482
Register Write to Reg: 0x07 Val: 0x00000004
In clock cycle: 1482
Memory Write to Addr: 0x10010F40 Val: 0x00000004
In clock cycle: 1484
Register Write to Reg: 0x07 Val: 0x00000001
In clock cycle: 1486
Register Write to Reg: 0x07 Val: 0x00000002
In clock cycle: 1486
Memory Write to Addr: 0x10010F44 Val: 0x00000002
In clock cycle: 1488
Register Write to Reg: 0x1C Val: 0x00000002
In clock cycle: 1489
Register Write to Reg: 0x07 Val: 0x00000002
In clock cycle: 1491
Register Write to Reg: 0x07 Val: 0x00000000
In clock cycle: 1494
Register Write to Reg: 0x00 Val: 0x00000000
In clock cycle: 1495
Register Write to Reg: 0x1C Val: 0x00000004
In clock cycle: 1496
Register Write to Reg: 0x07 Val: 0x00000000
In clock cycle: 1498
Register Write to Reg: 0x07 Val: 0x00000000
In clock cycle: 1499
Register Write to Reg: 0x07 Val: 0x00000000
In clock cycle: 1500
Register Write to Reg: 0x07 Val: 0x00000000
In clock cycle: 1501
Register Write to Reg: 0x02 Val: 0x10010F38
In clock cycle: 1502
Register Write to Reg: 0x08 Val: 0x10010F58
In clock cycle: 1503
Register Write to Reg: 0x02 Val: 0x10010F58
In clock cycle: 1504
Register Write to Reg: 0x00 Val: 0x00400354
In clock cycle: 1506
Register Write to Reg: 0x00 Val: 0x00000000
In clock cycle: 1509
Register Write to Reg: 0x00 Val: 0x00000000
In clock cycle: 1510
Register Write to Reg: 0x07 Val: 0x10010F94
In clock cycle: 1512
Register Write to Reg: 0x07 Val: 0x00000002
In clock cycle: 1514
Register Write to Reg: 0x1C Val: 0x00000003
In clock cycle: 1515
Register Write to Reg: 0x07 Val: 0x10010F94
In clock cycle: 1516
Memory Write to Addr: 0x10010F98 Val: 0x00000003
In clock cycle: 1518
Register Write to Reg: 0x07 Val: 0x10010F94
In clock cycle: 1520
Register Write to Reg: 0x07 Val: 0x00000003
In clock cycle: 1522
Register Write to Reg: 0x07 Val: 0x00000001
In clock cycle: 1524
Register Write to Reg: 0x00 Val: 0x004002AC
In clock cycle: 1526
Register Write to Reg: 0x00 Val: 0x00000000
In clock cycle: 1527
Register Write to Reg: 0x07 Val: 0x10010F94
In clock cycle: 1529
Register Write to Reg: 0x1C Val: 0x00000002
In clock cycle: 1530
Register Write to Reg: 0x07 Val: 0x10010F94
In clock cycle: 1532
Register Write to Reg: 0x07 Val: 0x00000003
In clock cycle: 1534
Register Write to Reg: 0x1E Val: 0x00000003
In clock cycle: 1535
Register Write to Reg: 0x1D Val: 0x00000002
In clock cycle: 1536
Register Write to Reg: 0x01 Val: 0x0040025C
In clock cycle: 1537
Register Write to Reg: 0x01 Val: 0x00400268
In clock cycle: 1538
Register Write to Reg: 0x00 Val: 0x00400268
In clock cycle: 1539
Register Write to Reg: 0x02 Val: 0x10010F38
In clock cycle: 1539
Memory Write to Addr: 0x10010F54 Val: 0x10010F58
In clock cycle: 1541
Register Write to Reg: 0x08 Val: 0x10010F38
In clock cycle: 1541
Memory Write to Addr: 0x10010F58 Val: 0x00000002
In clock cycle: 1542
Memory Write to Addr: 0x10010F5C Val: 0x00000003
In clock cycle: 1544
Register Write to Reg: 0x07 Val: 0x100102D8
In clock cycle: 1545
Register Write to Reg: 0x07 Val: 0x10010014
In clock cycle: 1546
Register Write to Reg: 0x1C Val: 0x00000002
In clock cycle: 1548
Register Write to Reg: 0x1C Val: 0x00000008
In clock cycle: 1549
Register Write to Reg: 0x07 Val: 0x1001001C
In clock cycle: 1550
Register Write to Reg: 0x07 Val: 0x00000000
In clock cycle: 1551
Memory Write to Addr: 0x10010F48 Val: 0x00000000
In clock cycle: 1553
Register Write to Reg: 0x07 Val: 0x00000001
In clock cycle: 1553
Memory Write to Addr: 0x10010F40 Val: 0x00000001
In clock cycle: 1554
Memory Write to Addr: 0x10010F44 Val: 0x00000000
In clock cycle: 1556
Register Write to Reg: 0x00 Val: 0x00400304
In clock cycle: 1557
Register Write to Reg: 0x1C Val: 0x00000000
In clock cycle: 1558
Register Write to Reg: 0x07 Val: 0x00000003
In clock cycle: 1560
Register Write to Reg: 0x07 Val: 0x00000001
In clock cycle: 1562
Register Write to Reg: 0x00 Val: 0x00400330
In clock cycle: 1563
Register Write to Reg: 0x07 Val: 0x00000001
In clock cycle: 1565
Register Write to Reg: 0x07 Val: 0x00000002
In clock cycle: 1565
Memory Write to Addr: 0x10010F40 Val: 0x00000002
In clock cycle: 1567
Register Write to Reg: 0x07 Val: 0x00000000
In clock cycle: 1569
Register Write to Reg: 0x07 Val: 0x00000001
In clock cycle: 1569
Memory Write to Addr: 0x10010F44 Val: 0x00000001
In clock cycle: 1571
Register Write to Reg: 0x1C Val: 0x00000001
In clock cycle: 1572
Register Write to Reg: 0x07 Val: 0x00000003
In clock cycle: 1574
Register Write to Reg: 0x07 Val: 0x00000001
In clock cycle: 1576
Register Write to Reg: 0x00 Val: 0x00400330
In clock cycle: 1577
Register Write to Reg: 0x07 Val: 0x00000002
In clock cycle: 1579
Register Write to Reg: 0x07 Val: 0x00000004
In clock cycle: 1579
Memory Write to Addr: 0x10010F40 Val: 0x00000004
In clock cycle: 1581
Register Write to Reg: 0x07 Val: 0x00000001
In clock cycle: 1583
Register Write to Reg: 0x07 Val: 0x00000002
In clock cycle: 1583
Memory Write to Addr: 0x10010F44 Val: 0x00000002
In clock cycle: 1585
Register Write to Reg: 0x1C Val: 0x00000002
In clock cycle: 1586
Register Write to Reg: 0x07 Val: 0x00000003
In clock cycle: 1588
Register Write to Reg: 0x07 Val: 0x00000001
In clock cycle: 1590
Register Write to Reg: 0x00 Val: 0x00400330
In clock cycle: 1591
Register Write to Reg: 0x07 Val: 0x00000004
In clock cycle: 1593
Register Write to Reg: 0x07 Val: 0x00000008
In clock cycle: 1593
Memory Write to Addr: 0x10010F40 Val: 0x00000008
In clock cycle: 1595
Register Write to Reg: 0x07 Val: 0x00000002
In clock cycle: 1597
Register Write to Reg: 0x07 Val: 0x00000003
In clock cycle: 1597
Memory Write to Addr: 0x10010F44 Val: 0x00000003
In clock cycle: 1599
Register Write to Reg: 0x1C Val: 0x00000003
In clock cycle: 1600
Register Write to Reg: 0x07 Val: 0x00000003
In clock cycle: 1602
Register Write to Reg: 0x07 Val: 0x00000000
In clock cycle: 1605
Register Write to Reg: 0x00 Val: 0x00000000
In clock cycle: 1606
Register Write to Reg: 0x1C Val: 0x00000008
In clock cycle: 1607
Register Write to Reg: 0x07 Val: 0x00000000
In clock cycle: 1609
Register Write to Reg: 0x07 Val: 0x00000000
In clock cycle: 1610
Register Write to Reg: 0x07 Val: 0x00000000
In clock cycle: 1611
Register Write to Reg: 0x07 Val: 0x00000000
In clock cycle: 1612
Register Write to Reg: 0x02 Val: 0x10010F38
In clock cycle: 1613
Register Write to Reg: 0x08 Val: 0x10010F58
In clock cycle: 1614
Register Write to Reg: 0x02 Val: 0x10010F58
In clock cycle: 1615
Register Write to Reg: 0x00 Val: 0x00400354
In clock cycle: 1617
Register Write to Reg: 0x00 Val: 0x00000000
In clock cycle: 1620
Register Write to Reg: 0x00 Val: 0x00000000
In clock cycle: 1621
Register Write to Reg: 0x07 Val: 0x10010F94
In clock cycle: 1623
Register Write to Reg: 0x07 Val: 0x00000003
In clock cycle: 1625
Register Write to Reg: 0x1C Val: 0x00000004
In clock cycle: 1626
Register Write to Reg: 0x07 Val: 0x10010F94
In clock cycle: 1627
Memory Write to Addr: 0x10010F98 Val: 0x00000004
In clock cycle: 1629
Register Write to Reg: 0x07 Val: 0x10010F94
In clock cycle: 1631
Register Write to Reg: 0x07 Val: 0x00000004
In clock cycle: 1633
Register Write to Reg: 0x07 Val: 0x00000000
In clock cycle: 1636
Register Write to Reg: 0x00 Val: 0x00000000
In clock cycle: 1637
Register Write to Reg: 0x07 Val: 0xFFFFFFFF
In clock cycle: 1638
Register Write to Reg: 0x02 Val: 0x10010F58
In clock cycle: 1639
Register Write to Reg: 0x01 Val: 0x004001D8
In clock cycle: 1640
Register Write to Reg: 0x08 Val: 0x10010F78
In clock cycle: 1641
Register Write to Reg: 0x02 Val: 0x10010F78
In clock cycle: 1642
Register Write to Reg: 0x00 Val: 0x004002C4
In clock cycle: 1644
Register Write to Reg: 0x00 Val: 0x00000000
In clock cycle: 1644
Memory Write to Addr: 0x10010F90 Val: 0xFFFFFFFF
In clock cycle: 1646
Register Write to Reg: 0x00 Val: 0x004001E0
In clock cycle: 1648
Register Write to Reg: 0x00 Val: 0x00000000
In clock cycle: 1649
Register Write to Reg: 0x1C Val: 0xFFFFFFFF
In clock cycle: 1650
Register Write to Reg: 0x07 Val: 0xFFFFFFFF
In clock cycle: 1653
Register Write to Reg: 0x00 Val: 0x00000000
In clock cycle: 1654
Register Write to Reg: 0x07 Val: 0x10010110
In clock cycle: 1655
Register Write to Reg: 0x07 Val: 0x10010028
In clock cycle: 1656
Register Write to Reg: 0x07 Val: 0x00000002
In clock cycle: 1658
Register Write to Reg: 0x1D Val: 0x00000001
In clock cycle: 1659
Register Write to Reg: 0x1C Val: 0x10010120
In clock cycle: 1660
Register Write to Reg: 0x1C Val: 0x10010028
In clock cycle: 1660
Memory Write to Addr: 0x10010028 Val: 0x00000001
In clock cycle: 1662
Register Write to Reg: 0x1D Val: 0x1001012C
In clock cycle: 1663
Register Write to Reg: 0x1D Val: 0x10010000
In clock cycle: 1664
Register Write to Reg: 0x1C Val: 0x00000008
In clock cycle: 1665
Register Write to Reg: 0x1C Val: 0x00000004
In clock cycle: 1666
Register Write to Reg: 0x1C Val: 0x00000002
In clock cycle: 1667
Register Write to Reg: 0x1C Val: 0x00000008
In clock cycle: 1668
Register Write to Reg: 0x1F Val: 0x004001DA
In clock cycle: 1669
Register Write to Reg: 0x1F Val: 0x004001DA
In clock cycle: 1670
Register Write to Reg: 0x1F Val: 0xFFBFFE26
In clock cycle: 1671
Register Write to Reg: 0x07 Val: 0x10010150
In clock cycle: 1672
Register Write to Reg: 0x07 Val: 0x10010000
In clock cycle: 1673
Register Write to Reg: 0x0B Val: 0x00010000
In clock cycle: 1674
Register Write to Reg: 0x0B Val: 0x0000FFFF
In clock cycle: 1675
Register Write to Reg: 0x1F Val: 0x00000000
In clock cycle: 1676
Register Write to Reg: 0x07 Val: 0x10010000
In clock cycle: 1677
Register Write to Reg: 0x07 Val: 0x10010008
In clock cycle: 1678
Register Write to Reg: 0x1C Val: 0x00000002
In clock cycle: 1679
Memory Write to Addr: 0x10010008 Val: 0x00000002
In clock cycle: 1681
Register Write to Reg: 0x02 Val: 0x10010F78
In clock cycle: 1682
Register Write to Reg: 0x01 Val: 0x004000E8
In clock cycle: 1683
Register Write to Reg: 0x08 Val: 0x10010FA8
In clock cycle: 1684
Register Write to Reg: 0x02 Val: 0x10010FA8
In clock cycle: 1685
Register Write to Reg: 0x00 Val: 0x00400188
In clock cycle: 1687
Register Write to Reg: 0x00 Val: 0x00000000
In clock cycle: 1688
Register Write to Reg: 0x07 Val: 0x10010FC4
In clock cycle: 1689
Register Write to Reg: 0x1D Val: 0x10010FC4
In clock cycle: 1690
Register Write to Reg: 0x01 Val: 0x004000F0
In clock cycle: 1691
Register Write to Reg: 0x01 Val: 0x004000FC
In clock cycle: 1692
Register Write to Reg: 0x00 Val: 0x004000FC
In clock cycle: 1693
Register Write to Reg: 0x02 Val: 0x10010F88
In clock cycle: 1693
Memory Write to Addr: 0x10010FA4 Val: 0x004000FC
In clock cycle: 1694
Memory Write to Addr: 0x10010FA0 Val: 0x10010FA8
In clock cycle: 1696
Register Write to Reg: 0x08 Val: 0x10010F88
In clock cycle: 1696
Memory Write to Addr: 0x10010FA8 Val: 0x10010FC4
In clock cycle: 1698
Register Write to Reg: 0x00 Val: 0x00400244
In clock cycle: 1700
Register Write to Reg: 0x00 Val: 0x00000000
In clock cycle: 1701
Register Write to Reg: 0x07 Val: 0x10010FC4
In clock cycle: 1703
Register Write to Reg: 0x07 Val: 0x00000003
In clock cycle: 1705
Register Write to Reg: 0x07 Val: 0x00000001
In clock cycle: 1707
Register Write to Reg: 0x00 Val: 0x004002AC
In clock cycle: 1709
Register Write to Reg: 0x00 Val: 0x00000000
In clock cycle: 1710
Register Write to Reg: 0x07 Val: 0x10010FC4
In clock cycle: 1712
Register Write to Reg: 0x1C Val: 0x00000000
In clock cycle: 1713
Register Write to Reg: 0x07 Val: 0x10010FC4
In clock cycle: 1715
Register Write to Reg: 0x07 Val: 0x00000003
In clock cycle: 1717
Register Write to Reg: 0x1E Val: 0x00000003
In clock cycle: 1718
Register Write to Reg: 0x1D Val: 0x00000000
In clock cycle: 1719
Register Write to Reg: 0x01 Val: 0x0040025C
In clock cycle: 1720
Register Write to Reg: 0x01 Val: 0x00400268
In clock cycle: 1721
Register Write to Reg: 0x00 Val: 0x00400268
In clock cycle: 1723
Register Write to Reg: 0x00 Val: 0x00000000
In clock cycle: 1724
Register Write to Reg: 0x02 Val: 0x10010F68
In clock cycle: 1724
Memory Write to Addr: 0x10010F84 Val: 0x10010F88
In clock cycle: 1726
Register Write to Reg: 0x08 Val: 0x10010F68
In clock cycle: 1726
Memory Write to Addr: 0x10010F88 Val: 0x00000000
In clock cycle: 1727
Memory Write to Addr: 0x10010F8C Val: 0x00000003
In clock cycle: 1729
Register Write to Reg: 0x07 Val: 0x100102D8
In clock cycle: 1730
Register Write to Reg: 0x07 Val: 0x10010014
In clock cycle: 1731
Register Write to Reg: 0x1C Val: 0x00000000
In clock cycle: 1733
Register Write to Reg: 0x1C Val: 0x00000000
In clock cycle: 1734
Register Write to Reg: 0x07 Val: 0x10010014
In clock cycle: 1735
Register Write to Reg: 0x07 Val: 0x00000006
In clock cycle: 1736
Memory Write to Addr: 0x10010F78 Val: 0x00000006
In clock cycle: 1738
Register Write to Reg: 0x07 Val: 0x00000001
In clock cycle: 1738
Memory Write to Addr: 0x10010F70 Val: 0x00000001
In clock cycle: 1739
Memory Write to Addr: 0x10010F74 Val: 0x00000000
In clock cycle: 1741
Register Write to Reg: 0x00 Val: 0x00400304
In clock cycle: 1743
Register Write to Reg: 0x00 Val: 0x00000000
In clock cycle: 1744
Register Write to Reg: 0x1C Val: 0x00000000
In clock cycle: 1745
Register Write to Reg: 0x07 Val: 0x00000003
In clock cycle: 1747
Register Write to Reg: 0x07 Val: 0x00000001
In clock cycle: 1749
Register Write to Reg: 0x00 Val: 0x00400330
In clock cycle: 1750
Register Write to Reg: 0x07 Val: 0x00000001
In clock cycle: 1752
Register Write to Reg: 0x07 Val: 0x00000002
In clock cycle: 1752
Memory Write to Addr: 0x10010F70 Val: 0x00000002
In clock cycle: 1754
Register Write to Reg: 0x07 Val: 0x00000000
In clock cycle: 1756
Register Write to Reg: 0x07 Val: 0x00000001
In clock cycle: 1756
Memory Write to Addr: 0x10010F74 Val: 0x00000001
In clock cycle: 1758
Register Write to Reg: 0x1C Val: 0x00000001
In clock cycle: 1759
Register Write to Reg: 0x07 Val: 0x00000003
In clock cycle: 1761
Register Write to Reg: 0x07 Val: 0x00000001
In clock cycle: 1763
Register Write to Reg: 0x00 Val: 0x00400330
In clock cycle: 1764
Register Write to Reg: 0x07 Val: 0x00000002
In clock cycle: 1766
Register Write to Reg: 0x07 Val: 0x00000004
In clock cycle: 1766
Memory Write to Addr: 0x10010F70 Val: 0x00000004
In clock cycle: 1768
Register Write to Reg: 0x07 Val: 0x00000001
In clock cycle: 1770
Register Write to Reg: 0x07 Val: 0x00000002
In clock cycle: 1770
Memory Write to Addr: 0x10010F74 Val: 0x00000002
In clock cycle: 1772
Register Write to Reg: 0x1C Val: 0x00000002
In clock cycle: 1773
Register Write to Reg: 0x07 Val: 0x00000003
In clock cycle: 1775
Register Write to Reg: 0x07 Val: 0x00000001
In clock cycle: 1777
Register Write to Reg: 0x00 Val: 0x00400330
In clock cycle: 1778
Register Write to Reg: 0x07 Val: 0x00000004
In clock cycle: 1780
Register Write to Reg: 0x07 Val: 0x00000008
In clock cycle: 1780
Memory Write to Addr: 0x10010F70 Val: 0x00000008
In clock cycle: 1782
Register Write to Reg: 0x07 Val: 0x00000002
In clock cycle: 1784
Register Write to Reg: 0x07 Val: 0x00000003
In clock cycle: 1784
Memory Write to Addr: 0x10010F74 Val: 0x00000003
In clock cycle: 1786
Register Write to Reg: 0x1C Val: 0x00000003
In clock cycle: 1787
Register Write to Reg: 0x07 Val: 0x00000003
In clock cycle: 1789
Register Write to Reg: 0x07 Val: 0x00000000
In clock cycle: 1792
Register Write to Reg: 0x00 Val: 0x00000000
In clock cycle: 1793
Register Write to Reg: 0x1C Val: 0x00000008
In clock cycle: 1794
Register Write to Reg: 0x07 Val: 0x00000006
In clock cycle: 1796
Register Write to Reg: 0x07 Val: 0x00000000
In clock cycle: 1797
Register Write to Reg: 0x07 Val: 0x00000000
In clock cycle: 1798
Register Write to Reg: 0x07 Val: 0x00000000
In clock cycle: 1799
Register Write to Reg: 0x02 Val: 0x10010F68
In clock cycle: 1800
Register Write to Reg: 0x08 Val: 0x10010F88
In clock cycle: 1801
Register Write to Reg: 0x02 Val: 0x10010F88
In clock cycle: 1802
Register Write to Reg: 0x00 Val: 0x00400354
In clock cycle: 1804
Register Write to Reg: 0x00 Val: 0x00000000
In clock cycle: 1807
Register Write to Reg: 0x00 Val: 0x00000000
In clock cycle: 1808
Register Write to Reg: 0x07 Val: 0x10010FC4
In clock cycle: 1810
Register Write to Reg: 0x07 Val: 0x00000003
In clock cycle: 1812
Register Write to Reg: 0x1C Val: 0x00000004
In clock cycle: 1813
Register Write to Reg: 0x07 Val: 0x10010FC4
In clock cycle: 1814
Memory Write to Addr: 0x10010FC8 Val: 0x00000004
In clock cycle: 1816
Register Write to Reg: 0x07 Val: 0x10010FC4
In clock cycle: 1818
Register Write to Reg: 0x07 Val: 0x00000004
In clock cycle: 1820
Register Write to Reg: 0x07 Val: 0x00000000
In clock cycle: 1823
Register Write to Reg: 0x00 Val: 0x00000000
In clock cycle: 1824
Register Write to Reg: 0x07 Val: 0xFFFFFFFF
In clock cycle: 1825
Register Write to Reg: 0x02 Val: 0x10010F88
In clock cycle: 1826
Register Write to Reg: 0x01 Val: 0x004000FC
In clock cycle: 1827
Register Write to Reg: 0x08 Val: 0x10010FA8
In clock cycle: 1828
Register Write to Reg: 0x02 Val: 0x10010FA8
In clock cycle: 1829
Register Write to Reg: 0x00 Val: 0x004002C4
In clock cycle: 1831
Register Write to Reg: 0x00 Val: 0x00000000
In clock cycle: 1831
Memory Write to Addr: 0x10010FC0 Val: 0xFFFFFFFF
In clock cycle: 1833
Register Write to Reg: 0x1C Val: 0xFFFFFFFF
In clock cycle: 1834
Register Write to Reg: 0x07 Val: 0xFFFFFFFF
In clock cycle: 1836
Register Write to Reg: 0x07 Val: 0x10010110
In clock cycle: 1837
Register Write to Reg: 0x07 Val: 0x10010028
In clock cycle: 1838
Register Write to Reg: 0x07 Val: 0x00000001
In clock cycle: 1840
Register Write to Reg: 0x1D Val: 0x00000000
In clock cycle: 1841
Register Write to Reg: 0x1C Val: 0x10010120
In clock cycle: 1842
Register Write to Reg: 0x1C Val: 0x10010028
In clock cycle: 1842
Memory Write to Addr: 0x10010028 Val: 0x00000000
In clock cycle: 1844
Register Write to Reg: 0x1D Val: 0x1001012C
In clock cycle: 1845
Register Write to Reg: 0x1D Val: 0x10010000
In clock cycle: 1846
Register Write to Reg: 0x1C Val: 0x00000004
In clock cycle: 1847
Register Write to Reg: 0x1C Val: 0x00000002
In clock cycle: 1848
Register Write to Reg: 0x1C Val: 0x00000001
In clock cycle: 1849
Register Write to Reg: 0x1C Val: 0x00000004
In clock cycle: 1850
Register Write to Reg: 0x1F Val: 0x004000FD
In clock cycle: 1851
Register Write to Reg: 0x1F Val: 0x004000FD
In clock cycle: 1852
Register Write to Reg: 0x1F Val: 0xFFBFFF03
In clock cycle: 1853
Register Write to Reg: 0x07 Val: 0x10010150
In clock cycle: 1854
Register Write to Reg: 0x07 Val: 0x10010000
In clock cycle: 1855
Register Write to Reg: 0x0B Val: 0x00010000
In clock cycle: 1856
Register Write to Reg: 0x0B Val: 0x0000FFFF
In clock cycle: 1857
Register Write to Reg: 0x1F Val: 0x00000000
In clock cycle: 1858
Register Write to Reg: 0x07 Val: 0x10010000
In clock cycle: 1859
Register Write to Reg: 0x07 Val: 0x10010004
In clock cycle: 1860
Register Write to Reg: 0x1C Val: 0x00000000
In clock cycle: 1861
Memory Write to Addr: 0x10010004 Val: 0x00000000
In clock cycle: 1863
Register Write to Reg: 0x02 Val: 0x10010FA8
In clock cycle: 1864
Register Write to Reg: 0x01 Val: 0x00400064
In clock cycle: 1865
Register Write to Reg: 0x08 Val: 0x10010FD8
In clock cycle: 1866
Register Write to Reg: 0x02 Val: 0x10010FD8
In clock cycle: 1867
Register Write to Reg: 0x00 Val: 0x00400188
In clock cycle: 1869
Register Write to Reg: 0x00 Val: 0x00000000
In clock cycle: 1870
Register Write to Reg: 0x07 Val: 0x00000000
In clock cycle: 1872
Register Write to Reg: 0x07 Val: 0x00000001
In clock cycle: 1872
Memory Write to Addr: 0x10010FF0 Val: 0x00000001
In clock cycle: 1874
Register Write to Reg: 0x07 Val: 0x00000001
In clock cycle: 1876
Register Write to Reg: 0x07 Val: 0x00000001
In clock cycle: 1878
Register Write to Reg: 0x00 Val: 0x00400080
In clock cycle: 1879
Register Write to Reg: 0x1D Val: 0x00000001
In clock cycle: 1880
Register Write to Reg: 0x01 Val: 0x0040003C
In clock cycle: 1881
Register Write to Reg: 0x01 Val: 0x00400048
In clock cycle: 1882
Register Write to Reg: 0x00 Val: 0x00400048
In clock cycle: 1884
Register Write to Reg: 0x00 Val: 0x00000000
In clock cycle: 1885
Register Write to Reg: 0x02 Val: 0x10010FB8
In clock cycle: 1885
Memory Write to Addr: 0x10010FD4 Val: 0x10010FD8
In clock cycle: 1887
Register Write to Reg: 0x08 Val: 0x10010FB8
In clock cycle: 1887
Memory Write to Addr: 0x10010FD8 Val: 0x00000001
In clock cycle: 1889
Register Write to Reg: 0x07 Val: 0x00000001
In clock cycle: 1889
Memory Write to Addr: 0x10010FC0 Val: 0x00000001
In clock cycle: 1890
Memory Write to Addr: 0x10010FC4 Val: 0x00000000
In clock cycle: 1892
Register Write to Reg: 0x00 Val: 0x004003F4
In clock cycle: 1894
Register Write to Reg: 0x00 Val: 0x00000000
In clock cycle: 1895
Register Write to Reg: 0x1C Val: 0x00000000
In clock cycle: 1896
Register Write to Reg: 0x07 Val: 0x00000001
In clock cycle: 1898
Register Write to Reg: 0x07 Val: 0x00000001
In clock cycle: 1900
Register Write to Reg: 0x00 Val: 0x00400420
In clock cycle: 1902
Register Write to Reg: 0x00 Val: 0x00000000
In clock cycle: 1903
Register Write to Reg: 0x07 Val: 0x00000001
In clock cycle: 1905
Register Write to Reg: 0x07 Val: 0x00000100
In clock cycle: 1905
Memory Write to Addr: 0x10010FC0 Val: 0x00000100
In clock cycle: 1907
Register Write to Reg: 0x07 Val: 0x00000000
In clock cycle: 1909
Register Write to Reg: 0x07 Val: 0x00000001
In clock cycle: 1909
Memory Write to Addr: 0x10010FC4 Val: 0x00000001
In clock cycle: 1911
Register Write to Reg: 0x1C Val: 0x00000001
In clock cycle: 1912
Register Write to Reg: 0x07 Val: 0x00000001
In clock cycle: 1914
Register Write to Reg: 0x07 Val: 0x00000000
In clock cycle: 1917
Register Write to Reg: 0x00 Val: 0x00000000
In clock cycle: 1918
Register Write to Reg: 0x07 Val: 0x10010420
In clock cycle: 1919
Register Write to Reg: 0x07 Val: 0x10010024
In clock cycle: 1920
Register Write to Reg: 0x07 Val: 0x00010101
In clock cycle: 1921
Memory Write to Addr: 0x10010FC8 Val: 0x00010101
In clock cycle: 1923
Register Write to Reg: 0x1C Val: 0x00010101
In clock cycle: 1924
Register Write to Reg: 0x07 Val: 0x00000100
In clock cycle: 1926
Register Write to Reg: 0x07 Val: 0x00000100
In clock cycle: 1927
Register Write to Reg: 0x07 Val: 0x00000001
In clock cycle: 1928
Register Write to Reg: 0x07 Val: 0x00000001
In clock cycle: 1929
Register Write to Reg: 0x02 Val: 0x10010FB8
In clock cycle: 1930
Register Write to Reg: 0x08 Val: 0x10010FD8
In clock cycle: 1931
Register Write to Reg: 0x02 Val: 0x10010FD8
In clock cycle: 1932
Register Write to Reg: 0x00 Val: 0x00400454
In clock cycle: 1934
Register Write to Reg: 0x00 Val: 0x00000000
In clock cycle: 1935
Register Write to Reg: 0x07 Val: 0x00000000
In clock cycle: 1936
Register Write to Reg: 0x07 Val: 0x00000000
In clock cycle: 1939
Register Write to Reg: 0x00 Val: 0x00000000
In clock cycle: 1940
Register Write to Reg: 0x07 Val: 0x00000001
In clock cycle: 1942
Register Write to Reg: 0x07 Val: 0x00000002
In clock cycle: 1942
Memory Write to Addr: 0x10010FF0 Val: 0x00000002
In clock cycle: 1944
Register Write to Reg: 0x07 Val: 0x00000002
In clock cycle: 1946
Register Write to Reg: 0x07 Val: 0x00000001
In clock cycle: 1948
Register Write to Reg: 0x00 Val: 0x00400080
In clock cycle: 1949
Register Write to Reg: 0x1D Val: 0x00000002
In clock cycle: 1950
Register Write to Reg: 0x01 Val: 0x0040003C
In clock cycle: 1951
Register Write to Reg: 0x01 Val: 0x00400048
In clock cycle: 1952
Register Write to Reg: 0x00 Val: 0x00400048
In clock cycle: 1953
Register Write to Reg: 0x02 Val: 0x10010FB8
In clock cycle: 1953
Memory Write to Addr: 0x10010FD4 Val: 0x10010FD8
In clock cycle: 1955
Register Write to Reg: 0x08 Val: 0x10010FB8
In clock cycle: 1955
Memory Write to Addr: 0x10010FD8 Val: 0x00000002
In clock cycle: 1957
Register Write to Reg: 0x07 Val: 0x00000001
In clock cycle: 1957
Memory Write to Addr: 0x10010FC0 Val: 0x00000001
In clock cycle: 1958
Memory Write to Addr: 0x10010FC4 Val: 0x00000000
In clock cycle: 1960
Register Write to Reg: 0x00 Val: 0x004003F4
In clock cycle: 1961
Register Write to Reg: 0x1C Val: 0x00000000
In clock cycle: 1962
Register Write to Reg: 0x07 Val: 0x00000002
In clock cycle: 1964
Register Write to Reg: 0x07 Val: 0x00000001
In clock cycle: 1967
Register Write to Reg: 0x00 Val: 0x00000000
In clock cycle: 1968
Register Write to Reg: 0x00 Val: 0x00400420
In clock cycle: 1969
Register Write to Reg: 0x07 Val: 0x00000001
In clock cycle: 1971
Register Write to Reg: 0x07 Val: 0x00000100
In clock cycle: 1971
Memory Write to Addr: 0x10010FC0 Val: 0x00000100
In clock cycle: 1973
Register Write to Reg: 0x07 Val: 0x00000000
In clock cycle: 1975
Register Write to Reg: 0x07 Val: 0x00000001
In clock cycle: 1975
Memory Write to Addr: 0x10010FC4 Val: 0x00000001
In clock cycle: 1977
Register Write to Reg: 0x1C Val: 0x00000001
In clock cycle: 1978
Register Write to Reg: 0x07 Val: 0x00000002
In clock cycle: 1980
Register Write to Reg: 0x07 Val: 0x00000001
In clock cycle: 1982
Register Write to Reg: 0x00 Val: 0x00400420
In clock cycle: 1983
Register Write to Reg: 0x07 Val: 0x00000100
In clock cycle: 1985
Register Write to Reg: 0x07 Val: 0x00010000
In clock cycle: 1985
Memory Write to Addr: 0x10010FC0 Val: 0x00010000
In clock cycle: 1987
Register Write to Reg: 0x07 Val: 0x00000001
In clock cycle: 1989
Register Write to Reg: 0x07 Val: 0x00000002
In clock cycle: 1989
Memory Write to Addr: 0x10010FC4 Val: 0x00000002
In clock cycle: 1991
Register Write to Reg: 0x1C Val: 0x00000002
In clock cycle: 1992
Register Write to Reg: 0x07 Val: 0x00000002
In clock cycle: 1994
Register Write to Reg: 0x07 Val: 0x00000000
In clock cycle: 1997
Register Write to Reg: 0x00 Val: 0x00000000
In clock cycle: 1998
Register Write to Reg: 0x07 Val: 0x10010420
In clock cycle: 1999
Register Write to Reg: 0x07 Val: 0x10010024
In clock cycle: 2000
Register Write to Reg: 0x07 Val: 0x00010101
In clock cycle: 2001
Memory Write to Addr: 0x10010FC8 Val: 0x00010101
In clock cycle: 2003
Register Write to Reg: 0x1C Val: 0x00010101
In clock cycle: 2004
Register Write to Reg: 0x07 Val: 0x00010000
In clock cycle: 2006
Register Write to Reg: 0x07 Val: 0x00010000
In clock cycle: 2007
Register Write to Reg: 0x07 Val: 0x00000001
In clock cycle: 2008
Register Write to Reg: 0x07 Val: 0x00000001
In clock cycle: 2009
Register Write to Reg: 0x02 Val: 0x10010FB8
In clock cycle: 2010
Register Write to Reg: 0x08 Val: 0x10010FD8
In clock cycle: 2011
Register Write to Reg: 0x02 Val: 0x10010FD8
In clock cycle: 2012
Register Write to Reg: 0x00 Val: 0x00400454
In clock cycle: 2014
Register Write to Reg: 0x00 Val: 0x00000000
In clock cycle: 2015
Register Write to Reg: 0x07 Val: 0x00000000
In clock cycle: 2016
Register Write to Reg: 0x07 Val: 0x00000000
In clock cycle: 2019
Register Write to Reg: 0x00 Val: 0x00000000
In clock cycle: 2020
Register Write to Reg: 0x07 Val: 0x00000002
In clock cycle: 2022
Register Write to Reg: 0x07 Val: 0x00000003
In clock cycle: 2022
Memory Write to Addr: 0x10010FF0 Val: 0x00000003
In clock cycle: 2024
Register Write to Reg: 0x07 Val: 0x00000003
In clock cycle: 2026
Register Write to Reg: 0x07 Val: 0x00000001
In clock cycle: 2028
Register Write to Reg: 0x00 Val: 0x00400080
In clock cycle: 2029
Register Write to Reg: 0x1D Val: 0x00000003
In clock cycle: 2030
Register Write to Reg: 0x01 Val: 0x0040003C
In clock cycle: 2031
Register Write to Reg: 0x01 Val: 0x00400048
In clock cycle: 2032
Register Write to Reg: 0x00 Val: 0x00400048
In clock cycle: 2033
Register Write to Reg: 0x02 Val: 0x10010FB8
In clock cycle: 2033
Memory Write to Addr: 0x10010FD4 Val: 0x10010FD8
In clock cycle: 2035
Register Write to Reg: 0x08 Val: 0x10010FB8
In clock cycle: 2035
Memory Write to Addr: 0x10010FD8 Val: 0x00000003
In clock cycle: 2037
Register Write to Reg: 0x07 Val: 0x00000001
In clock cycle: 2037
Memory Write to Addr: 0x10010FC0 Val: 0x00000001
In clock cycle: 2038
Memory Write to Addr: 0x10010FC4 Val: 0x00000000
In clock cycle: 2040
Register Write to Reg: 0x00 Val: 0x004003F4
In clock cycle: 2041
Register Write to Reg: 0x1C Val: 0x00000000
In clock cycle: 2042
Register Write to Reg: 0x07 Val: 0x00000003
In clock cycle: 2044
Register Write to Reg: 0x07 Val: 0x00000001
In clock cycle: 2046
Register Write to Reg: 0x00 Val: 0x00400420
In clock cycle: 2047
Register Write to Reg: 0x07 Val: 0x00000001
In clock cycle: 2049
Register Write to Reg: 0x07 Val: 0x00000100
In clock cycle: 2049
Memory Write to Addr: 0x10010FC0 Val: 0x00000100
In clock cycle: 2051
Register Write to Reg: 0x07 Val: 0x00000000
In clock cycle: 2053
Register Write to Reg: 0x07 Val: 0x00000001
In clock cycle: 2053
Memory Write to Addr: 0x10010FC4 Val: 0x00000001
In clock cycle: 2055
Register Write to Reg: 0x1C Val: 0x00000001
In clock cycle: 2056
Register Write to Reg: 0x07 Val: 0x00000003
In clock cycle: 2058
Register Write to Reg: 0x07 Val: 0x00000001
In clock cycle: 2060
Register Write to Reg: 0x00 Val: 0x00400420
In clock cycle: 2061
Register Write to Reg: 0x07 Val: 0x00000100
In clock cycle: 2063
Register Write to Reg: 0x07 Val: 0x00010000
In clock cycle: 2063
Memory Write to Addr: 0x10010FC0 Val: 0x00010000
In clock cycle: 2065
Register Write to Reg: 0x07 Val: 0x00000001
In clock cycle: 2067
Register Write to Reg: 0x07 Val: 0x00000002
In clock cycle: 2067
Memory Write to Addr: 0x10010FC4 Val: 0x00000002
In clock cycle: 2069
Register Write to Reg: 0x1C Val: 0x00000002
In clock cycle: 2070
Register Write to Reg: 0x07 Val: 0x00000003
In clock cycle: 2072
Register Write to Reg: 0x07 Val: 0x00000001
In clock cycle: 2074
Register Write to Reg: 0x00 Val: 0x00400420
In clock cycle: 2075
Register Write to Reg: 0x07 Val: 0x00010000
In clock cycle: 2077
Register Write to Reg: 0x07 Val: 0x01000000
In clock cycle: 2077
Memory Write to Addr: 0x10010FC0 Val: 0x01000000
In clock cycle: 2079
Register Write to Reg: 0x07 Val: 0x00000002
In clock cycle: 2081
Register Write to Reg: 0x07 Val: 0x00000003
In clock cycle: 2081
Memory Write to Addr: 0x10010FC4 Val: 0x00000003
In clock cycle: 2083
Register Write to Reg: 0x1C Val: 0x00000003
In clock cycle: 2084
Register Write to Reg: 0x07 Val: 0x00000003
In clock cycle: 2086
Register Write to Reg: 0x07 Val: 0x00000000
In clock cycle: 2089
Register Write to Reg: 0x00 Val: 0x00000000
In clock cycle: 2090
Register Write to Reg: 0x07 Val: 0x10010420
In clock cycle: 2091
Register Write to Reg: 0x07 Val: 0x10010024
In clock cycle: 2092
Register Write to Reg: 0x07 Val: 0x00010101
In clock cycle: 2093
Memory Write to Addr: 0x10010FC8 Val: 0x00010101
In clock cycle: 2095
Register Write to Reg: 0x1C Val: 0x00010101
In clock cycle: 2096
Register Write to Reg: 0x07 Val: 0x01000000
In clock cycle: 2098
Register Write to Reg: 0x07 Val: 0x00000000
In clock cycle: 2099
Register Write to Reg: 0x07 Val: 0x00000000
In clock cycle: 2100
Register Write to Reg: 0x07 Val: 0x00000000
In clock cycle: 2101
Register Write to Reg: 0x02 Val: 0x10010FB8
In clock cycle: 2102
Register Write to Reg: 0x08 Val: 0x10010FD8
In clock cycle: 2103
Register Write to Reg: 0x02 Val: 0x10010FD8
In clock cycle: 2104
Register Write to Reg: 0x00 Val: 0x00400454
In clock cycle: 2106
Register Write to Reg: 0x00 Val: 0x00000000
In clock cycle: 2107
Register Write to Reg: 0x07 Val: 0x00000001
In clock cycle: 2108
Register Write to Reg: 0x07 Val: 0x00000001
In clock cycle: 2110
Register Write to Reg: 0x1D Val: 0x00000003
In clock cycle: 2111
Register Write to Reg: 0x01 Val: 0x00400058
In clock cycle: 2112
Register Write to Reg: 0x01 Val: 0x00400064
In clock cycle: 2113
Register Write to Reg: 0x00 Val: 0x00400064
In clock cycle: 2114
Register Write to Reg: 0x02 Val: 0x10010FA8
In clock cycle: 2114
Memory Write to Addr: 0x10010FD4 Val: 0x00400064
In clock cycle: 2115
Memory Write to Addr: 0x10010FD0 Val: 0x10010FD8
In clock cycle: 2117
Register Write to Reg: 0x08 Val: 0x10010FA8
In clock cycle: 2117
Memory Write to Addr: 0x10010FD8 Val: 0x00000003
In clock cycle: 2119
Register Write to Reg: 0x1D Val: 0x00000003
In clock cycle: 2120
Register Write to Reg: 0x01 Val: 0x004001A0
In clock cycle: 2121
Register Write to Reg: 0x01 Val: 0x004001AC
In clock cycle: 2122
Register Write to Reg: 0x00 Val: 0x004001AC
In clock cycle: 2124
Register Write to Reg: 0x00 Val: 0x00000000
In clock cycle: 2125
Register Write to Reg: 0x02 Val: 0x10010F88
In clock cycle: 2125
Memory Write to Addr: 0x10010FA4 Val: 0x10010FA8
In clock cycle: 2127
Register Write to Reg: 0x08 Val: 0x10010F88
In clock cycle: 2127
Memory Write to Addr: 0x10010FA8 Val: 0x00000003
In clock cycle: 2129
Register Write to Reg: 0x07 Val: 0x00000001
In clock cycle: 2129
Memory Write to Addr: 0x10010F90 Val: 0x00000001
In clock cycle: 2130
Memory Write to Addr: 0x10010F94 Val: 0x00000000
In clock cycle: 2132
Register Write to Reg: 0x00 Val: 0x00400374
In clock cycle: 2134
Register Write to Reg: 0x00 Val: 0x00000000
In clock cycle: 2135
Register Write to Reg: 0x1C Val: 0x00000000
In clock cycle: 2136
Register Write to Reg: 0x07 Val: 0x00000003
In clock cycle: 2138
Register Write to Reg: 0x07 Val: 0x00000001
In clock cycle: 2140
Register Write to Reg: 0x00 Val: 0x004003A0
In clock cycle: 2142
Register Write to Reg: 0x00 Val: 0x00000000
In clock cycle: 2143
Register Write to Reg: 0x07 Val: 0x00000001
In clock cycle: 2145
Register Write to Reg: 0x07 Val: 0x00000100
In clock cycle: 2145
Memory Write to Addr: 0x10010F90 Val: 0x00000100
In clock cycle: 2147
Register Write to Reg: 0x07 Val: 0x00000000
In clock cycle: 2149
Register Write to Reg: 0x07 Val: 0x00000001
In clock cycle: 2149
Memory Write to Addr: 0x10010F94 Val: 0x00000001
In clock cycle: 2151
Register Write to Reg: 0x1C Val: 0x00000001
In clock cycle: 2152
Register Write to Reg: 0x07 Val: 0x00000003
In clock cycle: 2154
Register Write to Reg: 0x07 Val: 0x00000001
In clock cycle: 2156
Register Write to Reg: 0x00 Val: 0x004003A0
In clock cycle: 2157
Register Write to Reg: 0x07 Val: 0x00000100
In clock cycle: 2159
Register Write to Reg: 0x07 Val: 0x00010000
In clock cycle: 2159
Memory Write to Addr: 0x10010F90 Val: 0x00010000
In clock cycle: 2161
Register Write to Reg: 0x07 Val: 0x00000001
In clock cycle: 2163
Register Write to Reg: 0x07 Val: 0x00000002
In clock cycle: 2163
Memory Write to Addr: 0x10010F94 Val: 0x00000002
In clock cycle: 2165
Register Write to Reg: 0x1C Val: 0x00000002
In clock cycle: 2166
Register Write to Reg: 0x07 Val: 0x00000003
In clock cycle: 2168
Register Write to Reg: 0x07 Val: 0x00000001
In clock cycle: 2170
Register Write to Reg: 0x00 Val: 0x004003A0
In clock cycle: 2171
Register Write to Reg: 0x07 Val: 0x00010000
In clock cycle: 2173
Register Write to Reg: 0x07 Val: 0x01000000
In clock cycle: 2173
Memory Write to Addr: 0x10010F90 Val: 0x01000000
In clock cycle: 2175
Register Write to Reg: 0x07 Val: 0x00000002
In clock cycle: 2177
Register Write to Reg: 0x07 Val: 0x00000003
In clock cycle: 2177
Memory Write to Addr: 0x10010F94 Val: 0x00000003
In clock cycle: 2179
Register Write to Reg: 0x1C Val: 0x00000003
In clock cycle: 2180
Register Write to Reg: 0x07 Val: 0x00000003
In clock cycle: 2182
Register Write to Reg: 0x07 Val: 0x00000000
In clock cycle: 2185
Register Write to Reg: 0x00 Val: 0x00000000
In clock cycle: 2186
Register Write to Reg: 0x07 Val: 0x100103A0
In clock cycle: 2187
Register Write to Reg: 0x07 Val: 0x10010024
In clock cycle: 2187
Memory Write to Addr: 0x10010F98 Val: 0x10010024
In clock cycle: 2189
Register Write to Reg: 0x07 Val: 0x10010024
In clock cycle: 2191
Register Write to Reg: 0x1C Val: 0x00010101
In clock cycle: 2192
Register Write to Reg: 0x07 Val: 0x01000000
In clock cycle: 2194
Register Write to Reg: 0x1C Val: 0x01010101
In clock cycle: 2195
Register Write to Reg: 0x07 Val: 0x10010024
In clock cycle: 2196
Memory Write to Addr: 0x10010024 Val: 0x01010101
In clock cycle: 2198
Register Write to Reg: 0x02 Val: 0x10010F88
In clock cycle: 2199
Register Write to Reg: 0x08 Val: 0x10010FA8
In clock cycle: 2200
Register Write to Reg: 0x02 Val: 0x10010FA8
In clock cycle: 2201
Register Write to Reg: 0x00 Val: 0x004003D4
In clock cycle: 2203
Register Write to Reg: 0x00 Val: 0x00000000
In clock cycle: 2204
Register Write to Reg: 0x07 Val: 0x10010FC4
In clock cycle: 2205
Register Write to Reg: 0x1E Val: 0x00000003
In clock cycle: 2206
Register Write to Reg: 0x1D Val: 0x10010FC4
In clock cycle: 2207
Register Write to Reg: 0x01 Val: 0x004001B8
In clock cycle: 2208
Register Write to Reg: 0x01 Val: 0x004001C4
In clock cycle: 2209
Register Write to Reg: 0x00 Val: 0x004001C4
In clock cycle: 2211
Register Write to Reg: 0x00 Val: 0x00000000
In clock cycle: 2212
Register Write to Reg: 0x02 Val: 0x10010F90
In clock cycle: 2212
Memory Write to Addr: 0x10010FA4 Val: 0x10010FA8
In clock cycle: 2214
Register Write to Reg: 0x08 Val: 0x10010F90
In clock cycle: 2215
Register Write to Reg: 0x1F Val: 0x00000000
In clock cycle: 2215
Memory Write to Addr: 0x10010FA8 Val: 0x10010FC4
In clock cycle: 2216
Memory Write to Addr: 0x10010FAC Val: 0x00000003
In clock cycle: 2218
Register Write to Reg: 0x07 Val: 0x00000003
In clock cycle: 2219
Memory Write to Addr: 0x10010F98 Val: 0x00000003
In clock cycle: 2220
Memory Write to Addr: 0x10010F9C Val: 0x00000000
In clock cycle: 2222
Register Write to Reg: 0x07 Val: 0x10010FC4
In clock cycle: 2223
Register Write to Reg: 0x1D Val: 0x00000003
In clock cycle: 2224
Register Write to Reg: 0x1C Val: 0x00000000
In clock cycle: 2224
Memory Write to Addr: 0x10010FC4 Val: 0x00000003
In clock cycle: 2225
Memory Write to Addr: 0x10010FC8 Val: 0x00000000
In clock cycle: 2227
Register Write to Reg: 0x07 Val: 0x10010FC4
In clock cycle: 2228
Register Write to Reg: 0x02 Val: 0x10010F90
In clock cycle: 2229
Register Write to Reg: 0x08 Val: 0x10010FA8
In clock cycle: 2230
Register Write to Reg: 0x02 Val: 0x10010FA8
In clock cycle: 2231
Register Write to Reg: 0x00 Val: 0x0040022C
In clock cycle: 2233
Register Write to Reg: 0x00 Val: 0x00000000
In clock cycle: 2234
Register Write to Reg: 0x07 Val: 0x10010FC4
In clock cycle: 2235
Register Write to Reg: 0x1D Val: 0x10010FC4
In clock cycle: 2236
Register Write to Reg: 0x01 Val: 0x004001CC
In clock cycle: 2237
Register Write to Reg: 0x01 Val: 0x004001D8
In clock cycle: 2238
Register Write to Reg: 0x00 Val: 0x004001D8
In clock cycle: 2239
Register Write to Reg: 0x02 Val: 0x10010F88
In clock cycle: 2239
Memory Write to Addr: 0x10010FA4 Val: 0x004001D8
In clock cycle: 2240
Memory Write to Addr: 0x10010FA0 Val: 0x10010FA8
In clock cycle: 2242
Register Write to Reg: 0x08 Val: 0x10010F88
In clock cycle: 2242
Memory Write to Addr: 0x10010FA8 Val: 0x10010FC4
In clock cycle: 2244
Register Write to Reg: 0x00 Val: 0x00400244
In clock cycle: 2246
Register Write to Reg: 0x00 Val: 0x00000000
In clock cycle: 2247
Register Write to Reg: 0x07 Val: 0x10010FC4
In clock cycle: 2249
Register Write to Reg: 0x07 Val: 0x00000000
In clock cycle: 2251
Register Write to Reg: 0x07 Val: 0x00000001
In clock cycle: 2253
Register Write to Reg: 0x00 Val: 0x004002AC
In clock cycle: 2255
Register Write to Reg: 0x00 Val: 0x00000000
In clock cycle: 2256
Register Write to Reg: 0x07 Val: 0x10010FC4
In clock cycle: 2258
Register Write to Reg: 0x1C Val: 0x00000003
In clock cycle: 2259
Register Write to Reg: 0x07 Val: 0x10010FC4
In clock cycle: 2261
Register Write to Reg: 0x07 Val: 0x00000000
In clock cycle: 2263
Register Write to Reg: 0x1E Val: 0x00000000
In clock cycle: 2264
Register Write to Reg: 0x1D Val: 0x00000003
In clock cycle: 2265
Register Write to Reg: 0x01 Val: 0x0040025C
In clock cycle: 2266
Register Write to Reg: 0x01 Val: 0x00400268
In clock cycle: 2267
Register Write to Reg: 0x00 Val: 0x00400268
In clock cycle: 2269
Register Write to Reg: 0x00 Val: 0x00000000
In clock cycle: 2270
Register Write to Reg: 0x02 Val: 0x10010F68
In clock cycle: 2270
Memory Write to Addr: 0x10010F84 Val: 0x10010F88
In clock cycle: 2272
Register Write to Reg: 0x08 Val: 0x10010F68
In clock cycle: 2272
Memory Write to Addr: 0x10010F88 Val: 0x00000003
In clock cycle: 2273
Memory Write to Addr: 0x10010F8C Val: 0x00000000
In clock cycle: 2275
Register Write to Reg: 0x07 Val: 0x100102D8
In clock cycle: 2276
Register Write to Reg: 0x07 Val: 0x10010014
In clock cycle: 2277
Register Write to Reg: 0x1C Val: 0x00000003
In clock cycle: 2279
Register Write to Reg: 0x1C Val: 0x0000000C
In clock cycle: 2280
Register Write to Reg: 0x07 Val: 0x10010020
In clock cycle: 2281
Register Write to Reg: 0x07 Val: 0x00000003
In clock cycle: 2282
Memory Write to Addr: 0x10010F78 Val: 0x00000003
In clock cycle: 2284
Register Write to Reg: 0x07 Val: 0x00000001
In clock cycle: 2284
Memory Write to Addr: 0x10010F70 Val: 0x00000001
In clock cycle: 2285
Memory Write to Addr: 0x10010F74 Val: 0x00000000
In clock cycle: 2287
Register Write to Reg: 0x00 Val: 0x00400304
In clock cycle: 2289
Register Write to Reg: 0x00 Val: 0x00000000
In clock cycle: 2290
Register Write to Reg: 0x1C Val: 0x00000000
In clock cycle: 2291
Register Write to Reg: 0x07 Val: 0x00000000
In clock cycle: 2293
Register Write to Reg: 0x07 Val: 0x00000000
In clock cycle: 2296
Register Write to Reg: 0x00 Val: 0x00000000
In clock cycle: 2297
Register Write to Reg: 0x1C Val: 0x00000001
In clock cycle: 2298
Register Write to Reg: 0x07 Val: 0x00000003
In clock cycle: 2300
Register Write to Reg: 0x07 Val: 0x00000001
In clock cycle: 2301
Register Write to Reg: 0x07 Val: 0x00000001
In clock cycle: 2302
Register Write to Reg: 0x07 Val: 0x00000001
In clock cycle: 2303
Register Write to Reg: 0x02 Val: 0x10010F68
In clock cycle: 2304
Register Write to Reg: 0x08 Val: 0x10010F88
In clock cycle: 2305
Register Write to Reg: 0x02 Val: 0x10010F88
In clock cycle: 2306
Register Write to Reg: 0x00 Val: 0x00400354
In clock cycle: 2308
Register Write to Reg: 0x00 Val: 0x00000000
In clock cycle: 2310
Register Write to Reg: 0x07 Val: 0x10010FC4
In clock cycle: 2312
Register Write to Reg: 0x07 Val: 0x00000000
In clock cycle: 2314
Register Write to Reg: 0x1D Val: 0x00000001
In clock cycle: 2315
Register Write to Reg: 0x1C Val: 0x10010FC4
In clock cycle: 2316
Memory Write to Addr: 0x10010FC8 Val: 0x00000001
In clock cycle: 2318
Register Write to Reg: 0x00 Val: 0x00400284
In clock cycle: 2320
Register Write to Reg: 0x00 Val: 0x00000000
In clock cycle: 2321
Register Write to Reg: 0x02 Val: 0x10010F88
In clock cycle: 2322
Register Write to Reg: 0x01 Val: 0x004001D8
In clock cycle: 2323
Register Write to Reg: 0x08 Val: 0x10010FA8
In clock cycle: 2324
Register Write to Reg: 0x02 Val: 0x10010FA8
In clock cycle: 2325
Register Write to Reg: 0x00 Val: 0x004002C4
In clock cycle: 2327
Register Write to Reg: 0x00 Val: 0x00000000
In clock cycle: 2327
Memory Write to Addr: 0x10010FC0 Val: 0x00000000
In clock cycle: 2329
Register Write to Reg: 0x00 Val: 0x004001E0
In clock cycle: 2331
Register Write to Reg: 0x00 Val: 0x00000000
In clock cycle: 2332
Register Write to Reg: 0x1C Val: 0x00000000
In clock cycle: 2333
Register Write to Reg: 0x07 Val: 0xFFFFFFFF
In clock cycle: 2336
Register Write to Reg: 0x00 Val: 0x00000000
In clock cycle: 2337
Register Write to Reg: 0x00 Val: 0x00400110
In clock cycle: 2338
Register Write to Reg: 0x1D Val: 0x00000000
In clock cycle: 2339
Register Write to Reg: 0x01 Val: 0x004000C0
In clock cycle: 2340
Register Write to Reg: 0x01 Val: 0x004000CC
In clock cycle: 2341
Register Write to Reg: 0x00 Val: 0x004000CC
In clock cycle: 2343
Register Write to Reg: 0x00 Val: 0x00000000
In clock cycle: 2344
Register Write to Reg: 0x02 Val: 0x10010F88
In clock cycle: 2344
Memory Write to Addr: 0x10010FA4 Val: 0x10010FA8
In clock cycle: 2346
Register Write to Reg: 0x08 Val: 0x10010F88
In clock cycle: 2346
Memory Write to Addr: 0x10010FA8 Val: 0x00000000
In clock cycle: 2348
Register Write to Reg: 0x07 Val: 0x00000001
In clock cycle: 2348
Memory Write to Addr: 0x10010F90 Val: 0x00000001
In clock cycle: 2349
Memory Write to Addr: 0x10010F94 Val: 0x00000000
In clock cycle: 2351
Register Write to Reg: 0x00 Val: 0x004003F4
In clock cycle: 2353
Register Write to Reg: 0x00 Val: 0x00000000
In clock cycle: 2354
Register Write to Reg: 0x1C Val: 0x00000000
In clock cycle: 2355
Register Write to Reg: 0x07 Val: 0x00000000
In clock cycle: 2357
Register Write to Reg: 0x07 Val: 0x00000000
In clock cycle: 2360
Register Write to Reg: 0x00 Val: 0x00000000
In clock cycle: 2361
Register Write to Reg: 0x07 Val: 0x10010420
In clock cycle: 2362
Register Write to Reg: 0x07 Val: 0x10010024
In clock cycle: 2363
Register Write to Reg: 0x07 Val: 0x01010101
In clock cycle: 2364
Memory Write to Addr: 0x10010F98 Val: 0x01010101
In clock cycle: 2366
Register Write to Reg: 0x1C Val: 0x01010101
In clock cycle: 2367
Register Write to Reg: 0x07 Val: 0x00000001
In clock cycle: 2369
Register Write to Reg: 0x07 Val: 0x00000001
In clock cycle: 2370
Register Write to Reg: 0x07 Val: 0x00000001
In clock cycle: 2371
Register Write to Reg: 0x07 Val: 0x00000001
In clock cycle: 2372
Register Write to Reg: 0x02 Val: 0x10010F88
In clock cycle: 2373
Register Write to Reg: 0x08 Val: 0x10010FA8
In clock cycle: 2374
Register Write to Reg: 0x02 Val: 0x10010FA8
In clock cycle: 2375
Register Write to Reg: 0x00 Val: 0x00400454
In clock cycle: 2377
Register Write to Reg: 0x00 Val: 0x00000000
In clock cycle: 2378
Register Write to Reg: 0x07 Val: 0x00000000
In clock cycle: 2379
Register Write to Reg: 0x07 Val: 0x00000000
In clock cycle: 2382
Register Write to Reg: 0x00 Val: 0x00000000
In clock cycle: 2383
Register Write to Reg: 0x07 Val: 0x10010FC4
In clock cycle: 2384
Register Write to Reg: 0x1D Val: 0x10010FC4
In clock cycle: 2385
Register Write to Reg: 0x01 Val: 0x004000F0
In clock cycle: 2386
Register Write to Reg: 0x01 Val: 0x004000FC
In clock cycle: 2387
Register Write to Reg: 0x00 Val: 0x004000FC
In clock cycle: 2388
Register Write to Reg: 0x02 Val: 0x10010F88
In clock cycle: 2388
Memory Write to Addr: 0x10010FA4 Val: 0x004000FC
In clock cycle: 2389
Memory Write to Addr: 0x10010FA0 Val: 0x10010FA8
In clock cycle: 2391
Register Write to Reg: 0x08 Val: 0x10010F88
In clock cycle: 2391
Memory Write to Addr: 0x10010FA8 Val: 0x10010FC4
In clock cycle: 2393
Register Write to Reg: 0x00 Val: 0x00400244
In clock cycle: 2395
Register Write to Reg: 0x00 Val: 0x00000000
In clock cycle: 2396
Register Write to Reg: 0x07 Val: 0x10010FC4
In clock cycle: 2398
Register Write to Reg: 0x07 Val: 0x00000001
In clock cycle: 2400
Register Write to Reg: 0x07 Val: 0x00000001
In clock cycle: 2402
Register Write to Reg: 0x00 Val: 0x004002AC
In clock cycle: 2404
Register Write to Reg: 0x00 Val: 0x00000000
In clock cycle: 2405
Register Write to Reg: 0x07 Val: 0x10010FC4
In clock cycle: 2407
Register Write to Reg: 0x1C Val: 0x00000003
In clock cycle: 2408
Register Write to Reg: 0x07 Val: 0x10010FC4
In clock cycle: 2410
Register Write to Reg: 0x07 Val: 0x00000001
In clock cycle: 2412
Register Write to Reg: 0x1E Val: 0x00000001
In clock cycle: 2413
Register Write to Reg: 0x1D Val: 0x00000003
In clock cycle: 2414
Register Write to Reg: 0x01 Val: 0x0040025C
In clock cycle: 2415
Register Write to Reg: 0x01 Val: 0x00400268
In clock cycle: 2416
Register Write to Reg: 0x00 Val: 0x00400268
In clock cycle: 2417
Register Write to Reg: 0x02 Val: 0x10010F68
In clock cycle: 2417
Memory Write to Addr: 0x10010F84 Val: 0x10010F88
In clock cycle: 2419
Register Write to Reg: 0x08 Val: 0x10010F68
In clock cycle: 2419
Memory Write to Addr: 0x10010F88 Val: 0x00000003
In clock cycle: 2420
Memory Write to Addr: 0x10010F8C Val: 0x00000001
In clock cycle: 2422
Register Write to Reg: 0x07 Val: 0x100102D8
In clock cycle: 2423
Register Write to Reg: 0x07 Val: 0x10010014
In clock cycle: 2424
Register Write to Reg: 0x1C Val: 0x00000003
In clock cycle: 2426
Register Write to Reg: 0x1C Val: 0x0000000C
In clock cycle: 2427
Register Write to Reg: 0x07 Val: 0x10010020
In clock cycle: 2428
Register Write to Reg: 0x07 Val: 0x00000003
In clock cycle: 2429
Memory Write to Addr: 0x10010F78 Val: 0x00000003
In clock cycle: 2431
Register Write to Reg: 0x07 Val: 0x00000001
In clock cycle: 2431
Memory Write to Addr: 0x10010F70 Val: 0x00000001
In clock cycle: 2432
Memory Write to Addr: 0x10010F74 Val: 0x00000000
In clock cycle: 2434
Register Write to Reg: 0x00 Val: 0x00400304
In clock cycle: 2436
Register Write to Reg: 0x00 Val: 0x00000000
In clock cycle: 2437
Register Write to Reg: 0x1C Val: 0x00000000
In clock cycle: 2438
Register Write to Reg: 0x07 Val: 0x00000001
In clock cycle: 2440
Register Write to Reg: 0x07 Val: 0x00000001
In clock cycle: 2442
Register Write to Reg: 0x00 Val: 0x00400330
In clock cycle: 2443
Register Write to Reg: 0x07 Val: 0x00000001
In clock cycle: 2445
Register Write to Reg: 0x07 Val: 0x00000002
In clock cycle: 2445
Memory Write to Addr: 0x10010F70 Val: 0x00000002
In clock cycle: 2447
Register Write to Reg: 0x07 Val: 0x00000000
In clock cycle: 2449
Register Write to Reg: 0x07 Val: 0x00000001
In clock cycle: 2449
Memory Write to Addr: 0x10010F74 Val: 0x00000001
In clock cycle: 2451
Register Write to Reg: 0x1C Val: 0x00000001
In clock cycle: 2452
Register Write to Reg: 0x07 Val: 0x00000001
In clock cycle: 2454
Register Write to Reg: 0x07 Val: 0x00000000
In clock cycle: 2457
Register Write to Reg: 0x00 Val: 0x00000000
In clock cycle: 2458
Register Write to Reg: 0x1C Val: 0x00000002
In clock cycle: 2459
Register Write to Reg: 0x07 Val: 0x00000003
In clock cycle: 2461
Register Write to Reg: 0x07 Val: 0x00000002
In clock cycle: 2462
Register Write to Reg: 0x07 Val: 0x00000001
In clock cycle: 2463
Register Write to Reg: 0x07 Val: 0x00000001
In clock cycle: 2464
Register Write to Reg: 0x02 Val: 0x10010F68
In clock cycle: 2465
Register Write to Reg: 0x08 Val: 0x10010F88
In clock cycle: 2466
Register Write to Reg: 0x02 Val: 0x10010F88
In clock cycle: 2467
Register Write to Reg: 0x00 Val: 0x00400354
In clock cycle: 2469
Register Write to Reg: 0x00 Val: 0x00000000
In clock cycle: 2471
Register Write to Reg: 0x07 Val: 0x10010FC4
In clock cycle: 2473
Register Write to Reg: 0x07 Val: 0x00000001
In clock cycle: 2475
Register Write to Reg: 0x1D Val: 0x00000002
In clock cycle: 2476
Register Write to Reg: 0x1C Val: 0x10010FC4
In clock cycle: 2477
Memory Write to Addr: 0x10010FC8 Val: 0x00000002
In clock cycle: 2479
Register Write to Reg: 0x00 Val: 0x00400284
In clock cycle: 2481
Register Write to Reg: 0x00 Val: 0x00000000
In clock cycle: 2482
Register Write to Reg: 0x02 Val: 0x10010F88
In clock cycle: 2483
Register Write to Reg: 0x01 Val: 0x004000FC
In clock cycle: 2484
Register Write to Reg: 0x08 Val: 0x10010FA8
In clock cycle: 2485
Register Write to Reg: 0x02 Val: 0x10010FA8
In clock cycle: 2486
Register Write to Reg: 0x00 Val: 0x004002C4
In clock cycle: 2488
Register Write to Reg: 0x00 Val: 0x00000000
In clock cycle: 2488
Memory Write to Addr: 0x10010FC0 Val: 0x00000001
In clock cycle: 2490
Register Write to Reg: 0x1C Val: 0x00000001
In clock cycle: 2491
Register Write to Reg: 0x07 Val: 0xFFFFFFFF
In clock cycle: 2493
Register Write to Reg: 0x00 Val: 0x00400110
In clock cycle: 2494
Register Write to Reg: 0x1D Val: 0x00000001
In clock cycle: 2495
Register Write to Reg: 0x01 Val: 0x004000C0
In clock cycle: 2496
Register Write to Reg: 0x01 Val: 0x004000CC
In clock cycle: 2497
Register Write to Reg: 0x00 Val: 0x004000CC
In clock cycle: 2498
Register Write to Reg: 0x02 Val: 0x10010F88
In clock cycle: 2498
Memory Write to Addr: 0x10010FA4 Val: 0x10010FA8
In clock cycle: 2500
Register Write to Reg: 0x08 Val: 0x10010F88
In clock cycle: 2500
Memory Write to Addr: 0x10010FA8 Val: 0x00000001
In clock cycle: 2502
Register Write to Reg: 0x07 Val: 0x00000001
In clock cycle: 2502
Memory Write to Addr: 0x10010F90 Val: 0x00000001
In clock cycle: 2503
Memory Write to Addr: 0x10010F94 Val: 0x00000000
In clock cycle: 2505
Register Write to Reg: 0x00 Val: 0x004003F4
In clock cycle: 2506
Register Write to Reg: 0x1C Val: 0x00000000
In clock cycle: 2507
Register Write to Reg: 0x07 Val: 0x00000001
In clock cycle: 2509
Register Write to Reg: 0x07 Val: 0x00000001
In clock cycle: 2512
Register Write to Reg: 0x00 Val: 0x00000000
In clock cycle: 2513
Register Write to Reg: 0x00 Val: 0x00400420
In clock cycle: 2515
Register Write to Reg: 0x00 Val: 0x00000000
In clock cycle: 2516
Register Write to Reg: 0x07 Val: 0x00000001
In clock cycle: 2518
Register Write to Reg: 0x07 Val: 0x00000100
In clock cycle: 2518
Memory Write to Addr: 0x10010F90 Val: 0x00000100
In clock cycle: 2520
Register Write to Reg: 0x07 Val: 0x00000000
In clock cycle: 2522
Register Write to Reg: 0x07 Val: 0x00000001
In clock cycle: 2522
Memory Write to Addr: 0x10010F94 Val: 0x00000001
In clock cycle: 2524
Register Write to Reg: 0x1C Val: 0x00000001
In clock cycle: 2525
Register Write to Reg: 0x07 Val: 0x00000001
In clock cycle: 2527
Register Write to Reg: 0x07 Val: 0x00000000
In clock cycle: 2530
Register Write to Reg: 0x00 Val: 0x00000000
In clock cycle: 2531
Register Write to Reg: 0x07 Val: 0x10010420
In clock cycle: 2532
Register Write to Reg: 0x07 Val: 0x10010024
In clock cycle: 2533
Register Write to Reg: 0x07 Val: 0x01010101
In clock cycle: 2534
Memory Write to Addr: 0x10010F98 Val: 0x01010101
In clock cycle: 2536
Register Write to Reg: 0x1C Val: 0x01010101
In clock cycle: 2537
Register Write to Reg: 0x07 Val: 0x00000100
In clock cycle: 2539
Register Write to Reg: 0x07 Val: 0x00000100
In clock cycle: 2540
Register Write to Reg: 0x07 Val: 0x00000001
In clock cycle: 2541
Register Write to Reg: 0x07 Val: 0x00000001
In clock cycle: 2542
Register Write to Reg: 0x02 Val: 0x10010F88
In clock cycle: 2543
Register Write to Reg: 0x08 Val: 0x10010FA8
In clock cycle: 2544
Register Write to Reg: 0x02 Val: 0x10010FA8
In clock cycle: 2545
Register Write to Reg: 0x00 Val: 0x00400454
In clock cycle: 2547
Register Write to Reg: 0x00 Val: 0x00000000
In clock cycle: 2548
Register Write to Reg: 0x07 Val: 0x00000000
In clock cycle: 2549
Register Write to Reg: 0x07 Val: 0x00000000
In clock cycle: 2551
Register Write to Reg: 0x07 Val: 0x10010FC4
In clock cycle: 2552
Register Write to Reg: 0x1D Val: 0x10010FC4
In clock cycle: 2553
Register Write to Reg: 0x01 Val: 0x004000F0
In clock cycle: 2554
Register Write to Reg: 0x01 Val: 0x004000FC
In clock cycle: 2555
Register Write to Reg: 0x00 Val: 0x004000FC
In clock cycle: 2556
Register Write to Reg: 0x02 Val: 0x10010F88
In clock cycle: 2556
Memory Write to Addr: 0x10010FA4 Val: 0x004000FC
In clock cycle: 2557
Memory Write to Addr: 0x10010FA0 Val: 0x10010FA8
In clock cycle: 2559
Register Write to Reg: 0x08 Val: 0x10010F88
In clock cycle: 2559
Memory Write to Addr: 0x10010FA8 Val: 0x10010FC4
In clock cycle: 2561
Register Write to Reg: 0x00 Val: 0x00400244
In clock cycle: 2563
Register Write to Reg: 0x00 Val: 0x00000000
In clock cycle: 2564
Register Write to Reg: 0x07 Val: 0x10010FC4
In clock cycle: 2566
Register Write to Reg: 0x07 Val: 0x00000002
In clock cycle: 2568
Register Write to Reg: 0x07 Val: 0x00000001
In clock cycle: 2570
Register Write to Reg: 0x00 Val: 0x004002AC
In clock cycle: 2572
Register Write to Reg: 0x00 Val: 0x00000000
In clock cycle: 2573
Register Write to Reg: 0x07 Val: 0x10010FC4
In clock cycle: 2575
Register Write to Reg: 0x1C Val: 0x00000003
In clock cycle: 2576
Register Write to Reg: 0x07 Val: 0x10010FC4
In clock cycle: 2578
Register Write to Reg: 0x07 Val: 0x00000002
In clock cycle: 2580
Register Write to Reg: 0x1E Val: 0x00000002
In clock cycle: 2581
Register Write to Reg: 0x1D Val: 0x00000003
In clock cycle: 2582
Register Write to Reg: 0x01 Val: 0x0040025C
In clock cycle: 2583
Register Write to Reg: 0x01 Val: 0x00400268
In clock cycle: 2584
Register Write to Reg: 0x00 Val: 0x00400268
In clock cycle: 2585
Register Write to Reg: 0x02 Val: 0x10010F68
In clock cycle: 2585
Memory Write to Addr: 0x10010F84 Val: 0x10010F88
In clock cycle: 2587
Register Write to Reg: 0x08 Val: 0x10010F68
In clock cycle: 2587
Memory Write to Addr: 0x10010F88 Val: 0x00000003
In clock cycle: 2588
Memory Write to Addr: 0x10010F8C Val: 0x00000002
In clock cycle: 2590
Register Write to Reg: 0x07 Val: 0x100102D8
In clock cycle: 2591
Register Write to Reg: 0x07 Val: 0x10010014
In clock cycle: 2592
Register Write to Reg: 0x1C Val: 0x00000003
In clock cycle: 2594
Register Write to Reg: 0x1C Val: 0x0000000C
In clock cycle: 2595
Register Write to Reg: 0x07 Val: 0x10010020
In clock cycle: 2596
Register Write to Reg: 0x07 Val: 0x00000003
In clock cycle: 2597
Memory Write to Addr: 0x10010F78 Val: 0x00000003
In clock cycle: 2599
Register Write to Reg: 0x07 Val: 0x00000001
In clock cycle: 2599
Memory Write to Addr: 0x10010F70 Val: 0x00000001
In clock cycle: 2600
Memory Write to Addr: 0x10010F74 Val: 0x00000000
In clock cycle: 2602
Register Write to Reg: 0x00 Val: 0x00400304
In clock cycle: 2604
Register Write to Reg: 0x00 Val: 0x00000000
In clock cycle: 2605
Register Write to Reg: 0x1C Val: 0x00000000
In clock cycle: 2606
Register Write to Reg: 0x07 Val: 0x00000002
In clock cycle: 2608
Register Write to Reg: 0x07 Val: 0x00000001
In clock cycle: 2610
Register Write to Reg: 0x00 Val: 0x00400330
In clock cycle: 2611
Register Write to Reg: 0x07 Val: 0x00000001
In clock cycle: 2613
Register Write to Reg: 0x07 Val: 0x00000002
In clock cycle: 2613
Memory Write to Addr: 0x10010F70 Val: 0x00000002
In clock cycle: 2615
Register Write to Reg: 0x07 Val: 0x00000000
In clock cycle: 2617
Register Write to Reg: 0x07 Val: 0x00000001
In clock cycle: 2617
Memory Write to Addr: 0x10010F74 Val: 0x00000001
In clock cycle: 2619
Register Write to Reg: 0x1C Val: 0x00000001
In clock cycle: 2620
Register Write to Reg: 0x07 Val: 0x00000002
In clock cycle: 2622
Register Write to Reg: 0x07 Val: 0x00000001
In clock cycle: 2624
Register Write to Reg: 0x00 Val: 0x00400330
In clock cycle: 2625
Register Write to Reg: 0x07 Val: 0x00000002
In clock cycle: 2627
Register Write to Reg: 0x07 Val: 0x00000004
In clock cycle: 2627
Memory Write to Addr: 0x10010F70 Val: 0x00000004
In clock cycle: 2629
Register Write to Reg: 0x07 Val: 0x00000001
In clock cycle: 2631
Register Write to Reg: 0x07 Val: 0x00000002
In clock cycle: 2631
Memory Write to Addr: 0x10010F74 Val: 0x00000002
In clock cycle: 2633
Register Write to Reg: 0x1C Val: 0x00000002
In clock cycle: 2634
Register Write to Reg: 0x07 Val: 0x00000002
In clock cycle: 2636
Register Write to Reg: 0x07 Val: 0x00000000
In clock cycle: 2639
Register Write to Reg: 0x00 Val: 0x00000000
In clock cycle: 2640
Register Write to Reg: 0x1C Val: 0x00000004
In clock cycle: 2641
Register Write to Reg: 0x07 Val: 0x00000003
In clock cycle: 2643
Register Write to Reg: 0x07 Val: 0x00000000
In clock cycle: 2644
Register Write to Reg: 0x07 Val: 0x00000000
In clock cycle: 2645
Register Write to Reg: 0x07 Val: 0x00000000
In clock cycle: 2646
Register Write to Reg: 0x02 Val: 0x10010F68
In clock cycle: 2647
Register Write to Reg: 0x08 Val: 0x10010F88
In clock cycle: 2648
Register Write to Reg: 0x02 Val: 0x10010F88
In clock cycle: 2649
Register Write to Reg: 0x00 Val: 0x00400354
In clock cycle: 2651
Register Write to Reg: 0x00 Val: 0x00000000
In clock cycle: 2654
Register Write to Reg: 0x00 Val: 0x00000000
In clock cycle: 2655
Register Write to Reg: 0x07 Val: 0x10010FC4
In clock cycle: 2657
Register Write to Reg: 0x07 Val: 0x00000002
In clock cycle: 2659
Register Write to Reg: 0x1C Val: 0x00000003
In clock cycle: 2660
Register Write to Reg: 0x07 Val: 0x10010FC4
In clock cycle: 2661
Memory Write to Addr: 0x10010FC8 Val: 0x00000003
In clock cycle: 2663
Register Write to Reg: 0x07 Val: 0x10010FC4
In clock cycle: 2665
Register Write to Reg: 0x07 Val: 0x00000003
In clock cycle: 2667
Register Write to Reg: 0x07 Val: 0x00000001
In clock cycle: 2669
Register Write to Reg: 0x00 Val: 0x004002AC
In clock cycle: 2671
Register Write to Reg: 0x00 Val: 0x00000000
In clock cycle: 2672
Register Write to Reg: 0x07 Val: 0x10010FC4
In clock cycle: 2674
Register Write to Reg: 0x1C Val: 0x00000003
In clock cycle: 2675
Register Write to Reg: 0x07 Val: 0x10010FC4
In clock cycle: 2677
Register Write to Reg: 0x07 Val: 0x00000003
In clock cycle: 2679
Register Write to Reg: 0x1E Val: 0x00000003
In clock cycle: 2680
Register Write to Reg: 0x1D Val: 0x00000003
In clock cycle: 2681
Register Write to Reg: 0x01 Val: 0x0040025C
In clock cycle: 2682
Register Write to Reg: 0x01 Val: 0x00400268
In clock cycle: 2683
Register Write to Reg: 0x00 Val: 0x00400268
In clock cycle: 2684
Register Write to Reg: 0x02 Val: 0x10010F68
In clock cycle: 2684
Memory Write to Addr: 0x10010F84 Val: 0x10010F88
In clock cycle: 2686
Register Write to Reg: 0x08 Val: 0x10010F68
In clock cycle: 2686
Memory Write to Addr: 0x10010F88 Val: 0x00000003
In clock cycle: 2687
Memory Write to Addr: 0x10010F8C Val: 0x00000003
In clock cycle: 2689
Register Write to Reg: 0x07 Val: 0x100102D8
In clock cycle: 2690
Register Write to Reg: 0x07 Val: 0x10010014
In clock cycle: 2691
Register Write to Reg: 0x1C Val: 0x00000003
In clock cycle: 2693
Register Write to Reg: 0x1C Val: 0x0000000C
In clock cycle: 2694
Register Write to Reg: 0x07 Val: 0x10010020
In clock cycle: 2695
Register Write to Reg: 0x07 Val: 0x00000003
In clock cycle: 2696
Memory Write to Addr: 0x10010F78 Val: 0x00000003
In clock cycle: 2698
Register Write to Reg: 0x07 Val: 0x00000001
In clock cycle: 2698
Memory Write to Addr: 0x10010F70 Val: 0x00000001
In clock cycle: 2699
Memory Write to Addr: 0x10010F74 Val: 0x00000000
In clock cycle: 2701
Register Write to Reg: 0x00 Val: 0x00400304
In clock cycle: 2702
Register Write to Reg: 0x1C Val: 0x00000000
In clock cycle: 2703
Register Write to Reg: 0x07 Val: 0x00000003
In clock cycle: 2705
Register Write to Reg: 0x07 Val: 0x00000001
In clock cycle: 2707
Register Write to Reg: 0x00 Val: 0x00400330
In clock cycle: 2708
Register Write to Reg: 0x07 Val: 0x00000001
In clock cycle: 2710
Register Write to Reg: 0x07 Val: 0x00000002
In clock cycle: 2710
Memory Write to Addr: 0x10010F70 Val: 0x00000002
In clock cycle: 2712
Register Write to Reg: 0x07 Val: 0x00000000
In clock cycle: 2714
Register Write to Reg: 0x07 Val: 0x00000001
In clock cycle: 2714
Memory Write to Addr: 0x10010F74 Val: 0x00000001
In clock cycle: 2716
Register Write to Reg: 0x1C Val: 0x00000001
In clock cycle: 2717
Register Write to Reg: 0x07 Val: 0x00000003
In clock cycle: 2719
Register Write to Reg: 0x07 Val: 0x00000001
In clock cycle: 2721
Register Write to Reg: 0x00 Val: 0x00400330
In clock cycle: 2722
Register Write to Reg: 0x07 Val: 0x00000002
In clock cycle: 2724
Register Write to Reg: 0x07 Val: 0x00000004
In clock cycle: 2724
Memory Write to Addr: 0x10010F70 Val: 0x00000004
In clock cycle: 2726
Register Write to Reg: 0x07 Val: 0x00000001
In clock cycle: 2728
Register Write to Reg: 0x07 Val: 0x00000002
In clock cycle: 2728
Memory Write to Addr: 0x10010F74 Val: 0x00000002
In clock cycle: 2730
Register Write to Reg: 0x1C Val: 0x00000002
In clock cycle: 2731
Register Write to Reg: 0x07 Val: 0x00000003
In clock cycle: 2733
Register Write to Reg: 0x07 Val: 0x00000001
In clock cycle: 2735
Register Write to Reg: 0x00 Val: 0x00400330
In clock cycle: 2736
Register Write to Reg: 0x07 Val: 0x00000004
In clock cycle: 2738
Register Write to Reg: 0x07 Val: 0x00000008
In clock cycle: 2738
Memory Write to Addr: 0x10010F70 Val: 0x00000008
In clock cycle: 2740
Register Write to Reg: 0x07 Val: 0x00000002
In clock cycle: 2742
Register Write to Reg: 0x07 Val: 0x00000003
In clock cycle: 2742
Memory Write to Addr: 0x10010F74 Val: 0x00000003
In clock cycle: 2744
Register Write to Reg: 0x1C Val: 0x00000003
In clock cycle: 2745
Register Write to Reg: 0x07 Val: 0x00000003
In clock cycle: 2747
Register Write to Reg: 0x07 Val: 0x00000000
In clock cycle: 2750
Register Write to Reg: 0x00 Val: 0x00000000
In clock cycle: 2751
Register Write to Reg: 0x1C Val: 0x00000008
In clock cycle: 2752
Register Write to Reg: 0x07 Val: 0x00000003
In clock cycle: 2754
Register Write to Reg: 0x07 Val: 0x00000000
In clock cycle: 2755
Register Write to Reg: 0x07 Val: 0x00000000
In clock cycle: 2756
Register Write to Reg: 0x07 Val: 0x00000000
In clock cycle: 2757
Register Write to Reg: 0x02 Val: 0x10010F68
In clock cycle: 2758
Register Write to Reg: 0x08 Val: 0x10010F88
In clock cycle: 2759
Register Write to Reg: 0x02 Val: 0x10010F88
In clock cycle: 2760
Register Write to Reg: 0x00 Val: 0x00400354
In clock cycle: 2762
Register Write to Reg: 0x00 Val: 0x00000000
In clock cycle: 2765
Register Write to Reg: 0x00 Val: 0x00000000
In clock cycle: 2766
Register Write to Reg: 0x07 Val: 0x10010FC4
In clock cycle: 2768
Register Write to Reg: 0x07 Val: 0x00000003
In clock cycle: 2770
Register Write to Reg: 0x1C Val: 0x00000004
In clock cycle: 2771
Register Write to Reg: 0x07 Val: 0x10010FC4
In clock cycle: 2772
Memory Write to Addr: 0x10010FC8 Val: 0x00000004
In clock cycle: 2774
Register Write to Reg: 0x07 Val: 0x10010FC4
In clock cycle: 2776
Register Write to Reg: 0x07 Val: 0x00000004
In clock cycle: 2778
Register Write to Reg: 0x07 Val: 0x00000000
In clock cycle: 2781
Register Write to Reg: 0x00 Val: 0x00000000
In clock cycle: 2782
Register Write to Reg: 0x07 Val: 0xFFFFFFFF
In clock cycle: 2783
Register Write to Reg: 0x02 Val: 0x10010F88
In clock cycle: 2784
Register Write to Reg: 0x01 Val: 0x004000FC
In clock cycle: 2785
Register Write to Reg: 0x08 Val: 0x10010FA8
In clock cycle: 2786
Register Write to Reg: 0x02 Val: 0x10010FA8
In clock cycle: 2787
Register Write to Reg: 0x00 Val: 0x004002C4
In clock cycle: 2789
Register Write to Reg: 0x00 Val: 0x00000000
In clock cycle: 2789
Memory Write to Addr: 0x10010FC0 Val: 0xFFFFFFFF
In clock cycle: 2791
Register Write to Reg: 0x1C Val: 0xFFFFFFFF
In clock cycle: 2792
Register Write to Reg: 0x07 Val: 0xFFFFFFFF
In clock cycle: 2795
Register Write to Reg: 0x00 Val: 0x00000000
In clock cycle: 2796
Register Write to Reg: 0x07 Val: 0x10010110
In clock cycle: 2797
Register Write to Reg: 0x07 Val: 0x10010028
In clock cycle: 2798
Register Write to Reg: 0x07 Val: 0x00000000
In clock cycle: 2800
Register Write to Reg: 0x1D Val: 0xFFFFFFFF
In clock cycle: 2801
Register Write to Reg: 0x1C Val: 0x10010120
In clock cycle: 2802
Register Write to Reg: 0x1C Val: 0x10010028
In clock cycle: 2802
Memory Write to Addr: 0x10010028 Val: 0xFFFFFFFF
In clock cycle: 2804
Register Write to Reg: 0x1D Val: 0x1001012C
In clock cycle: 2805
Register Write to Reg: 0x1D Val: 0x10010000
In clock cycle: 2806
Register Write to Reg: 0x1C Val: 0x00000000
In clock cycle: 2807
Register Write to Reg: 0x1C Val: 0x00000000
In clock cycle: 2808
Register Write to Reg: 0x1C Val: 0x00000000
In clock cycle: 2809
Register Write to Reg: 0x1C Val: 0x00000000
In clock cycle: 2810
Register Write to Reg: 0x1F Val: 0x004000FC
In clock cycle: 2811
Register Write to Reg: 0x1F Val: 0x004000FC
In clock cycle: 2812
Register Write to Reg: 0x1F Val: 0xFFBFFF04
In clock cycle: 2813
Register Write to Reg: 0x07 Val: 0x10010150
In clock cycle: 2814
Register Write to Reg: 0x07 Val: 0x10010000
In clock cycle: 2815
Register Write to Reg: 0x0B Val: 0x00010000
In clock cycle: 2816
Register Write to Reg: 0x0B Val: 0x0000FFFF
In clock cycle: 2817
Register Write to Reg: 0x1F Val: 0x00000000
In clock cycle: 2818
Register Write to Reg: 0x07 Val: 0x10010000
In clock cycle: 2819
Register Write to Reg: 0x07 Val: 0x10010000
In clock cycle: 2820
Register Write to Reg: 0x1C Val: 0x00000003
In clock cycle: 2821
Memory Write to Addr: 0x10010000 Val: 0x00000003
In clock cycle: 2823
Register Write to Reg: 0x02 Val: 0x10010FA8
In clock cycle: 2824
Register Write to Reg: 0x01 Val: 0x00400064
In clock cycle: 2825
Register Write to Reg: 0x08 Val: 0x10010FD8
In clock cycle: 2826
Register Write to Reg: 0x02 Val: 0x10010FD8
In clock cycle: 2827
Register Write to Reg: 0x00 Val: 0x00400188
In clock cycle: 2829
Register Write to Reg: 0x00 Val: 0x00000000
In clock cycle: 2830
Register Write to Reg: 0x07 Val: 0x00000003
In clock cycle: 2832
Register Write to Reg: 0x07 Val: 0x00000004
In clock cycle: 2832
Memory Write to Addr: 0x10010FF0 Val: 0x00000004
In clock cycle: 2834
Register Write to Reg: 0x07 Val: 0x00000004
In clock cycle: 2836
Register Write to Reg: 0x07 Val: 0x00000000
In clock cycle: 2839
Register Write to Reg: 0x00 Val: 0x00000000
In clock cycle: 2839
Memory Write to Addr: 0x10010FF4 Val: 0x00000000
In clock cycle: 2841
Register Write to Reg: 0x00 Val: 0x00400088
In clock cycle: 2843
Register Write to Reg: 0x00 Val: 0x00000000
In clock cycle: 2844
Register Write to Reg: 0x07 Val: 0x00000000
In clock cycle: 2846
Register Write to Reg: 0x07 Val: 0x00000001
In clock cycle: 2847
Register Write to Reg: 0x07 Val: 0x00000000
In clock cycle: 2850
Register Write to Reg: 0x00 Val: 0x00000000
In clock cycle: 2851
Register Write to Reg: 0x07 Val: 0x00000000
In clock cycle: 2853
Register Write to Reg: 0x07 Val: 0x00000001
In clock cycle: 2853
Memory Write to Addr: 0x10010FF4 Val: 0x00000001
In clock cycle: 2855
Register Write to Reg: 0x07 Val: 0x00000001
In clock cycle: 2857
Register Write to Reg: 0x07 Val: 0x00000001
In clock cycle: 2858
Register Write to Reg: 0x07 Val: 0x00000000
In clock cycle: 2860
Register Write to Reg: 0x07 Val: 0x00000001
In clock cycle: 2862
Register Write to Reg: 0x07 Val: 0x00000002
In clock cycle: 2862
Memory Write to Addr: 0x10010FF4 Val: 0x00000002
In clock cycle: 2864
Register Write to Reg: 0x07 Val: 0x00000002
In clock cycle: 2866
Register Write to Reg: 0x07 Val: 0x00000001
In clock cycle: 2867
Register Write to Reg: 0x07 Val: 0x00000000
In clock cycle: 2869
Register Write to Reg: 0x07 Val: 0x00000002
In clock cycle: 2871
Register Write to Reg: 0x07 Val: 0x00000003
In clock cycle: 2871
Memory Write to Addr: 0x10010FF4 Val: 0x00000003
In clock cycle: 2873
Register Write to Reg: 0x07 Val: 0x00000003
In clock cycle: 2875
Register Write to Reg: 0x07 Val: 0x00000001
In clock cycle: 2876
Register Write to Reg: 0x07 Val: 0x00000000
In clock cycle: 2878
Register Write to Reg: 0x07 Val: 0x00000003
In clock cycle: 2880
Register Write to Reg: 0x07 Val: 0x00000004
In clock cycle: 2880
Memory Write to Addr: 0x10010FF4 Val: 0x00000004
In clock cycle: 2882
Register Write to Reg: 0x07 Val: 0x00000004
In clock cycle: 2884
Register Write to Reg: 0x07 Val: 0x00000000
In clock cycle: 2885
Register Write to Reg: 0x07 Val: 0x00000001
In clock cycle: 2888
Register Write to Reg: 0x00 Val: 0x00000000
In clock cycle: 2889
Register Write to Reg: 0x07 Val: 0x00000000
In clock cycle: 2890
Register Write to Reg: 0x02 Val: 0x10010FD8
In clock cycle: 2891
Register Write to Reg: 0x01 Val: 0x00400018
In clock cycle: 2892
Register Write to Reg: 0x08 Val: 0x00000000
In clock cycle: 2894
Register Write to Reg: 0x02 Val: 0x10011000
In clock cycle: 2895
Register Write to Reg: 0x00 Val: 0x004000BC
In clock cycle: 2897
Register Write to Reg: 0x00 Val: 0x00000000
In clock cycle: 2898
Register Write to Reg: 0x00 Val: 0x0040001C
In clock cycle: 2900
Register Write to Reg: 0x00 Val: 0x00000000
Execution is stopping! Clock Cycle: 2901
