[inst #1] lui x2,524288
Register Write to Reg: 0x02 Val: 0x80000000
[inst #2] addi x2,x2,-4
Register Write to Reg: 0x02 Val: 0x7FFFFFFC
[inst #3] auipc x8,64528
Register Write to Reg: 0x08 Val: 0x10010008
[inst #4] addi x8,x8,-4
Register Write to Reg: 0x08 Val: 0x10010004
[inst #5] auipc x5,64528
Register Write to Reg: 0x05 Val: 0x10010010
[inst #6] addi x5,x5,-16
Register Write to Reg: 0x05 Val: 0x10010000
[inst #7] lw x9,0(x5)
Register Write to Reg: 0x09 Val: 0x0000000C
[inst #8] add x10,x0,x8
Register Write to Reg: 0x0A Val: 0x10010004
[inst #9] add x11,x0,x9
Register Write to Reg: 0x0B Val: 0x0000000C
[inst #10] jal x1,12
Register Write to Reg: 0x01 Val: 0x00400028
[inst #11] addi x5,x0,1
Register Write to Reg: 0x05 Val: 0x00000001
[inst #12] bge x5,x11,80
[inst #13] addi x2,x2,-16
Register Write to Reg: 0x02 Val: 0x7FFFFFEC
[inst #14] sw x1,12(x2)
Memory Write to Addr: 0x7FFFFFF8 Val: 0x00400028
[inst #15] sw x10,8(x2)
Memory Write to Addr: 0x7FFFFFF4 Val: 0x10010004
[inst #16] sw x11,4(x2)
Memory Write to Addr: 0x7FFFFFF0 Val: 0x0000000C
[inst #17] srli x5,x11,1
Register Write to Reg: 0x05 Val: 0x00000006
[inst #18] add x11,x0,x5
Register Write to Reg: 0x0B Val: 0x00000006
[inst #19] jal x1,-32
Register Write to Reg: 0x01 Val: 0x00400054
[inst #20] addi x5,x0,1
Register Write to Reg: 0x05 Val: 0x00000001
[inst #21] bge x5,x11,80
[inst #22] addi x2,x2,-16
Register Write to Reg: 0x02 Val: 0x7FFFFFDC
[inst #23] sw x1,12(x2)
Memory Write to Addr: 0x7FFFFFE8 Val: 0x00400054
[inst #24] sw x10,8(x2)
Memory Write to Addr: 0x7FFFFFE4 Val: 0x10010004
[inst #25] sw x11,4(x2)
Memory Write to Addr: 0x7FFFFFE0 Val: 0x00000006
[inst #26] srli x5,x11,1
Register Write to Reg: 0x05 Val: 0x00000003
[inst #27] add x11,x0,x5
Register Write to Reg: 0x0B Val: 0x00000003
[inst #28] jal x1,-32
Register Write to Reg: 0x01 Val: 0x00400054
[inst #29] addi x5,x0,1
Register Write to Reg: 0x05 Val: 0x00000001
[inst #30] bge x5,x11,80
[inst #31] addi x2,x2,-16
Register Write to Reg: 0x02 Val: 0x7FFFFFCC
[inst #32] sw x1,12(x2)
Memory Write to Addr: 0x7FFFFFD8 Val: 0x00400054
[inst #33] sw x10,8(x2)
Memory Write to Addr: 0x7FFFFFD4 Val: 0x10010004
[inst #34] sw x11,4(x2)
Memory Write to Addr: 0x7FFFFFD0 Val: 0x00000003
[inst #35] srli x5,x11,1
Register Write to Reg: 0x05 Val: 0x00000001
[inst #36] add x11,x0,x5
Register Write to Reg: 0x0B Val: 0x00000001
[inst #37] jal x1,-32
Register Write to Reg: 0x01 Val: 0x00400054
[inst #38] addi x5,x0,1
Register Write to Reg: 0x05 Val: 0x00000001
[inst #39] bge x5,x11,80
[inst #40] jalr x0,x1,0
Register Write to Reg: 0x00 Val: 0x00400088
[inst #41] lw x10,8(x2)
Register Write to Reg: 0x0A Val: 0x10010004
[inst #42] lw x11,4(x2)
Register Write to Reg: 0x0B Val: 0x00000003
[inst #43] srli x5,x11,1
Register Write to Reg: 0x05 Val: 0x00000001
[inst #44] slli x6,x5,2
Register Write to Reg: 0x06 Val: 0x00000004
[inst #45] add x10,x10,x6
Register Write to Reg: 0x0A Val: 0x10010008
[inst #46] sub x11,x11,x5
Register Write to Reg: 0x0B Val: 0x00000002
[inst #47] jal x1,-60
Register Write to Reg: 0x01 Val: 0x00400070
[inst #48] addi x5,x0,1
Register Write to Reg: 0x05 Val: 0x00000001
[inst #49] bge x5,x11,80
[inst #50] addi x2,x2,-16
Register Write to Reg: 0x02 Val: 0x7FFFFFBC
[inst #51] sw x1,12(x2)
Memory Write to Addr: 0x7FFFFFC8 Val: 0x00400070
[inst #52] sw x10,8(x2)
Memory Write to Addr: 0x7FFFFFC4 Val: 0x10010008
[inst #53] sw x11,4(x2)
Memory Write to Addr: 0x7FFFFFC0 Val: 0x00000002
[inst #54] srli x5,x11,1
Register Write to Reg: 0x05 Val: 0x00000001
[inst #55] add x11,x0,x5
Register Write to Reg: 0x0B Val: 0x00000001
[inst #56] jal x1,-32
Register Write to Reg: 0x01 Val: 0x00400054
[inst #57] addi x5,x0,1
Register Write to Reg: 0x05 Val: 0x00000001
[inst #58] bge x5,x11,80
[inst #59] jalr x0,x1,0
Register Write to Reg: 0x00 Val: 0x00400088
[inst #60] lw x10,8(x2)
Register Write to Reg: 0x0A Val: 0x10010008
[inst #61] lw x11,4(x2)
Register Write to Reg: 0x0B Val: 0x00000002
[inst #62] srli x5,x11,1
Register Write to Reg: 0x05 Val: 0x00000001
[inst #63] slli x6,x5,2
Register Write to Reg: 0x06 Val: 0x00000004
[inst #64] add x10,x10,x6
Register Write to Reg: 0x0A Val: 0x1001000C
[inst #65] sub x11,x11,x5
Register Write to Reg: 0x0B Val: 0x00000001
[inst #66] jal x1,-60
Register Write to Reg: 0x01 Val: 0x00400070
[inst #67] addi x5,x0,1
Register Write to Reg: 0x05 Val: 0x00000001
[inst #68] bge x5,x11,80
[inst #69] jalr x0,x1,0
Register Write to Reg: 0x00 Val: 0x00400088
[inst #70] lw x10,8(x2)
Register Write to Reg: 0x0A Val: 0x10010008
[inst #71] lw x11,4(x2)
Register Write to Reg: 0x0B Val: 0x00000002
[inst #72] jal x1,16
Register Write to Reg: 0x01 Val: 0x0040007C
[inst #73] addi x2,x2,-32
Register Write to Reg: 0x02 Val: 0x7FFFFF9C
[inst #74] sw x1,28(x2)
Memory Write to Addr: 0x7FFFFFB8 Val: 0x0040007C
[inst #75] sw x8,24(x2)
Memory Write to Addr: 0x7FFFFFB4 Val: 0x10010004
[inst #76] sw x9,20(x2)
Memory Write to Addr: 0x7FFFFFB0 Val: 0x0000000C
[inst #77] sw x18,16(x2)
Memory Write to Addr: 0x7FFFFFAC Val: 0x00000000
[inst #78] sw x10,12(x2)
Memory Write to Addr: 0x7FFFFFA8 Val: 0x10010008
[inst #79] sw x11,8(x2)
Memory Write to Addr: 0x7FFFFFA4 Val: 0x00000002
[inst #80] srli x8,x11,1
Register Write to Reg: 0x08 Val: 0x00000001
[inst #81] add x18,x0,x11
Register Write to Reg: 0x12 Val: 0x00000002
[inst #82] addi x5,x0,0
Register Write to Reg: 0x05 Val: 0x00000000
[inst #83] add x6,x0,x8
Register Write to Reg: 0x06 Val: 0x00000001
[inst #84] addi x7,x0,0
Register Write to Reg: 0x07 Val: 0x00000000
[inst #85] auipc x9,64528
Register Write to Reg: 0x09 Val: 0x100100B8
[inst #86] addi x9,x9,-132
Register Write to Reg: 0x09 Val: 0x10010034
[inst #87] bge x5,x8,120
[inst #88] bge x6,x18,76
[inst #89] slli x30,x5,2
Register Write to Reg: 0x1E Val: 0x00000000
[inst #90] add x30,x10,x30
Register Write to Reg: 0x1E Val: 0x10010008
[inst #91] lw x28,0(x30)
Register Write to Reg: 0x1C Val: 0x0000000C
[inst #92] slli x30,x6,2
Register Write to Reg: 0x1E Val: 0x00000004
[inst #93] add x30,x10,x30
Register Write to Reg: 0x1E Val: 0x1001000C
[inst #94] lw x29,0(x30)
Register Write to Reg: 0x1D Val: 0x0000000A
[inst #95] bge x29,x28,24
[inst #96] slli x30,x7,2
Register Write to Reg: 0x1E Val: 0x00000000
[inst #97] add x30,x9,x30
Register Write to Reg: 0x1E Val: 0x10010034
[inst #98] sw x29,0(x30)
Memory Write to Addr: 0x10010034 Val: 0x0000000A
[inst #99] addi x6,x6,1
Register Write to Reg: 0x06 Val: 0x00000002
[inst #100] jal x0,20
Register Write to Reg: 0x00 Val: 0x004000F8
[inst #101] addi x7,x7,1
Register Write to Reg: 0x07 Val: 0x00000001
[inst #102] jal x0,-76
Register Write to Reg: 0x00 Val: 0x00400110
[inst #103] bge x5,x8,120
[inst #104] bge x6,x18,76
[inst #105] bge x5,x8,80
[inst #106] slli x30,x5,2
Register Write to Reg: 0x1E Val: 0x00000000
[inst #107] add x30,x10,x30
Register Write to Reg: 0x1E Val: 0x10010008
[inst #108] lw x28,0(x30)
Register Write to Reg: 0x1C Val: 0x0000000C
[inst #109] slli x30,x7,2
Register Write to Reg: 0x1E Val: 0x00000004
[inst #110] add x30,x9,x30
Register Write to Reg: 0x1E Val: 0x10010038
[inst #111] sw x28,0(x30)
Memory Write to Addr: 0x10010038 Val: 0x0000000C
[inst #112] addi x5,x5,1
Register Write to Reg: 0x05 Val: 0x00000001
[inst #113] addi x7,x7,1
Register Write to Reg: 0x07 Val: 0x00000002
[inst #114] jal x0,-36
Register Write to Reg: 0x00 Val: 0x00400138
[inst #115] bge x5,x8,80
[inst #116] addi x5,x0,0
Register Write to Reg: 0x05 Val: 0x00000000
[inst #117] bge x5,x18,32
[inst #118] slli x30,x5,2
Register Write to Reg: 0x1E Val: 0x00000000
[inst #119] add x31,x9,x30
Register Write to Reg: 0x1F Val: 0x10010034
[inst #120] lw x28,0(x31)
Register Write to Reg: 0x1C Val: 0x0000000A
[inst #121] add x31,x10,x30
Register Write to Reg: 0x1F Val: 0x10010008
[inst #122] sw x28,0(x31)
Memory Write to Addr: 0x10010008 Val: 0x0000000A
[inst #123] addi x5,x5,1
Register Write to Reg: 0x05 Val: 0x00000001
[inst #124] jal x0,-28
Register Write to Reg: 0x00 Val: 0x00400184
[inst #125] bge x5,x18,32
[inst #126] slli x30,x5,2
Register Write to Reg: 0x1E Val: 0x00000004
[inst #127] add x31,x9,x30
Register Write to Reg: 0x1F Val: 0x10010038
[inst #128] lw x28,0(x31)
Register Write to Reg: 0x1C Val: 0x0000000C
[inst #129] add x31,x10,x30
Register Write to Reg: 0x1F Val: 0x1001000C
[inst #130] sw x28,0(x31)
Memory Write to Addr: 0x1001000C Val: 0x0000000C
[inst #131] addi x5,x5,1
Register Write to Reg: 0x05 Val: 0x00000002
[inst #132] jal x0,-28
Register Write to Reg: 0x00 Val: 0x00400184
[inst #133] bge x5,x18,32
[inst #134] lw x10,12(x2)
Register Write to Reg: 0x0A Val: 0x10010008
[inst #135] lw x11,8(x2)
Register Write to Reg: 0x0B Val: 0x00000002
[inst #136] lw x1,28(x2)
Register Write to Reg: 0x01 Val: 0x0040007C
[inst #137] lw x8,24(x2)
Register Write to Reg: 0x08 Val: 0x10010004
[inst #138] lw x9,20(x2)
Register Write to Reg: 0x09 Val: 0x0000000C
[inst #139] lw x18,16(x2)
Register Write to Reg: 0x12 Val: 0x00000000
[inst #140] addi x2,x2,32
Register Write to Reg: 0x02 Val: 0x7FFFFFBC
[inst #141] jalr x0,x1,0
Register Write to Reg: 0x00 Val: 0x004001A4
[inst #142] lw x1,12(x2)
Register Write to Reg: 0x01 Val: 0x00400070
[inst #143] addi x2,x2,16
Register Write to Reg: 0x02 Val: 0x7FFFFFCC
[inst #144] jalr x0,x1,0
Register Write to Reg: 0x00 Val: 0x00400088
[inst #145] lw x10,8(x2)
Register Write to Reg: 0x0A Val: 0x10010004
[inst #146] lw x11,4(x2)
Register Write to Reg: 0x0B Val: 0x00000003
[inst #147] jal x1,16
Register Write to Reg: 0x01 Val: 0x0040007C
[inst #148] addi x2,x2,-32
Register Write to Reg: 0x02 Val: 0x7FFFFFAC
[inst #149] sw x1,28(x2)
Memory Write to Addr: 0x7FFFFFC8 Val: 0x0040007C
[inst #150] sw x8,24(x2)
Memory Write to Addr: 0x7FFFFFC4 Val: 0x10010004
[inst #151] sw x9,20(x2)
Memory Write to Addr: 0x7FFFFFC0 Val: 0x0000000C
[inst #152] sw x18,16(x2)
Memory Write to Addr: 0x7FFFFFBC Val: 0x00000000
[inst #153] sw x10,12(x2)
Memory Write to Addr: 0x7FFFFFB8 Val: 0x10010004
[inst #154] sw x11,8(x2)
Memory Write to Addr: 0x7FFFFFB4 Val: 0x00000003
[inst #155] srli x8,x11,1
Register Write to Reg: 0x08 Val: 0x00000001
[inst #156] add x18,x0,x11
Register Write to Reg: 0x12 Val: 0x00000003
[inst #157] addi x5,x0,0
Register Write to Reg: 0x05 Val: 0x00000000
[inst #158] add x6,x0,x8
Register Write to Reg: 0x06 Val: 0x00000001
[inst #159] addi x7,x0,0
Register Write to Reg: 0x07 Val: 0x00000000
[inst #160] auipc x9,64528
Register Write to Reg: 0x09 Val: 0x100100B8
[inst #161] addi x9,x9,-132
Register Write to Reg: 0x09 Val: 0x10010034
[inst #162] bge x5,x8,120
[inst #163] bge x6,x18,76
[inst #164] slli x30,x5,2
Register Write to Reg: 0x1E Val: 0x00000000
[inst #165] add x30,x10,x30
Register Write to Reg: 0x1E Val: 0x10010004
[inst #166] lw x28,0(x30)
Register Write to Reg: 0x1C Val: 0x00000041
[inst #167] slli x30,x6,2
Register Write to Reg: 0x1E Val: 0x00000004
[inst #168] add x30,x10,x30
Register Write to Reg: 0x1E Val: 0x10010008
[inst #169] lw x29,0(x30)
Register Write to Reg: 0x1D Val: 0x0000000A
[inst #170] bge x29,x28,24
[inst #171] slli x30,x7,2
Register Write to Reg: 0x1E Val: 0x00000000
[inst #172] add x30,x9,x30
Register Write to Reg: 0x1E Val: 0x10010034
[inst #173] sw x29,0(x30)
Memory Write to Addr: 0x10010034 Val: 0x0000000A
[inst #174] addi x6,x6,1
Register Write to Reg: 0x06 Val: 0x00000002
[inst #175] jal x0,20
Register Write to Reg: 0x00 Val: 0x004000F8
[inst #176] addi x7,x7,1
Register Write to Reg: 0x07 Val: 0x00000001
[inst #177] jal x0,-76
Register Write to Reg: 0x00 Val: 0x00400110
[inst #178] bge x5,x8,120
[inst #179] bge x6,x18,76
[inst #180] slli x30,x5,2
Register Write to Reg: 0x1E Val: 0x00000000
[inst #181] add x30,x10,x30
Register Write to Reg: 0x1E Val: 0x10010004
[inst #182] lw x28,0(x30)
Register Write to Reg: 0x1C Val: 0x00000041
[inst #183] slli x30,x6,2
Register Write to Reg: 0x1E Val: 0x00000008
[inst #184] add x30,x10,x30
Register Write to Reg: 0x1E Val: 0x1001000C
[inst #185] lw x29,0(x30)
Register Write to Reg: 0x1D Val: 0x0000000C
[inst #186] bge x29,x28,24
[inst #187] slli x30,x7,2
Register Write to Reg: 0x1E Val: 0x00000004
[inst #188] add x30,x9,x30
Register Write to Reg: 0x1E Val: 0x10010038
[inst #189] sw x29,0(x30)
Memory Write to Addr: 0x10010038 Val: 0x0000000C
[inst #190] addi x6,x6,1
Register Write to Reg: 0x06 Val: 0x00000003
[inst #191] jal x0,20
Register Write to Reg: 0x00 Val: 0x004000F8
[inst #192] addi x7,x7,1
Register Write to Reg: 0x07 Val: 0x00000002
[inst #193] jal x0,-76
Register Write to Reg: 0x00 Val: 0x00400110
[inst #194] bge x5,x8,120
[inst #195] bge x6,x18,76
[inst #196] bge x5,x8,80
[inst #197] slli x30,x5,2
Register Write to Reg: 0x1E Val: 0x00000000
[inst #198] add x30,x10,x30
Register Write to Reg: 0x1E Val: 0x10010004
[inst #199] lw x28,0(x30)
Register Write to Reg: 0x1C Val: 0x00000041
[inst #200] slli x30,x7,2
Register Write to Reg: 0x1E Val: 0x00000008
[inst #201] add x30,x9,x30
Register Write to Reg: 0x1E Val: 0x1001003C
[inst #202] sw x28,0(x30)
Memory Write to Addr: 0x1001003C Val: 0x00000041
[inst #203] addi x5,x5,1
Register Write to Reg: 0x05 Val: 0x00000001
[inst #204] addi x7,x7,1
Register Write to Reg: 0x07 Val: 0x00000003
[inst #205] jal x0,-36
Register Write to Reg: 0x00 Val: 0x00400138
[inst #206] bge x5,x8,80
[inst #207] addi x5,x0,0
Register Write to Reg: 0x05 Val: 0x00000000
[inst #208] bge x5,x18,32
[inst #209] slli x30,x5,2
Register Write to Reg: 0x1E Val: 0x00000000
[inst #210] add x31,x9,x30
Register Write to Reg: 0x1F Val: 0x10010034
[inst #211] lw x28,0(x31)
Register Write to Reg: 0x1C Val: 0x0000000A
[inst #212] add x31,x10,x30
Register Write to Reg: 0x1F Val: 0x10010004
[inst #213] sw x28,0(x31)
Memory Write to Addr: 0x10010004 Val: 0x0000000A
[inst #214] addi x5,x5,1
Register Write to Reg: 0x05 Val: 0x00000001
[inst #215] jal x0,-28
Register Write to Reg: 0x00 Val: 0x00400184
[inst #216] bge x5,x18,32
[inst #217] slli x30,x5,2
Register Write to Reg: 0x1E Val: 0x00000004
[inst #218] add x31,x9,x30
Register Write to Reg: 0x1F Val: 0x10010038
[inst #219] lw x28,0(x31)
Register Write to Reg: 0x1C Val: 0x0000000C
[inst #220] add x31,x10,x30
Register Write to Reg: 0x1F Val: 0x10010008
[inst #221] sw x28,0(x31)
Memory Write to Addr: 0x10010008 Val: 0x0000000C
[inst #222] addi x5,x5,1
Register Write to Reg: 0x05 Val: 0x00000002
[inst #223] jal x0,-28
Register Write to Reg: 0x00 Val: 0x00400184
[inst #224] bge x5,x18,32
[inst #225] slli x30,x5,2
Register Write to Reg: 0x1E Val: 0x00000008
[inst #226] add x31,x9,x30
Register Write to Reg: 0x1F Val: 0x1001003C
[inst #227] lw x28,0(x31)
Register Write to Reg: 0x1C Val: 0x00000041
[inst #228] add x31,x10,x30
Register Write to Reg: 0x1F Val: 0x1001000C
[inst #229] sw x28,0(x31)
Memory Write to Addr: 0x1001000C Val: 0x00000041
[inst #230] addi x5,x5,1
Register Write to Reg: 0x05 Val: 0x00000003
[inst #231] jal x0,-28
Register Write to Reg: 0x00 Val: 0x00400184
[inst #232] bge x5,x18,32
[inst #233] lw x10,12(x2)
Register Write to Reg: 0x0A Val: 0x10010004
[inst #234] lw x11,8(x2)
Register Write to Reg: 0x0B Val: 0x00000003
[inst #235] lw x1,28(x2)
Register Write to Reg: 0x01 Val: 0x0040007C
[inst #236] lw x8,24(x2)
Register Write to Reg: 0x08 Val: 0x10010004
[inst #237] lw x9,20(x2)
Register Write to Reg: 0x09 Val: 0x0000000C
[inst #238] lw x18,16(x2)
Register Write to Reg: 0x12 Val: 0x00000000
[inst #239] addi x2,x2,32
Register Write to Reg: 0x02 Val: 0x7FFFFFCC
[inst #240] jalr x0,x1,0
Register Write to Reg: 0x00 Val: 0x004001A4
[inst #241] lw x1,12(x2)
Register Write to Reg: 0x01 Val: 0x00400054
[inst #242] addi x2,x2,16
Register Write to Reg: 0x02 Val: 0x7FFFFFDC
[inst #243] jalr x0,x1,0
Register Write to Reg: 0x00 Val: 0x00400088
[inst #244] lw x10,8(x2)
Register Write to Reg: 0x0A Val: 0x10010004
[inst #245] lw x11,4(x2)
Register Write to Reg: 0x0B Val: 0x00000006
[inst #246] srli x5,x11,1
Register Write to Reg: 0x05 Val: 0x00000003
[inst #247] slli x6,x5,2
Register Write to Reg: 0x06 Val: 0x0000000C
[inst #248] add x10,x10,x6
Register Write to Reg: 0x0A Val: 0x10010010
[inst #249] sub x11,x11,x5
Register Write to Reg: 0x0B Val: 0x00000003
[inst #250] jal x1,-60
Register Write to Reg: 0x01 Val: 0x00400070
[inst #251] addi x5,x0,1
Register Write to Reg: 0x05 Val: 0x00000001
[inst #252] bge x5,x11,80
[inst #253] addi x2,x2,-16
Register Write to Reg: 0x02 Val: 0x7FFFFFCC
[inst #254] sw x1,12(x2)
Memory Write to Addr: 0x7FFFFFD8 Val: 0x00400070
[inst #255] sw x10,8(x2)
Memory Write to Addr: 0x7FFFFFD4 Val: 0x10010010
[inst #256] sw x11,4(x2)
Memory Write to Addr: 0x7FFFFFD0 Val: 0x00000003
[inst #257] srli x5,x11,1
Register Write to Reg: 0x05 Val: 0x00000001
[inst #258] add x11,x0,x5
Register Write to Reg: 0x0B Val: 0x00000001
[inst #259] jal x1,-32
Register Write to Reg: 0x01 Val: 0x00400054
[inst #260] addi x5,x0,1
Register Write to Reg: 0x05 Val: 0x00000001
[inst #261] bge x5,x11,80
[inst #262] jalr x0,x1,0
Register Write to Reg: 0x00 Val: 0x00400088
[inst #263] lw x10,8(x2)
Register Write to Reg: 0x0A Val: 0x10010010
[inst #264] lw x11,4(x2)
Register Write to Reg: 0x0B Val: 0x00000003
[inst #265] srli x5,x11,1
Register Write to Reg: 0x05 Val: 0x00000001
[inst #266] slli x6,x5,2
Register Write to Reg: 0x06 Val: 0x00000004
[inst #267] add x10,x10,x6
Register Write to Reg: 0x0A Val: 0x10010014
[inst #268] sub x11,x11,x5
Register Write to Reg: 0x0B Val: 0x00000002
[inst #269] jal x1,-60
Register Write to Reg: 0x01 Val: 0x00400070
[inst #270] addi x5,x0,1
Register Write to Reg: 0x05 Val: 0x00000001
[inst #271] bge x5,x11,80
[inst #272] addi x2,x2,-16
Register Write to Reg: 0x02 Val: 0x7FFFFFBC
[inst #273] sw x1,12(x2)
Memory Write to Addr: 0x7FFFFFC8 Val: 0x00400070
[inst #274] sw x10,8(x2)
Memory Write to Addr: 0x7FFFFFC4 Val: 0x10010014
[inst #275] sw x11,4(x2)
Memory Write to Addr: 0x7FFFFFC0 Val: 0x00000002
[inst #276] srli x5,x11,1
Register Write to Reg: 0x05 Val: 0x00000001
[inst #277] add x11,x0,x5
Register Write to Reg: 0x0B Val: 0x00000001
[inst #278] jal x1,-32
Register Write to Reg: 0x01 Val: 0x00400054
[inst #279] addi x5,x0,1
Register Write to Reg: 0x05 Val: 0x00000001
[inst #280] bge x5,x11,80
[inst #281] jalr x0,x1,0
Register Write to Reg: 0x00 Val: 0x00400088
[inst #282] lw x10,8(x2)
Register Write to Reg: 0x0A Val: 0x10010014
[inst #283] lw x11,4(x2)
Register Write to Reg: 0x0B Val: 0x00000002
[inst #284] srli x5,x11,1
Register Write to Reg: 0x05 Val: 0x00000001
[inst #285] slli x6,x5,2
Register Write to Reg: 0x06 Val: 0x00000004
[inst #286] add x10,x10,x6
Register Write to Reg: 0x0A Val: 0x10010018
[inst #287] sub x11,x11,x5
Register Write to Reg: 0x0B Val: 0x00000001
[inst #288] jal x1,-60
Register Write to Reg: 0x01 Val: 0x00400070
[inst #289] addi x5,x0,1
Register Write to Reg: 0x05 Val: 0x00000001
[inst #290] bge x5,x11,80
[inst #291] jalr x0,x1,0
Register Write to Reg: 0x00 Val: 0x00400088
[inst #292] lw x10,8(x2)
Register Write to Reg: 0x0A Val: 0x10010014
[inst #293] lw x11,4(x2)
Register Write to Reg: 0x0B Val: 0x00000002
[inst #294] jal x1,16
Register Write to Reg: 0x01 Val: 0x0040007C
[inst #295] addi x2,x2,-32
Register Write to Reg: 0x02 Val: 0x7FFFFF9C
[inst #296] sw x1,28(x2)
Memory Write to Addr: 0x7FFFFFB8 Val: 0x0040007C
[inst #297] sw x8,24(x2)
Memory Write to Addr: 0x7FFFFFB4 Val: 0x10010004
[inst #298] sw x9,20(x2)
Memory Write to Addr: 0x7FFFFFB0 Val: 0x0000000C
[inst #299] sw x18,16(x2)
Memory Write to Addr: 0x7FFFFFAC Val: 0x00000000
[inst #300] sw x10,12(x2)
Memory Write to Addr: 0x7FFFFFA8 Val: 0x10010014
[inst #301] sw x11,8(x2)
Memory Write to Addr: 0x7FFFFFA4 Val: 0x00000002
[inst #302] srli x8,x11,1
Register Write to Reg: 0x08 Val: 0x00000001
[inst #303] add x18,x0,x11
Register Write to Reg: 0x12 Val: 0x00000002
[inst #304] addi x5,x0,0
Register Write to Reg: 0x05 Val: 0x00000000
[inst #305] add x6,x0,x8
Register Write to Reg: 0x06 Val: 0x00000001
[inst #306] addi x7,x0,0
Register Write to Reg: 0x07 Val: 0x00000000
[inst #307] auipc x9,64528
Register Write to Reg: 0x09 Val: 0x100100B8
[inst #308] addi x9,x9,-132
Register Write to Reg: 0x09 Val: 0x10010034
[inst #309] bge x5,x8,120
[inst #310] bge x6,x18,76
[inst #311] slli x30,x5,2
Register Write to Reg: 0x1E Val: 0x00000000
[inst #312] add x30,x10,x30
Register Write to Reg: 0x1E Val: 0x10010014
[inst #313] lw x28,0(x30)
Register Write to Reg: 0x1C Val: 0x0000000B
[inst #314] slli x30,x6,2
Register Write to Reg: 0x1E Val: 0x00000004
[inst #315] add x30,x10,x30
Register Write to Reg: 0x1E Val: 0x10010018
[inst #316] lw x29,0(x30)
Register Write to Reg: 0x1D Val: 0x00000046
[inst #317] bge x29,x28,24
[inst #318] slli x30,x7,2
Register Write to Reg: 0x1E Val: 0x00000000
[inst #319] add x30,x9,x30
Register Write to Reg: 0x1E Val: 0x10010034
[inst #320] sw x28,0(x30)
Memory Write to Addr: 0x10010034 Val: 0x0000000B
[inst #321] addi x5,x5,1
Register Write to Reg: 0x05 Val: 0x00000001
[inst #322] addi x7,x7,1
Register Write to Reg: 0x07 Val: 0x00000001
[inst #323] jal x0,-76
Register Write to Reg: 0x00 Val: 0x00400110
[inst #324] bge x5,x8,120
[inst #325] bge x6,x18,40
[inst #326] slli x30,x6,2
Register Write to Reg: 0x1E Val: 0x00000004
[inst #327] add x30,x10,x30
Register Write to Reg: 0x1E Val: 0x10010018
[inst #328] lw x28,0(x30)
Register Write to Reg: 0x1C Val: 0x00000046
[inst #329] slli x30,x7,2
Register Write to Reg: 0x1E Val: 0x00000004
[inst #330] add x30,x9,x30
Register Write to Reg: 0x1E Val: 0x10010038
[inst #331] sw x28,0(x30)
Memory Write to Addr: 0x10010038 Val: 0x00000046
[inst #332] addi x6,x6,1
Register Write to Reg: 0x06 Val: 0x00000002
[inst #333] addi x7,x7,1
Register Write to Reg: 0x07 Val: 0x00000002
[inst #334] jal x0,-36
Register Write to Reg: 0x00 Val: 0x00400160
[inst #335] bge x6,x18,40
[inst #336] addi x5,x0,0
Register Write to Reg: 0x05 Val: 0x00000000
[inst #337] bge x5,x18,32
[inst #338] slli x30,x5,2
Register Write to Reg: 0x1E Val: 0x00000000
[inst #339] add x31,x9,x30
Register Write to Reg: 0x1F Val: 0x10010034
[inst #340] lw x28,0(x31)
Register Write to Reg: 0x1C Val: 0x0000000B
[inst #341] add x31,x10,x30
Register Write to Reg: 0x1F Val: 0x10010014
[inst #342] sw x28,0(x31)
Memory Write to Addr: 0x10010014 Val: 0x0000000B
[inst #343] addi x5,x5,1
Register Write to Reg: 0x05 Val: 0x00000001
[inst #344] jal x0,-28
Register Write to Reg: 0x00 Val: 0x00400184
[inst #345] bge x5,x18,32
[inst #346] slli x30,x5,2
Register Write to Reg: 0x1E Val: 0x00000004
[inst #347] add x31,x9,x30
Register Write to Reg: 0x1F Val: 0x10010038
[inst #348] lw x28,0(x31)
Register Write to Reg: 0x1C Val: 0x00000046
[inst #349] add x31,x10,x30
Register Write to Reg: 0x1F Val: 0x10010018
[inst #350] sw x28,0(x31)
Memory Write to Addr: 0x10010018 Val: 0x00000046
[inst #351] addi x5,x5,1
Register Write to Reg: 0x05 Val: 0x00000002
[inst #352] jal x0,-28
Register Write to Reg: 0x00 Val: 0x00400184
[inst #353] bge x5,x18,32
[inst #354] lw x10,12(x2)
Register Write to Reg: 0x0A Val: 0x10010014
[inst #355] lw x11,8(x2)
Register Write to Reg: 0x0B Val: 0x00000002
[inst #356] lw x1,28(x2)
Register Write to Reg: 0x01 Val: 0x0040007C
[inst #357] lw x8,24(x2)
Register Write to Reg: 0x08 Val: 0x10010004
[inst #358] lw x9,20(x2)
Register Write to Reg: 0x09 Val: 0x0000000C
[inst #359] lw x18,16(x2)
Register Write to Reg: 0x12 Val: 0x00000000
[inst #360] addi x2,x2,32
Register Write to Reg: 0x02 Val: 0x7FFFFFBC
[inst #361] jalr x0,x1,0
Register Write to Reg: 0x00 Val: 0x004001A4
[inst #362] lw x1,12(x2)
Register Write to Reg: 0x01 Val: 0x00400070
[inst #363] addi x2,x2,16
Register Write to Reg: 0x02 Val: 0x7FFFFFCC
[inst #364] jalr x0,x1,0
Register Write to Reg: 0x00 Val: 0x00400088
[inst #365] lw x10,8(x2)
Register Write to Reg: 0x0A Val: 0x10010010
[inst #366] lw x11,4(x2)
Register Write to Reg: 0x0B Val: 0x00000003
[inst #367] jal x1,16
Register Write to Reg: 0x01 Val: 0x0040007C
[inst #368] addi x2,x2,-32
Register Write to Reg: 0x02 Val: 0x7FFFFFAC
[inst #369] sw x1,28(x2)
Memory Write to Addr: 0x7FFFFFC8 Val: 0x0040007C
[inst #370] sw x8,24(x2)
Memory Write to Addr: 0x7FFFFFC4 Val: 0x10010004
[inst #371] sw x9,20(x2)
Memory Write to Addr: 0x7FFFFFC0 Val: 0x0000000C
[inst #372] sw x18,16(x2)
Memory Write to Addr: 0x7FFFFFBC Val: 0x00000000
[inst #373] sw x10,12(x2)
Memory Write to Addr: 0x7FFFFFB8 Val: 0x10010010
[inst #374] sw x11,8(x2)
Memory Write to Addr: 0x7FFFFFB4 Val: 0x00000003
[inst #375] srli x8,x11,1
Register Write to Reg: 0x08 Val: 0x00000001
[inst #376] add x18,x0,x11
Register Write to Reg: 0x12 Val: 0x00000003
[inst #377] addi x5,x0,0
Register Write to Reg: 0x05 Val: 0x00000000
[inst #378] add x6,x0,x8
Register Write to Reg: 0x06 Val: 0x00000001
[inst #379] addi x7,x0,0
Register Write to Reg: 0x07 Val: 0x00000000
[inst #380] auipc x9,64528
Register Write to Reg: 0x09 Val: 0x100100B8
[inst #381] addi x9,x9,-132
Register Write to Reg: 0x09 Val: 0x10010034
[inst #382] bge x5,x8,120
[inst #383] bge x6,x18,76
[inst #384] slli x30,x5,2
Register Write to Reg: 0x1E Val: 0x00000000
[inst #385] add x30,x10,x30
Register Write to Reg: 0x1E Val: 0x10010010
[inst #386] lw x28,0(x30)
Register Write to Reg: 0x1C Val: 0x00000059
[inst #387] slli x30,x6,2
Register Write to Reg: 0x1E Val: 0x00000004
[inst #388] add x30,x10,x30
Register Write to Reg: 0x1E Val: 0x10010014
[inst #389] lw x29,0(x30)
Register Write to Reg: 0x1D Val: 0x0000000B
[inst #390] bge x29,x28,24
[inst #391] slli x30,x7,2
Register Write to Reg: 0x1E Val: 0x00000000
[inst #392] add x30,x9,x30
Register Write to Reg: 0x1E Val: 0x10010034
[inst #393] sw x29,0(x30)
Memory Write to Addr: 0x10010034 Val: 0x0000000B
[inst #394] addi x6,x6,1
Register Write to Reg: 0x06 Val: 0x00000002
[inst #395] jal x0,20
Register Write to Reg: 0x00 Val: 0x004000F8
[inst #396] addi x7,x7,1
Register Write to Reg: 0x07 Val: 0x00000001
[inst #397] jal x0,-76
Register Write to Reg: 0x00 Val: 0x00400110
[inst #398] bge x5,x8,120
[inst #399] bge x6,x18,76
[inst #400] slli x30,x5,2
Register Write to Reg: 0x1E Val: 0x00000000
[inst #401] add x30,x10,x30
Register Write to Reg: 0x1E Val: 0x10010010
[inst #402] lw x28,0(x30)
Register Write to Reg: 0x1C Val: 0x00000059
[inst #403] slli x30,x6,2
Register Write to Reg: 0x1E Val: 0x00000008
[inst #404] add x30,x10,x30
Register Write to Reg: 0x1E Val: 0x10010018
[inst #405] lw x29,0(x30)
Register Write to Reg: 0x1D Val: 0x00000046
[inst #406] bge x29,x28,24
[inst #407] slli x30,x7,2
Register Write to Reg: 0x1E Val: 0x00000004
[inst #408] add x30,x9,x30
Register Write to Reg: 0x1E Val: 0x10010038
[inst #409] sw x29,0(x30)
Memory Write to Addr: 0x10010038 Val: 0x00000046
[inst #410] addi x6,x6,1
Register Write to Reg: 0x06 Val: 0x00000003
[inst #411] jal x0,20
Register Write to Reg: 0x00 Val: 0x004000F8
[inst #412] addi x7,x7,1
Register Write to Reg: 0x07 Val: 0x00000002
[inst #413] jal x0,-76
Register Write to Reg: 0x00 Val: 0x00400110
[inst #414] bge x5,x8,120
[inst #415] bge x6,x18,76
[inst #416] bge x5,x8,80
[inst #417] slli x30,x5,2
Register Write to Reg: 0x1E Val: 0x00000000
[inst #418] add x30,x10,x30
Register Write to Reg: 0x1E Val: 0x10010010
[inst #419] lw x28,0(x30)
Register Write to Reg: 0x1C Val: 0x00000059
[inst #420] slli x30,x7,2
Register Write to Reg: 0x1E Val: 0x00000008
[inst #421] add x30,x9,x30
Register Write to Reg: 0x1E Val: 0x1001003C
[inst #422] sw x28,0(x30)
Memory Write to Addr: 0x1001003C Val: 0x00000059
[inst #423] addi x5,x5,1
Register Write to Reg: 0x05 Val: 0x00000001
[inst #424] addi x7,x7,1
Register Write to Reg: 0x07 Val: 0x00000003
[inst #425] jal x0,-36
Register Write to Reg: 0x00 Val: 0x00400138
[inst #426] bge x5,x8,80
[inst #427] addi x5,x0,0
Register Write to Reg: 0x05 Val: 0x00000000
[inst #428] bge x5,x18,32
[inst #429] slli x30,x5,2
Register Write to Reg: 0x1E Val: 0x00000000
[inst #430] add x31,x9,x30
Register Write to Reg: 0x1F Val: 0x10010034
[inst #431] lw x28,0(x31)
Register Write to Reg: 0x1C Val: 0x0000000B
[inst #432] add x31,x10,x30
Register Write to Reg: 0x1F Val: 0x10010010
[inst #433] sw x28,0(x31)
Memory Write to Addr: 0x10010010 Val: 0x0000000B
[inst #434] addi x5,x5,1
Register Write to Reg: 0x05 Val: 0x00000001
[inst #435] jal x0,-28
Register Write to Reg: 0x00 Val: 0x00400184
[inst #436] bge x5,x18,32
[inst #437] slli x30,x5,2
Register Write to Reg: 0x1E Val: 0x00000004
[inst #438] add x31,x9,x30
Register Write to Reg: 0x1F Val: 0x10010038
[inst #439] lw x28,0(x31)
Register Write to Reg: 0x1C Val: 0x00000046
[inst #440] add x31,x10,x30
Register Write to Reg: 0x1F Val: 0x10010014
[inst #441] sw x28,0(x31)
Memory Write to Addr: 0x10010014 Val: 0x00000046
[inst #442] addi x5,x5,1
Register Write to Reg: 0x05 Val: 0x00000002
[inst #443] jal x0,-28
Register Write to Reg: 0x00 Val: 0x00400184
[inst #444] bge x5,x18,32
[inst #445] slli x30,x5,2
Register Write to Reg: 0x1E Val: 0x00000008
[inst #446] add x31,x9,x30
Register Write to Reg: 0x1F Val: 0x1001003C
[inst #447] lw x28,0(x31)
Register Write to Reg: 0x1C Val: 0x00000059
[inst #448] add x31,x10,x30
Register Write to Reg: 0x1F Val: 0x10010018
[inst #449] sw x28,0(x31)
Memory Write to Addr: 0x10010018 Val: 0x00000059
[inst #450] addi x5,x5,1
Register Write to Reg: 0x05 Val: 0x00000003
[inst #451] jal x0,-28
Register Write to Reg: 0x00 Val: 0x00400184
[inst #452] bge x5,x18,32
[inst #453] lw x10,12(x2)
Register Write to Reg: 0x0A Val: 0x10010010
[inst #454] lw x11,8(x2)
Register Write to Reg: 0x0B Val: 0x00000003
[inst #455] lw x1,28(x2)
Register Write to Reg: 0x01 Val: 0x0040007C
[inst #456] lw x8,24(x2)
Register Write to Reg: 0x08 Val: 0x10010004
[inst #457] lw x9,20(x2)
Register Write to Reg: 0x09 Val: 0x0000000C
[inst #458] lw x18,16(x2)
Register Write to Reg: 0x12 Val: 0x00000000
[inst #459] addi x2,x2,32
Register Write to Reg: 0x02 Val: 0x7FFFFFCC
[inst #460] jalr x0,x1,0
Register Write to Reg: 0x00 Val: 0x004001A4
[inst #461] lw x1,12(x2)
Register Write to Reg: 0x01 Val: 0x00400070
[inst #462] addi x2,x2,16
Register Write to Reg: 0x02 Val: 0x7FFFFFDC
[inst #463] jalr x0,x1,0
Register Write to Reg: 0x00 Val: 0x00400088
[inst #464] lw x10,8(x2)
Register Write to Reg: 0x0A Val: 0x10010004
[inst #465] lw x11,4(x2)
Register Write to Reg: 0x0B Val: 0x00000006
[inst #466] jal x1,16
Register Write to Reg: 0x01 Val: 0x0040007C
[inst #467] addi x2,x2,-32
Register Write to Reg: 0x02 Val: 0x7FFFFFBC
[inst #468] sw x1,28(x2)
Memory Write to Addr: 0x7FFFFFD8 Val: 0x0040007C
[inst #469] sw x8,24(x2)
Memory Write to Addr: 0x7FFFFFD4 Val: 0x10010004
[inst #470] sw x9,20(x2)
Memory Write to Addr: 0x7FFFFFD0 Val: 0x0000000C
[inst #471] sw x18,16(x2)
Memory Write to Addr: 0x7FFFFFCC Val: 0x00000000
[inst #472] sw x10,12(x2)
Memory Write to Addr: 0x7FFFFFC8 Val: 0x10010004
[inst #473] sw x11,8(x2)
Memory Write to Addr: 0x7FFFFFC4 Val: 0x00000006
[inst #474] srli x8,x11,1
Register Write to Reg: 0x08 Val: 0x00000003
[inst #475] add x18,x0,x11
Register Write to Reg: 0x12 Val: 0x00000006
[inst #476] addi x5,x0,0
Register Write to Reg: 0x05 Val: 0x00000000
[inst #477] add x6,x0,x8
Register Write to Reg: 0x06 Val: 0x00000003
[inst #478] addi x7,x0,0
Register Write to Reg: 0x07 Val: 0x00000000
[inst #479] auipc x9,64528
Register Write to Reg: 0x09 Val: 0x100100B8
[inst #480] addi x9,x9,-132
Register Write to Reg: 0x09 Val: 0x10010034
[inst #481] bge x5,x8,120
[inst #482] bge x6,x18,76
[inst #483] slli x30,x5,2
Register Write to Reg: 0x1E Val: 0x00000000
[inst #484] add x30,x10,x30
Register Write to Reg: 0x1E Val: 0x10010004
[inst #485] lw x28,0(x30)
Register Write to Reg: 0x1C Val: 0x0000000A
[inst #486] slli x30,x6,2
Register Write to Reg: 0x1E Val: 0x0000000C
[inst #487] add x30,x10,x30
Register Write to Reg: 0x1E Val: 0x10010010
[inst #488] lw x29,0(x30)
Register Write to Reg: 0x1D Val: 0x0000000B
[inst #489] bge x29,x28,24
[inst #490] slli x30,x7,2
Register Write to Reg: 0x1E Val: 0x00000000
[inst #491] add x30,x9,x30
Register Write to Reg: 0x1E Val: 0x10010034
[inst #492] sw x28,0(x30)
Memory Write to Addr: 0x10010034 Val: 0x0000000A
[inst #493] addi x5,x5,1
Register Write to Reg: 0x05 Val: 0x00000001
[inst #494] addi x7,x7,1
Register Write to Reg: 0x07 Val: 0x00000001
[inst #495] jal x0,-76
Register Write to Reg: 0x00 Val: 0x00400110
[inst #496] bge x5,x8,120
[inst #497] bge x6,x18,76
[inst #498] slli x30,x5,2
Register Write to Reg: 0x1E Val: 0x00000004
[inst #499] add x30,x10,x30
Register Write to Reg: 0x1E Val: 0x10010008
[inst #500] lw x28,0(x30)
Register Write to Reg: 0x1C Val: 0x0000000C
[inst #501] slli x30,x6,2
Register Write to Reg: 0x1E Val: 0x0000000C
[inst #502] add x30,x10,x30
Register Write to Reg: 0x1E Val: 0x10010010
[inst #503] lw x29,0(x30)
Register Write to Reg: 0x1D Val: 0x0000000B
[inst #504] bge x29,x28,24
[inst #505] slli x30,x7,2
Register Write to Reg: 0x1E Val: 0x00000004
[inst #506] add x30,x9,x30
Register Write to Reg: 0x1E Val: 0x10010038
[inst #507] sw x29,0(x30)
Memory Write to Addr: 0x10010038 Val: 0x0000000B
[inst #508] addi x6,x6,1
Register Write to Reg: 0x06 Val: 0x00000004
[inst #509] jal x0,20
Register Write to Reg: 0x00 Val: 0x004000F8
[inst #510] addi x7,x7,1
Register Write to Reg: 0x07 Val: 0x00000002
[inst #511] jal x0,-76
Register Write to Reg: 0x00 Val: 0x00400110
[inst #512] bge x5,x8,120
[inst #513] bge x6,x18,76
[inst #514] slli x30,x5,2
Register Write to Reg: 0x1E Val: 0x00000004
[inst #515] add x30,x10,x30
Register Write to Reg: 0x1E Val: 0x10010008
[inst #516] lw x28,0(x30)
Register Write to Reg: 0x1C Val: 0x0000000C
[inst #517] slli x30,x6,2
Register Write to Reg: 0x1E Val: 0x00000010
[inst #518] add x30,x10,x30
Register Write to Reg: 0x1E Val: 0x10010014
[inst #519] lw x29,0(x30)
Register Write to Reg: 0x1D Val: 0x00000046
[inst #520] bge x29,x28,24
[inst #521] slli x30,x7,2
Register Write to Reg: 0x1E Val: 0x00000008
[inst #522] add x30,x9,x30
Register Write to Reg: 0x1E Val: 0x1001003C
[inst #523] sw x28,0(x30)
Memory Write to Addr: 0x1001003C Val: 0x0000000C
[inst #524] addi x5,x5,1
Register Write to Reg: 0x05 Val: 0x00000002
[inst #525] addi x7,x7,1
Register Write to Reg: 0x07 Val: 0x00000003
[inst #526] jal x0,-76
Register Write to Reg: 0x00 Val: 0x00400110
[inst #527] bge x5,x8,120
[inst #528] bge x6,x18,76
[inst #529] slli x30,x5,2
Register Write to Reg: 0x1E Val: 0x00000008
[inst #530] add x30,x10,x30
Register Write to Reg: 0x1E Val: 0x1001000C
[inst #531] lw x28,0(x30)
Register Write to Reg: 0x1C Val: 0x00000041
[inst #532] slli x30,x6,2
Register Write to Reg: 0x1E Val: 0x00000010
[inst #533] add x30,x10,x30
Register Write to Reg: 0x1E Val: 0x10010014
[inst #534] lw x29,0(x30)
Register Write to Reg: 0x1D Val: 0x00000046
[inst #535] bge x29,x28,24
[inst #536] slli x30,x7,2
Register Write to Reg: 0x1E Val: 0x0000000C
[inst #537] add x30,x9,x30
Register Write to Reg: 0x1E Val: 0x10010040
[inst #538] sw x28,0(x30)
Memory Write to Addr: 0x10010040 Val: 0x00000041
[inst #539] addi x5,x5,1
Register Write to Reg: 0x05 Val: 0x00000003
[inst #540] addi x7,x7,1
Register Write to Reg: 0x07 Val: 0x00000004
[inst #541] jal x0,-76
Register Write to Reg: 0x00 Val: 0x00400110
[inst #542] bge x5,x8,120
[inst #543] bge x6,x18,40
[inst #544] slli x30,x6,2
Register Write to Reg: 0x1E Val: 0x00000010
[inst #545] add x30,x10,x30
Register Write to Reg: 0x1E Val: 0x10010014
[inst #546] lw x28,0(x30)
Register Write to Reg: 0x1C Val: 0x00000046
[inst #547] slli x30,x7,2
Register Write to Reg: 0x1E Val: 0x00000010
[inst #548] add x30,x9,x30
Register Write to Reg: 0x1E Val: 0x10010044
[inst #549] sw x28,0(x30)
Memory Write to Addr: 0x10010044 Val: 0x00000046
[inst #550] addi x6,x6,1
Register Write to Reg: 0x06 Val: 0x00000005
[inst #551] addi x7,x7,1
Register Write to Reg: 0x07 Val: 0x00000005
[inst #552] jal x0,-36
Register Write to Reg: 0x00 Val: 0x00400160
[inst #553] bge x6,x18,40
[inst #554] slli x30,x6,2
Register Write to Reg: 0x1E Val: 0x00000014
[inst #555] add x30,x10,x30
Register Write to Reg: 0x1E Val: 0x10010018
[inst #556] lw x28,0(x30)
Register Write to Reg: 0x1C Val: 0x00000059
[inst #557] slli x30,x7,2
Register Write to Reg: 0x1E Val: 0x00000014
[inst #558] add x30,x9,x30
Register Write to Reg: 0x1E Val: 0x10010048
[inst #559] sw x28,0(x30)
Memory Write to Addr: 0x10010048 Val: 0x00000059
[inst #560] addi x6,x6,1
Register Write to Reg: 0x06 Val: 0x00000006
[inst #561] addi x7,x7,1
Register Write to Reg: 0x07 Val: 0x00000006
[inst #562] jal x0,-36
Register Write to Reg: 0x00 Val: 0x00400160
[inst #563] bge x6,x18,40
[inst #564] addi x5,x0,0
Register Write to Reg: 0x05 Val: 0x00000000
[inst #565] bge x5,x18,32
[inst #566] slli x30,x5,2
Register Write to Reg: 0x1E Val: 0x00000000
[inst #567] add x31,x9,x30
Register Write to Reg: 0x1F Val: 0x10010034
[inst #568] lw x28,0(x31)
Register Write to Reg: 0x1C Val: 0x0000000A
[inst #569] add x31,x10,x30
Register Write to Reg: 0x1F Val: 0x10010004
[inst #570] sw x28,0(x31)
Memory Write to Addr: 0x10010004 Val: 0x0000000A
[inst #571] addi x5,x5,1
Register Write to Reg: 0x05 Val: 0x00000001
[inst #572] jal x0,-28
Register Write to Reg: 0x00 Val: 0x00400184
[inst #573] bge x5,x18,32
[inst #574] slli x30,x5,2
Register Write to Reg: 0x1E Val: 0x00000004
[inst #575] add x31,x9,x30
Register Write to Reg: 0x1F Val: 0x10010038
[inst #576] lw x28,0(x31)
Register Write to Reg: 0x1C Val: 0x0000000B
[inst #577] add x31,x10,x30
Register Write to Reg: 0x1F Val: 0x10010008
[inst #578] sw x28,0(x31)
Memory Write to Addr: 0x10010008 Val: 0x0000000B
[inst #579] addi x5,x5,1
Register Write to Reg: 0x05 Val: 0x00000002
[inst #580] jal x0,-28
Register Write to Reg: 0x00 Val: 0x00400184
[inst #581] bge x5,x18,32
[inst #582] slli x30,x5,2
Register Write to Reg: 0x1E Val: 0x00000008
[inst #583] add x31,x9,x30
Register Write to Reg: 0x1F Val: 0x1001003C
[inst #584] lw x28,0(x31)
Register Write to Reg: 0x1C Val: 0x0000000C
[inst #585] add x31,x10,x30
Register Write to Reg: 0x1F Val: 0x1001000C
[inst #586] sw x28,0(x31)
Memory Write to Addr: 0x1001000C Val: 0x0000000C
[inst #587] addi x5,x5,1
Register Write to Reg: 0x05 Val: 0x00000003
[inst #588] jal x0,-28
Register Write to Reg: 0x00 Val: 0x00400184
[inst #589] bge x5,x18,32
[inst #590] slli x30,x5,2
Register Write to Reg: 0x1E Val: 0x0000000C
[inst #591] add x31,x9,x30
Register Write to Reg: 0x1F Val: 0x10010040
[inst #592] lw x28,0(x31)
Register Write to Reg: 0x1C Val: 0x00000041
[inst #593] add x31,x10,x30
Register Write to Reg: 0x1F Val: 0x10010010
[inst #594] sw x28,0(x31)
Memory Write to Addr: 0x10010010 Val: 0x00000041
[inst #595] addi x5,x5,1
Register Write to Reg: 0x05 Val: 0x00000004
[inst #596] jal x0,-28
Register Write to Reg: 0x00 Val: 0x00400184
[inst #597] bge x5,x18,32
[inst #598] slli x30,x5,2
Register Write to Reg: 0x1E Val: 0x00000010
[inst #599] add x31,x9,x30
Register Write to Reg: 0x1F Val: 0x10010044
[inst #600] lw x28,0(x31)
Register Write to Reg: 0x1C Val: 0x00000046
[inst #601] add x31,x10,x30
Register Write to Reg: 0x1F Val: 0x10010014
[inst #602] sw x28,0(x31)
Memory Write to Addr: 0x10010014 Val: 0x00000046
[inst #603] addi x5,x5,1
Register Write to Reg: 0x05 Val: 0x00000005
[inst #604] jal x0,-28
Register Write to Reg: 0x00 Val: 0x00400184
[inst #605] bge x5,x18,32
[inst #606] slli x30,x5,2
Register Write to Reg: 0x1E Val: 0x00000014
[inst #607] add x31,x9,x30
Register Write to Reg: 0x1F Val: 0x10010048
[inst #608] lw x28,0(x31)
Register Write to Reg: 0x1C Val: 0x00000059
[inst #609] add x31,x10,x30
Register Write to Reg: 0x1F Val: 0x10010018
[inst #610] sw x28,0(x31)
Memory Write to Addr: 0x10010018 Val: 0x00000059
[inst #611] addi x5,x5,1
Register Write to Reg: 0x05 Val: 0x00000006
[inst #612] jal x0,-28
Register Write to Reg: 0x00 Val: 0x00400184
[inst #613] bge x5,x18,32
[inst #614] lw x10,12(x2)
Register Write to Reg: 0x0A Val: 0x10010004
[inst #615] lw x11,8(x2)
Register Write to Reg: 0x0B Val: 0x00000006
[inst #616] lw x1,28(x2)
Register Write to Reg: 0x01 Val: 0x0040007C
[inst #617] lw x8,24(x2)
Register Write to Reg: 0x08 Val: 0x10010004
[inst #618] lw x9,20(x2)
Register Write to Reg: 0x09 Val: 0x0000000C
[inst #619] lw x18,16(x2)
Register Write to Reg: 0x12 Val: 0x00000000
[inst #620] addi x2,x2,32
Register Write to Reg: 0x02 Val: 0x7FFFFFDC
[inst #621] jalr x0,x1,0
Register Write to Reg: 0x00 Val: 0x004001A4
[inst #622] lw x1,12(x2)
Register Write to Reg: 0x01 Val: 0x00400054
[inst #623] addi x2,x2,16
Register Write to Reg: 0x02 Val: 0x7FFFFFEC
[inst #624] jalr x0,x1,0
Register Write to Reg: 0x00 Val: 0x00400088
[inst #625] lw x10,8(x2)
Register Write to Reg: 0x0A Val: 0x10010004
[inst #626] lw x11,4(x2)
Register Write to Reg: 0x0B Val: 0x0000000C
[inst #627] srli x5,x11,1
Register Write to Reg: 0x05 Val: 0x00000006
[inst #628] slli x6,x5,2
Register Write to Reg: 0x06 Val: 0x00000018
[inst #629] add x10,x10,x6
Register Write to Reg: 0x0A Val: 0x1001001C
[inst #630] sub x11,x11,x5
Register Write to Reg: 0x0B Val: 0x00000006
[inst #631] jal x1,-60
Register Write to Reg: 0x01 Val: 0x00400070
[inst #632] addi x5,x0,1
Register Write to Reg: 0x05 Val: 0x00000001
[inst #633] bge x5,x11,80
[inst #634] addi x2,x2,-16
Register Write to Reg: 0x02 Val: 0x7FFFFFDC
[inst #635] sw x1,12(x2)
Memory Write to Addr: 0x7FFFFFE8 Val: 0x00400070
[inst #636] sw x10,8(x2)
Memory Write to Addr: 0x7FFFFFE4 Val: 0x1001001C
[inst #637] sw x11,4(x2)
Memory Write to Addr: 0x7FFFFFE0 Val: 0x00000006
[inst #638] srli x5,x11,1
Register Write to Reg: 0x05 Val: 0x00000003
[inst #639] add x11,x0,x5
Register Write to Reg: 0x0B Val: 0x00000003
[inst #640] jal x1,-32
Register Write to Reg: 0x01 Val: 0x00400054
[inst #641] addi x5,x0,1
Register Write to Reg: 0x05 Val: 0x00000001
[inst #642] bge x5,x11,80
[inst #643] addi x2,x2,-16
Register Write to Reg: 0x02 Val: 0x7FFFFFCC
[inst #644] sw x1,12(x2)
Memory Write to Addr: 0x7FFFFFD8 Val: 0x00400054
[inst #645] sw x10,8(x2)
Memory Write to Addr: 0x7FFFFFD4 Val: 0x1001001C
[inst #646] sw x11,4(x2)
Memory Write to Addr: 0x7FFFFFD0 Val: 0x00000003
[inst #647] srli x5,x11,1
Register Write to Reg: 0x05 Val: 0x00000001
[inst #648] add x11,x0,x5
Register Write to Reg: 0x0B Val: 0x00000001
[inst #649] jal x1,-32
Register Write to Reg: 0x01 Val: 0x00400054
[inst #650] addi x5,x0,1
Register Write to Reg: 0x05 Val: 0x00000001
[inst #651] bge x5,x11,80
[inst #652] jalr x0,x1,0
Register Write to Reg: 0x00 Val: 0x00400088
[inst #653] lw x10,8(x2)
Register Write to Reg: 0x0A Val: 0x1001001C
[inst #654] lw x11,4(x2)
Register Write to Reg: 0x0B Val: 0x00000003
[inst #655] srli x5,x11,1
Register Write to Reg: 0x05 Val: 0x00000001
[inst #656] slli x6,x5,2
Register Write to Reg: 0x06 Val: 0x00000004
[inst #657] add x10,x10,x6
Register Write to Reg: 0x0A Val: 0x10010020
[inst #658] sub x11,x11,x5
Register Write to Reg: 0x0B Val: 0x00000002
[inst #659] jal x1,-60
Register Write to Reg: 0x01 Val: 0x00400070
[inst #660] addi x5,x0,1
Register Write to Reg: 0x05 Val: 0x00000001
[inst #661] bge x5,x11,80
[inst #662] addi x2,x2,-16
Register Write to Reg: 0x02 Val: 0x7FFFFFBC
[inst #663] sw x1,12(x2)
Memory Write to Addr: 0x7FFFFFC8 Val: 0x00400070
[inst #664] sw x10,8(x2)
Memory Write to Addr: 0x7FFFFFC4 Val: 0x10010020
[inst #665] sw x11,4(x2)
Memory Write to Addr: 0x7FFFFFC0 Val: 0x00000002
[inst #666] srli x5,x11,1
Register Write to Reg: 0x05 Val: 0x00000001
[inst #667] add x11,x0,x5
Register Write to Reg: 0x0B Val: 0x00000001
[inst #668] jal x1,-32
Register Write to Reg: 0x01 Val: 0x00400054
[inst #669] addi x5,x0,1
Register Write to Reg: 0x05 Val: 0x00000001
[inst #670] bge x5,x11,80
[inst #671] jalr x0,x1,0
Register Write to Reg: 0x00 Val: 0x00400088
[inst #672] lw x10,8(x2)
Register Write to Reg: 0x0A Val: 0x10010020
[inst #673] lw x11,4(x2)
Register Write to Reg: 0x0B Val: 0x00000002
[inst #674] srli x5,x11,1
Register Write to Reg: 0x05 Val: 0x00000001
[inst #675] slli x6,x5,2
Register Write to Reg: 0x06 Val: 0x00000004
[inst #676] add x10,x10,x6
Register Write to Reg: 0x0A Val: 0x10010024
[inst #677] sub x11,x11,x5
Register Write to Reg: 0x0B Val: 0x00000001
[inst #678] jal x1,-60
Register Write to Reg: 0x01 Val: 0x00400070
[inst #679] addi x5,x0,1
Register Write to Reg: 0x05 Val: 0x00000001
[inst #680] bge x5,x11,80
[inst #681] jalr x0,x1,0
Register Write to Reg: 0x00 Val: 0x00400088
[inst #682] lw x10,8(x2)
Register Write to Reg: 0x0A Val: 0x10010020
[inst #683] lw x11,4(x2)
Register Write to Reg: 0x0B Val: 0x00000002
[inst #684] jal x1,16
Register Write to Reg: 0x01 Val: 0x0040007C
[inst #685] addi x2,x2,-32
Register Write to Reg: 0x02 Val: 0x7FFFFF9C
[inst #686] sw x1,28(x2)
Memory Write to Addr: 0x7FFFFFB8 Val: 0x0040007C
[inst #687] sw x8,24(x2)
Memory Write to Addr: 0x7FFFFFB4 Val: 0x10010004
[inst #688] sw x9,20(x2)
Memory Write to Addr: 0x7FFFFFB0 Val: 0x0000000C
[inst #689] sw x18,16(x2)
Memory Write to Addr: 0x7FFFFFAC Val: 0x00000000
[inst #690] sw x10,12(x2)
Memory Write to Addr: 0x7FFFFFA8 Val: 0x10010020
[inst #691] sw x11,8(x2)
Memory Write to Addr: 0x7FFFFFA4 Val: 0x00000002
[inst #692] srli x8,x11,1
Register Write to Reg: 0x08 Val: 0x00000001
[inst #693] add x18,x0,x11
Register Write to Reg: 0x12 Val: 0x00000002
[inst #694] addi x5,x0,0
Register Write to Reg: 0x05 Val: 0x00000000
[inst #695] add x6,x0,x8
Register Write to Reg: 0x06 Val: 0x00000001
[inst #696] addi x7,x0,0
Register Write to Reg: 0x07 Val: 0x00000000
[inst #697] auipc x9,64528
Register Write to Reg: 0x09 Val: 0x100100B8
[inst #698] addi x9,x9,-132
Register Write to Reg: 0x09 Val: 0x10010034
[inst #699] bge x5,x8,120
[inst #700] bge x6,x18,76
[inst #701] slli x30,x5,2
Register Write to Reg: 0x1E Val: 0x00000000
[inst #702] add x30,x10,x30
Register Write to Reg: 0x1E Val: 0x10010020
[inst #703] lw x28,0(x30)
Register Write to Reg: 0x1C Val: 0x00000005
[inst #704] slli x30,x6,2
Register Write to Reg: 0x1E Val: 0x00000004
[inst #705] add x30,x10,x30
Register Write to Reg: 0x1E Val: 0x10010024
[inst #706] lw x29,0(x30)
Register Write to Reg: 0x1D Val: 0x00000009
[inst #707] bge x29,x28,24
[inst #708] slli x30,x7,2
Register Write to Reg: 0x1E Val: 0x00000000
[inst #709] add x30,x9,x30
Register Write to Reg: 0x1E Val: 0x10010034
[inst #710] sw x28,0(x30)
Memory Write to Addr: 0x10010034 Val: 0x00000005
[inst #711] addi x5,x5,1
Register Write to Reg: 0x05 Val: 0x00000001
[inst #712] addi x7,x7,1
Register Write to Reg: 0x07 Val: 0x00000001
[inst #713] jal x0,-76
Register Write to Reg: 0x00 Val: 0x00400110
[inst #714] bge x5,x8,120
[inst #715] bge x6,x18,40
[inst #716] slli x30,x6,2
Register Write to Reg: 0x1E Val: 0x00000004
[inst #717] add x30,x10,x30
Register Write to Reg: 0x1E Val: 0x10010024
[inst #718] lw x28,0(x30)
Register Write to Reg: 0x1C Val: 0x00000009
[inst #719] slli x30,x7,2
Register Write to Reg: 0x1E Val: 0x00000004
[inst #720] add x30,x9,x30
Register Write to Reg: 0x1E Val: 0x10010038
[inst #721] sw x28,0(x30)
Memory Write to Addr: 0x10010038 Val: 0x00000009
[inst #722] addi x6,x6,1
Register Write to Reg: 0x06 Val: 0x00000002
[inst #723] addi x7,x7,1
Register Write to Reg: 0x07 Val: 0x00000002
[inst #724] jal x0,-36
Register Write to Reg: 0x00 Val: 0x00400160
[inst #725] bge x6,x18,40
[inst #726] addi x5,x0,0
Register Write to Reg: 0x05 Val: 0x00000000
[inst #727] bge x5,x18,32
[inst #728] slli x30,x5,2
Register Write to Reg: 0x1E Val: 0x00000000
[inst #729] add x31,x9,x30
Register Write to Reg: 0x1F Val: 0x10010034
[inst #730] lw x28,0(x31)
Register Write to Reg: 0x1C Val: 0x00000005
[inst #731] add x31,x10,x30
Register Write to Reg: 0x1F Val: 0x10010020
[inst #732] sw x28,0(x31)
Memory Write to Addr: 0x10010020 Val: 0x00000005
[inst #733] addi x5,x5,1
Register Write to Reg: 0x05 Val: 0x00000001
[inst #734] jal x0,-28
Register Write to Reg: 0x00 Val: 0x00400184
[inst #735] bge x5,x18,32
[inst #736] slli x30,x5,2
Register Write to Reg: 0x1E Val: 0x00000004
[inst #737] add x31,x9,x30
Register Write to Reg: 0x1F Val: 0x10010038
[inst #738] lw x28,0(x31)
Register Write to Reg: 0x1C Val: 0x00000009
[inst #739] add x31,x10,x30
Register Write to Reg: 0x1F Val: 0x10010024
[inst #740] sw x28,0(x31)
Memory Write to Addr: 0x10010024 Val: 0x00000009
[inst #741] addi x5,x5,1
Register Write to Reg: 0x05 Val: 0x00000002
[inst #742] jal x0,-28
Register Write to Reg: 0x00 Val: 0x00400184
[inst #743] bge x5,x18,32
[inst #744] lw x10,12(x2)
Register Write to Reg: 0x0A Val: 0x10010020
[inst #745] lw x11,8(x2)
Register Write to Reg: 0x0B Val: 0x00000002
[inst #746] lw x1,28(x2)
Register Write to Reg: 0x01 Val: 0x0040007C
[inst #747] lw x8,24(x2)
Register Write to Reg: 0x08 Val: 0x10010004
[inst #748] lw x9,20(x2)
Register Write to Reg: 0x09 Val: 0x0000000C
[inst #749] lw x18,16(x2)
Register Write to Reg: 0x12 Val: 0x00000000
[inst #750] addi x2,x2,32
Register Write to Reg: 0x02 Val: 0x7FFFFFBC
[inst #751] jalr x0,x1,0
Register Write to Reg: 0x00 Val: 0x004001A4
[inst #752] lw x1,12(x2)
Register Write to Reg: 0x01 Val: 0x00400070
[inst #753] addi x2,x2,16
Register Write to Reg: 0x02 Val: 0x7FFFFFCC
[inst #754] jalr x0,x1,0
Register Write to Reg: 0x00 Val: 0x00400088
[inst #755] lw x10,8(x2)
Register Write to Reg: 0x0A Val: 0x1001001C
[inst #756] lw x11,4(x2)
Register Write to Reg: 0x0B Val: 0x00000003
[inst #757] jal x1,16
Register Write to Reg: 0x01 Val: 0x0040007C
[inst #758] addi x2,x2,-32
Register Write to Reg: 0x02 Val: 0x7FFFFFAC
[inst #759] sw x1,28(x2)
Memory Write to Addr: 0x7FFFFFC8 Val: 0x0040007C
[inst #760] sw x8,24(x2)
Memory Write to Addr: 0x7FFFFFC4 Val: 0x10010004
[inst #761] sw x9,20(x2)
Memory Write to Addr: 0x7FFFFFC0 Val: 0x0000000C
[inst #762] sw x18,16(x2)
Memory Write to Addr: 0x7FFFFFBC Val: 0x00000000
[inst #763] sw x10,12(x2)
Memory Write to Addr: 0x7FFFFFB8 Val: 0x1001001C
[inst #764] sw x11,8(x2)
Memory Write to Addr: 0x7FFFFFB4 Val: 0x00000003
[inst #765] srli x8,x11,1
Register Write to Reg: 0x08 Val: 0x00000001
[inst #766] add x18,x0,x11
Register Write to Reg: 0x12 Val: 0x00000003
[inst #767] addi x5,x0,0
Register Write to Reg: 0x05 Val: 0x00000000
[inst #768] add x6,x0,x8
Register Write to Reg: 0x06 Val: 0x00000001
[inst #769] addi x7,x0,0
Register Write to Reg: 0x07 Val: 0x00000000
[inst #770] auipc x9,64528
Register Write to Reg: 0x09 Val: 0x100100B8
[inst #771] addi x9,x9,-132
Register Write to Reg: 0x09 Val: 0x10010034
[inst #772] bge x5,x8,120
[inst #773] bge x6,x18,76
[inst #774] slli x30,x5,2
Register Write to Reg: 0x1E Val: 0x00000000
[inst #775] add x30,x10,x30
Register Write to Reg: 0x1E Val: 0x1001001C
[inst #776] lw x28,0(x30)
Register Write to Reg: 0x1C Val: 0x00000043
[inst #777] slli x30,x6,2
Register Write to Reg: 0x1E Val: 0x00000004
[inst #778] add x30,x10,x30
Register Write to Reg: 0x1E Val: 0x10010020
[inst #779] lw x29,0(x30)
Register Write to Reg: 0x1D Val: 0x00000005
[inst #780] bge x29,x28,24
[inst #781] slli x30,x7,2
Register Write to Reg: 0x1E Val: 0x00000000
[inst #782] add x30,x9,x30
Register Write to Reg: 0x1E Val: 0x10010034
[inst #783] sw x29,0(x30)
Memory Write to Addr: 0x10010034 Val: 0x00000005
[inst #784] addi x6,x6,1
Register Write to Reg: 0x06 Val: 0x00000002
[inst #785] jal x0,20
Register Write to Reg: 0x00 Val: 0x004000F8
[inst #786] addi x7,x7,1
Register Write to Reg: 0x07 Val: 0x00000001
[inst #787] jal x0,-76
Register Write to Reg: 0x00 Val: 0x00400110
[inst #788] bge x5,x8,120
[inst #789] bge x6,x18,76
[inst #790] slli x30,x5,2
Register Write to Reg: 0x1E Val: 0x00000000
[inst #791] add x30,x10,x30
Register Write to Reg: 0x1E Val: 0x1001001C
[inst #792] lw x28,0(x30)
Register Write to Reg: 0x1C Val: 0x00000043
[inst #793] slli x30,x6,2
Register Write to Reg: 0x1E Val: 0x00000008
[inst #794] add x30,x10,x30
Register Write to Reg: 0x1E Val: 0x10010024
[inst #795] lw x29,0(x30)
Register Write to Reg: 0x1D Val: 0x00000009
[inst #796] bge x29,x28,24
[inst #797] slli x30,x7,2
Register Write to Reg: 0x1E Val: 0x00000004
[inst #798] add x30,x9,x30
Register Write to Reg: 0x1E Val: 0x10010038
[inst #799] sw x29,0(x30)
Memory Write to Addr: 0x10010038 Val: 0x00000009
[inst #800] addi x6,x6,1
Register Write to Reg: 0x06 Val: 0x00000003
[inst #801] jal x0,20
Register Write to Reg: 0x00 Val: 0x004000F8
[inst #802] addi x7,x7,1
Register Write to Reg: 0x07 Val: 0x00000002
[inst #803] jal x0,-76
Register Write to Reg: 0x00 Val: 0x00400110
[inst #804] bge x5,x8,120
[inst #805] bge x6,x18,76
[inst #806] bge x5,x8,80
[inst #807] slli x30,x5,2
Register Write to Reg: 0x1E Val: 0x00000000
[inst #808] add x30,x10,x30
Register Write to Reg: 0x1E Val: 0x1001001C
[inst #809] lw x28,0(x30)
Register Write to Reg: 0x1C Val: 0x00000043
[inst #810] slli x30,x7,2
Register Write to Reg: 0x1E Val: 0x00000008
[inst #811] add x30,x9,x30
Register Write to Reg: 0x1E Val: 0x1001003C
[inst #812] sw x28,0(x30)
Memory Write to Addr: 0x1001003C Val: 0x00000043
[inst #813] addi x5,x5,1
Register Write to Reg: 0x05 Val: 0x00000001
[inst #814] addi x7,x7,1
Register Write to Reg: 0x07 Val: 0x00000003
[inst #815] jal x0,-36
Register Write to Reg: 0x00 Val: 0x00400138
[inst #816] bge x5,x8,80
[inst #817] addi x5,x0,0
Register Write to Reg: 0x05 Val: 0x00000000
[inst #818] bge x5,x18,32
[inst #819] slli x30,x5,2
Register Write to Reg: 0x1E Val: 0x00000000
[inst #820] add x31,x9,x30
Register Write to Reg: 0x1F Val: 0x10010034
[inst #821] lw x28,0(x31)
Register Write to Reg: 0x1C Val: 0x00000005
[inst #822] add x31,x10,x30
Register Write to Reg: 0x1F Val: 0x1001001C
[inst #823] sw x28,0(x31)
Memory Write to Addr: 0x1001001C Val: 0x00000005
[inst #824] addi x5,x5,1
Register Write to Reg: 0x05 Val: 0x00000001
[inst #825] jal x0,-28
Register Write to Reg: 0x00 Val: 0x00400184
[inst #826] bge x5,x18,32
[inst #827] slli x30,x5,2
Register Write to Reg: 0x1E Val: 0x00000004
[inst #828] add x31,x9,x30
Register Write to Reg: 0x1F Val: 0x10010038
[inst #829] lw x28,0(x31)
Register Write to Reg: 0x1C Val: 0x00000009
[inst #830] add x31,x10,x30
Register Write to Reg: 0x1F Val: 0x10010020
[inst #831] sw x28,0(x31)
Memory Write to Addr: 0x10010020 Val: 0x00000009
[inst #832] addi x5,x5,1
Register Write to Reg: 0x05 Val: 0x00000002
[inst #833] jal x0,-28
Register Write to Reg: 0x00 Val: 0x00400184
[inst #834] bge x5,x18,32
[inst #835] slli x30,x5,2
Register Write to Reg: 0x1E Val: 0x00000008
[inst #836] add x31,x9,x30
Register Write to Reg: 0x1F Val: 0x1001003C
[inst #837] lw x28,0(x31)
Register Write to Reg: 0x1C Val: 0x00000043
[inst #838] add x31,x10,x30
Register Write to Reg: 0x1F Val: 0x10010024
[inst #839] sw x28,0(x31)
Memory Write to Addr: 0x10010024 Val: 0x00000043
[inst #840] addi x5,x5,1
Register Write to Reg: 0x05 Val: 0x00000003
[inst #841] jal x0,-28
Register Write to Reg: 0x00 Val: 0x00400184
[inst #842] bge x5,x18,32
[inst #843] lw x10,12(x2)
Register Write to Reg: 0x0A Val: 0x1001001C
[inst #844] lw x11,8(x2)
Register Write to Reg: 0x0B Val: 0x00000003
[inst #845] lw x1,28(x2)
Register Write to Reg: 0x01 Val: 0x0040007C
[inst #846] lw x8,24(x2)
Register Write to Reg: 0x08 Val: 0x10010004
[inst #847] lw x9,20(x2)
Register Write to Reg: 0x09 Val: 0x0000000C
[inst #848] lw x18,16(x2)
Register Write to Reg: 0x12 Val: 0x00000000
[inst #849] addi x2,x2,32
Register Write to Reg: 0x02 Val: 0x7FFFFFCC
[inst #850] jalr x0,x1,0
Register Write to Reg: 0x00 Val: 0x004001A4
[inst #851] lw x1,12(x2)
Register Write to Reg: 0x01 Val: 0x00400054
[inst #852] addi x2,x2,16
Register Write to Reg: 0x02 Val: 0x7FFFFFDC
[inst #853] jalr x0,x1,0
Register Write to Reg: 0x00 Val: 0x00400088
[inst #854] lw x10,8(x2)
Register Write to Reg: 0x0A Val: 0x1001001C
[inst #855] lw x11,4(x2)
Register Write to Reg: 0x0B Val: 0x00000006
[inst #856] srli x5,x11,1
Register Write to Reg: 0x05 Val: 0x00000003
[inst #857] slli x6,x5,2
Register Write to Reg: 0x06 Val: 0x0000000C
[inst #858] add x10,x10,x6
Register Write to Reg: 0x0A Val: 0x10010028
[inst #859] sub x11,x11,x5
Register Write to Reg: 0x0B Val: 0x00000003
[inst #860] jal x1,-60
Register Write to Reg: 0x01 Val: 0x00400070
[inst #861] addi x5,x0,1
Register Write to Reg: 0x05 Val: 0x00000001
[inst #862] bge x5,x11,80
[inst #863] addi x2,x2,-16
Register Write to Reg: 0x02 Val: 0x7FFFFFCC
[inst #864] sw x1,12(x2)
Memory Write to Addr: 0x7FFFFFD8 Val: 0x00400070
[inst #865] sw x10,8(x2)
Memory Write to Addr: 0x7FFFFFD4 Val: 0x10010028
[inst #866] sw x11,4(x2)
Memory Write to Addr: 0x7FFFFFD0 Val: 0x00000003
[inst #867] srli x5,x11,1
Register Write to Reg: 0x05 Val: 0x00000001
[inst #868] add x11,x0,x5
Register Write to Reg: 0x0B Val: 0x00000001
[inst #869] jal x1,-32
Register Write to Reg: 0x01 Val: 0x00400054
[inst #870] addi x5,x0,1
Register Write to Reg: 0x05 Val: 0x00000001
[inst #871] bge x5,x11,80
[inst #872] jalr x0,x1,0
Register Write to Reg: 0x00 Val: 0x00400088
[inst #873] lw x10,8(x2)
Register Write to Reg: 0x0A Val: 0x10010028
[inst #874] lw x11,4(x2)
Register Write to Reg: 0x0B Val: 0x00000003
[inst #875] srli x5,x11,1
Register Write to Reg: 0x05 Val: 0x00000001
[inst #876] slli x6,x5,2
Register Write to Reg: 0x06 Val: 0x00000004
[inst #877] add x10,x10,x6
Register Write to Reg: 0x0A Val: 0x1001002C
[inst #878] sub x11,x11,x5
Register Write to Reg: 0x0B Val: 0x00000002
[inst #879] jal x1,-60
Register Write to Reg: 0x01 Val: 0x00400070
[inst #880] addi x5,x0,1
Register Write to Reg: 0x05 Val: 0x00000001
[inst #881] bge x5,x11,80
[inst #882] addi x2,x2,-16
Register Write to Reg: 0x02 Val: 0x7FFFFFBC
[inst #883] sw x1,12(x2)
Memory Write to Addr: 0x7FFFFFC8 Val: 0x00400070
[inst #884] sw x10,8(x2)
Memory Write to Addr: 0x7FFFFFC4 Val: 0x1001002C
[inst #885] sw x11,4(x2)
Memory Write to Addr: 0x7FFFFFC0 Val: 0x00000002
[inst #886] srli x5,x11,1
Register Write to Reg: 0x05 Val: 0x00000001
[inst #887] add x11,x0,x5
Register Write to Reg: 0x0B Val: 0x00000001
[inst #888] jal x1,-32
Register Write to Reg: 0x01 Val: 0x00400054
[inst #889] addi x5,x0,1
Register Write to Reg: 0x05 Val: 0x00000001
[inst #890] bge x5,x11,80
[inst #891] jalr x0,x1,0
Register Write to Reg: 0x00 Val: 0x00400088
[inst #892] lw x10,8(x2)
Register Write to Reg: 0x0A Val: 0x1001002C
[inst #893] lw x11,4(x2)
Register Write to Reg: 0x0B Val: 0x00000002
[inst #894] srli x5,x11,1
Register Write to Reg: 0x05 Val: 0x00000001
[inst #895] slli x6,x5,2
Register Write to Reg: 0x06 Val: 0x00000004
[inst #896] add x10,x10,x6
Register Write to Reg: 0x0A Val: 0x10010030
[inst #897] sub x11,x11,x5
Register Write to Reg: 0x0B Val: 0x00000001
[inst #898] jal x1,-60
Register Write to Reg: 0x01 Val: 0x00400070
[inst #899] addi x5,x0,1
Register Write to Reg: 0x05 Val: 0x00000001
[inst #900] bge x5,x11,80
[inst #901] jalr x0,x1,0
Register Write to Reg: 0x00 Val: 0x00400088
[inst #902] lw x10,8(x2)
Register Write to Reg: 0x0A Val: 0x1001002C
[inst #903] lw x11,4(x2)
Register Write to Reg: 0x0B Val: 0x00000002
[inst #904] jal x1,16
Register Write to Reg: 0x01 Val: 0x0040007C
[inst #905] addi x2,x2,-32
Register Write to Reg: 0x02 Val: 0x7FFFFF9C
[inst #906] sw x1,28(x2)
Memory Write to Addr: 0x7FFFFFB8 Val: 0x0040007C
[inst #907] sw x8,24(x2)
Memory Write to Addr: 0x7FFFFFB4 Val: 0x10010004
[inst #908] sw x9,20(x2)
Memory Write to Addr: 0x7FFFFFB0 Val: 0x0000000C
[inst #909] sw x18,16(x2)
Memory Write to Addr: 0x7FFFFFAC Val: 0x00000000
[inst #910] sw x10,12(x2)
Memory Write to Addr: 0x7FFFFFA8 Val: 0x1001002C
[inst #911] sw x11,8(x2)
Memory Write to Addr: 0x7FFFFFA4 Val: 0x00000002
[inst #912] srli x8,x11,1
Register Write to Reg: 0x08 Val: 0x00000001
[inst #913] add x18,x0,x11
Register Write to Reg: 0x12 Val: 0x00000002
[inst #914] addi x5,x0,0
Register Write to Reg: 0x05 Val: 0x00000000
[inst #915] add x6,x0,x8
Register Write to Reg: 0x06 Val: 0x00000001
[inst #916] addi x7,x0,0
Register Write to Reg: 0x07 Val: 0x00000000
[inst #917] auipc x9,64528
Register Write to Reg: 0x09 Val: 0x100100B8
[inst #918] addi x9,x9,-132
Register Write to Reg: 0x09 Val: 0x10010034
[inst #919] bge x5,x8,120
[inst #920] bge x6,x18,76
[inst #921] slli x30,x5,2
Register Write to Reg: 0x1E Val: 0x00000000
[inst #922] add x30,x10,x30
Register Write to Reg: 0x1E Val: 0x1001002C
[inst #923] lw x28,0(x30)
Register Write to Reg: 0x1C Val: 0x0000005A
[inst #924] slli x30,x6,2
Register Write to Reg: 0x1E Val: 0x00000004
[inst #925] add x30,x10,x30
Register Write to Reg: 0x1E Val: 0x10010030
[inst #926] lw x29,0(x30)
Register Write to Reg: 0x1D Val: 0x00000007
[inst #927] bge x29,x28,24
[inst #928] slli x30,x7,2
Register Write to Reg: 0x1E Val: 0x00000000
[inst #929] add x30,x9,x30
Register Write to Reg: 0x1E Val: 0x10010034
[inst #930] sw x29,0(x30)
Memory Write to Addr: 0x10010034 Val: 0x00000007
[inst #931] addi x6,x6,1
Register Write to Reg: 0x06 Val: 0x00000002
[inst #932] jal x0,20
Register Write to Reg: 0x00 Val: 0x004000F8
[inst #933] addi x7,x7,1
Register Write to Reg: 0x07 Val: 0x00000001
[inst #934] jal x0,-76
Register Write to Reg: 0x00 Val: 0x00400110
[inst #935] bge x5,x8,120
[inst #936] bge x6,x18,76
[inst #937] bge x5,x8,80
[inst #938] slli x30,x5,2
Register Write to Reg: 0x1E Val: 0x00000000
[inst #939] add x30,x10,x30
Register Write to Reg: 0x1E Val: 0x1001002C
[inst #940] lw x28,0(x30)
Register Write to Reg: 0x1C Val: 0x0000005A
[inst #941] slli x30,x7,2
Register Write to Reg: 0x1E Val: 0x00000004
[inst #942] add x30,x9,x30
Register Write to Reg: 0x1E Val: 0x10010038
[inst #943] sw x28,0(x30)
Memory Write to Addr: 0x10010038 Val: 0x0000005A
[inst #944] addi x5,x5,1
Register Write to Reg: 0x05 Val: 0x00000001
[inst #945] addi x7,x7,1
Register Write to Reg: 0x07 Val: 0x00000002
[inst #946] jal x0,-36
Register Write to Reg: 0x00 Val: 0x00400138
[inst #947] bge x5,x8,80
[inst #948] addi x5,x0,0
Register Write to Reg: 0x05 Val: 0x00000000
[inst #949] bge x5,x18,32
[inst #950] slli x30,x5,2
Register Write to Reg: 0x1E Val: 0x00000000
[inst #951] add x31,x9,x30
Register Write to Reg: 0x1F Val: 0x10010034
[inst #952] lw x28,0(x31)
Register Write to Reg: 0x1C Val: 0x00000007
[inst #953] add x31,x10,x30
Register Write to Reg: 0x1F Val: 0x1001002C
[inst #954] sw x28,0(x31)
Memory Write to Addr: 0x1001002C Val: 0x00000007
[inst #955] addi x5,x5,1
Register Write to Reg: 0x05 Val: 0x00000001
[inst #956] jal x0,-28
Register Write to Reg: 0x00 Val: 0x00400184
[inst #957] bge x5,x18,32
[inst #958] slli x30,x5,2
Register Write to Reg: 0x1E Val: 0x00000004
[inst #959] add x31,x9,x30
Register Write to Reg: 0x1F Val: 0x10010038
[inst #960] lw x28,0(x31)
Register Write to Reg: 0x1C Val: 0x0000005A
[inst #961] add x31,x10,x30
Register Write to Reg: 0x1F Val: 0x10010030
[inst #962] sw x28,0(x31)
Memory Write to Addr: 0x10010030 Val: 0x0000005A
[inst #963] addi x5,x5,1
Register Write to Reg: 0x05 Val: 0x00000002
[inst #964] jal x0,-28
Register Write to Reg: 0x00 Val: 0x00400184
[inst #965] bge x5,x18,32
[inst #966] lw x10,12(x2)
Register Write to Reg: 0x0A Val: 0x1001002C
[inst #967] lw x11,8(x2)
Register Write to Reg: 0x0B Val: 0x00000002
[inst #968] lw x1,28(x2)
Register Write to Reg: 0x01 Val: 0x0040007C
[inst #969] lw x8,24(x2)
Register Write to Reg: 0x08 Val: 0x10010004
[inst #970] lw x9,20(x2)
Register Write to Reg: 0x09 Val: 0x0000000C
[inst #971] lw x18,16(x2)
Register Write to Reg: 0x12 Val: 0x00000000
[inst #972] addi x2,x2,32
Register Write to Reg: 0x02 Val: 0x7FFFFFBC
[inst #973] jalr x0,x1,0
Register Write to Reg: 0x00 Val: 0x004001A4
[inst #974] lw x1,12(x2)
Register Write to Reg: 0x01 Val: 0x00400070
[inst #975] addi x2,x2,16
Register Write to Reg: 0x02 Val: 0x7FFFFFCC
[inst #976] jalr x0,x1,0
Register Write to Reg: 0x00 Val: 0x00400088
[inst #977] lw x10,8(x2)
Register Write to Reg: 0x0A Val: 0x10010028
[inst #978] lw x11,4(x2)
Register Write to Reg: 0x0B Val: 0x00000003
[inst #979] jal x1,16
Register Write to Reg: 0x01 Val: 0x0040007C
[inst #980] addi x2,x2,-32
Register Write to Reg: 0x02 Val: 0x7FFFFFAC
[inst #981] sw x1,28(x2)
Memory Write to Addr: 0x7FFFFFC8 Val: 0x0040007C
[inst #982] sw x8,24(x2)
Memory Write to Addr: 0x7FFFFFC4 Val: 0x10010004
[inst #983] sw x9,20(x2)
Memory Write to Addr: 0x7FFFFFC0 Val: 0x0000000C
[inst #984] sw x18,16(x2)
Memory Write to Addr: 0x7FFFFFBC Val: 0x00000000
[inst #985] sw x10,12(x2)
Memory Write to Addr: 0x7FFFFFB8 Val: 0x10010028
[inst #986] sw x11,8(x2)
Memory Write to Addr: 0x7FFFFFB4 Val: 0x00000003
[inst #987] srli x8,x11,1
Register Write to Reg: 0x08 Val: 0x00000001
[inst #988] add x18,x0,x11
Register Write to Reg: 0x12 Val: 0x00000003
[inst #989] addi x5,x0,0
Register Write to Reg: 0x05 Val: 0x00000000
[inst #990] add x6,x0,x8
Register Write to Reg: 0x06 Val: 0x00000001
[inst #991] addi x7,x0,0
Register Write to Reg: 0x07 Val: 0x00000000
[inst #992] auipc x9,64528
Register Write to Reg: 0x09 Val: 0x100100B8
[inst #993] addi x9,x9,-132
Register Write to Reg: 0x09 Val: 0x10010034
[inst #994] bge x5,x8,120
[inst #995] bge x6,x18,76
[inst #996] slli x30,x5,2
Register Write to Reg: 0x1E Val: 0x00000000
[inst #997] add x30,x10,x30
Register Write to Reg: 0x1E Val: 0x10010028
[inst #998] lw x28,0(x30)
Register Write to Reg: 0x1C Val: 0x0000002D
[inst #999] slli x30,x6,2
Register Write to Reg: 0x1E Val: 0x00000004
[inst #1000] add x30,x10,x30
Register Write to Reg: 0x1E Val: 0x1001002C
[inst #1001] lw x29,0(x30)
Register Write to Reg: 0x1D Val: 0x00000007
[inst #1002] bge x29,x28,24
[inst #1003] slli x30,x7,2
Register Write to Reg: 0x1E Val: 0x00000000
[inst #1004] add x30,x9,x30
Register Write to Reg: 0x1E Val: 0x10010034
[inst #1005] sw x29,0(x30)
Memory Write to Addr: 0x10010034 Val: 0x00000007
[inst #1006] addi x6,x6,1
Register Write to Reg: 0x06 Val: 0x00000002
[inst #1007] jal x0,20
Register Write to Reg: 0x00 Val: 0x004000F8
[inst #1008] addi x7,x7,1
Register Write to Reg: 0x07 Val: 0x00000001
[inst #1009] jal x0,-76
Register Write to Reg: 0x00 Val: 0x00400110
[inst #1010] bge x5,x8,120
[inst #1011] bge x6,x18,76
[inst #1012] slli x30,x5,2
Register Write to Reg: 0x1E Val: 0x00000000
[inst #1013] add x30,x10,x30
Register Write to Reg: 0x1E Val: 0x10010028
[inst #1014] lw x28,0(x30)
Register Write to Reg: 0x1C Val: 0x0000002D
[inst #1015] slli x30,x6,2
Register Write to Reg: 0x1E Val: 0x00000008
[inst #1016] add x30,x10,x30
Register Write to Reg: 0x1E Val: 0x10010030
[inst #1017] lw x29,0(x30)
Register Write to Reg: 0x1D Val: 0x0000005A
[inst #1018] bge x29,x28,24
[inst #1019] slli x30,x7,2
Register Write to Reg: 0x1E Val: 0x00000004
[inst #1020] add x30,x9,x30
Register Write to Reg: 0x1E Val: 0x10010038
[inst #1021] sw x28,0(x30)
Memory Write to Addr: 0x10010038 Val: 0x0000002D
[inst #1022] addi x5,x5,1
Register Write to Reg: 0x05 Val: 0x00000001
[inst #1023] addi x7,x7,1
Register Write to Reg: 0x07 Val: 0x00000002
[inst #1024] jal x0,-76
Register Write to Reg: 0x00 Val: 0x00400110
[inst #1025] bge x5,x8,120
[inst #1026] bge x6,x18,40
[inst #1027] slli x30,x6,2
Register Write to Reg: 0x1E Val: 0x00000008
[inst #1028] add x30,x10,x30
Register Write to Reg: 0x1E Val: 0x10010030
[inst #1029] lw x28,0(x30)
Register Write to Reg: 0x1C Val: 0x0000005A
[inst #1030] slli x30,x7,2
Register Write to Reg: 0x1E Val: 0x00000008
[inst #1031] add x30,x9,x30
Register Write to Reg: 0x1E Val: 0x1001003C
[inst #1032] sw x28,0(x30)
Memory Write to Addr: 0x1001003C Val: 0x0000005A
[inst #1033] addi x6,x6,1
Register Write to Reg: 0x06 Val: 0x00000003
[inst #1034] addi x7,x7,1
Register Write to Reg: 0x07 Val: 0x00000003
[inst #1035] jal x0,-36
Register Write to Reg: 0x00 Val: 0x00400160
[inst #1036] bge x6,x18,40
[inst #1037] addi x5,x0,0
Register Write to Reg: 0x05 Val: 0x00000000
[inst #1038] bge x5,x18,32
[inst #1039] slli x30,x5,2
Register Write to Reg: 0x1E Val: 0x00000000
[inst #1040] add x31,x9,x30
Register Write to Reg: 0x1F Val: 0x10010034
[inst #1041] lw x28,0(x31)
Register Write to Reg: 0x1C Val: 0x00000007
[inst #1042] add x31,x10,x30
Register Write to Reg: 0x1F Val: 0x10010028
[inst #1043] sw x28,0(x31)
Memory Write to Addr: 0x10010028 Val: 0x00000007
[inst #1044] addi x5,x5,1
Register Write to Reg: 0x05 Val: 0x00000001
[inst #1045] jal x0,-28
Register Write to Reg: 0x00 Val: 0x00400184
[inst #1046] bge x5,x18,32
[inst #1047] slli x30,x5,2
Register Write to Reg: 0x1E Val: 0x00000004
[inst #1048] add x31,x9,x30
Register Write to Reg: 0x1F Val: 0x10010038
[inst #1049] lw x28,0(x31)
Register Write to Reg: 0x1C Val: 0x0000002D
[inst #1050] add x31,x10,x30
Register Write to Reg: 0x1F Val: 0x1001002C
[inst #1051] sw x28,0(x31)
Memory Write to Addr: 0x1001002C Val: 0x0000002D
[inst #1052] addi x5,x5,1
Register Write to Reg: 0x05 Val: 0x00000002
[inst #1053] jal x0,-28
Register Write to Reg: 0x00 Val: 0x00400184
[inst #1054] bge x5,x18,32
[inst #1055] slli x30,x5,2
Register Write to Reg: 0x1E Val: 0x00000008
[inst #1056] add x31,x9,x30
Register Write to Reg: 0x1F Val: 0x1001003C
[inst #1057] lw x28,0(x31)
Register Write to Reg: 0x1C Val: 0x0000005A
[inst #1058] add x31,x10,x30
Register Write to Reg: 0x1F Val: 0x10010030
[inst #1059] sw x28,0(x31)
Memory Write to Addr: 0x10010030 Val: 0x0000005A
[inst #1060] addi x5,x5,1
Register Write to Reg: 0x05 Val: 0x00000003
[inst #1061] jal x0,-28
Register Write to Reg: 0x00 Val: 0x00400184
[inst #1062] bge x5,x18,32
[inst #1063] lw x10,12(x2)
Register Write to Reg: 0x0A Val: 0x10010028
[inst #1064] lw x11,8(x2)
Register Write to Reg: 0x0B Val: 0x00000003
[inst #1065] lw x1,28(x2)
Register Write to Reg: 0x01 Val: 0x0040007C
[inst #1066] lw x8,24(x2)
Register Write to Reg: 0x08 Val: 0x10010004
[inst #1067] lw x9,20(x2)
Register Write to Reg: 0x09 Val: 0x0000000C
[inst #1068] lw x18,16(x2)
Register Write to Reg: 0x12 Val: 0x00000000
[inst #1069] addi x2,x2,32
Register Write to Reg: 0x02 Val: 0x7FFFFFCC
[inst #1070] jalr x0,x1,0
Register Write to Reg: 0x00 Val: 0x004001A4
[inst #1071] lw x1,12(x2)
Register Write to Reg: 0x01 Val: 0x00400070
[inst #1072] addi x2,x2,16
Register Write to Reg: 0x02 Val: 0x7FFFFFDC
[inst #1073] jalr x0,x1,0
Register Write to Reg: 0x00 Val: 0x00400088
[inst #1074] lw x10,8(x2)
Register Write to Reg: 0x0A Val: 0x1001001C
[inst #1075] lw x11,4(x2)
Register Write to Reg: 0x0B Val: 0x00000006
[inst #1076] jal x1,16
Register Write to Reg: 0x01 Val: 0x0040007C
[inst #1077] addi x2,x2,-32
Register Write to Reg: 0x02 Val: 0x7FFFFFBC
[inst #1078] sw x1,28(x2)
Memory Write to Addr: 0x7FFFFFD8 Val: 0x0040007C
[inst #1079] sw x8,24(x2)
Memory Write to Addr: 0x7FFFFFD4 Val: 0x10010004
[inst #1080] sw x9,20(x2)
Memory Write to Addr: 0x7FFFFFD0 Val: 0x0000000C
[inst #1081] sw x18,16(x2)
Memory Write to Addr: 0x7FFFFFCC Val: 0x00000000
[inst #1082] sw x10,12(x2)
Memory Write to Addr: 0x7FFFFFC8 Val: 0x1001001C
[inst #1083] sw x11,8(x2)
Memory Write to Addr: 0x7FFFFFC4 Val: 0x00000006
[inst #1084] srli x8,x11,1
Register Write to Reg: 0x08 Val: 0x00000003
[inst #1085] add x18,x0,x11
Register Write to Reg: 0x12 Val: 0x00000006
[inst #1086] addi x5,x0,0
Register Write to Reg: 0x05 Val: 0x00000000
[inst #1087] add x6,x0,x8
Register Write to Reg: 0x06 Val: 0x00000003
[inst #1088] addi x7,x0,0
Register Write to Reg: 0x07 Val: 0x00000000
[inst #1089] auipc x9,64528
Register Write to Reg: 0x09 Val: 0x100100B8
[inst #1090] addi x9,x9,-132
Register Write to Reg: 0x09 Val: 0x10010034
[inst #1091] bge x5,x8,120
[inst #1092] bge x6,x18,76
[inst #1093] slli x30,x5,2
Register Write to Reg: 0x1E Val: 0x00000000
[inst #1094] add x30,x10,x30
Register Write to Reg: 0x1E Val: 0x1001001C
[inst #1095] lw x28,0(x30)
Register Write to Reg: 0x1C Val: 0x00000005
[inst #1096] slli x30,x6,2
Register Write to Reg: 0x1E Val: 0x0000000C
[inst #1097] add x30,x10,x30
Register Write to Reg: 0x1E Val: 0x10010028
[inst #1098] lw x29,0(x30)
Register Write to Reg: 0x1D Val: 0x00000007
[inst #1099] bge x29,x28,24
[inst #1100] slli x30,x7,2
Register Write to Reg: 0x1E Val: 0x00000000
[inst #1101] add x30,x9,x30
Register Write to Reg: 0x1E Val: 0x10010034
[inst #1102] sw x28,0(x30)
Memory Write to Addr: 0x10010034 Val: 0x00000005
[inst #1103] addi x5,x5,1
Register Write to Reg: 0x05 Val: 0x00000001
[inst #1104] addi x7,x7,1
Register Write to Reg: 0x07 Val: 0x00000001
[inst #1105] jal x0,-76
Register Write to Reg: 0x00 Val: 0x00400110
[inst #1106] bge x5,x8,120
[inst #1107] bge x6,x18,76
[inst #1108] slli x30,x5,2
Register Write to Reg: 0x1E Val: 0x00000004
[inst #1109] add x30,x10,x30
Register Write to Reg: 0x1E Val: 0x10010020
[inst #1110] lw x28,0(x30)
Register Write to Reg: 0x1C Val: 0x00000009
[inst #1111] slli x30,x6,2
Register Write to Reg: 0x1E Val: 0x0000000C
[inst #1112] add x30,x10,x30
Register Write to Reg: 0x1E Val: 0x10010028
[inst #1113] lw x29,0(x30)
Register Write to Reg: 0x1D Val: 0x00000007
[inst #1114] bge x29,x28,24
[inst #1115] slli x30,x7,2
Register Write to Reg: 0x1E Val: 0x00000004
[inst #1116] add x30,x9,x30
Register Write to Reg: 0x1E Val: 0x10010038
[inst #1117] sw x29,0(x30)
Memory Write to Addr: 0x10010038 Val: 0x00000007
[inst #1118] addi x6,x6,1
Register Write to Reg: 0x06 Val: 0x00000004
[inst #1119] jal x0,20
Register Write to Reg: 0x00 Val: 0x004000F8
[inst #1120] addi x7,x7,1
Register Write to Reg: 0x07 Val: 0x00000002
[inst #1121] jal x0,-76
Register Write to Reg: 0x00 Val: 0x00400110
[inst #1122] bge x5,x8,120
[inst #1123] bge x6,x18,76
[inst #1124] slli x30,x5,2
Register Write to Reg: 0x1E Val: 0x00000004
[inst #1125] add x30,x10,x30
Register Write to Reg: 0x1E Val: 0x10010020
[inst #1126] lw x28,0(x30)
Register Write to Reg: 0x1C Val: 0x00000009
[inst #1127] slli x30,x6,2
Register Write to Reg: 0x1E Val: 0x00000010
[inst #1128] add x30,x10,x30
Register Write to Reg: 0x1E Val: 0x1001002C
[inst #1129] lw x29,0(x30)
Register Write to Reg: 0x1D Val: 0x0000002D
[inst #1130] bge x29,x28,24
[inst #1131] slli x30,x7,2
Register Write to Reg: 0x1E Val: 0x00000008
[inst #1132] add x30,x9,x30
Register Write to Reg: 0x1E Val: 0x1001003C
[inst #1133] sw x28,0(x30)
Memory Write to Addr: 0x1001003C Val: 0x00000009
[inst #1134] addi x5,x5,1
Register Write to Reg: 0x05 Val: 0x00000002
[inst #1135] addi x7,x7,1
Register Write to Reg: 0x07 Val: 0x00000003
[inst #1136] jal x0,-76
Register Write to Reg: 0x00 Val: 0x00400110
[inst #1137] bge x5,x8,120
[inst #1138] bge x6,x18,76
[inst #1139] slli x30,x5,2
Register Write to Reg: 0x1E Val: 0x00000008
[inst #1140] add x30,x10,x30
Register Write to Reg: 0x1E Val: 0x10010024
[inst #1141] lw x28,0(x30)
Register Write to Reg: 0x1C Val: 0x00000043
[inst #1142] slli x30,x6,2
Register Write to Reg: 0x1E Val: 0x00000010
[inst #1143] add x30,x10,x30
Register Write to Reg: 0x1E Val: 0x1001002C
[inst #1144] lw x29,0(x30)
Register Write to Reg: 0x1D Val: 0x0000002D
[inst #1145] bge x29,x28,24
[inst #1146] slli x30,x7,2
Register Write to Reg: 0x1E Val: 0x0000000C
[inst #1147] add x30,x9,x30
Register Write to Reg: 0x1E Val: 0x10010040
[inst #1148] sw x29,0(x30)
Memory Write to Addr: 0x10010040 Val: 0x0000002D
[inst #1149] addi x6,x6,1
Register Write to Reg: 0x06 Val: 0x00000005
[inst #1150] jal x0,20
Register Write to Reg: 0x00 Val: 0x004000F8
[inst #1151] addi x7,x7,1
Register Write to Reg: 0x07 Val: 0x00000004
[inst #1152] jal x0,-76
Register Write to Reg: 0x00 Val: 0x00400110
[inst #1153] bge x5,x8,120
[inst #1154] bge x6,x18,76
[inst #1155] slli x30,x5,2
Register Write to Reg: 0x1E Val: 0x00000008
[inst #1156] add x30,x10,x30
Register Write to Reg: 0x1E Val: 0x10010024
[inst #1157] lw x28,0(x30)
Register Write to Reg: 0x1C Val: 0x00000043
[inst #1158] slli x30,x6,2
Register Write to Reg: 0x1E Val: 0x00000014
[inst #1159] add x30,x10,x30
Register Write to Reg: 0x1E Val: 0x10010030
[inst #1160] lw x29,0(x30)
Register Write to Reg: 0x1D Val: 0x0000005A
[inst #1161] bge x29,x28,24
[inst #1162] slli x30,x7,2
Register Write to Reg: 0x1E Val: 0x00000010
[inst #1163] add x30,x9,x30
Register Write to Reg: 0x1E Val: 0x10010044
[inst #1164] sw x28,0(x30)
Memory Write to Addr: 0x10010044 Val: 0x00000043
[inst #1165] addi x5,x5,1
Register Write to Reg: 0x05 Val: 0x00000003
[inst #1166] addi x7,x7,1
Register Write to Reg: 0x07 Val: 0x00000005
[inst #1167] jal x0,-76
Register Write to Reg: 0x00 Val: 0x00400110
[inst #1168] bge x5,x8,120
[inst #1169] bge x6,x18,40
[inst #1170] slli x30,x6,2
Register Write to Reg: 0x1E Val: 0x00000014
[inst #1171] add x30,x10,x30
Register Write to Reg: 0x1E Val: 0x10010030
[inst #1172] lw x28,0(x30)
Register Write to Reg: 0x1C Val: 0x0000005A
[inst #1173] slli x30,x7,2
Register Write to Reg: 0x1E Val: 0x00000014
[inst #1174] add x30,x9,x30
Register Write to Reg: 0x1E Val: 0x10010048
[inst #1175] sw x28,0(x30)
Memory Write to Addr: 0x10010048 Val: 0x0000005A
[inst #1176] addi x6,x6,1
Register Write to Reg: 0x06 Val: 0x00000006
[inst #1177] addi x7,x7,1
Register Write to Reg: 0x07 Val: 0x00000006
[inst #1178] jal x0,-36
Register Write to Reg: 0x00 Val: 0x00400160
[inst #1179] bge x6,x18,40
[inst #1180] addi x5,x0,0
Register Write to Reg: 0x05 Val: 0x00000000
[inst #1181] bge x5,x18,32
[inst #1182] slli x30,x5,2
Register Write to Reg: 0x1E Val: 0x00000000
[inst #1183] add x31,x9,x30
Register Write to Reg: 0x1F Val: 0x10010034
[inst #1184] lw x28,0(x31)
Register Write to Reg: 0x1C Val: 0x00000005
[inst #1185] add x31,x10,x30
Register Write to Reg: 0x1F Val: 0x1001001C
[inst #1186] sw x28,0(x31)
Memory Write to Addr: 0x1001001C Val: 0x00000005
[inst #1187] addi x5,x5,1
Register Write to Reg: 0x05 Val: 0x00000001
[inst #1188] jal x0,-28
Register Write to Reg: 0x00 Val: 0x00400184
[inst #1189] bge x5,x18,32
[inst #1190] slli x30,x5,2
Register Write to Reg: 0x1E Val: 0x00000004
[inst #1191] add x31,x9,x30
Register Write to Reg: 0x1F Val: 0x10010038
[inst #1192] lw x28,0(x31)
Register Write to Reg: 0x1C Val: 0x00000007
[inst #1193] add x31,x10,x30
Register Write to Reg: 0x1F Val: 0x10010020
[inst #1194] sw x28,0(x31)
Memory Write to Addr: 0x10010020 Val: 0x00000007
[inst #1195] addi x5,x5,1
Register Write to Reg: 0x05 Val: 0x00000002
[inst #1196] jal x0,-28
Register Write to Reg: 0x00 Val: 0x00400184
[inst #1197] bge x5,x18,32
[inst #1198] slli x30,x5,2
Register Write to Reg: 0x1E Val: 0x00000008
[inst #1199] add x31,x9,x30
Register Write to Reg: 0x1F Val: 0x1001003C
[inst #1200] lw x28,0(x31)
Register Write to Reg: 0x1C Val: 0x00000009
[inst #1201] add x31,x10,x30
Register Write to Reg: 0x1F Val: 0x10010024
[inst #1202] sw x28,0(x31)
Memory Write to Addr: 0x10010024 Val: 0x00000009
[inst #1203] addi x5,x5,1
Register Write to Reg: 0x05 Val: 0x00000003
[inst #1204] jal x0,-28
Register Write to Reg: 0x00 Val: 0x00400184
[inst #1205] bge x5,x18,32
[inst #1206] slli x30,x5,2
Register Write to Reg: 0x1E Val: 0x0000000C
[inst #1207] add x31,x9,x30
Register Write to Reg: 0x1F Val: 0x10010040
[inst #1208] lw x28,0(x31)
Register Write to Reg: 0x1C Val: 0x0000002D
[inst #1209] add x31,x10,x30
Register Write to Reg: 0x1F Val: 0x10010028
[inst #1210] sw x28,0(x31)
Memory Write to Addr: 0x10010028 Val: 0x0000002D
[inst #1211] addi x5,x5,1
Register Write to Reg: 0x05 Val: 0x00000004
[inst #1212] jal x0,-28
Register Write to Reg: 0x00 Val: 0x00400184
[inst #1213] bge x5,x18,32
[inst #1214] slli x30,x5,2
Register Write to Reg: 0x1E Val: 0x00000010
[inst #1215] add x31,x9,x30
Register Write to Reg: 0x1F Val: 0x10010044
[inst #1216] lw x28,0(x31)
Register Write to Reg: 0x1C Val: 0x00000043
[inst #1217] add x31,x10,x30
Register Write to Reg: 0x1F Val: 0x1001002C
[inst #1218] sw x28,0(x31)
Memory Write to Addr: 0x1001002C Val: 0x00000043
[inst #1219] addi x5,x5,1
Register Write to Reg: 0x05 Val: 0x00000005
[inst #1220] jal x0,-28
Register Write to Reg: 0x00 Val: 0x00400184
[inst #1221] bge x5,x18,32
[inst #1222] slli x30,x5,2
Register Write to Reg: 0x1E Val: 0x00000014
[inst #1223] add x31,x9,x30
Register Write to Reg: 0x1F Val: 0x10010048
[inst #1224] lw x28,0(x31)
Register Write to Reg: 0x1C Val: 0x0000005A
[inst #1225] add x31,x10,x30
Register Write to Reg: 0x1F Val: 0x10010030
[inst #1226] sw x28,0(x31)
Memory Write to Addr: 0x10010030 Val: 0x0000005A
[inst #1227] addi x5,x5,1
Register Write to Reg: 0x05 Val: 0x00000006
[inst #1228] jal x0,-28
Register Write to Reg: 0x00 Val: 0x00400184
[inst #1229] bge x5,x18,32
[inst #1230] lw x10,12(x2)
Register Write to Reg: 0x0A Val: 0x1001001C
[inst #1231] lw x11,8(x2)
Register Write to Reg: 0x0B Val: 0x00000006
[inst #1232] lw x1,28(x2)
Register Write to Reg: 0x01 Val: 0x0040007C
[inst #1233] lw x8,24(x2)
Register Write to Reg: 0x08 Val: 0x10010004
[inst #1234] lw x9,20(x2)
Register Write to Reg: 0x09 Val: 0x0000000C
[inst #1235] lw x18,16(x2)
Register Write to Reg: 0x12 Val: 0x00000000
[inst #1236] addi x2,x2,32
Register Write to Reg: 0x02 Val: 0x7FFFFFDC
[inst #1237] jalr x0,x1,0
Register Write to Reg: 0x00 Val: 0x004001A4
[inst #1238] lw x1,12(x2)
Register Write to Reg: 0x01 Val: 0x00400070
[inst #1239] addi x2,x2,16
Register Write to Reg: 0x02 Val: 0x7FFFFFEC
[inst #1240] jalr x0,x1,0
Register Write to Reg: 0x00 Val: 0x00400088
[inst #1241] lw x10,8(x2)
Register Write to Reg: 0x0A Val: 0x10010004
[inst #1242] lw x11,4(x2)
Register Write to Reg: 0x0B Val: 0x0000000C
[inst #1243] jal x1,16
Register Write to Reg: 0x01 Val: 0x0040007C
[inst #1244] addi x2,x2,-32
Register Write to Reg: 0x02 Val: 0x7FFFFFCC
[inst #1245] sw x1,28(x2)
Memory Write to Addr: 0x7FFFFFE8 Val: 0x0040007C
[inst #1246] sw x8,24(x2)
Memory Write to Addr: 0x7FFFFFE4 Val: 0x10010004
[inst #1247] sw x9,20(x2)
Memory Write to Addr: 0x7FFFFFE0 Val: 0x0000000C
[inst #1248] sw x18,16(x2)
Memory Write to Addr: 0x7FFFFFDC Val: 0x00000000
[inst #1249] sw x10,12(x2)
Memory Write to Addr: 0x7FFFFFD8 Val: 0x10010004
[inst #1250] sw x11,8(x2)
Memory Write to Addr: 0x7FFFFFD4 Val: 0x0000000C
[inst #1251] srli x8,x11,1
Register Write to Reg: 0x08 Val: 0x00000006
[inst #1252] add x18,x0,x11
Register Write to Reg: 0x12 Val: 0x0000000C
[inst #1253] addi x5,x0,0
Register Write to Reg: 0x05 Val: 0x00000000
[inst #1254] add x6,x0,x8
Register Write to Reg: 0x06 Val: 0x00000006
[inst #1255] addi x7,x0,0
Register Write to Reg: 0x07 Val: 0x00000000
[inst #1256] auipc x9,64528
Register Write to Reg: 0x09 Val: 0x100100B8
[inst #1257] addi x9,x9,-132
Register Write to Reg: 0x09 Val: 0x10010034
[inst #1258] bge x5,x8,120
[inst #1259] bge x6,x18,76
[inst #1260] slli x30,x5,2
Register Write to Reg: 0x1E Val: 0x00000000
[inst #1261] add x30,x10,x30
Register Write to Reg: 0x1E Val: 0x10010004
[inst #1262] lw x28,0(x30)
Register Write to Reg: 0x1C Val: 0x0000000A
[inst #1263] slli x30,x6,2
Register Write to Reg: 0x1E Val: 0x00000018
[inst #1264] add x30,x10,x30
Register Write to Reg: 0x1E Val: 0x1001001C
[inst #1265] lw x29,0(x30)
Register Write to Reg: 0x1D Val: 0x00000005
[inst #1266] bge x29,x28,24
[inst #1267] slli x30,x7,2
Register Write to Reg: 0x1E Val: 0x00000000
[inst #1268] add x30,x9,x30
Register Write to Reg: 0x1E Val: 0x10010034
[inst #1269] sw x29,0(x30)
Memory Write to Addr: 0x10010034 Val: 0x00000005
[inst #1270] addi x6,x6,1
Register Write to Reg: 0x06 Val: 0x00000007
[inst #1271] jal x0,20
Register Write to Reg: 0x00 Val: 0x004000F8
[inst #1272] addi x7,x7,1
Register Write to Reg: 0x07 Val: 0x00000001
[inst #1273] jal x0,-76
Register Write to Reg: 0x00 Val: 0x00400110
[inst #1274] bge x5,x8,120
[inst #1275] bge x6,x18,76
[inst #1276] slli x30,x5,2
Register Write to Reg: 0x1E Val: 0x00000000
[inst #1277] add x30,x10,x30
Register Write to Reg: 0x1E Val: 0x10010004
[inst #1278] lw x28,0(x30)
Register Write to Reg: 0x1C Val: 0x0000000A
[inst #1279] slli x30,x6,2
Register Write to Reg: 0x1E Val: 0x0000001C
[inst #1280] add x30,x10,x30
Register Write to Reg: 0x1E Val: 0x10010020
[inst #1281] lw x29,0(x30)
Register Write to Reg: 0x1D Val: 0x00000007
[inst #1282] bge x29,x28,24
[inst #1283] slli x30,x7,2
Register Write to Reg: 0x1E Val: 0x00000004
[inst #1284] add x30,x9,x30
Register Write to Reg: 0x1E Val: 0x10010038
[inst #1285] sw x29,0(x30)
Memory Write to Addr: 0x10010038 Val: 0x00000007
[inst #1286] addi x6,x6,1
Register Write to Reg: 0x06 Val: 0x00000008
[inst #1287] jal x0,20
Register Write to Reg: 0x00 Val: 0x004000F8
[inst #1288] addi x7,x7,1
Register Write to Reg: 0x07 Val: 0x00000002
[inst #1289] jal x0,-76
Register Write to Reg: 0x00 Val: 0x00400110
[inst #1290] bge x5,x8,120
[inst #1291] bge x6,x18,76
[inst #1292] slli x30,x5,2
Register Write to Reg: 0x1E Val: 0x00000000
[inst #1293] add x30,x10,x30
Register Write to Reg: 0x1E Val: 0x10010004
[inst #1294] lw x28,0(x30)
Register Write to Reg: 0x1C Val: 0x0000000A
[inst #1295] slli x30,x6,2
Register Write to Reg: 0x1E Val: 0x00000020
[inst #1296] add x30,x10,x30
Register Write to Reg: 0x1E Val: 0x10010024
[inst #1297] lw x29,0(x30)
Register Write to Reg: 0x1D Val: 0x00000009
[inst #1298] bge x29,x28,24
[inst #1299] slli x30,x7,2
Register Write to Reg: 0x1E Val: 0x00000008
[inst #1300] add x30,x9,x30
Register Write to Reg: 0x1E Val: 0x1001003C
[inst #1301] sw x29,0(x30)
Memory Write to Addr: 0x1001003C Val: 0x00000009
[inst #1302] addi x6,x6,1
Register Write to Reg: 0x06 Val: 0x00000009
[inst #1303] jal x0,20
Register Write to Reg: 0x00 Val: 0x004000F8
[inst #1304] addi x7,x7,1
Register Write to Reg: 0x07 Val: 0x00000003
[inst #1305] jal x0,-76
Register Write to Reg: 0x00 Val: 0x00400110
[inst #1306] bge x5,x8,120
[inst #1307] bge x6,x18,76
[inst #1308] slli x30,x5,2
Register Write to Reg: 0x1E Val: 0x00000000
[inst #1309] add x30,x10,x30
Register Write to Reg: 0x1E Val: 0x10010004
[inst #1310] lw x28,0(x30)
Register Write to Reg: 0x1C Val: 0x0000000A
[inst #1311] slli x30,x6,2
Register Write to Reg: 0x1E Val: 0x00000024
[inst #1312] add x30,x10,x30
Register Write to Reg: 0x1E Val: 0x10010028
[inst #1313] lw x29,0(x30)
Register Write to Reg: 0x1D Val: 0x0000002D
[inst #1314] bge x29,x28,24
[inst #1315] slli x30,x7,2
Register Write to Reg: 0x1E Val: 0x0000000C
[inst #1316] add x30,x9,x30
Register Write to Reg: 0x1E Val: 0x10010040
[inst #1317] sw x28,0(x30)
Memory Write to Addr: 0x10010040 Val: 0x0000000A
[inst #1318] addi x5,x5,1
Register Write to Reg: 0x05 Val: 0x00000001
[inst #1319] addi x7,x7,1
Register Write to Reg: 0x07 Val: 0x00000004
[inst #1320] jal x0,-76
Register Write to Reg: 0x00 Val: 0x00400110
[inst #1321] bge x5,x8,120
[inst #1322] bge x6,x18,76
[inst #1323] slli x30,x5,2
Register Write to Reg: 0x1E Val: 0x00000004
[inst #1324] add x30,x10,x30
Register Write to Reg: 0x1E Val: 0x10010008
[inst #1325] lw x28,0(x30)
Register Write to Reg: 0x1C Val: 0x0000000B
[inst #1326] slli x30,x6,2
Register Write to Reg: 0x1E Val: 0x00000024
[inst #1327] add x30,x10,x30
Register Write to Reg: 0x1E Val: 0x10010028
[inst #1328] lw x29,0(x30)
Register Write to Reg: 0x1D Val: 0x0000002D
[inst #1329] bge x29,x28,24
[inst #1330] slli x30,x7,2
Register Write to Reg: 0x1E Val: 0x00000010
[inst #1331] add x30,x9,x30
Register Write to Reg: 0x1E Val: 0x10010044
[inst #1332] sw x28,0(x30)
Memory Write to Addr: 0x10010044 Val: 0x0000000B
[inst #1333] addi x5,x5,1
Register Write to Reg: 0x05 Val: 0x00000002
[inst #1334] addi x7,x7,1
Register Write to Reg: 0x07 Val: 0x00000005
[inst #1335] jal x0,-76
Register Write to Reg: 0x00 Val: 0x00400110
[inst #1336] bge x5,x8,120
[inst #1337] bge x6,x18,76
[inst #1338] slli x30,x5,2
Register Write to Reg: 0x1E Val: 0x00000008
[inst #1339] add x30,x10,x30
Register Write to Reg: 0x1E Val: 0x1001000C
[inst #1340] lw x28,0(x30)
Register Write to Reg: 0x1C Val: 0x0000000C
[inst #1341] slli x30,x6,2
Register Write to Reg: 0x1E Val: 0x00000024
[inst #1342] add x30,x10,x30
Register Write to Reg: 0x1E Val: 0x10010028
[inst #1343] lw x29,0(x30)
Register Write to Reg: 0x1D Val: 0x0000002D
[inst #1344] bge x29,x28,24
[inst #1345] slli x30,x7,2
Register Write to Reg: 0x1E Val: 0x00000014
[inst #1346] add x30,x9,x30
Register Write to Reg: 0x1E Val: 0x10010048
[inst #1347] sw x28,0(x30)
Memory Write to Addr: 0x10010048 Val: 0x0000000C
[inst #1348] addi x5,x5,1
Register Write to Reg: 0x05 Val: 0x00000003
[inst #1349] addi x7,x7,1
Register Write to Reg: 0x07 Val: 0x00000006
[inst #1350] jal x0,-76
Register Write to Reg: 0x00 Val: 0x00400110
[inst #1351] bge x5,x8,120
[inst #1352] bge x6,x18,76
[inst #1353] slli x30,x5,2
Register Write to Reg: 0x1E Val: 0x0000000C
[inst #1354] add x30,x10,x30
Register Write to Reg: 0x1E Val: 0x10010010
[inst #1355] lw x28,0(x30)
Register Write to Reg: 0x1C Val: 0x00000041
[inst #1356] slli x30,x6,2
Register Write to Reg: 0x1E Val: 0x00000024
[inst #1357] add x30,x10,x30
Register Write to Reg: 0x1E Val: 0x10010028
[inst #1358] lw x29,0(x30)
Register Write to Reg: 0x1D Val: 0x0000002D
[inst #1359] bge x29,x28,24
[inst #1360] slli x30,x7,2
Register Write to Reg: 0x1E Val: 0x00000018
[inst #1361] add x30,x9,x30
Register Write to Reg: 0x1E Val: 0x1001004C
[inst #1362] sw x29,0(x30)
Memory Write to Addr: 0x1001004C Val: 0x0000002D
[inst #1363] addi x6,x6,1
Register Write to Reg: 0x06 Val: 0x0000000A
[inst #1364] jal x0,20
Register Write to Reg: 0x00 Val: 0x004000F8
[inst #1365] addi x7,x7,1
Register Write to Reg: 0x07 Val: 0x00000007
[inst #1366] jal x0,-76
Register Write to Reg: 0x00 Val: 0x00400110
[inst #1367] bge x5,x8,120
[inst #1368] bge x6,x18,76
[inst #1369] slli x30,x5,2
Register Write to Reg: 0x1E Val: 0x0000000C
[inst #1370] add x30,x10,x30
Register Write to Reg: 0x1E Val: 0x10010010
[inst #1371] lw x28,0(x30)
Register Write to Reg: 0x1C Val: 0x00000041
[inst #1372] slli x30,x6,2
Register Write to Reg: 0x1E Val: 0x00000028
[inst #1373] add x30,x10,x30
Register Write to Reg: 0x1E Val: 0x1001002C
[inst #1374] lw x29,0(x30)
Register Write to Reg: 0x1D Val: 0x00000043
[inst #1375] bge x29,x28,24
[inst #1376] slli x30,x7,2
Register Write to Reg: 0x1E Val: 0x0000001C
[inst #1377] add x30,x9,x30
Register Write to Reg: 0x1E Val: 0x10010050
[inst #1378] sw x28,0(x30)
Memory Write to Addr: 0x10010050 Val: 0x00000041
[inst #1379] addi x5,x5,1
Register Write to Reg: 0x05 Val: 0x00000004
[inst #1380] addi x7,x7,1
Register Write to Reg: 0x07 Val: 0x00000008
[inst #1381] jal x0,-76
Register Write to Reg: 0x00 Val: 0x00400110
[inst #1382] bge x5,x8,120
[inst #1383] bge x6,x18,76
[inst #1384] slli x30,x5,2
Register Write to Reg: 0x1E Val: 0x00000010
[inst #1385] add x30,x10,x30
Register Write to Reg: 0x1E Val: 0x10010014
[inst #1386] lw x28,0(x30)
Register Write to Reg: 0x1C Val: 0x00000046
[inst #1387] slli x30,x6,2
Register Write to Reg: 0x1E Val: 0x00000028
[inst #1388] add x30,x10,x30
Register Write to Reg: 0x1E Val: 0x1001002C
[inst #1389] lw x29,0(x30)
Register Write to Reg: 0x1D Val: 0x00000043
[inst #1390] bge x29,x28,24
[inst #1391] slli x30,x7,2
Register Write to Reg: 0x1E Val: 0x00000020
[inst #1392] add x30,x9,x30
Register Write to Reg: 0x1E Val: 0x10010054
[inst #1393] sw x29,0(x30)
Memory Write to Addr: 0x10010054 Val: 0x00000043
[inst #1394] addi x6,x6,1
Register Write to Reg: 0x06 Val: 0x0000000B
[inst #1395] jal x0,20
Register Write to Reg: 0x00 Val: 0x004000F8
[inst #1396] addi x7,x7,1
Register Write to Reg: 0x07 Val: 0x00000009
[inst #1397] jal x0,-76
Register Write to Reg: 0x00 Val: 0x00400110
[inst #1398] bge x5,x8,120
[inst #1399] bge x6,x18,76
[inst #1400] slli x30,x5,2
Register Write to Reg: 0x1E Val: 0x00000010
[inst #1401] add x30,x10,x30
Register Write to Reg: 0x1E Val: 0x10010014
[inst #1402] lw x28,0(x30)
Register Write to Reg: 0x1C Val: 0x00000046
[inst #1403] slli x30,x6,2
Register Write to Reg: 0x1E Val: 0x0000002C
[inst #1404] add x30,x10,x30
Register Write to Reg: 0x1E Val: 0x10010030
[inst #1405] lw x29,0(x30)
Register Write to Reg: 0x1D Val: 0x0000005A
[inst #1406] bge x29,x28,24
[inst #1407] slli x30,x7,2
Register Write to Reg: 0x1E Val: 0x00000024
[inst #1408] add x30,x9,x30
Register Write to Reg: 0x1E Val: 0x10010058
[inst #1409] sw x28,0(x30)
Memory Write to Addr: 0x10010058 Val: 0x00000046
[inst #1410] addi x5,x5,1
Register Write to Reg: 0x05 Val: 0x00000005
[inst #1411] addi x7,x7,1
Register Write to Reg: 0x07 Val: 0x0000000A
[inst #1412] jal x0,-76
Register Write to Reg: 0x00 Val: 0x00400110
[inst #1413] bge x5,x8,120
[inst #1414] bge x6,x18,76
[inst #1415] slli x30,x5,2
Register Write to Reg: 0x1E Val: 0x00000014
[inst #1416] add x30,x10,x30
Register Write to Reg: 0x1E Val: 0x10010018
[inst #1417] lw x28,0(x30)
Register Write to Reg: 0x1C Val: 0x00000059
[inst #1418] slli x30,x6,2
Register Write to Reg: 0x1E Val: 0x0000002C
[inst #1419] add x30,x10,x30
Register Write to Reg: 0x1E Val: 0x10010030
[inst #1420] lw x29,0(x30)
Register Write to Reg: 0x1D Val: 0x0000005A
[inst #1421] bge x29,x28,24
[inst #1422] slli x30,x7,2
Register Write to Reg: 0x1E Val: 0x00000028
[inst #1423] add x30,x9,x30
Register Write to Reg: 0x1E Val: 0x1001005C
[inst #1424] sw x28,0(x30)
Memory Write to Addr: 0x1001005C Val: 0x00000059
[inst #1425] addi x5,x5,1
Register Write to Reg: 0x05 Val: 0x00000006
[inst #1426] addi x7,x7,1
Register Write to Reg: 0x07 Val: 0x0000000B
[inst #1427] jal x0,-76
Register Write to Reg: 0x00 Val: 0x00400110
[inst #1428] bge x5,x8,120
[inst #1429] bge x6,x18,40
[inst #1430] slli x30,x6,2
Register Write to Reg: 0x1E Val: 0x0000002C
[inst #1431] add x30,x10,x30
Register Write to Reg: 0x1E Val: 0x10010030
[inst #1432] lw x28,0(x30)
Register Write to Reg: 0x1C Val: 0x0000005A
[inst #1433] slli x30,x7,2
Register Write to Reg: 0x1E Val: 0x0000002C
[inst #1434] add x30,x9,x30
Register Write to Reg: 0x1E Val: 0x10010060
[inst #1435] sw x28,0(x30)
Memory Write to Addr: 0x10010060 Val: 0x0000005A
[inst #1436] addi x6,x6,1
Register Write to Reg: 0x06 Val: 0x0000000C
[inst #1437] addi x7,x7,1
Register Write to Reg: 0x07 Val: 0x0000000C
[inst #1438] jal x0,-36
Register Write to Reg: 0x00 Val: 0x00400160
[inst #1439] bge x6,x18,40
[inst #1440] addi x5,x0,0
Register Write to Reg: 0x05 Val: 0x00000000
[inst #1441] bge x5,x18,32
[inst #1442] slli x30,x5,2
Register Write to Reg: 0x1E Val: 0x00000000
[inst #1443] add x31,x9,x30
Register Write to Reg: 0x1F Val: 0x10010034
[inst #1444] lw x28,0(x31)
Register Write to Reg: 0x1C Val: 0x00000005
[inst #1445] add x31,x10,x30
Register Write to Reg: 0x1F Val: 0x10010004
[inst #1446] sw x28,0(x31)
Memory Write to Addr: 0x10010004 Val: 0x00000005
[inst #1447] addi x5,x5,1
Register Write to Reg: 0x05 Val: 0x00000001
[inst #1448] jal x0,-28
Register Write to Reg: 0x00 Val: 0x00400184
[inst #1449] bge x5,x18,32
[inst #1450] slli x30,x5,2
Register Write to Reg: 0x1E Val: 0x00000004
[inst #1451] add x31,x9,x30
Register Write to Reg: 0x1F Val: 0x10010038
[inst #1452] lw x28,0(x31)
Register Write to Reg: 0x1C Val: 0x00000007
[inst #1453] add x31,x10,x30
Register Write to Reg: 0x1F Val: 0x10010008
[inst #1454] sw x28,0(x31)
Memory Write to Addr: 0x10010008 Val: 0x00000007
[inst #1455] addi x5,x5,1
Register Write to Reg: 0x05 Val: 0x00000002
[inst #1456] jal x0,-28
Register Write to Reg: 0x00 Val: 0x00400184
[inst #1457] bge x5,x18,32
[inst #1458] slli x30,x5,2
Register Write to Reg: 0x1E Val: 0x00000008
[inst #1459] add x31,x9,x30
Register Write to Reg: 0x1F Val: 0x1001003C
[inst #1460] lw x28,0(x31)
Register Write to Reg: 0x1C Val: 0x00000009
[inst #1461] add x31,x10,x30
Register Write to Reg: 0x1F Val: 0x1001000C
[inst #1462] sw x28,0(x31)
Memory Write to Addr: 0x1001000C Val: 0x00000009
[inst #1463] addi x5,x5,1
Register Write to Reg: 0x05 Val: 0x00000003
[inst #1464] jal x0,-28
Register Write to Reg: 0x00 Val: 0x00400184
[inst #1465] bge x5,x18,32
[inst #1466] slli x30,x5,2
Register Write to Reg: 0x1E Val: 0x0000000C
[inst #1467] add x31,x9,x30
Register Write to Reg: 0x1F Val: 0x10010040
[inst #1468] lw x28,0(x31)
Register Write to Reg: 0x1C Val: 0x0000000A
[inst #1469] add x31,x10,x30
Register Write to Reg: 0x1F Val: 0x10010010
[inst #1470] sw x28,0(x31)
Memory Write to Addr: 0x10010010 Val: 0x0000000A
[inst #1471] addi x5,x5,1
Register Write to Reg: 0x05 Val: 0x00000004
[inst #1472] jal x0,-28
Register Write to Reg: 0x00 Val: 0x00400184
[inst #1473] bge x5,x18,32
[inst #1474] slli x30,x5,2
Register Write to Reg: 0x1E Val: 0x00000010
[inst #1475] add x31,x9,x30
Register Write to Reg: 0x1F Val: 0x10010044
[inst #1476] lw x28,0(x31)
Register Write to Reg: 0x1C Val: 0x0000000B
[inst #1477] add x31,x10,x30
Register Write to Reg: 0x1F Val: 0x10010014
[inst #1478] sw x28,0(x31)
Memory Write to Addr: 0x10010014 Val: 0x0000000B
[inst #1479] addi x5,x5,1
Register Write to Reg: 0x05 Val: 0x00000005
[inst #1480] jal x0,-28
Register Write to Reg: 0x00 Val: 0x00400184
[inst #1481] bge x5,x18,32
[inst #1482] slli x30,x5,2
Register Write to Reg: 0x1E Val: 0x00000014
[inst #1483] add x31,x9,x30
Register Write to Reg: 0x1F Val: 0x10010048
[inst #1484] lw x28,0(x31)
Register Write to Reg: 0x1C Val: 0x0000000C
[inst #1485] add x31,x10,x30
Register Write to Reg: 0x1F Val: 0x10010018
[inst #1486] sw x28,0(x31)
Memory Write to Addr: 0x10010018 Val: 0x0000000C
[inst #1487] addi x5,x5,1
Register Write to Reg: 0x05 Val: 0x00000006
[inst #1488] jal x0,-28
Register Write to Reg: 0x00 Val: 0x00400184
[inst #1489] bge x5,x18,32
[inst #1490] slli x30,x5,2
Register Write to Reg: 0x1E Val: 0x00000018
[inst #1491] add x31,x9,x30
Register Write to Reg: 0x1F Val: 0x1001004C
[inst #1492] lw x28,0(x31)
Register Write to Reg: 0x1C Val: 0x0000002D
[inst #1493] add x31,x10,x30
Register Write to Reg: 0x1F Val: 0x1001001C
[inst #1494] sw x28,0(x31)
Memory Write to Addr: 0x1001001C Val: 0x0000002D
[inst #1495] addi x5,x5,1
Register Write to Reg: 0x05 Val: 0x00000007
[inst #1496] jal x0,-28
Register Write to Reg: 0x00 Val: 0x00400184
[inst #1497] bge x5,x18,32
[inst #1498] slli x30,x5,2
Register Write to Reg: 0x1E Val: 0x0000001C
[inst #1499] add x31,x9,x30
Register Write to Reg: 0x1F Val: 0x10010050
[inst #1500] lw x28,0(x31)
Register Write to Reg: 0x1C Val: 0x00000041
[inst #1501] add x31,x10,x30
Register Write to Reg: 0x1F Val: 0x10010020
[inst #1502] sw x28,0(x31)
Memory Write to Addr: 0x10010020 Val: 0x00000041
[inst #1503] addi x5,x5,1
Register Write to Reg: 0x05 Val: 0x00000008
[inst #1504] jal x0,-28
Register Write to Reg: 0x00 Val: 0x00400184
[inst #1505] bge x5,x18,32
[inst #1506] slli x30,x5,2
Register Write to Reg: 0x1E Val: 0x00000020
[inst #1507] add x31,x9,x30
Register Write to Reg: 0x1F Val: 0x10010054
[inst #1508] lw x28,0(x31)
Register Write to Reg: 0x1C Val: 0x00000043
[inst #1509] add x31,x10,x30
Register Write to Reg: 0x1F Val: 0x10010024
[inst #1510] sw x28,0(x31)
Memory Write to Addr: 0x10010024 Val: 0x00000043
[inst #1511] addi x5,x5,1
Register Write to Reg: 0x05 Val: 0x00000009
[inst #1512] jal x0,-28
Register Write to Reg: 0x00 Val: 0x00400184
[inst #1513] bge x5,x18,32
[inst #1514] slli x30,x5,2
Register Write to Reg: 0x1E Val: 0x00000024
[inst #1515] add x31,x9,x30
Register Write to Reg: 0x1F Val: 0x10010058
[inst #1516] lw x28,0(x31)
Register Write to Reg: 0x1C Val: 0x00000046
[inst #1517] add x31,x10,x30
Register Write to Reg: 0x1F Val: 0x10010028
[inst #1518] sw x28,0(x31)
Memory Write to Addr: 0x10010028 Val: 0x00000046
[inst #1519] addi x5,x5,1
Register Write to Reg: 0x05 Val: 0x0000000A
[inst #1520] jal x0,-28
Register Write to Reg: 0x00 Val: 0x00400184
[inst #1521] bge x5,x18,32
[inst #1522] slli x30,x5,2
Register Write to Reg: 0x1E Val: 0x00000028
[inst #1523] add x31,x9,x30
Register Write to Reg: 0x1F Val: 0x1001005C
[inst #1524] lw x28,0(x31)
Register Write to Reg: 0x1C Val: 0x00000059
[inst #1525] add x31,x10,x30
Register Write to Reg: 0x1F Val: 0x1001002C
[inst #1526] sw x28,0(x31)
Memory Write to Addr: 0x1001002C Val: 0x00000059
[inst #1527] addi x5,x5,1
Register Write to Reg: 0x05 Val: 0x0000000B
[inst #1528] jal x0,-28
Register Write to Reg: 0x00 Val: 0x00400184
[inst #1529] bge x5,x18,32
[inst #1530] slli x30,x5,2
Register Write to Reg: 0x1E Val: 0x0000002C
[inst #1531] add x31,x9,x30
Register Write to Reg: 0x1F Val: 0x10010060
[inst #1532] lw x28,0(x31)
Register Write to Reg: 0x1C Val: 0x0000005A
[inst #1533] add x31,x10,x30
Register Write to Reg: 0x1F Val: 0x10010030
[inst #1534] sw x28,0(x31)
Memory Write to Addr: 0x10010030 Val: 0x0000005A
[inst #1535] addi x5,x5,1
Register Write to Reg: 0x05 Val: 0x0000000C
[inst #1536] jal x0,-28
Register Write to Reg: 0x00 Val: 0x00400184
[inst #1537] bge x5,x18,32
[inst #1538] lw x10,12(x2)
Register Write to Reg: 0x0A Val: 0x10010004
[inst #1539] lw x11,8(x2)
Register Write to Reg: 0x0B Val: 0x0000000C
[inst #1540] lw x1,28(x2)
Register Write to Reg: 0x01 Val: 0x0040007C
[inst #1541] lw x8,24(x2)
Register Write to Reg: 0x08 Val: 0x10010004
[inst #1542] lw x9,20(x2)
Register Write to Reg: 0x09 Val: 0x0000000C
[inst #1543] lw x18,16(x2)
Register Write to Reg: 0x12 Val: 0x00000000
[inst #1544] addi x2,x2,32
Register Write to Reg: 0x02 Val: 0x7FFFFFEC
[inst #1545] jalr x0,x1,0
Register Write to Reg: 0x00 Val: 0x004001A4
[inst #1546] lw x1,12(x2)
Register Write to Reg: 0x01 Val: 0x00400028
[inst #1547] addi x2,x2,16
Register Write to Reg: 0x02 Val: 0x7FFFFFFC
[inst #1548] jalr x0,x1,0
Register Write to Reg: 0x00 Val: 0x00400088
[inst #1549] addi x17,x0,10
Register Write to Reg: 0x11 Val: 0x0000000A
[inst #1550] ecall 

Program terminated by calling exit
