[inst #1] lui x2,524288
Register Write to Reg: 0x02 Val: 0x80000000
[inst #2] addi x2,x2,-4
Register Write to Reg: 0x02 Val: 0x7FFFFFFC
[inst #3] addi x0,x0,0
Register Write to Reg: 0x00 Val: 0x00000000
[inst #4] auipc x8,64528
Register Write to Reg: 0x08 Val: 0x1001000C
[inst #5] sll x0,x0,x0
Register Write to Reg: 0x00 Val: 0x00000000
[inst #6] sll x0,x0,x0
Register Write to Reg: 0x00 Val: 0x00000000
[inst #7] sll x0,x0,x0
Register Write to Reg: 0x00 Val: 0x00000000
[inst #8] addi x8,x8,-8
Register Write to Reg: 0x08 Val: 0x10010004
[inst #9] auipc x5,64528
Register Write to Reg: 0x05 Val: 0x10010020
[inst #10] sll x0,x0,x0
Register Write to Reg: 0x00 Val: 0x00000000
[inst #11] sll x0,x0,x0
Register Write to Reg: 0x00 Val: 0x00000000
[inst #12] sll x0,x0,x0
Register Write to Reg: 0x00 Val: 0x00000000
[inst #13] addi x5,x5,-32
Register Write to Reg: 0x05 Val: 0x10010000
[inst #14] lw x9,0(x5)
Register Write to Reg: 0x09 Val: 0x0000000C
[inst #15] addi x0,x0,0
Register Write to Reg: 0x00 Val: 0x00000000
[inst #16] addi x0,x0,0
Register Write to Reg: 0x00 Val: 0x00000000
[inst #17] add x10,x0,x8
Register Write to Reg: 0x0A Val: 0x10010004
[inst #18] add x11,x0,x9
Register Write to Reg: 0x0B Val: 0x0000000C
[inst #19] jal x1,20
Register Write to Reg: 0x01 Val: 0x0040004C
[inst #20] addi x5,x0,1
Register Write to Reg: 0x05 Val: 0x00000001
[inst #21] addi x0,x0,0
Register Write to Reg: 0x00 Val: 0x00000000
[inst #22] addi x0,x0,0
Register Write to Reg: 0x00 Val: 0x00000000
[inst #23] bge x5,x11,168
[inst #24] addi x0,x0,0
Register Write to Reg: 0x00 Val: 0x00000000
[inst #25] addi x0,x0,0
Register Write to Reg: 0x00 Val: 0x00000000
[inst #26] addi x2,x2,-16
Register Write to Reg: 0x02 Val: 0x7FFFFFEC
[inst #27] sw x1,12(x2)
Memory Write to Addr: 0x7FFFFFF8 Val: 0x0040004C
[inst #28] sw x10,8(x2)
Memory Write to Addr: 0x7FFFFFF4 Val: 0x10010004
[inst #29] sw x11,4(x2)
Memory Write to Addr: 0x7FFFFFF0 Val: 0x0000000C
[inst #30] srli x5,x11,1
Register Write to Reg: 0x05 Val: 0x00000006
[inst #31] addi x0,x0,0
Register Write to Reg: 0x00 Val: 0x00000000
[inst #32] addi x0,x0,0
Register Write to Reg: 0x00 Val: 0x00000000
[inst #33] add x11,x0,x5
Register Write to Reg: 0x0B Val: 0x00000006
[inst #34] jal x1,-56
Register Write to Reg: 0x01 Val: 0x00400098
[inst #35] addi x5,x0,1
Register Write to Reg: 0x05 Val: 0x00000001
[inst #36] addi x0,x0,0
Register Write to Reg: 0x00 Val: 0x00000000
[inst #37] addi x0,x0,0
Register Write to Reg: 0x00 Val: 0x00000000
[inst #38] bge x5,x11,168
[inst #39] addi x0,x0,0
Register Write to Reg: 0x00 Val: 0x00000000
[inst #40] addi x0,x0,0
Register Write to Reg: 0x00 Val: 0x00000000
[inst #41] addi x2,x2,-16
Register Write to Reg: 0x02 Val: 0x7FFFFFDC
[inst #42] sw x1,12(x2)
Memory Write to Addr: 0x7FFFFFE8 Val: 0x00400098
[inst #43] sw x10,8(x2)
Memory Write to Addr: 0x7FFFFFE4 Val: 0x10010004
[inst #44] sw x11,4(x2)
Memory Write to Addr: 0x7FFFFFE0 Val: 0x00000006
[inst #45] srli x5,x11,1
Register Write to Reg: 0x05 Val: 0x00000003
[inst #46] addi x0,x0,0
Register Write to Reg: 0x00 Val: 0x00000000
[inst #47] addi x0,x0,0
Register Write to Reg: 0x00 Val: 0x00000000
[inst #48] add x11,x0,x5
Register Write to Reg: 0x0B Val: 0x00000003
[inst #49] jal x1,-56
Register Write to Reg: 0x01 Val: 0x00400098
[inst #50] addi x5,x0,1
Register Write to Reg: 0x05 Val: 0x00000001
[inst #51] addi x0,x0,0
Register Write to Reg: 0x00 Val: 0x00000000
[inst #52] addi x0,x0,0
Register Write to Reg: 0x00 Val: 0x00000000
[inst #53] bge x5,x11,168
[inst #54] addi x0,x0,0
Register Write to Reg: 0x00 Val: 0x00000000
[inst #55] addi x0,x0,0
Register Write to Reg: 0x00 Val: 0x00000000
[inst #56] addi x2,x2,-16
Register Write to Reg: 0x02 Val: 0x7FFFFFCC
[inst #57] sw x1,12(x2)
Memory Write to Addr: 0x7FFFFFD8 Val: 0x00400098
[inst #58] sw x10,8(x2)
Memory Write to Addr: 0x7FFFFFD4 Val: 0x10010004
[inst #59] sw x11,4(x2)
Memory Write to Addr: 0x7FFFFFD0 Val: 0x00000003
[inst #60] srli x5,x11,1
Register Write to Reg: 0x05 Val: 0x00000001
[inst #61] addi x0,x0,0
Register Write to Reg: 0x00 Val: 0x00000000
[inst #62] addi x0,x0,0
Register Write to Reg: 0x00 Val: 0x00000000
[inst #63] add x11,x0,x5
Register Write to Reg: 0x0B Val: 0x00000001
[inst #64] jal x1,-56
Register Write to Reg: 0x01 Val: 0x00400098
[inst #65] addi x5,x0,1
Register Write to Reg: 0x05 Val: 0x00000001
[inst #66] addi x0,x0,0
Register Write to Reg: 0x00 Val: 0x00000000
[inst #67] addi x0,x0,0
Register Write to Reg: 0x00 Val: 0x00000000
[inst #68] bge x5,x11,168
[inst #69] jalr x0,x1,0
Register Write to Reg: 0x00 Val: 0x00400114
[inst #70] addi x0,x0,0
Register Write to Reg: 0x00 Val: 0x00000000
[inst #71] addi x0,x0,0
Register Write to Reg: 0x00 Val: 0x00000000
[inst #72] lw x10,8(x2)
Register Write to Reg: 0x0A Val: 0x10010004
[inst #73] lw x11,4(x2)
Register Write to Reg: 0x0B Val: 0x00000003
[inst #74] addi x0,x0,0
Register Write to Reg: 0x00 Val: 0x00000000
[inst #75] addi x0,x0,0
Register Write to Reg: 0x00 Val: 0x00000000
[inst #76] srli x5,x11,1
Register Write to Reg: 0x05 Val: 0x00000001
[inst #77] addi x0,x0,0
Register Write to Reg: 0x00 Val: 0x00000000
[inst #78] addi x0,x0,0
Register Write to Reg: 0x00 Val: 0x00000000
[inst #79] slli x6,x5,2
Register Write to Reg: 0x06 Val: 0x00000004
[inst #80] addi x0,x0,0
Register Write to Reg: 0x00 Val: 0x00000000
[inst #81] addi x0,x0,0
Register Write to Reg: 0x00 Val: 0x00000000
[inst #82] add x10,x10,x6
Register Write to Reg: 0x0A Val: 0x10010008
[inst #83] sub x11,x11,x5
Register Write to Reg: 0x0B Val: 0x00000002
[inst #84] addi x0,x0,0
Register Write to Reg: 0x00 Val: 0x00000000
[inst #85] addi x0,x0,0
Register Write to Reg: 0x00 Val: 0x00000000
[inst #86] jal x1,-124
Register Write to Reg: 0x01 Val: 0x004000DC
[inst #87] addi x5,x0,1
Register Write to Reg: 0x05 Val: 0x00000001
[inst #88] addi x0,x0,0
Register Write to Reg: 0x00 Val: 0x00000000
[inst #89] addi x0,x0,0
Register Write to Reg: 0x00 Val: 0x00000000
[inst #90] bge x5,x11,168
[inst #91] addi x0,x0,0
Register Write to Reg: 0x00 Val: 0x00000000
[inst #92] addi x0,x0,0
Register Write to Reg: 0x00 Val: 0x00000000
[inst #93] addi x2,x2,-16
Register Write to Reg: 0x02 Val: 0x7FFFFFBC
[inst #94] sw x1,12(x2)
Memory Write to Addr: 0x7FFFFFC8 Val: 0x004000DC
[inst #95] sw x10,8(x2)
Memory Write to Addr: 0x7FFFFFC4 Val: 0x10010008
[inst #96] sw x11,4(x2)
Memory Write to Addr: 0x7FFFFFC0 Val: 0x00000002
[inst #97] srli x5,x11,1
Register Write to Reg: 0x05 Val: 0x00000001
[inst #98] addi x0,x0,0
Register Write to Reg: 0x00 Val: 0x00000000
[inst #99] addi x0,x0,0
Register Write to Reg: 0x00 Val: 0x00000000
[inst #100] add x11,x0,x5
Register Write to Reg: 0x0B Val: 0x00000001
[inst #101] jal x1,-56
Register Write to Reg: 0x01 Val: 0x00400098
[inst #102] addi x5,x0,1
Register Write to Reg: 0x05 Val: 0x00000001
[inst #103] addi x0,x0,0
Register Write to Reg: 0x00 Val: 0x00000000
[inst #104] addi x0,x0,0
Register Write to Reg: 0x00 Val: 0x00000000
[inst #105] bge x5,x11,168
[inst #106] jalr x0,x1,0
Register Write to Reg: 0x00 Val: 0x00400114
[inst #107] addi x0,x0,0
Register Write to Reg: 0x00 Val: 0x00000000
[inst #108] addi x0,x0,0
Register Write to Reg: 0x00 Val: 0x00000000
[inst #109] lw x10,8(x2)
Register Write to Reg: 0x0A Val: 0x10010008
[inst #110] lw x11,4(x2)
Register Write to Reg: 0x0B Val: 0x00000002
[inst #111] addi x0,x0,0
Register Write to Reg: 0x00 Val: 0x00000000
[inst #112] addi x0,x0,0
Register Write to Reg: 0x00 Val: 0x00000000
[inst #113] srli x5,x11,1
Register Write to Reg: 0x05 Val: 0x00000001
[inst #114] addi x0,x0,0
Register Write to Reg: 0x00 Val: 0x00000000
[inst #115] addi x0,x0,0
Register Write to Reg: 0x00 Val: 0x00000000
[inst #116] slli x6,x5,2
Register Write to Reg: 0x06 Val: 0x00000004
[inst #117] addi x0,x0,0
Register Write to Reg: 0x00 Val: 0x00000000
[inst #118] addi x0,x0,0
Register Write to Reg: 0x00 Val: 0x00000000
[inst #119] add x10,x10,x6
Register Write to Reg: 0x0A Val: 0x1001000C
[inst #120] sub x11,x11,x5
Register Write to Reg: 0x0B Val: 0x00000001
[inst #121] addi x0,x0,0
Register Write to Reg: 0x00 Val: 0x00000000
[inst #122] addi x0,x0,0
Register Write to Reg: 0x00 Val: 0x00000000
[inst #123] jal x1,-124
Register Write to Reg: 0x01 Val: 0x004000DC
[inst #124] addi x5,x0,1
Register Write to Reg: 0x05 Val: 0x00000001
[inst #125] addi x0,x0,0
Register Write to Reg: 0x00 Val: 0x00000000
[inst #126] addi x0,x0,0
Register Write to Reg: 0x00 Val: 0x00000000
[inst #127] bge x5,x11,168
[inst #128] jalr x0,x1,0
Register Write to Reg: 0x00 Val: 0x00400114
[inst #129] addi x0,x0,0
Register Write to Reg: 0x00 Val: 0x00000000
[inst #130] addi x0,x0,0
Register Write to Reg: 0x00 Val: 0x00000000
[inst #131] lw x10,8(x2)
Register Write to Reg: 0x0A Val: 0x10010008
[inst #132] lw x11,4(x2)
Register Write to Reg: 0x0B Val: 0x00000002
[inst #133] addi x0,x0,0
Register Write to Reg: 0x00 Val: 0x00000000
[inst #134] addi x0,x0,0
Register Write to Reg: 0x00 Val: 0x00000000
[inst #135] jal x1,40
Register Write to Reg: 0x01 Val: 0x004000F8
[inst #136] addi x2,x2,-32
Register Write to Reg: 0x02 Val: 0x7FFFFF9C
[inst #137] sw x1,28(x2)
Memory Write to Addr: 0x7FFFFFB8 Val: 0x004000F8
[inst #138] sw x8,24(x2)
Memory Write to Addr: 0x7FFFFFB4 Val: 0x10010004
[inst #139] sw x9,20(x2)
Memory Write to Addr: 0x7FFFFFB0 Val: 0x0000000C
[inst #140] sw x18,16(x2)
Memory Write to Addr: 0x7FFFFFAC Val: 0x00000000
[inst #141] sw x10,12(x2)
Memory Write to Addr: 0x7FFFFFA8 Val: 0x10010008
[inst #142] sw x11,8(x2)
Memory Write to Addr: 0x7FFFFFA4 Val: 0x00000002
[inst #143] srli x8,x11,1
Register Write to Reg: 0x08 Val: 0x00000001
[inst #144] add x18,x0,x11
Register Write to Reg: 0x12 Val: 0x00000002
[inst #145] auipc x9,64528
Register Write to Reg: 0x09 Val: 0x10010140
[inst #146] sll x0,x0,x0
Register Write to Reg: 0x00 Val: 0x00000000
[inst #147] sll x0,x0,x0
Register Write to Reg: 0x00 Val: 0x00000000
[inst #148] sll x0,x0,x0
Register Write to Reg: 0x00 Val: 0x00000000
[inst #149] addi x9,x9,-268
Register Write to Reg: 0x09 Val: 0x10010034
[inst #150] addi x5,x0,0
Register Write to Reg: 0x05 Val: 0x00000000
[inst #151] add x6,x0,x8
Register Write to Reg: 0x06 Val: 0x00000001
[inst #152] addi x7,x0,0
Register Write to Reg: 0x07 Val: 0x00000000
[inst #153] bge x5,x8,272
[inst #154] addi x0,x0,0
Register Write to Reg: 0x00 Val: 0x00000000
[inst #155] addi x0,x0,0
Register Write to Reg: 0x00 Val: 0x00000000
[inst #156] bge x6,x18,176
[inst #157] addi x0,x0,0
Register Write to Reg: 0x00 Val: 0x00000000
[inst #158] addi x0,x0,0
Register Write to Reg: 0x00 Val: 0x00000000
[inst #159] slli x30,x5,2
Register Write to Reg: 0x1E Val: 0x00000000
[inst #160] addi x0,x0,0
Register Write to Reg: 0x00 Val: 0x00000000
[inst #161] addi x0,x0,0
Register Write to Reg: 0x00 Val: 0x00000000
[inst #162] add x30,x10,x30
Register Write to Reg: 0x1E Val: 0x10010008
[inst #163] addi x0,x0,0
Register Write to Reg: 0x00 Val: 0x00000000
[inst #164] addi x0,x0,0
Register Write to Reg: 0x00 Val: 0x00000000
[inst #165] lw x28,0(x30)
Register Write to Reg: 0x1C Val: 0x0000000C
[inst #166] slli x30,x6,2
Register Write to Reg: 0x1E Val: 0x00000004
[inst #167] addi x0,x0,0
Register Write to Reg: 0x00 Val: 0x00000000
[inst #168] add x30,x10,x30
Register Write to Reg: 0x1E Val: 0x1001000C
[inst #169] addi x0,x0,0
Register Write to Reg: 0x00 Val: 0x00000000
[inst #170] addi x0,x0,0
Register Write to Reg: 0x00 Val: 0x00000000
[inst #171] lw x29,0(x30)
Register Write to Reg: 0x1D Val: 0x0000000A
[inst #172] addi x0,x0,0
Register Write to Reg: 0x00 Val: 0x00000000
[inst #173] addi x0,x0,0
Register Write to Reg: 0x00 Val: 0x00000000
[inst #174] bge x29,x28,56
[inst #175] addi x0,x0,0
Register Write to Reg: 0x00 Val: 0x00000000
[inst #176] addi x0,x0,0
Register Write to Reg: 0x00 Val: 0x00000000
[inst #177] slli x30,x7,2
Register Write to Reg: 0x1E Val: 0x00000000
[inst #178] addi x0,x0,0
Register Write to Reg: 0x00 Val: 0x00000000
[inst #179] addi x0,x0,0
Register Write to Reg: 0x00 Val: 0x00000000
[inst #180] add x30,x9,x30
Register Write to Reg: 0x1E Val: 0x10010034
[inst #181] addi x0,x0,0
Register Write to Reg: 0x00 Val: 0x00000000
[inst #182] addi x0,x0,0
Register Write to Reg: 0x00 Val: 0x00000000
[inst #183] sw x29,0(x30)
Memory Write to Addr: 0x10010034 Val: 0x0000000A
[inst #184] addi x6,x6,1
Register Write to Reg: 0x06 Val: 0x00000002
[inst #185] jal x0,44
Register Write to Reg: 0x00 Val: 0x004001E4
[inst #186] addi x7,x7,1
Register Write to Reg: 0x07 Val: 0x00000001
[inst #187] jal x0,-176
Register Write to Reg: 0x00 Val: 0x00400214
[inst #188] bge x5,x8,272
[inst #189] addi x0,x0,0
Register Write to Reg: 0x00 Val: 0x00000000
[inst #190] addi x0,x0,0
Register Write to Reg: 0x00 Val: 0x00000000
[inst #191] bge x6,x18,176
[inst #192] bge x5,x8,168
[inst #193] addi x0,x0,0
Register Write to Reg: 0x00 Val: 0x00000000
[inst #194] addi x0,x0,0
Register Write to Reg: 0x00 Val: 0x00000000
[inst #195] slli x30,x5,2
Register Write to Reg: 0x1E Val: 0x00000000
[inst #196] addi x0,x0,0
Register Write to Reg: 0x00 Val: 0x00000000
[inst #197] addi x0,x0,0
Register Write to Reg: 0x00 Val: 0x00000000
[inst #198] add x30,x10,x30
Register Write to Reg: 0x1E Val: 0x10010008
[inst #199] addi x0,x0,0
Register Write to Reg: 0x00 Val: 0x00000000
[inst #200] addi x0,x0,0
Register Write to Reg: 0x00 Val: 0x00000000
[inst #201] lw x28,0(x30)
Register Write to Reg: 0x1C Val: 0x0000000C
[inst #202] slli x30,x7,2
Register Write to Reg: 0x1E Val: 0x00000004
[inst #203] addi x0,x0,0
Register Write to Reg: 0x00 Val: 0x00000000
[inst #204] add x30,x9,x30
Register Write to Reg: 0x1E Val: 0x10010038
[inst #205] addi x0,x0,0
Register Write to Reg: 0x00 Val: 0x00000000
[inst #206] addi x0,x0,0
Register Write to Reg: 0x00 Val: 0x00000000
[inst #207] sw x28,0(x30)
Memory Write to Addr: 0x10010038 Val: 0x0000000C
[inst #208] addi x5,x5,1
Register Write to Reg: 0x05 Val: 0x00000001
[inst #209] addi x7,x7,1
Register Write to Reg: 0x07 Val: 0x00000002
[inst #210] jal x0,-72
Register Write to Reg: 0x00 Val: 0x00400268
[inst #211] bge x5,x8,168
[inst #212] addi x5,x0,0
Register Write to Reg: 0x05 Val: 0x00000000
[inst #213] bge x5,x18,68
[inst #214] addi x0,x0,0
Register Write to Reg: 0x00 Val: 0x00000000
[inst #215] addi x0,x0,0
Register Write to Reg: 0x00 Val: 0x00000000
[inst #216] slli x30,x5,2
Register Write to Reg: 0x1E Val: 0x00000000
[inst #217] addi x0,x0,0
Register Write to Reg: 0x00 Val: 0x00000000
[inst #218] addi x0,x0,0
Register Write to Reg: 0x00 Val: 0x00000000
[inst #219] add x31,x9,x30
Register Write to Reg: 0x1F Val: 0x10010034
[inst #220] addi x0,x0,0
Register Write to Reg: 0x00 Val: 0x00000000
[inst #221] addi x0,x0,0
Register Write to Reg: 0x00 Val: 0x00000000
[inst #222] lw x28,0(x31)
Register Write to Reg: 0x1C Val: 0x0000000A
[inst #223] add x31,x10,x30
Register Write to Reg: 0x1F Val: 0x10010008
[inst #224] addi x0,x0,0
Register Write to Reg: 0x00 Val: 0x00000000
[inst #225] sw x28,0(x31)
Memory Write to Addr: 0x10010008 Val: 0x0000000A
[inst #226] addi x5,x5,1
Register Write to Reg: 0x05 Val: 0x00000001
[inst #227] jal x0,-56
Register Write to Reg: 0x00 Val: 0x00400304
[inst #228] bge x5,x18,68
[inst #229] addi x0,x0,0
Register Write to Reg: 0x00 Val: 0x00000000
[inst #230] addi x0,x0,0
Register Write to Reg: 0x00 Val: 0x00000000
[inst #231] slli x30,x5,2
Register Write to Reg: 0x1E Val: 0x00000004
[inst #232] addi x0,x0,0
Register Write to Reg: 0x00 Val: 0x00000000
[inst #233] addi x0,x0,0
Register Write to Reg: 0x00 Val: 0x00000000
[inst #234] add x31,x9,x30
Register Write to Reg: 0x1F Val: 0x10010038
[inst #235] addi x0,x0,0
Register Write to Reg: 0x00 Val: 0x00000000
[inst #236] addi x0,x0,0
Register Write to Reg: 0x00 Val: 0x00000000
[inst #237] lw x28,0(x31)
Register Write to Reg: 0x1C Val: 0x0000000C
[inst #238] add x31,x10,x30
Register Write to Reg: 0x1F Val: 0x1001000C
[inst #239] addi x0,x0,0
Register Write to Reg: 0x00 Val: 0x00000000
[inst #240] sw x28,0(x31)
Memory Write to Addr: 0x1001000C Val: 0x0000000C
[inst #241] addi x5,x5,1
Register Write to Reg: 0x05 Val: 0x00000002
[inst #242] jal x0,-56
Register Write to Reg: 0x00 Val: 0x00400304
[inst #243] bge x5,x18,68
[inst #244] lw x10,12(x2)
Register Write to Reg: 0x0A Val: 0x10010008
[inst #245] lw x11,8(x2)
Register Write to Reg: 0x0B Val: 0x00000002
[inst #246] lw x1,28(x2)
Register Write to Reg: 0x01 Val: 0x004000F8
[inst #247] lw x8,24(x2)
Register Write to Reg: 0x08 Val: 0x10010004
[inst #248] lw x9,20(x2)
Register Write to Reg: 0x09 Val: 0x0000000C
[inst #249] lw x18,16(x2)
Register Write to Reg: 0x12 Val: 0x00000000
[inst #250] addi x0,x0,0
Register Write to Reg: 0x00 Val: 0x00000000
[inst #251] addi x0,x0,0
Register Write to Reg: 0x00 Val: 0x00000000
[inst #252] addi x2,x2,32
Register Write to Reg: 0x02 Val: 0x7FFFFFBC
[inst #253] jalr x0,x1,0
Register Write to Reg: 0x00 Val: 0x00400334
[inst #254] addi x0,x0,0
Register Write to Reg: 0x00 Val: 0x00000000
[inst #255] addi x0,x0,0
Register Write to Reg: 0x00 Val: 0x00000000
[inst #256] lw x1,12(x2)
Register Write to Reg: 0x01 Val: 0x004000DC
[inst #257] addi x0,x0,0
Register Write to Reg: 0x00 Val: 0x00000000
[inst #258] addi x0,x0,0
Register Write to Reg: 0x00 Val: 0x00000000
[inst #259] addi x2,x2,16
Register Write to Reg: 0x02 Val: 0x7FFFFFCC
[inst #260] jalr x0,x1,0
Register Write to Reg: 0x00 Val: 0x00400114
[inst #261] addi x0,x0,0
Register Write to Reg: 0x00 Val: 0x00000000
[inst #262] addi x0,x0,0
Register Write to Reg: 0x00 Val: 0x00000000
[inst #263] lw x10,8(x2)
Register Write to Reg: 0x0A Val: 0x10010004
[inst #264] lw x11,4(x2)
Register Write to Reg: 0x0B Val: 0x00000003
[inst #265] addi x0,x0,0
Register Write to Reg: 0x00 Val: 0x00000000
[inst #266] addi x0,x0,0
Register Write to Reg: 0x00 Val: 0x00000000
[inst #267] jal x1,40
Register Write to Reg: 0x01 Val: 0x004000F8
[inst #268] addi x2,x2,-32
Register Write to Reg: 0x02 Val: 0x7FFFFFAC
[inst #269] sw x1,28(x2)
Memory Write to Addr: 0x7FFFFFC8 Val: 0x004000F8
[inst #270] sw x8,24(x2)
Memory Write to Addr: 0x7FFFFFC4 Val: 0x10010004
[inst #271] sw x9,20(x2)
Memory Write to Addr: 0x7FFFFFC0 Val: 0x0000000C
[inst #272] sw x18,16(x2)
Memory Write to Addr: 0x7FFFFFBC Val: 0x00000000
[inst #273] sw x10,12(x2)
Memory Write to Addr: 0x7FFFFFB8 Val: 0x10010004
[inst #274] sw x11,8(x2)
Memory Write to Addr: 0x7FFFFFB4 Val: 0x00000003
[inst #275] srli x8,x11,1
Register Write to Reg: 0x08 Val: 0x00000001
[inst #276] add x18,x0,x11
Register Write to Reg: 0x12 Val: 0x00000003
[inst #277] auipc x9,64528
Register Write to Reg: 0x09 Val: 0x10010140
[inst #278] sll x0,x0,x0
Register Write to Reg: 0x00 Val: 0x00000000
[inst #279] sll x0,x0,x0
Register Write to Reg: 0x00 Val: 0x00000000
[inst #280] sll x0,x0,x0
Register Write to Reg: 0x00 Val: 0x00000000
[inst #281] addi x9,x9,-268
Register Write to Reg: 0x09 Val: 0x10010034
[inst #282] addi x5,x0,0
Register Write to Reg: 0x05 Val: 0x00000000
[inst #283] add x6,x0,x8
Register Write to Reg: 0x06 Val: 0x00000001
[inst #284] addi x7,x0,0
Register Write to Reg: 0x07 Val: 0x00000000
[inst #285] bge x5,x8,272
[inst #286] addi x0,x0,0
Register Write to Reg: 0x00 Val: 0x00000000
[inst #287] addi x0,x0,0
Register Write to Reg: 0x00 Val: 0x00000000
[inst #288] bge x6,x18,176
[inst #289] addi x0,x0,0
Register Write to Reg: 0x00 Val: 0x00000000
[inst #290] addi x0,x0,0
Register Write to Reg: 0x00 Val: 0x00000000
[inst #291] slli x30,x5,2
Register Write to Reg: 0x1E Val: 0x00000000
[inst #292] addi x0,x0,0
Register Write to Reg: 0x00 Val: 0x00000000
[inst #293] addi x0,x0,0
Register Write to Reg: 0x00 Val: 0x00000000
[inst #294] add x30,x10,x30
Register Write to Reg: 0x1E Val: 0x10010004
[inst #295] addi x0,x0,0
Register Write to Reg: 0x00 Val: 0x00000000
[inst #296] addi x0,x0,0
Register Write to Reg: 0x00 Val: 0x00000000
[inst #297] lw x28,0(x30)
Register Write to Reg: 0x1C Val: 0x00000041
[inst #298] slli x30,x6,2
Register Write to Reg: 0x1E Val: 0x00000004
[inst #299] addi x0,x0,0
Register Write to Reg: 0x00 Val: 0x00000000
[inst #300] add x30,x10,x30
Register Write to Reg: 0x1E Val: 0x10010008
[inst #301] addi x0,x0,0
Register Write to Reg: 0x00 Val: 0x00000000
[inst #302] addi x0,x0,0
Register Write to Reg: 0x00 Val: 0x00000000
[inst #303] lw x29,0(x30)
Register Write to Reg: 0x1D Val: 0x0000000A
[inst #304] addi x0,x0,0
Register Write to Reg: 0x00 Val: 0x00000000
[inst #305] addi x0,x0,0
Register Write to Reg: 0x00 Val: 0x00000000
[inst #306] bge x29,x28,56
[inst #307] addi x0,x0,0
Register Write to Reg: 0x00 Val: 0x00000000
[inst #308] addi x0,x0,0
Register Write to Reg: 0x00 Val: 0x00000000
[inst #309] slli x30,x7,2
Register Write to Reg: 0x1E Val: 0x00000000
[inst #310] addi x0,x0,0
Register Write to Reg: 0x00 Val: 0x00000000
[inst #311] addi x0,x0,0
Register Write to Reg: 0x00 Val: 0x00000000
[inst #312] add x30,x9,x30
Register Write to Reg: 0x1E Val: 0x10010034
[inst #313] addi x0,x0,0
Register Write to Reg: 0x00 Val: 0x00000000
[inst #314] addi x0,x0,0
Register Write to Reg: 0x00 Val: 0x00000000
[inst #315] sw x29,0(x30)
Memory Write to Addr: 0x10010034 Val: 0x0000000A
[inst #316] addi x6,x6,1
Register Write to Reg: 0x06 Val: 0x00000002
[inst #317] jal x0,44
Register Write to Reg: 0x00 Val: 0x004001E4
[inst #318] addi x7,x7,1
Register Write to Reg: 0x07 Val: 0x00000001
[inst #319] jal x0,-176
Register Write to Reg: 0x00 Val: 0x00400214
[inst #320] bge x5,x8,272
[inst #321] addi x0,x0,0
Register Write to Reg: 0x00 Val: 0x00000000
[inst #322] addi x0,x0,0
Register Write to Reg: 0x00 Val: 0x00000000
[inst #323] bge x6,x18,176
[inst #324] addi x0,x0,0
Register Write to Reg: 0x00 Val: 0x00000000
[inst #325] addi x0,x0,0
Register Write to Reg: 0x00 Val: 0x00000000
[inst #326] slli x30,x5,2
Register Write to Reg: 0x1E Val: 0x00000000
[inst #327] addi x0,x0,0
Register Write to Reg: 0x00 Val: 0x00000000
[inst #328] addi x0,x0,0
Register Write to Reg: 0x00 Val: 0x00000000
[inst #329] add x30,x10,x30
Register Write to Reg: 0x1E Val: 0x10010004
[inst #330] addi x0,x0,0
Register Write to Reg: 0x00 Val: 0x00000000
[inst #331] addi x0,x0,0
Register Write to Reg: 0x00 Val: 0x00000000
[inst #332] lw x28,0(x30)
Register Write to Reg: 0x1C Val: 0x00000041
[inst #333] slli x30,x6,2
Register Write to Reg: 0x1E Val: 0x00000008
[inst #334] addi x0,x0,0
Register Write to Reg: 0x00 Val: 0x00000000
[inst #335] add x30,x10,x30
Register Write to Reg: 0x1E Val: 0x1001000C
[inst #336] addi x0,x0,0
Register Write to Reg: 0x00 Val: 0x00000000
[inst #337] addi x0,x0,0
Register Write to Reg: 0x00 Val: 0x00000000
[inst #338] lw x29,0(x30)
Register Write to Reg: 0x1D Val: 0x0000000C
[inst #339] addi x0,x0,0
Register Write to Reg: 0x00 Val: 0x00000000
[inst #340] addi x0,x0,0
Register Write to Reg: 0x00 Val: 0x00000000
[inst #341] bge x29,x28,56
[inst #342] addi x0,x0,0
Register Write to Reg: 0x00 Val: 0x00000000
[inst #343] addi x0,x0,0
Register Write to Reg: 0x00 Val: 0x00000000
[inst #344] slli x30,x7,2
Register Write to Reg: 0x1E Val: 0x00000004
[inst #345] addi x0,x0,0
Register Write to Reg: 0x00 Val: 0x00000000
[inst #346] addi x0,x0,0
Register Write to Reg: 0x00 Val: 0x00000000
[inst #347] add x30,x9,x30
Register Write to Reg: 0x1E Val: 0x10010038
[inst #348] addi x0,x0,0
Register Write to Reg: 0x00 Val: 0x00000000
[inst #349] addi x0,x0,0
Register Write to Reg: 0x00 Val: 0x00000000
[inst #350] sw x29,0(x30)
Memory Write to Addr: 0x10010038 Val: 0x0000000C
[inst #351] addi x6,x6,1
Register Write to Reg: 0x06 Val: 0x00000003
[inst #352] jal x0,44
Register Write to Reg: 0x00 Val: 0x004001E4
[inst #353] addi x7,x7,1
Register Write to Reg: 0x07 Val: 0x00000002
[inst #354] jal x0,-176
Register Write to Reg: 0x00 Val: 0x00400214
[inst #355] bge x5,x8,272
[inst #356] addi x0,x0,0
Register Write to Reg: 0x00 Val: 0x00000000
[inst #357] addi x0,x0,0
Register Write to Reg: 0x00 Val: 0x00000000
[inst #358] bge x6,x18,176
[inst #359] bge x5,x8,168
[inst #360] addi x0,x0,0
Register Write to Reg: 0x00 Val: 0x00000000
[inst #361] addi x0,x0,0
Register Write to Reg: 0x00 Val: 0x00000000
[inst #362] slli x30,x5,2
Register Write to Reg: 0x1E Val: 0x00000000
[inst #363] addi x0,x0,0
Register Write to Reg: 0x00 Val: 0x00000000
[inst #364] addi x0,x0,0
Register Write to Reg: 0x00 Val: 0x00000000
[inst #365] add x30,x10,x30
Register Write to Reg: 0x1E Val: 0x10010004
[inst #366] addi x0,x0,0
Register Write to Reg: 0x00 Val: 0x00000000
[inst #367] addi x0,x0,0
Register Write to Reg: 0x00 Val: 0x00000000
[inst #368] lw x28,0(x30)
Register Write to Reg: 0x1C Val: 0x00000041
[inst #369] slli x30,x7,2
Register Write to Reg: 0x1E Val: 0x00000008
[inst #370] addi x0,x0,0
Register Write to Reg: 0x00 Val: 0x00000000
[inst #371] add x30,x9,x30
Register Write to Reg: 0x1E Val: 0x1001003C
[inst #372] addi x0,x0,0
Register Write to Reg: 0x00 Val: 0x00000000
[inst #373] addi x0,x0,0
Register Write to Reg: 0x00 Val: 0x00000000
[inst #374] sw x28,0(x30)
Memory Write to Addr: 0x1001003C Val: 0x00000041
[inst #375] addi x5,x5,1
Register Write to Reg: 0x05 Val: 0x00000001
[inst #376] addi x7,x7,1
Register Write to Reg: 0x07 Val: 0x00000003
[inst #377] jal x0,-72
Register Write to Reg: 0x00 Val: 0x00400268
[inst #378] bge x5,x8,168
[inst #379] addi x5,x0,0
Register Write to Reg: 0x05 Val: 0x00000000
[inst #380] bge x5,x18,68
[inst #381] addi x0,x0,0
Register Write to Reg: 0x00 Val: 0x00000000
[inst #382] addi x0,x0,0
Register Write to Reg: 0x00 Val: 0x00000000
[inst #383] slli x30,x5,2
Register Write to Reg: 0x1E Val: 0x00000000
[inst #384] addi x0,x0,0
Register Write to Reg: 0x00 Val: 0x00000000
[inst #385] addi x0,x0,0
Register Write to Reg: 0x00 Val: 0x00000000
[inst #386] add x31,x9,x30
Register Write to Reg: 0x1F Val: 0x10010034
[inst #387] addi x0,x0,0
Register Write to Reg: 0x00 Val: 0x00000000
[inst #388] addi x0,x0,0
Register Write to Reg: 0x00 Val: 0x00000000
[inst #389] lw x28,0(x31)
Register Write to Reg: 0x1C Val: 0x0000000A
[inst #390] add x31,x10,x30
Register Write to Reg: 0x1F Val: 0x10010004
[inst #391] addi x0,x0,0
Register Write to Reg: 0x00 Val: 0x00000000
[inst #392] sw x28,0(x31)
Memory Write to Addr: 0x10010004 Val: 0x0000000A
[inst #393] addi x5,x5,1
Register Write to Reg: 0x05 Val: 0x00000001
[inst #394] jal x0,-56
Register Write to Reg: 0x00 Val: 0x00400304
[inst #395] bge x5,x18,68
[inst #396] addi x0,x0,0
Register Write to Reg: 0x00 Val: 0x00000000
[inst #397] addi x0,x0,0
Register Write to Reg: 0x00 Val: 0x00000000
[inst #398] slli x30,x5,2
Register Write to Reg: 0x1E Val: 0x00000004
[inst #399] addi x0,x0,0
Register Write to Reg: 0x00 Val: 0x00000000
[inst #400] addi x0,x0,0
Register Write to Reg: 0x00 Val: 0x00000000
[inst #401] add x31,x9,x30
Register Write to Reg: 0x1F Val: 0x10010038
[inst #402] addi x0,x0,0
Register Write to Reg: 0x00 Val: 0x00000000
[inst #403] addi x0,x0,0
Register Write to Reg: 0x00 Val: 0x00000000
[inst #404] lw x28,0(x31)
Register Write to Reg: 0x1C Val: 0x0000000C
[inst #405] add x31,x10,x30
Register Write to Reg: 0x1F Val: 0x10010008
[inst #406] addi x0,x0,0
Register Write to Reg: 0x00 Val: 0x00000000
[inst #407] sw x28,0(x31)
Memory Write to Addr: 0x10010008 Val: 0x0000000C
[inst #408] addi x5,x5,1
Register Write to Reg: 0x05 Val: 0x00000002
[inst #409] jal x0,-56
Register Write to Reg: 0x00 Val: 0x00400304
[inst #410] bge x5,x18,68
[inst #411] addi x0,x0,0
Register Write to Reg: 0x00 Val: 0x00000000
[inst #412] addi x0,x0,0
Register Write to Reg: 0x00 Val: 0x00000000
[inst #413] slli x30,x5,2
Register Write to Reg: 0x1E Val: 0x00000008
[inst #414] addi x0,x0,0
Register Write to Reg: 0x00 Val: 0x00000000
[inst #415] addi x0,x0,0
Register Write to Reg: 0x00 Val: 0x00000000
[inst #416] add x31,x9,x30
Register Write to Reg: 0x1F Val: 0x1001003C
[inst #417] addi x0,x0,0
Register Write to Reg: 0x00 Val: 0x00000000
[inst #418] addi x0,x0,0
Register Write to Reg: 0x00 Val: 0x00000000
[inst #419] lw x28,0(x31)
Register Write to Reg: 0x1C Val: 0x00000041
[inst #420] add x31,x10,x30
Register Write to Reg: 0x1F Val: 0x1001000C
[inst #421] addi x0,x0,0
Register Write to Reg: 0x00 Val: 0x00000000
[inst #422] sw x28,0(x31)
Memory Write to Addr: 0x1001000C Val: 0x00000041
[inst #423] addi x5,x5,1
Register Write to Reg: 0x05 Val: 0x00000003
[inst #424] jal x0,-56
Register Write to Reg: 0x00 Val: 0x00400304
[inst #425] bge x5,x18,68
[inst #426] lw x10,12(x2)
Register Write to Reg: 0x0A Val: 0x10010004
[inst #427] lw x11,8(x2)
Register Write to Reg: 0x0B Val: 0x00000003
[inst #428] lw x1,28(x2)
Register Write to Reg: 0x01 Val: 0x004000F8
[inst #429] lw x8,24(x2)
Register Write to Reg: 0x08 Val: 0x10010004
[inst #430] lw x9,20(x2)
Register Write to Reg: 0x09 Val: 0x0000000C
[inst #431] lw x18,16(x2)
Register Write to Reg: 0x12 Val: 0x00000000
[inst #432] addi x0,x0,0
Register Write to Reg: 0x00 Val: 0x00000000
[inst #433] addi x0,x0,0
Register Write to Reg: 0x00 Val: 0x00000000
[inst #434] addi x2,x2,32
Register Write to Reg: 0x02 Val: 0x7FFFFFCC
[inst #435] jalr x0,x1,0
Register Write to Reg: 0x00 Val: 0x00400334
[inst #436] addi x0,x0,0
Register Write to Reg: 0x00 Val: 0x00000000
[inst #437] addi x0,x0,0
Register Write to Reg: 0x00 Val: 0x00000000
[inst #438] lw x1,12(x2)
Register Write to Reg: 0x01 Val: 0x00400098
[inst #439] addi x0,x0,0
Register Write to Reg: 0x00 Val: 0x00000000
[inst #440] addi x0,x0,0
Register Write to Reg: 0x00 Val: 0x00000000
[inst #441] addi x2,x2,16
Register Write to Reg: 0x02 Val: 0x7FFFFFDC
[inst #442] jalr x0,x1,0
Register Write to Reg: 0x00 Val: 0x00400114
[inst #443] addi x0,x0,0
Register Write to Reg: 0x00 Val: 0x00000000
[inst #444] addi x0,x0,0
Register Write to Reg: 0x00 Val: 0x00000000
[inst #445] lw x10,8(x2)
Register Write to Reg: 0x0A Val: 0x10010004
[inst #446] lw x11,4(x2)
Register Write to Reg: 0x0B Val: 0x00000006
[inst #447] addi x0,x0,0
Register Write to Reg: 0x00 Val: 0x00000000
[inst #448] addi x0,x0,0
Register Write to Reg: 0x00 Val: 0x00000000
[inst #449] srli x5,x11,1
Register Write to Reg: 0x05 Val: 0x00000003
[inst #450] addi x0,x0,0
Register Write to Reg: 0x00 Val: 0x00000000
[inst #451] addi x0,x0,0
Register Write to Reg: 0x00 Val: 0x00000000
[inst #452] slli x6,x5,2
Register Write to Reg: 0x06 Val: 0x0000000C
[inst #453] addi x0,x0,0
Register Write to Reg: 0x00 Val: 0x00000000
[inst #454] addi x0,x0,0
Register Write to Reg: 0x00 Val: 0x00000000
[inst #455] add x10,x10,x6
Register Write to Reg: 0x0A Val: 0x10010010
[inst #456] sub x11,x11,x5
Register Write to Reg: 0x0B Val: 0x00000003
[inst #457] addi x0,x0,0
Register Write to Reg: 0x00 Val: 0x00000000
[inst #458] addi x0,x0,0
Register Write to Reg: 0x00 Val: 0x00000000
[inst #459] jal x1,-124
Register Write to Reg: 0x01 Val: 0x004000DC
[inst #460] addi x5,x0,1
Register Write to Reg: 0x05 Val: 0x00000001
[inst #461] addi x0,x0,0
Register Write to Reg: 0x00 Val: 0x00000000
[inst #462] addi x0,x0,0
Register Write to Reg: 0x00 Val: 0x00000000
[inst #463] bge x5,x11,168
[inst #464] addi x0,x0,0
Register Write to Reg: 0x00 Val: 0x00000000
[inst #465] addi x0,x0,0
Register Write to Reg: 0x00 Val: 0x00000000
[inst #466] addi x2,x2,-16
Register Write to Reg: 0x02 Val: 0x7FFFFFCC
[inst #467] sw x1,12(x2)
Memory Write to Addr: 0x7FFFFFD8 Val: 0x004000DC
[inst #468] sw x10,8(x2)
Memory Write to Addr: 0x7FFFFFD4 Val: 0x10010010
[inst #469] sw x11,4(x2)
Memory Write to Addr: 0x7FFFFFD0 Val: 0x00000003
[inst #470] srli x5,x11,1
Register Write to Reg: 0x05 Val: 0x00000001
[inst #471] addi x0,x0,0
Register Write to Reg: 0x00 Val: 0x00000000
[inst #472] addi x0,x0,0
Register Write to Reg: 0x00 Val: 0x00000000
[inst #473] add x11,x0,x5
Register Write to Reg: 0x0B Val: 0x00000001
[inst #474] jal x1,-56
Register Write to Reg: 0x01 Val: 0x00400098
[inst #475] addi x5,x0,1
Register Write to Reg: 0x05 Val: 0x00000001
[inst #476] addi x0,x0,0
Register Write to Reg: 0x00 Val: 0x00000000
[inst #477] addi x0,x0,0
Register Write to Reg: 0x00 Val: 0x00000000
[inst #478] bge x5,x11,168
[inst #479] jalr x0,x1,0
Register Write to Reg: 0x00 Val: 0x00400114
[inst #480] addi x0,x0,0
Register Write to Reg: 0x00 Val: 0x00000000
[inst #481] addi x0,x0,0
Register Write to Reg: 0x00 Val: 0x00000000
[inst #482] lw x10,8(x2)
Register Write to Reg: 0x0A Val: 0x10010010
[inst #483] lw x11,4(x2)
Register Write to Reg: 0x0B Val: 0x00000003
[inst #484] addi x0,x0,0
Register Write to Reg: 0x00 Val: 0x00000000
[inst #485] addi x0,x0,0
Register Write to Reg: 0x00 Val: 0x00000000
[inst #486] srli x5,x11,1
Register Write to Reg: 0x05 Val: 0x00000001
[inst #487] addi x0,x0,0
Register Write to Reg: 0x00 Val: 0x00000000
[inst #488] addi x0,x0,0
Register Write to Reg: 0x00 Val: 0x00000000
[inst #489] slli x6,x5,2
Register Write to Reg: 0x06 Val: 0x00000004
[inst #490] addi x0,x0,0
Register Write to Reg: 0x00 Val: 0x00000000
[inst #491] addi x0,x0,0
Register Write to Reg: 0x00 Val: 0x00000000
[inst #492] add x10,x10,x6
Register Write to Reg: 0x0A Val: 0x10010014
[inst #493] sub x11,x11,x5
Register Write to Reg: 0x0B Val: 0x00000002
[inst #494] addi x0,x0,0
Register Write to Reg: 0x00 Val: 0x00000000
[inst #495] addi x0,x0,0
Register Write to Reg: 0x00 Val: 0x00000000
[inst #496] jal x1,-124
Register Write to Reg: 0x01 Val: 0x004000DC
[inst #497] addi x5,x0,1
Register Write to Reg: 0x05 Val: 0x00000001
[inst #498] addi x0,x0,0
Register Write to Reg: 0x00 Val: 0x00000000
[inst #499] addi x0,x0,0
Register Write to Reg: 0x00 Val: 0x00000000
[inst #500] bge x5,x11,168
[inst #501] addi x0,x0,0
Register Write to Reg: 0x00 Val: 0x00000000
[inst #502] addi x0,x0,0
Register Write to Reg: 0x00 Val: 0x00000000
[inst #503] addi x2,x2,-16
Register Write to Reg: 0x02 Val: 0x7FFFFFBC
[inst #504] sw x1,12(x2)
Memory Write to Addr: 0x7FFFFFC8 Val: 0x004000DC
[inst #505] sw x10,8(x2)
Memory Write to Addr: 0x7FFFFFC4 Val: 0x10010014
[inst #506] sw x11,4(x2)
Memory Write to Addr: 0x7FFFFFC0 Val: 0x00000002
[inst #507] srli x5,x11,1
Register Write to Reg: 0x05 Val: 0x00000001
[inst #508] addi x0,x0,0
Register Write to Reg: 0x00 Val: 0x00000000
[inst #509] addi x0,x0,0
Register Write to Reg: 0x00 Val: 0x00000000
[inst #510] add x11,x0,x5
Register Write to Reg: 0x0B Val: 0x00000001
[inst #511] jal x1,-56
Register Write to Reg: 0x01 Val: 0x00400098
[inst #512] addi x5,x0,1
Register Write to Reg: 0x05 Val: 0x00000001
[inst #513] addi x0,x0,0
Register Write to Reg: 0x00 Val: 0x00000000
[inst #514] addi x0,x0,0
Register Write to Reg: 0x00 Val: 0x00000000
[inst #515] bge x5,x11,168
[inst #516] jalr x0,x1,0
Register Write to Reg: 0x00 Val: 0x00400114
[inst #517] addi x0,x0,0
Register Write to Reg: 0x00 Val: 0x00000000
[inst #518] addi x0,x0,0
Register Write to Reg: 0x00 Val: 0x00000000
[inst #519] lw x10,8(x2)
Register Write to Reg: 0x0A Val: 0x10010014
[inst #520] lw x11,4(x2)
Register Write to Reg: 0x0B Val: 0x00000002
[inst #521] addi x0,x0,0
Register Write to Reg: 0x00 Val: 0x00000000
[inst #522] addi x0,x0,0
Register Write to Reg: 0x00 Val: 0x00000000
[inst #523] srli x5,x11,1
Register Write to Reg: 0x05 Val: 0x00000001
[inst #524] addi x0,x0,0
Register Write to Reg: 0x00 Val: 0x00000000
[inst #525] addi x0,x0,0
Register Write to Reg: 0x00 Val: 0x00000000
[inst #526] slli x6,x5,2
Register Write to Reg: 0x06 Val: 0x00000004
[inst #527] addi x0,x0,0
Register Write to Reg: 0x00 Val: 0x00000000
[inst #528] addi x0,x0,0
Register Write to Reg: 0x00 Val: 0x00000000
[inst #529] add x10,x10,x6
Register Write to Reg: 0x0A Val: 0x10010018
[inst #530] sub x11,x11,x5
Register Write to Reg: 0x0B Val: 0x00000001
[inst #531] addi x0,x0,0
Register Write to Reg: 0x00 Val: 0x00000000
[inst #532] addi x0,x0,0
Register Write to Reg: 0x00 Val: 0x00000000
[inst #533] jal x1,-124
Register Write to Reg: 0x01 Val: 0x004000DC
[inst #534] addi x5,x0,1
Register Write to Reg: 0x05 Val: 0x00000001
[inst #535] addi x0,x0,0
Register Write to Reg: 0x00 Val: 0x00000000
[inst #536] addi x0,x0,0
Register Write to Reg: 0x00 Val: 0x00000000
[inst #537] bge x5,x11,168
[inst #538] jalr x0,x1,0
Register Write to Reg: 0x00 Val: 0x00400114
[inst #539] addi x0,x0,0
Register Write to Reg: 0x00 Val: 0x00000000
[inst #540] addi x0,x0,0
Register Write to Reg: 0x00 Val: 0x00000000
[inst #541] lw x10,8(x2)
Register Write to Reg: 0x0A Val: 0x10010014
[inst #542] lw x11,4(x2)
Register Write to Reg: 0x0B Val: 0x00000002
[inst #543] addi x0,x0,0
Register Write to Reg: 0x00 Val: 0x00000000
[inst #544] addi x0,x0,0
Register Write to Reg: 0x00 Val: 0x00000000
[inst #545] jal x1,40
Register Write to Reg: 0x01 Val: 0x004000F8
[inst #546] addi x2,x2,-32
Register Write to Reg: 0x02 Val: 0x7FFFFF9C
[inst #547] sw x1,28(x2)
Memory Write to Addr: 0x7FFFFFB8 Val: 0x004000F8
[inst #548] sw x8,24(x2)
Memory Write to Addr: 0x7FFFFFB4 Val: 0x10010004
[inst #549] sw x9,20(x2)
Memory Write to Addr: 0x7FFFFFB0 Val: 0x0000000C
[inst #550] sw x18,16(x2)
Memory Write to Addr: 0x7FFFFFAC Val: 0x00000000
[inst #551] sw x10,12(x2)
Memory Write to Addr: 0x7FFFFFA8 Val: 0x10010014
[inst #552] sw x11,8(x2)
Memory Write to Addr: 0x7FFFFFA4 Val: 0x00000002
[inst #553] srli x8,x11,1
Register Write to Reg: 0x08 Val: 0x00000001
[inst #554] add x18,x0,x11
Register Write to Reg: 0x12 Val: 0x00000002
[inst #555] auipc x9,64528
Register Write to Reg: 0x09 Val: 0x10010140
[inst #556] sll x0,x0,x0
Register Write to Reg: 0x00 Val: 0x00000000
[inst #557] sll x0,x0,x0
Register Write to Reg: 0x00 Val: 0x00000000
[inst #558] sll x0,x0,x0
Register Write to Reg: 0x00 Val: 0x00000000
[inst #559] addi x9,x9,-268
Register Write to Reg: 0x09 Val: 0x10010034
[inst #560] addi x5,x0,0
Register Write to Reg: 0x05 Val: 0x00000000
[inst #561] add x6,x0,x8
Register Write to Reg: 0x06 Val: 0x00000001
[inst #562] addi x7,x0,0
Register Write to Reg: 0x07 Val: 0x00000000
[inst #563] bge x5,x8,272
[inst #564] addi x0,x0,0
Register Write to Reg: 0x00 Val: 0x00000000
[inst #565] addi x0,x0,0
Register Write to Reg: 0x00 Val: 0x00000000
[inst #566] bge x6,x18,176
[inst #567] addi x0,x0,0
Register Write to Reg: 0x00 Val: 0x00000000
[inst #568] addi x0,x0,0
Register Write to Reg: 0x00 Val: 0x00000000
[inst #569] slli x30,x5,2
Register Write to Reg: 0x1E Val: 0x00000000
[inst #570] addi x0,x0,0
Register Write to Reg: 0x00 Val: 0x00000000
[inst #571] addi x0,x0,0
Register Write to Reg: 0x00 Val: 0x00000000
[inst #572] add x30,x10,x30
Register Write to Reg: 0x1E Val: 0x10010014
[inst #573] addi x0,x0,0
Register Write to Reg: 0x00 Val: 0x00000000
[inst #574] addi x0,x0,0
Register Write to Reg: 0x00 Val: 0x00000000
[inst #575] lw x28,0(x30)
Register Write to Reg: 0x1C Val: 0x0000000B
[inst #576] slli x30,x6,2
Register Write to Reg: 0x1E Val: 0x00000004
[inst #577] addi x0,x0,0
Register Write to Reg: 0x00 Val: 0x00000000
[inst #578] add x30,x10,x30
Register Write to Reg: 0x1E Val: 0x10010018
[inst #579] addi x0,x0,0
Register Write to Reg: 0x00 Val: 0x00000000
[inst #580] addi x0,x0,0
Register Write to Reg: 0x00 Val: 0x00000000
[inst #581] lw x29,0(x30)
Register Write to Reg: 0x1D Val: 0x00000046
[inst #582] addi x0,x0,0
Register Write to Reg: 0x00 Val: 0x00000000
[inst #583] addi x0,x0,0
Register Write to Reg: 0x00 Val: 0x00000000
[inst #584] bge x29,x28,56
[inst #585] slli x30,x7,2
Register Write to Reg: 0x1E Val: 0x00000000
[inst #586] addi x0,x0,0
Register Write to Reg: 0x00 Val: 0x00000000
[inst #587] addi x0,x0,0
Register Write to Reg: 0x00 Val: 0x00000000
[inst #588] add x30,x9,x30
Register Write to Reg: 0x1E Val: 0x10010034
[inst #589] addi x0,x0,0
Register Write to Reg: 0x00 Val: 0x00000000
[inst #590] addi x0,x0,0
Register Write to Reg: 0x00 Val: 0x00000000
[inst #591] sw x28,0(x30)
Memory Write to Addr: 0x10010034 Val: 0x0000000B
[inst #592] addi x5,x5,1
Register Write to Reg: 0x05 Val: 0x00000001
[inst #593] addi x7,x7,1
Register Write to Reg: 0x07 Val: 0x00000001
[inst #594] jal x0,-176
Register Write to Reg: 0x00 Val: 0x00400214
[inst #595] bge x5,x8,272
[inst #596] bge x6,x18,84
[inst #597] addi x0,x0,0
Register Write to Reg: 0x00 Val: 0x00000000
[inst #598] addi x0,x0,0
Register Write to Reg: 0x00 Val: 0x00000000
[inst #599] slli x30,x6,2
Register Write to Reg: 0x1E Val: 0x00000004
[inst #600] addi x0,x0,0
Register Write to Reg: 0x00 Val: 0x00000000
[inst #601] addi x0,x0,0
Register Write to Reg: 0x00 Val: 0x00000000
[inst #602] add x30,x10,x30
Register Write to Reg: 0x1E Val: 0x10010018
[inst #603] addi x0,x0,0
Register Write to Reg: 0x00 Val: 0x00000000
[inst #604] addi x0,x0,0
Register Write to Reg: 0x00 Val: 0x00000000
[inst #605] lw x28,0(x30)
Register Write to Reg: 0x1C Val: 0x00000046
[inst #606] slli x30,x7,2
Register Write to Reg: 0x1E Val: 0x00000004
[inst #607] addi x0,x0,0
Register Write to Reg: 0x00 Val: 0x00000000
[inst #608] add x30,x9,x30
Register Write to Reg: 0x1E Val: 0x10010038
[inst #609] addi x0,x0,0
Register Write to Reg: 0x00 Val: 0x00000000
[inst #610] addi x0,x0,0
Register Write to Reg: 0x00 Val: 0x00000000
[inst #611] sw x28,0(x30)
Memory Write to Addr: 0x10010038 Val: 0x00000046
[inst #612] addi x6,x6,1
Register Write to Reg: 0x06 Val: 0x00000002
[inst #613] addi x7,x7,1
Register Write to Reg: 0x07 Val: 0x00000002
[inst #614] jal x0,-72
Register Write to Reg: 0x00 Val: 0x004002BC
[inst #615] bge x6,x18,84
[inst #616] addi x5,x0,0
Register Write to Reg: 0x05 Val: 0x00000000
[inst #617] bge x5,x18,68
[inst #618] addi x0,x0,0
Register Write to Reg: 0x00 Val: 0x00000000
[inst #619] addi x0,x0,0
Register Write to Reg: 0x00 Val: 0x00000000
[inst #620] slli x30,x5,2
Register Write to Reg: 0x1E Val: 0x00000000
[inst #621] addi x0,x0,0
Register Write to Reg: 0x00 Val: 0x00000000
[inst #622] addi x0,x0,0
Register Write to Reg: 0x00 Val: 0x00000000
[inst #623] add x31,x9,x30
Register Write to Reg: 0x1F Val: 0x10010034
[inst #624] addi x0,x0,0
Register Write to Reg: 0x00 Val: 0x00000000
[inst #625] addi x0,x0,0
Register Write to Reg: 0x00 Val: 0x00000000
[inst #626] lw x28,0(x31)
Register Write to Reg: 0x1C Val: 0x0000000B
[inst #627] add x31,x10,x30
Register Write to Reg: 0x1F Val: 0x10010014
[inst #628] addi x0,x0,0
Register Write to Reg: 0x00 Val: 0x00000000
[inst #629] sw x28,0(x31)
Memory Write to Addr: 0x10010014 Val: 0x0000000B
[inst #630] addi x5,x5,1
Register Write to Reg: 0x05 Val: 0x00000001
[inst #631] jal x0,-56
Register Write to Reg: 0x00 Val: 0x00400304
[inst #632] bge x5,x18,68
[inst #633] addi x0,x0,0
Register Write to Reg: 0x00 Val: 0x00000000
[inst #634] addi x0,x0,0
Register Write to Reg: 0x00 Val: 0x00000000
[inst #635] slli x30,x5,2
Register Write to Reg: 0x1E Val: 0x00000004
[inst #636] addi x0,x0,0
Register Write to Reg: 0x00 Val: 0x00000000
[inst #637] addi x0,x0,0
Register Write to Reg: 0x00 Val: 0x00000000
[inst #638] add x31,x9,x30
Register Write to Reg: 0x1F Val: 0x10010038
[inst #639] addi x0,x0,0
Register Write to Reg: 0x00 Val: 0x00000000
[inst #640] addi x0,x0,0
Register Write to Reg: 0x00 Val: 0x00000000
[inst #641] lw x28,0(x31)
Register Write to Reg: 0x1C Val: 0x00000046
[inst #642] add x31,x10,x30
Register Write to Reg: 0x1F Val: 0x10010018
[inst #643] addi x0,x0,0
Register Write to Reg: 0x00 Val: 0x00000000
[inst #644] sw x28,0(x31)
Memory Write to Addr: 0x10010018 Val: 0x00000046
[inst #645] addi x5,x5,1
Register Write to Reg: 0x05 Val: 0x00000002
[inst #646] jal x0,-56
Register Write to Reg: 0x00 Val: 0x00400304
[inst #647] bge x5,x18,68
[inst #648] lw x10,12(x2)
Register Write to Reg: 0x0A Val: 0x10010014
[inst #649] lw x11,8(x2)
Register Write to Reg: 0x0B Val: 0x00000002
[inst #650] lw x1,28(x2)
Register Write to Reg: 0x01 Val: 0x004000F8
[inst #651] lw x8,24(x2)
Register Write to Reg: 0x08 Val: 0x10010004
[inst #652] lw x9,20(x2)
Register Write to Reg: 0x09 Val: 0x0000000C
[inst #653] lw x18,16(x2)
Register Write to Reg: 0x12 Val: 0x00000000
[inst #654] addi x0,x0,0
Register Write to Reg: 0x00 Val: 0x00000000
[inst #655] addi x0,x0,0
Register Write to Reg: 0x00 Val: 0x00000000
[inst #656] addi x2,x2,32
Register Write to Reg: 0x02 Val: 0x7FFFFFBC
[inst #657] jalr x0,x1,0
Register Write to Reg: 0x00 Val: 0x00400334
[inst #658] addi x0,x0,0
Register Write to Reg: 0x00 Val: 0x00000000
[inst #659] addi x0,x0,0
Register Write to Reg: 0x00 Val: 0x00000000
[inst #660] lw x1,12(x2)
Register Write to Reg: 0x01 Val: 0x004000DC
[inst #661] addi x0,x0,0
Register Write to Reg: 0x00 Val: 0x00000000
[inst #662] addi x0,x0,0
Register Write to Reg: 0x00 Val: 0x00000000
[inst #663] addi x2,x2,16
Register Write to Reg: 0x02 Val: 0x7FFFFFCC
[inst #664] jalr x0,x1,0
Register Write to Reg: 0x00 Val: 0x00400114
[inst #665] addi x0,x0,0
Register Write to Reg: 0x00 Val: 0x00000000
[inst #666] addi x0,x0,0
Register Write to Reg: 0x00 Val: 0x00000000
[inst #667] lw x10,8(x2)
Register Write to Reg: 0x0A Val: 0x10010010
[inst #668] lw x11,4(x2)
Register Write to Reg: 0x0B Val: 0x00000003
[inst #669] addi x0,x0,0
Register Write to Reg: 0x00 Val: 0x00000000
[inst #670] addi x0,x0,0
Register Write to Reg: 0x00 Val: 0x00000000
[inst #671] jal x1,40
Register Write to Reg: 0x01 Val: 0x004000F8
[inst #672] addi x2,x2,-32
Register Write to Reg: 0x02 Val: 0x7FFFFFAC
[inst #673] sw x1,28(x2)
Memory Write to Addr: 0x7FFFFFC8 Val: 0x004000F8
[inst #674] sw x8,24(x2)
Memory Write to Addr: 0x7FFFFFC4 Val: 0x10010004
[inst #675] sw x9,20(x2)
Memory Write to Addr: 0x7FFFFFC0 Val: 0x0000000C
[inst #676] sw x18,16(x2)
Memory Write to Addr: 0x7FFFFFBC Val: 0x00000000
[inst #677] sw x10,12(x2)
Memory Write to Addr: 0x7FFFFFB8 Val: 0x10010010
[inst #678] sw x11,8(x2)
Memory Write to Addr: 0x7FFFFFB4 Val: 0x00000003
[inst #679] srli x8,x11,1
Register Write to Reg: 0x08 Val: 0x00000001
[inst #680] add x18,x0,x11
Register Write to Reg: 0x12 Val: 0x00000003
[inst #681] auipc x9,64528
Register Write to Reg: 0x09 Val: 0x10010140
[inst #682] sll x0,x0,x0
Register Write to Reg: 0x00 Val: 0x00000000
[inst #683] sll x0,x0,x0
Register Write to Reg: 0x00 Val: 0x00000000
[inst #684] sll x0,x0,x0
Register Write to Reg: 0x00 Val: 0x00000000
[inst #685] addi x9,x9,-268
Register Write to Reg: 0x09 Val: 0x10010034
[inst #686] addi x5,x0,0
Register Write to Reg: 0x05 Val: 0x00000000
[inst #687] add x6,x0,x8
Register Write to Reg: 0x06 Val: 0x00000001
[inst #688] addi x7,x0,0
Register Write to Reg: 0x07 Val: 0x00000000
[inst #689] bge x5,x8,272
[inst #690] addi x0,x0,0
Register Write to Reg: 0x00 Val: 0x00000000
[inst #691] addi x0,x0,0
Register Write to Reg: 0x00 Val: 0x00000000
[inst #692] bge x6,x18,176
[inst #693] addi x0,x0,0
Register Write to Reg: 0x00 Val: 0x00000000
[inst #694] addi x0,x0,0
Register Write to Reg: 0x00 Val: 0x00000000
[inst #695] slli x30,x5,2
Register Write to Reg: 0x1E Val: 0x00000000
[inst #696] addi x0,x0,0
Register Write to Reg: 0x00 Val: 0x00000000
[inst #697] addi x0,x0,0
Register Write to Reg: 0x00 Val: 0x00000000
[inst #698] add x30,x10,x30
Register Write to Reg: 0x1E Val: 0x10010010
[inst #699] addi x0,x0,0
Register Write to Reg: 0x00 Val: 0x00000000
[inst #700] addi x0,x0,0
Register Write to Reg: 0x00 Val: 0x00000000
[inst #701] lw x28,0(x30)
Register Write to Reg: 0x1C Val: 0x00000059
[inst #702] slli x30,x6,2
Register Write to Reg: 0x1E Val: 0x00000004
[inst #703] addi x0,x0,0
Register Write to Reg: 0x00 Val: 0x00000000
[inst #704] add x30,x10,x30
Register Write to Reg: 0x1E Val: 0x10010014
[inst #705] addi x0,x0,0
Register Write to Reg: 0x00 Val: 0x00000000
[inst #706] addi x0,x0,0
Register Write to Reg: 0x00 Val: 0x00000000
[inst #707] lw x29,0(x30)
Register Write to Reg: 0x1D Val: 0x0000000B
[inst #708] addi x0,x0,0
Register Write to Reg: 0x00 Val: 0x00000000
[inst #709] addi x0,x0,0
Register Write to Reg: 0x00 Val: 0x00000000
[inst #710] bge x29,x28,56
[inst #711] addi x0,x0,0
Register Write to Reg: 0x00 Val: 0x00000000
[inst #712] addi x0,x0,0
Register Write to Reg: 0x00 Val: 0x00000000
[inst #713] slli x30,x7,2
Register Write to Reg: 0x1E Val: 0x00000000
[inst #714] addi x0,x0,0
Register Write to Reg: 0x00 Val: 0x00000000
[inst #715] addi x0,x0,0
Register Write to Reg: 0x00 Val: 0x00000000
[inst #716] add x30,x9,x30
Register Write to Reg: 0x1E Val: 0x10010034
[inst #717] addi x0,x0,0
Register Write to Reg: 0x00 Val: 0x00000000
[inst #718] addi x0,x0,0
Register Write to Reg: 0x00 Val: 0x00000000
[inst #719] sw x29,0(x30)
Memory Write to Addr: 0x10010034 Val: 0x0000000B
[inst #720] addi x6,x6,1
Register Write to Reg: 0x06 Val: 0x00000002
[inst #721] jal x0,44
Register Write to Reg: 0x00 Val: 0x004001E4
[inst #722] addi x7,x7,1
Register Write to Reg: 0x07 Val: 0x00000001
[inst #723] jal x0,-176
Register Write to Reg: 0x00 Val: 0x00400214
[inst #724] bge x5,x8,272
[inst #725] addi x0,x0,0
Register Write to Reg: 0x00 Val: 0x00000000
[inst #726] addi x0,x0,0
Register Write to Reg: 0x00 Val: 0x00000000
[inst #727] bge x6,x18,176
[inst #728] addi x0,x0,0
Register Write to Reg: 0x00 Val: 0x00000000
[inst #729] addi x0,x0,0
Register Write to Reg: 0x00 Val: 0x00000000
[inst #730] slli x30,x5,2
Register Write to Reg: 0x1E Val: 0x00000000
[inst #731] addi x0,x0,0
Register Write to Reg: 0x00 Val: 0x00000000
[inst #732] addi x0,x0,0
Register Write to Reg: 0x00 Val: 0x00000000
[inst #733] add x30,x10,x30
Register Write to Reg: 0x1E Val: 0x10010010
[inst #734] addi x0,x0,0
Register Write to Reg: 0x00 Val: 0x00000000
[inst #735] addi x0,x0,0
Register Write to Reg: 0x00 Val: 0x00000000
[inst #736] lw x28,0(x30)
Register Write to Reg: 0x1C Val: 0x00000059
[inst #737] slli x30,x6,2
Register Write to Reg: 0x1E Val: 0x00000008
[inst #738] addi x0,x0,0
Register Write to Reg: 0x00 Val: 0x00000000
[inst #739] add x30,x10,x30
Register Write to Reg: 0x1E Val: 0x10010018
[inst #740] addi x0,x0,0
Register Write to Reg: 0x00 Val: 0x00000000
[inst #741] addi x0,x0,0
Register Write to Reg: 0x00 Val: 0x00000000
[inst #742] lw x29,0(x30)
Register Write to Reg: 0x1D Val: 0x00000046
[inst #743] addi x0,x0,0
Register Write to Reg: 0x00 Val: 0x00000000
[inst #744] addi x0,x0,0
Register Write to Reg: 0x00 Val: 0x00000000
[inst #745] bge x29,x28,56
[inst #746] addi x0,x0,0
Register Write to Reg: 0x00 Val: 0x00000000
[inst #747] addi x0,x0,0
Register Write to Reg: 0x00 Val: 0x00000000
[inst #748] slli x30,x7,2
Register Write to Reg: 0x1E Val: 0x00000004
[inst #749] addi x0,x0,0
Register Write to Reg: 0x00 Val: 0x00000000
[inst #750] addi x0,x0,0
Register Write to Reg: 0x00 Val: 0x00000000
[inst #751] add x30,x9,x30
Register Write to Reg: 0x1E Val: 0x10010038
[inst #752] addi x0,x0,0
Register Write to Reg: 0x00 Val: 0x00000000
[inst #753] addi x0,x0,0
Register Write to Reg: 0x00 Val: 0x00000000
[inst #754] sw x29,0(x30)
Memory Write to Addr: 0x10010038 Val: 0x00000046
[inst #755] addi x6,x6,1
Register Write to Reg: 0x06 Val: 0x00000003
[inst #756] jal x0,44
Register Write to Reg: 0x00 Val: 0x004001E4
[inst #757] addi x7,x7,1
Register Write to Reg: 0x07 Val: 0x00000002
[inst #758] jal x0,-176
Register Write to Reg: 0x00 Val: 0x00400214
[inst #759] bge x5,x8,272
[inst #760] addi x0,x0,0
Register Write to Reg: 0x00 Val: 0x00000000
[inst #761] addi x0,x0,0
Register Write to Reg: 0x00 Val: 0x00000000
[inst #762] bge x6,x18,176
[inst #763] bge x5,x8,168
[inst #764] addi x0,x0,0
Register Write to Reg: 0x00 Val: 0x00000000
[inst #765] addi x0,x0,0
Register Write to Reg: 0x00 Val: 0x00000000
[inst #766] slli x30,x5,2
Register Write to Reg: 0x1E Val: 0x00000000
[inst #767] addi x0,x0,0
Register Write to Reg: 0x00 Val: 0x00000000
[inst #768] addi x0,x0,0
Register Write to Reg: 0x00 Val: 0x00000000
[inst #769] add x30,x10,x30
Register Write to Reg: 0x1E Val: 0x10010010
[inst #770] addi x0,x0,0
Register Write to Reg: 0x00 Val: 0x00000000
[inst #771] addi x0,x0,0
Register Write to Reg: 0x00 Val: 0x00000000
[inst #772] lw x28,0(x30)
Register Write to Reg: 0x1C Val: 0x00000059
[inst #773] slli x30,x7,2
Register Write to Reg: 0x1E Val: 0x00000008
[inst #774] addi x0,x0,0
Register Write to Reg: 0x00 Val: 0x00000000
[inst #775] add x30,x9,x30
Register Write to Reg: 0x1E Val: 0x1001003C
[inst #776] addi x0,x0,0
Register Write to Reg: 0x00 Val: 0x00000000
[inst #777] addi x0,x0,0
Register Write to Reg: 0x00 Val: 0x00000000
[inst #778] sw x28,0(x30)
Memory Write to Addr: 0x1001003C Val: 0x00000059
[inst #779] addi x5,x5,1
Register Write to Reg: 0x05 Val: 0x00000001
[inst #780] addi x7,x7,1
Register Write to Reg: 0x07 Val: 0x00000003
[inst #781] jal x0,-72
Register Write to Reg: 0x00 Val: 0x00400268
[inst #782] bge x5,x8,168
[inst #783] addi x5,x0,0
Register Write to Reg: 0x05 Val: 0x00000000
[inst #784] bge x5,x18,68
[inst #785] addi x0,x0,0
Register Write to Reg: 0x00 Val: 0x00000000
[inst #786] addi x0,x0,0
Register Write to Reg: 0x00 Val: 0x00000000
[inst #787] slli x30,x5,2
Register Write to Reg: 0x1E Val: 0x00000000
[inst #788] addi x0,x0,0
Register Write to Reg: 0x00 Val: 0x00000000
[inst #789] addi x0,x0,0
Register Write to Reg: 0x00 Val: 0x00000000
[inst #790] add x31,x9,x30
Register Write to Reg: 0x1F Val: 0x10010034
[inst #791] addi x0,x0,0
Register Write to Reg: 0x00 Val: 0x00000000
[inst #792] addi x0,x0,0
Register Write to Reg: 0x00 Val: 0x00000000
[inst #793] lw x28,0(x31)
Register Write to Reg: 0x1C Val: 0x0000000B
[inst #794] add x31,x10,x30
Register Write to Reg: 0x1F Val: 0x10010010
[inst #795] addi x0,x0,0
Register Write to Reg: 0x00 Val: 0x00000000
[inst #796] sw x28,0(x31)
Memory Write to Addr: 0x10010010 Val: 0x0000000B
[inst #797] addi x5,x5,1
Register Write to Reg: 0x05 Val: 0x00000001
[inst #798] jal x0,-56
Register Write to Reg: 0x00 Val: 0x00400304
[inst #799] bge x5,x18,68
[inst #800] addi x0,x0,0
Register Write to Reg: 0x00 Val: 0x00000000
[inst #801] addi x0,x0,0
Register Write to Reg: 0x00 Val: 0x00000000
[inst #802] slli x30,x5,2
Register Write to Reg: 0x1E Val: 0x00000004
[inst #803] addi x0,x0,0
Register Write to Reg: 0x00 Val: 0x00000000
[inst #804] addi x0,x0,0
Register Write to Reg: 0x00 Val: 0x00000000
[inst #805] add x31,x9,x30
Register Write to Reg: 0x1F Val: 0x10010038
[inst #806] addi x0,x0,0
Register Write to Reg: 0x00 Val: 0x00000000
[inst #807] addi x0,x0,0
Register Write to Reg: 0x00 Val: 0x00000000
[inst #808] lw x28,0(x31)
Register Write to Reg: 0x1C Val: 0x00000046
[inst #809] add x31,x10,x30
Register Write to Reg: 0x1F Val: 0x10010014
[inst #810] addi x0,x0,0
Register Write to Reg: 0x00 Val: 0x00000000
[inst #811] sw x28,0(x31)
Memory Write to Addr: 0x10010014 Val: 0x00000046
[inst #812] addi x5,x5,1
Register Write to Reg: 0x05 Val: 0x00000002
[inst #813] jal x0,-56
Register Write to Reg: 0x00 Val: 0x00400304
[inst #814] bge x5,x18,68
[inst #815] addi x0,x0,0
Register Write to Reg: 0x00 Val: 0x00000000
[inst #816] addi x0,x0,0
Register Write to Reg: 0x00 Val: 0x00000000
[inst #817] slli x30,x5,2
Register Write to Reg: 0x1E Val: 0x00000008
[inst #818] addi x0,x0,0
Register Write to Reg: 0x00 Val: 0x00000000
[inst #819] addi x0,x0,0
Register Write to Reg: 0x00 Val: 0x00000000
[inst #820] add x31,x9,x30
Register Write to Reg: 0x1F Val: 0x1001003C
[inst #821] addi x0,x0,0
Register Write to Reg: 0x00 Val: 0x00000000
[inst #822] addi x0,x0,0
Register Write to Reg: 0x00 Val: 0x00000000
[inst #823] lw x28,0(x31)
Register Write to Reg: 0x1C Val: 0x00000059
[inst #824] add x31,x10,x30
Register Write to Reg: 0x1F Val: 0x10010018
[inst #825] addi x0,x0,0
Register Write to Reg: 0x00 Val: 0x00000000
[inst #826] sw x28,0(x31)
Memory Write to Addr: 0x10010018 Val: 0x00000059
[inst #827] addi x5,x5,1
Register Write to Reg: 0x05 Val: 0x00000003
[inst #828] jal x0,-56
Register Write to Reg: 0x00 Val: 0x00400304
[inst #829] bge x5,x18,68
[inst #830] lw x10,12(x2)
Register Write to Reg: 0x0A Val: 0x10010010
[inst #831] lw x11,8(x2)
Register Write to Reg: 0x0B Val: 0x00000003
[inst #832] lw x1,28(x2)
Register Write to Reg: 0x01 Val: 0x004000F8
[inst #833] lw x8,24(x2)
Register Write to Reg: 0x08 Val: 0x10010004
[inst #834] lw x9,20(x2)
Register Write to Reg: 0x09 Val: 0x0000000C
[inst #835] lw x18,16(x2)
Register Write to Reg: 0x12 Val: 0x00000000
[inst #836] addi x0,x0,0
Register Write to Reg: 0x00 Val: 0x00000000
[inst #837] addi x0,x0,0
Register Write to Reg: 0x00 Val: 0x00000000
[inst #838] addi x2,x2,32
Register Write to Reg: 0x02 Val: 0x7FFFFFCC
[inst #839] jalr x0,x1,0
Register Write to Reg: 0x00 Val: 0x00400334
[inst #840] addi x0,x0,0
Register Write to Reg: 0x00 Val: 0x00000000
[inst #841] addi x0,x0,0
Register Write to Reg: 0x00 Val: 0x00000000
[inst #842] lw x1,12(x2)
Register Write to Reg: 0x01 Val: 0x004000DC
[inst #843] addi x0,x0,0
Register Write to Reg: 0x00 Val: 0x00000000
[inst #844] addi x0,x0,0
Register Write to Reg: 0x00 Val: 0x00000000
[inst #845] addi x2,x2,16
Register Write to Reg: 0x02 Val: 0x7FFFFFDC
[inst #846] jalr x0,x1,0
Register Write to Reg: 0x00 Val: 0x00400114
[inst #847] addi x0,x0,0
Register Write to Reg: 0x00 Val: 0x00000000
[inst #848] addi x0,x0,0
Register Write to Reg: 0x00 Val: 0x00000000
[inst #849] lw x10,8(x2)
Register Write to Reg: 0x0A Val: 0x10010004
[inst #850] lw x11,4(x2)
Register Write to Reg: 0x0B Val: 0x00000006
[inst #851] addi x0,x0,0
Register Write to Reg: 0x00 Val: 0x00000000
[inst #852] addi x0,x0,0
Register Write to Reg: 0x00 Val: 0x00000000
[inst #853] jal x1,40
Register Write to Reg: 0x01 Val: 0x004000F8
[inst #854] addi x2,x2,-32
Register Write to Reg: 0x02 Val: 0x7FFFFFBC
[inst #855] sw x1,28(x2)
Memory Write to Addr: 0x7FFFFFD8 Val: 0x004000F8
[inst #856] sw x8,24(x2)
Memory Write to Addr: 0x7FFFFFD4 Val: 0x10010004
[inst #857] sw x9,20(x2)
Memory Write to Addr: 0x7FFFFFD0 Val: 0x0000000C
[inst #858] sw x18,16(x2)
Memory Write to Addr: 0x7FFFFFCC Val: 0x00000000
[inst #859] sw x10,12(x2)
Memory Write to Addr: 0x7FFFFFC8 Val: 0x10010004
[inst #860] sw x11,8(x2)
Memory Write to Addr: 0x7FFFFFC4 Val: 0x00000006
[inst #861] srli x8,x11,1
Register Write to Reg: 0x08 Val: 0x00000003
[inst #862] add x18,x0,x11
Register Write to Reg: 0x12 Val: 0x00000006
[inst #863] auipc x9,64528
Register Write to Reg: 0x09 Val: 0x10010140
[inst #864] sll x0,x0,x0
Register Write to Reg: 0x00 Val: 0x00000000
[inst #865] sll x0,x0,x0
Register Write to Reg: 0x00 Val: 0x00000000
[inst #866] sll x0,x0,x0
Register Write to Reg: 0x00 Val: 0x00000000
[inst #867] addi x9,x9,-268
Register Write to Reg: 0x09 Val: 0x10010034
[inst #868] addi x5,x0,0
Register Write to Reg: 0x05 Val: 0x00000000
[inst #869] add x6,x0,x8
Register Write to Reg: 0x06 Val: 0x00000003
[inst #870] addi x7,x0,0
Register Write to Reg: 0x07 Val: 0x00000000
[inst #871] bge x5,x8,272
[inst #872] addi x0,x0,0
Register Write to Reg: 0x00 Val: 0x00000000
[inst #873] addi x0,x0,0
Register Write to Reg: 0x00 Val: 0x00000000
[inst #874] bge x6,x18,176
[inst #875] addi x0,x0,0
Register Write to Reg: 0x00 Val: 0x00000000
[inst #876] addi x0,x0,0
Register Write to Reg: 0x00 Val: 0x00000000
[inst #877] slli x30,x5,2
Register Write to Reg: 0x1E Val: 0x00000000
[inst #878] addi x0,x0,0
Register Write to Reg: 0x00 Val: 0x00000000
[inst #879] addi x0,x0,0
Register Write to Reg: 0x00 Val: 0x00000000
[inst #880] add x30,x10,x30
Register Write to Reg: 0x1E Val: 0x10010004
[inst #881] addi x0,x0,0
Register Write to Reg: 0x00 Val: 0x00000000
[inst #882] addi x0,x0,0
Register Write to Reg: 0x00 Val: 0x00000000
[inst #883] lw x28,0(x30)
Register Write to Reg: 0x1C Val: 0x0000000A
[inst #884] slli x30,x6,2
Register Write to Reg: 0x1E Val: 0x0000000C
[inst #885] addi x0,x0,0
Register Write to Reg: 0x00 Val: 0x00000000
[inst #886] add x30,x10,x30
Register Write to Reg: 0x1E Val: 0x10010010
[inst #887] addi x0,x0,0
Register Write to Reg: 0x00 Val: 0x00000000
[inst #888] addi x0,x0,0
Register Write to Reg: 0x00 Val: 0x00000000
[inst #889] lw x29,0(x30)
Register Write to Reg: 0x1D Val: 0x0000000B
[inst #890] addi x0,x0,0
Register Write to Reg: 0x00 Val: 0x00000000
[inst #891] addi x0,x0,0
Register Write to Reg: 0x00 Val: 0x00000000
[inst #892] bge x29,x28,56
[inst #893] slli x30,x7,2
Register Write to Reg: 0x1E Val: 0x00000000
[inst #894] addi x0,x0,0
Register Write to Reg: 0x00 Val: 0x00000000
[inst #895] addi x0,x0,0
Register Write to Reg: 0x00 Val: 0x00000000
[inst #896] add x30,x9,x30
Register Write to Reg: 0x1E Val: 0x10010034
[inst #897] addi x0,x0,0
Register Write to Reg: 0x00 Val: 0x00000000
[inst #898] addi x0,x0,0
Register Write to Reg: 0x00 Val: 0x00000000
[inst #899] sw x28,0(x30)
Memory Write to Addr: 0x10010034 Val: 0x0000000A
[inst #900] addi x5,x5,1
Register Write to Reg: 0x05 Val: 0x00000001
[inst #901] addi x7,x7,1
Register Write to Reg: 0x07 Val: 0x00000001
[inst #902] jal x0,-176
Register Write to Reg: 0x00 Val: 0x00400214
[inst #903] bge x5,x8,272
[inst #904] addi x0,x0,0
Register Write to Reg: 0x00 Val: 0x00000000
[inst #905] addi x0,x0,0
Register Write to Reg: 0x00 Val: 0x00000000
[inst #906] bge x6,x18,176
[inst #907] addi x0,x0,0
Register Write to Reg: 0x00 Val: 0x00000000
[inst #908] addi x0,x0,0
Register Write to Reg: 0x00 Val: 0x00000000
[inst #909] slli x30,x5,2
Register Write to Reg: 0x1E Val: 0x00000004
[inst #910] addi x0,x0,0
Register Write to Reg: 0x00 Val: 0x00000000
[inst #911] addi x0,x0,0
Register Write to Reg: 0x00 Val: 0x00000000
[inst #912] add x30,x10,x30
Register Write to Reg: 0x1E Val: 0x10010008
[inst #913] addi x0,x0,0
Register Write to Reg: 0x00 Val: 0x00000000
[inst #914] addi x0,x0,0
Register Write to Reg: 0x00 Val: 0x00000000
[inst #915] lw x28,0(x30)
Register Write to Reg: 0x1C Val: 0x0000000C
[inst #916] slli x30,x6,2
Register Write to Reg: 0x1E Val: 0x0000000C
[inst #917] addi x0,x0,0
Register Write to Reg: 0x00 Val: 0x00000000
[inst #918] add x30,x10,x30
Register Write to Reg: 0x1E Val: 0x10010010
[inst #919] addi x0,x0,0
Register Write to Reg: 0x00 Val: 0x00000000
[inst #920] addi x0,x0,0
Register Write to Reg: 0x00 Val: 0x00000000
[inst #921] lw x29,0(x30)
Register Write to Reg: 0x1D Val: 0x0000000B
[inst #922] addi x0,x0,0
Register Write to Reg: 0x00 Val: 0x00000000
[inst #923] addi x0,x0,0
Register Write to Reg: 0x00 Val: 0x00000000
[inst #924] bge x29,x28,56
[inst #925] addi x0,x0,0
Register Write to Reg: 0x00 Val: 0x00000000
[inst #926] addi x0,x0,0
Register Write to Reg: 0x00 Val: 0x00000000
[inst #927] slli x30,x7,2
Register Write to Reg: 0x1E Val: 0x00000004
[inst #928] addi x0,x0,0
Register Write to Reg: 0x00 Val: 0x00000000
[inst #929] addi x0,x0,0
Register Write to Reg: 0x00 Val: 0x00000000
[inst #930] add x30,x9,x30
Register Write to Reg: 0x1E Val: 0x10010038
[inst #931] addi x0,x0,0
Register Write to Reg: 0x00 Val: 0x00000000
[inst #932] addi x0,x0,0
Register Write to Reg: 0x00 Val: 0x00000000
[inst #933] sw x29,0(x30)
Memory Write to Addr: 0x10010038 Val: 0x0000000B
[inst #934] addi x6,x6,1
Register Write to Reg: 0x06 Val: 0x00000004
[inst #935] jal x0,44
Register Write to Reg: 0x00 Val: 0x004001E4
[inst #936] addi x7,x7,1
Register Write to Reg: 0x07 Val: 0x00000002
[inst #937] jal x0,-176
Register Write to Reg: 0x00 Val: 0x00400214
[inst #938] bge x5,x8,272
[inst #939] addi x0,x0,0
Register Write to Reg: 0x00 Val: 0x00000000
[inst #940] addi x0,x0,0
Register Write to Reg: 0x00 Val: 0x00000000
[inst #941] bge x6,x18,176
[inst #942] addi x0,x0,0
Register Write to Reg: 0x00 Val: 0x00000000
[inst #943] addi x0,x0,0
Register Write to Reg: 0x00 Val: 0x00000000
[inst #944] slli x30,x5,2
Register Write to Reg: 0x1E Val: 0x00000004
[inst #945] addi x0,x0,0
Register Write to Reg: 0x00 Val: 0x00000000
[inst #946] addi x0,x0,0
Register Write to Reg: 0x00 Val: 0x00000000
[inst #947] add x30,x10,x30
Register Write to Reg: 0x1E Val: 0x10010008
[inst #948] addi x0,x0,0
Register Write to Reg: 0x00 Val: 0x00000000
[inst #949] addi x0,x0,0
Register Write to Reg: 0x00 Val: 0x00000000
[inst #950] lw x28,0(x30)
Register Write to Reg: 0x1C Val: 0x0000000C
[inst #951] slli x30,x6,2
Register Write to Reg: 0x1E Val: 0x00000010
[inst #952] addi x0,x0,0
Register Write to Reg: 0x00 Val: 0x00000000
[inst #953] add x30,x10,x30
Register Write to Reg: 0x1E Val: 0x10010014
[inst #954] addi x0,x0,0
Register Write to Reg: 0x00 Val: 0x00000000
[inst #955] addi x0,x0,0
Register Write to Reg: 0x00 Val: 0x00000000
[inst #956] lw x29,0(x30)
Register Write to Reg: 0x1D Val: 0x00000046
[inst #957] addi x0,x0,0
Register Write to Reg: 0x00 Val: 0x00000000
[inst #958] addi x0,x0,0
Register Write to Reg: 0x00 Val: 0x00000000
[inst #959] bge x29,x28,56
[inst #960] slli x30,x7,2
Register Write to Reg: 0x1E Val: 0x00000008
[inst #961] addi x0,x0,0
Register Write to Reg: 0x00 Val: 0x00000000
[inst #962] addi x0,x0,0
Register Write to Reg: 0x00 Val: 0x00000000
[inst #963] add x30,x9,x30
Register Write to Reg: 0x1E Val: 0x1001003C
[inst #964] addi x0,x0,0
Register Write to Reg: 0x00 Val: 0x00000000
[inst #965] addi x0,x0,0
Register Write to Reg: 0x00 Val: 0x00000000
[inst #966] sw x28,0(x30)
Memory Write to Addr: 0x1001003C Val: 0x0000000C
[inst #967] addi x5,x5,1
Register Write to Reg: 0x05 Val: 0x00000002
[inst #968] addi x7,x7,1
Register Write to Reg: 0x07 Val: 0x00000003
[inst #969] jal x0,-176
Register Write to Reg: 0x00 Val: 0x00400214
[inst #970] bge x5,x8,272
[inst #971] addi x0,x0,0
Register Write to Reg: 0x00 Val: 0x00000000
[inst #972] addi x0,x0,0
Register Write to Reg: 0x00 Val: 0x00000000
[inst #973] bge x6,x18,176
[inst #974] addi x0,x0,0
Register Write to Reg: 0x00 Val: 0x00000000
[inst #975] addi x0,x0,0
Register Write to Reg: 0x00 Val: 0x00000000
[inst #976] slli x30,x5,2
Register Write to Reg: 0x1E Val: 0x00000008
[inst #977] addi x0,x0,0
Register Write to Reg: 0x00 Val: 0x00000000
[inst #978] addi x0,x0,0
Register Write to Reg: 0x00 Val: 0x00000000
[inst #979] add x30,x10,x30
Register Write to Reg: 0x1E Val: 0x1001000C
[inst #980] addi x0,x0,0
Register Write to Reg: 0x00 Val: 0x00000000
[inst #981] addi x0,x0,0
Register Write to Reg: 0x00 Val: 0x00000000
[inst #982] lw x28,0(x30)
Register Write to Reg: 0x1C Val: 0x00000041
[inst #983] slli x30,x6,2
Register Write to Reg: 0x1E Val: 0x00000010
[inst #984] addi x0,x0,0
Register Write to Reg: 0x00 Val: 0x00000000
[inst #985] add x30,x10,x30
Register Write to Reg: 0x1E Val: 0x10010014
[inst #986] addi x0,x0,0
Register Write to Reg: 0x00 Val: 0x00000000
[inst #987] addi x0,x0,0
Register Write to Reg: 0x00 Val: 0x00000000
[inst #988] lw x29,0(x30)
Register Write to Reg: 0x1D Val: 0x00000046
[inst #989] addi x0,x0,0
Register Write to Reg: 0x00 Val: 0x00000000
[inst #990] addi x0,x0,0
Register Write to Reg: 0x00 Val: 0x00000000
[inst #991] bge x29,x28,56
[inst #992] slli x30,x7,2
Register Write to Reg: 0x1E Val: 0x0000000C
[inst #993] addi x0,x0,0
Register Write to Reg: 0x00 Val: 0x00000000
[inst #994] addi x0,x0,0
Register Write to Reg: 0x00 Val: 0x00000000
[inst #995] add x30,x9,x30
Register Write to Reg: 0x1E Val: 0x10010040
[inst #996] addi x0,x0,0
Register Write to Reg: 0x00 Val: 0x00000000
[inst #997] addi x0,x0,0
Register Write to Reg: 0x00 Val: 0x00000000
[inst #998] sw x28,0(x30)
Memory Write to Addr: 0x10010040 Val: 0x00000041
[inst #999] addi x5,x5,1
Register Write to Reg: 0x05 Val: 0x00000003
[inst #1000] addi x7,x7,1
Register Write to Reg: 0x07 Val: 0x00000004
[inst #1001] jal x0,-176
Register Write to Reg: 0x00 Val: 0x00400214
[inst #1002] bge x5,x8,272
[inst #1003] bge x6,x18,84
[inst #1004] addi x0,x0,0
Register Write to Reg: 0x00 Val: 0x00000000
[inst #1005] addi x0,x0,0
Register Write to Reg: 0x00 Val: 0x00000000
[inst #1006] slli x30,x6,2
Register Write to Reg: 0x1E Val: 0x00000010
[inst #1007] addi x0,x0,0
Register Write to Reg: 0x00 Val: 0x00000000
[inst #1008] addi x0,x0,0
Register Write to Reg: 0x00 Val: 0x00000000
[inst #1009] add x30,x10,x30
Register Write to Reg: 0x1E Val: 0x10010014
[inst #1010] addi x0,x0,0
Register Write to Reg: 0x00 Val: 0x00000000
[inst #1011] addi x0,x0,0
Register Write to Reg: 0x00 Val: 0x00000000
[inst #1012] lw x28,0(x30)
Register Write to Reg: 0x1C Val: 0x00000046
[inst #1013] slli x30,x7,2
Register Write to Reg: 0x1E Val: 0x00000010
[inst #1014] addi x0,x0,0
Register Write to Reg: 0x00 Val: 0x00000000
[inst #1015] add x30,x9,x30
Register Write to Reg: 0x1E Val: 0x10010044
[inst #1016] addi x0,x0,0
Register Write to Reg: 0x00 Val: 0x00000000
[inst #1017] addi x0,x0,0
Register Write to Reg: 0x00 Val: 0x00000000
[inst #1018] sw x28,0(x30)
Memory Write to Addr: 0x10010044 Val: 0x00000046
[inst #1019] addi x6,x6,1
Register Write to Reg: 0x06 Val: 0x00000005
[inst #1020] addi x7,x7,1
Register Write to Reg: 0x07 Val: 0x00000005
[inst #1021] jal x0,-72
Register Write to Reg: 0x00 Val: 0x004002BC
[inst #1022] bge x6,x18,84
[inst #1023] addi x0,x0,0
Register Write to Reg: 0x00 Val: 0x00000000
[inst #1024] addi x0,x0,0
Register Write to Reg: 0x00 Val: 0x00000000
[inst #1025] slli x30,x6,2
Register Write to Reg: 0x1E Val: 0x00000014
[inst #1026] addi x0,x0,0
Register Write to Reg: 0x00 Val: 0x00000000
[inst #1027] addi x0,x0,0
Register Write to Reg: 0x00 Val: 0x00000000
[inst #1028] add x30,x10,x30
Register Write to Reg: 0x1E Val: 0x10010018
[inst #1029] addi x0,x0,0
Register Write to Reg: 0x00 Val: 0x00000000
[inst #1030] addi x0,x0,0
Register Write to Reg: 0x00 Val: 0x00000000
[inst #1031] lw x28,0(x30)
Register Write to Reg: 0x1C Val: 0x00000059
[inst #1032] slli x30,x7,2
Register Write to Reg: 0x1E Val: 0x00000014
[inst #1033] addi x0,x0,0
Register Write to Reg: 0x00 Val: 0x00000000
[inst #1034] add x30,x9,x30
Register Write to Reg: 0x1E Val: 0x10010048
[inst #1035] addi x0,x0,0
Register Write to Reg: 0x00 Val: 0x00000000
[inst #1036] addi x0,x0,0
Register Write to Reg: 0x00 Val: 0x00000000
[inst #1037] sw x28,0(x30)
Memory Write to Addr: 0x10010048 Val: 0x00000059
[inst #1038] addi x6,x6,1
Register Write to Reg: 0x06 Val: 0x00000006
[inst #1039] addi x7,x7,1
Register Write to Reg: 0x07 Val: 0x00000006
[inst #1040] jal x0,-72
Register Write to Reg: 0x00 Val: 0x004002BC
[inst #1041] bge x6,x18,84
[inst #1042] addi x5,x0,0
Register Write to Reg: 0x05 Val: 0x00000000
[inst #1043] bge x5,x18,68
[inst #1044] addi x0,x0,0
Register Write to Reg: 0x00 Val: 0x00000000
[inst #1045] addi x0,x0,0
Register Write to Reg: 0x00 Val: 0x00000000
[inst #1046] slli x30,x5,2
Register Write to Reg: 0x1E Val: 0x00000000
[inst #1047] addi x0,x0,0
Register Write to Reg: 0x00 Val: 0x00000000
[inst #1048] addi x0,x0,0
Register Write to Reg: 0x00 Val: 0x00000000
[inst #1049] add x31,x9,x30
Register Write to Reg: 0x1F Val: 0x10010034
[inst #1050] addi x0,x0,0
Register Write to Reg: 0x00 Val: 0x00000000
[inst #1051] addi x0,x0,0
Register Write to Reg: 0x00 Val: 0x00000000
[inst #1052] lw x28,0(x31)
Register Write to Reg: 0x1C Val: 0x0000000A
[inst #1053] add x31,x10,x30
Register Write to Reg: 0x1F Val: 0x10010004
[inst #1054] addi x0,x0,0
Register Write to Reg: 0x00 Val: 0x00000000
[inst #1055] sw x28,0(x31)
Memory Write to Addr: 0x10010004 Val: 0x0000000A
[inst #1056] addi x5,x5,1
Register Write to Reg: 0x05 Val: 0x00000001
[inst #1057] jal x0,-56
Register Write to Reg: 0x00 Val: 0x00400304
[inst #1058] bge x5,x18,68
[inst #1059] addi x0,x0,0
Register Write to Reg: 0x00 Val: 0x00000000
[inst #1060] addi x0,x0,0
Register Write to Reg: 0x00 Val: 0x00000000
[inst #1061] slli x30,x5,2
Register Write to Reg: 0x1E Val: 0x00000004
[inst #1062] addi x0,x0,0
Register Write to Reg: 0x00 Val: 0x00000000
[inst #1063] addi x0,x0,0
Register Write to Reg: 0x00 Val: 0x00000000
[inst #1064] add x31,x9,x30
Register Write to Reg: 0x1F Val: 0x10010038
[inst #1065] addi x0,x0,0
Register Write to Reg: 0x00 Val: 0x00000000
[inst #1066] addi x0,x0,0
Register Write to Reg: 0x00 Val: 0x00000000
[inst #1067] lw x28,0(x31)
Register Write to Reg: 0x1C Val: 0x0000000B
[inst #1068] add x31,x10,x30
Register Write to Reg: 0x1F Val: 0x10010008
[inst #1069] addi x0,x0,0
Register Write to Reg: 0x00 Val: 0x00000000
[inst #1070] sw x28,0(x31)
Memory Write to Addr: 0x10010008 Val: 0x0000000B
[inst #1071] addi x5,x5,1
Register Write to Reg: 0x05 Val: 0x00000002
[inst #1072] jal x0,-56
Register Write to Reg: 0x00 Val: 0x00400304
[inst #1073] bge x5,x18,68
[inst #1074] addi x0,x0,0
Register Write to Reg: 0x00 Val: 0x00000000
[inst #1075] addi x0,x0,0
Register Write to Reg: 0x00 Val: 0x00000000
[inst #1076] slli x30,x5,2
Register Write to Reg: 0x1E Val: 0x00000008
[inst #1077] addi x0,x0,0
Register Write to Reg: 0x00 Val: 0x00000000
[inst #1078] addi x0,x0,0
Register Write to Reg: 0x00 Val: 0x00000000
[inst #1079] add x31,x9,x30
Register Write to Reg: 0x1F Val: 0x1001003C
[inst #1080] addi x0,x0,0
Register Write to Reg: 0x00 Val: 0x00000000
[inst #1081] addi x0,x0,0
Register Write to Reg: 0x00 Val: 0x00000000
[inst #1082] lw x28,0(x31)
Register Write to Reg: 0x1C Val: 0x0000000C
[inst #1083] add x31,x10,x30
Register Write to Reg: 0x1F Val: 0x1001000C
[inst #1084] addi x0,x0,0
Register Write to Reg: 0x00 Val: 0x00000000
[inst #1085] sw x28,0(x31)
Memory Write to Addr: 0x1001000C Val: 0x0000000C
[inst #1086] addi x5,x5,1
Register Write to Reg: 0x05 Val: 0x00000003
[inst #1087] jal x0,-56
Register Write to Reg: 0x00 Val: 0x00400304
[inst #1088] bge x5,x18,68
[inst #1089] addi x0,x0,0
Register Write to Reg: 0x00 Val: 0x00000000
[inst #1090] addi x0,x0,0
Register Write to Reg: 0x00 Val: 0x00000000
[inst #1091] slli x30,x5,2
Register Write to Reg: 0x1E Val: 0x0000000C
[inst #1092] addi x0,x0,0
Register Write to Reg: 0x00 Val: 0x00000000
[inst #1093] addi x0,x0,0
Register Write to Reg: 0x00 Val: 0x00000000
[inst #1094] add x31,x9,x30
Register Write to Reg: 0x1F Val: 0x10010040
[inst #1095] addi x0,x0,0
Register Write to Reg: 0x00 Val: 0x00000000
[inst #1096] addi x0,x0,0
Register Write to Reg: 0x00 Val: 0x00000000
[inst #1097] lw x28,0(x31)
Register Write to Reg: 0x1C Val: 0x00000041
[inst #1098] add x31,x10,x30
Register Write to Reg: 0x1F Val: 0x10010010
[inst #1099] addi x0,x0,0
Register Write to Reg: 0x00 Val: 0x00000000
[inst #1100] sw x28,0(x31)
Memory Write to Addr: 0x10010010 Val: 0x00000041
[inst #1101] addi x5,x5,1
Register Write to Reg: 0x05 Val: 0x00000004
[inst #1102] jal x0,-56
Register Write to Reg: 0x00 Val: 0x00400304
[inst #1103] bge x5,x18,68
[inst #1104] addi x0,x0,0
Register Write to Reg: 0x00 Val: 0x00000000
[inst #1105] addi x0,x0,0
Register Write to Reg: 0x00 Val: 0x00000000
[inst #1106] slli x30,x5,2
Register Write to Reg: 0x1E Val: 0x00000010
[inst #1107] addi x0,x0,0
Register Write to Reg: 0x00 Val: 0x00000000
[inst #1108] addi x0,x0,0
Register Write to Reg: 0x00 Val: 0x00000000
[inst #1109] add x31,x9,x30
Register Write to Reg: 0x1F Val: 0x10010044
[inst #1110] addi x0,x0,0
Register Write to Reg: 0x00 Val: 0x00000000
[inst #1111] addi x0,x0,0
Register Write to Reg: 0x00 Val: 0x00000000
[inst #1112] lw x28,0(x31)
Register Write to Reg: 0x1C Val: 0x00000046
[inst #1113] add x31,x10,x30
Register Write to Reg: 0x1F Val: 0x10010014
[inst #1114] addi x0,x0,0
Register Write to Reg: 0x00 Val: 0x00000000
[inst #1115] sw x28,0(x31)
Memory Write to Addr: 0x10010014 Val: 0x00000046
[inst #1116] addi x5,x5,1
Register Write to Reg: 0x05 Val: 0x00000005
[inst #1117] jal x0,-56
Register Write to Reg: 0x00 Val: 0x00400304
[inst #1118] bge x5,x18,68
[inst #1119] addi x0,x0,0
Register Write to Reg: 0x00 Val: 0x00000000
[inst #1120] addi x0,x0,0
Register Write to Reg: 0x00 Val: 0x00000000
[inst #1121] slli x30,x5,2
Register Write to Reg: 0x1E Val: 0x00000014
[inst #1122] addi x0,x0,0
Register Write to Reg: 0x00 Val: 0x00000000
[inst #1123] addi x0,x0,0
Register Write to Reg: 0x00 Val: 0x00000000
[inst #1124] add x31,x9,x30
Register Write to Reg: 0x1F Val: 0x10010048
[inst #1125] addi x0,x0,0
Register Write to Reg: 0x00 Val: 0x00000000
[inst #1126] addi x0,x0,0
Register Write to Reg: 0x00 Val: 0x00000000
[inst #1127] lw x28,0(x31)
Register Write to Reg: 0x1C Val: 0x00000059
[inst #1128] add x31,x10,x30
Register Write to Reg: 0x1F Val: 0x10010018
[inst #1129] addi x0,x0,0
Register Write to Reg: 0x00 Val: 0x00000000
[inst #1130] sw x28,0(x31)
Memory Write to Addr: 0x10010018 Val: 0x00000059
[inst #1131] addi x5,x5,1
Register Write to Reg: 0x05 Val: 0x00000006
[inst #1132] jal x0,-56
Register Write to Reg: 0x00 Val: 0x00400304
[inst #1133] bge x5,x18,68
[inst #1134] lw x10,12(x2)
Register Write to Reg: 0x0A Val: 0x10010004
[inst #1135] lw x11,8(x2)
Register Write to Reg: 0x0B Val: 0x00000006
[inst #1136] lw x1,28(x2)
Register Write to Reg: 0x01 Val: 0x004000F8
[inst #1137] lw x8,24(x2)
Register Write to Reg: 0x08 Val: 0x10010004
[inst #1138] lw x9,20(x2)
Register Write to Reg: 0x09 Val: 0x0000000C
[inst #1139] lw x18,16(x2)
Register Write to Reg: 0x12 Val: 0x00000000
[inst #1140] addi x0,x0,0
Register Write to Reg: 0x00 Val: 0x00000000
[inst #1141] addi x0,x0,0
Register Write to Reg: 0x00 Val: 0x00000000
[inst #1142] addi x2,x2,32
Register Write to Reg: 0x02 Val: 0x7FFFFFDC
[inst #1143] jalr x0,x1,0
Register Write to Reg: 0x00 Val: 0x00400334
[inst #1144] addi x0,x0,0
Register Write to Reg: 0x00 Val: 0x00000000
[inst #1145] addi x0,x0,0
Register Write to Reg: 0x00 Val: 0x00000000
[inst #1146] lw x1,12(x2)
Register Write to Reg: 0x01 Val: 0x00400098
[inst #1147] addi x0,x0,0
Register Write to Reg: 0x00 Val: 0x00000000
[inst #1148] addi x0,x0,0
Register Write to Reg: 0x00 Val: 0x00000000
[inst #1149] addi x2,x2,16
Register Write to Reg: 0x02 Val: 0x7FFFFFEC
[inst #1150] jalr x0,x1,0
Register Write to Reg: 0x00 Val: 0x00400114
[inst #1151] addi x0,x0,0
Register Write to Reg: 0x00 Val: 0x00000000
[inst #1152] addi x0,x0,0
Register Write to Reg: 0x00 Val: 0x00000000
[inst #1153] lw x10,8(x2)
Register Write to Reg: 0x0A Val: 0x10010004
[inst #1154] lw x11,4(x2)
Register Write to Reg: 0x0B Val: 0x0000000C
[inst #1155] addi x0,x0,0
Register Write to Reg: 0x00 Val: 0x00000000
[inst #1156] addi x0,x0,0
Register Write to Reg: 0x00 Val: 0x00000000
[inst #1157] srli x5,x11,1
Register Write to Reg: 0x05 Val: 0x00000006
[inst #1158] addi x0,x0,0
Register Write to Reg: 0x00 Val: 0x00000000
[inst #1159] addi x0,x0,0
Register Write to Reg: 0x00 Val: 0x00000000
[inst #1160] slli x6,x5,2
Register Write to Reg: 0x06 Val: 0x00000018
[inst #1161] addi x0,x0,0
Register Write to Reg: 0x00 Val: 0x00000000
[inst #1162] addi x0,x0,0
Register Write to Reg: 0x00 Val: 0x00000000
[inst #1163] add x10,x10,x6
Register Write to Reg: 0x0A Val: 0x1001001C
[inst #1164] sub x11,x11,x5
Register Write to Reg: 0x0B Val: 0x00000006
[inst #1165] addi x0,x0,0
Register Write to Reg: 0x00 Val: 0x00000000
[inst #1166] addi x0,x0,0
Register Write to Reg: 0x00 Val: 0x00000000
[inst #1167] jal x1,-124
Register Write to Reg: 0x01 Val: 0x004000DC
[inst #1168] addi x5,x0,1
Register Write to Reg: 0x05 Val: 0x00000001
[inst #1169] addi x0,x0,0
Register Write to Reg: 0x00 Val: 0x00000000
[inst #1170] addi x0,x0,0
Register Write to Reg: 0x00 Val: 0x00000000
[inst #1171] bge x5,x11,168
[inst #1172] addi x0,x0,0
Register Write to Reg: 0x00 Val: 0x00000000
[inst #1173] addi x0,x0,0
Register Write to Reg: 0x00 Val: 0x00000000
[inst #1174] addi x2,x2,-16
Register Write to Reg: 0x02 Val: 0x7FFFFFDC
[inst #1175] sw x1,12(x2)
Memory Write to Addr: 0x7FFFFFE8 Val: 0x004000DC
[inst #1176] sw x10,8(x2)
Memory Write to Addr: 0x7FFFFFE4 Val: 0x1001001C
[inst #1177] sw x11,4(x2)
Memory Write to Addr: 0x7FFFFFE0 Val: 0x00000006
[inst #1178] srli x5,x11,1
Register Write to Reg: 0x05 Val: 0x00000003
[inst #1179] addi x0,x0,0
Register Write to Reg: 0x00 Val: 0x00000000
[inst #1180] addi x0,x0,0
Register Write to Reg: 0x00 Val: 0x00000000
[inst #1181] add x11,x0,x5
Register Write to Reg: 0x0B Val: 0x00000003
[inst #1182] jal x1,-56
Register Write to Reg: 0x01 Val: 0x00400098
[inst #1183] addi x5,x0,1
Register Write to Reg: 0x05 Val: 0x00000001
[inst #1184] addi x0,x0,0
Register Write to Reg: 0x00 Val: 0x00000000
[inst #1185] addi x0,x0,0
Register Write to Reg: 0x00 Val: 0x00000000
[inst #1186] bge x5,x11,168
[inst #1187] addi x0,x0,0
Register Write to Reg: 0x00 Val: 0x00000000
[inst #1188] addi x0,x0,0
Register Write to Reg: 0x00 Val: 0x00000000
[inst #1189] addi x2,x2,-16
Register Write to Reg: 0x02 Val: 0x7FFFFFCC
[inst #1190] sw x1,12(x2)
Memory Write to Addr: 0x7FFFFFD8 Val: 0x00400098
[inst #1191] sw x10,8(x2)
Memory Write to Addr: 0x7FFFFFD4 Val: 0x1001001C
[inst #1192] sw x11,4(x2)
Memory Write to Addr: 0x7FFFFFD0 Val: 0x00000003
[inst #1193] srli x5,x11,1
Register Write to Reg: 0x05 Val: 0x00000001
[inst #1194] addi x0,x0,0
Register Write to Reg: 0x00 Val: 0x00000000
[inst #1195] addi x0,x0,0
Register Write to Reg: 0x00 Val: 0x00000000
[inst #1196] add x11,x0,x5
Register Write to Reg: 0x0B Val: 0x00000001
[inst #1197] jal x1,-56
Register Write to Reg: 0x01 Val: 0x00400098
[inst #1198] addi x5,x0,1
Register Write to Reg: 0x05 Val: 0x00000001
[inst #1199] addi x0,x0,0
Register Write to Reg: 0x00 Val: 0x00000000
[inst #1200] addi x0,x0,0
Register Write to Reg: 0x00 Val: 0x00000000
[inst #1201] bge x5,x11,168
[inst #1202] jalr x0,x1,0
Register Write to Reg: 0x00 Val: 0x00400114
[inst #1203] addi x0,x0,0
Register Write to Reg: 0x00 Val: 0x00000000
[inst #1204] addi x0,x0,0
Register Write to Reg: 0x00 Val: 0x00000000
[inst #1205] lw x10,8(x2)
Register Write to Reg: 0x0A Val: 0x1001001C
[inst #1206] lw x11,4(x2)
Register Write to Reg: 0x0B Val: 0x00000003
[inst #1207] addi x0,x0,0
Register Write to Reg: 0x00 Val: 0x00000000
[inst #1208] addi x0,x0,0
Register Write to Reg: 0x00 Val: 0x00000000
[inst #1209] srli x5,x11,1
Register Write to Reg: 0x05 Val: 0x00000001
[inst #1210] addi x0,x0,0
Register Write to Reg: 0x00 Val: 0x00000000
[inst #1211] addi x0,x0,0
Register Write to Reg: 0x00 Val: 0x00000000
[inst #1212] slli x6,x5,2
Register Write to Reg: 0x06 Val: 0x00000004
[inst #1213] addi x0,x0,0
Register Write to Reg: 0x00 Val: 0x00000000
[inst #1214] addi x0,x0,0
Register Write to Reg: 0x00 Val: 0x00000000
[inst #1215] add x10,x10,x6
Register Write to Reg: 0x0A Val: 0x10010020
[inst #1216] sub x11,x11,x5
Register Write to Reg: 0x0B Val: 0x00000002
[inst #1217] addi x0,x0,0
Register Write to Reg: 0x00 Val: 0x00000000
[inst #1218] addi x0,x0,0
Register Write to Reg: 0x00 Val: 0x00000000
[inst #1219] jal x1,-124
Register Write to Reg: 0x01 Val: 0x004000DC
[inst #1220] addi x5,x0,1
Register Write to Reg: 0x05 Val: 0x00000001
[inst #1221] addi x0,x0,0
Register Write to Reg: 0x00 Val: 0x00000000
[inst #1222] addi x0,x0,0
Register Write to Reg: 0x00 Val: 0x00000000
[inst #1223] bge x5,x11,168
[inst #1224] addi x0,x0,0
Register Write to Reg: 0x00 Val: 0x00000000
[inst #1225] addi x0,x0,0
Register Write to Reg: 0x00 Val: 0x00000000
[inst #1226] addi x2,x2,-16
Register Write to Reg: 0x02 Val: 0x7FFFFFBC
[inst #1227] sw x1,12(x2)
Memory Write to Addr: 0x7FFFFFC8 Val: 0x004000DC
[inst #1228] sw x10,8(x2)
Memory Write to Addr: 0x7FFFFFC4 Val: 0x10010020
[inst #1229] sw x11,4(x2)
Memory Write to Addr: 0x7FFFFFC0 Val: 0x00000002
[inst #1230] srli x5,x11,1
Register Write to Reg: 0x05 Val: 0x00000001
[inst #1231] addi x0,x0,0
Register Write to Reg: 0x00 Val: 0x00000000
[inst #1232] addi x0,x0,0
Register Write to Reg: 0x00 Val: 0x00000000
[inst #1233] add x11,x0,x5
Register Write to Reg: 0x0B Val: 0x00000001
[inst #1234] jal x1,-56
Register Write to Reg: 0x01 Val: 0x00400098
[inst #1235] addi x5,x0,1
Register Write to Reg: 0x05 Val: 0x00000001
[inst #1236] addi x0,x0,0
Register Write to Reg: 0x00 Val: 0x00000000
[inst #1237] addi x0,x0,0
Register Write to Reg: 0x00 Val: 0x00000000
[inst #1238] bge x5,x11,168
[inst #1239] jalr x0,x1,0
Register Write to Reg: 0x00 Val: 0x00400114
[inst #1240] addi x0,x0,0
Register Write to Reg: 0x00 Val: 0x00000000
[inst #1241] addi x0,x0,0
Register Write to Reg: 0x00 Val: 0x00000000
[inst #1242] lw x10,8(x2)
Register Write to Reg: 0x0A Val: 0x10010020
[inst #1243] lw x11,4(x2)
Register Write to Reg: 0x0B Val: 0x00000002
[inst #1244] addi x0,x0,0
Register Write to Reg: 0x00 Val: 0x00000000
[inst #1245] addi x0,x0,0
Register Write to Reg: 0x00 Val: 0x00000000
[inst #1246] srli x5,x11,1
Register Write to Reg: 0x05 Val: 0x00000001
[inst #1247] addi x0,x0,0
Register Write to Reg: 0x00 Val: 0x00000000
[inst #1248] addi x0,x0,0
Register Write to Reg: 0x00 Val: 0x00000000
[inst #1249] slli x6,x5,2
Register Write to Reg: 0x06 Val: 0x00000004
[inst #1250] addi x0,x0,0
Register Write to Reg: 0x00 Val: 0x00000000
[inst #1251] addi x0,x0,0
Register Write to Reg: 0x00 Val: 0x00000000
[inst #1252] add x10,x10,x6
Register Write to Reg: 0x0A Val: 0x10010024
[inst #1253] sub x11,x11,x5
Register Write to Reg: 0x0B Val: 0x00000001
[inst #1254] addi x0,x0,0
Register Write to Reg: 0x00 Val: 0x00000000
[inst #1255] addi x0,x0,0
Register Write to Reg: 0x00 Val: 0x00000000
[inst #1256] jal x1,-124
Register Write to Reg: 0x01 Val: 0x004000DC
[inst #1257] addi x5,x0,1
Register Write to Reg: 0x05 Val: 0x00000001
[inst #1258] addi x0,x0,0
Register Write to Reg: 0x00 Val: 0x00000000
[inst #1259] addi x0,x0,0
Register Write to Reg: 0x00 Val: 0x00000000
[inst #1260] bge x5,x11,168
[inst #1261] jalr x0,x1,0
Register Write to Reg: 0x00 Val: 0x00400114
[inst #1262] addi x0,x0,0
Register Write to Reg: 0x00 Val: 0x00000000
[inst #1263] addi x0,x0,0
Register Write to Reg: 0x00 Val: 0x00000000
[inst #1264] lw x10,8(x2)
Register Write to Reg: 0x0A Val: 0x10010020
[inst #1265] lw x11,4(x2)
Register Write to Reg: 0x0B Val: 0x00000002
[inst #1266] addi x0,x0,0
Register Write to Reg: 0x00 Val: 0x00000000
[inst #1267] addi x0,x0,0
Register Write to Reg: 0x00 Val: 0x00000000
[inst #1268] jal x1,40
Register Write to Reg: 0x01 Val: 0x004000F8
[inst #1269] addi x2,x2,-32
Register Write to Reg: 0x02 Val: 0x7FFFFF9C
[inst #1270] sw x1,28(x2)
Memory Write to Addr: 0x7FFFFFB8 Val: 0x004000F8
[inst #1271] sw x8,24(x2)
Memory Write to Addr: 0x7FFFFFB4 Val: 0x10010004
[inst #1272] sw x9,20(x2)
Memory Write to Addr: 0x7FFFFFB0 Val: 0x0000000C
[inst #1273] sw x18,16(x2)
Memory Write to Addr: 0x7FFFFFAC Val: 0x00000000
[inst #1274] sw x10,12(x2)
Memory Write to Addr: 0x7FFFFFA8 Val: 0x10010020
[inst #1275] sw x11,8(x2)
Memory Write to Addr: 0x7FFFFFA4 Val: 0x00000002
[inst #1276] srli x8,x11,1
Register Write to Reg: 0x08 Val: 0x00000001
[inst #1277] add x18,x0,x11
Register Write to Reg: 0x12 Val: 0x00000002
[inst #1278] auipc x9,64528
Register Write to Reg: 0x09 Val: 0x10010140
[inst #1279] sll x0,x0,x0
Register Write to Reg: 0x00 Val: 0x00000000
[inst #1280] sll x0,x0,x0
Register Write to Reg: 0x00 Val: 0x00000000
[inst #1281] sll x0,x0,x0
Register Write to Reg: 0x00 Val: 0x00000000
[inst #1282] addi x9,x9,-268
Register Write to Reg: 0x09 Val: 0x10010034
[inst #1283] addi x5,x0,0
Register Write to Reg: 0x05 Val: 0x00000000
[inst #1284] add x6,x0,x8
Register Write to Reg: 0x06 Val: 0x00000001
[inst #1285] addi x7,x0,0
Register Write to Reg: 0x07 Val: 0x00000000
[inst #1286] bge x5,x8,272
[inst #1287] addi x0,x0,0
Register Write to Reg: 0x00 Val: 0x00000000
[inst #1288] addi x0,x0,0
Register Write to Reg: 0x00 Val: 0x00000000
[inst #1289] bge x6,x18,176
[inst #1290] addi x0,x0,0
Register Write to Reg: 0x00 Val: 0x00000000
[inst #1291] addi x0,x0,0
Register Write to Reg: 0x00 Val: 0x00000000
[inst #1292] slli x30,x5,2
Register Write to Reg: 0x1E Val: 0x00000000
[inst #1293] addi x0,x0,0
Register Write to Reg: 0x00 Val: 0x00000000
[inst #1294] addi x0,x0,0
Register Write to Reg: 0x00 Val: 0x00000000
[inst #1295] add x30,x10,x30
Register Write to Reg: 0x1E Val: 0x10010020
[inst #1296] addi x0,x0,0
Register Write to Reg: 0x00 Val: 0x00000000
[inst #1297] addi x0,x0,0
Register Write to Reg: 0x00 Val: 0x00000000
[inst #1298] lw x28,0(x30)
Register Write to Reg: 0x1C Val: 0x00000005
[inst #1299] slli x30,x6,2
Register Write to Reg: 0x1E Val: 0x00000004
[inst #1300] addi x0,x0,0
Register Write to Reg: 0x00 Val: 0x00000000
[inst #1301] add x30,x10,x30
Register Write to Reg: 0x1E Val: 0x10010024
[inst #1302] addi x0,x0,0
Register Write to Reg: 0x00 Val: 0x00000000
[inst #1303] addi x0,x0,0
Register Write to Reg: 0x00 Val: 0x00000000
[inst #1304] lw x29,0(x30)
Register Write to Reg: 0x1D Val: 0x00000009
[inst #1305] addi x0,x0,0
Register Write to Reg: 0x00 Val: 0x00000000
[inst #1306] addi x0,x0,0
Register Write to Reg: 0x00 Val: 0x00000000
[inst #1307] bge x29,x28,56
[inst #1308] slli x30,x7,2
Register Write to Reg: 0x1E Val: 0x00000000
[inst #1309] addi x0,x0,0
Register Write to Reg: 0x00 Val: 0x00000000
[inst #1310] addi x0,x0,0
Register Write to Reg: 0x00 Val: 0x00000000
[inst #1311] add x30,x9,x30
Register Write to Reg: 0x1E Val: 0x10010034
[inst #1312] addi x0,x0,0
Register Write to Reg: 0x00 Val: 0x00000000
[inst #1313] addi x0,x0,0
Register Write to Reg: 0x00 Val: 0x00000000
[inst #1314] sw x28,0(x30)
Memory Write to Addr: 0x10010034 Val: 0x00000005
[inst #1315] addi x5,x5,1
Register Write to Reg: 0x05 Val: 0x00000001
[inst #1316] addi x7,x7,1
Register Write to Reg: 0x07 Val: 0x00000001
[inst #1317] jal x0,-176
Register Write to Reg: 0x00 Val: 0x00400214
[inst #1318] bge x5,x8,272
[inst #1319] bge x6,x18,84
[inst #1320] addi x0,x0,0
Register Write to Reg: 0x00 Val: 0x00000000
[inst #1321] addi x0,x0,0
Register Write to Reg: 0x00 Val: 0x00000000
[inst #1322] slli x30,x6,2
Register Write to Reg: 0x1E Val: 0x00000004
[inst #1323] addi x0,x0,0
Register Write to Reg: 0x00 Val: 0x00000000
[inst #1324] addi x0,x0,0
Register Write to Reg: 0x00 Val: 0x00000000
[inst #1325] add x30,x10,x30
Register Write to Reg: 0x1E Val: 0x10010024
[inst #1326] addi x0,x0,0
Register Write to Reg: 0x00 Val: 0x00000000
[inst #1327] addi x0,x0,0
Register Write to Reg: 0x00 Val: 0x00000000
[inst #1328] lw x28,0(x30)
Register Write to Reg: 0x1C Val: 0x00000009
[inst #1329] slli x30,x7,2
Register Write to Reg: 0x1E Val: 0x00000004
[inst #1330] addi x0,x0,0
Register Write to Reg: 0x00 Val: 0x00000000
[inst #1331] add x30,x9,x30
Register Write to Reg: 0x1E Val: 0x10010038
[inst #1332] addi x0,x0,0
Register Write to Reg: 0x00 Val: 0x00000000
[inst #1333] addi x0,x0,0
Register Write to Reg: 0x00 Val: 0x00000000
[inst #1334] sw x28,0(x30)
Memory Write to Addr: 0x10010038 Val: 0x00000009
[inst #1335] addi x6,x6,1
Register Write to Reg: 0x06 Val: 0x00000002
[inst #1336] addi x7,x7,1
Register Write to Reg: 0x07 Val: 0x00000002
[inst #1337] jal x0,-72
Register Write to Reg: 0x00 Val: 0x004002BC
[inst #1338] bge x6,x18,84
[inst #1339] addi x5,x0,0
Register Write to Reg: 0x05 Val: 0x00000000
[inst #1340] bge x5,x18,68
[inst #1341] addi x0,x0,0
Register Write to Reg: 0x00 Val: 0x00000000
[inst #1342] addi x0,x0,0
Register Write to Reg: 0x00 Val: 0x00000000
[inst #1343] slli x30,x5,2
Register Write to Reg: 0x1E Val: 0x00000000
[inst #1344] addi x0,x0,0
Register Write to Reg: 0x00 Val: 0x00000000
[inst #1345] addi x0,x0,0
Register Write to Reg: 0x00 Val: 0x00000000
[inst #1346] add x31,x9,x30
Register Write to Reg: 0x1F Val: 0x10010034
[inst #1347] addi x0,x0,0
Register Write to Reg: 0x00 Val: 0x00000000
[inst #1348] addi x0,x0,0
Register Write to Reg: 0x00 Val: 0x00000000
[inst #1349] lw x28,0(x31)
Register Write to Reg: 0x1C Val: 0x00000005
[inst #1350] add x31,x10,x30
Register Write to Reg: 0x1F Val: 0x10010020
[inst #1351] addi x0,x0,0
Register Write to Reg: 0x00 Val: 0x00000000
[inst #1352] sw x28,0(x31)
Memory Write to Addr: 0x10010020 Val: 0x00000005
[inst #1353] addi x5,x5,1
Register Write to Reg: 0x05 Val: 0x00000001
[inst #1354] jal x0,-56
Register Write to Reg: 0x00 Val: 0x00400304
[inst #1355] bge x5,x18,68
[inst #1356] addi x0,x0,0
Register Write to Reg: 0x00 Val: 0x00000000
[inst #1357] addi x0,x0,0
Register Write to Reg: 0x00 Val: 0x00000000
[inst #1358] slli x30,x5,2
Register Write to Reg: 0x1E Val: 0x00000004
[inst #1359] addi x0,x0,0
Register Write to Reg: 0x00 Val: 0x00000000
[inst #1360] addi x0,x0,0
Register Write to Reg: 0x00 Val: 0x00000000
[inst #1361] add x31,x9,x30
Register Write to Reg: 0x1F Val: 0x10010038
[inst #1362] addi x0,x0,0
Register Write to Reg: 0x00 Val: 0x00000000
[inst #1363] addi x0,x0,0
Register Write to Reg: 0x00 Val: 0x00000000
[inst #1364] lw x28,0(x31)
Register Write to Reg: 0x1C Val: 0x00000009
[inst #1365] add x31,x10,x30
Register Write to Reg: 0x1F Val: 0x10010024
[inst #1366] addi x0,x0,0
Register Write to Reg: 0x00 Val: 0x00000000
[inst #1367] sw x28,0(x31)
Memory Write to Addr: 0x10010024 Val: 0x00000009
[inst #1368] addi x5,x5,1
Register Write to Reg: 0x05 Val: 0x00000002
[inst #1369] jal x0,-56
Register Write to Reg: 0x00 Val: 0x00400304
[inst #1370] bge x5,x18,68
[inst #1371] lw x10,12(x2)
Register Write to Reg: 0x0A Val: 0x10010020
[inst #1372] lw x11,8(x2)
Register Write to Reg: 0x0B Val: 0x00000002
[inst #1373] lw x1,28(x2)
Register Write to Reg: 0x01 Val: 0x004000F8
[inst #1374] lw x8,24(x2)
Register Write to Reg: 0x08 Val: 0x10010004
[inst #1375] lw x9,20(x2)
Register Write to Reg: 0x09 Val: 0x0000000C
[inst #1376] lw x18,16(x2)
Register Write to Reg: 0x12 Val: 0x00000000
[inst #1377] addi x0,x0,0
Register Write to Reg: 0x00 Val: 0x00000000
[inst #1378] addi x0,x0,0
Register Write to Reg: 0x00 Val: 0x00000000
[inst #1379] addi x2,x2,32
Register Write to Reg: 0x02 Val: 0x7FFFFFBC
[inst #1380] jalr x0,x1,0
Register Write to Reg: 0x00 Val: 0x00400334
[inst #1381] addi x0,x0,0
Register Write to Reg: 0x00 Val: 0x00000000
[inst #1382] addi x0,x0,0
Register Write to Reg: 0x00 Val: 0x00000000
[inst #1383] lw x1,12(x2)
Register Write to Reg: 0x01 Val: 0x004000DC
[inst #1384] addi x0,x0,0
Register Write to Reg: 0x00 Val: 0x00000000
[inst #1385] addi x0,x0,0
Register Write to Reg: 0x00 Val: 0x00000000
[inst #1386] addi x2,x2,16
Register Write to Reg: 0x02 Val: 0x7FFFFFCC
[inst #1387] jalr x0,x1,0
Register Write to Reg: 0x00 Val: 0x00400114
[inst #1388] addi x0,x0,0
Register Write to Reg: 0x00 Val: 0x00000000
[inst #1389] addi x0,x0,0
Register Write to Reg: 0x00 Val: 0x00000000
[inst #1390] lw x10,8(x2)
Register Write to Reg: 0x0A Val: 0x1001001C
[inst #1391] lw x11,4(x2)
Register Write to Reg: 0x0B Val: 0x00000003
[inst #1392] addi x0,x0,0
Register Write to Reg: 0x00 Val: 0x00000000
[inst #1393] addi x0,x0,0
Register Write to Reg: 0x00 Val: 0x00000000
[inst #1394] jal x1,40
Register Write to Reg: 0x01 Val: 0x004000F8
[inst #1395] addi x2,x2,-32
Register Write to Reg: 0x02 Val: 0x7FFFFFAC
[inst #1396] sw x1,28(x2)
Memory Write to Addr: 0x7FFFFFC8 Val: 0x004000F8
[inst #1397] sw x8,24(x2)
Memory Write to Addr: 0x7FFFFFC4 Val: 0x10010004
[inst #1398] sw x9,20(x2)
Memory Write to Addr: 0x7FFFFFC0 Val: 0x0000000C
[inst #1399] sw x18,16(x2)
Memory Write to Addr: 0x7FFFFFBC Val: 0x00000000
[inst #1400] sw x10,12(x2)
Memory Write to Addr: 0x7FFFFFB8 Val: 0x1001001C
[inst #1401] sw x11,8(x2)
Memory Write to Addr: 0x7FFFFFB4 Val: 0x00000003
[inst #1402] srli x8,x11,1
Register Write to Reg: 0x08 Val: 0x00000001
[inst #1403] add x18,x0,x11
Register Write to Reg: 0x12 Val: 0x00000003
[inst #1404] auipc x9,64528
Register Write to Reg: 0x09 Val: 0x10010140
[inst #1405] sll x0,x0,x0
Register Write to Reg: 0x00 Val: 0x00000000
[inst #1406] sll x0,x0,x0
Register Write to Reg: 0x00 Val: 0x00000000
[inst #1407] sll x0,x0,x0
Register Write to Reg: 0x00 Val: 0x00000000
[inst #1408] addi x9,x9,-268
Register Write to Reg: 0x09 Val: 0x10010034
[inst #1409] addi x5,x0,0
Register Write to Reg: 0x05 Val: 0x00000000
[inst #1410] add x6,x0,x8
Register Write to Reg: 0x06 Val: 0x00000001
[inst #1411] addi x7,x0,0
Register Write to Reg: 0x07 Val: 0x00000000
[inst #1412] bge x5,x8,272
[inst #1413] addi x0,x0,0
Register Write to Reg: 0x00 Val: 0x00000000
[inst #1414] addi x0,x0,0
Register Write to Reg: 0x00 Val: 0x00000000
[inst #1415] bge x6,x18,176
[inst #1416] addi x0,x0,0
Register Write to Reg: 0x00 Val: 0x00000000
[inst #1417] addi x0,x0,0
Register Write to Reg: 0x00 Val: 0x00000000
[inst #1418] slli x30,x5,2
Register Write to Reg: 0x1E Val: 0x00000000
[inst #1419] addi x0,x0,0
Register Write to Reg: 0x00 Val: 0x00000000
[inst #1420] addi x0,x0,0
Register Write to Reg: 0x00 Val: 0x00000000
[inst #1421] add x30,x10,x30
Register Write to Reg: 0x1E Val: 0x1001001C
[inst #1422] addi x0,x0,0
Register Write to Reg: 0x00 Val: 0x00000000
[inst #1423] addi x0,x0,0
Register Write to Reg: 0x00 Val: 0x00000000
[inst #1424] lw x28,0(x30)
Register Write to Reg: 0x1C Val: 0x00000043
[inst #1425] slli x30,x6,2
Register Write to Reg: 0x1E Val: 0x00000004
[inst #1426] addi x0,x0,0
Register Write to Reg: 0x00 Val: 0x00000000
[inst #1427] add x30,x10,x30
Register Write to Reg: 0x1E Val: 0x10010020
[inst #1428] addi x0,x0,0
Register Write to Reg: 0x00 Val: 0x00000000
[inst #1429] addi x0,x0,0
Register Write to Reg: 0x00 Val: 0x00000000
[inst #1430] lw x29,0(x30)
Register Write to Reg: 0x1D Val: 0x00000005
[inst #1431] addi x0,x0,0
Register Write to Reg: 0x00 Val: 0x00000000
[inst #1432] addi x0,x0,0
Register Write to Reg: 0x00 Val: 0x00000000
[inst #1433] bge x29,x28,56
[inst #1434] addi x0,x0,0
Register Write to Reg: 0x00 Val: 0x00000000
[inst #1435] addi x0,x0,0
Register Write to Reg: 0x00 Val: 0x00000000
[inst #1436] slli x30,x7,2
Register Write to Reg: 0x1E Val: 0x00000000
[inst #1437] addi x0,x0,0
Register Write to Reg: 0x00 Val: 0x00000000
[inst #1438] addi x0,x0,0
Register Write to Reg: 0x00 Val: 0x00000000
[inst #1439] add x30,x9,x30
Register Write to Reg: 0x1E Val: 0x10010034
[inst #1440] addi x0,x0,0
Register Write to Reg: 0x00 Val: 0x00000000
[inst #1441] addi x0,x0,0
Register Write to Reg: 0x00 Val: 0x00000000
[inst #1442] sw x29,0(x30)
Memory Write to Addr: 0x10010034 Val: 0x00000005
[inst #1443] addi x6,x6,1
Register Write to Reg: 0x06 Val: 0x00000002
[inst #1444] jal x0,44
Register Write to Reg: 0x00 Val: 0x004001E4
[inst #1445] addi x7,x7,1
Register Write to Reg: 0x07 Val: 0x00000001
[inst #1446] jal x0,-176
Register Write to Reg: 0x00 Val: 0x00400214
[inst #1447] bge x5,x8,272
[inst #1448] addi x0,x0,0
Register Write to Reg: 0x00 Val: 0x00000000
[inst #1449] addi x0,x0,0
Register Write to Reg: 0x00 Val: 0x00000000
[inst #1450] bge x6,x18,176
[inst #1451] addi x0,x0,0
Register Write to Reg: 0x00 Val: 0x00000000
[inst #1452] addi x0,x0,0
Register Write to Reg: 0x00 Val: 0x00000000
[inst #1453] slli x30,x5,2
Register Write to Reg: 0x1E Val: 0x00000000
[inst #1454] addi x0,x0,0
Register Write to Reg: 0x00 Val: 0x00000000
[inst #1455] addi x0,x0,0
Register Write to Reg: 0x00 Val: 0x00000000
[inst #1456] add x30,x10,x30
Register Write to Reg: 0x1E Val: 0x1001001C
[inst #1457] addi x0,x0,0
Register Write to Reg: 0x00 Val: 0x00000000
[inst #1458] addi x0,x0,0
Register Write to Reg: 0x00 Val: 0x00000000
[inst #1459] lw x28,0(x30)
Register Write to Reg: 0x1C Val: 0x00000043
[inst #1460] slli x30,x6,2
Register Write to Reg: 0x1E Val: 0x00000008
[inst #1461] addi x0,x0,0
Register Write to Reg: 0x00 Val: 0x00000000
[inst #1462] add x30,x10,x30
Register Write to Reg: 0x1E Val: 0x10010024
[inst #1463] addi x0,x0,0
Register Write to Reg: 0x00 Val: 0x00000000
[inst #1464] addi x0,x0,0
Register Write to Reg: 0x00 Val: 0x00000000
[inst #1465] lw x29,0(x30)
Register Write to Reg: 0x1D Val: 0x00000009
[inst #1466] addi x0,x0,0
Register Write to Reg: 0x00 Val: 0x00000000
[inst #1467] addi x0,x0,0
Register Write to Reg: 0x00 Val: 0x00000000
[inst #1468] bge x29,x28,56
[inst #1469] addi x0,x0,0
Register Write to Reg: 0x00 Val: 0x00000000
[inst #1470] addi x0,x0,0
Register Write to Reg: 0x00 Val: 0x00000000
[inst #1471] slli x30,x7,2
Register Write to Reg: 0x1E Val: 0x00000004
[inst #1472] addi x0,x0,0
Register Write to Reg: 0x00 Val: 0x00000000
[inst #1473] addi x0,x0,0
Register Write to Reg: 0x00 Val: 0x00000000
[inst #1474] add x30,x9,x30
Register Write to Reg: 0x1E Val: 0x10010038
[inst #1475] addi x0,x0,0
Register Write to Reg: 0x00 Val: 0x00000000
[inst #1476] addi x0,x0,0
Register Write to Reg: 0x00 Val: 0x00000000
[inst #1477] sw x29,0(x30)
Memory Write to Addr: 0x10010038 Val: 0x00000009
[inst #1478] addi x6,x6,1
Register Write to Reg: 0x06 Val: 0x00000003
[inst #1479] jal x0,44
Register Write to Reg: 0x00 Val: 0x004001E4
[inst #1480] addi x7,x7,1
Register Write to Reg: 0x07 Val: 0x00000002
[inst #1481] jal x0,-176
Register Write to Reg: 0x00 Val: 0x00400214
[inst #1482] bge x5,x8,272
[inst #1483] addi x0,x0,0
Register Write to Reg: 0x00 Val: 0x00000000
[inst #1484] addi x0,x0,0
Register Write to Reg: 0x00 Val: 0x00000000
[inst #1485] bge x6,x18,176
[inst #1486] bge x5,x8,168
[inst #1487] addi x0,x0,0
Register Write to Reg: 0x00 Val: 0x00000000
[inst #1488] addi x0,x0,0
Register Write to Reg: 0x00 Val: 0x00000000
[inst #1489] slli x30,x5,2
Register Write to Reg: 0x1E Val: 0x00000000
[inst #1490] addi x0,x0,0
Register Write to Reg: 0x00 Val: 0x00000000
[inst #1491] addi x0,x0,0
Register Write to Reg: 0x00 Val: 0x00000000
[inst #1492] add x30,x10,x30
Register Write to Reg: 0x1E Val: 0x1001001C
[inst #1493] addi x0,x0,0
Register Write to Reg: 0x00 Val: 0x00000000
[inst #1494] addi x0,x0,0
Register Write to Reg: 0x00 Val: 0x00000000
[inst #1495] lw x28,0(x30)
Register Write to Reg: 0x1C Val: 0x00000043
[inst #1496] slli x30,x7,2
Register Write to Reg: 0x1E Val: 0x00000008
[inst #1497] addi x0,x0,0
Register Write to Reg: 0x00 Val: 0x00000000
[inst #1498] add x30,x9,x30
Register Write to Reg: 0x1E Val: 0x1001003C
[inst #1499] addi x0,x0,0
Register Write to Reg: 0x00 Val: 0x00000000
[inst #1500] addi x0,x0,0
Register Write to Reg: 0x00 Val: 0x00000000
[inst #1501] sw x28,0(x30)
Memory Write to Addr: 0x1001003C Val: 0x00000043
[inst #1502] addi x5,x5,1
Register Write to Reg: 0x05 Val: 0x00000001
[inst #1503] addi x7,x7,1
Register Write to Reg: 0x07 Val: 0x00000003
[inst #1504] jal x0,-72
Register Write to Reg: 0x00 Val: 0x00400268
[inst #1505] bge x5,x8,168
[inst #1506] addi x5,x0,0
Register Write to Reg: 0x05 Val: 0x00000000
[inst #1507] bge x5,x18,68
[inst #1508] addi x0,x0,0
Register Write to Reg: 0x00 Val: 0x00000000
[inst #1509] addi x0,x0,0
Register Write to Reg: 0x00 Val: 0x00000000
[inst #1510] slli x30,x5,2
Register Write to Reg: 0x1E Val: 0x00000000
[inst #1511] addi x0,x0,0
Register Write to Reg: 0x00 Val: 0x00000000
[inst #1512] addi x0,x0,0
Register Write to Reg: 0x00 Val: 0x00000000
[inst #1513] add x31,x9,x30
Register Write to Reg: 0x1F Val: 0x10010034
[inst #1514] addi x0,x0,0
Register Write to Reg: 0x00 Val: 0x00000000
[inst #1515] addi x0,x0,0
Register Write to Reg: 0x00 Val: 0x00000000
[inst #1516] lw x28,0(x31)
Register Write to Reg: 0x1C Val: 0x00000005
[inst #1517] add x31,x10,x30
Register Write to Reg: 0x1F Val: 0x1001001C
[inst #1518] addi x0,x0,0
Register Write to Reg: 0x00 Val: 0x00000000
[inst #1519] sw x28,0(x31)
Memory Write to Addr: 0x1001001C Val: 0x00000005
[inst #1520] addi x5,x5,1
Register Write to Reg: 0x05 Val: 0x00000001
[inst #1521] jal x0,-56
Register Write to Reg: 0x00 Val: 0x00400304
[inst #1522] bge x5,x18,68
[inst #1523] addi x0,x0,0
Register Write to Reg: 0x00 Val: 0x00000000
[inst #1524] addi x0,x0,0
Register Write to Reg: 0x00 Val: 0x00000000
[inst #1525] slli x30,x5,2
Register Write to Reg: 0x1E Val: 0x00000004
[inst #1526] addi x0,x0,0
Register Write to Reg: 0x00 Val: 0x00000000
[inst #1527] addi x0,x0,0
Register Write to Reg: 0x00 Val: 0x00000000
[inst #1528] add x31,x9,x30
Register Write to Reg: 0x1F Val: 0x10010038
[inst #1529] addi x0,x0,0
Register Write to Reg: 0x00 Val: 0x00000000
[inst #1530] addi x0,x0,0
Register Write to Reg: 0x00 Val: 0x00000000
[inst #1531] lw x28,0(x31)
Register Write to Reg: 0x1C Val: 0x00000009
[inst #1532] add x31,x10,x30
Register Write to Reg: 0x1F Val: 0x10010020
[inst #1533] addi x0,x0,0
Register Write to Reg: 0x00 Val: 0x00000000
[inst #1534] sw x28,0(x31)
Memory Write to Addr: 0x10010020 Val: 0x00000009
[inst #1535] addi x5,x5,1
Register Write to Reg: 0x05 Val: 0x00000002
[inst #1536] jal x0,-56
Register Write to Reg: 0x00 Val: 0x00400304
[inst #1537] bge x5,x18,68
[inst #1538] addi x0,x0,0
Register Write to Reg: 0x00 Val: 0x00000000
[inst #1539] addi x0,x0,0
Register Write to Reg: 0x00 Val: 0x00000000
[inst #1540] slli x30,x5,2
Register Write to Reg: 0x1E Val: 0x00000008
[inst #1541] addi x0,x0,0
Register Write to Reg: 0x00 Val: 0x00000000
[inst #1542] addi x0,x0,0
Register Write to Reg: 0x00 Val: 0x00000000
[inst #1543] add x31,x9,x30
Register Write to Reg: 0x1F Val: 0x1001003C
[inst #1544] addi x0,x0,0
Register Write to Reg: 0x00 Val: 0x00000000
[inst #1545] addi x0,x0,0
Register Write to Reg: 0x00 Val: 0x00000000
[inst #1546] lw x28,0(x31)
Register Write to Reg: 0x1C Val: 0x00000043
[inst #1547] add x31,x10,x30
Register Write to Reg: 0x1F Val: 0x10010024
[inst #1548] addi x0,x0,0
Register Write to Reg: 0x00 Val: 0x00000000
[inst #1549] sw x28,0(x31)
Memory Write to Addr: 0x10010024 Val: 0x00000043
[inst #1550] addi x5,x5,1
Register Write to Reg: 0x05 Val: 0x00000003
[inst #1551] jal x0,-56
Register Write to Reg: 0x00 Val: 0x00400304
[inst #1552] bge x5,x18,68
[inst #1553] lw x10,12(x2)
Register Write to Reg: 0x0A Val: 0x1001001C
[inst #1554] lw x11,8(x2)
Register Write to Reg: 0x0B Val: 0x00000003
[inst #1555] lw x1,28(x2)
Register Write to Reg: 0x01 Val: 0x004000F8
[inst #1556] lw x8,24(x2)
Register Write to Reg: 0x08 Val: 0x10010004
[inst #1557] lw x9,20(x2)
Register Write to Reg: 0x09 Val: 0x0000000C
[inst #1558] lw x18,16(x2)
Register Write to Reg: 0x12 Val: 0x00000000
[inst #1559] addi x0,x0,0
Register Write to Reg: 0x00 Val: 0x00000000
[inst #1560] addi x0,x0,0
Register Write to Reg: 0x00 Val: 0x00000000
[inst #1561] addi x2,x2,32
Register Write to Reg: 0x02 Val: 0x7FFFFFCC
[inst #1562] jalr x0,x1,0
Register Write to Reg: 0x00 Val: 0x00400334
[inst #1563] addi x0,x0,0
Register Write to Reg: 0x00 Val: 0x00000000
[inst #1564] addi x0,x0,0
Register Write to Reg: 0x00 Val: 0x00000000
[inst #1565] lw x1,12(x2)
Register Write to Reg: 0x01 Val: 0x00400098
[inst #1566] addi x0,x0,0
Register Write to Reg: 0x00 Val: 0x00000000
[inst #1567] addi x0,x0,0
Register Write to Reg: 0x00 Val: 0x00000000
[inst #1568] addi x2,x2,16
Register Write to Reg: 0x02 Val: 0x7FFFFFDC
[inst #1569] jalr x0,x1,0
Register Write to Reg: 0x00 Val: 0x00400114
[inst #1570] addi x0,x0,0
Register Write to Reg: 0x00 Val: 0x00000000
[inst #1571] addi x0,x0,0
Register Write to Reg: 0x00 Val: 0x00000000
[inst #1572] lw x10,8(x2)
Register Write to Reg: 0x0A Val: 0x1001001C
[inst #1573] lw x11,4(x2)
Register Write to Reg: 0x0B Val: 0x00000006
[inst #1574] addi x0,x0,0
Register Write to Reg: 0x00 Val: 0x00000000
[inst #1575] addi x0,x0,0
Register Write to Reg: 0x00 Val: 0x00000000
[inst #1576] srli x5,x11,1
Register Write to Reg: 0x05 Val: 0x00000003
[inst #1577] addi x0,x0,0
Register Write to Reg: 0x00 Val: 0x00000000
[inst #1578] addi x0,x0,0
Register Write to Reg: 0x00 Val: 0x00000000
[inst #1579] slli x6,x5,2
Register Write to Reg: 0x06 Val: 0x0000000C
[inst #1580] addi x0,x0,0
Register Write to Reg: 0x00 Val: 0x00000000
[inst #1581] addi x0,x0,0
Register Write to Reg: 0x00 Val: 0x00000000
[inst #1582] add x10,x10,x6
Register Write to Reg: 0x0A Val: 0x10010028
[inst #1583] sub x11,x11,x5
Register Write to Reg: 0x0B Val: 0x00000003
[inst #1584] addi x0,x0,0
Register Write to Reg: 0x00 Val: 0x00000000
[inst #1585] addi x0,x0,0
Register Write to Reg: 0x00 Val: 0x00000000
[inst #1586] jal x1,-124
Register Write to Reg: 0x01 Val: 0x004000DC
[inst #1587] addi x5,x0,1
Register Write to Reg: 0x05 Val: 0x00000001
[inst #1588] addi x0,x0,0
Register Write to Reg: 0x00 Val: 0x00000000
[inst #1589] addi x0,x0,0
Register Write to Reg: 0x00 Val: 0x00000000
[inst #1590] bge x5,x11,168
[inst #1591] addi x0,x0,0
Register Write to Reg: 0x00 Val: 0x00000000
[inst #1592] addi x0,x0,0
Register Write to Reg: 0x00 Val: 0x00000000
[inst #1593] addi x2,x2,-16
Register Write to Reg: 0x02 Val: 0x7FFFFFCC
[inst #1594] sw x1,12(x2)
Memory Write to Addr: 0x7FFFFFD8 Val: 0x004000DC
[inst #1595] sw x10,8(x2)
Memory Write to Addr: 0x7FFFFFD4 Val: 0x10010028
[inst #1596] sw x11,4(x2)
Memory Write to Addr: 0x7FFFFFD0 Val: 0x00000003
[inst #1597] srli x5,x11,1
Register Write to Reg: 0x05 Val: 0x00000001
[inst #1598] addi x0,x0,0
Register Write to Reg: 0x00 Val: 0x00000000
[inst #1599] addi x0,x0,0
Register Write to Reg: 0x00 Val: 0x00000000
[inst #1600] add x11,x0,x5
Register Write to Reg: 0x0B Val: 0x00000001
[inst #1601] jal x1,-56
Register Write to Reg: 0x01 Val: 0x00400098
[inst #1602] addi x5,x0,1
Register Write to Reg: 0x05 Val: 0x00000001
[inst #1603] addi x0,x0,0
Register Write to Reg: 0x00 Val: 0x00000000
[inst #1604] addi x0,x0,0
Register Write to Reg: 0x00 Val: 0x00000000
[inst #1605] bge x5,x11,168
[inst #1606] jalr x0,x1,0
Register Write to Reg: 0x00 Val: 0x00400114
[inst #1607] addi x0,x0,0
Register Write to Reg: 0x00 Val: 0x00000000
[inst #1608] addi x0,x0,0
Register Write to Reg: 0x00 Val: 0x00000000
[inst #1609] lw x10,8(x2)
Register Write to Reg: 0x0A Val: 0x10010028
[inst #1610] lw x11,4(x2)
Register Write to Reg: 0x0B Val: 0x00000003
[inst #1611] addi x0,x0,0
Register Write to Reg: 0x00 Val: 0x00000000
[inst #1612] addi x0,x0,0
Register Write to Reg: 0x00 Val: 0x00000000
[inst #1613] srli x5,x11,1
Register Write to Reg: 0x05 Val: 0x00000001
[inst #1614] addi x0,x0,0
Register Write to Reg: 0x00 Val: 0x00000000
[inst #1615] addi x0,x0,0
Register Write to Reg: 0x00 Val: 0x00000000
[inst #1616] slli x6,x5,2
Register Write to Reg: 0x06 Val: 0x00000004
[inst #1617] addi x0,x0,0
Register Write to Reg: 0x00 Val: 0x00000000
[inst #1618] addi x0,x0,0
Register Write to Reg: 0x00 Val: 0x00000000
[inst #1619] add x10,x10,x6
Register Write to Reg: 0x0A Val: 0x1001002C
[inst #1620] sub x11,x11,x5
Register Write to Reg: 0x0B Val: 0x00000002
[inst #1621] addi x0,x0,0
Register Write to Reg: 0x00 Val: 0x00000000
[inst #1622] addi x0,x0,0
Register Write to Reg: 0x00 Val: 0x00000000
[inst #1623] jal x1,-124
Register Write to Reg: 0x01 Val: 0x004000DC
[inst #1624] addi x5,x0,1
Register Write to Reg: 0x05 Val: 0x00000001
[inst #1625] addi x0,x0,0
Register Write to Reg: 0x00 Val: 0x00000000
[inst #1626] addi x0,x0,0
Register Write to Reg: 0x00 Val: 0x00000000
[inst #1627] bge x5,x11,168
[inst #1628] addi x0,x0,0
Register Write to Reg: 0x00 Val: 0x00000000
[inst #1629] addi x0,x0,0
Register Write to Reg: 0x00 Val: 0x00000000
[inst #1630] addi x2,x2,-16
Register Write to Reg: 0x02 Val: 0x7FFFFFBC
[inst #1631] sw x1,12(x2)
Memory Write to Addr: 0x7FFFFFC8 Val: 0x004000DC
[inst #1632] sw x10,8(x2)
Memory Write to Addr: 0x7FFFFFC4 Val: 0x1001002C
[inst #1633] sw x11,4(x2)
Memory Write to Addr: 0x7FFFFFC0 Val: 0x00000002
[inst #1634] srli x5,x11,1
Register Write to Reg: 0x05 Val: 0x00000001
[inst #1635] addi x0,x0,0
Register Write to Reg: 0x00 Val: 0x00000000
[inst #1636] addi x0,x0,0
Register Write to Reg: 0x00 Val: 0x00000000
[inst #1637] add x11,x0,x5
Register Write to Reg: 0x0B Val: 0x00000001
[inst #1638] jal x1,-56
Register Write to Reg: 0x01 Val: 0x00400098
[inst #1639] addi x5,x0,1
Register Write to Reg: 0x05 Val: 0x00000001
[inst #1640] addi x0,x0,0
Register Write to Reg: 0x00 Val: 0x00000000
[inst #1641] addi x0,x0,0
Register Write to Reg: 0x00 Val: 0x00000000
[inst #1642] bge x5,x11,168
[inst #1643] jalr x0,x1,0
Register Write to Reg: 0x00 Val: 0x00400114
[inst #1644] addi x0,x0,0
Register Write to Reg: 0x00 Val: 0x00000000
[inst #1645] addi x0,x0,0
Register Write to Reg: 0x00 Val: 0x00000000
[inst #1646] lw x10,8(x2)
Register Write to Reg: 0x0A Val: 0x1001002C
[inst #1647] lw x11,4(x2)
Register Write to Reg: 0x0B Val: 0x00000002
[inst #1648] addi x0,x0,0
Register Write to Reg: 0x00 Val: 0x00000000
[inst #1649] addi x0,x0,0
Register Write to Reg: 0x00 Val: 0x00000000
[inst #1650] srli x5,x11,1
Register Write to Reg: 0x05 Val: 0x00000001
[inst #1651] addi x0,x0,0
Register Write to Reg: 0x00 Val: 0x00000000
[inst #1652] addi x0,x0,0
Register Write to Reg: 0x00 Val: 0x00000000
[inst #1653] slli x6,x5,2
Register Write to Reg: 0x06 Val: 0x00000004
[inst #1654] addi x0,x0,0
Register Write to Reg: 0x00 Val: 0x00000000
[inst #1655] addi x0,x0,0
Register Write to Reg: 0x00 Val: 0x00000000
[inst #1656] add x10,x10,x6
Register Write to Reg: 0x0A Val: 0x10010030
[inst #1657] sub x11,x11,x5
Register Write to Reg: 0x0B Val: 0x00000001
[inst #1658] addi x0,x0,0
Register Write to Reg: 0x00 Val: 0x00000000
[inst #1659] addi x0,x0,0
Register Write to Reg: 0x00 Val: 0x00000000
[inst #1660] jal x1,-124
Register Write to Reg: 0x01 Val: 0x004000DC
[inst #1661] addi x5,x0,1
Register Write to Reg: 0x05 Val: 0x00000001
[inst #1662] addi x0,x0,0
Register Write to Reg: 0x00 Val: 0x00000000
[inst #1663] addi x0,x0,0
Register Write to Reg: 0x00 Val: 0x00000000
[inst #1664] bge x5,x11,168
[inst #1665] jalr x0,x1,0
Register Write to Reg: 0x00 Val: 0x00400114
[inst #1666] addi x0,x0,0
Register Write to Reg: 0x00 Val: 0x00000000
[inst #1667] addi x0,x0,0
Register Write to Reg: 0x00 Val: 0x00000000
[inst #1668] lw x10,8(x2)
Register Write to Reg: 0x0A Val: 0x1001002C
[inst #1669] lw x11,4(x2)
Register Write to Reg: 0x0B Val: 0x00000002
[inst #1670] addi x0,x0,0
Register Write to Reg: 0x00 Val: 0x00000000
[inst #1671] addi x0,x0,0
Register Write to Reg: 0x00 Val: 0x00000000
[inst #1672] jal x1,40
Register Write to Reg: 0x01 Val: 0x004000F8
[inst #1673] addi x2,x2,-32
Register Write to Reg: 0x02 Val: 0x7FFFFF9C
[inst #1674] sw x1,28(x2)
Memory Write to Addr: 0x7FFFFFB8 Val: 0x004000F8
[inst #1675] sw x8,24(x2)
Memory Write to Addr: 0x7FFFFFB4 Val: 0x10010004
[inst #1676] sw x9,20(x2)
Memory Write to Addr: 0x7FFFFFB0 Val: 0x0000000C
[inst #1677] sw x18,16(x2)
Memory Write to Addr: 0x7FFFFFAC Val: 0x00000000
[inst #1678] sw x10,12(x2)
Memory Write to Addr: 0x7FFFFFA8 Val: 0x1001002C
[inst #1679] sw x11,8(x2)
Memory Write to Addr: 0x7FFFFFA4 Val: 0x00000002
[inst #1680] srli x8,x11,1
Register Write to Reg: 0x08 Val: 0x00000001
[inst #1681] add x18,x0,x11
Register Write to Reg: 0x12 Val: 0x00000002
[inst #1682] auipc x9,64528
Register Write to Reg: 0x09 Val: 0x10010140
[inst #1683] sll x0,x0,x0
Register Write to Reg: 0x00 Val: 0x00000000
[inst #1684] sll x0,x0,x0
Register Write to Reg: 0x00 Val: 0x00000000
[inst #1685] sll x0,x0,x0
Register Write to Reg: 0x00 Val: 0x00000000
[inst #1686] addi x9,x9,-268
Register Write to Reg: 0x09 Val: 0x10010034
[inst #1687] addi x5,x0,0
Register Write to Reg: 0x05 Val: 0x00000000
[inst #1688] add x6,x0,x8
Register Write to Reg: 0x06 Val: 0x00000001
[inst #1689] addi x7,x0,0
Register Write to Reg: 0x07 Val: 0x00000000
[inst #1690] bge x5,x8,272
[inst #1691] addi x0,x0,0
Register Write to Reg: 0x00 Val: 0x00000000
[inst #1692] addi x0,x0,0
Register Write to Reg: 0x00 Val: 0x00000000
[inst #1693] bge x6,x18,176
[inst #1694] addi x0,x0,0
Register Write to Reg: 0x00 Val: 0x00000000
[inst #1695] addi x0,x0,0
Register Write to Reg: 0x00 Val: 0x00000000
[inst #1696] slli x30,x5,2
Register Write to Reg: 0x1E Val: 0x00000000
[inst #1697] addi x0,x0,0
Register Write to Reg: 0x00 Val: 0x00000000
[inst #1698] addi x0,x0,0
Register Write to Reg: 0x00 Val: 0x00000000
[inst #1699] add x30,x10,x30
Register Write to Reg: 0x1E Val: 0x1001002C
[inst #1700] addi x0,x0,0
Register Write to Reg: 0x00 Val: 0x00000000
[inst #1701] addi x0,x0,0
Register Write to Reg: 0x00 Val: 0x00000000
[inst #1702] lw x28,0(x30)
Register Write to Reg: 0x1C Val: 0x0000005A
[inst #1703] slli x30,x6,2
Register Write to Reg: 0x1E Val: 0x00000004
[inst #1704] addi x0,x0,0
Register Write to Reg: 0x00 Val: 0x00000000
[inst #1705] add x30,x10,x30
Register Write to Reg: 0x1E Val: 0x10010030
[inst #1706] addi x0,x0,0
Register Write to Reg: 0x00 Val: 0x00000000
[inst #1707] addi x0,x0,0
Register Write to Reg: 0x00 Val: 0x00000000
[inst #1708] lw x29,0(x30)
Register Write to Reg: 0x1D Val: 0x00000007
[inst #1709] addi x0,x0,0
Register Write to Reg: 0x00 Val: 0x00000000
[inst #1710] addi x0,x0,0
Register Write to Reg: 0x00 Val: 0x00000000
[inst #1711] bge x29,x28,56
[inst #1712] addi x0,x0,0
Register Write to Reg: 0x00 Val: 0x00000000
[inst #1713] addi x0,x0,0
Register Write to Reg: 0x00 Val: 0x00000000
[inst #1714] slli x30,x7,2
Register Write to Reg: 0x1E Val: 0x00000000
[inst #1715] addi x0,x0,0
Register Write to Reg: 0x00 Val: 0x00000000
[inst #1716] addi x0,x0,0
Register Write to Reg: 0x00 Val: 0x00000000
[inst #1717] add x30,x9,x30
Register Write to Reg: 0x1E Val: 0x10010034
[inst #1718] addi x0,x0,0
Register Write to Reg: 0x00 Val: 0x00000000
[inst #1719] addi x0,x0,0
Register Write to Reg: 0x00 Val: 0x00000000
[inst #1720] sw x29,0(x30)
Memory Write to Addr: 0x10010034 Val: 0x00000007
[inst #1721] addi x6,x6,1
Register Write to Reg: 0x06 Val: 0x00000002
[inst #1722] jal x0,44
Register Write to Reg: 0x00 Val: 0x004001E4
[inst #1723] addi x7,x7,1
Register Write to Reg: 0x07 Val: 0x00000001
[inst #1724] jal x0,-176
Register Write to Reg: 0x00 Val: 0x00400214
[inst #1725] bge x5,x8,272
[inst #1726] addi x0,x0,0
Register Write to Reg: 0x00 Val: 0x00000000
[inst #1727] addi x0,x0,0
Register Write to Reg: 0x00 Val: 0x00000000
[inst #1728] bge x6,x18,176
[inst #1729] bge x5,x8,168
[inst #1730] addi x0,x0,0
Register Write to Reg: 0x00 Val: 0x00000000
[inst #1731] addi x0,x0,0
Register Write to Reg: 0x00 Val: 0x00000000
[inst #1732] slli x30,x5,2
Register Write to Reg: 0x1E Val: 0x00000000
[inst #1733] addi x0,x0,0
Register Write to Reg: 0x00 Val: 0x00000000
[inst #1734] addi x0,x0,0
Register Write to Reg: 0x00 Val: 0x00000000
[inst #1735] add x30,x10,x30
Register Write to Reg: 0x1E Val: 0x1001002C
[inst #1736] addi x0,x0,0
Register Write to Reg: 0x00 Val: 0x00000000
[inst #1737] addi x0,x0,0
Register Write to Reg: 0x00 Val: 0x00000000
[inst #1738] lw x28,0(x30)
Register Write to Reg: 0x1C Val: 0x0000005A
[inst #1739] slli x30,x7,2
Register Write to Reg: 0x1E Val: 0x00000004
[inst #1740] addi x0,x0,0
Register Write to Reg: 0x00 Val: 0x00000000
[inst #1741] add x30,x9,x30
Register Write to Reg: 0x1E Val: 0x10010038
[inst #1742] addi x0,x0,0
Register Write to Reg: 0x00 Val: 0x00000000
[inst #1743] addi x0,x0,0
Register Write to Reg: 0x00 Val: 0x00000000
[inst #1744] sw x28,0(x30)
Memory Write to Addr: 0x10010038 Val: 0x0000005A
[inst #1745] addi x5,x5,1
Register Write to Reg: 0x05 Val: 0x00000001
[inst #1746] addi x7,x7,1
Register Write to Reg: 0x07 Val: 0x00000002
[inst #1747] jal x0,-72
Register Write to Reg: 0x00 Val: 0x00400268
[inst #1748] bge x5,x8,168
[inst #1749] addi x5,x0,0
Register Write to Reg: 0x05 Val: 0x00000000
[inst #1750] bge x5,x18,68
[inst #1751] addi x0,x0,0
Register Write to Reg: 0x00 Val: 0x00000000
[inst #1752] addi x0,x0,0
Register Write to Reg: 0x00 Val: 0x00000000
[inst #1753] slli x30,x5,2
Register Write to Reg: 0x1E Val: 0x00000000
[inst #1754] addi x0,x0,0
Register Write to Reg: 0x00 Val: 0x00000000
[inst #1755] addi x0,x0,0
Register Write to Reg: 0x00 Val: 0x00000000
[inst #1756] add x31,x9,x30
Register Write to Reg: 0x1F Val: 0x10010034
[inst #1757] addi x0,x0,0
Register Write to Reg: 0x00 Val: 0x00000000
[inst #1758] addi x0,x0,0
Register Write to Reg: 0x00 Val: 0x00000000
[inst #1759] lw x28,0(x31)
Register Write to Reg: 0x1C Val: 0x00000007
[inst #1760] add x31,x10,x30
Register Write to Reg: 0x1F Val: 0x1001002C
[inst #1761] addi x0,x0,0
Register Write to Reg: 0x00 Val: 0x00000000
[inst #1762] sw x28,0(x31)
Memory Write to Addr: 0x1001002C Val: 0x00000007
[inst #1763] addi x5,x5,1
Register Write to Reg: 0x05 Val: 0x00000001
[inst #1764] jal x0,-56
Register Write to Reg: 0x00 Val: 0x00400304
[inst #1765] bge x5,x18,68
[inst #1766] addi x0,x0,0
Register Write to Reg: 0x00 Val: 0x00000000
[inst #1767] addi x0,x0,0
Register Write to Reg: 0x00 Val: 0x00000000
[inst #1768] slli x30,x5,2
Register Write to Reg: 0x1E Val: 0x00000004
[inst #1769] addi x0,x0,0
Register Write to Reg: 0x00 Val: 0x00000000
[inst #1770] addi x0,x0,0
Register Write to Reg: 0x00 Val: 0x00000000
[inst #1771] add x31,x9,x30
Register Write to Reg: 0x1F Val: 0x10010038
[inst #1772] addi x0,x0,0
Register Write to Reg: 0x00 Val: 0x00000000
[inst #1773] addi x0,x0,0
Register Write to Reg: 0x00 Val: 0x00000000
[inst #1774] lw x28,0(x31)
Register Write to Reg: 0x1C Val: 0x0000005A
[inst #1775] add x31,x10,x30
Register Write to Reg: 0x1F Val: 0x10010030
[inst #1776] addi x0,x0,0
Register Write to Reg: 0x00 Val: 0x00000000
[inst #1777] sw x28,0(x31)
Memory Write to Addr: 0x10010030 Val: 0x0000005A
[inst #1778] addi x5,x5,1
Register Write to Reg: 0x05 Val: 0x00000002
[inst #1779] jal x0,-56
Register Write to Reg: 0x00 Val: 0x00400304
[inst #1780] bge x5,x18,68
[inst #1781] lw x10,12(x2)
Register Write to Reg: 0x0A Val: 0x1001002C
[inst #1782] lw x11,8(x2)
Register Write to Reg: 0x0B Val: 0x00000002
[inst #1783] lw x1,28(x2)
Register Write to Reg: 0x01 Val: 0x004000F8
[inst #1784] lw x8,24(x2)
Register Write to Reg: 0x08 Val: 0x10010004
[inst #1785] lw x9,20(x2)
Register Write to Reg: 0x09 Val: 0x0000000C
[inst #1786] lw x18,16(x2)
Register Write to Reg: 0x12 Val: 0x00000000
[inst #1787] addi x0,x0,0
Register Write to Reg: 0x00 Val: 0x00000000
[inst #1788] addi x0,x0,0
Register Write to Reg: 0x00 Val: 0x00000000
[inst #1789] addi x2,x2,32
Register Write to Reg: 0x02 Val: 0x7FFFFFBC
[inst #1790] jalr x0,x1,0
Register Write to Reg: 0x00 Val: 0x00400334
[inst #1791] addi x0,x0,0
Register Write to Reg: 0x00 Val: 0x00000000
[inst #1792] addi x0,x0,0
Register Write to Reg: 0x00 Val: 0x00000000
[inst #1793] lw x1,12(x2)
Register Write to Reg: 0x01 Val: 0x004000DC
[inst #1794] addi x0,x0,0
Register Write to Reg: 0x00 Val: 0x00000000
[inst #1795] addi x0,x0,0
Register Write to Reg: 0x00 Val: 0x00000000
[inst #1796] addi x2,x2,16
Register Write to Reg: 0x02 Val: 0x7FFFFFCC
[inst #1797] jalr x0,x1,0
Register Write to Reg: 0x00 Val: 0x00400114
[inst #1798] addi x0,x0,0
Register Write to Reg: 0x00 Val: 0x00000000
[inst #1799] addi x0,x0,0
Register Write to Reg: 0x00 Val: 0x00000000
[inst #1800] lw x10,8(x2)
Register Write to Reg: 0x0A Val: 0x10010028
[inst #1801] lw x11,4(x2)
Register Write to Reg: 0x0B Val: 0x00000003
[inst #1802] addi x0,x0,0
Register Write to Reg: 0x00 Val: 0x00000000
[inst #1803] addi x0,x0,0
Register Write to Reg: 0x00 Val: 0x00000000
[inst #1804] jal x1,40
Register Write to Reg: 0x01 Val: 0x004000F8
[inst #1805] addi x2,x2,-32
Register Write to Reg: 0x02 Val: 0x7FFFFFAC
[inst #1806] sw x1,28(x2)
Memory Write to Addr: 0x7FFFFFC8 Val: 0x004000F8
[inst #1807] sw x8,24(x2)
Memory Write to Addr: 0x7FFFFFC4 Val: 0x10010004
[inst #1808] sw x9,20(x2)
Memory Write to Addr: 0x7FFFFFC0 Val: 0x0000000C
[inst #1809] sw x18,16(x2)
Memory Write to Addr: 0x7FFFFFBC Val: 0x00000000
[inst #1810] sw x10,12(x2)
Memory Write to Addr: 0x7FFFFFB8 Val: 0x10010028
[inst #1811] sw x11,8(x2)
Memory Write to Addr: 0x7FFFFFB4 Val: 0x00000003
[inst #1812] srli x8,x11,1
Register Write to Reg: 0x08 Val: 0x00000001
[inst #1813] add x18,x0,x11
Register Write to Reg: 0x12 Val: 0x00000003
[inst #1814] auipc x9,64528
Register Write to Reg: 0x09 Val: 0x10010140
[inst #1815] sll x0,x0,x0
Register Write to Reg: 0x00 Val: 0x00000000
[inst #1816] sll x0,x0,x0
Register Write to Reg: 0x00 Val: 0x00000000
[inst #1817] sll x0,x0,x0
Register Write to Reg: 0x00 Val: 0x00000000
[inst #1818] addi x9,x9,-268
Register Write to Reg: 0x09 Val: 0x10010034
[inst #1819] addi x5,x0,0
Register Write to Reg: 0x05 Val: 0x00000000
[inst #1820] add x6,x0,x8
Register Write to Reg: 0x06 Val: 0x00000001
[inst #1821] addi x7,x0,0
Register Write to Reg: 0x07 Val: 0x00000000
[inst #1822] bge x5,x8,272
[inst #1823] addi x0,x0,0
Register Write to Reg: 0x00 Val: 0x00000000
[inst #1824] addi x0,x0,0
Register Write to Reg: 0x00 Val: 0x00000000
[inst #1825] bge x6,x18,176
[inst #1826] addi x0,x0,0
Register Write to Reg: 0x00 Val: 0x00000000
[inst #1827] addi x0,x0,0
Register Write to Reg: 0x00 Val: 0x00000000
[inst #1828] slli x30,x5,2
Register Write to Reg: 0x1E Val: 0x00000000
[inst #1829] addi x0,x0,0
Register Write to Reg: 0x00 Val: 0x00000000
[inst #1830] addi x0,x0,0
Register Write to Reg: 0x00 Val: 0x00000000
[inst #1831] add x30,x10,x30
Register Write to Reg: 0x1E Val: 0x10010028
[inst #1832] addi x0,x0,0
Register Write to Reg: 0x00 Val: 0x00000000
[inst #1833] addi x0,x0,0
Register Write to Reg: 0x00 Val: 0x00000000
[inst #1834] lw x28,0(x30)
Register Write to Reg: 0x1C Val: 0x0000002D
[inst #1835] slli x30,x6,2
Register Write to Reg: 0x1E Val: 0x00000004
[inst #1836] addi x0,x0,0
Register Write to Reg: 0x00 Val: 0x00000000
[inst #1837] add x30,x10,x30
Register Write to Reg: 0x1E Val: 0x1001002C
[inst #1838] addi x0,x0,0
Register Write to Reg: 0x00 Val: 0x00000000
[inst #1839] addi x0,x0,0
Register Write to Reg: 0x00 Val: 0x00000000
[inst #1840] lw x29,0(x30)
Register Write to Reg: 0x1D Val: 0x00000007
[inst #1841] addi x0,x0,0
Register Write to Reg: 0x00 Val: 0x00000000
[inst #1842] addi x0,x0,0
Register Write to Reg: 0x00 Val: 0x00000000
[inst #1843] bge x29,x28,56
[inst #1844] addi x0,x0,0
Register Write to Reg: 0x00 Val: 0x00000000
[inst #1845] addi x0,x0,0
Register Write to Reg: 0x00 Val: 0x00000000
[inst #1846] slli x30,x7,2
Register Write to Reg: 0x1E Val: 0x00000000
[inst #1847] addi x0,x0,0
Register Write to Reg: 0x00 Val: 0x00000000
[inst #1848] addi x0,x0,0
Register Write to Reg: 0x00 Val: 0x00000000
[inst #1849] add x30,x9,x30
Register Write to Reg: 0x1E Val: 0x10010034
[inst #1850] addi x0,x0,0
Register Write to Reg: 0x00 Val: 0x00000000
[inst #1851] addi x0,x0,0
Register Write to Reg: 0x00 Val: 0x00000000
[inst #1852] sw x29,0(x30)
Memory Write to Addr: 0x10010034 Val: 0x00000007
[inst #1853] addi x6,x6,1
Register Write to Reg: 0x06 Val: 0x00000002
[inst #1854] jal x0,44
Register Write to Reg: 0x00 Val: 0x004001E4
[inst #1855] addi x7,x7,1
Register Write to Reg: 0x07 Val: 0x00000001
[inst #1856] jal x0,-176
Register Write to Reg: 0x00 Val: 0x00400214
[inst #1857] bge x5,x8,272
[inst #1858] addi x0,x0,0
Register Write to Reg: 0x00 Val: 0x00000000
[inst #1859] addi x0,x0,0
Register Write to Reg: 0x00 Val: 0x00000000
[inst #1860] bge x6,x18,176
[inst #1861] addi x0,x0,0
Register Write to Reg: 0x00 Val: 0x00000000
[inst #1862] addi x0,x0,0
Register Write to Reg: 0x00 Val: 0x00000000
[inst #1863] slli x30,x5,2
Register Write to Reg: 0x1E Val: 0x00000000
[inst #1864] addi x0,x0,0
Register Write to Reg: 0x00 Val: 0x00000000
[inst #1865] addi x0,x0,0
Register Write to Reg: 0x00 Val: 0x00000000
[inst #1866] add x30,x10,x30
Register Write to Reg: 0x1E Val: 0x10010028
[inst #1867] addi x0,x0,0
Register Write to Reg: 0x00 Val: 0x00000000
[inst #1868] addi x0,x0,0
Register Write to Reg: 0x00 Val: 0x00000000
[inst #1869] lw x28,0(x30)
Register Write to Reg: 0x1C Val: 0x0000002D
[inst #1870] slli x30,x6,2
Register Write to Reg: 0x1E Val: 0x00000008
[inst #1871] addi x0,x0,0
Register Write to Reg: 0x00 Val: 0x00000000
[inst #1872] add x30,x10,x30
Register Write to Reg: 0x1E Val: 0x10010030
[inst #1873] addi x0,x0,0
Register Write to Reg: 0x00 Val: 0x00000000
[inst #1874] addi x0,x0,0
Register Write to Reg: 0x00 Val: 0x00000000
[inst #1875] lw x29,0(x30)
Register Write to Reg: 0x1D Val: 0x0000005A
[inst #1876] addi x0,x0,0
Register Write to Reg: 0x00 Val: 0x00000000
[inst #1877] addi x0,x0,0
Register Write to Reg: 0x00 Val: 0x00000000
[inst #1878] bge x29,x28,56
[inst #1879] slli x30,x7,2
Register Write to Reg: 0x1E Val: 0x00000004
[inst #1880] addi x0,x0,0
Register Write to Reg: 0x00 Val: 0x00000000
[inst #1881] addi x0,x0,0
Register Write to Reg: 0x00 Val: 0x00000000
[inst #1882] add x30,x9,x30
Register Write to Reg: 0x1E Val: 0x10010038
[inst #1883] addi x0,x0,0
Register Write to Reg: 0x00 Val: 0x00000000
[inst #1884] addi x0,x0,0
Register Write to Reg: 0x00 Val: 0x00000000
[inst #1885] sw x28,0(x30)
Memory Write to Addr: 0x10010038 Val: 0x0000002D
[inst #1886] addi x5,x5,1
Register Write to Reg: 0x05 Val: 0x00000001
[inst #1887] addi x7,x7,1
Register Write to Reg: 0x07 Val: 0x00000002
[inst #1888] jal x0,-176
Register Write to Reg: 0x00 Val: 0x00400214
[inst #1889] bge x5,x8,272
[inst #1890] bge x6,x18,84
[inst #1891] addi x0,x0,0
Register Write to Reg: 0x00 Val: 0x00000000
[inst #1892] addi x0,x0,0
Register Write to Reg: 0x00 Val: 0x00000000
[inst #1893] slli x30,x6,2
Register Write to Reg: 0x1E Val: 0x00000008
[inst #1894] addi x0,x0,0
Register Write to Reg: 0x00 Val: 0x00000000
[inst #1895] addi x0,x0,0
Register Write to Reg: 0x00 Val: 0x00000000
[inst #1896] add x30,x10,x30
Register Write to Reg: 0x1E Val: 0x10010030
[inst #1897] addi x0,x0,0
Register Write to Reg: 0x00 Val: 0x00000000
[inst #1898] addi x0,x0,0
Register Write to Reg: 0x00 Val: 0x00000000
[inst #1899] lw x28,0(x30)
Register Write to Reg: 0x1C Val: 0x0000005A
[inst #1900] slli x30,x7,2
Register Write to Reg: 0x1E Val: 0x00000008
[inst #1901] addi x0,x0,0
Register Write to Reg: 0x00 Val: 0x00000000
[inst #1902] add x30,x9,x30
Register Write to Reg: 0x1E Val: 0x1001003C
[inst #1903] addi x0,x0,0
Register Write to Reg: 0x00 Val: 0x00000000
[inst #1904] addi x0,x0,0
Register Write to Reg: 0x00 Val: 0x00000000
[inst #1905] sw x28,0(x30)
Memory Write to Addr: 0x1001003C Val: 0x0000005A
[inst #1906] addi x6,x6,1
Register Write to Reg: 0x06 Val: 0x00000003
[inst #1907] addi x7,x7,1
Register Write to Reg: 0x07 Val: 0x00000003
[inst #1908] jal x0,-72
Register Write to Reg: 0x00 Val: 0x004002BC
[inst #1909] bge x6,x18,84
[inst #1910] addi x5,x0,0
Register Write to Reg: 0x05 Val: 0x00000000
[inst #1911] bge x5,x18,68
[inst #1912] addi x0,x0,0
Register Write to Reg: 0x00 Val: 0x00000000
[inst #1913] addi x0,x0,0
Register Write to Reg: 0x00 Val: 0x00000000
[inst #1914] slli x30,x5,2
Register Write to Reg: 0x1E Val: 0x00000000
[inst #1915] addi x0,x0,0
Register Write to Reg: 0x00 Val: 0x00000000
[inst #1916] addi x0,x0,0
Register Write to Reg: 0x00 Val: 0x00000000
[inst #1917] add x31,x9,x30
Register Write to Reg: 0x1F Val: 0x10010034
[inst #1918] addi x0,x0,0
Register Write to Reg: 0x00 Val: 0x00000000
[inst #1919] addi x0,x0,0
Register Write to Reg: 0x00 Val: 0x00000000
[inst #1920] lw x28,0(x31)
Register Write to Reg: 0x1C Val: 0x00000007
[inst #1921] add x31,x10,x30
Register Write to Reg: 0x1F Val: 0x10010028
[inst #1922] addi x0,x0,0
Register Write to Reg: 0x00 Val: 0x00000000
[inst #1923] sw x28,0(x31)
Memory Write to Addr: 0x10010028 Val: 0x00000007
[inst #1924] addi x5,x5,1
Register Write to Reg: 0x05 Val: 0x00000001
[inst #1925] jal x0,-56
Register Write to Reg: 0x00 Val: 0x00400304
[inst #1926] bge x5,x18,68
[inst #1927] addi x0,x0,0
Register Write to Reg: 0x00 Val: 0x00000000
[inst #1928] addi x0,x0,0
Register Write to Reg: 0x00 Val: 0x00000000
[inst #1929] slli x30,x5,2
Register Write to Reg: 0x1E Val: 0x00000004
[inst #1930] addi x0,x0,0
Register Write to Reg: 0x00 Val: 0x00000000
[inst #1931] addi x0,x0,0
Register Write to Reg: 0x00 Val: 0x00000000
[inst #1932] add x31,x9,x30
Register Write to Reg: 0x1F Val: 0x10010038
[inst #1933] addi x0,x0,0
Register Write to Reg: 0x00 Val: 0x00000000
[inst #1934] addi x0,x0,0
Register Write to Reg: 0x00 Val: 0x00000000
[inst #1935] lw x28,0(x31)
Register Write to Reg: 0x1C Val: 0x0000002D
[inst #1936] add x31,x10,x30
Register Write to Reg: 0x1F Val: 0x1001002C
[inst #1937] addi x0,x0,0
Register Write to Reg: 0x00 Val: 0x00000000
[inst #1938] sw x28,0(x31)
Memory Write to Addr: 0x1001002C Val: 0x0000002D
[inst #1939] addi x5,x5,1
Register Write to Reg: 0x05 Val: 0x00000002
[inst #1940] jal x0,-56
Register Write to Reg: 0x00 Val: 0x00400304
[inst #1941] bge x5,x18,68
[inst #1942] addi x0,x0,0
Register Write to Reg: 0x00 Val: 0x00000000
[inst #1943] addi x0,x0,0
Register Write to Reg: 0x00 Val: 0x00000000
[inst #1944] slli x30,x5,2
Register Write to Reg: 0x1E Val: 0x00000008
[inst #1945] addi x0,x0,0
Register Write to Reg: 0x00 Val: 0x00000000
[inst #1946] addi x0,x0,0
Register Write to Reg: 0x00 Val: 0x00000000
[inst #1947] add x31,x9,x30
Register Write to Reg: 0x1F Val: 0x1001003C
[inst #1948] addi x0,x0,0
Register Write to Reg: 0x00 Val: 0x00000000
[inst #1949] addi x0,x0,0
Register Write to Reg: 0x00 Val: 0x00000000
[inst #1950] lw x28,0(x31)
Register Write to Reg: 0x1C Val: 0x0000005A
[inst #1951] add x31,x10,x30
Register Write to Reg: 0x1F Val: 0x10010030
[inst #1952] addi x0,x0,0
Register Write to Reg: 0x00 Val: 0x00000000
[inst #1953] sw x28,0(x31)
Memory Write to Addr: 0x10010030 Val: 0x0000005A
[inst #1954] addi x5,x5,1
Register Write to Reg: 0x05 Val: 0x00000003
[inst #1955] jal x0,-56
Register Write to Reg: 0x00 Val: 0x00400304
[inst #1956] bge x5,x18,68
[inst #1957] lw x10,12(x2)
Register Write to Reg: 0x0A Val: 0x10010028
[inst #1958] lw x11,8(x2)
Register Write to Reg: 0x0B Val: 0x00000003
[inst #1959] lw x1,28(x2)
Register Write to Reg: 0x01 Val: 0x004000F8
[inst #1960] lw x8,24(x2)
Register Write to Reg: 0x08 Val: 0x10010004
[inst #1961] lw x9,20(x2)
Register Write to Reg: 0x09 Val: 0x0000000C
[inst #1962] lw x18,16(x2)
Register Write to Reg: 0x12 Val: 0x00000000
[inst #1963] addi x0,x0,0
Register Write to Reg: 0x00 Val: 0x00000000
[inst #1964] addi x0,x0,0
Register Write to Reg: 0x00 Val: 0x00000000
[inst #1965] addi x2,x2,32
Register Write to Reg: 0x02 Val: 0x7FFFFFCC
[inst #1966] jalr x0,x1,0
Register Write to Reg: 0x00 Val: 0x00400334
[inst #1967] addi x0,x0,0
Register Write to Reg: 0x00 Val: 0x00000000
[inst #1968] addi x0,x0,0
Register Write to Reg: 0x00 Val: 0x00000000
[inst #1969] lw x1,12(x2)
Register Write to Reg: 0x01 Val: 0x004000DC
[inst #1970] addi x0,x0,0
Register Write to Reg: 0x00 Val: 0x00000000
[inst #1971] addi x0,x0,0
Register Write to Reg: 0x00 Val: 0x00000000
[inst #1972] addi x2,x2,16
Register Write to Reg: 0x02 Val: 0x7FFFFFDC
[inst #1973] jalr x0,x1,0
Register Write to Reg: 0x00 Val: 0x00400114
[inst #1974] addi x0,x0,0
Register Write to Reg: 0x00 Val: 0x00000000
[inst #1975] addi x0,x0,0
Register Write to Reg: 0x00 Val: 0x00000000
[inst #1976] lw x10,8(x2)
Register Write to Reg: 0x0A Val: 0x1001001C
[inst #1977] lw x11,4(x2)
Register Write to Reg: 0x0B Val: 0x00000006
[inst #1978] addi x0,x0,0
Register Write to Reg: 0x00 Val: 0x00000000
[inst #1979] addi x0,x0,0
Register Write to Reg: 0x00 Val: 0x00000000
[inst #1980] jal x1,40
Register Write to Reg: 0x01 Val: 0x004000F8
[inst #1981] addi x2,x2,-32
Register Write to Reg: 0x02 Val: 0x7FFFFFBC
[inst #1982] sw x1,28(x2)
Memory Write to Addr: 0x7FFFFFD8 Val: 0x004000F8
[inst #1983] sw x8,24(x2)
Memory Write to Addr: 0x7FFFFFD4 Val: 0x10010004
[inst #1984] sw x9,20(x2)
Memory Write to Addr: 0x7FFFFFD0 Val: 0x0000000C
[inst #1985] sw x18,16(x2)
Memory Write to Addr: 0x7FFFFFCC Val: 0x00000000
[inst #1986] sw x10,12(x2)
Memory Write to Addr: 0x7FFFFFC8 Val: 0x1001001C
[inst #1987] sw x11,8(x2)
Memory Write to Addr: 0x7FFFFFC4 Val: 0x00000006
[inst #1988] srli x8,x11,1
Register Write to Reg: 0x08 Val: 0x00000003
[inst #1989] add x18,x0,x11
Register Write to Reg: 0x12 Val: 0x00000006
[inst #1990] auipc x9,64528
Register Write to Reg: 0x09 Val: 0x10010140
[inst #1991] sll x0,x0,x0
Register Write to Reg: 0x00 Val: 0x00000000
[inst #1992] sll x0,x0,x0
Register Write to Reg: 0x00 Val: 0x00000000
[inst #1993] sll x0,x0,x0
Register Write to Reg: 0x00 Val: 0x00000000
[inst #1994] addi x9,x9,-268
Register Write to Reg: 0x09 Val: 0x10010034
[inst #1995] addi x5,x0,0
Register Write to Reg: 0x05 Val: 0x00000000
[inst #1996] add x6,x0,x8
Register Write to Reg: 0x06 Val: 0x00000003
[inst #1997] addi x7,x0,0
Register Write to Reg: 0x07 Val: 0x00000000
[inst #1998] bge x5,x8,272
[inst #1999] addi x0,x0,0
Register Write to Reg: 0x00 Val: 0x00000000
[inst #2000] addi x0,x0,0
Register Write to Reg: 0x00 Val: 0x00000000
[inst #2001] bge x6,x18,176
[inst #2002] addi x0,x0,0
Register Write to Reg: 0x00 Val: 0x00000000
[inst #2003] addi x0,x0,0
Register Write to Reg: 0x00 Val: 0x00000000
[inst #2004] slli x30,x5,2
Register Write to Reg: 0x1E Val: 0x00000000
[inst #2005] addi x0,x0,0
Register Write to Reg: 0x00 Val: 0x00000000
[inst #2006] addi x0,x0,0
Register Write to Reg: 0x00 Val: 0x00000000
[inst #2007] add x30,x10,x30
Register Write to Reg: 0x1E Val: 0x1001001C
[inst #2008] addi x0,x0,0
Register Write to Reg: 0x00 Val: 0x00000000
[inst #2009] addi x0,x0,0
Register Write to Reg: 0x00 Val: 0x00000000
[inst #2010] lw x28,0(x30)
Register Write to Reg: 0x1C Val: 0x00000005
[inst #2011] slli x30,x6,2
Register Write to Reg: 0x1E Val: 0x0000000C
[inst #2012] addi x0,x0,0
Register Write to Reg: 0x00 Val: 0x00000000
[inst #2013] add x30,x10,x30
Register Write to Reg: 0x1E Val: 0x10010028
[inst #2014] addi x0,x0,0
Register Write to Reg: 0x00 Val: 0x00000000
[inst #2015] addi x0,x0,0
Register Write to Reg: 0x00 Val: 0x00000000
[inst #2016] lw x29,0(x30)
Register Write to Reg: 0x1D Val: 0x00000007
[inst #2017] addi x0,x0,0
Register Write to Reg: 0x00 Val: 0x00000000
[inst #2018] addi x0,x0,0
Register Write to Reg: 0x00 Val: 0x00000000
[inst #2019] bge x29,x28,56
[inst #2020] slli x30,x7,2
Register Write to Reg: 0x1E Val: 0x00000000
[inst #2021] addi x0,x0,0
Register Write to Reg: 0x00 Val: 0x00000000
[inst #2022] addi x0,x0,0
Register Write to Reg: 0x00 Val: 0x00000000
[inst #2023] add x30,x9,x30
Register Write to Reg: 0x1E Val: 0x10010034
[inst #2024] addi x0,x0,0
Register Write to Reg: 0x00 Val: 0x00000000
[inst #2025] addi x0,x0,0
Register Write to Reg: 0x00 Val: 0x00000000
[inst #2026] sw x28,0(x30)
Memory Write to Addr: 0x10010034 Val: 0x00000005
[inst #2027] addi x5,x5,1
Register Write to Reg: 0x05 Val: 0x00000001
[inst #2028] addi x7,x7,1
Register Write to Reg: 0x07 Val: 0x00000001
[inst #2029] jal x0,-176
Register Write to Reg: 0x00 Val: 0x00400214
[inst #2030] bge x5,x8,272
[inst #2031] addi x0,x0,0
Register Write to Reg: 0x00 Val: 0x00000000
[inst #2032] addi x0,x0,0
Register Write to Reg: 0x00 Val: 0x00000000
[inst #2033] bge x6,x18,176
[inst #2034] addi x0,x0,0
Register Write to Reg: 0x00 Val: 0x00000000
[inst #2035] addi x0,x0,0
Register Write to Reg: 0x00 Val: 0x00000000
[inst #2036] slli x30,x5,2
Register Write to Reg: 0x1E Val: 0x00000004
[inst #2037] addi x0,x0,0
Register Write to Reg: 0x00 Val: 0x00000000
[inst #2038] addi x0,x0,0
Register Write to Reg: 0x00 Val: 0x00000000
[inst #2039] add x30,x10,x30
Register Write to Reg: 0x1E Val: 0x10010020
[inst #2040] addi x0,x0,0
Register Write to Reg: 0x00 Val: 0x00000000
[inst #2041] addi x0,x0,0
Register Write to Reg: 0x00 Val: 0x00000000
[inst #2042] lw x28,0(x30)
Register Write to Reg: 0x1C Val: 0x00000009
[inst #2043] slli x30,x6,2
Register Write to Reg: 0x1E Val: 0x0000000C
[inst #2044] addi x0,x0,0
Register Write to Reg: 0x00 Val: 0x00000000
[inst #2045] add x30,x10,x30
Register Write to Reg: 0x1E Val: 0x10010028
[inst #2046] addi x0,x0,0
Register Write to Reg: 0x00 Val: 0x00000000
[inst #2047] addi x0,x0,0
Register Write to Reg: 0x00 Val: 0x00000000
[inst #2048] lw x29,0(x30)
Register Write to Reg: 0x1D Val: 0x00000007
[inst #2049] addi x0,x0,0
Register Write to Reg: 0x00 Val: 0x00000000
[inst #2050] addi x0,x0,0
Register Write to Reg: 0x00 Val: 0x00000000
[inst #2051] bge x29,x28,56
[inst #2052] addi x0,x0,0
Register Write to Reg: 0x00 Val: 0x00000000
[inst #2053] addi x0,x0,0
Register Write to Reg: 0x00 Val: 0x00000000
[inst #2054] slli x30,x7,2
Register Write to Reg: 0x1E Val: 0x00000004
[inst #2055] addi x0,x0,0
Register Write to Reg: 0x00 Val: 0x00000000
[inst #2056] addi x0,x0,0
Register Write to Reg: 0x00 Val: 0x00000000
[inst #2057] add x30,x9,x30
Register Write to Reg: 0x1E Val: 0x10010038
[inst #2058] addi x0,x0,0
Register Write to Reg: 0x00 Val: 0x00000000
[inst #2059] addi x0,x0,0
Register Write to Reg: 0x00 Val: 0x00000000
[inst #2060] sw x29,0(x30)
Memory Write to Addr: 0x10010038 Val: 0x00000007
[inst #2061] addi x6,x6,1
Register Write to Reg: 0x06 Val: 0x00000004
[inst #2062] jal x0,44
Register Write to Reg: 0x00 Val: 0x004001E4
[inst #2063] addi x7,x7,1
Register Write to Reg: 0x07 Val: 0x00000002
[inst #2064] jal x0,-176
Register Write to Reg: 0x00 Val: 0x00400214
[inst #2065] bge x5,x8,272
[inst #2066] addi x0,x0,0
Register Write to Reg: 0x00 Val: 0x00000000
[inst #2067] addi x0,x0,0
Register Write to Reg: 0x00 Val: 0x00000000
[inst #2068] bge x6,x18,176
[inst #2069] addi x0,x0,0
Register Write to Reg: 0x00 Val: 0x00000000
[inst #2070] addi x0,x0,0
Register Write to Reg: 0x00 Val: 0x00000000
[inst #2071] slli x30,x5,2
Register Write to Reg: 0x1E Val: 0x00000004
[inst #2072] addi x0,x0,0
Register Write to Reg: 0x00 Val: 0x00000000
[inst #2073] addi x0,x0,0
Register Write to Reg: 0x00 Val: 0x00000000
[inst #2074] add x30,x10,x30
Register Write to Reg: 0x1E Val: 0x10010020
[inst #2075] addi x0,x0,0
Register Write to Reg: 0x00 Val: 0x00000000
[inst #2076] addi x0,x0,0
Register Write to Reg: 0x00 Val: 0x00000000
[inst #2077] lw x28,0(x30)
Register Write to Reg: 0x1C Val: 0x00000009
[inst #2078] slli x30,x6,2
Register Write to Reg: 0x1E Val: 0x00000010
[inst #2079] addi x0,x0,0
Register Write to Reg: 0x00 Val: 0x00000000
[inst #2080] add x30,x10,x30
Register Write to Reg: 0x1E Val: 0x1001002C
[inst #2081] addi x0,x0,0
Register Write to Reg: 0x00 Val: 0x00000000
[inst #2082] addi x0,x0,0
Register Write to Reg: 0x00 Val: 0x00000000
[inst #2083] lw x29,0(x30)
Register Write to Reg: 0x1D Val: 0x0000002D
[inst #2084] addi x0,x0,0
Register Write to Reg: 0x00 Val: 0x00000000
[inst #2085] addi x0,x0,0
Register Write to Reg: 0x00 Val: 0x00000000
[inst #2086] bge x29,x28,56
[inst #2087] slli x30,x7,2
Register Write to Reg: 0x1E Val: 0x00000008
[inst #2088] addi x0,x0,0
Register Write to Reg: 0x00 Val: 0x00000000
[inst #2089] addi x0,x0,0
Register Write to Reg: 0x00 Val: 0x00000000
[inst #2090] add x30,x9,x30
Register Write to Reg: 0x1E Val: 0x1001003C
[inst #2091] addi x0,x0,0
Register Write to Reg: 0x00 Val: 0x00000000
[inst #2092] addi x0,x0,0
Register Write to Reg: 0x00 Val: 0x00000000
[inst #2093] sw x28,0(x30)
Memory Write to Addr: 0x1001003C Val: 0x00000009
[inst #2094] addi x5,x5,1
Register Write to Reg: 0x05 Val: 0x00000002
[inst #2095] addi x7,x7,1
Register Write to Reg: 0x07 Val: 0x00000003
[inst #2096] jal x0,-176
Register Write to Reg: 0x00 Val: 0x00400214
[inst #2097] bge x5,x8,272
[inst #2098] addi x0,x0,0
Register Write to Reg: 0x00 Val: 0x00000000
[inst #2099] addi x0,x0,0
Register Write to Reg: 0x00 Val: 0x00000000
[inst #2100] bge x6,x18,176
[inst #2101] addi x0,x0,0
Register Write to Reg: 0x00 Val: 0x00000000
[inst #2102] addi x0,x0,0
Register Write to Reg: 0x00 Val: 0x00000000
[inst #2103] slli x30,x5,2
Register Write to Reg: 0x1E Val: 0x00000008
[inst #2104] addi x0,x0,0
Register Write to Reg: 0x00 Val: 0x00000000
[inst #2105] addi x0,x0,0
Register Write to Reg: 0x00 Val: 0x00000000
[inst #2106] add x30,x10,x30
Register Write to Reg: 0x1E Val: 0x10010024
[inst #2107] addi x0,x0,0
Register Write to Reg: 0x00 Val: 0x00000000
[inst #2108] addi x0,x0,0
Register Write to Reg: 0x00 Val: 0x00000000
[inst #2109] lw x28,0(x30)
Register Write to Reg: 0x1C Val: 0x00000043
[inst #2110] slli x30,x6,2
Register Write to Reg: 0x1E Val: 0x00000010
[inst #2111] addi x0,x0,0
Register Write to Reg: 0x00 Val: 0x00000000
[inst #2112] add x30,x10,x30
Register Write to Reg: 0x1E Val: 0x1001002C
[inst #2113] addi x0,x0,0
Register Write to Reg: 0x00 Val: 0x00000000
[inst #2114] addi x0,x0,0
Register Write to Reg: 0x00 Val: 0x00000000
[inst #2115] lw x29,0(x30)
Register Write to Reg: 0x1D Val: 0x0000002D
[inst #2116] addi x0,x0,0
Register Write to Reg: 0x00 Val: 0x00000000
[inst #2117] addi x0,x0,0
Register Write to Reg: 0x00 Val: 0x00000000
[inst #2118] bge x29,x28,56
[inst #2119] addi x0,x0,0
Register Write to Reg: 0x00 Val: 0x00000000
[inst #2120] addi x0,x0,0
Register Write to Reg: 0x00 Val: 0x00000000
[inst #2121] slli x30,x7,2
Register Write to Reg: 0x1E Val: 0x0000000C
[inst #2122] addi x0,x0,0
Register Write to Reg: 0x00 Val: 0x00000000
[inst #2123] addi x0,x0,0
Register Write to Reg: 0x00 Val: 0x00000000
[inst #2124] add x30,x9,x30
Register Write to Reg: 0x1E Val: 0x10010040
[inst #2125] addi x0,x0,0
Register Write to Reg: 0x00 Val: 0x00000000
[inst #2126] addi x0,x0,0
Register Write to Reg: 0x00 Val: 0x00000000
[inst #2127] sw x29,0(x30)
Memory Write to Addr: 0x10010040 Val: 0x0000002D
[inst #2128] addi x6,x6,1
Register Write to Reg: 0x06 Val: 0x00000005
[inst #2129] jal x0,44
Register Write to Reg: 0x00 Val: 0x004001E4
[inst #2130] addi x7,x7,1
Register Write to Reg: 0x07 Val: 0x00000004
[inst #2131] jal x0,-176
Register Write to Reg: 0x00 Val: 0x00400214
[inst #2132] bge x5,x8,272
[inst #2133] addi x0,x0,0
Register Write to Reg: 0x00 Val: 0x00000000
[inst #2134] addi x0,x0,0
Register Write to Reg: 0x00 Val: 0x00000000
[inst #2135] bge x6,x18,176
[inst #2136] addi x0,x0,0
Register Write to Reg: 0x00 Val: 0x00000000
[inst #2137] addi x0,x0,0
Register Write to Reg: 0x00 Val: 0x00000000
[inst #2138] slli x30,x5,2
Register Write to Reg: 0x1E Val: 0x00000008
[inst #2139] addi x0,x0,0
Register Write to Reg: 0x00 Val: 0x00000000
[inst #2140] addi x0,x0,0
Register Write to Reg: 0x00 Val: 0x00000000
[inst #2141] add x30,x10,x30
Register Write to Reg: 0x1E Val: 0x10010024
[inst #2142] addi x0,x0,0
Register Write to Reg: 0x00 Val: 0x00000000
[inst #2143] addi x0,x0,0
Register Write to Reg: 0x00 Val: 0x00000000
[inst #2144] lw x28,0(x30)
Register Write to Reg: 0x1C Val: 0x00000043
[inst #2145] slli x30,x6,2
Register Write to Reg: 0x1E Val: 0x00000014
[inst #2146] addi x0,x0,0
Register Write to Reg: 0x00 Val: 0x00000000
[inst #2147] add x30,x10,x30
Register Write to Reg: 0x1E Val: 0x10010030
[inst #2148] addi x0,x0,0
Register Write to Reg: 0x00 Val: 0x00000000
[inst #2149] addi x0,x0,0
Register Write to Reg: 0x00 Val: 0x00000000
[inst #2150] lw x29,0(x30)
Register Write to Reg: 0x1D Val: 0x0000005A
[inst #2151] addi x0,x0,0
Register Write to Reg: 0x00 Val: 0x00000000
[inst #2152] addi x0,x0,0
Register Write to Reg: 0x00 Val: 0x00000000
[inst #2153] bge x29,x28,56
[inst #2154] slli x30,x7,2
Register Write to Reg: 0x1E Val: 0x00000010
[inst #2155] addi x0,x0,0
Register Write to Reg: 0x00 Val: 0x00000000
[inst #2156] addi x0,x0,0
Register Write to Reg: 0x00 Val: 0x00000000
[inst #2157] add x30,x9,x30
Register Write to Reg: 0x1E Val: 0x10010044
[inst #2158] addi x0,x0,0
Register Write to Reg: 0x00 Val: 0x00000000
[inst #2159] addi x0,x0,0
Register Write to Reg: 0x00 Val: 0x00000000
[inst #2160] sw x28,0(x30)
Memory Write to Addr: 0x10010044 Val: 0x00000043
[inst #2161] addi x5,x5,1
Register Write to Reg: 0x05 Val: 0x00000003
[inst #2162] addi x7,x7,1
Register Write to Reg: 0x07 Val: 0x00000005
[inst #2163] jal x0,-176
Register Write to Reg: 0x00 Val: 0x00400214
[inst #2164] bge x5,x8,272
[inst #2165] bge x6,x18,84
[inst #2166] addi x0,x0,0
Register Write to Reg: 0x00 Val: 0x00000000
[inst #2167] addi x0,x0,0
Register Write to Reg: 0x00 Val: 0x00000000
[inst #2168] slli x30,x6,2
Register Write to Reg: 0x1E Val: 0x00000014
[inst #2169] addi x0,x0,0
Register Write to Reg: 0x00 Val: 0x00000000
[inst #2170] addi x0,x0,0
Register Write to Reg: 0x00 Val: 0x00000000
[inst #2171] add x30,x10,x30
Register Write to Reg: 0x1E Val: 0x10010030
[inst #2172] addi x0,x0,0
Register Write to Reg: 0x00 Val: 0x00000000
[inst #2173] addi x0,x0,0
Register Write to Reg: 0x00 Val: 0x00000000
[inst #2174] lw x28,0(x30)
Register Write to Reg: 0x1C Val: 0x0000005A
[inst #2175] slli x30,x7,2
Register Write to Reg: 0x1E Val: 0x00000014
[inst #2176] addi x0,x0,0
Register Write to Reg: 0x00 Val: 0x00000000
[inst #2177] add x30,x9,x30
Register Write to Reg: 0x1E Val: 0x10010048
[inst #2178] addi x0,x0,0
Register Write to Reg: 0x00 Val: 0x00000000
[inst #2179] addi x0,x0,0
Register Write to Reg: 0x00 Val: 0x00000000
[inst #2180] sw x28,0(x30)
Memory Write to Addr: 0x10010048 Val: 0x0000005A
[inst #2181] addi x6,x6,1
Register Write to Reg: 0x06 Val: 0x00000006
[inst #2182] addi x7,x7,1
Register Write to Reg: 0x07 Val: 0x00000006
[inst #2183] jal x0,-72
Register Write to Reg: 0x00 Val: 0x004002BC
[inst #2184] bge x6,x18,84
[inst #2185] addi x5,x0,0
Register Write to Reg: 0x05 Val: 0x00000000
[inst #2186] bge x5,x18,68
[inst #2187] addi x0,x0,0
Register Write to Reg: 0x00 Val: 0x00000000
[inst #2188] addi x0,x0,0
Register Write to Reg: 0x00 Val: 0x00000000
[inst #2189] slli x30,x5,2
Register Write to Reg: 0x1E Val: 0x00000000
[inst #2190] addi x0,x0,0
Register Write to Reg: 0x00 Val: 0x00000000
[inst #2191] addi x0,x0,0
Register Write to Reg: 0x00 Val: 0x00000000
[inst #2192] add x31,x9,x30
Register Write to Reg: 0x1F Val: 0x10010034
[inst #2193] addi x0,x0,0
Register Write to Reg: 0x00 Val: 0x00000000
[inst #2194] addi x0,x0,0
Register Write to Reg: 0x00 Val: 0x00000000
[inst #2195] lw x28,0(x31)
Register Write to Reg: 0x1C Val: 0x00000005
[inst #2196] add x31,x10,x30
Register Write to Reg: 0x1F Val: 0x1001001C
[inst #2197] addi x0,x0,0
Register Write to Reg: 0x00 Val: 0x00000000
[inst #2198] sw x28,0(x31)
Memory Write to Addr: 0x1001001C Val: 0x00000005
[inst #2199] addi x5,x5,1
Register Write to Reg: 0x05 Val: 0x00000001
[inst #2200] jal x0,-56
Register Write to Reg: 0x00 Val: 0x00400304
[inst #2201] bge x5,x18,68
[inst #2202] addi x0,x0,0
Register Write to Reg: 0x00 Val: 0x00000000
[inst #2203] addi x0,x0,0
Register Write to Reg: 0x00 Val: 0x00000000
[inst #2204] slli x30,x5,2
Register Write to Reg: 0x1E Val: 0x00000004
[inst #2205] addi x0,x0,0
Register Write to Reg: 0x00 Val: 0x00000000
[inst #2206] addi x0,x0,0
Register Write to Reg: 0x00 Val: 0x00000000
[inst #2207] add x31,x9,x30
Register Write to Reg: 0x1F Val: 0x10010038
[inst #2208] addi x0,x0,0
Register Write to Reg: 0x00 Val: 0x00000000
[inst #2209] addi x0,x0,0
Register Write to Reg: 0x00 Val: 0x00000000
[inst #2210] lw x28,0(x31)
Register Write to Reg: 0x1C Val: 0x00000007
[inst #2211] add x31,x10,x30
Register Write to Reg: 0x1F Val: 0x10010020
[inst #2212] addi x0,x0,0
Register Write to Reg: 0x00 Val: 0x00000000
[inst #2213] sw x28,0(x31)
Memory Write to Addr: 0x10010020 Val: 0x00000007
[inst #2214] addi x5,x5,1
Register Write to Reg: 0x05 Val: 0x00000002
[inst #2215] jal x0,-56
Register Write to Reg: 0x00 Val: 0x00400304
[inst #2216] bge x5,x18,68
[inst #2217] addi x0,x0,0
Register Write to Reg: 0x00 Val: 0x00000000
[inst #2218] addi x0,x0,0
Register Write to Reg: 0x00 Val: 0x00000000
[inst #2219] slli x30,x5,2
Register Write to Reg: 0x1E Val: 0x00000008
[inst #2220] addi x0,x0,0
Register Write to Reg: 0x00 Val: 0x00000000
[inst #2221] addi x0,x0,0
Register Write to Reg: 0x00 Val: 0x00000000
[inst #2222] add x31,x9,x30
Register Write to Reg: 0x1F Val: 0x1001003C
[inst #2223] addi x0,x0,0
Register Write to Reg: 0x00 Val: 0x00000000
[inst #2224] addi x0,x0,0
Register Write to Reg: 0x00 Val: 0x00000000
[inst #2225] lw x28,0(x31)
Register Write to Reg: 0x1C Val: 0x00000009
[inst #2226] add x31,x10,x30
Register Write to Reg: 0x1F Val: 0x10010024
[inst #2227] addi x0,x0,0
Register Write to Reg: 0x00 Val: 0x00000000
[inst #2228] sw x28,0(x31)
Memory Write to Addr: 0x10010024 Val: 0x00000009
[inst #2229] addi x5,x5,1
Register Write to Reg: 0x05 Val: 0x00000003
[inst #2230] jal x0,-56
Register Write to Reg: 0x00 Val: 0x00400304
[inst #2231] bge x5,x18,68
[inst #2232] addi x0,x0,0
Register Write to Reg: 0x00 Val: 0x00000000
[inst #2233] addi x0,x0,0
Register Write to Reg: 0x00 Val: 0x00000000
[inst #2234] slli x30,x5,2
Register Write to Reg: 0x1E Val: 0x0000000C
[inst #2235] addi x0,x0,0
Register Write to Reg: 0x00 Val: 0x00000000
[inst #2236] addi x0,x0,0
Register Write to Reg: 0x00 Val: 0x00000000
[inst #2237] add x31,x9,x30
Register Write to Reg: 0x1F Val: 0x10010040
[inst #2238] addi x0,x0,0
Register Write to Reg: 0x00 Val: 0x00000000
[inst #2239] addi x0,x0,0
Register Write to Reg: 0x00 Val: 0x00000000
[inst #2240] lw x28,0(x31)
Register Write to Reg: 0x1C Val: 0x0000002D
[inst #2241] add x31,x10,x30
Register Write to Reg: 0x1F Val: 0x10010028
[inst #2242] addi x0,x0,0
Register Write to Reg: 0x00 Val: 0x00000000
[inst #2243] sw x28,0(x31)
Memory Write to Addr: 0x10010028 Val: 0x0000002D
[inst #2244] addi x5,x5,1
Register Write to Reg: 0x05 Val: 0x00000004
[inst #2245] jal x0,-56
Register Write to Reg: 0x00 Val: 0x00400304
[inst #2246] bge x5,x18,68
[inst #2247] addi x0,x0,0
Register Write to Reg: 0x00 Val: 0x00000000
[inst #2248] addi x0,x0,0
Register Write to Reg: 0x00 Val: 0x00000000
[inst #2249] slli x30,x5,2
Register Write to Reg: 0x1E Val: 0x00000010
[inst #2250] addi x0,x0,0
Register Write to Reg: 0x00 Val: 0x00000000
[inst #2251] addi x0,x0,0
Register Write to Reg: 0x00 Val: 0x00000000
[inst #2252] add x31,x9,x30
Register Write to Reg: 0x1F Val: 0x10010044
[inst #2253] addi x0,x0,0
Register Write to Reg: 0x00 Val: 0x00000000
[inst #2254] addi x0,x0,0
Register Write to Reg: 0x00 Val: 0x00000000
[inst #2255] lw x28,0(x31)
Register Write to Reg: 0x1C Val: 0x00000043
[inst #2256] add x31,x10,x30
Register Write to Reg: 0x1F Val: 0x1001002C
[inst #2257] addi x0,x0,0
Register Write to Reg: 0x00 Val: 0x00000000
[inst #2258] sw x28,0(x31)
Memory Write to Addr: 0x1001002C Val: 0x00000043
[inst #2259] addi x5,x5,1
Register Write to Reg: 0x05 Val: 0x00000005
[inst #2260] jal x0,-56
Register Write to Reg: 0x00 Val: 0x00400304
[inst #2261] bge x5,x18,68
[inst #2262] addi x0,x0,0
Register Write to Reg: 0x00 Val: 0x00000000
[inst #2263] addi x0,x0,0
Register Write to Reg: 0x00 Val: 0x00000000
[inst #2264] slli x30,x5,2
Register Write to Reg: 0x1E Val: 0x00000014
[inst #2265] addi x0,x0,0
Register Write to Reg: 0x00 Val: 0x00000000
[inst #2266] addi x0,x0,0
Register Write to Reg: 0x00 Val: 0x00000000
[inst #2267] add x31,x9,x30
Register Write to Reg: 0x1F Val: 0x10010048
[inst #2268] addi x0,x0,0
Register Write to Reg: 0x00 Val: 0x00000000
[inst #2269] addi x0,x0,0
Register Write to Reg: 0x00 Val: 0x00000000
[inst #2270] lw x28,0(x31)
Register Write to Reg: 0x1C Val: 0x0000005A
[inst #2271] add x31,x10,x30
Register Write to Reg: 0x1F Val: 0x10010030
[inst #2272] addi x0,x0,0
Register Write to Reg: 0x00 Val: 0x00000000
[inst #2273] sw x28,0(x31)
Memory Write to Addr: 0x10010030 Val: 0x0000005A
[inst #2274] addi x5,x5,1
Register Write to Reg: 0x05 Val: 0x00000006
[inst #2275] jal x0,-56
Register Write to Reg: 0x00 Val: 0x00400304
[inst #2276] bge x5,x18,68
[inst #2277] lw x10,12(x2)
Register Write to Reg: 0x0A Val: 0x1001001C
[inst #2278] lw x11,8(x2)
Register Write to Reg: 0x0B Val: 0x00000006
[inst #2279] lw x1,28(x2)
Register Write to Reg: 0x01 Val: 0x004000F8
[inst #2280] lw x8,24(x2)
Register Write to Reg: 0x08 Val: 0x10010004
[inst #2281] lw x9,20(x2)
Register Write to Reg: 0x09 Val: 0x0000000C
[inst #2282] lw x18,16(x2)
Register Write to Reg: 0x12 Val: 0x00000000
[inst #2283] addi x0,x0,0
Register Write to Reg: 0x00 Val: 0x00000000
[inst #2284] addi x0,x0,0
Register Write to Reg: 0x00 Val: 0x00000000
[inst #2285] addi x2,x2,32
Register Write to Reg: 0x02 Val: 0x7FFFFFDC
[inst #2286] jalr x0,x1,0
Register Write to Reg: 0x00 Val: 0x00400334
[inst #2287] addi x0,x0,0
Register Write to Reg: 0x00 Val: 0x00000000
[inst #2288] addi x0,x0,0
Register Write to Reg: 0x00 Val: 0x00000000
[inst #2289] lw x1,12(x2)
Register Write to Reg: 0x01 Val: 0x004000DC
[inst #2290] addi x0,x0,0
Register Write to Reg: 0x00 Val: 0x00000000
[inst #2291] addi x0,x0,0
Register Write to Reg: 0x00 Val: 0x00000000
[inst #2292] addi x2,x2,16
Register Write to Reg: 0x02 Val: 0x7FFFFFEC
[inst #2293] jalr x0,x1,0
Register Write to Reg: 0x00 Val: 0x00400114
[inst #2294] addi x0,x0,0
Register Write to Reg: 0x00 Val: 0x00000000
[inst #2295] addi x0,x0,0
Register Write to Reg: 0x00 Val: 0x00000000
[inst #2296] lw x10,8(x2)
Register Write to Reg: 0x0A Val: 0x10010004
[inst #2297] lw x11,4(x2)
Register Write to Reg: 0x0B Val: 0x0000000C
[inst #2298] addi x0,x0,0
Register Write to Reg: 0x00 Val: 0x00000000
[inst #2299] addi x0,x0,0
Register Write to Reg: 0x00 Val: 0x00000000
[inst #2300] jal x1,40
Register Write to Reg: 0x01 Val: 0x004000F8
[inst #2301] addi x2,x2,-32
Register Write to Reg: 0x02 Val: 0x7FFFFFCC
[inst #2302] sw x1,28(x2)
Memory Write to Addr: 0x7FFFFFE8 Val: 0x004000F8
[inst #2303] sw x8,24(x2)
Memory Write to Addr: 0x7FFFFFE4 Val: 0x10010004
[inst #2304] sw x9,20(x2)
Memory Write to Addr: 0x7FFFFFE0 Val: 0x0000000C
[inst #2305] sw x18,16(x2)
Memory Write to Addr: 0x7FFFFFDC Val: 0x00000000
[inst #2306] sw x10,12(x2)
Memory Write to Addr: 0x7FFFFFD8 Val: 0x10010004
[inst #2307] sw x11,8(x2)
Memory Write to Addr: 0x7FFFFFD4 Val: 0x0000000C
[inst #2308] srli x8,x11,1
Register Write to Reg: 0x08 Val: 0x00000006
[inst #2309] add x18,x0,x11
Register Write to Reg: 0x12 Val: 0x0000000C
[inst #2310] auipc x9,64528
Register Write to Reg: 0x09 Val: 0x10010140
[inst #2311] sll x0,x0,x0
Register Write to Reg: 0x00 Val: 0x00000000
[inst #2312] sll x0,x0,x0
Register Write to Reg: 0x00 Val: 0x00000000
[inst #2313] sll x0,x0,x0
Register Write to Reg: 0x00 Val: 0x00000000
[inst #2314] addi x9,x9,-268
Register Write to Reg: 0x09 Val: 0x10010034
[inst #2315] addi x5,x0,0
Register Write to Reg: 0x05 Val: 0x00000000
[inst #2316] add x6,x0,x8
Register Write to Reg: 0x06 Val: 0x00000006
[inst #2317] addi x7,x0,0
Register Write to Reg: 0x07 Val: 0x00000000
[inst #2318] bge x5,x8,272
[inst #2319] addi x0,x0,0
Register Write to Reg: 0x00 Val: 0x00000000
[inst #2320] addi x0,x0,0
Register Write to Reg: 0x00 Val: 0x00000000
[inst #2321] bge x6,x18,176
[inst #2322] addi x0,x0,0
Register Write to Reg: 0x00 Val: 0x00000000
[inst #2323] addi x0,x0,0
Register Write to Reg: 0x00 Val: 0x00000000
[inst #2324] slli x30,x5,2
Register Write to Reg: 0x1E Val: 0x00000000
[inst #2325] addi x0,x0,0
Register Write to Reg: 0x00 Val: 0x00000000
[inst #2326] addi x0,x0,0
Register Write to Reg: 0x00 Val: 0x00000000
[inst #2327] add x30,x10,x30
Register Write to Reg: 0x1E Val: 0x10010004
[inst #2328] addi x0,x0,0
Register Write to Reg: 0x00 Val: 0x00000000
[inst #2329] addi x0,x0,0
Register Write to Reg: 0x00 Val: 0x00000000
[inst #2330] lw x28,0(x30)
Register Write to Reg: 0x1C Val: 0x0000000A
[inst #2331] slli x30,x6,2
Register Write to Reg: 0x1E Val: 0x00000018
[inst #2332] addi x0,x0,0
Register Write to Reg: 0x00 Val: 0x00000000
[inst #2333] add x30,x10,x30
Register Write to Reg: 0x1E Val: 0x1001001C
[inst #2334] addi x0,x0,0
Register Write to Reg: 0x00 Val: 0x00000000
[inst #2335] addi x0,x0,0
Register Write to Reg: 0x00 Val: 0x00000000
[inst #2336] lw x29,0(x30)
Register Write to Reg: 0x1D Val: 0x00000005
[inst #2337] addi x0,x0,0
Register Write to Reg: 0x00 Val: 0x00000000
[inst #2338] addi x0,x0,0
Register Write to Reg: 0x00 Val: 0x00000000
[inst #2339] bge x29,x28,56
[inst #2340] addi x0,x0,0
Register Write to Reg: 0x00 Val: 0x00000000
[inst #2341] addi x0,x0,0
Register Write to Reg: 0x00 Val: 0x00000000
[inst #2342] slli x30,x7,2
Register Write to Reg: 0x1E Val: 0x00000000
[inst #2343] addi x0,x0,0
Register Write to Reg: 0x00 Val: 0x00000000
[inst #2344] addi x0,x0,0
Register Write to Reg: 0x00 Val: 0x00000000
[inst #2345] add x30,x9,x30
Register Write to Reg: 0x1E Val: 0x10010034
[inst #2346] addi x0,x0,0
Register Write to Reg: 0x00 Val: 0x00000000
[inst #2347] addi x0,x0,0
Register Write to Reg: 0x00 Val: 0x00000000
[inst #2348] sw x29,0(x30)
Memory Write to Addr: 0x10010034 Val: 0x00000005
[inst #2349] addi x6,x6,1
Register Write to Reg: 0x06 Val: 0x00000007
[inst #2350] jal x0,44
Register Write to Reg: 0x00 Val: 0x004001E4
[inst #2351] addi x7,x7,1
Register Write to Reg: 0x07 Val: 0x00000001
[inst #2352] jal x0,-176
Register Write to Reg: 0x00 Val: 0x00400214
[inst #2353] bge x5,x8,272
[inst #2354] addi x0,x0,0
Register Write to Reg: 0x00 Val: 0x00000000
[inst #2355] addi x0,x0,0
Register Write to Reg: 0x00 Val: 0x00000000
[inst #2356] bge x6,x18,176
[inst #2357] addi x0,x0,0
Register Write to Reg: 0x00 Val: 0x00000000
[inst #2358] addi x0,x0,0
Register Write to Reg: 0x00 Val: 0x00000000
[inst #2359] slli x30,x5,2
Register Write to Reg: 0x1E Val: 0x00000000
[inst #2360] addi x0,x0,0
Register Write to Reg: 0x00 Val: 0x00000000
[inst #2361] addi x0,x0,0
Register Write to Reg: 0x00 Val: 0x00000000
[inst #2362] add x30,x10,x30
Register Write to Reg: 0x1E Val: 0x10010004
[inst #2363] addi x0,x0,0
Register Write to Reg: 0x00 Val: 0x00000000
[inst #2364] addi x0,x0,0
Register Write to Reg: 0x00 Val: 0x00000000
[inst #2365] lw x28,0(x30)
Register Write to Reg: 0x1C Val: 0x0000000A
[inst #2366] slli x30,x6,2
Register Write to Reg: 0x1E Val: 0x0000001C
[inst #2367] addi x0,x0,0
Register Write to Reg: 0x00 Val: 0x00000000
[inst #2368] add x30,x10,x30
Register Write to Reg: 0x1E Val: 0x10010020
[inst #2369] addi x0,x0,0
Register Write to Reg: 0x00 Val: 0x00000000
[inst #2370] addi x0,x0,0
Register Write to Reg: 0x00 Val: 0x00000000
[inst #2371] lw x29,0(x30)
Register Write to Reg: 0x1D Val: 0x00000007
[inst #2372] addi x0,x0,0
Register Write to Reg: 0x00 Val: 0x00000000
[inst #2373] addi x0,x0,0
Register Write to Reg: 0x00 Val: 0x00000000
[inst #2374] bge x29,x28,56
[inst #2375] addi x0,x0,0
Register Write to Reg: 0x00 Val: 0x00000000
[inst #2376] addi x0,x0,0
Register Write to Reg: 0x00 Val: 0x00000000
[inst #2377] slli x30,x7,2
Register Write to Reg: 0x1E Val: 0x00000004
[inst #2378] addi x0,x0,0
Register Write to Reg: 0x00 Val: 0x00000000
[inst #2379] addi x0,x0,0
Register Write to Reg: 0x00 Val: 0x00000000
[inst #2380] add x30,x9,x30
Register Write to Reg: 0x1E Val: 0x10010038
[inst #2381] addi x0,x0,0
Register Write to Reg: 0x00 Val: 0x00000000
[inst #2382] addi x0,x0,0
Register Write to Reg: 0x00 Val: 0x00000000
[inst #2383] sw x29,0(x30)
Memory Write to Addr: 0x10010038 Val: 0x00000007
[inst #2384] addi x6,x6,1
Register Write to Reg: 0x06 Val: 0x00000008
[inst #2385] jal x0,44
Register Write to Reg: 0x00 Val: 0x004001E4
[inst #2386] addi x7,x7,1
Register Write to Reg: 0x07 Val: 0x00000002
[inst #2387] jal x0,-176
Register Write to Reg: 0x00 Val: 0x00400214
[inst #2388] bge x5,x8,272
[inst #2389] addi x0,x0,0
Register Write to Reg: 0x00 Val: 0x00000000
[inst #2390] addi x0,x0,0
Register Write to Reg: 0x00 Val: 0x00000000
[inst #2391] bge x6,x18,176
[inst #2392] addi x0,x0,0
Register Write to Reg: 0x00 Val: 0x00000000
[inst #2393] addi x0,x0,0
Register Write to Reg: 0x00 Val: 0x00000000
[inst #2394] slli x30,x5,2
Register Write to Reg: 0x1E Val: 0x00000000
[inst #2395] addi x0,x0,0
Register Write to Reg: 0x00 Val: 0x00000000
[inst #2396] addi x0,x0,0
Register Write to Reg: 0x00 Val: 0x00000000
[inst #2397] add x30,x10,x30
Register Write to Reg: 0x1E Val: 0x10010004
[inst #2398] addi x0,x0,0
Register Write to Reg: 0x00 Val: 0x00000000
[inst #2399] addi x0,x0,0
Register Write to Reg: 0x00 Val: 0x00000000
[inst #2400] lw x28,0(x30)
Register Write to Reg: 0x1C Val: 0x0000000A
[inst #2401] slli x30,x6,2
Register Write to Reg: 0x1E Val: 0x00000020
[inst #2402] addi x0,x0,0
Register Write to Reg: 0x00 Val: 0x00000000
[inst #2403] add x30,x10,x30
Register Write to Reg: 0x1E Val: 0x10010024
[inst #2404] addi x0,x0,0
Register Write to Reg: 0x00 Val: 0x00000000
[inst #2405] addi x0,x0,0
Register Write to Reg: 0x00 Val: 0x00000000
[inst #2406] lw x29,0(x30)
Register Write to Reg: 0x1D Val: 0x00000009
[inst #2407] addi x0,x0,0
Register Write to Reg: 0x00 Val: 0x00000000
[inst #2408] addi x0,x0,0
Register Write to Reg: 0x00 Val: 0x00000000
[inst #2409] bge x29,x28,56
[inst #2410] addi x0,x0,0
Register Write to Reg: 0x00 Val: 0x00000000
[inst #2411] addi x0,x0,0
Register Write to Reg: 0x00 Val: 0x00000000
[inst #2412] slli x30,x7,2
Register Write to Reg: 0x1E Val: 0x00000008
[inst #2413] addi x0,x0,0
Register Write to Reg: 0x00 Val: 0x00000000
[inst #2414] addi x0,x0,0
Register Write to Reg: 0x00 Val: 0x00000000
[inst #2415] add x30,x9,x30
Register Write to Reg: 0x1E Val: 0x1001003C
[inst #2416] addi x0,x0,0
Register Write to Reg: 0x00 Val: 0x00000000
[inst #2417] addi x0,x0,0
Register Write to Reg: 0x00 Val: 0x00000000
[inst #2418] sw x29,0(x30)
Memory Write to Addr: 0x1001003C Val: 0x00000009
[inst #2419] addi x6,x6,1
Register Write to Reg: 0x06 Val: 0x00000009
[inst #2420] jal x0,44
Register Write to Reg: 0x00 Val: 0x004001E4
[inst #2421] addi x7,x7,1
Register Write to Reg: 0x07 Val: 0x00000003
[inst #2422] jal x0,-176
Register Write to Reg: 0x00 Val: 0x00400214
[inst #2423] bge x5,x8,272
[inst #2424] addi x0,x0,0
Register Write to Reg: 0x00 Val: 0x00000000
[inst #2425] addi x0,x0,0
Register Write to Reg: 0x00 Val: 0x00000000
[inst #2426] bge x6,x18,176
[inst #2427] addi x0,x0,0
Register Write to Reg: 0x00 Val: 0x00000000
[inst #2428] addi x0,x0,0
Register Write to Reg: 0x00 Val: 0x00000000
[inst #2429] slli x30,x5,2
Register Write to Reg: 0x1E Val: 0x00000000
[inst #2430] addi x0,x0,0
Register Write to Reg: 0x00 Val: 0x00000000
[inst #2431] addi x0,x0,0
Register Write to Reg: 0x00 Val: 0x00000000
[inst #2432] add x30,x10,x30
Register Write to Reg: 0x1E Val: 0x10010004
[inst #2433] addi x0,x0,0
Register Write to Reg: 0x00 Val: 0x00000000
[inst #2434] addi x0,x0,0
Register Write to Reg: 0x00 Val: 0x00000000
[inst #2435] lw x28,0(x30)
Register Write to Reg: 0x1C Val: 0x0000000A
[inst #2436] slli x30,x6,2
Register Write to Reg: 0x1E Val: 0x00000024
[inst #2437] addi x0,x0,0
Register Write to Reg: 0x00 Val: 0x00000000
[inst #2438] add x30,x10,x30
Register Write to Reg: 0x1E Val: 0x10010028
[inst #2439] addi x0,x0,0
Register Write to Reg: 0x00 Val: 0x00000000
[inst #2440] addi x0,x0,0
Register Write to Reg: 0x00 Val: 0x00000000
[inst #2441] lw x29,0(x30)
Register Write to Reg: 0x1D Val: 0x0000002D
[inst #2442] addi x0,x0,0
Register Write to Reg: 0x00 Val: 0x00000000
[inst #2443] addi x0,x0,0
Register Write to Reg: 0x00 Val: 0x00000000
[inst #2444] bge x29,x28,56
[inst #2445] slli x30,x7,2
Register Write to Reg: 0x1E Val: 0x0000000C
[inst #2446] addi x0,x0,0
Register Write to Reg: 0x00 Val: 0x00000000
[inst #2447] addi x0,x0,0
Register Write to Reg: 0x00 Val: 0x00000000
[inst #2448] add x30,x9,x30
Register Write to Reg: 0x1E Val: 0x10010040
[inst #2449] addi x0,x0,0
Register Write to Reg: 0x00 Val: 0x00000000
[inst #2450] addi x0,x0,0
Register Write to Reg: 0x00 Val: 0x00000000
[inst #2451] sw x28,0(x30)
Memory Write to Addr: 0x10010040 Val: 0x0000000A
[inst #2452] addi x5,x5,1
Register Write to Reg: 0x05 Val: 0x00000001
[inst #2453] addi x7,x7,1
Register Write to Reg: 0x07 Val: 0x00000004
[inst #2454] jal x0,-176
Register Write to Reg: 0x00 Val: 0x00400214
[inst #2455] bge x5,x8,272
[inst #2456] addi x0,x0,0
Register Write to Reg: 0x00 Val: 0x00000000
[inst #2457] addi x0,x0,0
Register Write to Reg: 0x00 Val: 0x00000000
[inst #2458] bge x6,x18,176
[inst #2459] addi x0,x0,0
Register Write to Reg: 0x00 Val: 0x00000000
[inst #2460] addi x0,x0,0
Register Write to Reg: 0x00 Val: 0x00000000
[inst #2461] slli x30,x5,2
Register Write to Reg: 0x1E Val: 0x00000004
[inst #2462] addi x0,x0,0
Register Write to Reg: 0x00 Val: 0x00000000
[inst #2463] addi x0,x0,0
Register Write to Reg: 0x00 Val: 0x00000000
[inst #2464] add x30,x10,x30
Register Write to Reg: 0x1E Val: 0x10010008
[inst #2465] addi x0,x0,0
Register Write to Reg: 0x00 Val: 0x00000000
[inst #2466] addi x0,x0,0
Register Write to Reg: 0x00 Val: 0x00000000
[inst #2467] lw x28,0(x30)
Register Write to Reg: 0x1C Val: 0x0000000B
[inst #2468] slli x30,x6,2
Register Write to Reg: 0x1E Val: 0x00000024
[inst #2469] addi x0,x0,0
Register Write to Reg: 0x00 Val: 0x00000000
[inst #2470] add x30,x10,x30
Register Write to Reg: 0x1E Val: 0x10010028
[inst #2471] addi x0,x0,0
Register Write to Reg: 0x00 Val: 0x00000000
[inst #2472] addi x0,x0,0
Register Write to Reg: 0x00 Val: 0x00000000
[inst #2473] lw x29,0(x30)
Register Write to Reg: 0x1D Val: 0x0000002D
[inst #2474] addi x0,x0,0
Register Write to Reg: 0x00 Val: 0x00000000
[inst #2475] addi x0,x0,0
Register Write to Reg: 0x00 Val: 0x00000000
[inst #2476] bge x29,x28,56
[inst #2477] slli x30,x7,2
Register Write to Reg: 0x1E Val: 0x00000010
[inst #2478] addi x0,x0,0
Register Write to Reg: 0x00 Val: 0x00000000
[inst #2479] addi x0,x0,0
Register Write to Reg: 0x00 Val: 0x00000000
[inst #2480] add x30,x9,x30
Register Write to Reg: 0x1E Val: 0x10010044
[inst #2481] addi x0,x0,0
Register Write to Reg: 0x00 Val: 0x00000000
[inst #2482] addi x0,x0,0
Register Write to Reg: 0x00 Val: 0x00000000
[inst #2483] sw x28,0(x30)
Memory Write to Addr: 0x10010044 Val: 0x0000000B
[inst #2484] addi x5,x5,1
Register Write to Reg: 0x05 Val: 0x00000002
[inst #2485] addi x7,x7,1
Register Write to Reg: 0x07 Val: 0x00000005
[inst #2486] jal x0,-176
Register Write to Reg: 0x00 Val: 0x00400214
[inst #2487] bge x5,x8,272
[inst #2488] addi x0,x0,0
Register Write to Reg: 0x00 Val: 0x00000000
[inst #2489] addi x0,x0,0
Register Write to Reg: 0x00 Val: 0x00000000
[inst #2490] bge x6,x18,176
[inst #2491] addi x0,x0,0
Register Write to Reg: 0x00 Val: 0x00000000
[inst #2492] addi x0,x0,0
Register Write to Reg: 0x00 Val: 0x00000000
[inst #2493] slli x30,x5,2
Register Write to Reg: 0x1E Val: 0x00000008
[inst #2494] addi x0,x0,0
Register Write to Reg: 0x00 Val: 0x00000000
[inst #2495] addi x0,x0,0
Register Write to Reg: 0x00 Val: 0x00000000
[inst #2496] add x30,x10,x30
Register Write to Reg: 0x1E Val: 0x1001000C
[inst #2497] addi x0,x0,0
Register Write to Reg: 0x00 Val: 0x00000000
[inst #2498] addi x0,x0,0
Register Write to Reg: 0x00 Val: 0x00000000
[inst #2499] lw x28,0(x30)
Register Write to Reg: 0x1C Val: 0x0000000C
[inst #2500] slli x30,x6,2
Register Write to Reg: 0x1E Val: 0x00000024
[inst #2501] addi x0,x0,0
Register Write to Reg: 0x00 Val: 0x00000000
[inst #2502] add x30,x10,x30
Register Write to Reg: 0x1E Val: 0x10010028
[inst #2503] addi x0,x0,0
Register Write to Reg: 0x00 Val: 0x00000000
[inst #2504] addi x0,x0,0
Register Write to Reg: 0x00 Val: 0x00000000
[inst #2505] lw x29,0(x30)
Register Write to Reg: 0x1D Val: 0x0000002D
[inst #2506] addi x0,x0,0
Register Write to Reg: 0x00 Val: 0x00000000
[inst #2507] addi x0,x0,0
Register Write to Reg: 0x00 Val: 0x00000000
[inst #2508] bge x29,x28,56
[inst #2509] slli x30,x7,2
Register Write to Reg: 0x1E Val: 0x00000014
[inst #2510] addi x0,x0,0
Register Write to Reg: 0x00 Val: 0x00000000
[inst #2511] addi x0,x0,0
Register Write to Reg: 0x00 Val: 0x00000000
[inst #2512] add x30,x9,x30
Register Write to Reg: 0x1E Val: 0x10010048
[inst #2513] addi x0,x0,0
Register Write to Reg: 0x00 Val: 0x00000000
[inst #2514] addi x0,x0,0
Register Write to Reg: 0x00 Val: 0x00000000
[inst #2515] sw x28,0(x30)
Memory Write to Addr: 0x10010048 Val: 0x0000000C
[inst #2516] addi x5,x5,1
Register Write to Reg: 0x05 Val: 0x00000003
[inst #2517] addi x7,x7,1
Register Write to Reg: 0x07 Val: 0x00000006
[inst #2518] jal x0,-176
Register Write to Reg: 0x00 Val: 0x00400214
[inst #2519] bge x5,x8,272
[inst #2520] addi x0,x0,0
Register Write to Reg: 0x00 Val: 0x00000000
[inst #2521] addi x0,x0,0
Register Write to Reg: 0x00 Val: 0x00000000
[inst #2522] bge x6,x18,176
[inst #2523] addi x0,x0,0
Register Write to Reg: 0x00 Val: 0x00000000
[inst #2524] addi x0,x0,0
Register Write to Reg: 0x00 Val: 0x00000000
[inst #2525] slli x30,x5,2
Register Write to Reg: 0x1E Val: 0x0000000C
[inst #2526] addi x0,x0,0
Register Write to Reg: 0x00 Val: 0x00000000
[inst #2527] addi x0,x0,0
Register Write to Reg: 0x00 Val: 0x00000000
[inst #2528] add x30,x10,x30
Register Write to Reg: 0x1E Val: 0x10010010
[inst #2529] addi x0,x0,0
Register Write to Reg: 0x00 Val: 0x00000000
[inst #2530] addi x0,x0,0
Register Write to Reg: 0x00 Val: 0x00000000
[inst #2531] lw x28,0(x30)
Register Write to Reg: 0x1C Val: 0x00000041
[inst #2532] slli x30,x6,2
Register Write to Reg: 0x1E Val: 0x00000024
[inst #2533] addi x0,x0,0
Register Write to Reg: 0x00 Val: 0x00000000
[inst #2534] add x30,x10,x30
Register Write to Reg: 0x1E Val: 0x10010028
[inst #2535] addi x0,x0,0
Register Write to Reg: 0x00 Val: 0x00000000
[inst #2536] addi x0,x0,0
Register Write to Reg: 0x00 Val: 0x00000000
[inst #2537] lw x29,0(x30)
Register Write to Reg: 0x1D Val: 0x0000002D
[inst #2538] addi x0,x0,0
Register Write to Reg: 0x00 Val: 0x00000000
[inst #2539] addi x0,x0,0
Register Write to Reg: 0x00 Val: 0x00000000
[inst #2540] bge x29,x28,56
[inst #2541] addi x0,x0,0
Register Write to Reg: 0x00 Val: 0x00000000
[inst #2542] addi x0,x0,0
Register Write to Reg: 0x00 Val: 0x00000000
[inst #2543] slli x30,x7,2
Register Write to Reg: 0x1E Val: 0x00000018
[inst #2544] addi x0,x0,0
Register Write to Reg: 0x00 Val: 0x00000000
[inst #2545] addi x0,x0,0
Register Write to Reg: 0x00 Val: 0x00000000
[inst #2546] add x30,x9,x30
Register Write to Reg: 0x1E Val: 0x1001004C
[inst #2547] addi x0,x0,0
Register Write to Reg: 0x00 Val: 0x00000000
[inst #2548] addi x0,x0,0
Register Write to Reg: 0x00 Val: 0x00000000
[inst #2549] sw x29,0(x30)
Memory Write to Addr: 0x1001004C Val: 0x0000002D
[inst #2550] addi x6,x6,1
Register Write to Reg: 0x06 Val: 0x0000000A
[inst #2551] jal x0,44
Register Write to Reg: 0x00 Val: 0x004001E4
[inst #2552] addi x7,x7,1
Register Write to Reg: 0x07 Val: 0x00000007
[inst #2553] jal x0,-176
Register Write to Reg: 0x00 Val: 0x00400214
[inst #2554] bge x5,x8,272
[inst #2555] addi x0,x0,0
Register Write to Reg: 0x00 Val: 0x00000000
[inst #2556] addi x0,x0,0
Register Write to Reg: 0x00 Val: 0x00000000
[inst #2557] bge x6,x18,176
[inst #2558] addi x0,x0,0
Register Write to Reg: 0x00 Val: 0x00000000
[inst #2559] addi x0,x0,0
Register Write to Reg: 0x00 Val: 0x00000000
[inst #2560] slli x30,x5,2
Register Write to Reg: 0x1E Val: 0x0000000C
[inst #2561] addi x0,x0,0
Register Write to Reg: 0x00 Val: 0x00000000
[inst #2562] addi x0,x0,0
Register Write to Reg: 0x00 Val: 0x00000000
[inst #2563] add x30,x10,x30
Register Write to Reg: 0x1E Val: 0x10010010
[inst #2564] addi x0,x0,0
Register Write to Reg: 0x00 Val: 0x00000000
[inst #2565] addi x0,x0,0
Register Write to Reg: 0x00 Val: 0x00000000
[inst #2566] lw x28,0(x30)
Register Write to Reg: 0x1C Val: 0x00000041
[inst #2567] slli x30,x6,2
Register Write to Reg: 0x1E Val: 0x00000028
[inst #2568] addi x0,x0,0
Register Write to Reg: 0x00 Val: 0x00000000
[inst #2569] add x30,x10,x30
Register Write to Reg: 0x1E Val: 0x1001002C
[inst #2570] addi x0,x0,0
Register Write to Reg: 0x00 Val: 0x00000000
[inst #2571] addi x0,x0,0
Register Write to Reg: 0x00 Val: 0x00000000
[inst #2572] lw x29,0(x30)
Register Write to Reg: 0x1D Val: 0x00000043
[inst #2573] addi x0,x0,0
Register Write to Reg: 0x00 Val: 0x00000000
[inst #2574] addi x0,x0,0
Register Write to Reg: 0x00 Val: 0x00000000
[inst #2575] bge x29,x28,56
[inst #2576] slli x30,x7,2
Register Write to Reg: 0x1E Val: 0x0000001C
[inst #2577] addi x0,x0,0
Register Write to Reg: 0x00 Val: 0x00000000
[inst #2578] addi x0,x0,0
Register Write to Reg: 0x00 Val: 0x00000000
[inst #2579] add x30,x9,x30
Register Write to Reg: 0x1E Val: 0x10010050
[inst #2580] addi x0,x0,0
Register Write to Reg: 0x00 Val: 0x00000000
[inst #2581] addi x0,x0,0
Register Write to Reg: 0x00 Val: 0x00000000
[inst #2582] sw x28,0(x30)
Memory Write to Addr: 0x10010050 Val: 0x00000041
[inst #2583] addi x5,x5,1
Register Write to Reg: 0x05 Val: 0x00000004
[inst #2584] addi x7,x7,1
Register Write to Reg: 0x07 Val: 0x00000008
[inst #2585] jal x0,-176
Register Write to Reg: 0x00 Val: 0x00400214
[inst #2586] bge x5,x8,272
[inst #2587] addi x0,x0,0
Register Write to Reg: 0x00 Val: 0x00000000
[inst #2588] addi x0,x0,0
Register Write to Reg: 0x00 Val: 0x00000000
[inst #2589] bge x6,x18,176
[inst #2590] addi x0,x0,0
Register Write to Reg: 0x00 Val: 0x00000000
[inst #2591] addi x0,x0,0
Register Write to Reg: 0x00 Val: 0x00000000
[inst #2592] slli x30,x5,2
Register Write to Reg: 0x1E Val: 0x00000010
[inst #2593] addi x0,x0,0
Register Write to Reg: 0x00 Val: 0x00000000
[inst #2594] addi x0,x0,0
Register Write to Reg: 0x00 Val: 0x00000000
[inst #2595] add x30,x10,x30
Register Write to Reg: 0x1E Val: 0x10010014
[inst #2596] addi x0,x0,0
Register Write to Reg: 0x00 Val: 0x00000000
[inst #2597] addi x0,x0,0
Register Write to Reg: 0x00 Val: 0x00000000
[inst #2598] lw x28,0(x30)
Register Write to Reg: 0x1C Val: 0x00000046
[inst #2599] slli x30,x6,2
Register Write to Reg: 0x1E Val: 0x00000028
[inst #2600] addi x0,x0,0
Register Write to Reg: 0x00 Val: 0x00000000
[inst #2601] add x30,x10,x30
Register Write to Reg: 0x1E Val: 0x1001002C
[inst #2602] addi x0,x0,0
Register Write to Reg: 0x00 Val: 0x00000000
[inst #2603] addi x0,x0,0
Register Write to Reg: 0x00 Val: 0x00000000
[inst #2604] lw x29,0(x30)
Register Write to Reg: 0x1D Val: 0x00000043
[inst #2605] addi x0,x0,0
Register Write to Reg: 0x00 Val: 0x00000000
[inst #2606] addi x0,x0,0
Register Write to Reg: 0x00 Val: 0x00000000
[inst #2607] bge x29,x28,56
[inst #2608] addi x0,x0,0
Register Write to Reg: 0x00 Val: 0x00000000
[inst #2609] addi x0,x0,0
Register Write to Reg: 0x00 Val: 0x00000000
[inst #2610] slli x30,x7,2
Register Write to Reg: 0x1E Val: 0x00000020
[inst #2611] addi x0,x0,0
Register Write to Reg: 0x00 Val: 0x00000000
[inst #2612] addi x0,x0,0
Register Write to Reg: 0x00 Val: 0x00000000
[inst #2613] add x30,x9,x30
Register Write to Reg: 0x1E Val: 0x10010054
[inst #2614] addi x0,x0,0
Register Write to Reg: 0x00 Val: 0x00000000
[inst #2615] addi x0,x0,0
Register Write to Reg: 0x00 Val: 0x00000000
[inst #2616] sw x29,0(x30)
Memory Write to Addr: 0x10010054 Val: 0x00000043
[inst #2617] addi x6,x6,1
Register Write to Reg: 0x06 Val: 0x0000000B
[inst #2618] jal x0,44
Register Write to Reg: 0x00 Val: 0x004001E4
[inst #2619] addi x7,x7,1
Register Write to Reg: 0x07 Val: 0x00000009
[inst #2620] jal x0,-176
Register Write to Reg: 0x00 Val: 0x00400214
[inst #2621] bge x5,x8,272
[inst #2622] addi x0,x0,0
Register Write to Reg: 0x00 Val: 0x00000000
[inst #2623] addi x0,x0,0
Register Write to Reg: 0x00 Val: 0x00000000
[inst #2624] bge x6,x18,176
[inst #2625] addi x0,x0,0
Register Write to Reg: 0x00 Val: 0x00000000
[inst #2626] addi x0,x0,0
Register Write to Reg: 0x00 Val: 0x00000000
[inst #2627] slli x30,x5,2
Register Write to Reg: 0x1E Val: 0x00000010
[inst #2628] addi x0,x0,0
Register Write to Reg: 0x00 Val: 0x00000000
[inst #2629] addi x0,x0,0
Register Write to Reg: 0x00 Val: 0x00000000
[inst #2630] add x30,x10,x30
Register Write to Reg: 0x1E Val: 0x10010014
[inst #2631] addi x0,x0,0
Register Write to Reg: 0x00 Val: 0x00000000
[inst #2632] addi x0,x0,0
Register Write to Reg: 0x00 Val: 0x00000000
[inst #2633] lw x28,0(x30)
Register Write to Reg: 0x1C Val: 0x00000046
[inst #2634] slli x30,x6,2
Register Write to Reg: 0x1E Val: 0x0000002C
[inst #2635] addi x0,x0,0
Register Write to Reg: 0x00 Val: 0x00000000
[inst #2636] add x30,x10,x30
Register Write to Reg: 0x1E Val: 0x10010030
[inst #2637] addi x0,x0,0
Register Write to Reg: 0x00 Val: 0x00000000
[inst #2638] addi x0,x0,0
Register Write to Reg: 0x00 Val: 0x00000000
[inst #2639] lw x29,0(x30)
Register Write to Reg: 0x1D Val: 0x0000005A
[inst #2640] addi x0,x0,0
Register Write to Reg: 0x00 Val: 0x00000000
[inst #2641] addi x0,x0,0
Register Write to Reg: 0x00 Val: 0x00000000
[inst #2642] bge x29,x28,56
[inst #2643] slli x30,x7,2
Register Write to Reg: 0x1E Val: 0x00000024
[inst #2644] addi x0,x0,0
Register Write to Reg: 0x00 Val: 0x00000000
[inst #2645] addi x0,x0,0
Register Write to Reg: 0x00 Val: 0x00000000
[inst #2646] add x30,x9,x30
Register Write to Reg: 0x1E Val: 0x10010058
[inst #2647] addi x0,x0,0
Register Write to Reg: 0x00 Val: 0x00000000
[inst #2648] addi x0,x0,0
Register Write to Reg: 0x00 Val: 0x00000000
[inst #2649] sw x28,0(x30)
Memory Write to Addr: 0x10010058 Val: 0x00000046
[inst #2650] addi x5,x5,1
Register Write to Reg: 0x05 Val: 0x00000005
[inst #2651] addi x7,x7,1
Register Write to Reg: 0x07 Val: 0x0000000A
[inst #2652] jal x0,-176
Register Write to Reg: 0x00 Val: 0x00400214
[inst #2653] bge x5,x8,272
[inst #2654] addi x0,x0,0
Register Write to Reg: 0x00 Val: 0x00000000
[inst #2655] addi x0,x0,0
Register Write to Reg: 0x00 Val: 0x00000000
[inst #2656] bge x6,x18,176
[inst #2657] addi x0,x0,0
Register Write to Reg: 0x00 Val: 0x00000000
[inst #2658] addi x0,x0,0
Register Write to Reg: 0x00 Val: 0x00000000
[inst #2659] slli x30,x5,2
Register Write to Reg: 0x1E Val: 0x00000014
[inst #2660] addi x0,x0,0
Register Write to Reg: 0x00 Val: 0x00000000
[inst #2661] addi x0,x0,0
Register Write to Reg: 0x00 Val: 0x00000000
[inst #2662] add x30,x10,x30
Register Write to Reg: 0x1E Val: 0x10010018
[inst #2663] addi x0,x0,0
Register Write to Reg: 0x00 Val: 0x00000000
[inst #2664] addi x0,x0,0
Register Write to Reg: 0x00 Val: 0x00000000
[inst #2665] lw x28,0(x30)
Register Write to Reg: 0x1C Val: 0x00000059
[inst #2666] slli x30,x6,2
Register Write to Reg: 0x1E Val: 0x0000002C
[inst #2667] addi x0,x0,0
Register Write to Reg: 0x00 Val: 0x00000000
[inst #2668] add x30,x10,x30
Register Write to Reg: 0x1E Val: 0x10010030
[inst #2669] addi x0,x0,0
Register Write to Reg: 0x00 Val: 0x00000000
[inst #2670] addi x0,x0,0
Register Write to Reg: 0x00 Val: 0x00000000
[inst #2671] lw x29,0(x30)
Register Write to Reg: 0x1D Val: 0x0000005A
[inst #2672] addi x0,x0,0
Register Write to Reg: 0x00 Val: 0x00000000
[inst #2673] addi x0,x0,0
Register Write to Reg: 0x00 Val: 0x00000000
[inst #2674] bge x29,x28,56
[inst #2675] slli x30,x7,2
Register Write to Reg: 0x1E Val: 0x00000028
[inst #2676] addi x0,x0,0
Register Write to Reg: 0x00 Val: 0x00000000
[inst #2677] addi x0,x0,0
Register Write to Reg: 0x00 Val: 0x00000000
[inst #2678] add x30,x9,x30
Register Write to Reg: 0x1E Val: 0x1001005C
[inst #2679] addi x0,x0,0
Register Write to Reg: 0x00 Val: 0x00000000
[inst #2680] addi x0,x0,0
Register Write to Reg: 0x00 Val: 0x00000000
[inst #2681] sw x28,0(x30)
Memory Write to Addr: 0x1001005C Val: 0x00000059
[inst #2682] addi x5,x5,1
Register Write to Reg: 0x05 Val: 0x00000006
[inst #2683] addi x7,x7,1
Register Write to Reg: 0x07 Val: 0x0000000B
[inst #2684] jal x0,-176
Register Write to Reg: 0x00 Val: 0x00400214
[inst #2685] bge x5,x8,272
[inst #2686] bge x6,x18,84
[inst #2687] addi x0,x0,0
Register Write to Reg: 0x00 Val: 0x00000000
[inst #2688] addi x0,x0,0
Register Write to Reg: 0x00 Val: 0x00000000
[inst #2689] slli x30,x6,2
Register Write to Reg: 0x1E Val: 0x0000002C
[inst #2690] addi x0,x0,0
Register Write to Reg: 0x00 Val: 0x00000000
[inst #2691] addi x0,x0,0
Register Write to Reg: 0x00 Val: 0x00000000
[inst #2692] add x30,x10,x30
Register Write to Reg: 0x1E Val: 0x10010030
[inst #2693] addi x0,x0,0
Register Write to Reg: 0x00 Val: 0x00000000
[inst #2694] addi x0,x0,0
Register Write to Reg: 0x00 Val: 0x00000000
[inst #2695] lw x28,0(x30)
Register Write to Reg: 0x1C Val: 0x0000005A
[inst #2696] slli x30,x7,2
Register Write to Reg: 0x1E Val: 0x0000002C
[inst #2697] addi x0,x0,0
Register Write to Reg: 0x00 Val: 0x00000000
[inst #2698] add x30,x9,x30
Register Write to Reg: 0x1E Val: 0x10010060
[inst #2699] addi x0,x0,0
Register Write to Reg: 0x00 Val: 0x00000000
[inst #2700] addi x0,x0,0
Register Write to Reg: 0x00 Val: 0x00000000
[inst #2701] sw x28,0(x30)
Memory Write to Addr: 0x10010060 Val: 0x0000005A
[inst #2702] addi x6,x6,1
Register Write to Reg: 0x06 Val: 0x0000000C
[inst #2703] addi x7,x7,1
Register Write to Reg: 0x07 Val: 0x0000000C
[inst #2704] jal x0,-72
Register Write to Reg: 0x00 Val: 0x004002BC
[inst #2705] bge x6,x18,84
[inst #2706] addi x5,x0,0
Register Write to Reg: 0x05 Val: 0x00000000
[inst #2707] bge x5,x18,68
[inst #2708] addi x0,x0,0
Register Write to Reg: 0x00 Val: 0x00000000
[inst #2709] addi x0,x0,0
Register Write to Reg: 0x00 Val: 0x00000000
[inst #2710] slli x30,x5,2
Register Write to Reg: 0x1E Val: 0x00000000
[inst #2711] addi x0,x0,0
Register Write to Reg: 0x00 Val: 0x00000000
[inst #2712] addi x0,x0,0
Register Write to Reg: 0x00 Val: 0x00000000
[inst #2713] add x31,x9,x30
Register Write to Reg: 0x1F Val: 0x10010034
[inst #2714] addi x0,x0,0
Register Write to Reg: 0x00 Val: 0x00000000
[inst #2715] addi x0,x0,0
Register Write to Reg: 0x00 Val: 0x00000000
[inst #2716] lw x28,0(x31)
Register Write to Reg: 0x1C Val: 0x00000005
[inst #2717] add x31,x10,x30
Register Write to Reg: 0x1F Val: 0x10010004
[inst #2718] addi x0,x0,0
Register Write to Reg: 0x00 Val: 0x00000000
[inst #2719] sw x28,0(x31)
Memory Write to Addr: 0x10010004 Val: 0x00000005
[inst #2720] addi x5,x5,1
Register Write to Reg: 0x05 Val: 0x00000001
[inst #2721] jal x0,-56
Register Write to Reg: 0x00 Val: 0x00400304
[inst #2722] bge x5,x18,68
[inst #2723] addi x0,x0,0
Register Write to Reg: 0x00 Val: 0x00000000
[inst #2724] addi x0,x0,0
Register Write to Reg: 0x00 Val: 0x00000000
[inst #2725] slli x30,x5,2
Register Write to Reg: 0x1E Val: 0x00000004
[inst #2726] addi x0,x0,0
Register Write to Reg: 0x00 Val: 0x00000000
[inst #2727] addi x0,x0,0
Register Write to Reg: 0x00 Val: 0x00000000
[inst #2728] add x31,x9,x30
Register Write to Reg: 0x1F Val: 0x10010038
[inst #2729] addi x0,x0,0
Register Write to Reg: 0x00 Val: 0x00000000
[inst #2730] addi x0,x0,0
Register Write to Reg: 0x00 Val: 0x00000000
[inst #2731] lw x28,0(x31)
Register Write to Reg: 0x1C Val: 0x00000007
[inst #2732] add x31,x10,x30
Register Write to Reg: 0x1F Val: 0x10010008
[inst #2733] addi x0,x0,0
Register Write to Reg: 0x00 Val: 0x00000000
[inst #2734] sw x28,0(x31)
Memory Write to Addr: 0x10010008 Val: 0x00000007
[inst #2735] addi x5,x5,1
Register Write to Reg: 0x05 Val: 0x00000002
[inst #2736] jal x0,-56
Register Write to Reg: 0x00 Val: 0x00400304
[inst #2737] bge x5,x18,68
[inst #2738] addi x0,x0,0
Register Write to Reg: 0x00 Val: 0x00000000
[inst #2739] addi x0,x0,0
Register Write to Reg: 0x00 Val: 0x00000000
[inst #2740] slli x30,x5,2
Register Write to Reg: 0x1E Val: 0x00000008
[inst #2741] addi x0,x0,0
Register Write to Reg: 0x00 Val: 0x00000000
[inst #2742] addi x0,x0,0
Register Write to Reg: 0x00 Val: 0x00000000
[inst #2743] add x31,x9,x30
Register Write to Reg: 0x1F Val: 0x1001003C
[inst #2744] addi x0,x0,0
Register Write to Reg: 0x00 Val: 0x00000000
[inst #2745] addi x0,x0,0
Register Write to Reg: 0x00 Val: 0x00000000
[inst #2746] lw x28,0(x31)
Register Write to Reg: 0x1C Val: 0x00000009
[inst #2747] add x31,x10,x30
Register Write to Reg: 0x1F Val: 0x1001000C
[inst #2748] addi x0,x0,0
Register Write to Reg: 0x00 Val: 0x00000000
[inst #2749] sw x28,0(x31)
Memory Write to Addr: 0x1001000C Val: 0x00000009
[inst #2750] addi x5,x5,1
Register Write to Reg: 0x05 Val: 0x00000003
[inst #2751] jal x0,-56
Register Write to Reg: 0x00 Val: 0x00400304
[inst #2752] bge x5,x18,68
[inst #2753] addi x0,x0,0
Register Write to Reg: 0x00 Val: 0x00000000
[inst #2754] addi x0,x0,0
Register Write to Reg: 0x00 Val: 0x00000000
[inst #2755] slli x30,x5,2
Register Write to Reg: 0x1E Val: 0x0000000C
[inst #2756] addi x0,x0,0
Register Write to Reg: 0x00 Val: 0x00000000
[inst #2757] addi x0,x0,0
Register Write to Reg: 0x00 Val: 0x00000000
[inst #2758] add x31,x9,x30
Register Write to Reg: 0x1F Val: 0x10010040
[inst #2759] addi x0,x0,0
Register Write to Reg: 0x00 Val: 0x00000000
[inst #2760] addi x0,x0,0
Register Write to Reg: 0x00 Val: 0x00000000
[inst #2761] lw x28,0(x31)
Register Write to Reg: 0x1C Val: 0x0000000A
[inst #2762] add x31,x10,x30
Register Write to Reg: 0x1F Val: 0x10010010
[inst #2763] addi x0,x0,0
Register Write to Reg: 0x00 Val: 0x00000000
[inst #2764] sw x28,0(x31)
Memory Write to Addr: 0x10010010 Val: 0x0000000A
[inst #2765] addi x5,x5,1
Register Write to Reg: 0x05 Val: 0x00000004
[inst #2766] jal x0,-56
Register Write to Reg: 0x00 Val: 0x00400304
[inst #2767] bge x5,x18,68
[inst #2768] addi x0,x0,0
Register Write to Reg: 0x00 Val: 0x00000000
[inst #2769] addi x0,x0,0
Register Write to Reg: 0x00 Val: 0x00000000
[inst #2770] slli x30,x5,2
Register Write to Reg: 0x1E Val: 0x00000010
[inst #2771] addi x0,x0,0
Register Write to Reg: 0x00 Val: 0x00000000
[inst #2772] addi x0,x0,0
Register Write to Reg: 0x00 Val: 0x00000000
[inst #2773] add x31,x9,x30
Register Write to Reg: 0x1F Val: 0x10010044
[inst #2774] addi x0,x0,0
Register Write to Reg: 0x00 Val: 0x00000000
[inst #2775] addi x0,x0,0
Register Write to Reg: 0x00 Val: 0x00000000
[inst #2776] lw x28,0(x31)
Register Write to Reg: 0x1C Val: 0x0000000B
[inst #2777] add x31,x10,x30
Register Write to Reg: 0x1F Val: 0x10010014
[inst #2778] addi x0,x0,0
Register Write to Reg: 0x00 Val: 0x00000000
[inst #2779] sw x28,0(x31)
Memory Write to Addr: 0x10010014 Val: 0x0000000B
[inst #2780] addi x5,x5,1
Register Write to Reg: 0x05 Val: 0x00000005
[inst #2781] jal x0,-56
Register Write to Reg: 0x00 Val: 0x00400304
[inst #2782] bge x5,x18,68
[inst #2783] addi x0,x0,0
Register Write to Reg: 0x00 Val: 0x00000000
[inst #2784] addi x0,x0,0
Register Write to Reg: 0x00 Val: 0x00000000
[inst #2785] slli x30,x5,2
Register Write to Reg: 0x1E Val: 0x00000014
[inst #2786] addi x0,x0,0
Register Write to Reg: 0x00 Val: 0x00000000
[inst #2787] addi x0,x0,0
Register Write to Reg: 0x00 Val: 0x00000000
[inst #2788] add x31,x9,x30
Register Write to Reg: 0x1F Val: 0x10010048
[inst #2789] addi x0,x0,0
Register Write to Reg: 0x00 Val: 0x00000000
[inst #2790] addi x0,x0,0
Register Write to Reg: 0x00 Val: 0x00000000
[inst #2791] lw x28,0(x31)
Register Write to Reg: 0x1C Val: 0x0000000C
[inst #2792] add x31,x10,x30
Register Write to Reg: 0x1F Val: 0x10010018
[inst #2793] addi x0,x0,0
Register Write to Reg: 0x00 Val: 0x00000000
[inst #2794] sw x28,0(x31)
Memory Write to Addr: 0x10010018 Val: 0x0000000C
[inst #2795] addi x5,x5,1
Register Write to Reg: 0x05 Val: 0x00000006
[inst #2796] jal x0,-56
Register Write to Reg: 0x00 Val: 0x00400304
[inst #2797] bge x5,x18,68
[inst #2798] addi x0,x0,0
Register Write to Reg: 0x00 Val: 0x00000000
[inst #2799] addi x0,x0,0
Register Write to Reg: 0x00 Val: 0x00000000
[inst #2800] slli x30,x5,2
Register Write to Reg: 0x1E Val: 0x00000018
[inst #2801] addi x0,x0,0
Register Write to Reg: 0x00 Val: 0x00000000
[inst #2802] addi x0,x0,0
Register Write to Reg: 0x00 Val: 0x00000000
[inst #2803] add x31,x9,x30
Register Write to Reg: 0x1F Val: 0x1001004C
[inst #2804] addi x0,x0,0
Register Write to Reg: 0x00 Val: 0x00000000
[inst #2805] addi x0,x0,0
Register Write to Reg: 0x00 Val: 0x00000000
[inst #2806] lw x28,0(x31)
Register Write to Reg: 0x1C Val: 0x0000002D
[inst #2807] add x31,x10,x30
Register Write to Reg: 0x1F Val: 0x1001001C
[inst #2808] addi x0,x0,0
Register Write to Reg: 0x00 Val: 0x00000000
[inst #2809] sw x28,0(x31)
Memory Write to Addr: 0x1001001C Val: 0x0000002D
[inst #2810] addi x5,x5,1
Register Write to Reg: 0x05 Val: 0x00000007
[inst #2811] jal x0,-56
Register Write to Reg: 0x00 Val: 0x00400304
[inst #2812] bge x5,x18,68
[inst #2813] addi x0,x0,0
Register Write to Reg: 0x00 Val: 0x00000000
[inst #2814] addi x0,x0,0
Register Write to Reg: 0x00 Val: 0x00000000
[inst #2815] slli x30,x5,2
Register Write to Reg: 0x1E Val: 0x0000001C
[inst #2816] addi x0,x0,0
Register Write to Reg: 0x00 Val: 0x00000000
[inst #2817] addi x0,x0,0
Register Write to Reg: 0x00 Val: 0x00000000
[inst #2818] add x31,x9,x30
Register Write to Reg: 0x1F Val: 0x10010050
[inst #2819] addi x0,x0,0
Register Write to Reg: 0x00 Val: 0x00000000
[inst #2820] addi x0,x0,0
Register Write to Reg: 0x00 Val: 0x00000000
[inst #2821] lw x28,0(x31)
Register Write to Reg: 0x1C Val: 0x00000041
[inst #2822] add x31,x10,x30
Register Write to Reg: 0x1F Val: 0x10010020
[inst #2823] addi x0,x0,0
Register Write to Reg: 0x00 Val: 0x00000000
[inst #2824] sw x28,0(x31)
Memory Write to Addr: 0x10010020 Val: 0x00000041
[inst #2825] addi x5,x5,1
Register Write to Reg: 0x05 Val: 0x00000008
[inst #2826] jal x0,-56
Register Write to Reg: 0x00 Val: 0x00400304
[inst #2827] bge x5,x18,68
[inst #2828] addi x0,x0,0
Register Write to Reg: 0x00 Val: 0x00000000
[inst #2829] addi x0,x0,0
Register Write to Reg: 0x00 Val: 0x00000000
[inst #2830] slli x30,x5,2
Register Write to Reg: 0x1E Val: 0x00000020
[inst #2831] addi x0,x0,0
Register Write to Reg: 0x00 Val: 0x00000000
[inst #2832] addi x0,x0,0
Register Write to Reg: 0x00 Val: 0x00000000
[inst #2833] add x31,x9,x30
Register Write to Reg: 0x1F Val: 0x10010054
[inst #2834] addi x0,x0,0
Register Write to Reg: 0x00 Val: 0x00000000
[inst #2835] addi x0,x0,0
Register Write to Reg: 0x00 Val: 0x00000000
[inst #2836] lw x28,0(x31)
Register Write to Reg: 0x1C Val: 0x00000043
[inst #2837] add x31,x10,x30
Register Write to Reg: 0x1F Val: 0x10010024
[inst #2838] addi x0,x0,0
Register Write to Reg: 0x00 Val: 0x00000000
[inst #2839] sw x28,0(x31)
Memory Write to Addr: 0x10010024 Val: 0x00000043
[inst #2840] addi x5,x5,1
Register Write to Reg: 0x05 Val: 0x00000009
[inst #2841] jal x0,-56
Register Write to Reg: 0x00 Val: 0x00400304
[inst #2842] bge x5,x18,68
[inst #2843] addi x0,x0,0
Register Write to Reg: 0x00 Val: 0x00000000
[inst #2844] addi x0,x0,0
Register Write to Reg: 0x00 Val: 0x00000000
[inst #2845] slli x30,x5,2
Register Write to Reg: 0x1E Val: 0x00000024
[inst #2846] addi x0,x0,0
Register Write to Reg: 0x00 Val: 0x00000000
[inst #2847] addi x0,x0,0
Register Write to Reg: 0x00 Val: 0x00000000
[inst #2848] add x31,x9,x30
Register Write to Reg: 0x1F Val: 0x10010058
[inst #2849] addi x0,x0,0
Register Write to Reg: 0x00 Val: 0x00000000
[inst #2850] addi x0,x0,0
Register Write to Reg: 0x00 Val: 0x00000000
[inst #2851] lw x28,0(x31)
Register Write to Reg: 0x1C Val: 0x00000046
[inst #2852] add x31,x10,x30
Register Write to Reg: 0x1F Val: 0x10010028
[inst #2853] addi x0,x0,0
Register Write to Reg: 0x00 Val: 0x00000000
[inst #2854] sw x28,0(x31)
Memory Write to Addr: 0x10010028 Val: 0x00000046
[inst #2855] addi x5,x5,1
Register Write to Reg: 0x05 Val: 0x0000000A
[inst #2856] jal x0,-56
Register Write to Reg: 0x00 Val: 0x00400304
[inst #2857] bge x5,x18,68
[inst #2858] addi x0,x0,0
Register Write to Reg: 0x00 Val: 0x00000000
[inst #2859] addi x0,x0,0
Register Write to Reg: 0x00 Val: 0x00000000
[inst #2860] slli x30,x5,2
Register Write to Reg: 0x1E Val: 0x00000028
[inst #2861] addi x0,x0,0
Register Write to Reg: 0x00 Val: 0x00000000
[inst #2862] addi x0,x0,0
Register Write to Reg: 0x00 Val: 0x00000000
[inst #2863] add x31,x9,x30
Register Write to Reg: 0x1F Val: 0x1001005C
[inst #2864] addi x0,x0,0
Register Write to Reg: 0x00 Val: 0x00000000
[inst #2865] addi x0,x0,0
Register Write to Reg: 0x00 Val: 0x00000000
[inst #2866] lw x28,0(x31)
Register Write to Reg: 0x1C Val: 0x00000059
[inst #2867] add x31,x10,x30
Register Write to Reg: 0x1F Val: 0x1001002C
[inst #2868] addi x0,x0,0
Register Write to Reg: 0x00 Val: 0x00000000
[inst #2869] sw x28,0(x31)
Memory Write to Addr: 0x1001002C Val: 0x00000059
[inst #2870] addi x5,x5,1
Register Write to Reg: 0x05 Val: 0x0000000B
[inst #2871] jal x0,-56
Register Write to Reg: 0x00 Val: 0x00400304
[inst #2872] bge x5,x18,68
[inst #2873] addi x0,x0,0
Register Write to Reg: 0x00 Val: 0x00000000
[inst #2874] addi x0,x0,0
Register Write to Reg: 0x00 Val: 0x00000000
[inst #2875] slli x30,x5,2
Register Write to Reg: 0x1E Val: 0x0000002C
[inst #2876] addi x0,x0,0
Register Write to Reg: 0x00 Val: 0x00000000
[inst #2877] addi x0,x0,0
Register Write to Reg: 0x00 Val: 0x00000000
[inst #2878] add x31,x9,x30
Register Write to Reg: 0x1F Val: 0x10010060
[inst #2879] addi x0,x0,0
Register Write to Reg: 0x00 Val: 0x00000000
[inst #2880] addi x0,x0,0
Register Write to Reg: 0x00 Val: 0x00000000
[inst #2881] lw x28,0(x31)
Register Write to Reg: 0x1C Val: 0x0000005A
[inst #2882] add x31,x10,x30
Register Write to Reg: 0x1F Val: 0x10010030
[inst #2883] addi x0,x0,0
Register Write to Reg: 0x00 Val: 0x00000000
[inst #2884] sw x28,0(x31)
Memory Write to Addr: 0x10010030 Val: 0x0000005A
[inst #2885] addi x5,x5,1
Register Write to Reg: 0x05 Val: 0x0000000C
[inst #2886] jal x0,-56
Register Write to Reg: 0x00 Val: 0x00400304
[inst #2887] bge x5,x18,68
[inst #2888] lw x10,12(x2)
Register Write to Reg: 0x0A Val: 0x10010004
[inst #2889] lw x11,8(x2)
Register Write to Reg: 0x0B Val: 0x0000000C
[inst #2890] lw x1,28(x2)
Register Write to Reg: 0x01 Val: 0x004000F8
[inst #2891] lw x8,24(x2)
Register Write to Reg: 0x08 Val: 0x10010004
[inst #2892] lw x9,20(x2)
Register Write to Reg: 0x09 Val: 0x0000000C
[inst #2893] lw x18,16(x2)
Register Write to Reg: 0x12 Val: 0x00000000
[inst #2894] addi x0,x0,0
Register Write to Reg: 0x00 Val: 0x00000000
[inst #2895] addi x0,x0,0
Register Write to Reg: 0x00 Val: 0x00000000
[inst #2896] addi x2,x2,32
Register Write to Reg: 0x02 Val: 0x7FFFFFEC
[inst #2897] jalr x0,x1,0
Register Write to Reg: 0x00 Val: 0x00400334
[inst #2898] addi x0,x0,0
Register Write to Reg: 0x00 Val: 0x00000000
[inst #2899] addi x0,x0,0
Register Write to Reg: 0x00 Val: 0x00000000
[inst #2900] lw x1,12(x2)
Register Write to Reg: 0x01 Val: 0x0040004C
[inst #2901] addi x0,x0,0
Register Write to Reg: 0x00 Val: 0x00000000
[inst #2902] addi x0,x0,0
Register Write to Reg: 0x00 Val: 0x00000000
[inst #2903] addi x2,x2,16
Register Write to Reg: 0x02 Val: 0x7FFFFFFC
[inst #2904] jalr x0,x1,0
Register Write to Reg: 0x00 Val: 0x00400114
[inst #2905] addi x0,x0,0
Register Write to Reg: 0x00 Val: 0x00000000
[inst #2906] addi x0,x0,0
Register Write to Reg: 0x00 Val: 0x00000000
[inst #2907] addi x17,x0,10
Register Write to Reg: 0x11 Val: 0x0000000A
[inst #2908] ecall 

Program terminated by calling exit
