[inst #1] lui x2,65553
Register Write to Reg: 0x02 Val: 0x10011000
[inst #2] addi x0,x0,0
Register Write to Reg: 0x00 Val: 0x00000000
[inst #3] addi x0,x0,0
Register Write to Reg: 0x00 Val: 0x00000000
[inst #4] addi x0,x0,0
Register Write to Reg: 0x00 Val: 0x00000000
[inst #5] addi x8,x0,0
Register Write to Reg: 0x08 Val: 0x00000000
[inst #6] addi x0,x0,0
Register Write to Reg: 0x00 Val: 0x00000000
[inst #7] addi x0,x0,0
Register Write to Reg: 0x00 Val: 0x00000000
[inst #8] addi x0,x0,0
Register Write to Reg: 0x00 Val: 0x00000000
[inst #9] auipc x1,0
Register Write to Reg: 0x01 Val: 0x00400020
[inst #10] sll x0,x0,x0
Register Write to Reg: 0x00 Val: 0x00000000
[inst #11] sll x0,x0,x0
Register Write to Reg: 0x00 Val: 0x00000000
[inst #12] sll x0,x0,x0
Register Write to Reg: 0x00 Val: 0x00000000
[inst #13] addi x1,x1,32
Register Write to Reg: 0x01 Val: 0x00400040
[inst #14] jal x0,24
Register Write to Reg: 0x00 Val: 0x00400038
[inst #15] addi x2,x2,-40
Register Write to Reg: 0x02 Val: 0x10010FD8
[inst #16] addi x0,x0,0
Register Write to Reg: 0x00 Val: 0x00000000
[inst #17] addi x0,x0,0
Register Write to Reg: 0x00 Val: 0x00000000
[inst #18] addi x0,x0,0
Register Write to Reg: 0x00 Val: 0x00000000
[inst #19] sw x1,36(x2)
Memory Write to Addr: 0x10010FFC Val: 0x00400040
[inst #20] sw x8,32(x2)
Memory Write to Addr: 0x10010FF8 Val: 0x00000000
[inst #21] addi x0,x0,0
Register Write to Reg: 0x00 Val: 0x00000000
[inst #22] addi x0,x0,0
Register Write to Reg: 0x00 Val: 0x00000000
[inst #23] add x8,x2,x0
Register Write to Reg: 0x08 Val: 0x10010FD8
[inst #24] addi x0,x0,0
Register Write to Reg: 0x00 Val: 0x00000000
[inst #25] addi x0,x0,0
Register Write to Reg: 0x00 Val: 0x00000000
[inst #26] addi x0,x0,0
Register Write to Reg: 0x00 Val: 0x00000000
[inst #27] sw x0,24(x2)
Memory Write to Addr: 0x10010FF0 Val: 0x00000000
[inst #28] jal x0,188
Register Write to Reg: 0x00 Val: 0x00400084
[inst #29] lw x7,24(x8)
Register Write to Reg: 0x07 Val: 0x00000000
[inst #30] addi x0,x0,0
Register Write to Reg: 0x00 Val: 0x00000000
[inst #31] addi x0,x0,0
Register Write to Reg: 0x00 Val: 0x00000000
[inst #32] addi x0,x0,0
Register Write to Reg: 0x00 Val: 0x00000000
[inst #33] slti x7,x7,4
Register Write to Reg: 0x07 Val: 0x00000001
[inst #34] addi x0,x0,0
Register Write to Reg: 0x00 Val: 0x00000000
[inst #35] addi x0,x0,0
Register Write to Reg: 0x00 Val: 0x00000000
[inst #36] addi x0,x0,0
Register Write to Reg: 0x00 Val: 0x00000000
[inst #37] beq x7,x0,24
[inst #38] addi x0,x0,0
Register Write to Reg: 0x00 Val: 0x00000000
[inst #39] addi x0,x0,0
Register Write to Reg: 0x00 Val: 0x00000000
[inst #40] jal x0,-220
Register Write to Reg: 0x00 Val: 0x0040016C
[inst #41] lw x29,24(x8)
Register Write to Reg: 0x1D Val: 0x00000000
[inst #42] addi x0,x0,0
Register Write to Reg: 0x00 Val: 0x00000000
[inst #43] addi x0,x0,0
Register Write to Reg: 0x00 Val: 0x00000000
[inst #44] addi x0,x0,0
Register Write to Reg: 0x00 Val: 0x00000000
[inst #45] auipc x1,0
Register Write to Reg: 0x01 Val: 0x0040009C
[inst #46] sll x0,x0,x0
Register Write to Reg: 0x00 Val: 0x00000000
[inst #47] sll x0,x0,x0
Register Write to Reg: 0x00 Val: 0x00000000
[inst #48] sll x0,x0,x0
Register Write to Reg: 0x00 Val: 0x00000000
[inst #49] addi x1,x1,32
Register Write to Reg: 0x01 Val: 0x004000BC
[inst #50] jal x0,2812
Register Write to Reg: 0x00 Val: 0x004000B4
[inst #51] addi x2,x2,-32
Register Write to Reg: 0x02 Val: 0x10010FB8
[inst #52] addi x0,x0,0
Register Write to Reg: 0x00 Val: 0x00000000
[inst #53] addi x0,x0,0
Register Write to Reg: 0x00 Val: 0x00000000
[inst #54] addi x0,x0,0
Register Write to Reg: 0x00 Val: 0x00000000
[inst #55] sw x8,28(x2)
Memory Write to Addr: 0x10010FD4 Val: 0x10010FD8
[inst #56] addi x0,x0,0
Register Write to Reg: 0x00 Val: 0x00000000
[inst #57] addi x0,x0,0
Register Write to Reg: 0x00 Val: 0x00000000
[inst #58] addi x0,x0,0
Register Write to Reg: 0x00 Val: 0x00000000
[inst #59] add x8,x0,x2
Register Write to Reg: 0x08 Val: 0x10010FB8
[inst #60] addi x0,x0,0
Register Write to Reg: 0x00 Val: 0x00000000
[inst #61] addi x0,x0,0
Register Write to Reg: 0x00 Val: 0x00000000
[inst #62] addi x0,x0,0
Register Write to Reg: 0x00 Val: 0x00000000
[inst #63] sw x29,32(x8)
Memory Write to Addr: 0x10010FD8 Val: 0x00000000
[inst #64] ori x7,x0,1
Register Write to Reg: 0x07 Val: 0x00000001
[inst #65] addi x0,x0,0
Register Write to Reg: 0x00 Val: 0x00000000
[inst #66] addi x0,x0,0
Register Write to Reg: 0x00 Val: 0x00000000
[inst #67] addi x0,x0,0
Register Write to Reg: 0x00 Val: 0x00000000
[inst #68] sw x7,8(x8)
Memory Write to Addr: 0x10010FC0 Val: 0x00000001
[inst #69] sw x0,12(x8)
Memory Write to Addr: 0x10010FC4 Val: 0x00000000
[inst #70] jal x0,84
Register Write to Reg: 0x00 Val: 0x00400BFC
[inst #71] lw x28,12(x8)
Register Write to Reg: 0x1C Val: 0x00000000
[inst #72] lw x7,32(x8)
Register Write to Reg: 0x07 Val: 0x00000000
[inst #73] addi x0,x0,0
Register Write to Reg: 0x00 Val: 0x00000000
[inst #74] addi x0,x0,0
Register Write to Reg: 0x00 Val: 0x00000000
[inst #75] addi x0,x0,0
Register Write to Reg: 0x00 Val: 0x00000000
[inst #76] slt x7,x28,x7
Register Write to Reg: 0x07 Val: 0x00000000
[inst #77] addi x0,x0,0
Register Write to Reg: 0x00 Val: 0x00000000
[inst #78] addi x0,x0,0
Register Write to Reg: 0x00 Val: 0x00000000
[inst #79] addi x0,x0,0
Register Write to Reg: 0x00 Val: 0x00000000
[inst #80] beq x7,x0,24
[inst #81] lui x7,65552
Register Write to Reg: 0x07 Val: 0x10010000
[inst #82] addi x0,x0,0
Register Write to Reg: 0x00 Val: 0x00000000
[inst #83] addi x0,x0,0
Register Write to Reg: 0x00 Val: 0x00000000
[inst #84] addi x0,x0,0
Register Write to Reg: 0x00 Val: 0x00000000
[inst #85] addi x7,x7,36
Register Write to Reg: 0x07 Val: 0x10010024
[inst #86] addi x0,x0,0
Register Write to Reg: 0x00 Val: 0x00000000
[inst #87] addi x0,x0,0
Register Write to Reg: 0x00 Val: 0x00000000
[inst #88] addi x0,x0,0
Register Write to Reg: 0x00 Val: 0x00000000
[inst #89] lw x7,0(x7)
Register Write to Reg: 0x07 Val: 0x00000000
[inst #90] addi x0,x0,0
Register Write to Reg: 0x00 Val: 0x00000000
[inst #91] addi x0,x0,0
Register Write to Reg: 0x00 Val: 0x00000000
[inst #92] addi x0,x0,0
Register Write to Reg: 0x00 Val: 0x00000000
[inst #93] sw x7,16(x8)
Memory Write to Addr: 0x10010FC8 Val: 0x00000000
[inst #94] lw x28,16(x8)
Register Write to Reg: 0x1C Val: 0x00000000
[inst #95] addi x0,x0,0
Register Write to Reg: 0x00 Val: 0x00000000
[inst #96] addi x0,x0,0
Register Write to Reg: 0x00 Val: 0x00000000
[inst #97] addi x0,x0,0
Register Write to Reg: 0x00 Val: 0x00000000
[inst #98] lw x7,8(x8)
Register Write to Reg: 0x07 Val: 0x00000001
[inst #99] addi x0,x0,0
Register Write to Reg: 0x00 Val: 0x00000000
[inst #100] addi x0,x0,0
Register Write to Reg: 0x00 Val: 0x00000000
[inst #101] addi x0,x0,0
Register Write to Reg: 0x00 Val: 0x00000000
[inst #102] and x7,x28,x7
Register Write to Reg: 0x07 Val: 0x00000000
[inst #103] addi x0,x0,0
Register Write to Reg: 0x00 Val: 0x00000000
[inst #104] addi x0,x0,0
Register Write to Reg: 0x00 Val: 0x00000000
[inst #105] addi x0,x0,0
Register Write to Reg: 0x00 Val: 0x00000000
[inst #106] slt x7,x0,x7
Register Write to Reg: 0x07 Val: 0x00000000
[inst #107] addi x0,x0,0
Register Write to Reg: 0x00 Val: 0x00000000
[inst #108] addi x0,x0,0
Register Write to Reg: 0x00 Val: 0x00000000
[inst #109] addi x0,x0,0
Register Write to Reg: 0x00 Val: 0x00000000
[inst #110] andi x7,x7,255
Register Write to Reg: 0x07 Val: 0x00000000
[inst #111] addi x0,x0,0
Register Write to Reg: 0x00 Val: 0x00000000
[inst #112] addi x0,x0,0
Register Write to Reg: 0x00 Val: 0x00000000
[inst #113] addi x0,x0,0
Register Write to Reg: 0x00 Val: 0x00000000
[inst #114] add x2,x0,x8
Register Write to Reg: 0x02 Val: 0x10010FB8
[inst #115] addi x0,x0,0
Register Write to Reg: 0x00 Val: 0x00000000
[inst #116] addi x0,x0,0
Register Write to Reg: 0x00 Val: 0x00000000
[inst #117] addi x0,x0,0
Register Write to Reg: 0x00 Val: 0x00000000
[inst #118] lw x8,28(x2)
Register Write to Reg: 0x08 Val: 0x10010FD8
[inst #119] addi x0,x0,0
Register Write to Reg: 0x00 Val: 0x00000000
[inst #120] addi x0,x0,0
Register Write to Reg: 0x00 Val: 0x00000000
[inst #121] addi x0,x0,0
Register Write to Reg: 0x00 Val: 0x00000000
[inst #122] addi x2,x2,32
Register Write to Reg: 0x02 Val: 0x10010FD8
[inst #123] addi x0,x0,0
Register Write to Reg: 0x00 Val: 0x00000000
[inst #124] addi x0,x0,0
Register Write to Reg: 0x00 Val: 0x00000000
[inst #125] jalr x0,x1,0
Register Write to Reg: 0x00 Val: 0x00400D3C
[inst #126] xori x7,x7,1
Register Write to Reg: 0x07 Val: 0x00000001
[inst #127] addi x0,x0,0
Register Write to Reg: 0x00 Val: 0x00000000
[inst #128] addi x0,x0,0
Register Write to Reg: 0x00 Val: 0x00000000
[inst #129] addi x0,x0,0
Register Write to Reg: 0x00 Val: 0x00000000
[inst #130] andi x7,x7,255
Register Write to Reg: 0x07 Val: 0x00000001
[inst #131] addi x0,x0,0
Register Write to Reg: 0x00 Val: 0x00000000
[inst #132] addi x0,x0,0
Register Write to Reg: 0x00 Val: 0x00000000
[inst #133] addi x0,x0,0
Register Write to Reg: 0x00 Val: 0x00000000
[inst #134] beq x7,x0,60
[inst #135] addi x0,x0,0
Register Write to Reg: 0x00 Val: 0x00000000
[inst #136] addi x0,x0,0
Register Write to Reg: 0x00 Val: 0x00000000
[inst #137] lw x29,24(x8)
Register Write to Reg: 0x1D Val: 0x00000000
[inst #138] addi x0,x0,0
Register Write to Reg: 0x00 Val: 0x00000000
[inst #139] addi x0,x0,0
Register Write to Reg: 0x00 Val: 0x00000000
[inst #140] addi x0,x0,0
Register Write to Reg: 0x00 Val: 0x00000000
[inst #141] auipc x1,0
Register Write to Reg: 0x01 Val: 0x004000F8
[inst #142] sll x0,x0,x0
Register Write to Reg: 0x00 Val: 0x00000000
[inst #143] sll x0,x0,x0
Register Write to Reg: 0x00 Val: 0x00000000
[inst #144] sll x0,x0,x0
Register Write to Reg: 0x00 Val: 0x00000000
[inst #145] addi x1,x1,32
Register Write to Reg: 0x01 Val: 0x00400118
[inst #146] jal x0,956
Register Write to Reg: 0x00 Val: 0x00400110
[inst #147] addi x2,x2,-48
Register Write to Reg: 0x02 Val: 0x10010FA8
[inst #148] addi x0,x0,0
Register Write to Reg: 0x00 Val: 0x00000000
[inst #149] addi x0,x0,0
Register Write to Reg: 0x00 Val: 0x00000000
[inst #150] addi x0,x0,0
Register Write to Reg: 0x00 Val: 0x00000000
[inst #151] sw x1,44(x2)
Memory Write to Addr: 0x10010FD4 Val: 0x00400118
[inst #152] sw x8,40(x2)
Memory Write to Addr: 0x10010FD0 Val: 0x10010FD8
[inst #153] addi x0,x0,0
Register Write to Reg: 0x00 Val: 0x00000000
[inst #154] addi x0,x0,0
Register Write to Reg: 0x00 Val: 0x00000000
[inst #155] addi x0,x0,0
Register Write to Reg: 0x00 Val: 0x00000000
[inst #156] add x8,x0,x2
Register Write to Reg: 0x08 Val: 0x10010FA8
[inst #157] addi x0,x0,0
Register Write to Reg: 0x00 Val: 0x00000000
[inst #158] addi x0,x0,0
Register Write to Reg: 0x00 Val: 0x00000000
[inst #159] addi x0,x0,0
Register Write to Reg: 0x00 Val: 0x00000000
[inst #160] sw x29,48(x8)
Memory Write to Addr: 0x10010FD8 Val: 0x00000000
[inst #161] lw x29,48(x8)
Register Write to Reg: 0x1D Val: 0x00000000
[inst #162] addi x0,x0,0
Register Write to Reg: 0x00 Val: 0x00000000
[inst #163] addi x0,x0,0
Register Write to Reg: 0x00 Val: 0x00000000
[inst #164] addi x0,x0,0
Register Write to Reg: 0x00 Val: 0x00000000
[inst #165] auipc x1,0
Register Write to Reg: 0x01 Val: 0x00400510
[inst #166] sll x0,x0,x0
Register Write to Reg: 0x00 Val: 0x00000000
[inst #167] sll x0,x0,x0
Register Write to Reg: 0x00 Val: 0x00000000
[inst #168] sll x0,x0,x0
Register Write to Reg: 0x00 Val: 0x00000000
[inst #169] addi x1,x1,32
Register Write to Reg: 0x01 Val: 0x00400530
[inst #170] jal x0,1276
Register Write to Reg: 0x00 Val: 0x00400528
[inst #171] addi x2,x2,-32
Register Write to Reg: 0x02 Val: 0x10010F88
[inst #172] addi x0,x0,0
Register Write to Reg: 0x00 Val: 0x00000000
[inst #173] addi x0,x0,0
Register Write to Reg: 0x00 Val: 0x00000000
[inst #174] addi x0,x0,0
Register Write to Reg: 0x00 Val: 0x00000000
[inst #175] sw x8,28(x2)
Memory Write to Addr: 0x10010FA4 Val: 0x10010FA8
[inst #176] addi x0,x0,0
Register Write to Reg: 0x00 Val: 0x00000000
[inst #177] addi x0,x0,0
Register Write to Reg: 0x00 Val: 0x00000000
[inst #178] addi x0,x0,0
Register Write to Reg: 0x00 Val: 0x00000000
[inst #179] add x8,x0,x2
Register Write to Reg: 0x08 Val: 0x10010F88
[inst #180] addi x0,x0,0
Register Write to Reg: 0x00 Val: 0x00000000
[inst #181] addi x0,x0,0
Register Write to Reg: 0x00 Val: 0x00000000
[inst #182] addi x0,x0,0
Register Write to Reg: 0x00 Val: 0x00000000
[inst #183] sw x29,32(x8)
Memory Write to Addr: 0x10010FA8 Val: 0x00000000
[inst #184] addi x7,x0,1
Register Write to Reg: 0x07 Val: 0x00000001
[inst #185] addi x0,x0,0
Register Write to Reg: 0x00 Val: 0x00000000
[inst #186] addi x0,x0,0
Register Write to Reg: 0x00 Val: 0x00000000
[inst #187] addi x0,x0,0
Register Write to Reg: 0x00 Val: 0x00000000
[inst #188] sw x7,8(x8)
Memory Write to Addr: 0x10010F90 Val: 0x00000001
[inst #189] sw x0,12(x8)
Memory Write to Addr: 0x10010F94 Val: 0x00000000
[inst #190] jal x0,84
Register Write to Reg: 0x00 Val: 0x00400A70
[inst #191] lw x28,12(x8)
Register Write to Reg: 0x1C Val: 0x00000000
[inst #192] lw x7,32(x8)
Register Write to Reg: 0x07 Val: 0x00000000
[inst #193] addi x0,x0,0
Register Write to Reg: 0x00 Val: 0x00000000
[inst #194] addi x0,x0,0
Register Write to Reg: 0x00 Val: 0x00000000
[inst #195] addi x0,x0,0
Register Write to Reg: 0x00 Val: 0x00000000
[inst #196] slt x7,x28,x7
Register Write to Reg: 0x07 Val: 0x00000000
[inst #197] addi x0,x0,0
Register Write to Reg: 0x00 Val: 0x00000000
[inst #198] addi x0,x0,0
Register Write to Reg: 0x00 Val: 0x00000000
[inst #199] addi x0,x0,0
Register Write to Reg: 0x00 Val: 0x00000000
[inst #200] beq x7,x0,24
[inst #201] lui x7,65552
Register Write to Reg: 0x07 Val: 0x10010000
[inst #202] addi x0,x0,0
Register Write to Reg: 0x00 Val: 0x00000000
[inst #203] addi x0,x0,0
Register Write to Reg: 0x00 Val: 0x00000000
[inst #204] addi x0,x0,0
Register Write to Reg: 0x00 Val: 0x00000000
[inst #205] addi x7,x7,36
Register Write to Reg: 0x07 Val: 0x10010024
[inst #206] addi x0,x0,0
Register Write to Reg: 0x00 Val: 0x00000000
[inst #207] addi x0,x0,0
Register Write to Reg: 0x00 Val: 0x00000000
[inst #208] addi x0,x0,0
Register Write to Reg: 0x00 Val: 0x00000000
[inst #209] sw x7,16(x8)
Memory Write to Addr: 0x10010F98 Val: 0x10010024
[inst #210] lw x7,16(x8)
Register Write to Reg: 0x07 Val: 0x10010024
[inst #211] addi x0,x0,0
Register Write to Reg: 0x00 Val: 0x00000000
[inst #212] addi x0,x0,0
Register Write to Reg: 0x00 Val: 0x00000000
[inst #213] addi x0,x0,0
Register Write to Reg: 0x00 Val: 0x00000000
[inst #214] lw x28,0(x7)
Register Write to Reg: 0x1C Val: 0x00000000
[inst #215] addi x0,x0,0
Register Write to Reg: 0x00 Val: 0x00000000
[inst #216] addi x0,x0,0
Register Write to Reg: 0x00 Val: 0x00000000
[inst #217] addi x0,x0,0
Register Write to Reg: 0x00 Val: 0x00000000
[inst #218] lw x7,8(x8)
Register Write to Reg: 0x07 Val: 0x00000001
[inst #219] addi x0,x0,0
Register Write to Reg: 0x00 Val: 0x00000000
[inst #220] addi x0,x0,0
Register Write to Reg: 0x00 Val: 0x00000000
[inst #221] addi x0,x0,0
Register Write to Reg: 0x00 Val: 0x00000000
[inst #222] or x28,x28,x7
Register Write to Reg: 0x1C Val: 0x00000001
[inst #223] addi x0,x0,0
Register Write to Reg: 0x00 Val: 0x00000000
[inst #224] addi x0,x0,0
Register Write to Reg: 0x00 Val: 0x00000000
[inst #225] addi x0,x0,0
Register Write to Reg: 0x00 Val: 0x00000000
[inst #226] lw x7,16(x8)
Register Write to Reg: 0x07 Val: 0x10010024
[inst #227] addi x0,x0,0
Register Write to Reg: 0x00 Val: 0x00000000
[inst #228] addi x0,x0,0
Register Write to Reg: 0x00 Val: 0x00000000
[inst #229] addi x0,x0,0
Register Write to Reg: 0x00 Val: 0x00000000
[inst #230] sw x28,0(x7)
Memory Write to Addr: 0x10010024 Val: 0x00000001
[inst #231] add x2,x0,x8
Register Write to Reg: 0x02 Val: 0x10010F88
[inst #232] addi x0,x0,0
Register Write to Reg: 0x00 Val: 0x00000000
[inst #233] addi x0,x0,0
Register Write to Reg: 0x00 Val: 0x00000000
[inst #234] addi x0,x0,0
Register Write to Reg: 0x00 Val: 0x00000000
[inst #235] lw x8,28(x2)
Register Write to Reg: 0x08 Val: 0x10010FA8
[inst #236] addi x0,x0,0
Register Write to Reg: 0x00 Val: 0x00000000
[inst #237] addi x0,x0,0
Register Write to Reg: 0x00 Val: 0x00000000
[inst #238] addi x0,x0,0
Register Write to Reg: 0x00 Val: 0x00000000
[inst #239] addi x2,x2,32
Register Write to Reg: 0x02 Val: 0x10010FA8
[inst #240] addi x0,x0,0
Register Write to Reg: 0x00 Val: 0x00000000
[inst #241] addi x0,x0,0
Register Write to Reg: 0x00 Val: 0x00000000
[inst #242] jalr x0,x1,0
Register Write to Reg: 0x00 Val: 0x00400BA4
[inst #243] addi x7,x8,28
Register Write to Reg: 0x07 Val: 0x10010FC4
[inst #244] addi x0,x0,0
Register Write to Reg: 0x00 Val: 0x00000000
[inst #245] addi x0,x0,0
Register Write to Reg: 0x00 Val: 0x00000000
[inst #246] addi x0,x0,0
Register Write to Reg: 0x00 Val: 0x00000000
[inst #247] lw x30,48(x8)
Register Write to Reg: 0x1E Val: 0x00000000
[inst #248] addi x0,x0,0
Register Write to Reg: 0x00 Val: 0x00000000
[inst #249] addi x0,x0,0
Register Write to Reg: 0x00 Val: 0x00000000
[inst #250] addi x0,x0,0
Register Write to Reg: 0x00 Val: 0x00000000
[inst #251] add x29,x0,x7
Register Write to Reg: 0x1D Val: 0x10010FC4
[inst #252] addi x0,x0,0
Register Write to Reg: 0x00 Val: 0x00000000
[inst #253] addi x0,x0,0
Register Write to Reg: 0x00 Val: 0x00000000
[inst #254] addi x0,x0,0
Register Write to Reg: 0x00 Val: 0x00000000
[inst #255] auipc x1,0
Register Write to Reg: 0x01 Val: 0x00400560
[inst #256] sll x0,x0,x0
Register Write to Reg: 0x00 Val: 0x00000000
[inst #257] sll x0,x0,x0
Register Write to Reg: 0x00 Val: 0x00000000
[inst #258] sll x0,x0,x0
Register Write to Reg: 0x00 Val: 0x00000000
[inst #259] addi x1,x1,32
Register Write to Reg: 0x01 Val: 0x00400580
[inst #260] jal x0,92
Register Write to Reg: 0x00 Val: 0x00400578
[inst #261] addi x2,x2,-24
Register Write to Reg: 0x02 Val: 0x10010F90
[inst #262] addi x0,x0,0
Register Write to Reg: 0x00 Val: 0x00000000
[inst #263] addi x0,x0,0
Register Write to Reg: 0x00 Val: 0x00000000
[inst #264] addi x0,x0,0
Register Write to Reg: 0x00 Val: 0x00000000
[inst #265] sw x8,20(x2)
Memory Write to Addr: 0x10010FA4 Val: 0x10010FA8
[inst #266] addi x0,x0,0
Register Write to Reg: 0x00 Val: 0x00000000
[inst #267] addi x0,x0,0
Register Write to Reg: 0x00 Val: 0x00000000
[inst #268] addi x0,x0,0
Register Write to Reg: 0x00 Val: 0x00000000
[inst #269] add x8,x0,x2
Register Write to Reg: 0x08 Val: 0x10010F90
[inst #270] addi x0,x0,0
Register Write to Reg: 0x00 Val: 0x00000000
[inst #271] addi x0,x0,0
Register Write to Reg: 0x00 Val: 0x00000000
[inst #272] addi x0,x0,0
Register Write to Reg: 0x00 Val: 0x00000000
[inst #273] sub x31,x8,x2
Register Write to Reg: 0x1F Val: 0x00000000
[inst #274] sw x29,24(x8)
Memory Write to Addr: 0x10010FA8 Val: 0x10010FC4
[inst #275] sw x30,28(x8)
Memory Write to Addr: 0x10010FAC Val: 0x00000000
[inst #276] lw x7,28(x8)
Register Write to Reg: 0x07 Val: 0x00000000
[inst #277] addi x0,x0,0
Register Write to Reg: 0x00 Val: 0x00000000
[inst #278] addi x0,x0,0
Register Write to Reg: 0x00 Val: 0x00000000
[inst #279] addi x0,x0,0
Register Write to Reg: 0x00 Val: 0x00000000
[inst #280] sw x7,8(x8)
Memory Write to Addr: 0x10010F98 Val: 0x00000000
[inst #281] sw x0,12(x8)
Memory Write to Addr: 0x10010F9C Val: 0x00000000
[inst #282] lw x7,24(x8)
Register Write to Reg: 0x07 Val: 0x10010FC4
[inst #283] lw x29,8(x8)
Register Write to Reg: 0x1D Val: 0x00000000
[inst #284] lw x28,12(x8)
Register Write to Reg: 0x1C Val: 0x00000000
[inst #285] addi x0,x0,0
Register Write to Reg: 0x00 Val: 0x00000000
[inst #286] addi x0,x0,0
Register Write to Reg: 0x00 Val: 0x00000000
[inst #287] addi x0,x0,0
Register Write to Reg: 0x00 Val: 0x00000000
[inst #288] sw x29,0(x7)
Memory Write to Addr: 0x10010FC4 Val: 0x00000000
[inst #289] sw x28,4(x7)
Memory Write to Addr: 0x10010FC8 Val: 0x00000000
[inst #290] lw x7,24(x8)
Register Write to Reg: 0x07 Val: 0x10010FC4
[inst #291] addi x0,x0,0
Register Write to Reg: 0x00 Val: 0x00000000
[inst #292] addi x0,x0,0
Register Write to Reg: 0x00 Val: 0x00000000
[inst #293] addi x0,x0,0
Register Write to Reg: 0x00 Val: 0x00000000
[inst #294] add x2,x0,x8
Register Write to Reg: 0x02 Val: 0x10010F90
[inst #295] addi x0,x0,0
Register Write to Reg: 0x00 Val: 0x00000000
[inst #296] addi x0,x0,0
Register Write to Reg: 0x00 Val: 0x00000000
[inst #297] addi x0,x0,0
Register Write to Reg: 0x00 Val: 0x00000000
[inst #298] lw x8,20(x2)
Register Write to Reg: 0x08 Val: 0x10010FA8
[inst #299] addi x0,x0,0
Register Write to Reg: 0x00 Val: 0x00000000
[inst #300] addi x0,x0,0
Register Write to Reg: 0x00 Val: 0x00000000
[inst #301] addi x0,x0,0
Register Write to Reg: 0x00 Val: 0x00000000
[inst #302] addi x2,x2,24
Register Write to Reg: 0x02 Val: 0x10010FA8
[inst #303] addi x0,x0,0
Register Write to Reg: 0x00 Val: 0x00000000
[inst #304] addi x0,x0,0
Register Write to Reg: 0x00 Val: 0x00000000
[inst #305] jalr x0,x1,0
Register Write to Reg: 0x00 Val: 0x00400684
[inst #306] addi x7,x8,28
Register Write to Reg: 0x07 Val: 0x10010FC4
[inst #307] addi x0,x0,0
Register Write to Reg: 0x00 Val: 0x00000000
[inst #308] addi x0,x0,0
Register Write to Reg: 0x00 Val: 0x00000000
[inst #309] addi x0,x0,0
Register Write to Reg: 0x00 Val: 0x00000000
[inst #310] add x29,x0,x7
Register Write to Reg: 0x1D Val: 0x10010FC4
[inst #311] addi x0,x0,0
Register Write to Reg: 0x00 Val: 0x00000000
[inst #312] addi x0,x0,0
Register Write to Reg: 0x00 Val: 0x00000000
[inst #313] addi x0,x0,0
Register Write to Reg: 0x00 Val: 0x00000000
[inst #314] auipc x1,0
Register Write to Reg: 0x01 Val: 0x004005A0
[inst #315] sll x0,x0,x0
Register Write to Reg: 0x00 Val: 0x00000000
[inst #316] sll x0,x0,x0
Register Write to Reg: 0x00 Val: 0x00000000
[inst #317] sll x0,x0,x0
Register Write to Reg: 0x00 Val: 0x00000000
[inst #318] addi x1,x1,32
Register Write to Reg: 0x01 Val: 0x004005C0
[inst #319] jal x0,216
Register Write to Reg: 0x00 Val: 0x004005B8
[inst #320] addi x2,x2,-32
Register Write to Reg: 0x02 Val: 0x10010F88
[inst #321] addi x0,x0,0
Register Write to Reg: 0x00 Val: 0x00000000
[inst #322] addi x0,x0,0
Register Write to Reg: 0x00 Val: 0x00000000
[inst #323] addi x0,x0,0
Register Write to Reg: 0x00 Val: 0x00000000
[inst #324] sw x1,28(x2)
Memory Write to Addr: 0x10010FA4 Val: 0x004005C0
[inst #325] sw x8,24(x2)
Memory Write to Addr: 0x10010FA0 Val: 0x10010FA8
[inst #326] addi x0,x0,0
Register Write to Reg: 0x00 Val: 0x00000000
[inst #327] addi x0,x0,0
Register Write to Reg: 0x00 Val: 0x00000000
[inst #328] addi x0,x0,0
Register Write to Reg: 0x00 Val: 0x00000000
[inst #329] add x8,x0,x2
Register Write to Reg: 0x08 Val: 0x10010F88
[inst #330] addi x0,x0,0
Register Write to Reg: 0x00 Val: 0x00000000
[inst #331] addi x0,x0,0
Register Write to Reg: 0x00 Val: 0x00000000
[inst #332] addi x0,x0,0
Register Write to Reg: 0x00 Val: 0x00000000
[inst #333] sw x29,32(x8)
Memory Write to Addr: 0x10010FA8 Val: 0x10010FC4
[inst #334] jal x0,288
Register Write to Reg: 0x00 Val: 0x004006C8
[inst #335] lw x7,32(x8)
Register Write to Reg: 0x07 Val: 0x10010FC4
[inst #336] addi x0,x0,0
Register Write to Reg: 0x00 Val: 0x00000000
[inst #337] addi x0,x0,0
Register Write to Reg: 0x00 Val: 0x00000000
[inst #338] addi x0,x0,0
Register Write to Reg: 0x00 Val: 0x00000000
[inst #339] lw x7,4(x7)
Register Write to Reg: 0x07 Val: 0x00000000
[inst #340] addi x0,x0,0
Register Write to Reg: 0x00 Val: 0x00000000
[inst #341] addi x0,x0,0
Register Write to Reg: 0x00 Val: 0x00000000
[inst #342] addi x0,x0,0
Register Write to Reg: 0x00 Val: 0x00000000
[inst #343] slti x7,x7,4
Register Write to Reg: 0x07 Val: 0x00000001
[inst #344] addi x0,x0,0
Register Write to Reg: 0x00 Val: 0x00000000
[inst #345] addi x0,x0,0
Register Write to Reg: 0x00 Val: 0x00000000
[inst #346] addi x0,x0,0
Register Write to Reg: 0x00 Val: 0x00000000
[inst #347] beq x7,x0,24
[inst #348] addi x0,x0,0
Register Write to Reg: 0x00 Val: 0x00000000
[inst #349] addi x0,x0,0
Register Write to Reg: 0x00 Val: 0x00000000
[inst #350] jal x0,-336
Register Write to Reg: 0x00 Val: 0x00400824
[inst #351] lw x7,32(x8)
Register Write to Reg: 0x07 Val: 0x10010FC4
[inst #352] addi x0,x0,0
Register Write to Reg: 0x00 Val: 0x00000000
[inst #353] addi x0,x0,0
Register Write to Reg: 0x00 Val: 0x00000000
[inst #354] addi x0,x0,0
Register Write to Reg: 0x00 Val: 0x00000000
[inst #355] lw x28,0(x7)
Register Write to Reg: 0x1C Val: 0x00000000
[inst #356] addi x0,x0,0
Register Write to Reg: 0x00 Val: 0x00000000
[inst #357] addi x0,x0,0
Register Write to Reg: 0x00 Val: 0x00000000
[inst #358] addi x0,x0,0
Register Write to Reg: 0x00 Val: 0x00000000
[inst #359] lw x7,32(x8)
Register Write to Reg: 0x07 Val: 0x10010FC4
[inst #360] addi x0,x0,0
Register Write to Reg: 0x00 Val: 0x00000000
[inst #361] addi x0,x0,0
Register Write to Reg: 0x00 Val: 0x00000000
[inst #362] addi x0,x0,0
Register Write to Reg: 0x00 Val: 0x00000000
[inst #363] lw x7,4(x7)
Register Write to Reg: 0x07 Val: 0x00000000
[inst #364] addi x0,x0,0
Register Write to Reg: 0x00 Val: 0x00000000
[inst #365] addi x0,x0,0
Register Write to Reg: 0x00 Val: 0x00000000
[inst #366] addi x0,x0,0
Register Write to Reg: 0x00 Val: 0x00000000
[inst #367] add x30,x0,x7
Register Write to Reg: 0x1E Val: 0x00000000
[inst #368] add x29,x0,x28
Register Write to Reg: 0x1D Val: 0x00000000
[inst #369] addi x0,x0,0
Register Write to Reg: 0x00 Val: 0x00000000
[inst #370] addi x0,x0,0
Register Write to Reg: 0x00 Val: 0x00000000
[inst #371] addi x0,x0,0
Register Write to Reg: 0x00 Val: 0x00000000
[inst #372] auipc x1,0
Register Write to Reg: 0x01 Val: 0x00400724
[inst #373] sll x0,x0,x0
Register Write to Reg: 0x00 Val: 0x00000000
[inst #374] sll x0,x0,x0
Register Write to Reg: 0x00 Val: 0x00000000
[inst #375] sll x0,x0,x0
Register Write to Reg: 0x00 Val: 0x00000000
[inst #376] addi x1,x1,32
Register Write to Reg: 0x01 Val: 0x00400744
[inst #377] jal x0,308
Register Write to Reg: 0x00 Val: 0x0040073C
[inst #378] addi x2,x2,-32
Register Write to Reg: 0x02 Val: 0x10010F68
[inst #379] addi x0,x0,0
Register Write to Reg: 0x00 Val: 0x00000000
[inst #380] addi x0,x0,0
Register Write to Reg: 0x00 Val: 0x00000000
[inst #381] addi x0,x0,0
Register Write to Reg: 0x00 Val: 0x00000000
[inst #382] sw x8,28(x2)
Memory Write to Addr: 0x10010F84 Val: 0x10010F88
[inst #383] addi x0,x0,0
Register Write to Reg: 0x00 Val: 0x00000000
[inst #384] addi x0,x0,0
Register Write to Reg: 0x00 Val: 0x00000000
[inst #385] addi x0,x0,0
Register Write to Reg: 0x00 Val: 0x00000000
[inst #386] add x8,x0,x2
Register Write to Reg: 0x08 Val: 0x10010F68
[inst #387] addi x0,x0,0
Register Write to Reg: 0x00 Val: 0x00000000
[inst #388] addi x0,x0,0
Register Write to Reg: 0x00 Val: 0x00000000
[inst #389] addi x0,x0,0
Register Write to Reg: 0x00 Val: 0x00000000
[inst #390] sw x29,32(x8)
Memory Write to Addr: 0x10010F88 Val: 0x00000000
[inst #391] sw x30,36(x8)
Memory Write to Addr: 0x10010F8C Val: 0x00000000
[inst #392] lui x7,65552
Register Write to Reg: 0x07 Val: 0x10010000
[inst #393] addi x0,x0,0
Register Write to Reg: 0x00 Val: 0x00000000
[inst #394] addi x0,x0,0
Register Write to Reg: 0x00 Val: 0x00000000
[inst #395] addi x0,x0,0
Register Write to Reg: 0x00 Val: 0x00000000
[inst #396] addi x7,x7,8
Register Write to Reg: 0x07 Val: 0x10010008
[inst #397] lw x28,32(x8)
Register Write to Reg: 0x1C Val: 0x00000000
[inst #398] addi x0,x0,0
Register Write to Reg: 0x00 Val: 0x00000000
[inst #399] addi x0,x0,0
Register Write to Reg: 0x00 Val: 0x00000000
[inst #400] addi x0,x0,0
Register Write to Reg: 0x00 Val: 0x00000000
[inst #401] slli x28,x28,2
Register Write to Reg: 0x1C Val: 0x00000000
[inst #402] addi x0,x0,0
Register Write to Reg: 0x00 Val: 0x00000000
[inst #403] addi x0,x0,0
Register Write to Reg: 0x00 Val: 0x00000000
[inst #404] addi x0,x0,0
Register Write to Reg: 0x00 Val: 0x00000000
[inst #405] add x7,x28,x7
Register Write to Reg: 0x07 Val: 0x10010008
[inst #406] addi x0,x0,0
Register Write to Reg: 0x00 Val: 0x00000000
[inst #407] addi x0,x0,0
Register Write to Reg: 0x00 Val: 0x00000000
[inst #408] addi x0,x0,0
Register Write to Reg: 0x00 Val: 0x00000000
[inst #409] lw x7,0(x7)
Register Write to Reg: 0x07 Val: 0xFFFFFFFF
[inst #410] addi x0,x0,0
Register Write to Reg: 0x00 Val: 0x00000000
[inst #411] addi x0,x0,0
Register Write to Reg: 0x00 Val: 0x00000000
[inst #412] addi x0,x0,0
Register Write to Reg: 0x00 Val: 0x00000000
[inst #413] sw x7,16(x8)
Memory Write to Addr: 0x10010F78 Val: 0xFFFFFFFF
[inst #414] addi x7,x0,1
Register Write to Reg: 0x07 Val: 0x00000001
[inst #415] addi x0,x0,0
Register Write to Reg: 0x00 Val: 0x00000000
[inst #416] addi x0,x0,0
Register Write to Reg: 0x00 Val: 0x00000000
[inst #417] addi x0,x0,0
Register Write to Reg: 0x00 Val: 0x00000000
[inst #418] sw x7,8(x8)
Memory Write to Addr: 0x10010F70 Val: 0x00000001
[inst #419] sw x0,12(x8)
Memory Write to Addr: 0x10010F74 Val: 0x00000000
[inst #420] jal x0,84
Register Write to Reg: 0x00 Val: 0x00400918
[inst #421] lw x28,12(x8)
Register Write to Reg: 0x1C Val: 0x00000000
[inst #422] lw x7,36(x8)
Register Write to Reg: 0x07 Val: 0x00000000
[inst #423] addi x0,x0,0
Register Write to Reg: 0x00 Val: 0x00000000
[inst #424] addi x0,x0,0
Register Write to Reg: 0x00 Val: 0x00000000
[inst #425] addi x0,x0,0
Register Write to Reg: 0x00 Val: 0x00000000
[inst #426] slt x7,x28,x7
Register Write to Reg: 0x07 Val: 0x00000000
[inst #427] addi x0,x0,0
Register Write to Reg: 0x00 Val: 0x00000000
[inst #428] addi x0,x0,0
Register Write to Reg: 0x00 Val: 0x00000000
[inst #429] addi x0,x0,0
Register Write to Reg: 0x00 Val: 0x00000000
[inst #430] beq x7,x0,24
[inst #431] lw x28,8(x8)
Register Write to Reg: 0x1C Val: 0x00000001
[inst #432] lw x7,16(x8)
Register Write to Reg: 0x07 Val: 0xFFFFFFFF
[inst #433] addi x0,x0,0
Register Write to Reg: 0x00 Val: 0x00000000
[inst #434] addi x0,x0,0
Register Write to Reg: 0x00 Val: 0x00000000
[inst #435] addi x0,x0,0
Register Write to Reg: 0x00 Val: 0x00000000
[inst #436] and x7,x28,x7
Register Write to Reg: 0x07 Val: 0x00000001
[inst #437] addi x0,x0,0
Register Write to Reg: 0x00 Val: 0x00000000
[inst #438] addi x0,x0,0
Register Write to Reg: 0x00 Val: 0x00000000
[inst #439] addi x0,x0,0
Register Write to Reg: 0x00 Val: 0x00000000
[inst #440] slt x7,x0,x7
Register Write to Reg: 0x07 Val: 0x00000001
[inst #441] addi x0,x0,0
Register Write to Reg: 0x00 Val: 0x00000000
[inst #442] addi x0,x0,0
Register Write to Reg: 0x00 Val: 0x00000000
[inst #443] addi x0,x0,0
Register Write to Reg: 0x00 Val: 0x00000000
[inst #444] andi x7,x7,255
Register Write to Reg: 0x07 Val: 0x00000001
[inst #445] addi x0,x0,0
Register Write to Reg: 0x00 Val: 0x00000000
[inst #446] addi x0,x0,0
Register Write to Reg: 0x00 Val: 0x00000000
[inst #447] addi x0,x0,0
Register Write to Reg: 0x00 Val: 0x00000000
[inst #448] add x2,x0,x8
Register Write to Reg: 0x02 Val: 0x10010F68
[inst #449] addi x0,x0,0
Register Write to Reg: 0x00 Val: 0x00000000
[inst #450] addi x0,x0,0
Register Write to Reg: 0x00 Val: 0x00000000
[inst #451] addi x0,x0,0
Register Write to Reg: 0x00 Val: 0x00000000
[inst #452] lw x8,28(x2)
Register Write to Reg: 0x08 Val: 0x10010F88
[inst #453] addi x0,x0,0
Register Write to Reg: 0x00 Val: 0x00000000
[inst #454] addi x0,x0,0
Register Write to Reg: 0x00 Val: 0x00000000
[inst #455] addi x0,x0,0
Register Write to Reg: 0x00 Val: 0x00000000
[inst #456] addi x2,x2,32
Register Write to Reg: 0x02 Val: 0x10010F88
[inst #457] addi x0,x0,0
Register Write to Reg: 0x00 Val: 0x00000000
[inst #458] addi x0,x0,0
Register Write to Reg: 0x00 Val: 0x00000000
[inst #459] jalr x0,x1,0
Register Write to Reg: 0x00 Val: 0x00400A18
[inst #460] beq x7,x0,92
[inst #461] addi x0,x0,0
Register Write to Reg: 0x00 Val: 0x00000000
[inst #462] addi x0,x0,0
Register Write to Reg: 0x00 Val: 0x00000000
[inst #463] lw x7,32(x8)
Register Write to Reg: 0x07 Val: 0x10010FC4
[inst #464] addi x0,x0,0
Register Write to Reg: 0x00 Val: 0x00000000
[inst #465] addi x0,x0,0
Register Write to Reg: 0x00 Val: 0x00000000
[inst #466] addi x0,x0,0
Register Write to Reg: 0x00 Val: 0x00000000
[inst #467] lw x7,4(x7)
Register Write to Reg: 0x07 Val: 0x00000000
[inst #468] addi x0,x0,0
Register Write to Reg: 0x00 Val: 0x00000000
[inst #469] addi x0,x0,0
Register Write to Reg: 0x00 Val: 0x00000000
[inst #470] addi x0,x0,0
Register Write to Reg: 0x00 Val: 0x00000000
[inst #471] addi x29,x7,1
Register Write to Reg: 0x1D Val: 0x00000001
[inst #472] addi x0,x0,0
Register Write to Reg: 0x00 Val: 0x00000000
[inst #473] addi x0,x0,0
Register Write to Reg: 0x00 Val: 0x00000000
[inst #474] addi x0,x0,0
Register Write to Reg: 0x00 Val: 0x00000000
[inst #475] lw x28,32(x8)
Register Write to Reg: 0x1C Val: 0x10010FC4
[inst #476] addi x0,x0,0
Register Write to Reg: 0x00 Val: 0x00000000
[inst #477] addi x0,x0,0
Register Write to Reg: 0x00 Val: 0x00000000
[inst #478] addi x0,x0,0
Register Write to Reg: 0x00 Val: 0x00000000
[inst #479] sw x29,4(x28)
Memory Write to Addr: 0x10010FC8 Val: 0x00000001
[inst #480] jal x0,156
Register Write to Reg: 0x00 Val: 0x00400798
[inst #481] add x2,x0,x8
Register Write to Reg: 0x02 Val: 0x10010F88
[inst #482] addi x0,x0,0
Register Write to Reg: 0x00 Val: 0x00000000
[inst #483] addi x0,x0,0
Register Write to Reg: 0x00 Val: 0x00000000
[inst #484] addi x0,x0,0
Register Write to Reg: 0x00 Val: 0x00000000
[inst #485] lw x1,28(x2)
Register Write to Reg: 0x01 Val: 0x004005C0
[inst #486] lw x8,24(x2)
Register Write to Reg: 0x08 Val: 0x10010FA8
[inst #487] addi x0,x0,0
Register Write to Reg: 0x00 Val: 0x00000000
[inst #488] addi x0,x0,0
Register Write to Reg: 0x00 Val: 0x00000000
[inst #489] addi x0,x0,0
Register Write to Reg: 0x00 Val: 0x00000000
[inst #490] addi x2,x2,32
Register Write to Reg: 0x02 Val: 0x10010FA8
[inst #491] addi x0,x0,0
Register Write to Reg: 0x00 Val: 0x00000000
[inst #492] addi x0,x0,0
Register Write to Reg: 0x00 Val: 0x00000000
[inst #493] jalr x0,x1,0
Register Write to Reg: 0x00 Val: 0x00400864
[inst #494] sw x7,24(x8)
Memory Write to Addr: 0x10010FC0 Val: 0x00000000
[inst #495] jal x0,-720
Register Write to Reg: 0x00 Val: 0x004005C8
[inst #496] lw x28,24(x8)
Register Write to Reg: 0x1C Val: 0x00000000
[inst #497] addi x0,x0,0
Register Write to Reg: 0x00 Val: 0x00000000
[inst #498] addi x0,x0,0
Register Write to Reg: 0x00 Val: 0x00000000
[inst #499] addi x0,x0,0
Register Write to Reg: 0x00 Val: 0x00000000
[inst #500] addi x7,x0,-1
Register Write to Reg: 0x07 Val: 0xFFFFFFFF
[inst #501] addi x0,x0,0
Register Write to Reg: 0x00 Val: 0x00000000
[inst #502] addi x0,x0,0
Register Write to Reg: 0x00 Val: 0x00000000
[inst #503] addi x0,x0,0
Register Write to Reg: 0x00 Val: 0x00000000
[inst #504] beq x28,x7,24
[inst #505] addi x0,x0,0
Register Write to Reg: 0x00 Val: 0x00000000
[inst #506] addi x0,x0,0
Register Write to Reg: 0x00 Val: 0x00000000
[inst #507] jal x0,-252
Register Write to Reg: 0x00 Val: 0x00400324
[inst #508] lw x29,24(x8)
Register Write to Reg: 0x1D Val: 0x00000000
[inst #509] addi x0,x0,0
Register Write to Reg: 0x00 Val: 0x00000000
[inst #510] addi x0,x0,0
Register Write to Reg: 0x00 Val: 0x00000000
[inst #511] addi x0,x0,0
Register Write to Reg: 0x00 Val: 0x00000000
[inst #512] auipc x1,0
Register Write to Reg: 0x01 Val: 0x00400234
[inst #513] sll x0,x0,x0
Register Write to Reg: 0x00 Val: 0x00000000
[inst #514] sll x0,x0,x0
Register Write to Reg: 0x00 Val: 0x00000000
[inst #515] sll x0,x0,x0
Register Write to Reg: 0x00 Val: 0x00000000
[inst #516] addi x1,x1,32
Register Write to Reg: 0x01 Val: 0x00400254
[inst #517] jal x0,2404
Register Write to Reg: 0x00 Val: 0x0040024C
[inst #518] addi x2,x2,-32
Register Write to Reg: 0x02 Val: 0x10010F88
[inst #519] addi x0,x0,0
Register Write to Reg: 0x00 Val: 0x00000000
[inst #520] addi x0,x0,0
Register Write to Reg: 0x00 Val: 0x00000000
[inst #521] addi x0,x0,0
Register Write to Reg: 0x00 Val: 0x00000000
[inst #522] sw x8,28(x2)
Memory Write to Addr: 0x10010FA4 Val: 0x10010FA8
[inst #523] addi x0,x0,0
Register Write to Reg: 0x00 Val: 0x00000000
[inst #524] addi x0,x0,0
Register Write to Reg: 0x00 Val: 0x00000000
[inst #525] addi x0,x0,0
Register Write to Reg: 0x00 Val: 0x00000000
[inst #526] add x8,x0,x2
Register Write to Reg: 0x08 Val: 0x10010F88
[inst #527] addi x0,x0,0
Register Write to Reg: 0x00 Val: 0x00000000
[inst #528] addi x0,x0,0
Register Write to Reg: 0x00 Val: 0x00000000
[inst #529] addi x0,x0,0
Register Write to Reg: 0x00 Val: 0x00000000
[inst #530] sw x29,32(x8)
Memory Write to Addr: 0x10010FA8 Val: 0x00000000
[inst #531] ori x7,x0,1
Register Write to Reg: 0x07 Val: 0x00000001
[inst #532] addi x0,x0,0
Register Write to Reg: 0x00 Val: 0x00000000
[inst #533] addi x0,x0,0
Register Write to Reg: 0x00 Val: 0x00000000
[inst #534] addi x0,x0,0
Register Write to Reg: 0x00 Val: 0x00000000
[inst #535] sw x7,8(x8)
Memory Write to Addr: 0x10010F90 Val: 0x00000001
[inst #536] sw x0,12(x8)
Memory Write to Addr: 0x10010F94 Val: 0x00000000
[inst #537] jal x0,84
Register Write to Reg: 0x00 Val: 0x00400BFC
[inst #538] lw x28,12(x8)
Register Write to Reg: 0x1C Val: 0x00000000
[inst #539] lw x7,32(x8)
Register Write to Reg: 0x07 Val: 0x00000000
[inst #540] addi x0,x0,0
Register Write to Reg: 0x00 Val: 0x00000000
[inst #541] addi x0,x0,0
Register Write to Reg: 0x00 Val: 0x00000000
[inst #542] addi x0,x0,0
Register Write to Reg: 0x00 Val: 0x00000000
[inst #543] slt x7,x28,x7
Register Write to Reg: 0x07 Val: 0x00000000
[inst #544] addi x0,x0,0
Register Write to Reg: 0x00 Val: 0x00000000
[inst #545] addi x0,x0,0
Register Write to Reg: 0x00 Val: 0x00000000
[inst #546] addi x0,x0,0
Register Write to Reg: 0x00 Val: 0x00000000
[inst #547] beq x7,x0,24
[inst #548] lui x7,65552
Register Write to Reg: 0x07 Val: 0x10010000
[inst #549] addi x0,x0,0
Register Write to Reg: 0x00 Val: 0x00000000
[inst #550] addi x0,x0,0
Register Write to Reg: 0x00 Val: 0x00000000
[inst #551] addi x0,x0,0
Register Write to Reg: 0x00 Val: 0x00000000
[inst #552] addi x7,x7,36
Register Write to Reg: 0x07 Val: 0x10010024
[inst #553] addi x0,x0,0
Register Write to Reg: 0x00 Val: 0x00000000
[inst #554] addi x0,x0,0
Register Write to Reg: 0x00 Val: 0x00000000
[inst #555] addi x0,x0,0
Register Write to Reg: 0x00 Val: 0x00000000
[inst #556] lw x7,0(x7)
Register Write to Reg: 0x07 Val: 0x00000001
[inst #557] addi x0,x0,0
Register Write to Reg: 0x00 Val: 0x00000000
[inst #558] addi x0,x0,0
Register Write to Reg: 0x00 Val: 0x00000000
[inst #559] addi x0,x0,0
Register Write to Reg: 0x00 Val: 0x00000000
[inst #560] sw x7,16(x8)
Memory Write to Addr: 0x10010F98 Val: 0x00000001
[inst #561] lw x28,16(x8)
Register Write to Reg: 0x1C Val: 0x00000001
[inst #562] addi x0,x0,0
Register Write to Reg: 0x00 Val: 0x00000000
[inst #563] addi x0,x0,0
Register Write to Reg: 0x00 Val: 0x00000000
[inst #564] addi x0,x0,0
Register Write to Reg: 0x00 Val: 0x00000000
[inst #565] lw x7,8(x8)
Register Write to Reg: 0x07 Val: 0x00000001
[inst #566] addi x0,x0,0
Register Write to Reg: 0x00 Val: 0x00000000
[inst #567] addi x0,x0,0
Register Write to Reg: 0x00 Val: 0x00000000
[inst #568] addi x0,x0,0
Register Write to Reg: 0x00 Val: 0x00000000
[inst #569] and x7,x28,x7
Register Write to Reg: 0x07 Val: 0x00000001
[inst #570] addi x0,x0,0
Register Write to Reg: 0x00 Val: 0x00000000
[inst #571] addi x0,x0,0
Register Write to Reg: 0x00 Val: 0x00000000
[inst #572] addi x0,x0,0
Register Write to Reg: 0x00 Val: 0x00000000
[inst #573] slt x7,x0,x7
Register Write to Reg: 0x07 Val: 0x00000001
[inst #574] addi x0,x0,0
Register Write to Reg: 0x00 Val: 0x00000000
[inst #575] addi x0,x0,0
Register Write to Reg: 0x00 Val: 0x00000000
[inst #576] addi x0,x0,0
Register Write to Reg: 0x00 Val: 0x00000000
[inst #577] andi x7,x7,255
Register Write to Reg: 0x07 Val: 0x00000001
[inst #578] addi x0,x0,0
Register Write to Reg: 0x00 Val: 0x00000000
[inst #579] addi x0,x0,0
Register Write to Reg: 0x00 Val: 0x00000000
[inst #580] addi x0,x0,0
Register Write to Reg: 0x00 Val: 0x00000000
[inst #581] add x2,x0,x8
Register Write to Reg: 0x02 Val: 0x10010F88
[inst #582] addi x0,x0,0
Register Write to Reg: 0x00 Val: 0x00000000
[inst #583] addi x0,x0,0
Register Write to Reg: 0x00 Val: 0x00000000
[inst #584] addi x0,x0,0
Register Write to Reg: 0x00 Val: 0x00000000
[inst #585] lw x8,28(x2)
Register Write to Reg: 0x08 Val: 0x10010FA8
[inst #586] addi x0,x0,0
Register Write to Reg: 0x00 Val: 0x00000000
[inst #587] addi x0,x0,0
Register Write to Reg: 0x00 Val: 0x00000000
[inst #588] addi x0,x0,0
Register Write to Reg: 0x00 Val: 0x00000000
[inst #589] addi x2,x2,32
Register Write to Reg: 0x02 Val: 0x10010FA8
[inst #590] addi x0,x0,0
Register Write to Reg: 0x00 Val: 0x00000000
[inst #591] addi x0,x0,0
Register Write to Reg: 0x00 Val: 0x00000000
[inst #592] jalr x0,x1,0
Register Write to Reg: 0x00 Val: 0x00400D3C
[inst #593] xori x7,x7,1
Register Write to Reg: 0x07 Val: 0x00000000
[inst #594] addi x0,x0,0
Register Write to Reg: 0x00 Val: 0x00000000
[inst #595] addi x0,x0,0
Register Write to Reg: 0x00 Val: 0x00000000
[inst #596] addi x0,x0,0
Register Write to Reg: 0x00 Val: 0x00000000
[inst #597] andi x7,x7,255
Register Write to Reg: 0x07 Val: 0x00000000
[inst #598] addi x0,x0,0
Register Write to Reg: 0x00 Val: 0x00000000
[inst #599] addi x0,x0,0
Register Write to Reg: 0x00 Val: 0x00000000
[inst #600] addi x0,x0,0
Register Write to Reg: 0x00 Val: 0x00000000
[inst #601] beq x7,x0,60
[inst #602] addi x7,x8,28
Register Write to Reg: 0x07 Val: 0x10010FC4
[inst #603] addi x0,x0,0
Register Write to Reg: 0x00 Val: 0x00000000
[inst #604] addi x0,x0,0
Register Write to Reg: 0x00 Val: 0x00000000
[inst #605] addi x0,x0,0
Register Write to Reg: 0x00 Val: 0x00000000
[inst #606] add x29,x0,x7
Register Write to Reg: 0x1D Val: 0x10010FC4
[inst #607] addi x0,x0,0
Register Write to Reg: 0x00 Val: 0x00000000
[inst #608] addi x0,x0,0
Register Write to Reg: 0x00 Val: 0x00000000
[inst #609] addi x0,x0,0
Register Write to Reg: 0x00 Val: 0x00000000
[inst #610] auipc x1,0
Register Write to Reg: 0x01 Val: 0x004002D0
[inst #611] sll x0,x0,x0
Register Write to Reg: 0x00 Val: 0x00000000
[inst #612] sll x0,x0,x0
Register Write to Reg: 0x00 Val: 0x00000000
[inst #613] sll x0,x0,x0
Register Write to Reg: 0x00 Val: 0x00000000
[inst #614] addi x1,x1,32
Register Write to Reg: 0x01 Val: 0x004002F0
[inst #615] jal x0,936
Register Write to Reg: 0x00 Val: 0x004002E8
[inst #616] addi x2,x2,-32
Register Write to Reg: 0x02 Val: 0x10010F88
[inst #617] addi x0,x0,0
Register Write to Reg: 0x00 Val: 0x00000000
[inst #618] addi x0,x0,0
Register Write to Reg: 0x00 Val: 0x00000000
[inst #619] addi x0,x0,0
Register Write to Reg: 0x00 Val: 0x00000000
[inst #620] sw x1,28(x2)
Memory Write to Addr: 0x10010FA4 Val: 0x004002F0
[inst #621] sw x8,24(x2)
Memory Write to Addr: 0x10010FA0 Val: 0x10010FA8
[inst #622] addi x0,x0,0
Register Write to Reg: 0x00 Val: 0x00000000
[inst #623] addi x0,x0,0
Register Write to Reg: 0x00 Val: 0x00000000
[inst #624] addi x0,x0,0
Register Write to Reg: 0x00 Val: 0x00000000
[inst #625] add x8,x0,x2
Register Write to Reg: 0x08 Val: 0x10010F88
[inst #626] addi x0,x0,0
Register Write to Reg: 0x00 Val: 0x00000000
[inst #627] addi x0,x0,0
Register Write to Reg: 0x00 Val: 0x00000000
[inst #628] addi x0,x0,0
Register Write to Reg: 0x00 Val: 0x00000000
[inst #629] sw x29,32(x8)
Memory Write to Addr: 0x10010FA8 Val: 0x10010FC4
[inst #630] jal x0,288
Register Write to Reg: 0x00 Val: 0x004006C8
[inst #631] lw x7,32(x8)
Register Write to Reg: 0x07 Val: 0x10010FC4
[inst #632] addi x0,x0,0
Register Write to Reg: 0x00 Val: 0x00000000
[inst #633] addi x0,x0,0
Register Write to Reg: 0x00 Val: 0x00000000
[inst #634] addi x0,x0,0
Register Write to Reg: 0x00 Val: 0x00000000
[inst #635] lw x7,4(x7)
Register Write to Reg: 0x07 Val: 0x00000001
[inst #636] addi x0,x0,0
Register Write to Reg: 0x00 Val: 0x00000000
[inst #637] addi x0,x0,0
Register Write to Reg: 0x00 Val: 0x00000000
[inst #638] addi x0,x0,0
Register Write to Reg: 0x00 Val: 0x00000000
[inst #639] slti x7,x7,4
Register Write to Reg: 0x07 Val: 0x00000001
[inst #640] addi x0,x0,0
Register Write to Reg: 0x00 Val: 0x00000000
[inst #641] addi x0,x0,0
Register Write to Reg: 0x00 Val: 0x00000000
[inst #642] addi x0,x0,0
Register Write to Reg: 0x00 Val: 0x00000000
[inst #643] beq x7,x0,24
[inst #644] addi x0,x0,0
Register Write to Reg: 0x00 Val: 0x00000000
[inst #645] addi x0,x0,0
Register Write to Reg: 0x00 Val: 0x00000000
[inst #646] jal x0,-336
Register Write to Reg: 0x00 Val: 0x00400824
[inst #647] lw x7,32(x8)
Register Write to Reg: 0x07 Val: 0x10010FC4
[inst #648] addi x0,x0,0
Register Write to Reg: 0x00 Val: 0x00000000
[inst #649] addi x0,x0,0
Register Write to Reg: 0x00 Val: 0x00000000
[inst #650] addi x0,x0,0
Register Write to Reg: 0x00 Val: 0x00000000
[inst #651] lw x28,0(x7)
Register Write to Reg: 0x1C Val: 0x00000000
[inst #652] addi x0,x0,0
Register Write to Reg: 0x00 Val: 0x00000000
[inst #653] addi x0,x0,0
Register Write to Reg: 0x00 Val: 0x00000000
[inst #654] addi x0,x0,0
Register Write to Reg: 0x00 Val: 0x00000000
[inst #655] lw x7,32(x8)
Register Write to Reg: 0x07 Val: 0x10010FC4
[inst #656] addi x0,x0,0
Register Write to Reg: 0x00 Val: 0x00000000
[inst #657] addi x0,x0,0
Register Write to Reg: 0x00 Val: 0x00000000
[inst #658] addi x0,x0,0
Register Write to Reg: 0x00 Val: 0x00000000
[inst #659] lw x7,4(x7)
Register Write to Reg: 0x07 Val: 0x00000001
[inst #660] addi x0,x0,0
Register Write to Reg: 0x00 Val: 0x00000000
[inst #661] addi x0,x0,0
Register Write to Reg: 0x00 Val: 0x00000000
[inst #662] addi x0,x0,0
Register Write to Reg: 0x00 Val: 0x00000000
[inst #663] add x30,x0,x7
Register Write to Reg: 0x1E Val: 0x00000001
[inst #664] add x29,x0,x28
Register Write to Reg: 0x1D Val: 0x00000000
[inst #665] addi x0,x0,0
Register Write to Reg: 0x00 Val: 0x00000000
[inst #666] addi x0,x0,0
Register Write to Reg: 0x00 Val: 0x00000000
[inst #667] addi x0,x0,0
Register Write to Reg: 0x00 Val: 0x00000000
[inst #668] auipc x1,0
Register Write to Reg: 0x01 Val: 0x00400724
[inst #669] sll x0,x0,x0
Register Write to Reg: 0x00 Val: 0x00000000
[inst #670] sll x0,x0,x0
Register Write to Reg: 0x00 Val: 0x00000000
[inst #671] sll x0,x0,x0
Register Write to Reg: 0x00 Val: 0x00000000
[inst #672] addi x1,x1,32
Register Write to Reg: 0x01 Val: 0x00400744
[inst #673] jal x0,308
Register Write to Reg: 0x00 Val: 0x0040073C
[inst #674] addi x2,x2,-32
Register Write to Reg: 0x02 Val: 0x10010F68
[inst #675] addi x0,x0,0
Register Write to Reg: 0x00 Val: 0x00000000
[inst #676] addi x0,x0,0
Register Write to Reg: 0x00 Val: 0x00000000
[inst #677] addi x0,x0,0
Register Write to Reg: 0x00 Val: 0x00000000
[inst #678] sw x8,28(x2)
Memory Write to Addr: 0x10010F84 Val: 0x10010F88
[inst #679] addi x0,x0,0
Register Write to Reg: 0x00 Val: 0x00000000
[inst #680] addi x0,x0,0
Register Write to Reg: 0x00 Val: 0x00000000
[inst #681] addi x0,x0,0
Register Write to Reg: 0x00 Val: 0x00000000
[inst #682] add x8,x0,x2
Register Write to Reg: 0x08 Val: 0x10010F68
[inst #683] addi x0,x0,0
Register Write to Reg: 0x00 Val: 0x00000000
[inst #684] addi x0,x0,0
Register Write to Reg: 0x00 Val: 0x00000000
[inst #685] addi x0,x0,0
Register Write to Reg: 0x00 Val: 0x00000000
[inst #686] sw x29,32(x8)
Memory Write to Addr: 0x10010F88 Val: 0x00000000
[inst #687] sw x30,36(x8)
Memory Write to Addr: 0x10010F8C Val: 0x00000001
[inst #688] lui x7,65552
Register Write to Reg: 0x07 Val: 0x10010000
[inst #689] addi x0,x0,0
Register Write to Reg: 0x00 Val: 0x00000000
[inst #690] addi x0,x0,0
Register Write to Reg: 0x00 Val: 0x00000000
[inst #691] addi x0,x0,0
Register Write to Reg: 0x00 Val: 0x00000000
[inst #692] addi x7,x7,8
Register Write to Reg: 0x07 Val: 0x10010008
[inst #693] lw x28,32(x8)
Register Write to Reg: 0x1C Val: 0x00000000
[inst #694] addi x0,x0,0
Register Write to Reg: 0x00 Val: 0x00000000
[inst #695] addi x0,x0,0
Register Write to Reg: 0x00 Val: 0x00000000
[inst #696] addi x0,x0,0
Register Write to Reg: 0x00 Val: 0x00000000
[inst #697] slli x28,x28,2
Register Write to Reg: 0x1C Val: 0x00000000
[inst #698] addi x0,x0,0
Register Write to Reg: 0x00 Val: 0x00000000
[inst #699] addi x0,x0,0
Register Write to Reg: 0x00 Val: 0x00000000
[inst #700] addi x0,x0,0
Register Write to Reg: 0x00 Val: 0x00000000
[inst #701] add x7,x28,x7
Register Write to Reg: 0x07 Val: 0x10010008
[inst #702] addi x0,x0,0
Register Write to Reg: 0x00 Val: 0x00000000
[inst #703] addi x0,x0,0
Register Write to Reg: 0x00 Val: 0x00000000
[inst #704] addi x0,x0,0
Register Write to Reg: 0x00 Val: 0x00000000
[inst #705] lw x7,0(x7)
Register Write to Reg: 0x07 Val: 0xFFFFFFFF
[inst #706] addi x0,x0,0
Register Write to Reg: 0x00 Val: 0x00000000
[inst #707] addi x0,x0,0
Register Write to Reg: 0x00 Val: 0x00000000
[inst #708] addi x0,x0,0
Register Write to Reg: 0x00 Val: 0x00000000
[inst #709] sw x7,16(x8)
Memory Write to Addr: 0x10010F78 Val: 0xFFFFFFFF
[inst #710] addi x7,x0,1
Register Write to Reg: 0x07 Val: 0x00000001
[inst #711] addi x0,x0,0
Register Write to Reg: 0x00 Val: 0x00000000
[inst #712] addi x0,x0,0
Register Write to Reg: 0x00 Val: 0x00000000
[inst #713] addi x0,x0,0
Register Write to Reg: 0x00 Val: 0x00000000
[inst #714] sw x7,8(x8)
Memory Write to Addr: 0x10010F70 Val: 0x00000001
[inst #715] sw x0,12(x8)
Memory Write to Addr: 0x10010F74 Val: 0x00000000
[inst #716] jal x0,84
Register Write to Reg: 0x00 Val: 0x00400918
[inst #717] lw x28,12(x8)
Register Write to Reg: 0x1C Val: 0x00000000
[inst #718] lw x7,36(x8)
Register Write to Reg: 0x07 Val: 0x00000001
[inst #719] addi x0,x0,0
Register Write to Reg: 0x00 Val: 0x00000000
[inst #720] addi x0,x0,0
Register Write to Reg: 0x00 Val: 0x00000000
[inst #721] addi x0,x0,0
Register Write to Reg: 0x00 Val: 0x00000000
[inst #722] slt x7,x28,x7
Register Write to Reg: 0x07 Val: 0x00000001
[inst #723] addi x0,x0,0
Register Write to Reg: 0x00 Val: 0x00000000
[inst #724] addi x0,x0,0
Register Write to Reg: 0x00 Val: 0x00000000
[inst #725] addi x0,x0,0
Register Write to Reg: 0x00 Val: 0x00000000
[inst #726] beq x7,x0,24
[inst #727] addi x0,x0,0
Register Write to Reg: 0x00 Val: 0x00000000
[inst #728] addi x0,x0,0
Register Write to Reg: 0x00 Val: 0x00000000
[inst #729] jal x0,-120
Register Write to Reg: 0x00 Val: 0x0040099C
[inst #730] lw x7,8(x8)
Register Write to Reg: 0x07 Val: 0x00000001
[inst #731] addi x0,x0,0
Register Write to Reg: 0x00 Val: 0x00000000
[inst #732] addi x0,x0,0
Register Write to Reg: 0x00 Val: 0x00000000
[inst #733] addi x0,x0,0
Register Write to Reg: 0x00 Val: 0x00000000
[inst #734] slli x7,x7,1
Register Write to Reg: 0x07 Val: 0x00000002
[inst #735] addi x0,x0,0
Register Write to Reg: 0x00 Val: 0x00000000
[inst #736] addi x0,x0,0
Register Write to Reg: 0x00 Val: 0x00000000
[inst #737] addi x0,x0,0
Register Write to Reg: 0x00 Val: 0x00000000
[inst #738] sw x7,8(x8)
Memory Write to Addr: 0x10010F70 Val: 0x00000002
[inst #739] lw x7,12(x8)
Register Write to Reg: 0x07 Val: 0x00000000
[inst #740] addi x0,x0,0
Register Write to Reg: 0x00 Val: 0x00000000
[inst #741] addi x0,x0,0
Register Write to Reg: 0x00 Val: 0x00000000
[inst #742] addi x0,x0,0
Register Write to Reg: 0x00 Val: 0x00000000
[inst #743] addi x7,x7,1
Register Write to Reg: 0x07 Val: 0x00000001
[inst #744] addi x0,x0,0
Register Write to Reg: 0x00 Val: 0x00000000
[inst #745] addi x0,x0,0
Register Write to Reg: 0x00 Val: 0x00000000
[inst #746] addi x0,x0,0
Register Write to Reg: 0x00 Val: 0x00000000
[inst #747] sw x7,12(x8)
Memory Write to Addr: 0x10010F74 Val: 0x00000001
[inst #748] lw x28,12(x8)
Register Write to Reg: 0x1C Val: 0x00000001
[inst #749] lw x7,36(x8)
Register Write to Reg: 0x07 Val: 0x00000001
[inst #750] addi x0,x0,0
Register Write to Reg: 0x00 Val: 0x00000000
[inst #751] addi x0,x0,0
Register Write to Reg: 0x00 Val: 0x00000000
[inst #752] addi x0,x0,0
Register Write to Reg: 0x00 Val: 0x00000000
[inst #753] slt x7,x28,x7
Register Write to Reg: 0x07 Val: 0x00000000
[inst #754] addi x0,x0,0
Register Write to Reg: 0x00 Val: 0x00000000
[inst #755] addi x0,x0,0
Register Write to Reg: 0x00 Val: 0x00000000
[inst #756] addi x0,x0,0
Register Write to Reg: 0x00 Val: 0x00000000
[inst #757] beq x7,x0,24
[inst #758] lw x28,8(x8)
Register Write to Reg: 0x1C Val: 0x00000002
[inst #759] lw x7,16(x8)
Register Write to Reg: 0x07 Val: 0xFFFFFFFF
[inst #760] addi x0,x0,0
Register Write to Reg: 0x00 Val: 0x00000000
[inst #761] addi x0,x0,0
Register Write to Reg: 0x00 Val: 0x00000000
[inst #762] addi x0,x0,0
Register Write to Reg: 0x00 Val: 0x00000000
[inst #763] and x7,x28,x7
Register Write to Reg: 0x07 Val: 0x00000002
[inst #764] addi x0,x0,0
Register Write to Reg: 0x00 Val: 0x00000000
[inst #765] addi x0,x0,0
Register Write to Reg: 0x00 Val: 0x00000000
[inst #766] addi x0,x0,0
Register Write to Reg: 0x00 Val: 0x00000000
[inst #767] slt x7,x0,x7
Register Write to Reg: 0x07 Val: 0x00000001
[inst #768] addi x0,x0,0
Register Write to Reg: 0x00 Val: 0x00000000
[inst #769] addi x0,x0,0
Register Write to Reg: 0x00 Val: 0x00000000
[inst #770] addi x0,x0,0
Register Write to Reg: 0x00 Val: 0x00000000
[inst #771] andi x7,x7,255
Register Write to Reg: 0x07 Val: 0x00000001
[inst #772] addi x0,x0,0
Register Write to Reg: 0x00 Val: 0x00000000
[inst #773] addi x0,x0,0
Register Write to Reg: 0x00 Val: 0x00000000
[inst #774] addi x0,x0,0
Register Write to Reg: 0x00 Val: 0x00000000
[inst #775] add x2,x0,x8
Register Write to Reg: 0x02 Val: 0x10010F68
[inst #776] addi x0,x0,0
Register Write to Reg: 0x00 Val: 0x00000000
[inst #777] addi x0,x0,0
Register Write to Reg: 0x00 Val: 0x00000000
[inst #778] addi x0,x0,0
Register Write to Reg: 0x00 Val: 0x00000000
[inst #779] lw x8,28(x2)
Register Write to Reg: 0x08 Val: 0x10010F88
[inst #780] addi x0,x0,0
Register Write to Reg: 0x00 Val: 0x00000000
[inst #781] addi x0,x0,0
Register Write to Reg: 0x00 Val: 0x00000000
[inst #782] addi x0,x0,0
Register Write to Reg: 0x00 Val: 0x00000000
[inst #783] addi x2,x2,32
Register Write to Reg: 0x02 Val: 0x10010F88
[inst #784] addi x0,x0,0
Register Write to Reg: 0x00 Val: 0x00000000
[inst #785] addi x0,x0,0
Register Write to Reg: 0x00 Val: 0x00000000
[inst #786] jalr x0,x1,0
Register Write to Reg: 0x00 Val: 0x00400A18
[inst #787] beq x7,x0,92
[inst #788] addi x0,x0,0
Register Write to Reg: 0x00 Val: 0x00000000
[inst #789] addi x0,x0,0
Register Write to Reg: 0x00 Val: 0x00000000
[inst #790] lw x7,32(x8)
Register Write to Reg: 0x07 Val: 0x10010FC4
[inst #791] addi x0,x0,0
Register Write to Reg: 0x00 Val: 0x00000000
[inst #792] addi x0,x0,0
Register Write to Reg: 0x00 Val: 0x00000000
[inst #793] addi x0,x0,0
Register Write to Reg: 0x00 Val: 0x00000000
[inst #794] lw x7,4(x7)
Register Write to Reg: 0x07 Val: 0x00000001
[inst #795] addi x0,x0,0
Register Write to Reg: 0x00 Val: 0x00000000
[inst #796] addi x0,x0,0
Register Write to Reg: 0x00 Val: 0x00000000
[inst #797] addi x0,x0,0
Register Write to Reg: 0x00 Val: 0x00000000
[inst #798] addi x29,x7,1
Register Write to Reg: 0x1D Val: 0x00000002
[inst #799] addi x0,x0,0
Register Write to Reg: 0x00 Val: 0x00000000
[inst #800] addi x0,x0,0
Register Write to Reg: 0x00 Val: 0x00000000
[inst #801] addi x0,x0,0
Register Write to Reg: 0x00 Val: 0x00000000
[inst #802] lw x28,32(x8)
Register Write to Reg: 0x1C Val: 0x10010FC4
[inst #803] addi x0,x0,0
Register Write to Reg: 0x00 Val: 0x00000000
[inst #804] addi x0,x0,0
Register Write to Reg: 0x00 Val: 0x00000000
[inst #805] addi x0,x0,0
Register Write to Reg: 0x00 Val: 0x00000000
[inst #806] sw x29,4(x28)
Memory Write to Addr: 0x10010FC8 Val: 0x00000002
[inst #807] jal x0,156
Register Write to Reg: 0x00 Val: 0x00400798
[inst #808] add x2,x0,x8
Register Write to Reg: 0x02 Val: 0x10010F88
[inst #809] addi x0,x0,0
Register Write to Reg: 0x00 Val: 0x00000000
[inst #810] addi x0,x0,0
Register Write to Reg: 0x00 Val: 0x00000000
[inst #811] addi x0,x0,0
Register Write to Reg: 0x00 Val: 0x00000000
[inst #812] lw x1,28(x2)
Register Write to Reg: 0x01 Val: 0x004002F0
[inst #813] lw x8,24(x2)
Register Write to Reg: 0x08 Val: 0x10010FA8
[inst #814] addi x0,x0,0
Register Write to Reg: 0x00 Val: 0x00000000
[inst #815] addi x0,x0,0
Register Write to Reg: 0x00 Val: 0x00000000
[inst #816] addi x0,x0,0
Register Write to Reg: 0x00 Val: 0x00000000
[inst #817] addi x2,x2,32
Register Write to Reg: 0x02 Val: 0x10010FA8
[inst #818] addi x0,x0,0
Register Write to Reg: 0x00 Val: 0x00000000
[inst #819] addi x0,x0,0
Register Write to Reg: 0x00 Val: 0x00000000
[inst #820] jalr x0,x1,0
Register Write to Reg: 0x00 Val: 0x00400864
[inst #821] sw x7,24(x8)
Memory Write to Addr: 0x10010FC0 Val: 0x00000001
[inst #822] lw x28,24(x8)
Register Write to Reg: 0x1C Val: 0x00000001
[inst #823] addi x0,x0,0
Register Write to Reg: 0x00 Val: 0x00000000
[inst #824] addi x0,x0,0
Register Write to Reg: 0x00 Val: 0x00000000
[inst #825] addi x0,x0,0
Register Write to Reg: 0x00 Val: 0x00000000
[inst #826] addi x7,x0,-1
Register Write to Reg: 0x07 Val: 0xFFFFFFFF
[inst #827] addi x0,x0,0
Register Write to Reg: 0x00 Val: 0x00000000
[inst #828] addi x0,x0,0
Register Write to Reg: 0x00 Val: 0x00000000
[inst #829] addi x0,x0,0
Register Write to Reg: 0x00 Val: 0x00000000
[inst #830] beq x28,x7,24
[inst #831] addi x0,x0,0
Register Write to Reg: 0x00 Val: 0x00000000
[inst #832] addi x0,x0,0
Register Write to Reg: 0x00 Val: 0x00000000
[inst #833] jal x0,-252
Register Write to Reg: 0x00 Val: 0x00400324
[inst #834] lw x29,24(x8)
Register Write to Reg: 0x1D Val: 0x00000001
[inst #835] addi x0,x0,0
Register Write to Reg: 0x00 Val: 0x00000000
[inst #836] addi x0,x0,0
Register Write to Reg: 0x00 Val: 0x00000000
[inst #837] addi x0,x0,0
Register Write to Reg: 0x00 Val: 0x00000000
[inst #838] auipc x1,0
Register Write to Reg: 0x01 Val: 0x00400234
[inst #839] sll x0,x0,x0
Register Write to Reg: 0x00 Val: 0x00000000
[inst #840] sll x0,x0,x0
Register Write to Reg: 0x00 Val: 0x00000000
[inst #841] sll x0,x0,x0
Register Write to Reg: 0x00 Val: 0x00000000
[inst #842] addi x1,x1,32
Register Write to Reg: 0x01 Val: 0x00400254
[inst #843] jal x0,2404
Register Write to Reg: 0x00 Val: 0x0040024C
[inst #844] addi x2,x2,-32
Register Write to Reg: 0x02 Val: 0x10010F88
[inst #845] addi x0,x0,0
Register Write to Reg: 0x00 Val: 0x00000000
[inst #846] addi x0,x0,0
Register Write to Reg: 0x00 Val: 0x00000000
[inst #847] addi x0,x0,0
Register Write to Reg: 0x00 Val: 0x00000000
[inst #848] sw x8,28(x2)
Memory Write to Addr: 0x10010FA4 Val: 0x10010FA8
[inst #849] addi x0,x0,0
Register Write to Reg: 0x00 Val: 0x00000000
[inst #850] addi x0,x0,0
Register Write to Reg: 0x00 Val: 0x00000000
[inst #851] addi x0,x0,0
Register Write to Reg: 0x00 Val: 0x00000000
[inst #852] add x8,x0,x2
Register Write to Reg: 0x08 Val: 0x10010F88
[inst #853] addi x0,x0,0
Register Write to Reg: 0x00 Val: 0x00000000
[inst #854] addi x0,x0,0
Register Write to Reg: 0x00 Val: 0x00000000
[inst #855] addi x0,x0,0
Register Write to Reg: 0x00 Val: 0x00000000
[inst #856] sw x29,32(x8)
Memory Write to Addr: 0x10010FA8 Val: 0x00000001
[inst #857] ori x7,x0,1
Register Write to Reg: 0x07 Val: 0x00000001
[inst #858] addi x0,x0,0
Register Write to Reg: 0x00 Val: 0x00000000
[inst #859] addi x0,x0,0
Register Write to Reg: 0x00 Val: 0x00000000
[inst #860] addi x0,x0,0
Register Write to Reg: 0x00 Val: 0x00000000
[inst #861] sw x7,8(x8)
Memory Write to Addr: 0x10010F90 Val: 0x00000001
[inst #862] sw x0,12(x8)
Memory Write to Addr: 0x10010F94 Val: 0x00000000
[inst #863] jal x0,84
Register Write to Reg: 0x00 Val: 0x00400BFC
[inst #864] lw x28,12(x8)
Register Write to Reg: 0x1C Val: 0x00000000
[inst #865] lw x7,32(x8)
Register Write to Reg: 0x07 Val: 0x00000001
[inst #866] addi x0,x0,0
Register Write to Reg: 0x00 Val: 0x00000000
[inst #867] addi x0,x0,0
Register Write to Reg: 0x00 Val: 0x00000000
[inst #868] addi x0,x0,0
Register Write to Reg: 0x00 Val: 0x00000000
[inst #869] slt x7,x28,x7
Register Write to Reg: 0x07 Val: 0x00000001
[inst #870] addi x0,x0,0
Register Write to Reg: 0x00 Val: 0x00000000
[inst #871] addi x0,x0,0
Register Write to Reg: 0x00 Val: 0x00000000
[inst #872] addi x0,x0,0
Register Write to Reg: 0x00 Val: 0x00000000
[inst #873] beq x7,x0,24
[inst #874] addi x0,x0,0
Register Write to Reg: 0x00 Val: 0x00000000
[inst #875] addi x0,x0,0
Register Write to Reg: 0x00 Val: 0x00000000
[inst #876] jal x0,-120
Register Write to Reg: 0x00 Val: 0x00400C80
[inst #877] lw x7,8(x8)
Register Write to Reg: 0x07 Val: 0x00000001
[inst #878] addi x0,x0,0
Register Write to Reg: 0x00 Val: 0x00000000
[inst #879] addi x0,x0,0
Register Write to Reg: 0x00 Val: 0x00000000
[inst #880] addi x0,x0,0
Register Write to Reg: 0x00 Val: 0x00000000
[inst #881] slli x7,x7,8
Register Write to Reg: 0x07 Val: 0x00000100
[inst #882] addi x0,x0,0
Register Write to Reg: 0x00 Val: 0x00000000
[inst #883] addi x0,x0,0
Register Write to Reg: 0x00 Val: 0x00000000
[inst #884] addi x0,x0,0
Register Write to Reg: 0x00 Val: 0x00000000
[inst #885] sw x7,8(x8)
Memory Write to Addr: 0x10010F90 Val: 0x00000100
[inst #886] lw x7,12(x8)
Register Write to Reg: 0x07 Val: 0x00000000
[inst #887] addi x0,x0,0
Register Write to Reg: 0x00 Val: 0x00000000
[inst #888] addi x0,x0,0
Register Write to Reg: 0x00 Val: 0x00000000
[inst #889] addi x0,x0,0
Register Write to Reg: 0x00 Val: 0x00000000
[inst #890] addi x7,x7,1
Register Write to Reg: 0x07 Val: 0x00000001
[inst #891] addi x0,x0,0
Register Write to Reg: 0x00 Val: 0x00000000
[inst #892] addi x0,x0,0
Register Write to Reg: 0x00 Val: 0x00000000
[inst #893] addi x0,x0,0
Register Write to Reg: 0x00 Val: 0x00000000
[inst #894] sw x7,12(x8)
Memory Write to Addr: 0x10010F94 Val: 0x00000001
[inst #895] lw x28,12(x8)
Register Write to Reg: 0x1C Val: 0x00000001
[inst #896] lw x7,32(x8)
Register Write to Reg: 0x07 Val: 0x00000001
[inst #897] addi x0,x0,0
Register Write to Reg: 0x00 Val: 0x00000000
[inst #898] addi x0,x0,0
Register Write to Reg: 0x00 Val: 0x00000000
[inst #899] addi x0,x0,0
Register Write to Reg: 0x00 Val: 0x00000000
[inst #900] slt x7,x28,x7
Register Write to Reg: 0x07 Val: 0x00000000
[inst #901] addi x0,x0,0
Register Write to Reg: 0x00 Val: 0x00000000
[inst #902] addi x0,x0,0
Register Write to Reg: 0x00 Val: 0x00000000
[inst #903] addi x0,x0,0
Register Write to Reg: 0x00 Val: 0x00000000
[inst #904] beq x7,x0,24
[inst #905] lui x7,65552
Register Write to Reg: 0x07 Val: 0x10010000
[inst #906] addi x0,x0,0
Register Write to Reg: 0x00 Val: 0x00000000
[inst #907] addi x0,x0,0
Register Write to Reg: 0x00 Val: 0x00000000
[inst #908] addi x0,x0,0
Register Write to Reg: 0x00 Val: 0x00000000
[inst #909] addi x7,x7,36
Register Write to Reg: 0x07 Val: 0x10010024
[inst #910] addi x0,x0,0
Register Write to Reg: 0x00 Val: 0x00000000
[inst #911] addi x0,x0,0
Register Write to Reg: 0x00 Val: 0x00000000
[inst #912] addi x0,x0,0
Register Write to Reg: 0x00 Val: 0x00000000
[inst #913] lw x7,0(x7)
Register Write to Reg: 0x07 Val: 0x00000001
[inst #914] addi x0,x0,0
Register Write to Reg: 0x00 Val: 0x00000000
[inst #915] addi x0,x0,0
Register Write to Reg: 0x00 Val: 0x00000000
[inst #916] addi x0,x0,0
Register Write to Reg: 0x00 Val: 0x00000000
[inst #917] sw x7,16(x8)
Memory Write to Addr: 0x10010F98 Val: 0x00000001
[inst #918] lw x28,16(x8)
Register Write to Reg: 0x1C Val: 0x00000001
[inst #919] addi x0,x0,0
Register Write to Reg: 0x00 Val: 0x00000000
[inst #920] addi x0,x0,0
Register Write to Reg: 0x00 Val: 0x00000000
[inst #921] addi x0,x0,0
Register Write to Reg: 0x00 Val: 0x00000000
[inst #922] lw x7,8(x8)
Register Write to Reg: 0x07 Val: 0x00000100
[inst #923] addi x0,x0,0
Register Write to Reg: 0x00 Val: 0x00000000
[inst #924] addi x0,x0,0
Register Write to Reg: 0x00 Val: 0x00000000
[inst #925] addi x0,x0,0
Register Write to Reg: 0x00 Val: 0x00000000
[inst #926] and x7,x28,x7
Register Write to Reg: 0x07 Val: 0x00000000
[inst #927] addi x0,x0,0
Register Write to Reg: 0x00 Val: 0x00000000
[inst #928] addi x0,x0,0
Register Write to Reg: 0x00 Val: 0x00000000
[inst #929] addi x0,x0,0
Register Write to Reg: 0x00 Val: 0x00000000
[inst #930] slt x7,x0,x7
Register Write to Reg: 0x07 Val: 0x00000000
[inst #931] addi x0,x0,0
Register Write to Reg: 0x00 Val: 0x00000000
[inst #932] addi x0,x0,0
Register Write to Reg: 0x00 Val: 0x00000000
[inst #933] addi x0,x0,0
Register Write to Reg: 0x00 Val: 0x00000000
[inst #934] andi x7,x7,255
Register Write to Reg: 0x07 Val: 0x00000000
[inst #935] addi x0,x0,0
Register Write to Reg: 0x00 Val: 0x00000000
[inst #936] addi x0,x0,0
Register Write to Reg: 0x00 Val: 0x00000000
[inst #937] addi x0,x0,0
Register Write to Reg: 0x00 Val: 0x00000000
[inst #938] add x2,x0,x8
Register Write to Reg: 0x02 Val: 0x10010F88
[inst #939] addi x0,x0,0
Register Write to Reg: 0x00 Val: 0x00000000
[inst #940] addi x0,x0,0
Register Write to Reg: 0x00 Val: 0x00000000
[inst #941] addi x0,x0,0
Register Write to Reg: 0x00 Val: 0x00000000
[inst #942] lw x8,28(x2)
Register Write to Reg: 0x08 Val: 0x10010FA8
[inst #943] addi x0,x0,0
Register Write to Reg: 0x00 Val: 0x00000000
[inst #944] addi x0,x0,0
Register Write to Reg: 0x00 Val: 0x00000000
[inst #945] addi x0,x0,0
Register Write to Reg: 0x00 Val: 0x00000000
[inst #946] addi x2,x2,32
Register Write to Reg: 0x02 Val: 0x10010FA8
[inst #947] addi x0,x0,0
Register Write to Reg: 0x00 Val: 0x00000000
[inst #948] addi x0,x0,0
Register Write to Reg: 0x00 Val: 0x00000000
[inst #949] jalr x0,x1,0
Register Write to Reg: 0x00 Val: 0x00400D3C
[inst #950] xori x7,x7,1
Register Write to Reg: 0x07 Val: 0x00000001
[inst #951] addi x0,x0,0
Register Write to Reg: 0x00 Val: 0x00000000
[inst #952] addi x0,x0,0
Register Write to Reg: 0x00 Val: 0x00000000
[inst #953] addi x0,x0,0
Register Write to Reg: 0x00 Val: 0x00000000
[inst #954] andi x7,x7,255
Register Write to Reg: 0x07 Val: 0x00000001
[inst #955] addi x0,x0,0
Register Write to Reg: 0x00 Val: 0x00000000
[inst #956] addi x0,x0,0
Register Write to Reg: 0x00 Val: 0x00000000
[inst #957] addi x0,x0,0
Register Write to Reg: 0x00 Val: 0x00000000
[inst #958] beq x7,x0,60
[inst #959] addi x0,x0,0
Register Write to Reg: 0x00 Val: 0x00000000
[inst #960] addi x0,x0,0
Register Write to Reg: 0x00 Val: 0x00000000
[inst #961] lw x29,24(x8)
Register Write to Reg: 0x1D Val: 0x00000001
[inst #962] addi x0,x0,0
Register Write to Reg: 0x00 Val: 0x00000000
[inst #963] addi x0,x0,0
Register Write to Reg: 0x00 Val: 0x00000000
[inst #964] addi x0,x0,0
Register Write to Reg: 0x00 Val: 0x00000000
[inst #965] auipc x1,0
Register Write to Reg: 0x01 Val: 0x00400290
[inst #966] sll x0,x0,x0
Register Write to Reg: 0x00 Val: 0x00000000
[inst #967] sll x0,x0,x0
Register Write to Reg: 0x00 Val: 0x00000000
[inst #968] sll x0,x0,x0
Register Write to Reg: 0x00 Val: 0x00000000
[inst #969] addi x1,x1,32
Register Write to Reg: 0x01 Val: 0x004002B0
[inst #970] jal x0,548
Register Write to Reg: 0x00 Val: 0x004002A8
[inst #971] addi x2,x2,-48
Register Write to Reg: 0x02 Val: 0x10010F78
[inst #972] addi x0,x0,0
Register Write to Reg: 0x00 Val: 0x00000000
[inst #973] addi x0,x0,0
Register Write to Reg: 0x00 Val: 0x00000000
[inst #974] addi x0,x0,0
Register Write to Reg: 0x00 Val: 0x00000000
[inst #975] sw x1,44(x2)
Memory Write to Addr: 0x10010FA4 Val: 0x004002B0
[inst #976] sw x8,40(x2)
Memory Write to Addr: 0x10010FA0 Val: 0x10010FA8
[inst #977] addi x0,x0,0
Register Write to Reg: 0x00 Val: 0x00000000
[inst #978] addi x0,x0,0
Register Write to Reg: 0x00 Val: 0x00000000
[inst #979] addi x0,x0,0
Register Write to Reg: 0x00 Val: 0x00000000
[inst #980] add x8,x0,x2
Register Write to Reg: 0x08 Val: 0x10010F78
[inst #981] addi x0,x0,0
Register Write to Reg: 0x00 Val: 0x00000000
[inst #982] addi x0,x0,0
Register Write to Reg: 0x00 Val: 0x00000000
[inst #983] addi x0,x0,0
Register Write to Reg: 0x00 Val: 0x00000000
[inst #984] sw x29,48(x8)
Memory Write to Addr: 0x10010FA8 Val: 0x00000001
[inst #985] lw x29,48(x8)
Register Write to Reg: 0x1D Val: 0x00000001
[inst #986] addi x0,x0,0
Register Write to Reg: 0x00 Val: 0x00000000
[inst #987] addi x0,x0,0
Register Write to Reg: 0x00 Val: 0x00000000
[inst #988] addi x0,x0,0
Register Write to Reg: 0x00 Val: 0x00000000
[inst #989] auipc x1,0
Register Write to Reg: 0x01 Val: 0x00400510
[inst #990] sll x0,x0,x0
Register Write to Reg: 0x00 Val: 0x00000000
[inst #991] sll x0,x0,x0
Register Write to Reg: 0x00 Val: 0x00000000
[inst #992] sll x0,x0,x0
Register Write to Reg: 0x00 Val: 0x00000000
[inst #993] addi x1,x1,32
Register Write to Reg: 0x01 Val: 0x00400530
[inst #994] jal x0,1276
Register Write to Reg: 0x00 Val: 0x00400528
[inst #995] addi x2,x2,-32
Register Write to Reg: 0x02 Val: 0x10010F58
[inst #996] addi x0,x0,0
Register Write to Reg: 0x00 Val: 0x00000000
[inst #997] addi x0,x0,0
Register Write to Reg: 0x00 Val: 0x00000000
[inst #998] addi x0,x0,0
Register Write to Reg: 0x00 Val: 0x00000000
[inst #999] sw x8,28(x2)
Memory Write to Addr: 0x10010F74 Val: 0x10010F78
[inst #1000] addi x0,x0,0
Register Write to Reg: 0x00 Val: 0x00000000
[inst #1001] addi x0,x0,0
Register Write to Reg: 0x00 Val: 0x00000000
[inst #1002] addi x0,x0,0
Register Write to Reg: 0x00 Val: 0x00000000
[inst #1003] add x8,x0,x2
Register Write to Reg: 0x08 Val: 0x10010F58
[inst #1004] addi x0,x0,0
Register Write to Reg: 0x00 Val: 0x00000000
[inst #1005] addi x0,x0,0
Register Write to Reg: 0x00 Val: 0x00000000
[inst #1006] addi x0,x0,0
Register Write to Reg: 0x00 Val: 0x00000000
[inst #1007] sw x29,32(x8)
Memory Write to Addr: 0x10010F78 Val: 0x00000001
[inst #1008] addi x7,x0,1
Register Write to Reg: 0x07 Val: 0x00000001
[inst #1009] addi x0,x0,0
Register Write to Reg: 0x00 Val: 0x00000000
[inst #1010] addi x0,x0,0
Register Write to Reg: 0x00 Val: 0x00000000
[inst #1011] addi x0,x0,0
Register Write to Reg: 0x00 Val: 0x00000000
[inst #1012] sw x7,8(x8)
Memory Write to Addr: 0x10010F60 Val: 0x00000001
[inst #1013] sw x0,12(x8)
Memory Write to Addr: 0x10010F64 Val: 0x00000000
[inst #1014] jal x0,84
Register Write to Reg: 0x00 Val: 0x00400A70
[inst #1015] lw x28,12(x8)
Register Write to Reg: 0x1C Val: 0x00000000
[inst #1016] lw x7,32(x8)
Register Write to Reg: 0x07 Val: 0x00000001
[inst #1017] addi x0,x0,0
Register Write to Reg: 0x00 Val: 0x00000000
[inst #1018] addi x0,x0,0
Register Write to Reg: 0x00 Val: 0x00000000
[inst #1019] addi x0,x0,0
Register Write to Reg: 0x00 Val: 0x00000000
[inst #1020] slt x7,x28,x7
Register Write to Reg: 0x07 Val: 0x00000001
[inst #1021] addi x0,x0,0
Register Write to Reg: 0x00 Val: 0x00000000
[inst #1022] addi x0,x0,0
Register Write to Reg: 0x00 Val: 0x00000000
[inst #1023] addi x0,x0,0
Register Write to Reg: 0x00 Val: 0x00000000
[inst #1024] beq x7,x0,24
[inst #1025] addi x0,x0,0
Register Write to Reg: 0x00 Val: 0x00000000
[inst #1026] addi x0,x0,0
Register Write to Reg: 0x00 Val: 0x00000000
[inst #1027] jal x0,-120
Register Write to Reg: 0x00 Val: 0x00400AF4
[inst #1028] lw x7,8(x8)
Register Write to Reg: 0x07 Val: 0x00000001
[inst #1029] addi x0,x0,0
Register Write to Reg: 0x00 Val: 0x00000000
[inst #1030] addi x0,x0,0
Register Write to Reg: 0x00 Val: 0x00000000
[inst #1031] addi x0,x0,0
Register Write to Reg: 0x00 Val: 0x00000000
[inst #1032] slli x7,x7,8
Register Write to Reg: 0x07 Val: 0x00000100
[inst #1033] addi x0,x0,0
Register Write to Reg: 0x00 Val: 0x00000000
[inst #1034] addi x0,x0,0
Register Write to Reg: 0x00 Val: 0x00000000
[inst #1035] addi x0,x0,0
Register Write to Reg: 0x00 Val: 0x00000000
[inst #1036] sw x7,8(x8)
Memory Write to Addr: 0x10010F60 Val: 0x00000100
[inst #1037] lw x7,12(x8)
Register Write to Reg: 0x07 Val: 0x00000000
[inst #1038] addi x0,x0,0
Register Write to Reg: 0x00 Val: 0x00000000
[inst #1039] addi x0,x0,0
Register Write to Reg: 0x00 Val: 0x00000000
[inst #1040] addi x0,x0,0
Register Write to Reg: 0x00 Val: 0x00000000
[inst #1041] addi x7,x7,1
Register Write to Reg: 0x07 Val: 0x00000001
[inst #1042] addi x0,x0,0
Register Write to Reg: 0x00 Val: 0x00000000
[inst #1043] addi x0,x0,0
Register Write to Reg: 0x00 Val: 0x00000000
[inst #1044] addi x0,x0,0
Register Write to Reg: 0x00 Val: 0x00000000
[inst #1045] sw x7,12(x8)
Memory Write to Addr: 0x10010F64 Val: 0x00000001
[inst #1046] lw x28,12(x8)
Register Write to Reg: 0x1C Val: 0x00000001
[inst #1047] lw x7,32(x8)
Register Write to Reg: 0x07 Val: 0x00000001
[inst #1048] addi x0,x0,0
Register Write to Reg: 0x00 Val: 0x00000000
[inst #1049] addi x0,x0,0
Register Write to Reg: 0x00 Val: 0x00000000
[inst #1050] addi x0,x0,0
Register Write to Reg: 0x00 Val: 0x00000000
[inst #1051] slt x7,x28,x7
Register Write to Reg: 0x07 Val: 0x00000000
[inst #1052] addi x0,x0,0
Register Write to Reg: 0x00 Val: 0x00000000
[inst #1053] addi x0,x0,0
Register Write to Reg: 0x00 Val: 0x00000000
[inst #1054] addi x0,x0,0
Register Write to Reg: 0x00 Val: 0x00000000
[inst #1055] beq x7,x0,24
[inst #1056] lui x7,65552
Register Write to Reg: 0x07 Val: 0x10010000
[inst #1057] addi x0,x0,0
Register Write to Reg: 0x00 Val: 0x00000000
[inst #1058] addi x0,x0,0
Register Write to Reg: 0x00 Val: 0x00000000
[inst #1059] addi x0,x0,0
Register Write to Reg: 0x00 Val: 0x00000000
[inst #1060] addi x7,x7,36
Register Write to Reg: 0x07 Val: 0x10010024
[inst #1061] addi x0,x0,0
Register Write to Reg: 0x00 Val: 0x00000000
[inst #1062] addi x0,x0,0
Register Write to Reg: 0x00 Val: 0x00000000
[inst #1063] addi x0,x0,0
Register Write to Reg: 0x00 Val: 0x00000000
[inst #1064] sw x7,16(x8)
Memory Write to Addr: 0x10010F68 Val: 0x10010024
[inst #1065] lw x7,16(x8)
Register Write to Reg: 0x07 Val: 0x10010024
[inst #1066] addi x0,x0,0
Register Write to Reg: 0x00 Val: 0x00000000
[inst #1067] addi x0,x0,0
Register Write to Reg: 0x00 Val: 0x00000000
[inst #1068] addi x0,x0,0
Register Write to Reg: 0x00 Val: 0x00000000
[inst #1069] lw x28,0(x7)
Register Write to Reg: 0x1C Val: 0x00000001
[inst #1070] addi x0,x0,0
Register Write to Reg: 0x00 Val: 0x00000000
[inst #1071] addi x0,x0,0
Register Write to Reg: 0x00 Val: 0x00000000
[inst #1072] addi x0,x0,0
Register Write to Reg: 0x00 Val: 0x00000000
[inst #1073] lw x7,8(x8)
Register Write to Reg: 0x07 Val: 0x00000100
[inst #1074] addi x0,x0,0
Register Write to Reg: 0x00 Val: 0x00000000
[inst #1075] addi x0,x0,0
Register Write to Reg: 0x00 Val: 0x00000000
[inst #1076] addi x0,x0,0
Register Write to Reg: 0x00 Val: 0x00000000
[inst #1077] or x28,x28,x7
Register Write to Reg: 0x1C Val: 0x00000101
[inst #1078] addi x0,x0,0
Register Write to Reg: 0x00 Val: 0x00000000
[inst #1079] addi x0,x0,0
Register Write to Reg: 0x00 Val: 0x00000000
[inst #1080] addi x0,x0,0
Register Write to Reg: 0x00 Val: 0x00000000
[inst #1081] lw x7,16(x8)
Register Write to Reg: 0x07 Val: 0x10010024
[inst #1082] addi x0,x0,0
Register Write to Reg: 0x00 Val: 0x00000000
[inst #1083] addi x0,x0,0
Register Write to Reg: 0x00 Val: 0x00000000
[inst #1084] addi x0,x0,0
Register Write to Reg: 0x00 Val: 0x00000000
[inst #1085] sw x28,0(x7)
Memory Write to Addr: 0x10010024 Val: 0x00000101
[inst #1086] add x2,x0,x8
Register Write to Reg: 0x02 Val: 0x10010F58
[inst #1087] addi x0,x0,0
Register Write to Reg: 0x00 Val: 0x00000000
[inst #1088] addi x0,x0,0
Register Write to Reg: 0x00 Val: 0x00000000
[inst #1089] addi x0,x0,0
Register Write to Reg: 0x00 Val: 0x00000000
[inst #1090] lw x8,28(x2)
Register Write to Reg: 0x08 Val: 0x10010F78
[inst #1091] addi x0,x0,0
Register Write to Reg: 0x00 Val: 0x00000000
[inst #1092] addi x0,x0,0
Register Write to Reg: 0x00 Val: 0x00000000
[inst #1093] addi x0,x0,0
Register Write to Reg: 0x00 Val: 0x00000000
[inst #1094] addi x2,x2,32
Register Write to Reg: 0x02 Val: 0x10010F78
[inst #1095] addi x0,x0,0
Register Write to Reg: 0x00 Val: 0x00000000
[inst #1096] addi x0,x0,0
Register Write to Reg: 0x00 Val: 0x00000000
[inst #1097] jalr x0,x1,0
Register Write to Reg: 0x00 Val: 0x00400BA4
[inst #1098] addi x7,x8,28
Register Write to Reg: 0x07 Val: 0x10010F94
[inst #1099] addi x0,x0,0
Register Write to Reg: 0x00 Val: 0x00000000
[inst #1100] addi x0,x0,0
Register Write to Reg: 0x00 Val: 0x00000000
[inst #1101] addi x0,x0,0
Register Write to Reg: 0x00 Val: 0x00000000
[inst #1102] lw x30,48(x8)
Register Write to Reg: 0x1E Val: 0x00000001
[inst #1103] addi x0,x0,0
Register Write to Reg: 0x00 Val: 0x00000000
[inst #1104] addi x0,x0,0
Register Write to Reg: 0x00 Val: 0x00000000
[inst #1105] addi x0,x0,0
Register Write to Reg: 0x00 Val: 0x00000000
[inst #1106] add x29,x0,x7
Register Write to Reg: 0x1D Val: 0x10010F94
[inst #1107] addi x0,x0,0
Register Write to Reg: 0x00 Val: 0x00000000
[inst #1108] addi x0,x0,0
Register Write to Reg: 0x00 Val: 0x00000000
[inst #1109] addi x0,x0,0
Register Write to Reg: 0x00 Val: 0x00000000
[inst #1110] auipc x1,0
Register Write to Reg: 0x01 Val: 0x00400560
[inst #1111] sll x0,x0,x0
Register Write to Reg: 0x00 Val: 0x00000000
[inst #1112] sll x0,x0,x0
Register Write to Reg: 0x00 Val: 0x00000000
[inst #1113] sll x0,x0,x0
Register Write to Reg: 0x00 Val: 0x00000000
[inst #1114] addi x1,x1,32
Register Write to Reg: 0x01 Val: 0x00400580
[inst #1115] jal x0,92
Register Write to Reg: 0x00 Val: 0x00400578
[inst #1116] addi x2,x2,-24
Register Write to Reg: 0x02 Val: 0x10010F60
[inst #1117] addi x0,x0,0
Register Write to Reg: 0x00 Val: 0x00000000
[inst #1118] addi x0,x0,0
Register Write to Reg: 0x00 Val: 0x00000000
[inst #1119] addi x0,x0,0
Register Write to Reg: 0x00 Val: 0x00000000
[inst #1120] sw x8,20(x2)
Memory Write to Addr: 0x10010F74 Val: 0x10010F78
[inst #1121] addi x0,x0,0
Register Write to Reg: 0x00 Val: 0x00000000
[inst #1122] addi x0,x0,0
Register Write to Reg: 0x00 Val: 0x00000000
[inst #1123] addi x0,x0,0
Register Write to Reg: 0x00 Val: 0x00000000
[inst #1124] add x8,x0,x2
Register Write to Reg: 0x08 Val: 0x10010F60
[inst #1125] addi x0,x0,0
Register Write to Reg: 0x00 Val: 0x00000000
[inst #1126] addi x0,x0,0
Register Write to Reg: 0x00 Val: 0x00000000
[inst #1127] addi x0,x0,0
Register Write to Reg: 0x00 Val: 0x00000000
[inst #1128] sub x31,x8,x2
Register Write to Reg: 0x1F Val: 0x00000000
[inst #1129] sw x29,24(x8)
Memory Write to Addr: 0x10010F78 Val: 0x10010F94
[inst #1130] sw x30,28(x8)
Memory Write to Addr: 0x10010F7C Val: 0x00000001
[inst #1131] lw x7,28(x8)
Register Write to Reg: 0x07 Val: 0x00000001
[inst #1132] addi x0,x0,0
Register Write to Reg: 0x00 Val: 0x00000000
[inst #1133] addi x0,x0,0
Register Write to Reg: 0x00 Val: 0x00000000
[inst #1134] addi x0,x0,0
Register Write to Reg: 0x00 Val: 0x00000000
[inst #1135] sw x7,8(x8)
Memory Write to Addr: 0x10010F68 Val: 0x00000001
[inst #1136] sw x0,12(x8)
Memory Write to Addr: 0x10010F6C Val: 0x00000000
[inst #1137] lw x7,24(x8)
Register Write to Reg: 0x07 Val: 0x10010F94
[inst #1138] lw x29,8(x8)
Register Write to Reg: 0x1D Val: 0x00000001
[inst #1139] lw x28,12(x8)
Register Write to Reg: 0x1C Val: 0x00000000
[inst #1140] addi x0,x0,0
Register Write to Reg: 0x00 Val: 0x00000000
[inst #1141] addi x0,x0,0
Register Write to Reg: 0x00 Val: 0x00000000
[inst #1142] addi x0,x0,0
Register Write to Reg: 0x00 Val: 0x00000000
[inst #1143] sw x29,0(x7)
Memory Write to Addr: 0x10010F94 Val: 0x00000001
[inst #1144] sw x28,4(x7)
Memory Write to Addr: 0x10010F98 Val: 0x00000000
[inst #1145] lw x7,24(x8)
Register Write to Reg: 0x07 Val: 0x10010F94
[inst #1146] addi x0,x0,0
Register Write to Reg: 0x00 Val: 0x00000000
[inst #1147] addi x0,x0,0
Register Write to Reg: 0x00 Val: 0x00000000
[inst #1148] addi x0,x0,0
Register Write to Reg: 0x00 Val: 0x00000000
[inst #1149] add x2,x0,x8
Register Write to Reg: 0x02 Val: 0x10010F60
[inst #1150] addi x0,x0,0
Register Write to Reg: 0x00 Val: 0x00000000
[inst #1151] addi x0,x0,0
Register Write to Reg: 0x00 Val: 0x00000000
[inst #1152] addi x0,x0,0
Register Write to Reg: 0x00 Val: 0x00000000
[inst #1153] lw x8,20(x2)
Register Write to Reg: 0x08 Val: 0x10010F78
[inst #1154] addi x0,x0,0
Register Write to Reg: 0x00 Val: 0x00000000
[inst #1155] addi x0,x0,0
Register Write to Reg: 0x00 Val: 0x00000000
[inst #1156] addi x0,x0,0
Register Write to Reg: 0x00 Val: 0x00000000
[inst #1157] addi x2,x2,24
Register Write to Reg: 0x02 Val: 0x10010F78
[inst #1158] addi x0,x0,0
Register Write to Reg: 0x00 Val: 0x00000000
[inst #1159] addi x0,x0,0
Register Write to Reg: 0x00 Val: 0x00000000
[inst #1160] jalr x0,x1,0
Register Write to Reg: 0x00 Val: 0x00400684
[inst #1161] addi x7,x8,28
Register Write to Reg: 0x07 Val: 0x10010F94
[inst #1162] addi x0,x0,0
Register Write to Reg: 0x00 Val: 0x00000000
[inst #1163] addi x0,x0,0
Register Write to Reg: 0x00 Val: 0x00000000
[inst #1164] addi x0,x0,0
Register Write to Reg: 0x00 Val: 0x00000000
[inst #1165] add x29,x0,x7
Register Write to Reg: 0x1D Val: 0x10010F94
[inst #1166] addi x0,x0,0
Register Write to Reg: 0x00 Val: 0x00000000
[inst #1167] addi x0,x0,0
Register Write to Reg: 0x00 Val: 0x00000000
[inst #1168] addi x0,x0,0
Register Write to Reg: 0x00 Val: 0x00000000
[inst #1169] auipc x1,0
Register Write to Reg: 0x01 Val: 0x004005A0
[inst #1170] sll x0,x0,x0
Register Write to Reg: 0x00 Val: 0x00000000
[inst #1171] sll x0,x0,x0
Register Write to Reg: 0x00 Val: 0x00000000
[inst #1172] sll x0,x0,x0
Register Write to Reg: 0x00 Val: 0x00000000
[inst #1173] addi x1,x1,32
Register Write to Reg: 0x01 Val: 0x004005C0
[inst #1174] jal x0,216
Register Write to Reg: 0x00 Val: 0x004005B8
[inst #1175] addi x2,x2,-32
Register Write to Reg: 0x02 Val: 0x10010F58
[inst #1176] addi x0,x0,0
Register Write to Reg: 0x00 Val: 0x00000000
[inst #1177] addi x0,x0,0
Register Write to Reg: 0x00 Val: 0x00000000
[inst #1178] addi x0,x0,0
Register Write to Reg: 0x00 Val: 0x00000000
[inst #1179] sw x1,28(x2)
Memory Write to Addr: 0x10010F74 Val: 0x004005C0
[inst #1180] sw x8,24(x2)
Memory Write to Addr: 0x10010F70 Val: 0x10010F78
[inst #1181] addi x0,x0,0
Register Write to Reg: 0x00 Val: 0x00000000
[inst #1182] addi x0,x0,0
Register Write to Reg: 0x00 Val: 0x00000000
[inst #1183] addi x0,x0,0
Register Write to Reg: 0x00 Val: 0x00000000
[inst #1184] add x8,x0,x2
Register Write to Reg: 0x08 Val: 0x10010F58
[inst #1185] addi x0,x0,0
Register Write to Reg: 0x00 Val: 0x00000000
[inst #1186] addi x0,x0,0
Register Write to Reg: 0x00 Val: 0x00000000
[inst #1187] addi x0,x0,0
Register Write to Reg: 0x00 Val: 0x00000000
[inst #1188] sw x29,32(x8)
Memory Write to Addr: 0x10010F78 Val: 0x10010F94
[inst #1189] jal x0,288
Register Write to Reg: 0x00 Val: 0x004006C8
[inst #1190] lw x7,32(x8)
Register Write to Reg: 0x07 Val: 0x10010F94
[inst #1191] addi x0,x0,0
Register Write to Reg: 0x00 Val: 0x00000000
[inst #1192] addi x0,x0,0
Register Write to Reg: 0x00 Val: 0x00000000
[inst #1193] addi x0,x0,0
Register Write to Reg: 0x00 Val: 0x00000000
[inst #1194] lw x7,4(x7)
Register Write to Reg: 0x07 Val: 0x00000000
[inst #1195] addi x0,x0,0
Register Write to Reg: 0x00 Val: 0x00000000
[inst #1196] addi x0,x0,0
Register Write to Reg: 0x00 Val: 0x00000000
[inst #1197] addi x0,x0,0
Register Write to Reg: 0x00 Val: 0x00000000
[inst #1198] slti x7,x7,4
Register Write to Reg: 0x07 Val: 0x00000001
[inst #1199] addi x0,x0,0
Register Write to Reg: 0x00 Val: 0x00000000
[inst #1200] addi x0,x0,0
Register Write to Reg: 0x00 Val: 0x00000000
[inst #1201] addi x0,x0,0
Register Write to Reg: 0x00 Val: 0x00000000
[inst #1202] beq x7,x0,24
[inst #1203] addi x0,x0,0
Register Write to Reg: 0x00 Val: 0x00000000
[inst #1204] addi x0,x0,0
Register Write to Reg: 0x00 Val: 0x00000000
[inst #1205] jal x0,-336
Register Write to Reg: 0x00 Val: 0x00400824
[inst #1206] lw x7,32(x8)
Register Write to Reg: 0x07 Val: 0x10010F94
[inst #1207] addi x0,x0,0
Register Write to Reg: 0x00 Val: 0x00000000
[inst #1208] addi x0,x0,0
Register Write to Reg: 0x00 Val: 0x00000000
[inst #1209] addi x0,x0,0
Register Write to Reg: 0x00 Val: 0x00000000
[inst #1210] lw x28,0(x7)
Register Write to Reg: 0x1C Val: 0x00000001
[inst #1211] addi x0,x0,0
Register Write to Reg: 0x00 Val: 0x00000000
[inst #1212] addi x0,x0,0
Register Write to Reg: 0x00 Val: 0x00000000
[inst #1213] addi x0,x0,0
Register Write to Reg: 0x00 Val: 0x00000000
[inst #1214] lw x7,32(x8)
Register Write to Reg: 0x07 Val: 0x10010F94
[inst #1215] addi x0,x0,0
Register Write to Reg: 0x00 Val: 0x00000000
[inst #1216] addi x0,x0,0
Register Write to Reg: 0x00 Val: 0x00000000
[inst #1217] addi x0,x0,0
Register Write to Reg: 0x00 Val: 0x00000000
[inst #1218] lw x7,4(x7)
Register Write to Reg: 0x07 Val: 0x00000000
[inst #1219] addi x0,x0,0
Register Write to Reg: 0x00 Val: 0x00000000
[inst #1220] addi x0,x0,0
Register Write to Reg: 0x00 Val: 0x00000000
[inst #1221] addi x0,x0,0
Register Write to Reg: 0x00 Val: 0x00000000
[inst #1222] add x30,x0,x7
Register Write to Reg: 0x1E Val: 0x00000000
[inst #1223] add x29,x0,x28
Register Write to Reg: 0x1D Val: 0x00000001
[inst #1224] addi x0,x0,0
Register Write to Reg: 0x00 Val: 0x00000000
[inst #1225] addi x0,x0,0
Register Write to Reg: 0x00 Val: 0x00000000
[inst #1226] addi x0,x0,0
Register Write to Reg: 0x00 Val: 0x00000000
[inst #1227] auipc x1,0
Register Write to Reg: 0x01 Val: 0x00400724
[inst #1228] sll x0,x0,x0
Register Write to Reg: 0x00 Val: 0x00000000
[inst #1229] sll x0,x0,x0
Register Write to Reg: 0x00 Val: 0x00000000
[inst #1230] sll x0,x0,x0
Register Write to Reg: 0x00 Val: 0x00000000
[inst #1231] addi x1,x1,32
Register Write to Reg: 0x01 Val: 0x00400744
[inst #1232] jal x0,308
Register Write to Reg: 0x00 Val: 0x0040073C
[inst #1233] addi x2,x2,-32
Register Write to Reg: 0x02 Val: 0x10010F38
[inst #1234] addi x0,x0,0
Register Write to Reg: 0x00 Val: 0x00000000
[inst #1235] addi x0,x0,0
Register Write to Reg: 0x00 Val: 0x00000000
[inst #1236] addi x0,x0,0
Register Write to Reg: 0x00 Val: 0x00000000
[inst #1237] sw x8,28(x2)
Memory Write to Addr: 0x10010F54 Val: 0x10010F58
[inst #1238] addi x0,x0,0
Register Write to Reg: 0x00 Val: 0x00000000
[inst #1239] addi x0,x0,0
Register Write to Reg: 0x00 Val: 0x00000000
[inst #1240] addi x0,x0,0
Register Write to Reg: 0x00 Val: 0x00000000
[inst #1241] add x8,x0,x2
Register Write to Reg: 0x08 Val: 0x10010F38
[inst #1242] addi x0,x0,0
Register Write to Reg: 0x00 Val: 0x00000000
[inst #1243] addi x0,x0,0
Register Write to Reg: 0x00 Val: 0x00000000
[inst #1244] addi x0,x0,0
Register Write to Reg: 0x00 Val: 0x00000000
[inst #1245] sw x29,32(x8)
Memory Write to Addr: 0x10010F58 Val: 0x00000001
[inst #1246] sw x30,36(x8)
Memory Write to Addr: 0x10010F5C Val: 0x00000000
[inst #1247] lui x7,65552
Register Write to Reg: 0x07 Val: 0x10010000
[inst #1248] addi x0,x0,0
Register Write to Reg: 0x00 Val: 0x00000000
[inst #1249] addi x0,x0,0
Register Write to Reg: 0x00 Val: 0x00000000
[inst #1250] addi x0,x0,0
Register Write to Reg: 0x00 Val: 0x00000000
[inst #1251] addi x7,x7,8
Register Write to Reg: 0x07 Val: 0x10010008
[inst #1252] lw x28,32(x8)
Register Write to Reg: 0x1C Val: 0x00000001
[inst #1253] addi x0,x0,0
Register Write to Reg: 0x00 Val: 0x00000000
[inst #1254] addi x0,x0,0
Register Write to Reg: 0x00 Val: 0x00000000
[inst #1255] addi x0,x0,0
Register Write to Reg: 0x00 Val: 0x00000000
[inst #1256] slli x28,x28,2
Register Write to Reg: 0x1C Val: 0x00000004
[inst #1257] addi x0,x0,0
Register Write to Reg: 0x00 Val: 0x00000000
[inst #1258] addi x0,x0,0
Register Write to Reg: 0x00 Val: 0x00000000
[inst #1259] addi x0,x0,0
Register Write to Reg: 0x00 Val: 0x00000000
[inst #1260] add x7,x28,x7
Register Write to Reg: 0x07 Val: 0x1001000C
[inst #1261] addi x0,x0,0
Register Write to Reg: 0x00 Val: 0x00000000
[inst #1262] addi x0,x0,0
Register Write to Reg: 0x00 Val: 0x00000000
[inst #1263] addi x0,x0,0
Register Write to Reg: 0x00 Val: 0x00000000
[inst #1264] lw x7,0(x7)
Register Write to Reg: 0x07 Val: 0xFFFFFFFF
[inst #1265] addi x0,x0,0
Register Write to Reg: 0x00 Val: 0x00000000
[inst #1266] addi x0,x0,0
Register Write to Reg: 0x00 Val: 0x00000000
[inst #1267] addi x0,x0,0
Register Write to Reg: 0x00 Val: 0x00000000
[inst #1268] sw x7,16(x8)
Memory Write to Addr: 0x10010F48 Val: 0xFFFFFFFF
[inst #1269] addi x7,x0,1
Register Write to Reg: 0x07 Val: 0x00000001
[inst #1270] addi x0,x0,0
Register Write to Reg: 0x00 Val: 0x00000000
[inst #1271] addi x0,x0,0
Register Write to Reg: 0x00 Val: 0x00000000
[inst #1272] addi x0,x0,0
Register Write to Reg: 0x00 Val: 0x00000000
[inst #1273] sw x7,8(x8)
Memory Write to Addr: 0x10010F40 Val: 0x00000001
[inst #1274] sw x0,12(x8)
Memory Write to Addr: 0x10010F44 Val: 0x00000000
[inst #1275] jal x0,84
Register Write to Reg: 0x00 Val: 0x00400918
[inst #1276] lw x28,12(x8)
Register Write to Reg: 0x1C Val: 0x00000000
[inst #1277] lw x7,36(x8)
Register Write to Reg: 0x07 Val: 0x00000000
[inst #1278] addi x0,x0,0
Register Write to Reg: 0x00 Val: 0x00000000
[inst #1279] addi x0,x0,0
Register Write to Reg: 0x00 Val: 0x00000000
[inst #1280] addi x0,x0,0
Register Write to Reg: 0x00 Val: 0x00000000
[inst #1281] slt x7,x28,x7
Register Write to Reg: 0x07 Val: 0x00000000
[inst #1282] addi x0,x0,0
Register Write to Reg: 0x00 Val: 0x00000000
[inst #1283] addi x0,x0,0
Register Write to Reg: 0x00 Val: 0x00000000
[inst #1284] addi x0,x0,0
Register Write to Reg: 0x00 Val: 0x00000000
[inst #1285] beq x7,x0,24
[inst #1286] lw x28,8(x8)
Register Write to Reg: 0x1C Val: 0x00000001
[inst #1287] lw x7,16(x8)
Register Write to Reg: 0x07 Val: 0xFFFFFFFF
[inst #1288] addi x0,x0,0
Register Write to Reg: 0x00 Val: 0x00000000
[inst #1289] addi x0,x0,0
Register Write to Reg: 0x00 Val: 0x00000000
[inst #1290] addi x0,x0,0
Register Write to Reg: 0x00 Val: 0x00000000
[inst #1291] and x7,x28,x7
Register Write to Reg: 0x07 Val: 0x00000001
[inst #1292] addi x0,x0,0
Register Write to Reg: 0x00 Val: 0x00000000
[inst #1293] addi x0,x0,0
Register Write to Reg: 0x00 Val: 0x00000000
[inst #1294] addi x0,x0,0
Register Write to Reg: 0x00 Val: 0x00000000
[inst #1295] slt x7,x0,x7
Register Write to Reg: 0x07 Val: 0x00000001
[inst #1296] addi x0,x0,0
Register Write to Reg: 0x00 Val: 0x00000000
[inst #1297] addi x0,x0,0
Register Write to Reg: 0x00 Val: 0x00000000
[inst #1298] addi x0,x0,0
Register Write to Reg: 0x00 Val: 0x00000000
[inst #1299] andi x7,x7,255
Register Write to Reg: 0x07 Val: 0x00000001
[inst #1300] addi x0,x0,0
Register Write to Reg: 0x00 Val: 0x00000000
[inst #1301] addi x0,x0,0
Register Write to Reg: 0x00 Val: 0x00000000
[inst #1302] addi x0,x0,0
Register Write to Reg: 0x00 Val: 0x00000000
[inst #1303] add x2,x0,x8
Register Write to Reg: 0x02 Val: 0x10010F38
[inst #1304] addi x0,x0,0
Register Write to Reg: 0x00 Val: 0x00000000
[inst #1305] addi x0,x0,0
Register Write to Reg: 0x00 Val: 0x00000000
[inst #1306] addi x0,x0,0
Register Write to Reg: 0x00 Val: 0x00000000
[inst #1307] lw x8,28(x2)
Register Write to Reg: 0x08 Val: 0x10010F58
[inst #1308] addi x0,x0,0
Register Write to Reg: 0x00 Val: 0x00000000
[inst #1309] addi x0,x0,0
Register Write to Reg: 0x00 Val: 0x00000000
[inst #1310] addi x0,x0,0
Register Write to Reg: 0x00 Val: 0x00000000
[inst #1311] addi x2,x2,32
Register Write to Reg: 0x02 Val: 0x10010F58
[inst #1312] addi x0,x0,0
Register Write to Reg: 0x00 Val: 0x00000000
[inst #1313] addi x0,x0,0
Register Write to Reg: 0x00 Val: 0x00000000
[inst #1314] jalr x0,x1,0
Register Write to Reg: 0x00 Val: 0x00400A18
[inst #1315] beq x7,x0,92
[inst #1316] addi x0,x0,0
Register Write to Reg: 0x00 Val: 0x00000000
[inst #1317] addi x0,x0,0
Register Write to Reg: 0x00 Val: 0x00000000
[inst #1318] lw x7,32(x8)
Register Write to Reg: 0x07 Val: 0x10010F94
[inst #1319] addi x0,x0,0
Register Write to Reg: 0x00 Val: 0x00000000
[inst #1320] addi x0,x0,0
Register Write to Reg: 0x00 Val: 0x00000000
[inst #1321] addi x0,x0,0
Register Write to Reg: 0x00 Val: 0x00000000
[inst #1322] lw x7,4(x7)
Register Write to Reg: 0x07 Val: 0x00000000
[inst #1323] addi x0,x0,0
Register Write to Reg: 0x00 Val: 0x00000000
[inst #1324] addi x0,x0,0
Register Write to Reg: 0x00 Val: 0x00000000
[inst #1325] addi x0,x0,0
Register Write to Reg: 0x00 Val: 0x00000000
[inst #1326] addi x29,x7,1
Register Write to Reg: 0x1D Val: 0x00000001
[inst #1327] addi x0,x0,0
Register Write to Reg: 0x00 Val: 0x00000000
[inst #1328] addi x0,x0,0
Register Write to Reg: 0x00 Val: 0x00000000
[inst #1329] addi x0,x0,0
Register Write to Reg: 0x00 Val: 0x00000000
[inst #1330] lw x28,32(x8)
Register Write to Reg: 0x1C Val: 0x10010F94
[inst #1331] addi x0,x0,0
Register Write to Reg: 0x00 Val: 0x00000000
[inst #1332] addi x0,x0,0
Register Write to Reg: 0x00 Val: 0x00000000
[inst #1333] addi x0,x0,0
Register Write to Reg: 0x00 Val: 0x00000000
[inst #1334] sw x29,4(x28)
Memory Write to Addr: 0x10010F98 Val: 0x00000001
[inst #1335] jal x0,156
Register Write to Reg: 0x00 Val: 0x00400798
[inst #1336] add x2,x0,x8
Register Write to Reg: 0x02 Val: 0x10010F58
[inst #1337] addi x0,x0,0
Register Write to Reg: 0x00 Val: 0x00000000
[inst #1338] addi x0,x0,0
Register Write to Reg: 0x00 Val: 0x00000000
[inst #1339] addi x0,x0,0
Register Write to Reg: 0x00 Val: 0x00000000
[inst #1340] lw x1,28(x2)
Register Write to Reg: 0x01 Val: 0x004005C0
[inst #1341] lw x8,24(x2)
Register Write to Reg: 0x08 Val: 0x10010F78
[inst #1342] addi x0,x0,0
Register Write to Reg: 0x00 Val: 0x00000000
[inst #1343] addi x0,x0,0
Register Write to Reg: 0x00 Val: 0x00000000
[inst #1344] addi x0,x0,0
Register Write to Reg: 0x00 Val: 0x00000000
[inst #1345] addi x2,x2,32
Register Write to Reg: 0x02 Val: 0x10010F78
[inst #1346] addi x0,x0,0
Register Write to Reg: 0x00 Val: 0x00000000
[inst #1347] addi x0,x0,0
Register Write to Reg: 0x00 Val: 0x00000000
[inst #1348] jalr x0,x1,0
Register Write to Reg: 0x00 Val: 0x00400864
[inst #1349] sw x7,24(x8)
Memory Write to Addr: 0x10010F90 Val: 0x00000000
[inst #1350] jal x0,-720
Register Write to Reg: 0x00 Val: 0x004005C8
[inst #1351] lw x28,24(x8)
Register Write to Reg: 0x1C Val: 0x00000000
[inst #1352] addi x0,x0,0
Register Write to Reg: 0x00 Val: 0x00000000
[inst #1353] addi x0,x0,0
Register Write to Reg: 0x00 Val: 0x00000000
[inst #1354] addi x0,x0,0
Register Write to Reg: 0x00 Val: 0x00000000
[inst #1355] addi x7,x0,-1
Register Write to Reg: 0x07 Val: 0xFFFFFFFF
[inst #1356] addi x0,x0,0
Register Write to Reg: 0x00 Val: 0x00000000
[inst #1357] addi x0,x0,0
Register Write to Reg: 0x00 Val: 0x00000000
[inst #1358] addi x0,x0,0
Register Write to Reg: 0x00 Val: 0x00000000
[inst #1359] beq x28,x7,24
[inst #1360] addi x0,x0,0
Register Write to Reg: 0x00 Val: 0x00000000
[inst #1361] addi x0,x0,0
Register Write to Reg: 0x00 Val: 0x00000000
[inst #1362] jal x0,-252
Register Write to Reg: 0x00 Val: 0x00400324
[inst #1363] lw x29,24(x8)
Register Write to Reg: 0x1D Val: 0x00000000
[inst #1364] addi x0,x0,0
Register Write to Reg: 0x00 Val: 0x00000000
[inst #1365] addi x0,x0,0
Register Write to Reg: 0x00 Val: 0x00000000
[inst #1366] addi x0,x0,0
Register Write to Reg: 0x00 Val: 0x00000000
[inst #1367] auipc x1,0
Register Write to Reg: 0x01 Val: 0x00400234
[inst #1368] sll x0,x0,x0
Register Write to Reg: 0x00 Val: 0x00000000
[inst #1369] sll x0,x0,x0
Register Write to Reg: 0x00 Val: 0x00000000
[inst #1370] sll x0,x0,x0
Register Write to Reg: 0x00 Val: 0x00000000
[inst #1371] addi x1,x1,32
Register Write to Reg: 0x01 Val: 0x00400254
[inst #1372] jal x0,2404
Register Write to Reg: 0x00 Val: 0x0040024C
[inst #1373] addi x2,x2,-32
Register Write to Reg: 0x02 Val: 0x10010F58
[inst #1374] addi x0,x0,0
Register Write to Reg: 0x00 Val: 0x00000000
[inst #1375] addi x0,x0,0
Register Write to Reg: 0x00 Val: 0x00000000
[inst #1376] addi x0,x0,0
Register Write to Reg: 0x00 Val: 0x00000000
[inst #1377] sw x8,28(x2)
Memory Write to Addr: 0x10010F74 Val: 0x10010F78
[inst #1378] addi x0,x0,0
Register Write to Reg: 0x00 Val: 0x00000000
[inst #1379] addi x0,x0,0
Register Write to Reg: 0x00 Val: 0x00000000
[inst #1380] addi x0,x0,0
Register Write to Reg: 0x00 Val: 0x00000000
[inst #1381] add x8,x0,x2
Register Write to Reg: 0x08 Val: 0x10010F58
[inst #1382] addi x0,x0,0
Register Write to Reg: 0x00 Val: 0x00000000
[inst #1383] addi x0,x0,0
Register Write to Reg: 0x00 Val: 0x00000000
[inst #1384] addi x0,x0,0
Register Write to Reg: 0x00 Val: 0x00000000
[inst #1385] sw x29,32(x8)
Memory Write to Addr: 0x10010F78 Val: 0x00000000
[inst #1386] ori x7,x0,1
Register Write to Reg: 0x07 Val: 0x00000001
[inst #1387] addi x0,x0,0
Register Write to Reg: 0x00 Val: 0x00000000
[inst #1388] addi x0,x0,0
Register Write to Reg: 0x00 Val: 0x00000000
[inst #1389] addi x0,x0,0
Register Write to Reg: 0x00 Val: 0x00000000
[inst #1390] sw x7,8(x8)
Memory Write to Addr: 0x10010F60 Val: 0x00000001
[inst #1391] sw x0,12(x8)
Memory Write to Addr: 0x10010F64 Val: 0x00000000
[inst #1392] jal x0,84
Register Write to Reg: 0x00 Val: 0x00400BFC
[inst #1393] lw x28,12(x8)
Register Write to Reg: 0x1C Val: 0x00000000
[inst #1394] lw x7,32(x8)
Register Write to Reg: 0x07 Val: 0x00000000
[inst #1395] addi x0,x0,0
Register Write to Reg: 0x00 Val: 0x00000000
[inst #1396] addi x0,x0,0
Register Write to Reg: 0x00 Val: 0x00000000
[inst #1397] addi x0,x0,0
Register Write to Reg: 0x00 Val: 0x00000000
[inst #1398] slt x7,x28,x7
Register Write to Reg: 0x07 Val: 0x00000000
[inst #1399] addi x0,x0,0
Register Write to Reg: 0x00 Val: 0x00000000
[inst #1400] addi x0,x0,0
Register Write to Reg: 0x00 Val: 0x00000000
[inst #1401] addi x0,x0,0
Register Write to Reg: 0x00 Val: 0x00000000
[inst #1402] beq x7,x0,24
[inst #1403] lui x7,65552
Register Write to Reg: 0x07 Val: 0x10010000
[inst #1404] addi x0,x0,0
Register Write to Reg: 0x00 Val: 0x00000000
[inst #1405] addi x0,x0,0
Register Write to Reg: 0x00 Val: 0x00000000
[inst #1406] addi x0,x0,0
Register Write to Reg: 0x00 Val: 0x00000000
[inst #1407] addi x7,x7,36
Register Write to Reg: 0x07 Val: 0x10010024
[inst #1408] addi x0,x0,0
Register Write to Reg: 0x00 Val: 0x00000000
[inst #1409] addi x0,x0,0
Register Write to Reg: 0x00 Val: 0x00000000
[inst #1410] addi x0,x0,0
Register Write to Reg: 0x00 Val: 0x00000000
[inst #1411] lw x7,0(x7)
Register Write to Reg: 0x07 Val: 0x00000101
[inst #1412] addi x0,x0,0
Register Write to Reg: 0x00 Val: 0x00000000
[inst #1413] addi x0,x0,0
Register Write to Reg: 0x00 Val: 0x00000000
[inst #1414] addi x0,x0,0
Register Write to Reg: 0x00 Val: 0x00000000
[inst #1415] sw x7,16(x8)
Memory Write to Addr: 0x10010F68 Val: 0x00000101
[inst #1416] lw x28,16(x8)
Register Write to Reg: 0x1C Val: 0x00000101
[inst #1417] addi x0,x0,0
Register Write to Reg: 0x00 Val: 0x00000000
[inst #1418] addi x0,x0,0
Register Write to Reg: 0x00 Val: 0x00000000
[inst #1419] addi x0,x0,0
Register Write to Reg: 0x00 Val: 0x00000000
[inst #1420] lw x7,8(x8)
Register Write to Reg: 0x07 Val: 0x00000001
[inst #1421] addi x0,x0,0
Register Write to Reg: 0x00 Val: 0x00000000
[inst #1422] addi x0,x0,0
Register Write to Reg: 0x00 Val: 0x00000000
[inst #1423] addi x0,x0,0
Register Write to Reg: 0x00 Val: 0x00000000
[inst #1424] and x7,x28,x7
Register Write to Reg: 0x07 Val: 0x00000001
[inst #1425] addi x0,x0,0
Register Write to Reg: 0x00 Val: 0x00000000
[inst #1426] addi x0,x0,0
Register Write to Reg: 0x00 Val: 0x00000000
[inst #1427] addi x0,x0,0
Register Write to Reg: 0x00 Val: 0x00000000
[inst #1428] slt x7,x0,x7
Register Write to Reg: 0x07 Val: 0x00000001
[inst #1429] addi x0,x0,0
Register Write to Reg: 0x00 Val: 0x00000000
[inst #1430] addi x0,x0,0
Register Write to Reg: 0x00 Val: 0x00000000
[inst #1431] addi x0,x0,0
Register Write to Reg: 0x00 Val: 0x00000000
[inst #1432] andi x7,x7,255
Register Write to Reg: 0x07 Val: 0x00000001
[inst #1433] addi x0,x0,0
Register Write to Reg: 0x00 Val: 0x00000000
[inst #1434] addi x0,x0,0
Register Write to Reg: 0x00 Val: 0x00000000
[inst #1435] addi x0,x0,0
Register Write to Reg: 0x00 Val: 0x00000000
[inst #1436] add x2,x0,x8
Register Write to Reg: 0x02 Val: 0x10010F58
[inst #1437] addi x0,x0,0
Register Write to Reg: 0x00 Val: 0x00000000
[inst #1438] addi x0,x0,0
Register Write to Reg: 0x00 Val: 0x00000000
[inst #1439] addi x0,x0,0
Register Write to Reg: 0x00 Val: 0x00000000
[inst #1440] lw x8,28(x2)
Register Write to Reg: 0x08 Val: 0x10010F78
[inst #1441] addi x0,x0,0
Register Write to Reg: 0x00 Val: 0x00000000
[inst #1442] addi x0,x0,0
Register Write to Reg: 0x00 Val: 0x00000000
[inst #1443] addi x0,x0,0
Register Write to Reg: 0x00 Val: 0x00000000
[inst #1444] addi x2,x2,32
Register Write to Reg: 0x02 Val: 0x10010F78
[inst #1445] addi x0,x0,0
Register Write to Reg: 0x00 Val: 0x00000000
[inst #1446] addi x0,x0,0
Register Write to Reg: 0x00 Val: 0x00000000
[inst #1447] jalr x0,x1,0
Register Write to Reg: 0x00 Val: 0x00400D3C
[inst #1448] xori x7,x7,1
Register Write to Reg: 0x07 Val: 0x00000000
[inst #1449] addi x0,x0,0
Register Write to Reg: 0x00 Val: 0x00000000
[inst #1450] addi x0,x0,0
Register Write to Reg: 0x00 Val: 0x00000000
[inst #1451] addi x0,x0,0
Register Write to Reg: 0x00 Val: 0x00000000
[inst #1452] andi x7,x7,255
Register Write to Reg: 0x07 Val: 0x00000000
[inst #1453] addi x0,x0,0
Register Write to Reg: 0x00 Val: 0x00000000
[inst #1454] addi x0,x0,0
Register Write to Reg: 0x00 Val: 0x00000000
[inst #1455] addi x0,x0,0
Register Write to Reg: 0x00 Val: 0x00000000
[inst #1456] beq x7,x0,60
[inst #1457] addi x7,x8,28
Register Write to Reg: 0x07 Val: 0x10010F94
[inst #1458] addi x0,x0,0
Register Write to Reg: 0x00 Val: 0x00000000
[inst #1459] addi x0,x0,0
Register Write to Reg: 0x00 Val: 0x00000000
[inst #1460] addi x0,x0,0
Register Write to Reg: 0x00 Val: 0x00000000
[inst #1461] add x29,x0,x7
Register Write to Reg: 0x1D Val: 0x10010F94
[inst #1462] addi x0,x0,0
Register Write to Reg: 0x00 Val: 0x00000000
[inst #1463] addi x0,x0,0
Register Write to Reg: 0x00 Val: 0x00000000
[inst #1464] addi x0,x0,0
Register Write to Reg: 0x00 Val: 0x00000000
[inst #1465] auipc x1,0
Register Write to Reg: 0x01 Val: 0x004002D0
[inst #1466] sll x0,x0,x0
Register Write to Reg: 0x00 Val: 0x00000000
[inst #1467] sll x0,x0,x0
Register Write to Reg: 0x00 Val: 0x00000000
[inst #1468] sll x0,x0,x0
Register Write to Reg: 0x00 Val: 0x00000000
[inst #1469] addi x1,x1,32
Register Write to Reg: 0x01 Val: 0x004002F0
[inst #1470] jal x0,936
Register Write to Reg: 0x00 Val: 0x004002E8
[inst #1471] addi x2,x2,-32
Register Write to Reg: 0x02 Val: 0x10010F58
[inst #1472] addi x0,x0,0
Register Write to Reg: 0x00 Val: 0x00000000
[inst #1473] addi x0,x0,0
Register Write to Reg: 0x00 Val: 0x00000000
[inst #1474] addi x0,x0,0
Register Write to Reg: 0x00 Val: 0x00000000
[inst #1475] sw x1,28(x2)
Memory Write to Addr: 0x10010F74 Val: 0x004002F0
[inst #1476] sw x8,24(x2)
Memory Write to Addr: 0x10010F70 Val: 0x10010F78
[inst #1477] addi x0,x0,0
Register Write to Reg: 0x00 Val: 0x00000000
[inst #1478] addi x0,x0,0
Register Write to Reg: 0x00 Val: 0x00000000
[inst #1479] addi x0,x0,0
Register Write to Reg: 0x00 Val: 0x00000000
[inst #1480] add x8,x0,x2
Register Write to Reg: 0x08 Val: 0x10010F58
[inst #1481] addi x0,x0,0
Register Write to Reg: 0x00 Val: 0x00000000
[inst #1482] addi x0,x0,0
Register Write to Reg: 0x00 Val: 0x00000000
[inst #1483] addi x0,x0,0
Register Write to Reg: 0x00 Val: 0x00000000
[inst #1484] sw x29,32(x8)
Memory Write to Addr: 0x10010F78 Val: 0x10010F94
[inst #1485] jal x0,288
Register Write to Reg: 0x00 Val: 0x004006C8
[inst #1486] lw x7,32(x8)
Register Write to Reg: 0x07 Val: 0x10010F94
[inst #1487] addi x0,x0,0
Register Write to Reg: 0x00 Val: 0x00000000
[inst #1488] addi x0,x0,0
Register Write to Reg: 0x00 Val: 0x00000000
[inst #1489] addi x0,x0,0
Register Write to Reg: 0x00 Val: 0x00000000
[inst #1490] lw x7,4(x7)
Register Write to Reg: 0x07 Val: 0x00000001
[inst #1491] addi x0,x0,0
Register Write to Reg: 0x00 Val: 0x00000000
[inst #1492] addi x0,x0,0
Register Write to Reg: 0x00 Val: 0x00000000
[inst #1493] addi x0,x0,0
Register Write to Reg: 0x00 Val: 0x00000000
[inst #1494] slti x7,x7,4
Register Write to Reg: 0x07 Val: 0x00000001
[inst #1495] addi x0,x0,0
Register Write to Reg: 0x00 Val: 0x00000000
[inst #1496] addi x0,x0,0
Register Write to Reg: 0x00 Val: 0x00000000
[inst #1497] addi x0,x0,0
Register Write to Reg: 0x00 Val: 0x00000000
[inst #1498] beq x7,x0,24
[inst #1499] addi x0,x0,0
Register Write to Reg: 0x00 Val: 0x00000000
[inst #1500] addi x0,x0,0
Register Write to Reg: 0x00 Val: 0x00000000
[inst #1501] jal x0,-336
Register Write to Reg: 0x00 Val: 0x00400824
[inst #1502] lw x7,32(x8)
Register Write to Reg: 0x07 Val: 0x10010F94
[inst #1503] addi x0,x0,0
Register Write to Reg: 0x00 Val: 0x00000000
[inst #1504] addi x0,x0,0
Register Write to Reg: 0x00 Val: 0x00000000
[inst #1505] addi x0,x0,0
Register Write to Reg: 0x00 Val: 0x00000000
[inst #1506] lw x28,0(x7)
Register Write to Reg: 0x1C Val: 0x00000001
[inst #1507] addi x0,x0,0
Register Write to Reg: 0x00 Val: 0x00000000
[inst #1508] addi x0,x0,0
Register Write to Reg: 0x00 Val: 0x00000000
[inst #1509] addi x0,x0,0
Register Write to Reg: 0x00 Val: 0x00000000
[inst #1510] lw x7,32(x8)
Register Write to Reg: 0x07 Val: 0x10010F94
[inst #1511] addi x0,x0,0
Register Write to Reg: 0x00 Val: 0x00000000
[inst #1512] addi x0,x0,0
Register Write to Reg: 0x00 Val: 0x00000000
[inst #1513] addi x0,x0,0
Register Write to Reg: 0x00 Val: 0x00000000
[inst #1514] lw x7,4(x7)
Register Write to Reg: 0x07 Val: 0x00000001
[inst #1515] addi x0,x0,0
Register Write to Reg: 0x00 Val: 0x00000000
[inst #1516] addi x0,x0,0
Register Write to Reg: 0x00 Val: 0x00000000
[inst #1517] addi x0,x0,0
Register Write to Reg: 0x00 Val: 0x00000000
[inst #1518] add x30,x0,x7
Register Write to Reg: 0x1E Val: 0x00000001
[inst #1519] add x29,x0,x28
Register Write to Reg: 0x1D Val: 0x00000001
[inst #1520] addi x0,x0,0
Register Write to Reg: 0x00 Val: 0x00000000
[inst #1521] addi x0,x0,0
Register Write to Reg: 0x00 Val: 0x00000000
[inst #1522] addi x0,x0,0
Register Write to Reg: 0x00 Val: 0x00000000
[inst #1523] auipc x1,0
Register Write to Reg: 0x01 Val: 0x00400724
[inst #1524] sll x0,x0,x0
Register Write to Reg: 0x00 Val: 0x00000000
[inst #1525] sll x0,x0,x0
Register Write to Reg: 0x00 Val: 0x00000000
[inst #1526] sll x0,x0,x0
Register Write to Reg: 0x00 Val: 0x00000000
[inst #1527] addi x1,x1,32
Register Write to Reg: 0x01 Val: 0x00400744
[inst #1528] jal x0,308
Register Write to Reg: 0x00 Val: 0x0040073C
[inst #1529] addi x2,x2,-32
Register Write to Reg: 0x02 Val: 0x10010F38
[inst #1530] addi x0,x0,0
Register Write to Reg: 0x00 Val: 0x00000000
[inst #1531] addi x0,x0,0
Register Write to Reg: 0x00 Val: 0x00000000
[inst #1532] addi x0,x0,0
Register Write to Reg: 0x00 Val: 0x00000000
[inst #1533] sw x8,28(x2)
Memory Write to Addr: 0x10010F54 Val: 0x10010F58
[inst #1534] addi x0,x0,0
Register Write to Reg: 0x00 Val: 0x00000000
[inst #1535] addi x0,x0,0
Register Write to Reg: 0x00 Val: 0x00000000
[inst #1536] addi x0,x0,0
Register Write to Reg: 0x00 Val: 0x00000000
[inst #1537] add x8,x0,x2
Register Write to Reg: 0x08 Val: 0x10010F38
[inst #1538] addi x0,x0,0
Register Write to Reg: 0x00 Val: 0x00000000
[inst #1539] addi x0,x0,0
Register Write to Reg: 0x00 Val: 0x00000000
[inst #1540] addi x0,x0,0
Register Write to Reg: 0x00 Val: 0x00000000
[inst #1541] sw x29,32(x8)
Memory Write to Addr: 0x10010F58 Val: 0x00000001
[inst #1542] sw x30,36(x8)
Memory Write to Addr: 0x10010F5C Val: 0x00000001
[inst #1543] lui x7,65552
Register Write to Reg: 0x07 Val: 0x10010000
[inst #1544] addi x0,x0,0
Register Write to Reg: 0x00 Val: 0x00000000
[inst #1545] addi x0,x0,0
Register Write to Reg: 0x00 Val: 0x00000000
[inst #1546] addi x0,x0,0
Register Write to Reg: 0x00 Val: 0x00000000
[inst #1547] addi x7,x7,8
Register Write to Reg: 0x07 Val: 0x10010008
[inst #1548] lw x28,32(x8)
Register Write to Reg: 0x1C Val: 0x00000001
[inst #1549] addi x0,x0,0
Register Write to Reg: 0x00 Val: 0x00000000
[inst #1550] addi x0,x0,0
Register Write to Reg: 0x00 Val: 0x00000000
[inst #1551] addi x0,x0,0
Register Write to Reg: 0x00 Val: 0x00000000
[inst #1552] slli x28,x28,2
Register Write to Reg: 0x1C Val: 0x00000004
[inst #1553] addi x0,x0,0
Register Write to Reg: 0x00 Val: 0x00000000
[inst #1554] addi x0,x0,0
Register Write to Reg: 0x00 Val: 0x00000000
[inst #1555] addi x0,x0,0
Register Write to Reg: 0x00 Val: 0x00000000
[inst #1556] add x7,x28,x7
Register Write to Reg: 0x07 Val: 0x1001000C
[inst #1557] addi x0,x0,0
Register Write to Reg: 0x00 Val: 0x00000000
[inst #1558] addi x0,x0,0
Register Write to Reg: 0x00 Val: 0x00000000
[inst #1559] addi x0,x0,0
Register Write to Reg: 0x00 Val: 0x00000000
[inst #1560] lw x7,0(x7)
Register Write to Reg: 0x07 Val: 0xFFFFFFFF
[inst #1561] addi x0,x0,0
Register Write to Reg: 0x00 Val: 0x00000000
[inst #1562] addi x0,x0,0
Register Write to Reg: 0x00 Val: 0x00000000
[inst #1563] addi x0,x0,0
Register Write to Reg: 0x00 Val: 0x00000000
[inst #1564] sw x7,16(x8)
Memory Write to Addr: 0x10010F48 Val: 0xFFFFFFFF
[inst #1565] addi x7,x0,1
Register Write to Reg: 0x07 Val: 0x00000001
[inst #1566] addi x0,x0,0
Register Write to Reg: 0x00 Val: 0x00000000
[inst #1567] addi x0,x0,0
Register Write to Reg: 0x00 Val: 0x00000000
[inst #1568] addi x0,x0,0
Register Write to Reg: 0x00 Val: 0x00000000
[inst #1569] sw x7,8(x8)
Memory Write to Addr: 0x10010F40 Val: 0x00000001
[inst #1570] sw x0,12(x8)
Memory Write to Addr: 0x10010F44 Val: 0x00000000
[inst #1571] jal x0,84
Register Write to Reg: 0x00 Val: 0x00400918
[inst #1572] lw x28,12(x8)
Register Write to Reg: 0x1C Val: 0x00000000
[inst #1573] lw x7,36(x8)
Register Write to Reg: 0x07 Val: 0x00000001
[inst #1574] addi x0,x0,0
Register Write to Reg: 0x00 Val: 0x00000000
[inst #1575] addi x0,x0,0
Register Write to Reg: 0x00 Val: 0x00000000
[inst #1576] addi x0,x0,0
Register Write to Reg: 0x00 Val: 0x00000000
[inst #1577] slt x7,x28,x7
Register Write to Reg: 0x07 Val: 0x00000001
[inst #1578] addi x0,x0,0
Register Write to Reg: 0x00 Val: 0x00000000
[inst #1579] addi x0,x0,0
Register Write to Reg: 0x00 Val: 0x00000000
[inst #1580] addi x0,x0,0
Register Write to Reg: 0x00 Val: 0x00000000
[inst #1581] beq x7,x0,24
[inst #1582] addi x0,x0,0
Register Write to Reg: 0x00 Val: 0x00000000
[inst #1583] addi x0,x0,0
Register Write to Reg: 0x00 Val: 0x00000000
[inst #1584] jal x0,-120
Register Write to Reg: 0x00 Val: 0x0040099C
[inst #1585] lw x7,8(x8)
Register Write to Reg: 0x07 Val: 0x00000001
[inst #1586] addi x0,x0,0
Register Write to Reg: 0x00 Val: 0x00000000
[inst #1587] addi x0,x0,0
Register Write to Reg: 0x00 Val: 0x00000000
[inst #1588] addi x0,x0,0
Register Write to Reg: 0x00 Val: 0x00000000
[inst #1589] slli x7,x7,1
Register Write to Reg: 0x07 Val: 0x00000002
[inst #1590] addi x0,x0,0
Register Write to Reg: 0x00 Val: 0x00000000
[inst #1591] addi x0,x0,0
Register Write to Reg: 0x00 Val: 0x00000000
[inst #1592] addi x0,x0,0
Register Write to Reg: 0x00 Val: 0x00000000
[inst #1593] sw x7,8(x8)
Memory Write to Addr: 0x10010F40 Val: 0x00000002
[inst #1594] lw x7,12(x8)
Register Write to Reg: 0x07 Val: 0x00000000
[inst #1595] addi x0,x0,0
Register Write to Reg: 0x00 Val: 0x00000000
[inst #1596] addi x0,x0,0
Register Write to Reg: 0x00 Val: 0x00000000
[inst #1597] addi x0,x0,0
Register Write to Reg: 0x00 Val: 0x00000000
[inst #1598] addi x7,x7,1
Register Write to Reg: 0x07 Val: 0x00000001
[inst #1599] addi x0,x0,0
Register Write to Reg: 0x00 Val: 0x00000000
[inst #1600] addi x0,x0,0
Register Write to Reg: 0x00 Val: 0x00000000
[inst #1601] addi x0,x0,0
Register Write to Reg: 0x00 Val: 0x00000000
[inst #1602] sw x7,12(x8)
Memory Write to Addr: 0x10010F44 Val: 0x00000001
[inst #1603] lw x28,12(x8)
Register Write to Reg: 0x1C Val: 0x00000001
[inst #1604] lw x7,36(x8)
Register Write to Reg: 0x07 Val: 0x00000001
[inst #1605] addi x0,x0,0
Register Write to Reg: 0x00 Val: 0x00000000
[inst #1606] addi x0,x0,0
Register Write to Reg: 0x00 Val: 0x00000000
[inst #1607] addi x0,x0,0
Register Write to Reg: 0x00 Val: 0x00000000
[inst #1608] slt x7,x28,x7
Register Write to Reg: 0x07 Val: 0x00000000
[inst #1609] addi x0,x0,0
Register Write to Reg: 0x00 Val: 0x00000000
[inst #1610] addi x0,x0,0
Register Write to Reg: 0x00 Val: 0x00000000
[inst #1611] addi x0,x0,0
Register Write to Reg: 0x00 Val: 0x00000000
[inst #1612] beq x7,x0,24
[inst #1613] lw x28,8(x8)
Register Write to Reg: 0x1C Val: 0x00000002
[inst #1614] lw x7,16(x8)
Register Write to Reg: 0x07 Val: 0xFFFFFFFF
[inst #1615] addi x0,x0,0
Register Write to Reg: 0x00 Val: 0x00000000
[inst #1616] addi x0,x0,0
Register Write to Reg: 0x00 Val: 0x00000000
[inst #1617] addi x0,x0,0
Register Write to Reg: 0x00 Val: 0x00000000
[inst #1618] and x7,x28,x7
Register Write to Reg: 0x07 Val: 0x00000002
[inst #1619] addi x0,x0,0
Register Write to Reg: 0x00 Val: 0x00000000
[inst #1620] addi x0,x0,0
Register Write to Reg: 0x00 Val: 0x00000000
[inst #1621] addi x0,x0,0
Register Write to Reg: 0x00 Val: 0x00000000
[inst #1622] slt x7,x0,x7
Register Write to Reg: 0x07 Val: 0x00000001
[inst #1623] addi x0,x0,0
Register Write to Reg: 0x00 Val: 0x00000000
[inst #1624] addi x0,x0,0
Register Write to Reg: 0x00 Val: 0x00000000
[inst #1625] addi x0,x0,0
Register Write to Reg: 0x00 Val: 0x00000000
[inst #1626] andi x7,x7,255
Register Write to Reg: 0x07 Val: 0x00000001
[inst #1627] addi x0,x0,0
Register Write to Reg: 0x00 Val: 0x00000000
[inst #1628] addi x0,x0,0
Register Write to Reg: 0x00 Val: 0x00000000
[inst #1629] addi x0,x0,0
Register Write to Reg: 0x00 Val: 0x00000000
[inst #1630] add x2,x0,x8
Register Write to Reg: 0x02 Val: 0x10010F38
[inst #1631] addi x0,x0,0
Register Write to Reg: 0x00 Val: 0x00000000
[inst #1632] addi x0,x0,0
Register Write to Reg: 0x00 Val: 0x00000000
[inst #1633] addi x0,x0,0
Register Write to Reg: 0x00 Val: 0x00000000
[inst #1634] lw x8,28(x2)
Register Write to Reg: 0x08 Val: 0x10010F58
[inst #1635] addi x0,x0,0
Register Write to Reg: 0x00 Val: 0x00000000
[inst #1636] addi x0,x0,0
Register Write to Reg: 0x00 Val: 0x00000000
[inst #1637] addi x0,x0,0
Register Write to Reg: 0x00 Val: 0x00000000
[inst #1638] addi x2,x2,32
Register Write to Reg: 0x02 Val: 0x10010F58
[inst #1639] addi x0,x0,0
Register Write to Reg: 0x00 Val: 0x00000000
[inst #1640] addi x0,x0,0
Register Write to Reg: 0x00 Val: 0x00000000
[inst #1641] jalr x0,x1,0
Register Write to Reg: 0x00 Val: 0x00400A18
[inst #1642] beq x7,x0,92
[inst #1643] addi x0,x0,0
Register Write to Reg: 0x00 Val: 0x00000000
[inst #1644] addi x0,x0,0
Register Write to Reg: 0x00 Val: 0x00000000
[inst #1645] lw x7,32(x8)
Register Write to Reg: 0x07 Val: 0x10010F94
[inst #1646] addi x0,x0,0
Register Write to Reg: 0x00 Val: 0x00000000
[inst #1647] addi x0,x0,0
Register Write to Reg: 0x00 Val: 0x00000000
[inst #1648] addi x0,x0,0
Register Write to Reg: 0x00 Val: 0x00000000
[inst #1649] lw x7,4(x7)
Register Write to Reg: 0x07 Val: 0x00000001
[inst #1650] addi x0,x0,0
Register Write to Reg: 0x00 Val: 0x00000000
[inst #1651] addi x0,x0,0
Register Write to Reg: 0x00 Val: 0x00000000
[inst #1652] addi x0,x0,0
Register Write to Reg: 0x00 Val: 0x00000000
[inst #1653] addi x29,x7,1
Register Write to Reg: 0x1D Val: 0x00000002
[inst #1654] addi x0,x0,0
Register Write to Reg: 0x00 Val: 0x00000000
[inst #1655] addi x0,x0,0
Register Write to Reg: 0x00 Val: 0x00000000
[inst #1656] addi x0,x0,0
Register Write to Reg: 0x00 Val: 0x00000000
[inst #1657] lw x28,32(x8)
Register Write to Reg: 0x1C Val: 0x10010F94
[inst #1658] addi x0,x0,0
Register Write to Reg: 0x00 Val: 0x00000000
[inst #1659] addi x0,x0,0
Register Write to Reg: 0x00 Val: 0x00000000
[inst #1660] addi x0,x0,0
Register Write to Reg: 0x00 Val: 0x00000000
[inst #1661] sw x29,4(x28)
Memory Write to Addr: 0x10010F98 Val: 0x00000002
[inst #1662] jal x0,156
Register Write to Reg: 0x00 Val: 0x00400798
[inst #1663] add x2,x0,x8
Register Write to Reg: 0x02 Val: 0x10010F58
[inst #1664] addi x0,x0,0
Register Write to Reg: 0x00 Val: 0x00000000
[inst #1665] addi x0,x0,0
Register Write to Reg: 0x00 Val: 0x00000000
[inst #1666] addi x0,x0,0
Register Write to Reg: 0x00 Val: 0x00000000
[inst #1667] lw x1,28(x2)
Register Write to Reg: 0x01 Val: 0x004002F0
[inst #1668] lw x8,24(x2)
Register Write to Reg: 0x08 Val: 0x10010F78
[inst #1669] addi x0,x0,0
Register Write to Reg: 0x00 Val: 0x00000000
[inst #1670] addi x0,x0,0
Register Write to Reg: 0x00 Val: 0x00000000
[inst #1671] addi x0,x0,0
Register Write to Reg: 0x00 Val: 0x00000000
[inst #1672] addi x2,x2,32
Register Write to Reg: 0x02 Val: 0x10010F78
[inst #1673] addi x0,x0,0
Register Write to Reg: 0x00 Val: 0x00000000
[inst #1674] addi x0,x0,0
Register Write to Reg: 0x00 Val: 0x00000000
[inst #1675] jalr x0,x1,0
Register Write to Reg: 0x00 Val: 0x00400864
[inst #1676] sw x7,24(x8)
Memory Write to Addr: 0x10010F90 Val: 0x00000001
[inst #1677] lw x28,24(x8)
Register Write to Reg: 0x1C Val: 0x00000001
[inst #1678] addi x0,x0,0
Register Write to Reg: 0x00 Val: 0x00000000
[inst #1679] addi x0,x0,0
Register Write to Reg: 0x00 Val: 0x00000000
[inst #1680] addi x0,x0,0
Register Write to Reg: 0x00 Val: 0x00000000
[inst #1681] addi x7,x0,-1
Register Write to Reg: 0x07 Val: 0xFFFFFFFF
[inst #1682] addi x0,x0,0
Register Write to Reg: 0x00 Val: 0x00000000
[inst #1683] addi x0,x0,0
Register Write to Reg: 0x00 Val: 0x00000000
[inst #1684] addi x0,x0,0
Register Write to Reg: 0x00 Val: 0x00000000
[inst #1685] beq x28,x7,24
[inst #1686] addi x0,x0,0
Register Write to Reg: 0x00 Val: 0x00000000
[inst #1687] addi x0,x0,0
Register Write to Reg: 0x00 Val: 0x00000000
[inst #1688] jal x0,-252
Register Write to Reg: 0x00 Val: 0x00400324
[inst #1689] lw x29,24(x8)
Register Write to Reg: 0x1D Val: 0x00000001
[inst #1690] addi x0,x0,0
Register Write to Reg: 0x00 Val: 0x00000000
[inst #1691] addi x0,x0,0
Register Write to Reg: 0x00 Val: 0x00000000
[inst #1692] addi x0,x0,0
Register Write to Reg: 0x00 Val: 0x00000000
[inst #1693] auipc x1,0
Register Write to Reg: 0x01 Val: 0x00400234
[inst #1694] sll x0,x0,x0
Register Write to Reg: 0x00 Val: 0x00000000
[inst #1695] sll x0,x0,x0
Register Write to Reg: 0x00 Val: 0x00000000
[inst #1696] sll x0,x0,x0
Register Write to Reg: 0x00 Val: 0x00000000
[inst #1697] addi x1,x1,32
Register Write to Reg: 0x01 Val: 0x00400254
[inst #1698] jal x0,2404
Register Write to Reg: 0x00 Val: 0x0040024C
[inst #1699] addi x2,x2,-32
Register Write to Reg: 0x02 Val: 0x10010F58
[inst #1700] addi x0,x0,0
Register Write to Reg: 0x00 Val: 0x00000000
[inst #1701] addi x0,x0,0
Register Write to Reg: 0x00 Val: 0x00000000
[inst #1702] addi x0,x0,0
Register Write to Reg: 0x00 Val: 0x00000000
[inst #1703] sw x8,28(x2)
Memory Write to Addr: 0x10010F74 Val: 0x10010F78
[inst #1704] addi x0,x0,0
Register Write to Reg: 0x00 Val: 0x00000000
[inst #1705] addi x0,x0,0
Register Write to Reg: 0x00 Val: 0x00000000
[inst #1706] addi x0,x0,0
Register Write to Reg: 0x00 Val: 0x00000000
[inst #1707] add x8,x0,x2
Register Write to Reg: 0x08 Val: 0x10010F58
[inst #1708] addi x0,x0,0
Register Write to Reg: 0x00 Val: 0x00000000
[inst #1709] addi x0,x0,0
Register Write to Reg: 0x00 Val: 0x00000000
[inst #1710] addi x0,x0,0
Register Write to Reg: 0x00 Val: 0x00000000
[inst #1711] sw x29,32(x8)
Memory Write to Addr: 0x10010F78 Val: 0x00000001
[inst #1712] ori x7,x0,1
Register Write to Reg: 0x07 Val: 0x00000001
[inst #1713] addi x0,x0,0
Register Write to Reg: 0x00 Val: 0x00000000
[inst #1714] addi x0,x0,0
Register Write to Reg: 0x00 Val: 0x00000000
[inst #1715] addi x0,x0,0
Register Write to Reg: 0x00 Val: 0x00000000
[inst #1716] sw x7,8(x8)
Memory Write to Addr: 0x10010F60 Val: 0x00000001
[inst #1717] sw x0,12(x8)
Memory Write to Addr: 0x10010F64 Val: 0x00000000
[inst #1718] jal x0,84
Register Write to Reg: 0x00 Val: 0x00400BFC
[inst #1719] lw x28,12(x8)
Register Write to Reg: 0x1C Val: 0x00000000
[inst #1720] lw x7,32(x8)
Register Write to Reg: 0x07 Val: 0x00000001
[inst #1721] addi x0,x0,0
Register Write to Reg: 0x00 Val: 0x00000000
[inst #1722] addi x0,x0,0
Register Write to Reg: 0x00 Val: 0x00000000
[inst #1723] addi x0,x0,0
Register Write to Reg: 0x00 Val: 0x00000000
[inst #1724] slt x7,x28,x7
Register Write to Reg: 0x07 Val: 0x00000001
[inst #1725] addi x0,x0,0
Register Write to Reg: 0x00 Val: 0x00000000
[inst #1726] addi x0,x0,0
Register Write to Reg: 0x00 Val: 0x00000000
[inst #1727] addi x0,x0,0
Register Write to Reg: 0x00 Val: 0x00000000
[inst #1728] beq x7,x0,24
[inst #1729] addi x0,x0,0
Register Write to Reg: 0x00 Val: 0x00000000
[inst #1730] addi x0,x0,0
Register Write to Reg: 0x00 Val: 0x00000000
[inst #1731] jal x0,-120
Register Write to Reg: 0x00 Val: 0x00400C80
[inst #1732] lw x7,8(x8)
Register Write to Reg: 0x07 Val: 0x00000001
[inst #1733] addi x0,x0,0
Register Write to Reg: 0x00 Val: 0x00000000
[inst #1734] addi x0,x0,0
Register Write to Reg: 0x00 Val: 0x00000000
[inst #1735] addi x0,x0,0
Register Write to Reg: 0x00 Val: 0x00000000
[inst #1736] slli x7,x7,8
Register Write to Reg: 0x07 Val: 0x00000100
[inst #1737] addi x0,x0,0
Register Write to Reg: 0x00 Val: 0x00000000
[inst #1738] addi x0,x0,0
Register Write to Reg: 0x00 Val: 0x00000000
[inst #1739] addi x0,x0,0
Register Write to Reg: 0x00 Val: 0x00000000
[inst #1740] sw x7,8(x8)
Memory Write to Addr: 0x10010F60 Val: 0x00000100
[inst #1741] lw x7,12(x8)
Register Write to Reg: 0x07 Val: 0x00000000
[inst #1742] addi x0,x0,0
Register Write to Reg: 0x00 Val: 0x00000000
[inst #1743] addi x0,x0,0
Register Write to Reg: 0x00 Val: 0x00000000
[inst #1744] addi x0,x0,0
Register Write to Reg: 0x00 Val: 0x00000000
[inst #1745] addi x7,x7,1
Register Write to Reg: 0x07 Val: 0x00000001
[inst #1746] addi x0,x0,0
Register Write to Reg: 0x00 Val: 0x00000000
[inst #1747] addi x0,x0,0
Register Write to Reg: 0x00 Val: 0x00000000
[inst #1748] addi x0,x0,0
Register Write to Reg: 0x00 Val: 0x00000000
[inst #1749] sw x7,12(x8)
Memory Write to Addr: 0x10010F64 Val: 0x00000001
[inst #1750] lw x28,12(x8)
Register Write to Reg: 0x1C Val: 0x00000001
[inst #1751] lw x7,32(x8)
Register Write to Reg: 0x07 Val: 0x00000001
[inst #1752] addi x0,x0,0
Register Write to Reg: 0x00 Val: 0x00000000
[inst #1753] addi x0,x0,0
Register Write to Reg: 0x00 Val: 0x00000000
[inst #1754] addi x0,x0,0
Register Write to Reg: 0x00 Val: 0x00000000
[inst #1755] slt x7,x28,x7
Register Write to Reg: 0x07 Val: 0x00000000
[inst #1756] addi x0,x0,0
Register Write to Reg: 0x00 Val: 0x00000000
[inst #1757] addi x0,x0,0
Register Write to Reg: 0x00 Val: 0x00000000
[inst #1758] addi x0,x0,0
Register Write to Reg: 0x00 Val: 0x00000000
[inst #1759] beq x7,x0,24
[inst #1760] lui x7,65552
Register Write to Reg: 0x07 Val: 0x10010000
[inst #1761] addi x0,x0,0
Register Write to Reg: 0x00 Val: 0x00000000
[inst #1762] addi x0,x0,0
Register Write to Reg: 0x00 Val: 0x00000000
[inst #1763] addi x0,x0,0
Register Write to Reg: 0x00 Val: 0x00000000
[inst #1764] addi x7,x7,36
Register Write to Reg: 0x07 Val: 0x10010024
[inst #1765] addi x0,x0,0
Register Write to Reg: 0x00 Val: 0x00000000
[inst #1766] addi x0,x0,0
Register Write to Reg: 0x00 Val: 0x00000000
[inst #1767] addi x0,x0,0
Register Write to Reg: 0x00 Val: 0x00000000
[inst #1768] lw x7,0(x7)
Register Write to Reg: 0x07 Val: 0x00000101
[inst #1769] addi x0,x0,0
Register Write to Reg: 0x00 Val: 0x00000000
[inst #1770] addi x0,x0,0
Register Write to Reg: 0x00 Val: 0x00000000
[inst #1771] addi x0,x0,0
Register Write to Reg: 0x00 Val: 0x00000000
[inst #1772] sw x7,16(x8)
Memory Write to Addr: 0x10010F68 Val: 0x00000101
[inst #1773] lw x28,16(x8)
Register Write to Reg: 0x1C Val: 0x00000101
[inst #1774] addi x0,x0,0
Register Write to Reg: 0x00 Val: 0x00000000
[inst #1775] addi x0,x0,0
Register Write to Reg: 0x00 Val: 0x00000000
[inst #1776] addi x0,x0,0
Register Write to Reg: 0x00 Val: 0x00000000
[inst #1777] lw x7,8(x8)
Register Write to Reg: 0x07 Val: 0x00000100
[inst #1778] addi x0,x0,0
Register Write to Reg: 0x00 Val: 0x00000000
[inst #1779] addi x0,x0,0
Register Write to Reg: 0x00 Val: 0x00000000
[inst #1780] addi x0,x0,0
Register Write to Reg: 0x00 Val: 0x00000000
[inst #1781] and x7,x28,x7
Register Write to Reg: 0x07 Val: 0x00000100
[inst #1782] addi x0,x0,0
Register Write to Reg: 0x00 Val: 0x00000000
[inst #1783] addi x0,x0,0
Register Write to Reg: 0x00 Val: 0x00000000
[inst #1784] addi x0,x0,0
Register Write to Reg: 0x00 Val: 0x00000000
[inst #1785] slt x7,x0,x7
Register Write to Reg: 0x07 Val: 0x00000001
[inst #1786] addi x0,x0,0
Register Write to Reg: 0x00 Val: 0x00000000
[inst #1787] addi x0,x0,0
Register Write to Reg: 0x00 Val: 0x00000000
[inst #1788] addi x0,x0,0
Register Write to Reg: 0x00 Val: 0x00000000
[inst #1789] andi x7,x7,255
Register Write to Reg: 0x07 Val: 0x00000001
[inst #1790] addi x0,x0,0
Register Write to Reg: 0x00 Val: 0x00000000
[inst #1791] addi x0,x0,0
Register Write to Reg: 0x00 Val: 0x00000000
[inst #1792] addi x0,x0,0
Register Write to Reg: 0x00 Val: 0x00000000
[inst #1793] add x2,x0,x8
Register Write to Reg: 0x02 Val: 0x10010F58
[inst #1794] addi x0,x0,0
Register Write to Reg: 0x00 Val: 0x00000000
[inst #1795] addi x0,x0,0
Register Write to Reg: 0x00 Val: 0x00000000
[inst #1796] addi x0,x0,0
Register Write to Reg: 0x00 Val: 0x00000000
[inst #1797] lw x8,28(x2)
Register Write to Reg: 0x08 Val: 0x10010F78
[inst #1798] addi x0,x0,0
Register Write to Reg: 0x00 Val: 0x00000000
[inst #1799] addi x0,x0,0
Register Write to Reg: 0x00 Val: 0x00000000
[inst #1800] addi x0,x0,0
Register Write to Reg: 0x00 Val: 0x00000000
[inst #1801] addi x2,x2,32
Register Write to Reg: 0x02 Val: 0x10010F78
[inst #1802] addi x0,x0,0
Register Write to Reg: 0x00 Val: 0x00000000
[inst #1803] addi x0,x0,0
Register Write to Reg: 0x00 Val: 0x00000000
[inst #1804] jalr x0,x1,0
Register Write to Reg: 0x00 Val: 0x00400D3C
[inst #1805] xori x7,x7,1
Register Write to Reg: 0x07 Val: 0x00000000
[inst #1806] addi x0,x0,0
Register Write to Reg: 0x00 Val: 0x00000000
[inst #1807] addi x0,x0,0
Register Write to Reg: 0x00 Val: 0x00000000
[inst #1808] addi x0,x0,0
Register Write to Reg: 0x00 Val: 0x00000000
[inst #1809] andi x7,x7,255
Register Write to Reg: 0x07 Val: 0x00000000
[inst #1810] addi x0,x0,0
Register Write to Reg: 0x00 Val: 0x00000000
[inst #1811] addi x0,x0,0
Register Write to Reg: 0x00 Val: 0x00000000
[inst #1812] addi x0,x0,0
Register Write to Reg: 0x00 Val: 0x00000000
[inst #1813] beq x7,x0,60
[inst #1814] addi x7,x8,28
Register Write to Reg: 0x07 Val: 0x10010F94
[inst #1815] addi x0,x0,0
Register Write to Reg: 0x00 Val: 0x00000000
[inst #1816] addi x0,x0,0
Register Write to Reg: 0x00 Val: 0x00000000
[inst #1817] addi x0,x0,0
Register Write to Reg: 0x00 Val: 0x00000000
[inst #1818] add x29,x0,x7
Register Write to Reg: 0x1D Val: 0x10010F94
[inst #1819] addi x0,x0,0
Register Write to Reg: 0x00 Val: 0x00000000
[inst #1820] addi x0,x0,0
Register Write to Reg: 0x00 Val: 0x00000000
[inst #1821] addi x0,x0,0
Register Write to Reg: 0x00 Val: 0x00000000
[inst #1822] auipc x1,0
Register Write to Reg: 0x01 Val: 0x004002D0
[inst #1823] sll x0,x0,x0
Register Write to Reg: 0x00 Val: 0x00000000
[inst #1824] sll x0,x0,x0
Register Write to Reg: 0x00 Val: 0x00000000
[inst #1825] sll x0,x0,x0
Register Write to Reg: 0x00 Val: 0x00000000
[inst #1826] addi x1,x1,32
Register Write to Reg: 0x01 Val: 0x004002F0
[inst #1827] jal x0,936
Register Write to Reg: 0x00 Val: 0x004002E8
[inst #1828] addi x2,x2,-32
Register Write to Reg: 0x02 Val: 0x10010F58
[inst #1829] addi x0,x0,0
Register Write to Reg: 0x00 Val: 0x00000000
[inst #1830] addi x0,x0,0
Register Write to Reg: 0x00 Val: 0x00000000
[inst #1831] addi x0,x0,0
Register Write to Reg: 0x00 Val: 0x00000000
[inst #1832] sw x1,28(x2)
Memory Write to Addr: 0x10010F74 Val: 0x004002F0
[inst #1833] sw x8,24(x2)
Memory Write to Addr: 0x10010F70 Val: 0x10010F78
[inst #1834] addi x0,x0,0
Register Write to Reg: 0x00 Val: 0x00000000
[inst #1835] addi x0,x0,0
Register Write to Reg: 0x00 Val: 0x00000000
[inst #1836] addi x0,x0,0
Register Write to Reg: 0x00 Val: 0x00000000
[inst #1837] add x8,x0,x2
Register Write to Reg: 0x08 Val: 0x10010F58
[inst #1838] addi x0,x0,0
Register Write to Reg: 0x00 Val: 0x00000000
[inst #1839] addi x0,x0,0
Register Write to Reg: 0x00 Val: 0x00000000
[inst #1840] addi x0,x0,0
Register Write to Reg: 0x00 Val: 0x00000000
[inst #1841] sw x29,32(x8)
Memory Write to Addr: 0x10010F78 Val: 0x10010F94
[inst #1842] jal x0,288
Register Write to Reg: 0x00 Val: 0x004006C8
[inst #1843] lw x7,32(x8)
Register Write to Reg: 0x07 Val: 0x10010F94
[inst #1844] addi x0,x0,0
Register Write to Reg: 0x00 Val: 0x00000000
[inst #1845] addi x0,x0,0
Register Write to Reg: 0x00 Val: 0x00000000
[inst #1846] addi x0,x0,0
Register Write to Reg: 0x00 Val: 0x00000000
[inst #1847] lw x7,4(x7)
Register Write to Reg: 0x07 Val: 0x00000002
[inst #1848] addi x0,x0,0
Register Write to Reg: 0x00 Val: 0x00000000
[inst #1849] addi x0,x0,0
Register Write to Reg: 0x00 Val: 0x00000000
[inst #1850] addi x0,x0,0
Register Write to Reg: 0x00 Val: 0x00000000
[inst #1851] slti x7,x7,4
Register Write to Reg: 0x07 Val: 0x00000001
[inst #1852] addi x0,x0,0
Register Write to Reg: 0x00 Val: 0x00000000
[inst #1853] addi x0,x0,0
Register Write to Reg: 0x00 Val: 0x00000000
[inst #1854] addi x0,x0,0
Register Write to Reg: 0x00 Val: 0x00000000
[inst #1855] beq x7,x0,24
[inst #1856] addi x0,x0,0
Register Write to Reg: 0x00 Val: 0x00000000
[inst #1857] addi x0,x0,0
Register Write to Reg: 0x00 Val: 0x00000000
[inst #1858] jal x0,-336
Register Write to Reg: 0x00 Val: 0x00400824
[inst #1859] lw x7,32(x8)
Register Write to Reg: 0x07 Val: 0x10010F94
[inst #1860] addi x0,x0,0
Register Write to Reg: 0x00 Val: 0x00000000
[inst #1861] addi x0,x0,0
Register Write to Reg: 0x00 Val: 0x00000000
[inst #1862] addi x0,x0,0
Register Write to Reg: 0x00 Val: 0x00000000
[inst #1863] lw x28,0(x7)
Register Write to Reg: 0x1C Val: 0x00000001
[inst #1864] addi x0,x0,0
Register Write to Reg: 0x00 Val: 0x00000000
[inst #1865] addi x0,x0,0
Register Write to Reg: 0x00 Val: 0x00000000
[inst #1866] addi x0,x0,0
Register Write to Reg: 0x00 Val: 0x00000000
[inst #1867] lw x7,32(x8)
Register Write to Reg: 0x07 Val: 0x10010F94
[inst #1868] addi x0,x0,0
Register Write to Reg: 0x00 Val: 0x00000000
[inst #1869] addi x0,x0,0
Register Write to Reg: 0x00 Val: 0x00000000
[inst #1870] addi x0,x0,0
Register Write to Reg: 0x00 Val: 0x00000000
[inst #1871] lw x7,4(x7)
Register Write to Reg: 0x07 Val: 0x00000002
[inst #1872] addi x0,x0,0
Register Write to Reg: 0x00 Val: 0x00000000
[inst #1873] addi x0,x0,0
Register Write to Reg: 0x00 Val: 0x00000000
[inst #1874] addi x0,x0,0
Register Write to Reg: 0x00 Val: 0x00000000
[inst #1875] add x30,x0,x7
Register Write to Reg: 0x1E Val: 0x00000002
[inst #1876] add x29,x0,x28
Register Write to Reg: 0x1D Val: 0x00000001
[inst #1877] addi x0,x0,0
Register Write to Reg: 0x00 Val: 0x00000000
[inst #1878] addi x0,x0,0
Register Write to Reg: 0x00 Val: 0x00000000
[inst #1879] addi x0,x0,0
Register Write to Reg: 0x00 Val: 0x00000000
[inst #1880] auipc x1,0
Register Write to Reg: 0x01 Val: 0x00400724
[inst #1881] sll x0,x0,x0
Register Write to Reg: 0x00 Val: 0x00000000
[inst #1882] sll x0,x0,x0
Register Write to Reg: 0x00 Val: 0x00000000
[inst #1883] sll x0,x0,x0
Register Write to Reg: 0x00 Val: 0x00000000
[inst #1884] addi x1,x1,32
Register Write to Reg: 0x01 Val: 0x00400744
[inst #1885] jal x0,308
Register Write to Reg: 0x00 Val: 0x0040073C
[inst #1886] addi x2,x2,-32
Register Write to Reg: 0x02 Val: 0x10010F38
[inst #1887] addi x0,x0,0
Register Write to Reg: 0x00 Val: 0x00000000
[inst #1888] addi x0,x0,0
Register Write to Reg: 0x00 Val: 0x00000000
[inst #1889] addi x0,x0,0
Register Write to Reg: 0x00 Val: 0x00000000
[inst #1890] sw x8,28(x2)
Memory Write to Addr: 0x10010F54 Val: 0x10010F58
[inst #1891] addi x0,x0,0
Register Write to Reg: 0x00 Val: 0x00000000
[inst #1892] addi x0,x0,0
Register Write to Reg: 0x00 Val: 0x00000000
[inst #1893] addi x0,x0,0
Register Write to Reg: 0x00 Val: 0x00000000
[inst #1894] add x8,x0,x2
Register Write to Reg: 0x08 Val: 0x10010F38
[inst #1895] addi x0,x0,0
Register Write to Reg: 0x00 Val: 0x00000000
[inst #1896] addi x0,x0,0
Register Write to Reg: 0x00 Val: 0x00000000
[inst #1897] addi x0,x0,0
Register Write to Reg: 0x00 Val: 0x00000000
[inst #1898] sw x29,32(x8)
Memory Write to Addr: 0x10010F58 Val: 0x00000001
[inst #1899] sw x30,36(x8)
Memory Write to Addr: 0x10010F5C Val: 0x00000002
[inst #1900] lui x7,65552
Register Write to Reg: 0x07 Val: 0x10010000
[inst #1901] addi x0,x0,0
Register Write to Reg: 0x00 Val: 0x00000000
[inst #1902] addi x0,x0,0
Register Write to Reg: 0x00 Val: 0x00000000
[inst #1903] addi x0,x0,0
Register Write to Reg: 0x00 Val: 0x00000000
[inst #1904] addi x7,x7,8
Register Write to Reg: 0x07 Val: 0x10010008
[inst #1905] lw x28,32(x8)
Register Write to Reg: 0x1C Val: 0x00000001
[inst #1906] addi x0,x0,0
Register Write to Reg: 0x00 Val: 0x00000000
[inst #1907] addi x0,x0,0
Register Write to Reg: 0x00 Val: 0x00000000
[inst #1908] addi x0,x0,0
Register Write to Reg: 0x00 Val: 0x00000000
[inst #1909] slli x28,x28,2
Register Write to Reg: 0x1C Val: 0x00000004
[inst #1910] addi x0,x0,0
Register Write to Reg: 0x00 Val: 0x00000000
[inst #1911] addi x0,x0,0
Register Write to Reg: 0x00 Val: 0x00000000
[inst #1912] addi x0,x0,0
Register Write to Reg: 0x00 Val: 0x00000000
[inst #1913] add x7,x28,x7
Register Write to Reg: 0x07 Val: 0x1001000C
[inst #1914] addi x0,x0,0
Register Write to Reg: 0x00 Val: 0x00000000
[inst #1915] addi x0,x0,0
Register Write to Reg: 0x00 Val: 0x00000000
[inst #1916] addi x0,x0,0
Register Write to Reg: 0x00 Val: 0x00000000
[inst #1917] lw x7,0(x7)
Register Write to Reg: 0x07 Val: 0xFFFFFFFF
[inst #1918] addi x0,x0,0
Register Write to Reg: 0x00 Val: 0x00000000
[inst #1919] addi x0,x0,0
Register Write to Reg: 0x00 Val: 0x00000000
[inst #1920] addi x0,x0,0
Register Write to Reg: 0x00 Val: 0x00000000
[inst #1921] sw x7,16(x8)
Memory Write to Addr: 0x10010F48 Val: 0xFFFFFFFF
[inst #1922] addi x7,x0,1
Register Write to Reg: 0x07 Val: 0x00000001
[inst #1923] addi x0,x0,0
Register Write to Reg: 0x00 Val: 0x00000000
[inst #1924] addi x0,x0,0
Register Write to Reg: 0x00 Val: 0x00000000
[inst #1925] addi x0,x0,0
Register Write to Reg: 0x00 Val: 0x00000000
[inst #1926] sw x7,8(x8)
Memory Write to Addr: 0x10010F40 Val: 0x00000001
[inst #1927] sw x0,12(x8)
Memory Write to Addr: 0x10010F44 Val: 0x00000000
[inst #1928] jal x0,84
Register Write to Reg: 0x00 Val: 0x00400918
[inst #1929] lw x28,12(x8)
Register Write to Reg: 0x1C Val: 0x00000000
[inst #1930] lw x7,36(x8)
Register Write to Reg: 0x07 Val: 0x00000002
[inst #1931] addi x0,x0,0
Register Write to Reg: 0x00 Val: 0x00000000
[inst #1932] addi x0,x0,0
Register Write to Reg: 0x00 Val: 0x00000000
[inst #1933] addi x0,x0,0
Register Write to Reg: 0x00 Val: 0x00000000
[inst #1934] slt x7,x28,x7
Register Write to Reg: 0x07 Val: 0x00000001
[inst #1935] addi x0,x0,0
Register Write to Reg: 0x00 Val: 0x00000000
[inst #1936] addi x0,x0,0
Register Write to Reg: 0x00 Val: 0x00000000
[inst #1937] addi x0,x0,0
Register Write to Reg: 0x00 Val: 0x00000000
[inst #1938] beq x7,x0,24
[inst #1939] addi x0,x0,0
Register Write to Reg: 0x00 Val: 0x00000000
[inst #1940] addi x0,x0,0
Register Write to Reg: 0x00 Val: 0x00000000
[inst #1941] jal x0,-120
Register Write to Reg: 0x00 Val: 0x0040099C
[inst #1942] lw x7,8(x8)
Register Write to Reg: 0x07 Val: 0x00000001
[inst #1943] addi x0,x0,0
Register Write to Reg: 0x00 Val: 0x00000000
[inst #1944] addi x0,x0,0
Register Write to Reg: 0x00 Val: 0x00000000
[inst #1945] addi x0,x0,0
Register Write to Reg: 0x00 Val: 0x00000000
[inst #1946] slli x7,x7,1
Register Write to Reg: 0x07 Val: 0x00000002
[inst #1947] addi x0,x0,0
Register Write to Reg: 0x00 Val: 0x00000000
[inst #1948] addi x0,x0,0
Register Write to Reg: 0x00 Val: 0x00000000
[inst #1949] addi x0,x0,0
Register Write to Reg: 0x00 Val: 0x00000000
[inst #1950] sw x7,8(x8)
Memory Write to Addr: 0x10010F40 Val: 0x00000002
[inst #1951] lw x7,12(x8)
Register Write to Reg: 0x07 Val: 0x00000000
[inst #1952] addi x0,x0,0
Register Write to Reg: 0x00 Val: 0x00000000
[inst #1953] addi x0,x0,0
Register Write to Reg: 0x00 Val: 0x00000000
[inst #1954] addi x0,x0,0
Register Write to Reg: 0x00 Val: 0x00000000
[inst #1955] addi x7,x7,1
Register Write to Reg: 0x07 Val: 0x00000001
[inst #1956] addi x0,x0,0
Register Write to Reg: 0x00 Val: 0x00000000
[inst #1957] addi x0,x0,0
Register Write to Reg: 0x00 Val: 0x00000000
[inst #1958] addi x0,x0,0
Register Write to Reg: 0x00 Val: 0x00000000
[inst #1959] sw x7,12(x8)
Memory Write to Addr: 0x10010F44 Val: 0x00000001
[inst #1960] lw x28,12(x8)
Register Write to Reg: 0x1C Val: 0x00000001
[inst #1961] lw x7,36(x8)
Register Write to Reg: 0x07 Val: 0x00000002
[inst #1962] addi x0,x0,0
Register Write to Reg: 0x00 Val: 0x00000000
[inst #1963] addi x0,x0,0
Register Write to Reg: 0x00 Val: 0x00000000
[inst #1964] addi x0,x0,0
Register Write to Reg: 0x00 Val: 0x00000000
[inst #1965] slt x7,x28,x7
Register Write to Reg: 0x07 Val: 0x00000001
[inst #1966] addi x0,x0,0
Register Write to Reg: 0x00 Val: 0x00000000
[inst #1967] addi x0,x0,0
Register Write to Reg: 0x00 Val: 0x00000000
[inst #1968] addi x0,x0,0
Register Write to Reg: 0x00 Val: 0x00000000
[inst #1969] beq x7,x0,24
[inst #1970] addi x0,x0,0
Register Write to Reg: 0x00 Val: 0x00000000
[inst #1971] addi x0,x0,0
Register Write to Reg: 0x00 Val: 0x00000000
[inst #1972] jal x0,-120
Register Write to Reg: 0x00 Val: 0x0040099C
[inst #1973] lw x7,8(x8)
Register Write to Reg: 0x07 Val: 0x00000002
[inst #1974] addi x0,x0,0
Register Write to Reg: 0x00 Val: 0x00000000
[inst #1975] addi x0,x0,0
Register Write to Reg: 0x00 Val: 0x00000000
[inst #1976] addi x0,x0,0
Register Write to Reg: 0x00 Val: 0x00000000
[inst #1977] slli x7,x7,1
Register Write to Reg: 0x07 Val: 0x00000004
[inst #1978] addi x0,x0,0
Register Write to Reg: 0x00 Val: 0x00000000
[inst #1979] addi x0,x0,0
Register Write to Reg: 0x00 Val: 0x00000000
[inst #1980] addi x0,x0,0
Register Write to Reg: 0x00 Val: 0x00000000
[inst #1981] sw x7,8(x8)
Memory Write to Addr: 0x10010F40 Val: 0x00000004
[inst #1982] lw x7,12(x8)
Register Write to Reg: 0x07 Val: 0x00000001
[inst #1983] addi x0,x0,0
Register Write to Reg: 0x00 Val: 0x00000000
[inst #1984] addi x0,x0,0
Register Write to Reg: 0x00 Val: 0x00000000
[inst #1985] addi x0,x0,0
Register Write to Reg: 0x00 Val: 0x00000000
[inst #1986] addi x7,x7,1
Register Write to Reg: 0x07 Val: 0x00000002
[inst #1987] addi x0,x0,0
Register Write to Reg: 0x00 Val: 0x00000000
[inst #1988] addi x0,x0,0
Register Write to Reg: 0x00 Val: 0x00000000
[inst #1989] addi x0,x0,0
Register Write to Reg: 0x00 Val: 0x00000000
[inst #1990] sw x7,12(x8)
Memory Write to Addr: 0x10010F44 Val: 0x00000002
[inst #1991] lw x28,12(x8)
Register Write to Reg: 0x1C Val: 0x00000002
[inst #1992] lw x7,36(x8)
Register Write to Reg: 0x07 Val: 0x00000002
[inst #1993] addi x0,x0,0
Register Write to Reg: 0x00 Val: 0x00000000
[inst #1994] addi x0,x0,0
Register Write to Reg: 0x00 Val: 0x00000000
[inst #1995] addi x0,x0,0
Register Write to Reg: 0x00 Val: 0x00000000
[inst #1996] slt x7,x28,x7
Register Write to Reg: 0x07 Val: 0x00000000
[inst #1997] addi x0,x0,0
Register Write to Reg: 0x00 Val: 0x00000000
[inst #1998] addi x0,x0,0
Register Write to Reg: 0x00 Val: 0x00000000
[inst #1999] addi x0,x0,0
Register Write to Reg: 0x00 Val: 0x00000000
[inst #2000] beq x7,x0,24
[inst #2001] lw x28,8(x8)
Register Write to Reg: 0x1C Val: 0x00000004
[inst #2002] lw x7,16(x8)
Register Write to Reg: 0x07 Val: 0xFFFFFFFF
[inst #2003] addi x0,x0,0
Register Write to Reg: 0x00 Val: 0x00000000
[inst #2004] addi x0,x0,0
Register Write to Reg: 0x00 Val: 0x00000000
[inst #2005] addi x0,x0,0
Register Write to Reg: 0x00 Val: 0x00000000
[inst #2006] and x7,x28,x7
Register Write to Reg: 0x07 Val: 0x00000004
[inst #2007] addi x0,x0,0
Register Write to Reg: 0x00 Val: 0x00000000
[inst #2008] addi x0,x0,0
Register Write to Reg: 0x00 Val: 0x00000000
[inst #2009] addi x0,x0,0
Register Write to Reg: 0x00 Val: 0x00000000
[inst #2010] slt x7,x0,x7
Register Write to Reg: 0x07 Val: 0x00000001
[inst #2011] addi x0,x0,0
Register Write to Reg: 0x00 Val: 0x00000000
[inst #2012] addi x0,x0,0
Register Write to Reg: 0x00 Val: 0x00000000
[inst #2013] addi x0,x0,0
Register Write to Reg: 0x00 Val: 0x00000000
[inst #2014] andi x7,x7,255
Register Write to Reg: 0x07 Val: 0x00000001
[inst #2015] addi x0,x0,0
Register Write to Reg: 0x00 Val: 0x00000000
[inst #2016] addi x0,x0,0
Register Write to Reg: 0x00 Val: 0x00000000
[inst #2017] addi x0,x0,0
Register Write to Reg: 0x00 Val: 0x00000000
[inst #2018] add x2,x0,x8
Register Write to Reg: 0x02 Val: 0x10010F38
[inst #2019] addi x0,x0,0
Register Write to Reg: 0x00 Val: 0x00000000
[inst #2020] addi x0,x0,0
Register Write to Reg: 0x00 Val: 0x00000000
[inst #2021] addi x0,x0,0
Register Write to Reg: 0x00 Val: 0x00000000
[inst #2022] lw x8,28(x2)
Register Write to Reg: 0x08 Val: 0x10010F58
[inst #2023] addi x0,x0,0
Register Write to Reg: 0x00 Val: 0x00000000
[inst #2024] addi x0,x0,0
Register Write to Reg: 0x00 Val: 0x00000000
[inst #2025] addi x0,x0,0
Register Write to Reg: 0x00 Val: 0x00000000
[inst #2026] addi x2,x2,32
Register Write to Reg: 0x02 Val: 0x10010F58
[inst #2027] addi x0,x0,0
Register Write to Reg: 0x00 Val: 0x00000000
[inst #2028] addi x0,x0,0
Register Write to Reg: 0x00 Val: 0x00000000
[inst #2029] jalr x0,x1,0
Register Write to Reg: 0x00 Val: 0x00400A18
[inst #2030] beq x7,x0,92
[inst #2031] addi x0,x0,0
Register Write to Reg: 0x00 Val: 0x00000000
[inst #2032] addi x0,x0,0
Register Write to Reg: 0x00 Val: 0x00000000
[inst #2033] lw x7,32(x8)
Register Write to Reg: 0x07 Val: 0x10010F94
[inst #2034] addi x0,x0,0
Register Write to Reg: 0x00 Val: 0x00000000
[inst #2035] addi x0,x0,0
Register Write to Reg: 0x00 Val: 0x00000000
[inst #2036] addi x0,x0,0
Register Write to Reg: 0x00 Val: 0x00000000
[inst #2037] lw x7,4(x7)
Register Write to Reg: 0x07 Val: 0x00000002
[inst #2038] addi x0,x0,0
Register Write to Reg: 0x00 Val: 0x00000000
[inst #2039] addi x0,x0,0
Register Write to Reg: 0x00 Val: 0x00000000
[inst #2040] addi x0,x0,0
Register Write to Reg: 0x00 Val: 0x00000000
[inst #2041] addi x29,x7,1
Register Write to Reg: 0x1D Val: 0x00000003
[inst #2042] addi x0,x0,0
Register Write to Reg: 0x00 Val: 0x00000000
[inst #2043] addi x0,x0,0
Register Write to Reg: 0x00 Val: 0x00000000
[inst #2044] addi x0,x0,0
Register Write to Reg: 0x00 Val: 0x00000000
[inst #2045] lw x28,32(x8)
Register Write to Reg: 0x1C Val: 0x10010F94
[inst #2046] addi x0,x0,0
Register Write to Reg: 0x00 Val: 0x00000000
[inst #2047] addi x0,x0,0
Register Write to Reg: 0x00 Val: 0x00000000
[inst #2048] addi x0,x0,0
Register Write to Reg: 0x00 Val: 0x00000000
[inst #2049] sw x29,4(x28)
Memory Write to Addr: 0x10010F98 Val: 0x00000003
[inst #2050] jal x0,156
Register Write to Reg: 0x00 Val: 0x00400798
[inst #2051] add x2,x0,x8
Register Write to Reg: 0x02 Val: 0x10010F58
[inst #2052] addi x0,x0,0
Register Write to Reg: 0x00 Val: 0x00000000
[inst #2053] addi x0,x0,0
Register Write to Reg: 0x00 Val: 0x00000000
[inst #2054] addi x0,x0,0
Register Write to Reg: 0x00 Val: 0x00000000
[inst #2055] lw x1,28(x2)
Register Write to Reg: 0x01 Val: 0x004002F0
[inst #2056] lw x8,24(x2)
Register Write to Reg: 0x08 Val: 0x10010F78
[inst #2057] addi x0,x0,0
Register Write to Reg: 0x00 Val: 0x00000000
[inst #2058] addi x0,x0,0
Register Write to Reg: 0x00 Val: 0x00000000
[inst #2059] addi x0,x0,0
Register Write to Reg: 0x00 Val: 0x00000000
[inst #2060] addi x2,x2,32
Register Write to Reg: 0x02 Val: 0x10010F78
[inst #2061] addi x0,x0,0
Register Write to Reg: 0x00 Val: 0x00000000
[inst #2062] addi x0,x0,0
Register Write to Reg: 0x00 Val: 0x00000000
[inst #2063] jalr x0,x1,0
Register Write to Reg: 0x00 Val: 0x00400864
[inst #2064] sw x7,24(x8)
Memory Write to Addr: 0x10010F90 Val: 0x00000002
[inst #2065] lw x28,24(x8)
Register Write to Reg: 0x1C Val: 0x00000002
[inst #2066] addi x0,x0,0
Register Write to Reg: 0x00 Val: 0x00000000
[inst #2067] addi x0,x0,0
Register Write to Reg: 0x00 Val: 0x00000000
[inst #2068] addi x0,x0,0
Register Write to Reg: 0x00 Val: 0x00000000
[inst #2069] addi x7,x0,-1
Register Write to Reg: 0x07 Val: 0xFFFFFFFF
[inst #2070] addi x0,x0,0
Register Write to Reg: 0x00 Val: 0x00000000
[inst #2071] addi x0,x0,0
Register Write to Reg: 0x00 Val: 0x00000000
[inst #2072] addi x0,x0,0
Register Write to Reg: 0x00 Val: 0x00000000
[inst #2073] beq x28,x7,24
[inst #2074] addi x0,x0,0
Register Write to Reg: 0x00 Val: 0x00000000
[inst #2075] addi x0,x0,0
Register Write to Reg: 0x00 Val: 0x00000000
[inst #2076] jal x0,-252
Register Write to Reg: 0x00 Val: 0x00400324
[inst #2077] lw x29,24(x8)
Register Write to Reg: 0x1D Val: 0x00000002
[inst #2078] addi x0,x0,0
Register Write to Reg: 0x00 Val: 0x00000000
[inst #2079] addi x0,x0,0
Register Write to Reg: 0x00 Val: 0x00000000
[inst #2080] addi x0,x0,0
Register Write to Reg: 0x00 Val: 0x00000000
[inst #2081] auipc x1,0
Register Write to Reg: 0x01 Val: 0x00400234
[inst #2082] sll x0,x0,x0
Register Write to Reg: 0x00 Val: 0x00000000
[inst #2083] sll x0,x0,x0
Register Write to Reg: 0x00 Val: 0x00000000
[inst #2084] sll x0,x0,x0
Register Write to Reg: 0x00 Val: 0x00000000
[inst #2085] addi x1,x1,32
Register Write to Reg: 0x01 Val: 0x00400254
[inst #2086] jal x0,2404
Register Write to Reg: 0x00 Val: 0x0040024C
[inst #2087] addi x2,x2,-32
Register Write to Reg: 0x02 Val: 0x10010F58
[inst #2088] addi x0,x0,0
Register Write to Reg: 0x00 Val: 0x00000000
[inst #2089] addi x0,x0,0
Register Write to Reg: 0x00 Val: 0x00000000
[inst #2090] addi x0,x0,0
Register Write to Reg: 0x00 Val: 0x00000000
[inst #2091] sw x8,28(x2)
Memory Write to Addr: 0x10010F74 Val: 0x10010F78
[inst #2092] addi x0,x0,0
Register Write to Reg: 0x00 Val: 0x00000000
[inst #2093] addi x0,x0,0
Register Write to Reg: 0x00 Val: 0x00000000
[inst #2094] addi x0,x0,0
Register Write to Reg: 0x00 Val: 0x00000000
[inst #2095] add x8,x0,x2
Register Write to Reg: 0x08 Val: 0x10010F58
[inst #2096] addi x0,x0,0
Register Write to Reg: 0x00 Val: 0x00000000
[inst #2097] addi x0,x0,0
Register Write to Reg: 0x00 Val: 0x00000000
[inst #2098] addi x0,x0,0
Register Write to Reg: 0x00 Val: 0x00000000
[inst #2099] sw x29,32(x8)
Memory Write to Addr: 0x10010F78 Val: 0x00000002
[inst #2100] ori x7,x0,1
Register Write to Reg: 0x07 Val: 0x00000001
[inst #2101] addi x0,x0,0
Register Write to Reg: 0x00 Val: 0x00000000
[inst #2102] addi x0,x0,0
Register Write to Reg: 0x00 Val: 0x00000000
[inst #2103] addi x0,x0,0
Register Write to Reg: 0x00 Val: 0x00000000
[inst #2104] sw x7,8(x8)
Memory Write to Addr: 0x10010F60 Val: 0x00000001
[inst #2105] sw x0,12(x8)
Memory Write to Addr: 0x10010F64 Val: 0x00000000
[inst #2106] jal x0,84
Register Write to Reg: 0x00 Val: 0x00400BFC
[inst #2107] lw x28,12(x8)
Register Write to Reg: 0x1C Val: 0x00000000
[inst #2108] lw x7,32(x8)
Register Write to Reg: 0x07 Val: 0x00000002
[inst #2109] addi x0,x0,0
Register Write to Reg: 0x00 Val: 0x00000000
[inst #2110] addi x0,x0,0
Register Write to Reg: 0x00 Val: 0x00000000
[inst #2111] addi x0,x0,0
Register Write to Reg: 0x00 Val: 0x00000000
[inst #2112] slt x7,x28,x7
Register Write to Reg: 0x07 Val: 0x00000001
[inst #2113] addi x0,x0,0
Register Write to Reg: 0x00 Val: 0x00000000
[inst #2114] addi x0,x0,0
Register Write to Reg: 0x00 Val: 0x00000000
[inst #2115] addi x0,x0,0
Register Write to Reg: 0x00 Val: 0x00000000
[inst #2116] beq x7,x0,24
[inst #2117] addi x0,x0,0
Register Write to Reg: 0x00 Val: 0x00000000
[inst #2118] addi x0,x0,0
Register Write to Reg: 0x00 Val: 0x00000000
[inst #2119] jal x0,-120
Register Write to Reg: 0x00 Val: 0x00400C80
[inst #2120] lw x7,8(x8)
Register Write to Reg: 0x07 Val: 0x00000001
[inst #2121] addi x0,x0,0
Register Write to Reg: 0x00 Val: 0x00000000
[inst #2122] addi x0,x0,0
Register Write to Reg: 0x00 Val: 0x00000000
[inst #2123] addi x0,x0,0
Register Write to Reg: 0x00 Val: 0x00000000
[inst #2124] slli x7,x7,8
Register Write to Reg: 0x07 Val: 0x00000100
[inst #2125] addi x0,x0,0
Register Write to Reg: 0x00 Val: 0x00000000
[inst #2126] addi x0,x0,0
Register Write to Reg: 0x00 Val: 0x00000000
[inst #2127] addi x0,x0,0
Register Write to Reg: 0x00 Val: 0x00000000
[inst #2128] sw x7,8(x8)
Memory Write to Addr: 0x10010F60 Val: 0x00000100
[inst #2129] lw x7,12(x8)
Register Write to Reg: 0x07 Val: 0x00000000
[inst #2130] addi x0,x0,0
Register Write to Reg: 0x00 Val: 0x00000000
[inst #2131] addi x0,x0,0
Register Write to Reg: 0x00 Val: 0x00000000
[inst #2132] addi x0,x0,0
Register Write to Reg: 0x00 Val: 0x00000000
[inst #2133] addi x7,x7,1
Register Write to Reg: 0x07 Val: 0x00000001
[inst #2134] addi x0,x0,0
Register Write to Reg: 0x00 Val: 0x00000000
[inst #2135] addi x0,x0,0
Register Write to Reg: 0x00 Val: 0x00000000
[inst #2136] addi x0,x0,0
Register Write to Reg: 0x00 Val: 0x00000000
[inst #2137] sw x7,12(x8)
Memory Write to Addr: 0x10010F64 Val: 0x00000001
[inst #2138] lw x28,12(x8)
Register Write to Reg: 0x1C Val: 0x00000001
[inst #2139] lw x7,32(x8)
Register Write to Reg: 0x07 Val: 0x00000002
[inst #2140] addi x0,x0,0
Register Write to Reg: 0x00 Val: 0x00000000
[inst #2141] addi x0,x0,0
Register Write to Reg: 0x00 Val: 0x00000000
[inst #2142] addi x0,x0,0
Register Write to Reg: 0x00 Val: 0x00000000
[inst #2143] slt x7,x28,x7
Register Write to Reg: 0x07 Val: 0x00000001
[inst #2144] addi x0,x0,0
Register Write to Reg: 0x00 Val: 0x00000000
[inst #2145] addi x0,x0,0
Register Write to Reg: 0x00 Val: 0x00000000
[inst #2146] addi x0,x0,0
Register Write to Reg: 0x00 Val: 0x00000000
[inst #2147] beq x7,x0,24
[inst #2148] addi x0,x0,0
Register Write to Reg: 0x00 Val: 0x00000000
[inst #2149] addi x0,x0,0
Register Write to Reg: 0x00 Val: 0x00000000
[inst #2150] jal x0,-120
Register Write to Reg: 0x00 Val: 0x00400C80
[inst #2151] lw x7,8(x8)
Register Write to Reg: 0x07 Val: 0x00000100
[inst #2152] addi x0,x0,0
Register Write to Reg: 0x00 Val: 0x00000000
[inst #2153] addi x0,x0,0
Register Write to Reg: 0x00 Val: 0x00000000
[inst #2154] addi x0,x0,0
Register Write to Reg: 0x00 Val: 0x00000000
[inst #2155] slli x7,x7,8
Register Write to Reg: 0x07 Val: 0x00010000
[inst #2156] addi x0,x0,0
Register Write to Reg: 0x00 Val: 0x00000000
[inst #2157] addi x0,x0,0
Register Write to Reg: 0x00 Val: 0x00000000
[inst #2158] addi x0,x0,0
Register Write to Reg: 0x00 Val: 0x00000000
[inst #2159] sw x7,8(x8)
Memory Write to Addr: 0x10010F60 Val: 0x00010000
[inst #2160] lw x7,12(x8)
Register Write to Reg: 0x07 Val: 0x00000001
[inst #2161] addi x0,x0,0
Register Write to Reg: 0x00 Val: 0x00000000
[inst #2162] addi x0,x0,0
Register Write to Reg: 0x00 Val: 0x00000000
[inst #2163] addi x0,x0,0
Register Write to Reg: 0x00 Val: 0x00000000
[inst #2164] addi x7,x7,1
Register Write to Reg: 0x07 Val: 0x00000002
[inst #2165] addi x0,x0,0
Register Write to Reg: 0x00 Val: 0x00000000
[inst #2166] addi x0,x0,0
Register Write to Reg: 0x00 Val: 0x00000000
[inst #2167] addi x0,x0,0
Register Write to Reg: 0x00 Val: 0x00000000
[inst #2168] sw x7,12(x8)
Memory Write to Addr: 0x10010F64 Val: 0x00000002
[inst #2169] lw x28,12(x8)
Register Write to Reg: 0x1C Val: 0x00000002
[inst #2170] lw x7,32(x8)
Register Write to Reg: 0x07 Val: 0x00000002
[inst #2171] addi x0,x0,0
Register Write to Reg: 0x00 Val: 0x00000000
[inst #2172] addi x0,x0,0
Register Write to Reg: 0x00 Val: 0x00000000
[inst #2173] addi x0,x0,0
Register Write to Reg: 0x00 Val: 0x00000000
[inst #2174] slt x7,x28,x7
Register Write to Reg: 0x07 Val: 0x00000000
[inst #2175] addi x0,x0,0
Register Write to Reg: 0x00 Val: 0x00000000
[inst #2176] addi x0,x0,0
Register Write to Reg: 0x00 Val: 0x00000000
[inst #2177] addi x0,x0,0
Register Write to Reg: 0x00 Val: 0x00000000
[inst #2178] beq x7,x0,24
[inst #2179] lui x7,65552
Register Write to Reg: 0x07 Val: 0x10010000
[inst #2180] addi x0,x0,0
Register Write to Reg: 0x00 Val: 0x00000000
[inst #2181] addi x0,x0,0
Register Write to Reg: 0x00 Val: 0x00000000
[inst #2182] addi x0,x0,0
Register Write to Reg: 0x00 Val: 0x00000000
[inst #2183] addi x7,x7,36
Register Write to Reg: 0x07 Val: 0x10010024
[inst #2184] addi x0,x0,0
Register Write to Reg: 0x00 Val: 0x00000000
[inst #2185] addi x0,x0,0
Register Write to Reg: 0x00 Val: 0x00000000
[inst #2186] addi x0,x0,0
Register Write to Reg: 0x00 Val: 0x00000000
[inst #2187] lw x7,0(x7)
Register Write to Reg: 0x07 Val: 0x00000101
[inst #2188] addi x0,x0,0
Register Write to Reg: 0x00 Val: 0x00000000
[inst #2189] addi x0,x0,0
Register Write to Reg: 0x00 Val: 0x00000000
[inst #2190] addi x0,x0,0
Register Write to Reg: 0x00 Val: 0x00000000
[inst #2191] sw x7,16(x8)
Memory Write to Addr: 0x10010F68 Val: 0x00000101
[inst #2192] lw x28,16(x8)
Register Write to Reg: 0x1C Val: 0x00000101
[inst #2193] addi x0,x0,0
Register Write to Reg: 0x00 Val: 0x00000000
[inst #2194] addi x0,x0,0
Register Write to Reg: 0x00 Val: 0x00000000
[inst #2195] addi x0,x0,0
Register Write to Reg: 0x00 Val: 0x00000000
[inst #2196] lw x7,8(x8)
Register Write to Reg: 0x07 Val: 0x00010000
[inst #2197] addi x0,x0,0
Register Write to Reg: 0x00 Val: 0x00000000
[inst #2198] addi x0,x0,0
Register Write to Reg: 0x00 Val: 0x00000000
[inst #2199] addi x0,x0,0
Register Write to Reg: 0x00 Val: 0x00000000
[inst #2200] and x7,x28,x7
Register Write to Reg: 0x07 Val: 0x00000000
[inst #2201] addi x0,x0,0
Register Write to Reg: 0x00 Val: 0x00000000
[inst #2202] addi x0,x0,0
Register Write to Reg: 0x00 Val: 0x00000000
[inst #2203] addi x0,x0,0
Register Write to Reg: 0x00 Val: 0x00000000
[inst #2204] slt x7,x0,x7
Register Write to Reg: 0x07 Val: 0x00000000
[inst #2205] addi x0,x0,0
Register Write to Reg: 0x00 Val: 0x00000000
[inst #2206] addi x0,x0,0
Register Write to Reg: 0x00 Val: 0x00000000
[inst #2207] addi x0,x0,0
Register Write to Reg: 0x00 Val: 0x00000000
[inst #2208] andi x7,x7,255
Register Write to Reg: 0x07 Val: 0x00000000
[inst #2209] addi x0,x0,0
Register Write to Reg: 0x00 Val: 0x00000000
[inst #2210] addi x0,x0,0
Register Write to Reg: 0x00 Val: 0x00000000
[inst #2211] addi x0,x0,0
Register Write to Reg: 0x00 Val: 0x00000000
[inst #2212] add x2,x0,x8
Register Write to Reg: 0x02 Val: 0x10010F58
[inst #2213] addi x0,x0,0
Register Write to Reg: 0x00 Val: 0x00000000
[inst #2214] addi x0,x0,0
Register Write to Reg: 0x00 Val: 0x00000000
[inst #2215] addi x0,x0,0
Register Write to Reg: 0x00 Val: 0x00000000
[inst #2216] lw x8,28(x2)
Register Write to Reg: 0x08 Val: 0x10010F78
[inst #2217] addi x0,x0,0
Register Write to Reg: 0x00 Val: 0x00000000
[inst #2218] addi x0,x0,0
Register Write to Reg: 0x00 Val: 0x00000000
[inst #2219] addi x0,x0,0
Register Write to Reg: 0x00 Val: 0x00000000
[inst #2220] addi x2,x2,32
Register Write to Reg: 0x02 Val: 0x10010F78
[inst #2221] addi x0,x0,0
Register Write to Reg: 0x00 Val: 0x00000000
[inst #2222] addi x0,x0,0
Register Write to Reg: 0x00 Val: 0x00000000
[inst #2223] jalr x0,x1,0
Register Write to Reg: 0x00 Val: 0x00400D3C
[inst #2224] xori x7,x7,1
Register Write to Reg: 0x07 Val: 0x00000001
[inst #2225] addi x0,x0,0
Register Write to Reg: 0x00 Val: 0x00000000
[inst #2226] addi x0,x0,0
Register Write to Reg: 0x00 Val: 0x00000000
[inst #2227] addi x0,x0,0
Register Write to Reg: 0x00 Val: 0x00000000
[inst #2228] andi x7,x7,255
Register Write to Reg: 0x07 Val: 0x00000001
[inst #2229] addi x0,x0,0
Register Write to Reg: 0x00 Val: 0x00000000
[inst #2230] addi x0,x0,0
Register Write to Reg: 0x00 Val: 0x00000000
[inst #2231] addi x0,x0,0
Register Write to Reg: 0x00 Val: 0x00000000
[inst #2232] beq x7,x0,60
[inst #2233] addi x0,x0,0
Register Write to Reg: 0x00 Val: 0x00000000
[inst #2234] addi x0,x0,0
Register Write to Reg: 0x00 Val: 0x00000000
[inst #2235] lw x29,24(x8)
Register Write to Reg: 0x1D Val: 0x00000002
[inst #2236] addi x0,x0,0
Register Write to Reg: 0x00 Val: 0x00000000
[inst #2237] addi x0,x0,0
Register Write to Reg: 0x00 Val: 0x00000000
[inst #2238] addi x0,x0,0
Register Write to Reg: 0x00 Val: 0x00000000
[inst #2239] auipc x1,0
Register Write to Reg: 0x01 Val: 0x00400290
[inst #2240] sll x0,x0,x0
Register Write to Reg: 0x00 Val: 0x00000000
[inst #2241] sll x0,x0,x0
Register Write to Reg: 0x00 Val: 0x00000000
[inst #2242] sll x0,x0,x0
Register Write to Reg: 0x00 Val: 0x00000000
[inst #2243] addi x1,x1,32
Register Write to Reg: 0x01 Val: 0x004002B0
[inst #2244] jal x0,548
Register Write to Reg: 0x00 Val: 0x004002A8
[inst #2245] addi x2,x2,-48
Register Write to Reg: 0x02 Val: 0x10010F48
[inst #2246] addi x0,x0,0
Register Write to Reg: 0x00 Val: 0x00000000
[inst #2247] addi x0,x0,0
Register Write to Reg: 0x00 Val: 0x00000000
[inst #2248] addi x0,x0,0
Register Write to Reg: 0x00 Val: 0x00000000
[inst #2249] sw x1,44(x2)
Memory Write to Addr: 0x10010F74 Val: 0x004002B0
[inst #2250] sw x8,40(x2)
Memory Write to Addr: 0x10010F70 Val: 0x10010F78
[inst #2251] addi x0,x0,0
Register Write to Reg: 0x00 Val: 0x00000000
[inst #2252] addi x0,x0,0
Register Write to Reg: 0x00 Val: 0x00000000
[inst #2253] addi x0,x0,0
Register Write to Reg: 0x00 Val: 0x00000000
[inst #2254] add x8,x0,x2
Register Write to Reg: 0x08 Val: 0x10010F48
[inst #2255] addi x0,x0,0
Register Write to Reg: 0x00 Val: 0x00000000
[inst #2256] addi x0,x0,0
Register Write to Reg: 0x00 Val: 0x00000000
[inst #2257] addi x0,x0,0
Register Write to Reg: 0x00 Val: 0x00000000
[inst #2258] sw x29,48(x8)
Memory Write to Addr: 0x10010F78 Val: 0x00000002
[inst #2259] lw x29,48(x8)
Register Write to Reg: 0x1D Val: 0x00000002
[inst #2260] addi x0,x0,0
Register Write to Reg: 0x00 Val: 0x00000000
[inst #2261] addi x0,x0,0
Register Write to Reg: 0x00 Val: 0x00000000
[inst #2262] addi x0,x0,0
Register Write to Reg: 0x00 Val: 0x00000000
[inst #2263] auipc x1,0
Register Write to Reg: 0x01 Val: 0x00400510
[inst #2264] sll x0,x0,x0
Register Write to Reg: 0x00 Val: 0x00000000
[inst #2265] sll x0,x0,x0
Register Write to Reg: 0x00 Val: 0x00000000
[inst #2266] sll x0,x0,x0
Register Write to Reg: 0x00 Val: 0x00000000
[inst #2267] addi x1,x1,32
Register Write to Reg: 0x01 Val: 0x00400530
[inst #2268] jal x0,1276
Register Write to Reg: 0x00 Val: 0x00400528
[inst #2269] addi x2,x2,-32
Register Write to Reg: 0x02 Val: 0x10010F28
[inst #2270] addi x0,x0,0
Register Write to Reg: 0x00 Val: 0x00000000
[inst #2271] addi x0,x0,0
Register Write to Reg: 0x00 Val: 0x00000000
[inst #2272] addi x0,x0,0
Register Write to Reg: 0x00 Val: 0x00000000
[inst #2273] sw x8,28(x2)
Memory Write to Addr: 0x10010F44 Val: 0x10010F48
[inst #2274] addi x0,x0,0
Register Write to Reg: 0x00 Val: 0x00000000
[inst #2275] addi x0,x0,0
Register Write to Reg: 0x00 Val: 0x00000000
[inst #2276] addi x0,x0,0
Register Write to Reg: 0x00 Val: 0x00000000
[inst #2277] add x8,x0,x2
Register Write to Reg: 0x08 Val: 0x10010F28
[inst #2278] addi x0,x0,0
Register Write to Reg: 0x00 Val: 0x00000000
[inst #2279] addi x0,x0,0
Register Write to Reg: 0x00 Val: 0x00000000
[inst #2280] addi x0,x0,0
Register Write to Reg: 0x00 Val: 0x00000000
[inst #2281] sw x29,32(x8)
Memory Write to Addr: 0x10010F48 Val: 0x00000002
[inst #2282] addi x7,x0,1
Register Write to Reg: 0x07 Val: 0x00000001
[inst #2283] addi x0,x0,0
Register Write to Reg: 0x00 Val: 0x00000000
[inst #2284] addi x0,x0,0
Register Write to Reg: 0x00 Val: 0x00000000
[inst #2285] addi x0,x0,0
Register Write to Reg: 0x00 Val: 0x00000000
[inst #2286] sw x7,8(x8)
Memory Write to Addr: 0x10010F30 Val: 0x00000001
[inst #2287] sw x0,12(x8)
Memory Write to Addr: 0x10010F34 Val: 0x00000000
[inst #2288] jal x0,84
Register Write to Reg: 0x00 Val: 0x00400A70
[inst #2289] lw x28,12(x8)
Register Write to Reg: 0x1C Val: 0x00000000
[inst #2290] lw x7,32(x8)
Register Write to Reg: 0x07 Val: 0x00000002
[inst #2291] addi x0,x0,0
Register Write to Reg: 0x00 Val: 0x00000000
[inst #2292] addi x0,x0,0
Register Write to Reg: 0x00 Val: 0x00000000
[inst #2293] addi x0,x0,0
Register Write to Reg: 0x00 Val: 0x00000000
[inst #2294] slt x7,x28,x7
Register Write to Reg: 0x07 Val: 0x00000001
[inst #2295] addi x0,x0,0
Register Write to Reg: 0x00 Val: 0x00000000
[inst #2296] addi x0,x0,0
Register Write to Reg: 0x00 Val: 0x00000000
[inst #2297] addi x0,x0,0
Register Write to Reg: 0x00 Val: 0x00000000
[inst #2298] beq x7,x0,24
[inst #2299] addi x0,x0,0
Register Write to Reg: 0x00 Val: 0x00000000
[inst #2300] addi x0,x0,0
Register Write to Reg: 0x00 Val: 0x00000000
[inst #2301] jal x0,-120
Register Write to Reg: 0x00 Val: 0x00400AF4
[inst #2302] lw x7,8(x8)
Register Write to Reg: 0x07 Val: 0x00000001
[inst #2303] addi x0,x0,0
Register Write to Reg: 0x00 Val: 0x00000000
[inst #2304] addi x0,x0,0
Register Write to Reg: 0x00 Val: 0x00000000
[inst #2305] addi x0,x0,0
Register Write to Reg: 0x00 Val: 0x00000000
[inst #2306] slli x7,x7,8
Register Write to Reg: 0x07 Val: 0x00000100
[inst #2307] addi x0,x0,0
Register Write to Reg: 0x00 Val: 0x00000000
[inst #2308] addi x0,x0,0
Register Write to Reg: 0x00 Val: 0x00000000
[inst #2309] addi x0,x0,0
Register Write to Reg: 0x00 Val: 0x00000000
[inst #2310] sw x7,8(x8)
Memory Write to Addr: 0x10010F30 Val: 0x00000100
[inst #2311] lw x7,12(x8)
Register Write to Reg: 0x07 Val: 0x00000000
[inst #2312] addi x0,x0,0
Register Write to Reg: 0x00 Val: 0x00000000
[inst #2313] addi x0,x0,0
Register Write to Reg: 0x00 Val: 0x00000000
[inst #2314] addi x0,x0,0
Register Write to Reg: 0x00 Val: 0x00000000
[inst #2315] addi x7,x7,1
Register Write to Reg: 0x07 Val: 0x00000001
[inst #2316] addi x0,x0,0
Register Write to Reg: 0x00 Val: 0x00000000
[inst #2317] addi x0,x0,0
Register Write to Reg: 0x00 Val: 0x00000000
[inst #2318] addi x0,x0,0
Register Write to Reg: 0x00 Val: 0x00000000
[inst #2319] sw x7,12(x8)
Memory Write to Addr: 0x10010F34 Val: 0x00000001
[inst #2320] lw x28,12(x8)
Register Write to Reg: 0x1C Val: 0x00000001
[inst #2321] lw x7,32(x8)
Register Write to Reg: 0x07 Val: 0x00000002
[inst #2322] addi x0,x0,0
Register Write to Reg: 0x00 Val: 0x00000000
[inst #2323] addi x0,x0,0
Register Write to Reg: 0x00 Val: 0x00000000
[inst #2324] addi x0,x0,0
Register Write to Reg: 0x00 Val: 0x00000000
[inst #2325] slt x7,x28,x7
Register Write to Reg: 0x07 Val: 0x00000001
[inst #2326] addi x0,x0,0
Register Write to Reg: 0x00 Val: 0x00000000
[inst #2327] addi x0,x0,0
Register Write to Reg: 0x00 Val: 0x00000000
[inst #2328] addi x0,x0,0
Register Write to Reg: 0x00 Val: 0x00000000
[inst #2329] beq x7,x0,24
[inst #2330] addi x0,x0,0
Register Write to Reg: 0x00 Val: 0x00000000
[inst #2331] addi x0,x0,0
Register Write to Reg: 0x00 Val: 0x00000000
[inst #2332] jal x0,-120
Register Write to Reg: 0x00 Val: 0x00400AF4
[inst #2333] lw x7,8(x8)
Register Write to Reg: 0x07 Val: 0x00000100
[inst #2334] addi x0,x0,0
Register Write to Reg: 0x00 Val: 0x00000000
[inst #2335] addi x0,x0,0
Register Write to Reg: 0x00 Val: 0x00000000
[inst #2336] addi x0,x0,0
Register Write to Reg: 0x00 Val: 0x00000000
[inst #2337] slli x7,x7,8
Register Write to Reg: 0x07 Val: 0x00010000
[inst #2338] addi x0,x0,0
Register Write to Reg: 0x00 Val: 0x00000000
[inst #2339] addi x0,x0,0
Register Write to Reg: 0x00 Val: 0x00000000
[inst #2340] addi x0,x0,0
Register Write to Reg: 0x00 Val: 0x00000000
[inst #2341] sw x7,8(x8)
Memory Write to Addr: 0x10010F30 Val: 0x00010000
[inst #2342] lw x7,12(x8)
Register Write to Reg: 0x07 Val: 0x00000001
[inst #2343] addi x0,x0,0
Register Write to Reg: 0x00 Val: 0x00000000
[inst #2344] addi x0,x0,0
Register Write to Reg: 0x00 Val: 0x00000000
[inst #2345] addi x0,x0,0
Register Write to Reg: 0x00 Val: 0x00000000
[inst #2346] addi x7,x7,1
Register Write to Reg: 0x07 Val: 0x00000002
[inst #2347] addi x0,x0,0
Register Write to Reg: 0x00 Val: 0x00000000
[inst #2348] addi x0,x0,0
Register Write to Reg: 0x00 Val: 0x00000000
[inst #2349] addi x0,x0,0
Register Write to Reg: 0x00 Val: 0x00000000
[inst #2350] sw x7,12(x8)
Memory Write to Addr: 0x10010F34 Val: 0x00000002
[inst #2351] lw x28,12(x8)
Register Write to Reg: 0x1C Val: 0x00000002
[inst #2352] lw x7,32(x8)
Register Write to Reg: 0x07 Val: 0x00000002
[inst #2353] addi x0,x0,0
Register Write to Reg: 0x00 Val: 0x00000000
[inst #2354] addi x0,x0,0
Register Write to Reg: 0x00 Val: 0x00000000
[inst #2355] addi x0,x0,0
Register Write to Reg: 0x00 Val: 0x00000000
[inst #2356] slt x7,x28,x7
Register Write to Reg: 0x07 Val: 0x00000000
[inst #2357] addi x0,x0,0
Register Write to Reg: 0x00 Val: 0x00000000
[inst #2358] addi x0,x0,0
Register Write to Reg: 0x00 Val: 0x00000000
[inst #2359] addi x0,x0,0
Register Write to Reg: 0x00 Val: 0x00000000
[inst #2360] beq x7,x0,24
[inst #2361] lui x7,65552
Register Write to Reg: 0x07 Val: 0x10010000
[inst #2362] addi x0,x0,0
Register Write to Reg: 0x00 Val: 0x00000000
[inst #2363] addi x0,x0,0
Register Write to Reg: 0x00 Val: 0x00000000
[inst #2364] addi x0,x0,0
Register Write to Reg: 0x00 Val: 0x00000000
[inst #2365] addi x7,x7,36
Register Write to Reg: 0x07 Val: 0x10010024
[inst #2366] addi x0,x0,0
Register Write to Reg: 0x00 Val: 0x00000000
[inst #2367] addi x0,x0,0
Register Write to Reg: 0x00 Val: 0x00000000
[inst #2368] addi x0,x0,0
Register Write to Reg: 0x00 Val: 0x00000000
[inst #2369] sw x7,16(x8)
Memory Write to Addr: 0x10010F38 Val: 0x10010024
[inst #2370] lw x7,16(x8)
Register Write to Reg: 0x07 Val: 0x10010024
[inst #2371] addi x0,x0,0
Register Write to Reg: 0x00 Val: 0x00000000
[inst #2372] addi x0,x0,0
Register Write to Reg: 0x00 Val: 0x00000000
[inst #2373] addi x0,x0,0
Register Write to Reg: 0x00 Val: 0x00000000
[inst #2374] lw x28,0(x7)
Register Write to Reg: 0x1C Val: 0x00000101
[inst #2375] addi x0,x0,0
Register Write to Reg: 0x00 Val: 0x00000000
[inst #2376] addi x0,x0,0
Register Write to Reg: 0x00 Val: 0x00000000
[inst #2377] addi x0,x0,0
Register Write to Reg: 0x00 Val: 0x00000000
[inst #2378] lw x7,8(x8)
Register Write to Reg: 0x07 Val: 0x00010000
[inst #2379] addi x0,x0,0
Register Write to Reg: 0x00 Val: 0x00000000
[inst #2380] addi x0,x0,0
Register Write to Reg: 0x00 Val: 0x00000000
[inst #2381] addi x0,x0,0
Register Write to Reg: 0x00 Val: 0x00000000
[inst #2382] or x28,x28,x7
Register Write to Reg: 0x1C Val: 0x00010101
[inst #2383] addi x0,x0,0
Register Write to Reg: 0x00 Val: 0x00000000
[inst #2384] addi x0,x0,0
Register Write to Reg: 0x00 Val: 0x00000000
[inst #2385] addi x0,x0,0
Register Write to Reg: 0x00 Val: 0x00000000
[inst #2386] lw x7,16(x8)
Register Write to Reg: 0x07 Val: 0x10010024
[inst #2387] addi x0,x0,0
Register Write to Reg: 0x00 Val: 0x00000000
[inst #2388] addi x0,x0,0
Register Write to Reg: 0x00 Val: 0x00000000
[inst #2389] addi x0,x0,0
Register Write to Reg: 0x00 Val: 0x00000000
[inst #2390] sw x28,0(x7)
Memory Write to Addr: 0x10010024 Val: 0x00010101
[inst #2391] add x2,x0,x8
Register Write to Reg: 0x02 Val: 0x10010F28
[inst #2392] addi x0,x0,0
Register Write to Reg: 0x00 Val: 0x00000000
[inst #2393] addi x0,x0,0
Register Write to Reg: 0x00 Val: 0x00000000
[inst #2394] addi x0,x0,0
Register Write to Reg: 0x00 Val: 0x00000000
[inst #2395] lw x8,28(x2)
Register Write to Reg: 0x08 Val: 0x10010F48
[inst #2396] addi x0,x0,0
Register Write to Reg: 0x00 Val: 0x00000000
[inst #2397] addi x0,x0,0
Register Write to Reg: 0x00 Val: 0x00000000
[inst #2398] addi x0,x0,0
Register Write to Reg: 0x00 Val: 0x00000000
[inst #2399] addi x2,x2,32
Register Write to Reg: 0x02 Val: 0x10010F48
[inst #2400] addi x0,x0,0
Register Write to Reg: 0x00 Val: 0x00000000
[inst #2401] addi x0,x0,0
Register Write to Reg: 0x00 Val: 0x00000000
[inst #2402] jalr x0,x1,0
Register Write to Reg: 0x00 Val: 0x00400BA4
[inst #2403] addi x7,x8,28
Register Write to Reg: 0x07 Val: 0x10010F64
[inst #2404] addi x0,x0,0
Register Write to Reg: 0x00 Val: 0x00000000
[inst #2405] addi x0,x0,0
Register Write to Reg: 0x00 Val: 0x00000000
[inst #2406] addi x0,x0,0
Register Write to Reg: 0x00 Val: 0x00000000
[inst #2407] lw x30,48(x8)
Register Write to Reg: 0x1E Val: 0x00000002
[inst #2408] addi x0,x0,0
Register Write to Reg: 0x00 Val: 0x00000000
[inst #2409] addi x0,x0,0
Register Write to Reg: 0x00 Val: 0x00000000
[inst #2410] addi x0,x0,0
Register Write to Reg: 0x00 Val: 0x00000000
[inst #2411] add x29,x0,x7
Register Write to Reg: 0x1D Val: 0x10010F64
[inst #2412] addi x0,x0,0
Register Write to Reg: 0x00 Val: 0x00000000
[inst #2413] addi x0,x0,0
Register Write to Reg: 0x00 Val: 0x00000000
[inst #2414] addi x0,x0,0
Register Write to Reg: 0x00 Val: 0x00000000
[inst #2415] auipc x1,0
Register Write to Reg: 0x01 Val: 0x00400560
[inst #2416] sll x0,x0,x0
Register Write to Reg: 0x00 Val: 0x00000000
[inst #2417] sll x0,x0,x0
Register Write to Reg: 0x00 Val: 0x00000000
[inst #2418] sll x0,x0,x0
Register Write to Reg: 0x00 Val: 0x00000000
[inst #2419] addi x1,x1,32
Register Write to Reg: 0x01 Val: 0x00400580
[inst #2420] jal x0,92
Register Write to Reg: 0x00 Val: 0x00400578
[inst #2421] addi x2,x2,-24
Register Write to Reg: 0x02 Val: 0x10010F30
[inst #2422] addi x0,x0,0
Register Write to Reg: 0x00 Val: 0x00000000
[inst #2423] addi x0,x0,0
Register Write to Reg: 0x00 Val: 0x00000000
[inst #2424] addi x0,x0,0
Register Write to Reg: 0x00 Val: 0x00000000
[inst #2425] sw x8,20(x2)
Memory Write to Addr: 0x10010F44 Val: 0x10010F48
[inst #2426] addi x0,x0,0
Register Write to Reg: 0x00 Val: 0x00000000
[inst #2427] addi x0,x0,0
Register Write to Reg: 0x00 Val: 0x00000000
[inst #2428] addi x0,x0,0
Register Write to Reg: 0x00 Val: 0x00000000
[inst #2429] add x8,x0,x2
Register Write to Reg: 0x08 Val: 0x10010F30
[inst #2430] addi x0,x0,0
Register Write to Reg: 0x00 Val: 0x00000000
[inst #2431] addi x0,x0,0
Register Write to Reg: 0x00 Val: 0x00000000
[inst #2432] addi x0,x0,0
Register Write to Reg: 0x00 Val: 0x00000000
[inst #2433] sub x31,x8,x2
Register Write to Reg: 0x1F Val: 0x00000000
[inst #2434] sw x29,24(x8)
Memory Write to Addr: 0x10010F48 Val: 0x10010F64
[inst #2435] sw x30,28(x8)
Memory Write to Addr: 0x10010F4C Val: 0x00000002
[inst #2436] lw x7,28(x8)
Register Write to Reg: 0x07 Val: 0x00000002
[inst #2437] addi x0,x0,0
Register Write to Reg: 0x00 Val: 0x00000000
[inst #2438] addi x0,x0,0
Register Write to Reg: 0x00 Val: 0x00000000
[inst #2439] addi x0,x0,0
Register Write to Reg: 0x00 Val: 0x00000000
[inst #2440] sw x7,8(x8)
Memory Write to Addr: 0x10010F38 Val: 0x00000002
[inst #2441] sw x0,12(x8)
Memory Write to Addr: 0x10010F3C Val: 0x00000000
[inst #2442] lw x7,24(x8)
Register Write to Reg: 0x07 Val: 0x10010F64
[inst #2443] lw x29,8(x8)
Register Write to Reg: 0x1D Val: 0x00000002
[inst #2444] lw x28,12(x8)
Register Write to Reg: 0x1C Val: 0x00000000
[inst #2445] addi x0,x0,0
Register Write to Reg: 0x00 Val: 0x00000000
[inst #2446] addi x0,x0,0
Register Write to Reg: 0x00 Val: 0x00000000
[inst #2447] addi x0,x0,0
Register Write to Reg: 0x00 Val: 0x00000000
[inst #2448] sw x29,0(x7)
Memory Write to Addr: 0x10010F64 Val: 0x00000002
[inst #2449] sw x28,4(x7)
Memory Write to Addr: 0x10010F68 Val: 0x00000000
[inst #2450] lw x7,24(x8)
Register Write to Reg: 0x07 Val: 0x10010F64
[inst #2451] addi x0,x0,0
Register Write to Reg: 0x00 Val: 0x00000000
[inst #2452] addi x0,x0,0
Register Write to Reg: 0x00 Val: 0x00000000
[inst #2453] addi x0,x0,0
Register Write to Reg: 0x00 Val: 0x00000000
[inst #2454] add x2,x0,x8
Register Write to Reg: 0x02 Val: 0x10010F30
[inst #2455] addi x0,x0,0
Register Write to Reg: 0x00 Val: 0x00000000
[inst #2456] addi x0,x0,0
Register Write to Reg: 0x00 Val: 0x00000000
[inst #2457] addi x0,x0,0
Register Write to Reg: 0x00 Val: 0x00000000
[inst #2458] lw x8,20(x2)
Register Write to Reg: 0x08 Val: 0x10010F48
[inst #2459] addi x0,x0,0
Register Write to Reg: 0x00 Val: 0x00000000
[inst #2460] addi x0,x0,0
Register Write to Reg: 0x00 Val: 0x00000000
[inst #2461] addi x0,x0,0
Register Write to Reg: 0x00 Val: 0x00000000
[inst #2462] addi x2,x2,24
Register Write to Reg: 0x02 Val: 0x10010F48
[inst #2463] addi x0,x0,0
Register Write to Reg: 0x00 Val: 0x00000000
[inst #2464] addi x0,x0,0
Register Write to Reg: 0x00 Val: 0x00000000
[inst #2465] jalr x0,x1,0
Register Write to Reg: 0x00 Val: 0x00400684
[inst #2466] addi x7,x8,28
Register Write to Reg: 0x07 Val: 0x10010F64
[inst #2467] addi x0,x0,0
Register Write to Reg: 0x00 Val: 0x00000000
[inst #2468] addi x0,x0,0
Register Write to Reg: 0x00 Val: 0x00000000
[inst #2469] addi x0,x0,0
Register Write to Reg: 0x00 Val: 0x00000000
[inst #2470] add x29,x0,x7
Register Write to Reg: 0x1D Val: 0x10010F64
[inst #2471] addi x0,x0,0
Register Write to Reg: 0x00 Val: 0x00000000
[inst #2472] addi x0,x0,0
Register Write to Reg: 0x00 Val: 0x00000000
[inst #2473] addi x0,x0,0
Register Write to Reg: 0x00 Val: 0x00000000
[inst #2474] auipc x1,0
Register Write to Reg: 0x01 Val: 0x004005A0
[inst #2475] sll x0,x0,x0
Register Write to Reg: 0x00 Val: 0x00000000
[inst #2476] sll x0,x0,x0
Register Write to Reg: 0x00 Val: 0x00000000
[inst #2477] sll x0,x0,x0
Register Write to Reg: 0x00 Val: 0x00000000
[inst #2478] addi x1,x1,32
Register Write to Reg: 0x01 Val: 0x004005C0
[inst #2479] jal x0,216
Register Write to Reg: 0x00 Val: 0x004005B8
[inst #2480] addi x2,x2,-32
Register Write to Reg: 0x02 Val: 0x10010F28
[inst #2481] addi x0,x0,0
Register Write to Reg: 0x00 Val: 0x00000000
[inst #2482] addi x0,x0,0
Register Write to Reg: 0x00 Val: 0x00000000
[inst #2483] addi x0,x0,0
Register Write to Reg: 0x00 Val: 0x00000000
[inst #2484] sw x1,28(x2)
Memory Write to Addr: 0x10010F44 Val: 0x004005C0
[inst #2485] sw x8,24(x2)
Memory Write to Addr: 0x10010F40 Val: 0x10010F48
[inst #2486] addi x0,x0,0
Register Write to Reg: 0x00 Val: 0x00000000
[inst #2487] addi x0,x0,0
Register Write to Reg: 0x00 Val: 0x00000000
[inst #2488] addi x0,x0,0
Register Write to Reg: 0x00 Val: 0x00000000
[inst #2489] add x8,x0,x2
Register Write to Reg: 0x08 Val: 0x10010F28
[inst #2490] addi x0,x0,0
Register Write to Reg: 0x00 Val: 0x00000000
[inst #2491] addi x0,x0,0
Register Write to Reg: 0x00 Val: 0x00000000
[inst #2492] addi x0,x0,0
Register Write to Reg: 0x00 Val: 0x00000000
[inst #2493] sw x29,32(x8)
Memory Write to Addr: 0x10010F48 Val: 0x10010F64
[inst #2494] jal x0,288
Register Write to Reg: 0x00 Val: 0x004006C8
[inst #2495] lw x7,32(x8)
Register Write to Reg: 0x07 Val: 0x10010F64
[inst #2496] addi x0,x0,0
Register Write to Reg: 0x00 Val: 0x00000000
[inst #2497] addi x0,x0,0
Register Write to Reg: 0x00 Val: 0x00000000
[inst #2498] addi x0,x0,0
Register Write to Reg: 0x00 Val: 0x00000000
[inst #2499] lw x7,4(x7)
Register Write to Reg: 0x07 Val: 0x00000000
[inst #2500] addi x0,x0,0
Register Write to Reg: 0x00 Val: 0x00000000
[inst #2501] addi x0,x0,0
Register Write to Reg: 0x00 Val: 0x00000000
[inst #2502] addi x0,x0,0
Register Write to Reg: 0x00 Val: 0x00000000
[inst #2503] slti x7,x7,4
Register Write to Reg: 0x07 Val: 0x00000001
[inst #2504] addi x0,x0,0
Register Write to Reg: 0x00 Val: 0x00000000
[inst #2505] addi x0,x0,0
Register Write to Reg: 0x00 Val: 0x00000000
[inst #2506] addi x0,x0,0
Register Write to Reg: 0x00 Val: 0x00000000
[inst #2507] beq x7,x0,24
[inst #2508] addi x0,x0,0
Register Write to Reg: 0x00 Val: 0x00000000
[inst #2509] addi x0,x0,0
Register Write to Reg: 0x00 Val: 0x00000000
[inst #2510] jal x0,-336
Register Write to Reg: 0x00 Val: 0x00400824
[inst #2511] lw x7,32(x8)
Register Write to Reg: 0x07 Val: 0x10010F64
[inst #2512] addi x0,x0,0
Register Write to Reg: 0x00 Val: 0x00000000
[inst #2513] addi x0,x0,0
Register Write to Reg: 0x00 Val: 0x00000000
[inst #2514] addi x0,x0,0
Register Write to Reg: 0x00 Val: 0x00000000
[inst #2515] lw x28,0(x7)
Register Write to Reg: 0x1C Val: 0x00000002
[inst #2516] addi x0,x0,0
Register Write to Reg: 0x00 Val: 0x00000000
[inst #2517] addi x0,x0,0
Register Write to Reg: 0x00 Val: 0x00000000
[inst #2518] addi x0,x0,0
Register Write to Reg: 0x00 Val: 0x00000000
[inst #2519] lw x7,32(x8)
Register Write to Reg: 0x07 Val: 0x10010F64
[inst #2520] addi x0,x0,0
Register Write to Reg: 0x00 Val: 0x00000000
[inst #2521] addi x0,x0,0
Register Write to Reg: 0x00 Val: 0x00000000
[inst #2522] addi x0,x0,0
Register Write to Reg: 0x00 Val: 0x00000000
[inst #2523] lw x7,4(x7)
Register Write to Reg: 0x07 Val: 0x00000000
[inst #2524] addi x0,x0,0
Register Write to Reg: 0x00 Val: 0x00000000
[inst #2525] addi x0,x0,0
Register Write to Reg: 0x00 Val: 0x00000000
[inst #2526] addi x0,x0,0
Register Write to Reg: 0x00 Val: 0x00000000
[inst #2527] add x30,x0,x7
Register Write to Reg: 0x1E Val: 0x00000000
[inst #2528] add x29,x0,x28
Register Write to Reg: 0x1D Val: 0x00000002
[inst #2529] addi x0,x0,0
Register Write to Reg: 0x00 Val: 0x00000000
[inst #2530] addi x0,x0,0
Register Write to Reg: 0x00 Val: 0x00000000
[inst #2531] addi x0,x0,0
Register Write to Reg: 0x00 Val: 0x00000000
[inst #2532] auipc x1,0
Register Write to Reg: 0x01 Val: 0x00400724
[inst #2533] sll x0,x0,x0
Register Write to Reg: 0x00 Val: 0x00000000
[inst #2534] sll x0,x0,x0
Register Write to Reg: 0x00 Val: 0x00000000
[inst #2535] sll x0,x0,x0
Register Write to Reg: 0x00 Val: 0x00000000
[inst #2536] addi x1,x1,32
Register Write to Reg: 0x01 Val: 0x00400744
[inst #2537] jal x0,308
Register Write to Reg: 0x00 Val: 0x0040073C
[inst #2538] addi x2,x2,-32
Register Write to Reg: 0x02 Val: 0x10010F08
[inst #2539] addi x0,x0,0
Register Write to Reg: 0x00 Val: 0x00000000
[inst #2540] addi x0,x0,0
Register Write to Reg: 0x00 Val: 0x00000000
[inst #2541] addi x0,x0,0
Register Write to Reg: 0x00 Val: 0x00000000
[inst #2542] sw x8,28(x2)
Memory Write to Addr: 0x10010F24 Val: 0x10010F28
[inst #2543] addi x0,x0,0
Register Write to Reg: 0x00 Val: 0x00000000
[inst #2544] addi x0,x0,0
Register Write to Reg: 0x00 Val: 0x00000000
[inst #2545] addi x0,x0,0
Register Write to Reg: 0x00 Val: 0x00000000
[inst #2546] add x8,x0,x2
Register Write to Reg: 0x08 Val: 0x10010F08
[inst #2547] addi x0,x0,0
Register Write to Reg: 0x00 Val: 0x00000000
[inst #2548] addi x0,x0,0
Register Write to Reg: 0x00 Val: 0x00000000
[inst #2549] addi x0,x0,0
Register Write to Reg: 0x00 Val: 0x00000000
[inst #2550] sw x29,32(x8)
Memory Write to Addr: 0x10010F28 Val: 0x00000002
[inst #2551] sw x30,36(x8)
Memory Write to Addr: 0x10010F2C Val: 0x00000000
[inst #2552] lui x7,65552
Register Write to Reg: 0x07 Val: 0x10010000
[inst #2553] addi x0,x0,0
Register Write to Reg: 0x00 Val: 0x00000000
[inst #2554] addi x0,x0,0
Register Write to Reg: 0x00 Val: 0x00000000
[inst #2555] addi x0,x0,0
Register Write to Reg: 0x00 Val: 0x00000000
[inst #2556] addi x7,x7,8
Register Write to Reg: 0x07 Val: 0x10010008
[inst #2557] lw x28,32(x8)
Register Write to Reg: 0x1C Val: 0x00000002
[inst #2558] addi x0,x0,0
Register Write to Reg: 0x00 Val: 0x00000000
[inst #2559] addi x0,x0,0
Register Write to Reg: 0x00 Val: 0x00000000
[inst #2560] addi x0,x0,0
Register Write to Reg: 0x00 Val: 0x00000000
[inst #2561] slli x28,x28,2
Register Write to Reg: 0x1C Val: 0x00000008
[inst #2562] addi x0,x0,0
Register Write to Reg: 0x00 Val: 0x00000000
[inst #2563] addi x0,x0,0
Register Write to Reg: 0x00 Val: 0x00000000
[inst #2564] addi x0,x0,0
Register Write to Reg: 0x00 Val: 0x00000000
[inst #2565] add x7,x28,x7
Register Write to Reg: 0x07 Val: 0x10010010
[inst #2566] addi x0,x0,0
Register Write to Reg: 0x00 Val: 0x00000000
[inst #2567] addi x0,x0,0
Register Write to Reg: 0x00 Val: 0x00000000
[inst #2568] addi x0,x0,0
Register Write to Reg: 0x00 Val: 0x00000000
[inst #2569] lw x7,0(x7)
Register Write to Reg: 0x07 Val: 0x64636261
[inst #2570] addi x0,x0,0
Register Write to Reg: 0x00 Val: 0x00000000
[inst #2571] addi x0,x0,0
Register Write to Reg: 0x00 Val: 0x00000000
[inst #2572] addi x0,x0,0
Register Write to Reg: 0x00 Val: 0x00000000
[inst #2573] sw x7,16(x8)
Memory Write to Addr: 0x10010F18 Val: 0x64636261
[inst #2574] addi x7,x0,1
Register Write to Reg: 0x07 Val: 0x00000001
[inst #2575] addi x0,x0,0
Register Write to Reg: 0x00 Val: 0x00000000
[inst #2576] addi x0,x0,0
Register Write to Reg: 0x00 Val: 0x00000000
[inst #2577] addi x0,x0,0
Register Write to Reg: 0x00 Val: 0x00000000
[inst #2578] sw x7,8(x8)
Memory Write to Addr: 0x10010F10 Val: 0x00000001
[inst #2579] sw x0,12(x8)
Memory Write to Addr: 0x10010F14 Val: 0x00000000
[inst #2580] jal x0,84
Register Write to Reg: 0x00 Val: 0x00400918
[inst #2581] lw x28,12(x8)
Register Write to Reg: 0x1C Val: 0x00000000
[inst #2582] lw x7,36(x8)
Register Write to Reg: 0x07 Val: 0x00000000
[inst #2583] addi x0,x0,0
Register Write to Reg: 0x00 Val: 0x00000000
[inst #2584] addi x0,x0,0
Register Write to Reg: 0x00 Val: 0x00000000
[inst #2585] addi x0,x0,0
Register Write to Reg: 0x00 Val: 0x00000000
[inst #2586] slt x7,x28,x7
Register Write to Reg: 0x07 Val: 0x00000000
[inst #2587] addi x0,x0,0
Register Write to Reg: 0x00 Val: 0x00000000
[inst #2588] addi x0,x0,0
Register Write to Reg: 0x00 Val: 0x00000000
[inst #2589] addi x0,x0,0
Register Write to Reg: 0x00 Val: 0x00000000
[inst #2590] beq x7,x0,24
[inst #2591] lw x28,8(x8)
Register Write to Reg: 0x1C Val: 0x00000001
[inst #2592] lw x7,16(x8)
Register Write to Reg: 0x07 Val: 0x64636261
[inst #2593] addi x0,x0,0
Register Write to Reg: 0x00 Val: 0x00000000
[inst #2594] addi x0,x0,0
Register Write to Reg: 0x00 Val: 0x00000000
[inst #2595] addi x0,x0,0
Register Write to Reg: 0x00 Val: 0x00000000
[inst #2596] and x7,x28,x7
Register Write to Reg: 0x07 Val: 0x00000001
[inst #2597] addi x0,x0,0
Register Write to Reg: 0x00 Val: 0x00000000
[inst #2598] addi x0,x0,0
Register Write to Reg: 0x00 Val: 0x00000000
[inst #2599] addi x0,x0,0
Register Write to Reg: 0x00 Val: 0x00000000
[inst #2600] slt x7,x0,x7
Register Write to Reg: 0x07 Val: 0x00000001
[inst #2601] addi x0,x0,0
Register Write to Reg: 0x00 Val: 0x00000000
[inst #2602] addi x0,x0,0
Register Write to Reg: 0x00 Val: 0x00000000
[inst #2603] addi x0,x0,0
Register Write to Reg: 0x00 Val: 0x00000000
[inst #2604] andi x7,x7,255
Register Write to Reg: 0x07 Val: 0x00000001
[inst #2605] addi x0,x0,0
Register Write to Reg: 0x00 Val: 0x00000000
[inst #2606] addi x0,x0,0
Register Write to Reg: 0x00 Val: 0x00000000
[inst #2607] addi x0,x0,0
Register Write to Reg: 0x00 Val: 0x00000000
[inst #2608] add x2,x0,x8
Register Write to Reg: 0x02 Val: 0x10010F08
[inst #2609] addi x0,x0,0
Register Write to Reg: 0x00 Val: 0x00000000
[inst #2610] addi x0,x0,0
Register Write to Reg: 0x00 Val: 0x00000000
[inst #2611] addi x0,x0,0
Register Write to Reg: 0x00 Val: 0x00000000
[inst #2612] lw x8,28(x2)
Register Write to Reg: 0x08 Val: 0x10010F28
[inst #2613] addi x0,x0,0
Register Write to Reg: 0x00 Val: 0x00000000
[inst #2614] addi x0,x0,0
Register Write to Reg: 0x00 Val: 0x00000000
[inst #2615] addi x0,x0,0
Register Write to Reg: 0x00 Val: 0x00000000
[inst #2616] addi x2,x2,32
Register Write to Reg: 0x02 Val: 0x10010F28
[inst #2617] addi x0,x0,0
Register Write to Reg: 0x00 Val: 0x00000000
[inst #2618] addi x0,x0,0
Register Write to Reg: 0x00 Val: 0x00000000
[inst #2619] jalr x0,x1,0
Register Write to Reg: 0x00 Val: 0x00400A18
[inst #2620] beq x7,x0,92
[inst #2621] addi x0,x0,0
Register Write to Reg: 0x00 Val: 0x00000000
[inst #2622] addi x0,x0,0
Register Write to Reg: 0x00 Val: 0x00000000
[inst #2623] lw x7,32(x8)
Register Write to Reg: 0x07 Val: 0x10010F64
[inst #2624] addi x0,x0,0
Register Write to Reg: 0x00 Val: 0x00000000
[inst #2625] addi x0,x0,0
Register Write to Reg: 0x00 Val: 0x00000000
[inst #2626] addi x0,x0,0
Register Write to Reg: 0x00 Val: 0x00000000
[inst #2627] lw x7,4(x7)
Register Write to Reg: 0x07 Val: 0x00000000
[inst #2628] addi x0,x0,0
Register Write to Reg: 0x00 Val: 0x00000000
[inst #2629] addi x0,x0,0
Register Write to Reg: 0x00 Val: 0x00000000
[inst #2630] addi x0,x0,0
Register Write to Reg: 0x00 Val: 0x00000000
[inst #2631] addi x29,x7,1
Register Write to Reg: 0x1D Val: 0x00000001
[inst #2632] addi x0,x0,0
Register Write to Reg: 0x00 Val: 0x00000000
[inst #2633] addi x0,x0,0
Register Write to Reg: 0x00 Val: 0x00000000
[inst #2634] addi x0,x0,0
Register Write to Reg: 0x00 Val: 0x00000000
[inst #2635] lw x28,32(x8)
Register Write to Reg: 0x1C Val: 0x10010F64
[inst #2636] addi x0,x0,0
Register Write to Reg: 0x00 Val: 0x00000000
[inst #2637] addi x0,x0,0
Register Write to Reg: 0x00 Val: 0x00000000
[inst #2638] addi x0,x0,0
Register Write to Reg: 0x00 Val: 0x00000000
[inst #2639] sw x29,4(x28)
Memory Write to Addr: 0x10010F68 Val: 0x00000001
[inst #2640] jal x0,156
Register Write to Reg: 0x00 Val: 0x00400798
[inst #2641] add x2,x0,x8
Register Write to Reg: 0x02 Val: 0x10010F28
[inst #2642] addi x0,x0,0
Register Write to Reg: 0x00 Val: 0x00000000
[inst #2643] addi x0,x0,0
Register Write to Reg: 0x00 Val: 0x00000000
[inst #2644] addi x0,x0,0
Register Write to Reg: 0x00 Val: 0x00000000
[inst #2645] lw x1,28(x2)
Register Write to Reg: 0x01 Val: 0x004005C0
[inst #2646] lw x8,24(x2)
Register Write to Reg: 0x08 Val: 0x10010F48
[inst #2647] addi x0,x0,0
Register Write to Reg: 0x00 Val: 0x00000000
[inst #2648] addi x0,x0,0
Register Write to Reg: 0x00 Val: 0x00000000
[inst #2649] addi x0,x0,0
Register Write to Reg: 0x00 Val: 0x00000000
[inst #2650] addi x2,x2,32
Register Write to Reg: 0x02 Val: 0x10010F48
[inst #2651] addi x0,x0,0
Register Write to Reg: 0x00 Val: 0x00000000
[inst #2652] addi x0,x0,0
Register Write to Reg: 0x00 Val: 0x00000000
[inst #2653] jalr x0,x1,0
Register Write to Reg: 0x00 Val: 0x00400864
[inst #2654] sw x7,24(x8)
Memory Write to Addr: 0x10010F60 Val: 0x00000000
[inst #2655] jal x0,-720
Register Write to Reg: 0x00 Val: 0x004005C8
[inst #2656] lw x28,24(x8)
Register Write to Reg: 0x1C Val: 0x00000000
[inst #2657] addi x0,x0,0
Register Write to Reg: 0x00 Val: 0x00000000
[inst #2658] addi x0,x0,0
Register Write to Reg: 0x00 Val: 0x00000000
[inst #2659] addi x0,x0,0
Register Write to Reg: 0x00 Val: 0x00000000
[inst #2660] addi x7,x0,-1
Register Write to Reg: 0x07 Val: 0xFFFFFFFF
[inst #2661] addi x0,x0,0
Register Write to Reg: 0x00 Val: 0x00000000
[inst #2662] addi x0,x0,0
Register Write to Reg: 0x00 Val: 0x00000000
[inst #2663] addi x0,x0,0
Register Write to Reg: 0x00 Val: 0x00000000
[inst #2664] beq x28,x7,24
[inst #2665] addi x0,x0,0
Register Write to Reg: 0x00 Val: 0x00000000
[inst #2666] addi x0,x0,0
Register Write to Reg: 0x00 Val: 0x00000000
[inst #2667] jal x0,-252
Register Write to Reg: 0x00 Val: 0x00400324
[inst #2668] lw x29,24(x8)
Register Write to Reg: 0x1D Val: 0x00000000
[inst #2669] addi x0,x0,0
Register Write to Reg: 0x00 Val: 0x00000000
[inst #2670] addi x0,x0,0
Register Write to Reg: 0x00 Val: 0x00000000
[inst #2671] addi x0,x0,0
Register Write to Reg: 0x00 Val: 0x00000000
[inst #2672] auipc x1,0
Register Write to Reg: 0x01 Val: 0x00400234
[inst #2673] sll x0,x0,x0
Register Write to Reg: 0x00 Val: 0x00000000
[inst #2674] sll x0,x0,x0
Register Write to Reg: 0x00 Val: 0x00000000
[inst #2675] sll x0,x0,x0
Register Write to Reg: 0x00 Val: 0x00000000
[inst #2676] addi x1,x1,32
Register Write to Reg: 0x01 Val: 0x00400254
[inst #2677] jal x0,2404
Register Write to Reg: 0x00 Val: 0x0040024C
[inst #2678] addi x2,x2,-32
Register Write to Reg: 0x02 Val: 0x10010F28
[inst #2679] addi x0,x0,0
Register Write to Reg: 0x00 Val: 0x00000000
[inst #2680] addi x0,x0,0
Register Write to Reg: 0x00 Val: 0x00000000
[inst #2681] addi x0,x0,0
Register Write to Reg: 0x00 Val: 0x00000000
[inst #2682] sw x8,28(x2)
Memory Write to Addr: 0x10010F44 Val: 0x10010F48
[inst #2683] addi x0,x0,0
Register Write to Reg: 0x00 Val: 0x00000000
[inst #2684] addi x0,x0,0
Register Write to Reg: 0x00 Val: 0x00000000
[inst #2685] addi x0,x0,0
Register Write to Reg: 0x00 Val: 0x00000000
[inst #2686] add x8,x0,x2
Register Write to Reg: 0x08 Val: 0x10010F28
[inst #2687] addi x0,x0,0
Register Write to Reg: 0x00 Val: 0x00000000
[inst #2688] addi x0,x0,0
Register Write to Reg: 0x00 Val: 0x00000000
[inst #2689] addi x0,x0,0
Register Write to Reg: 0x00 Val: 0x00000000
[inst #2690] sw x29,32(x8)
Memory Write to Addr: 0x10010F48 Val: 0x00000000
[inst #2691] ori x7,x0,1
Register Write to Reg: 0x07 Val: 0x00000001
[inst #2692] addi x0,x0,0
Register Write to Reg: 0x00 Val: 0x00000000
[inst #2693] addi x0,x0,0
Register Write to Reg: 0x00 Val: 0x00000000
[inst #2694] addi x0,x0,0
Register Write to Reg: 0x00 Val: 0x00000000
[inst #2695] sw x7,8(x8)
Memory Write to Addr: 0x10010F30 Val: 0x00000001
[inst #2696] sw x0,12(x8)
Memory Write to Addr: 0x10010F34 Val: 0x00000000
[inst #2697] jal x0,84
Register Write to Reg: 0x00 Val: 0x00400BFC
[inst #2698] lw x28,12(x8)
Register Write to Reg: 0x1C Val: 0x00000000
[inst #2699] lw x7,32(x8)
Register Write to Reg: 0x07 Val: 0x00000000
[inst #2700] addi x0,x0,0
Register Write to Reg: 0x00 Val: 0x00000000
[inst #2701] addi x0,x0,0
Register Write to Reg: 0x00 Val: 0x00000000
[inst #2702] addi x0,x0,0
Register Write to Reg: 0x00 Val: 0x00000000
[inst #2703] slt x7,x28,x7
Register Write to Reg: 0x07 Val: 0x00000000
[inst #2704] addi x0,x0,0
Register Write to Reg: 0x00 Val: 0x00000000
[inst #2705] addi x0,x0,0
Register Write to Reg: 0x00 Val: 0x00000000
[inst #2706] addi x0,x0,0
Register Write to Reg: 0x00 Val: 0x00000000
[inst #2707] beq x7,x0,24
[inst #2708] lui x7,65552
Register Write to Reg: 0x07 Val: 0x10010000
[inst #2709] addi x0,x0,0
Register Write to Reg: 0x00 Val: 0x00000000
[inst #2710] addi x0,x0,0
Register Write to Reg: 0x00 Val: 0x00000000
[inst #2711] addi x0,x0,0
Register Write to Reg: 0x00 Val: 0x00000000
[inst #2712] addi x7,x7,36
Register Write to Reg: 0x07 Val: 0x10010024
[inst #2713] addi x0,x0,0
Register Write to Reg: 0x00 Val: 0x00000000
[inst #2714] addi x0,x0,0
Register Write to Reg: 0x00 Val: 0x00000000
[inst #2715] addi x0,x0,0
Register Write to Reg: 0x00 Val: 0x00000000
[inst #2716] lw x7,0(x7)
Register Write to Reg: 0x07 Val: 0x00010101
[inst #2717] addi x0,x0,0
Register Write to Reg: 0x00 Val: 0x00000000
[inst #2718] addi x0,x0,0
Register Write to Reg: 0x00 Val: 0x00000000
[inst #2719] addi x0,x0,0
Register Write to Reg: 0x00 Val: 0x00000000
[inst #2720] sw x7,16(x8)
Memory Write to Addr: 0x10010F38 Val: 0x00010101
[inst #2721] lw x28,16(x8)
Register Write to Reg: 0x1C Val: 0x00010101
[inst #2722] addi x0,x0,0
Register Write to Reg: 0x00 Val: 0x00000000
[inst #2723] addi x0,x0,0
Register Write to Reg: 0x00 Val: 0x00000000
[inst #2724] addi x0,x0,0
Register Write to Reg: 0x00 Val: 0x00000000
[inst #2725] lw x7,8(x8)
Register Write to Reg: 0x07 Val: 0x00000001
[inst #2726] addi x0,x0,0
Register Write to Reg: 0x00 Val: 0x00000000
[inst #2727] addi x0,x0,0
Register Write to Reg: 0x00 Val: 0x00000000
[inst #2728] addi x0,x0,0
Register Write to Reg: 0x00 Val: 0x00000000
[inst #2729] and x7,x28,x7
Register Write to Reg: 0x07 Val: 0x00000001
[inst #2730] addi x0,x0,0
Register Write to Reg: 0x00 Val: 0x00000000
[inst #2731] addi x0,x0,0
Register Write to Reg: 0x00 Val: 0x00000000
[inst #2732] addi x0,x0,0
Register Write to Reg: 0x00 Val: 0x00000000
[inst #2733] slt x7,x0,x7
Register Write to Reg: 0x07 Val: 0x00000001
[inst #2734] addi x0,x0,0
Register Write to Reg: 0x00 Val: 0x00000000
[inst #2735] addi x0,x0,0
Register Write to Reg: 0x00 Val: 0x00000000
[inst #2736] addi x0,x0,0
Register Write to Reg: 0x00 Val: 0x00000000
[inst #2737] andi x7,x7,255
Register Write to Reg: 0x07 Val: 0x00000001
[inst #2738] addi x0,x0,0
Register Write to Reg: 0x00 Val: 0x00000000
[inst #2739] addi x0,x0,0
Register Write to Reg: 0x00 Val: 0x00000000
[inst #2740] addi x0,x0,0
Register Write to Reg: 0x00 Val: 0x00000000
[inst #2741] add x2,x0,x8
Register Write to Reg: 0x02 Val: 0x10010F28
[inst #2742] addi x0,x0,0
Register Write to Reg: 0x00 Val: 0x00000000
[inst #2743] addi x0,x0,0
Register Write to Reg: 0x00 Val: 0x00000000
[inst #2744] addi x0,x0,0
Register Write to Reg: 0x00 Val: 0x00000000
[inst #2745] lw x8,28(x2)
Register Write to Reg: 0x08 Val: 0x10010F48
[inst #2746] addi x0,x0,0
Register Write to Reg: 0x00 Val: 0x00000000
[inst #2747] addi x0,x0,0
Register Write to Reg: 0x00 Val: 0x00000000
[inst #2748] addi x0,x0,0
Register Write to Reg: 0x00 Val: 0x00000000
[inst #2749] addi x2,x2,32
Register Write to Reg: 0x02 Val: 0x10010F48
[inst #2750] addi x0,x0,0
Register Write to Reg: 0x00 Val: 0x00000000
[inst #2751] addi x0,x0,0
Register Write to Reg: 0x00 Val: 0x00000000
[inst #2752] jalr x0,x1,0
Register Write to Reg: 0x00 Val: 0x00400D3C
[inst #2753] xori x7,x7,1
Register Write to Reg: 0x07 Val: 0x00000000
[inst #2754] addi x0,x0,0
Register Write to Reg: 0x00 Val: 0x00000000
[inst #2755] addi x0,x0,0
Register Write to Reg: 0x00 Val: 0x00000000
[inst #2756] addi x0,x0,0
Register Write to Reg: 0x00 Val: 0x00000000
[inst #2757] andi x7,x7,255
Register Write to Reg: 0x07 Val: 0x00000000
[inst #2758] addi x0,x0,0
Register Write to Reg: 0x00 Val: 0x00000000
[inst #2759] addi x0,x0,0
Register Write to Reg: 0x00 Val: 0x00000000
[inst #2760] addi x0,x0,0
Register Write to Reg: 0x00 Val: 0x00000000
[inst #2761] beq x7,x0,60
[inst #2762] addi x7,x8,28
Register Write to Reg: 0x07 Val: 0x10010F64
[inst #2763] addi x0,x0,0
Register Write to Reg: 0x00 Val: 0x00000000
[inst #2764] addi x0,x0,0
Register Write to Reg: 0x00 Val: 0x00000000
[inst #2765] addi x0,x0,0
Register Write to Reg: 0x00 Val: 0x00000000
[inst #2766] add x29,x0,x7
Register Write to Reg: 0x1D Val: 0x10010F64
[inst #2767] addi x0,x0,0
Register Write to Reg: 0x00 Val: 0x00000000
[inst #2768] addi x0,x0,0
Register Write to Reg: 0x00 Val: 0x00000000
[inst #2769] addi x0,x0,0
Register Write to Reg: 0x00 Val: 0x00000000
[inst #2770] auipc x1,0
Register Write to Reg: 0x01 Val: 0x004002D0
[inst #2771] sll x0,x0,x0
Register Write to Reg: 0x00 Val: 0x00000000
[inst #2772] sll x0,x0,x0
Register Write to Reg: 0x00 Val: 0x00000000
[inst #2773] sll x0,x0,x0
Register Write to Reg: 0x00 Val: 0x00000000
[inst #2774] addi x1,x1,32
Register Write to Reg: 0x01 Val: 0x004002F0
[inst #2775] jal x0,936
Register Write to Reg: 0x00 Val: 0x004002E8
[inst #2776] addi x2,x2,-32
Register Write to Reg: 0x02 Val: 0x10010F28
[inst #2777] addi x0,x0,0
Register Write to Reg: 0x00 Val: 0x00000000
[inst #2778] addi x0,x0,0
Register Write to Reg: 0x00 Val: 0x00000000
[inst #2779] addi x0,x0,0
Register Write to Reg: 0x00 Val: 0x00000000
[inst #2780] sw x1,28(x2)
Memory Write to Addr: 0x10010F44 Val: 0x004002F0
[inst #2781] sw x8,24(x2)
Memory Write to Addr: 0x10010F40 Val: 0x10010F48
[inst #2782] addi x0,x0,0
Register Write to Reg: 0x00 Val: 0x00000000
[inst #2783] addi x0,x0,0
Register Write to Reg: 0x00 Val: 0x00000000
[inst #2784] addi x0,x0,0
Register Write to Reg: 0x00 Val: 0x00000000
[inst #2785] add x8,x0,x2
Register Write to Reg: 0x08 Val: 0x10010F28
[inst #2786] addi x0,x0,0
Register Write to Reg: 0x00 Val: 0x00000000
[inst #2787] addi x0,x0,0
Register Write to Reg: 0x00 Val: 0x00000000
[inst #2788] addi x0,x0,0
Register Write to Reg: 0x00 Val: 0x00000000
[inst #2789] sw x29,32(x8)
Memory Write to Addr: 0x10010F48 Val: 0x10010F64
[inst #2790] jal x0,288
Register Write to Reg: 0x00 Val: 0x004006C8
[inst #2791] lw x7,32(x8)
Register Write to Reg: 0x07 Val: 0x10010F64
[inst #2792] addi x0,x0,0
Register Write to Reg: 0x00 Val: 0x00000000
[inst #2793] addi x0,x0,0
Register Write to Reg: 0x00 Val: 0x00000000
[inst #2794] addi x0,x0,0
Register Write to Reg: 0x00 Val: 0x00000000
[inst #2795] lw x7,4(x7)
Register Write to Reg: 0x07 Val: 0x00000001
[inst #2796] addi x0,x0,0
Register Write to Reg: 0x00 Val: 0x00000000
[inst #2797] addi x0,x0,0
Register Write to Reg: 0x00 Val: 0x00000000
[inst #2798] addi x0,x0,0
Register Write to Reg: 0x00 Val: 0x00000000
[inst #2799] slti x7,x7,4
Register Write to Reg: 0x07 Val: 0x00000001
[inst #2800] addi x0,x0,0
Register Write to Reg: 0x00 Val: 0x00000000
[inst #2801] addi x0,x0,0
Register Write to Reg: 0x00 Val: 0x00000000
[inst #2802] addi x0,x0,0
Register Write to Reg: 0x00 Val: 0x00000000
[inst #2803] beq x7,x0,24
[inst #2804] addi x0,x0,0
Register Write to Reg: 0x00 Val: 0x00000000
[inst #2805] addi x0,x0,0
Register Write to Reg: 0x00 Val: 0x00000000
[inst #2806] jal x0,-336
Register Write to Reg: 0x00 Val: 0x00400824
[inst #2807] lw x7,32(x8)
Register Write to Reg: 0x07 Val: 0x10010F64
[inst #2808] addi x0,x0,0
Register Write to Reg: 0x00 Val: 0x00000000
[inst #2809] addi x0,x0,0
Register Write to Reg: 0x00 Val: 0x00000000
[inst #2810] addi x0,x0,0
Register Write to Reg: 0x00 Val: 0x00000000
[inst #2811] lw x28,0(x7)
Register Write to Reg: 0x1C Val: 0x00000002
[inst #2812] addi x0,x0,0
Register Write to Reg: 0x00 Val: 0x00000000
[inst #2813] addi x0,x0,0
Register Write to Reg: 0x00 Val: 0x00000000
[inst #2814] addi x0,x0,0
Register Write to Reg: 0x00 Val: 0x00000000
[inst #2815] lw x7,32(x8)
Register Write to Reg: 0x07 Val: 0x10010F64
[inst #2816] addi x0,x0,0
Register Write to Reg: 0x00 Val: 0x00000000
[inst #2817] addi x0,x0,0
Register Write to Reg: 0x00 Val: 0x00000000
[inst #2818] addi x0,x0,0
Register Write to Reg: 0x00 Val: 0x00000000
[inst #2819] lw x7,4(x7)
Register Write to Reg: 0x07 Val: 0x00000001
[inst #2820] addi x0,x0,0
Register Write to Reg: 0x00 Val: 0x00000000
[inst #2821] addi x0,x0,0
Register Write to Reg: 0x00 Val: 0x00000000
[inst #2822] addi x0,x0,0
Register Write to Reg: 0x00 Val: 0x00000000
[inst #2823] add x30,x0,x7
Register Write to Reg: 0x1E Val: 0x00000001
[inst #2824] add x29,x0,x28
Register Write to Reg: 0x1D Val: 0x00000002
[inst #2825] addi x0,x0,0
Register Write to Reg: 0x00 Val: 0x00000000
[inst #2826] addi x0,x0,0
Register Write to Reg: 0x00 Val: 0x00000000
[inst #2827] addi x0,x0,0
Register Write to Reg: 0x00 Val: 0x00000000
[inst #2828] auipc x1,0
Register Write to Reg: 0x01 Val: 0x00400724
[inst #2829] sll x0,x0,x0
Register Write to Reg: 0x00 Val: 0x00000000
[inst #2830] sll x0,x0,x0
Register Write to Reg: 0x00 Val: 0x00000000
[inst #2831] sll x0,x0,x0
Register Write to Reg: 0x00 Val: 0x00000000
[inst #2832] addi x1,x1,32
Register Write to Reg: 0x01 Val: 0x00400744
[inst #2833] jal x0,308
Register Write to Reg: 0x00 Val: 0x0040073C
[inst #2834] addi x2,x2,-32
Register Write to Reg: 0x02 Val: 0x10010F08
[inst #2835] addi x0,x0,0
Register Write to Reg: 0x00 Val: 0x00000000
[inst #2836] addi x0,x0,0
Register Write to Reg: 0x00 Val: 0x00000000
[inst #2837] addi x0,x0,0
Register Write to Reg: 0x00 Val: 0x00000000
[inst #2838] sw x8,28(x2)
Memory Write to Addr: 0x10010F24 Val: 0x10010F28
[inst #2839] addi x0,x0,0
Register Write to Reg: 0x00 Val: 0x00000000
[inst #2840] addi x0,x0,0
Register Write to Reg: 0x00 Val: 0x00000000
[inst #2841] addi x0,x0,0
Register Write to Reg: 0x00 Val: 0x00000000
[inst #2842] add x8,x0,x2
Register Write to Reg: 0x08 Val: 0x10010F08
[inst #2843] addi x0,x0,0
Register Write to Reg: 0x00 Val: 0x00000000
[inst #2844] addi x0,x0,0
Register Write to Reg: 0x00 Val: 0x00000000
[inst #2845] addi x0,x0,0
Register Write to Reg: 0x00 Val: 0x00000000
[inst #2846] sw x29,32(x8)
Memory Write to Addr: 0x10010F28 Val: 0x00000002
[inst #2847] sw x30,36(x8)
Memory Write to Addr: 0x10010F2C Val: 0x00000001
[inst #2848] lui x7,65552
Register Write to Reg: 0x07 Val: 0x10010000
[inst #2849] addi x0,x0,0
Register Write to Reg: 0x00 Val: 0x00000000
[inst #2850] addi x0,x0,0
Register Write to Reg: 0x00 Val: 0x00000000
[inst #2851] addi x0,x0,0
Register Write to Reg: 0x00 Val: 0x00000000
[inst #2852] addi x7,x7,8
Register Write to Reg: 0x07 Val: 0x10010008
[inst #2853] lw x28,32(x8)
Register Write to Reg: 0x1C Val: 0x00000002
[inst #2854] addi x0,x0,0
Register Write to Reg: 0x00 Val: 0x00000000
[inst #2855] addi x0,x0,0
Register Write to Reg: 0x00 Val: 0x00000000
[inst #2856] addi x0,x0,0
Register Write to Reg: 0x00 Val: 0x00000000
[inst #2857] slli x28,x28,2
Register Write to Reg: 0x1C Val: 0x00000008
[inst #2858] addi x0,x0,0
Register Write to Reg: 0x00 Val: 0x00000000
[inst #2859] addi x0,x0,0
Register Write to Reg: 0x00 Val: 0x00000000
[inst #2860] addi x0,x0,0
Register Write to Reg: 0x00 Val: 0x00000000
[inst #2861] add x7,x28,x7
Register Write to Reg: 0x07 Val: 0x10010010
[inst #2862] addi x0,x0,0
Register Write to Reg: 0x00 Val: 0x00000000
[inst #2863] addi x0,x0,0
Register Write to Reg: 0x00 Val: 0x00000000
[inst #2864] addi x0,x0,0
Register Write to Reg: 0x00 Val: 0x00000000
[inst #2865] lw x7,0(x7)
Register Write to Reg: 0x07 Val: 0x64636261
[inst #2866] addi x0,x0,0
Register Write to Reg: 0x00 Val: 0x00000000
[inst #2867] addi x0,x0,0
Register Write to Reg: 0x00 Val: 0x00000000
[inst #2868] addi x0,x0,0
Register Write to Reg: 0x00 Val: 0x00000000
[inst #2869] sw x7,16(x8)
Memory Write to Addr: 0x10010F18 Val: 0x64636261
[inst #2870] addi x7,x0,1
Register Write to Reg: 0x07 Val: 0x00000001
[inst #2871] addi x0,x0,0
Register Write to Reg: 0x00 Val: 0x00000000
[inst #2872] addi x0,x0,0
Register Write to Reg: 0x00 Val: 0x00000000
[inst #2873] addi x0,x0,0
Register Write to Reg: 0x00 Val: 0x00000000
[inst #2874] sw x7,8(x8)
Memory Write to Addr: 0x10010F10 Val: 0x00000001
[inst #2875] sw x0,12(x8)
Memory Write to Addr: 0x10010F14 Val: 0x00000000
[inst #2876] jal x0,84
Register Write to Reg: 0x00 Val: 0x00400918
[inst #2877] lw x28,12(x8)
Register Write to Reg: 0x1C Val: 0x00000000
[inst #2878] lw x7,36(x8)
Register Write to Reg: 0x07 Val: 0x00000001
[inst #2879] addi x0,x0,0
Register Write to Reg: 0x00 Val: 0x00000000
[inst #2880] addi x0,x0,0
Register Write to Reg: 0x00 Val: 0x00000000
[inst #2881] addi x0,x0,0
Register Write to Reg: 0x00 Val: 0x00000000
[inst #2882] slt x7,x28,x7
Register Write to Reg: 0x07 Val: 0x00000001
[inst #2883] addi x0,x0,0
Register Write to Reg: 0x00 Val: 0x00000000
[inst #2884] addi x0,x0,0
Register Write to Reg: 0x00 Val: 0x00000000
[inst #2885] addi x0,x0,0
Register Write to Reg: 0x00 Val: 0x00000000
[inst #2886] beq x7,x0,24
[inst #2887] addi x0,x0,0
Register Write to Reg: 0x00 Val: 0x00000000
[inst #2888] addi x0,x0,0
Register Write to Reg: 0x00 Val: 0x00000000
[inst #2889] jal x0,-120
Register Write to Reg: 0x00 Val: 0x0040099C
[inst #2890] lw x7,8(x8)
Register Write to Reg: 0x07 Val: 0x00000001
[inst #2891] addi x0,x0,0
Register Write to Reg: 0x00 Val: 0x00000000
[inst #2892] addi x0,x0,0
Register Write to Reg: 0x00 Val: 0x00000000
[inst #2893] addi x0,x0,0
Register Write to Reg: 0x00 Val: 0x00000000
[inst #2894] slli x7,x7,1
Register Write to Reg: 0x07 Val: 0x00000002
[inst #2895] addi x0,x0,0
Register Write to Reg: 0x00 Val: 0x00000000
[inst #2896] addi x0,x0,0
Register Write to Reg: 0x00 Val: 0x00000000
[inst #2897] addi x0,x0,0
Register Write to Reg: 0x00 Val: 0x00000000
[inst #2898] sw x7,8(x8)
Memory Write to Addr: 0x10010F10 Val: 0x00000002
[inst #2899] lw x7,12(x8)
Register Write to Reg: 0x07 Val: 0x00000000
[inst #2900] addi x0,x0,0
Register Write to Reg: 0x00 Val: 0x00000000
[inst #2901] addi x0,x0,0
Register Write to Reg: 0x00 Val: 0x00000000
[inst #2902] addi x0,x0,0
Register Write to Reg: 0x00 Val: 0x00000000
[inst #2903] addi x7,x7,1
Register Write to Reg: 0x07 Val: 0x00000001
[inst #2904] addi x0,x0,0
Register Write to Reg: 0x00 Val: 0x00000000
[inst #2905] addi x0,x0,0
Register Write to Reg: 0x00 Val: 0x00000000
[inst #2906] addi x0,x0,0
Register Write to Reg: 0x00 Val: 0x00000000
[inst #2907] sw x7,12(x8)
Memory Write to Addr: 0x10010F14 Val: 0x00000001
[inst #2908] lw x28,12(x8)
Register Write to Reg: 0x1C Val: 0x00000001
[inst #2909] lw x7,36(x8)
Register Write to Reg: 0x07 Val: 0x00000001
[inst #2910] addi x0,x0,0
Register Write to Reg: 0x00 Val: 0x00000000
[inst #2911] addi x0,x0,0
Register Write to Reg: 0x00 Val: 0x00000000
[inst #2912] addi x0,x0,0
Register Write to Reg: 0x00 Val: 0x00000000
[inst #2913] slt x7,x28,x7
Register Write to Reg: 0x07 Val: 0x00000000
[inst #2914] addi x0,x0,0
Register Write to Reg: 0x00 Val: 0x00000000
[inst #2915] addi x0,x0,0
Register Write to Reg: 0x00 Val: 0x00000000
[inst #2916] addi x0,x0,0
Register Write to Reg: 0x00 Val: 0x00000000
[inst #2917] beq x7,x0,24
[inst #2918] lw x28,8(x8)
Register Write to Reg: 0x1C Val: 0x00000002
[inst #2919] lw x7,16(x8)
Register Write to Reg: 0x07 Val: 0x64636261
[inst #2920] addi x0,x0,0
Register Write to Reg: 0x00 Val: 0x00000000
[inst #2921] addi x0,x0,0
Register Write to Reg: 0x00 Val: 0x00000000
[inst #2922] addi x0,x0,0
Register Write to Reg: 0x00 Val: 0x00000000
[inst #2923] and x7,x28,x7
Register Write to Reg: 0x07 Val: 0x00000000
[inst #2924] addi x0,x0,0
Register Write to Reg: 0x00 Val: 0x00000000
[inst #2925] addi x0,x0,0
Register Write to Reg: 0x00 Val: 0x00000000
[inst #2926] addi x0,x0,0
Register Write to Reg: 0x00 Val: 0x00000000
[inst #2927] slt x7,x0,x7
Register Write to Reg: 0x07 Val: 0x00000000
[inst #2928] addi x0,x0,0
Register Write to Reg: 0x00 Val: 0x00000000
[inst #2929] addi x0,x0,0
Register Write to Reg: 0x00 Val: 0x00000000
[inst #2930] addi x0,x0,0
Register Write to Reg: 0x00 Val: 0x00000000
[inst #2931] andi x7,x7,255
Register Write to Reg: 0x07 Val: 0x00000000
[inst #2932] addi x0,x0,0
Register Write to Reg: 0x00 Val: 0x00000000
[inst #2933] addi x0,x0,0
Register Write to Reg: 0x00 Val: 0x00000000
[inst #2934] addi x0,x0,0
Register Write to Reg: 0x00 Val: 0x00000000
[inst #2935] add x2,x0,x8
Register Write to Reg: 0x02 Val: 0x10010F08
[inst #2936] addi x0,x0,0
Register Write to Reg: 0x00 Val: 0x00000000
[inst #2937] addi x0,x0,0
Register Write to Reg: 0x00 Val: 0x00000000
[inst #2938] addi x0,x0,0
Register Write to Reg: 0x00 Val: 0x00000000
[inst #2939] lw x8,28(x2)
Register Write to Reg: 0x08 Val: 0x10010F28
[inst #2940] addi x0,x0,0
Register Write to Reg: 0x00 Val: 0x00000000
[inst #2941] addi x0,x0,0
Register Write to Reg: 0x00 Val: 0x00000000
[inst #2942] addi x0,x0,0
Register Write to Reg: 0x00 Val: 0x00000000
[inst #2943] addi x2,x2,32
Register Write to Reg: 0x02 Val: 0x10010F28
[inst #2944] addi x0,x0,0
Register Write to Reg: 0x00 Val: 0x00000000
[inst #2945] addi x0,x0,0
Register Write to Reg: 0x00 Val: 0x00000000
[inst #2946] jalr x0,x1,0
Register Write to Reg: 0x00 Val: 0x00400A18
[inst #2947] beq x7,x0,92
[inst #2948] lw x7,32(x8)
Register Write to Reg: 0x07 Val: 0x10010F64
[inst #2949] addi x0,x0,0
Register Write to Reg: 0x00 Val: 0x00000000
[inst #2950] addi x0,x0,0
Register Write to Reg: 0x00 Val: 0x00000000
[inst #2951] addi x0,x0,0
Register Write to Reg: 0x00 Val: 0x00000000
[inst #2952] lw x7,4(x7)
Register Write to Reg: 0x07 Val: 0x00000001
[inst #2953] addi x0,x0,0
Register Write to Reg: 0x00 Val: 0x00000000
[inst #2954] addi x0,x0,0
Register Write to Reg: 0x00 Val: 0x00000000
[inst #2955] addi x0,x0,0
Register Write to Reg: 0x00 Val: 0x00000000
[inst #2956] addi x28,x7,1
Register Write to Reg: 0x1C Val: 0x00000002
[inst #2957] addi x0,x0,0
Register Write to Reg: 0x00 Val: 0x00000000
[inst #2958] addi x0,x0,0
Register Write to Reg: 0x00 Val: 0x00000000
[inst #2959] addi x0,x0,0
Register Write to Reg: 0x00 Val: 0x00000000
[inst #2960] lw x7,32(x8)
Register Write to Reg: 0x07 Val: 0x10010F64
[inst #2961] addi x0,x0,0
Register Write to Reg: 0x00 Val: 0x00000000
[inst #2962] addi x0,x0,0
Register Write to Reg: 0x00 Val: 0x00000000
[inst #2963] addi x0,x0,0
Register Write to Reg: 0x00 Val: 0x00000000
[inst #2964] sw x28,4(x7)
Memory Write to Addr: 0x10010F68 Val: 0x00000002
[inst #2965] lw x7,32(x8)
Register Write to Reg: 0x07 Val: 0x10010F64
[inst #2966] addi x0,x0,0
Register Write to Reg: 0x00 Val: 0x00000000
[inst #2967] addi x0,x0,0
Register Write to Reg: 0x00 Val: 0x00000000
[inst #2968] addi x0,x0,0
Register Write to Reg: 0x00 Val: 0x00000000
[inst #2969] lw x7,4(x7)
Register Write to Reg: 0x07 Val: 0x00000002
[inst #2970] addi x0,x0,0
Register Write to Reg: 0x00 Val: 0x00000000
[inst #2971] addi x0,x0,0
Register Write to Reg: 0x00 Val: 0x00000000
[inst #2972] addi x0,x0,0
Register Write to Reg: 0x00 Val: 0x00000000
[inst #2973] slti x7,x7,4
Register Write to Reg: 0x07 Val: 0x00000001
[inst #2974] addi x0,x0,0
Register Write to Reg: 0x00 Val: 0x00000000
[inst #2975] addi x0,x0,0
Register Write to Reg: 0x00 Val: 0x00000000
[inst #2976] addi x0,x0,0
Register Write to Reg: 0x00 Val: 0x00000000
[inst #2977] beq x7,x0,24
[inst #2978] addi x0,x0,0
Register Write to Reg: 0x00 Val: 0x00000000
[inst #2979] addi x0,x0,0
Register Write to Reg: 0x00 Val: 0x00000000
[inst #2980] jal x0,-336
Register Write to Reg: 0x00 Val: 0x00400824
[inst #2981] lw x7,32(x8)
Register Write to Reg: 0x07 Val: 0x10010F64
[inst #2982] addi x0,x0,0
Register Write to Reg: 0x00 Val: 0x00000000
[inst #2983] addi x0,x0,0
Register Write to Reg: 0x00 Val: 0x00000000
[inst #2984] addi x0,x0,0
Register Write to Reg: 0x00 Val: 0x00000000
[inst #2985] lw x28,0(x7)
Register Write to Reg: 0x1C Val: 0x00000002
[inst #2986] addi x0,x0,0
Register Write to Reg: 0x00 Val: 0x00000000
[inst #2987] addi x0,x0,0
Register Write to Reg: 0x00 Val: 0x00000000
[inst #2988] addi x0,x0,0
Register Write to Reg: 0x00 Val: 0x00000000
[inst #2989] lw x7,32(x8)
Register Write to Reg: 0x07 Val: 0x10010F64
[inst #2990] addi x0,x0,0
Register Write to Reg: 0x00 Val: 0x00000000
[inst #2991] addi x0,x0,0
Register Write to Reg: 0x00 Val: 0x00000000
[inst #2992] addi x0,x0,0
Register Write to Reg: 0x00 Val: 0x00000000
[inst #2993] lw x7,4(x7)
Register Write to Reg: 0x07 Val: 0x00000002
[inst #2994] addi x0,x0,0
Register Write to Reg: 0x00 Val: 0x00000000
[inst #2995] addi x0,x0,0
Register Write to Reg: 0x00 Val: 0x00000000
[inst #2996] addi x0,x0,0
Register Write to Reg: 0x00 Val: 0x00000000
[inst #2997] add x30,x0,x7
Register Write to Reg: 0x1E Val: 0x00000002
[inst #2998] add x29,x0,x28
Register Write to Reg: 0x1D Val: 0x00000002
[inst #2999] addi x0,x0,0
Register Write to Reg: 0x00 Val: 0x00000000
[inst #3000] addi x0,x0,0
Register Write to Reg: 0x00 Val: 0x00000000
[inst #3001] addi x0,x0,0
Register Write to Reg: 0x00 Val: 0x00000000
[inst #3002] auipc x1,0
Register Write to Reg: 0x01 Val: 0x00400724
[inst #3003] sll x0,x0,x0
Register Write to Reg: 0x00 Val: 0x00000000
[inst #3004] sll x0,x0,x0
Register Write to Reg: 0x00 Val: 0x00000000
[inst #3005] sll x0,x0,x0
Register Write to Reg: 0x00 Val: 0x00000000
[inst #3006] addi x1,x1,32
Register Write to Reg: 0x01 Val: 0x00400744
[inst #3007] jal x0,308
Register Write to Reg: 0x00 Val: 0x0040073C
[inst #3008] addi x2,x2,-32
Register Write to Reg: 0x02 Val: 0x10010F08
[inst #3009] addi x0,x0,0
Register Write to Reg: 0x00 Val: 0x00000000
[inst #3010] addi x0,x0,0
Register Write to Reg: 0x00 Val: 0x00000000
[inst #3011] addi x0,x0,0
Register Write to Reg: 0x00 Val: 0x00000000
[inst #3012] sw x8,28(x2)
Memory Write to Addr: 0x10010F24 Val: 0x10010F28
[inst #3013] addi x0,x0,0
Register Write to Reg: 0x00 Val: 0x00000000
[inst #3014] addi x0,x0,0
Register Write to Reg: 0x00 Val: 0x00000000
[inst #3015] addi x0,x0,0
Register Write to Reg: 0x00 Val: 0x00000000
[inst #3016] add x8,x0,x2
Register Write to Reg: 0x08 Val: 0x10010F08
[inst #3017] addi x0,x0,0
Register Write to Reg: 0x00 Val: 0x00000000
[inst #3018] addi x0,x0,0
Register Write to Reg: 0x00 Val: 0x00000000
[inst #3019] addi x0,x0,0
Register Write to Reg: 0x00 Val: 0x00000000
[inst #3020] sw x29,32(x8)
Memory Write to Addr: 0x10010F28 Val: 0x00000002
[inst #3021] sw x30,36(x8)
Memory Write to Addr: 0x10010F2C Val: 0x00000002
[inst #3022] lui x7,65552
Register Write to Reg: 0x07 Val: 0x10010000
[inst #3023] addi x0,x0,0
Register Write to Reg: 0x00 Val: 0x00000000
[inst #3024] addi x0,x0,0
Register Write to Reg: 0x00 Val: 0x00000000
[inst #3025] addi x0,x0,0
Register Write to Reg: 0x00 Val: 0x00000000
[inst #3026] addi x7,x7,8
Register Write to Reg: 0x07 Val: 0x10010008
[inst #3027] lw x28,32(x8)
Register Write to Reg: 0x1C Val: 0x00000002
[inst #3028] addi x0,x0,0
Register Write to Reg: 0x00 Val: 0x00000000
[inst #3029] addi x0,x0,0
Register Write to Reg: 0x00 Val: 0x00000000
[inst #3030] addi x0,x0,0
Register Write to Reg: 0x00 Val: 0x00000000
[inst #3031] slli x28,x28,2
Register Write to Reg: 0x1C Val: 0x00000008
[inst #3032] addi x0,x0,0
Register Write to Reg: 0x00 Val: 0x00000000
[inst #3033] addi x0,x0,0
Register Write to Reg: 0x00 Val: 0x00000000
[inst #3034] addi x0,x0,0
Register Write to Reg: 0x00 Val: 0x00000000
[inst #3035] add x7,x28,x7
Register Write to Reg: 0x07 Val: 0x10010010
[inst #3036] addi x0,x0,0
Register Write to Reg: 0x00 Val: 0x00000000
[inst #3037] addi x0,x0,0
Register Write to Reg: 0x00 Val: 0x00000000
[inst #3038] addi x0,x0,0
Register Write to Reg: 0x00 Val: 0x00000000
[inst #3039] lw x7,0(x7)
Register Write to Reg: 0x07 Val: 0x64636261
[inst #3040] addi x0,x0,0
Register Write to Reg: 0x00 Val: 0x00000000
[inst #3041] addi x0,x0,0
Register Write to Reg: 0x00 Val: 0x00000000
[inst #3042] addi x0,x0,0
Register Write to Reg: 0x00 Val: 0x00000000
[inst #3043] sw x7,16(x8)
Memory Write to Addr: 0x10010F18 Val: 0x64636261
[inst #3044] addi x7,x0,1
Register Write to Reg: 0x07 Val: 0x00000001
[inst #3045] addi x0,x0,0
Register Write to Reg: 0x00 Val: 0x00000000
[inst #3046] addi x0,x0,0
Register Write to Reg: 0x00 Val: 0x00000000
[inst #3047] addi x0,x0,0
Register Write to Reg: 0x00 Val: 0x00000000
[inst #3048] sw x7,8(x8)
Memory Write to Addr: 0x10010F10 Val: 0x00000001
[inst #3049] sw x0,12(x8)
Memory Write to Addr: 0x10010F14 Val: 0x00000000
[inst #3050] jal x0,84
Register Write to Reg: 0x00 Val: 0x00400918
[inst #3051] lw x28,12(x8)
Register Write to Reg: 0x1C Val: 0x00000000
[inst #3052] lw x7,36(x8)
Register Write to Reg: 0x07 Val: 0x00000002
[inst #3053] addi x0,x0,0
Register Write to Reg: 0x00 Val: 0x00000000
[inst #3054] addi x0,x0,0
Register Write to Reg: 0x00 Val: 0x00000000
[inst #3055] addi x0,x0,0
Register Write to Reg: 0x00 Val: 0x00000000
[inst #3056] slt x7,x28,x7
Register Write to Reg: 0x07 Val: 0x00000001
[inst #3057] addi x0,x0,0
Register Write to Reg: 0x00 Val: 0x00000000
[inst #3058] addi x0,x0,0
Register Write to Reg: 0x00 Val: 0x00000000
[inst #3059] addi x0,x0,0
Register Write to Reg: 0x00 Val: 0x00000000
[inst #3060] beq x7,x0,24
[inst #3061] addi x0,x0,0
Register Write to Reg: 0x00 Val: 0x00000000
[inst #3062] addi x0,x0,0
Register Write to Reg: 0x00 Val: 0x00000000
[inst #3063] jal x0,-120
Register Write to Reg: 0x00 Val: 0x0040099C
[inst #3064] lw x7,8(x8)
Register Write to Reg: 0x07 Val: 0x00000001
[inst #3065] addi x0,x0,0
Register Write to Reg: 0x00 Val: 0x00000000
[inst #3066] addi x0,x0,0
Register Write to Reg: 0x00 Val: 0x00000000
[inst #3067] addi x0,x0,0
Register Write to Reg: 0x00 Val: 0x00000000
[inst #3068] slli x7,x7,1
Register Write to Reg: 0x07 Val: 0x00000002
[inst #3069] addi x0,x0,0
Register Write to Reg: 0x00 Val: 0x00000000
[inst #3070] addi x0,x0,0
Register Write to Reg: 0x00 Val: 0x00000000
[inst #3071] addi x0,x0,0
Register Write to Reg: 0x00 Val: 0x00000000
[inst #3072] sw x7,8(x8)
Memory Write to Addr: 0x10010F10 Val: 0x00000002
[inst #3073] lw x7,12(x8)
Register Write to Reg: 0x07 Val: 0x00000000
[inst #3074] addi x0,x0,0
Register Write to Reg: 0x00 Val: 0x00000000
[inst #3075] addi x0,x0,0
Register Write to Reg: 0x00 Val: 0x00000000
[inst #3076] addi x0,x0,0
Register Write to Reg: 0x00 Val: 0x00000000
[inst #3077] addi x7,x7,1
Register Write to Reg: 0x07 Val: 0x00000001
[inst #3078] addi x0,x0,0
Register Write to Reg: 0x00 Val: 0x00000000
[inst #3079] addi x0,x0,0
Register Write to Reg: 0x00 Val: 0x00000000
[inst #3080] addi x0,x0,0
Register Write to Reg: 0x00 Val: 0x00000000
[inst #3081] sw x7,12(x8)
Memory Write to Addr: 0x10010F14 Val: 0x00000001
[inst #3082] lw x28,12(x8)
Register Write to Reg: 0x1C Val: 0x00000001
[inst #3083] lw x7,36(x8)
Register Write to Reg: 0x07 Val: 0x00000002
[inst #3084] addi x0,x0,0
Register Write to Reg: 0x00 Val: 0x00000000
[inst #3085] addi x0,x0,0
Register Write to Reg: 0x00 Val: 0x00000000
[inst #3086] addi x0,x0,0
Register Write to Reg: 0x00 Val: 0x00000000
[inst #3087] slt x7,x28,x7
Register Write to Reg: 0x07 Val: 0x00000001
[inst #3088] addi x0,x0,0
Register Write to Reg: 0x00 Val: 0x00000000
[inst #3089] addi x0,x0,0
Register Write to Reg: 0x00 Val: 0x00000000
[inst #3090] addi x0,x0,0
Register Write to Reg: 0x00 Val: 0x00000000
[inst #3091] beq x7,x0,24
[inst #3092] addi x0,x0,0
Register Write to Reg: 0x00 Val: 0x00000000
[inst #3093] addi x0,x0,0
Register Write to Reg: 0x00 Val: 0x00000000
[inst #3094] jal x0,-120
Register Write to Reg: 0x00 Val: 0x0040099C
[inst #3095] lw x7,8(x8)
Register Write to Reg: 0x07 Val: 0x00000002
[inst #3096] addi x0,x0,0
Register Write to Reg: 0x00 Val: 0x00000000
[inst #3097] addi x0,x0,0
Register Write to Reg: 0x00 Val: 0x00000000
[inst #3098] addi x0,x0,0
Register Write to Reg: 0x00 Val: 0x00000000
[inst #3099] slli x7,x7,1
Register Write to Reg: 0x07 Val: 0x00000004
[inst #3100] addi x0,x0,0
Register Write to Reg: 0x00 Val: 0x00000000
[inst #3101] addi x0,x0,0
Register Write to Reg: 0x00 Val: 0x00000000
[inst #3102] addi x0,x0,0
Register Write to Reg: 0x00 Val: 0x00000000
[inst #3103] sw x7,8(x8)
Memory Write to Addr: 0x10010F10 Val: 0x00000004
[inst #3104] lw x7,12(x8)
Register Write to Reg: 0x07 Val: 0x00000001
[inst #3105] addi x0,x0,0
Register Write to Reg: 0x00 Val: 0x00000000
[inst #3106] addi x0,x0,0
Register Write to Reg: 0x00 Val: 0x00000000
[inst #3107] addi x0,x0,0
Register Write to Reg: 0x00 Val: 0x00000000
[inst #3108] addi x7,x7,1
Register Write to Reg: 0x07 Val: 0x00000002
[inst #3109] addi x0,x0,0
Register Write to Reg: 0x00 Val: 0x00000000
[inst #3110] addi x0,x0,0
Register Write to Reg: 0x00 Val: 0x00000000
[inst #3111] addi x0,x0,0
Register Write to Reg: 0x00 Val: 0x00000000
[inst #3112] sw x7,12(x8)
Memory Write to Addr: 0x10010F14 Val: 0x00000002
[inst #3113] lw x28,12(x8)
Register Write to Reg: 0x1C Val: 0x00000002
[inst #3114] lw x7,36(x8)
Register Write to Reg: 0x07 Val: 0x00000002
[inst #3115] addi x0,x0,0
Register Write to Reg: 0x00 Val: 0x00000000
[inst #3116] addi x0,x0,0
Register Write to Reg: 0x00 Val: 0x00000000
[inst #3117] addi x0,x0,0
Register Write to Reg: 0x00 Val: 0x00000000
[inst #3118] slt x7,x28,x7
Register Write to Reg: 0x07 Val: 0x00000000
[inst #3119] addi x0,x0,0
Register Write to Reg: 0x00 Val: 0x00000000
[inst #3120] addi x0,x0,0
Register Write to Reg: 0x00 Val: 0x00000000
[inst #3121] addi x0,x0,0
Register Write to Reg: 0x00 Val: 0x00000000
[inst #3122] beq x7,x0,24
[inst #3123] lw x28,8(x8)
Register Write to Reg: 0x1C Val: 0x00000004
[inst #3124] lw x7,16(x8)
Register Write to Reg: 0x07 Val: 0x64636261
[inst #3125] addi x0,x0,0
Register Write to Reg: 0x00 Val: 0x00000000
[inst #3126] addi x0,x0,0
Register Write to Reg: 0x00 Val: 0x00000000
[inst #3127] addi x0,x0,0
Register Write to Reg: 0x00 Val: 0x00000000
[inst #3128] and x7,x28,x7
Register Write to Reg: 0x07 Val: 0x00000000
[inst #3129] addi x0,x0,0
Register Write to Reg: 0x00 Val: 0x00000000
[inst #3130] addi x0,x0,0
Register Write to Reg: 0x00 Val: 0x00000000
[inst #3131] addi x0,x0,0
Register Write to Reg: 0x00 Val: 0x00000000
[inst #3132] slt x7,x0,x7
Register Write to Reg: 0x07 Val: 0x00000000
[inst #3133] addi x0,x0,0
Register Write to Reg: 0x00 Val: 0x00000000
[inst #3134] addi x0,x0,0
Register Write to Reg: 0x00 Val: 0x00000000
[inst #3135] addi x0,x0,0
Register Write to Reg: 0x00 Val: 0x00000000
[inst #3136] andi x7,x7,255
Register Write to Reg: 0x07 Val: 0x00000000
[inst #3137] addi x0,x0,0
Register Write to Reg: 0x00 Val: 0x00000000
[inst #3138] addi x0,x0,0
Register Write to Reg: 0x00 Val: 0x00000000
[inst #3139] addi x0,x0,0
Register Write to Reg: 0x00 Val: 0x00000000
[inst #3140] add x2,x0,x8
Register Write to Reg: 0x02 Val: 0x10010F08
[inst #3141] addi x0,x0,0
Register Write to Reg: 0x00 Val: 0x00000000
[inst #3142] addi x0,x0,0
Register Write to Reg: 0x00 Val: 0x00000000
[inst #3143] addi x0,x0,0
Register Write to Reg: 0x00 Val: 0x00000000
[inst #3144] lw x8,28(x2)
Register Write to Reg: 0x08 Val: 0x10010F28
[inst #3145] addi x0,x0,0
Register Write to Reg: 0x00 Val: 0x00000000
[inst #3146] addi x0,x0,0
Register Write to Reg: 0x00 Val: 0x00000000
[inst #3147] addi x0,x0,0
Register Write to Reg: 0x00 Val: 0x00000000
[inst #3148] addi x2,x2,32
Register Write to Reg: 0x02 Val: 0x10010F28
[inst #3149] addi x0,x0,0
Register Write to Reg: 0x00 Val: 0x00000000
[inst #3150] addi x0,x0,0
Register Write to Reg: 0x00 Val: 0x00000000
[inst #3151] jalr x0,x1,0
Register Write to Reg: 0x00 Val: 0x00400A18
[inst #3152] beq x7,x0,92
[inst #3153] lw x7,32(x8)
Register Write to Reg: 0x07 Val: 0x10010F64
[inst #3154] addi x0,x0,0
Register Write to Reg: 0x00 Val: 0x00000000
[inst #3155] addi x0,x0,0
Register Write to Reg: 0x00 Val: 0x00000000
[inst #3156] addi x0,x0,0
Register Write to Reg: 0x00 Val: 0x00000000
[inst #3157] lw x7,4(x7)
Register Write to Reg: 0x07 Val: 0x00000002
[inst #3158] addi x0,x0,0
Register Write to Reg: 0x00 Val: 0x00000000
[inst #3159] addi x0,x0,0
Register Write to Reg: 0x00 Val: 0x00000000
[inst #3160] addi x0,x0,0
Register Write to Reg: 0x00 Val: 0x00000000
[inst #3161] addi x28,x7,1
Register Write to Reg: 0x1C Val: 0x00000003
[inst #3162] addi x0,x0,0
Register Write to Reg: 0x00 Val: 0x00000000
[inst #3163] addi x0,x0,0
Register Write to Reg: 0x00 Val: 0x00000000
[inst #3164] addi x0,x0,0
Register Write to Reg: 0x00 Val: 0x00000000
[inst #3165] lw x7,32(x8)
Register Write to Reg: 0x07 Val: 0x10010F64
[inst #3166] addi x0,x0,0
Register Write to Reg: 0x00 Val: 0x00000000
[inst #3167] addi x0,x0,0
Register Write to Reg: 0x00 Val: 0x00000000
[inst #3168] addi x0,x0,0
Register Write to Reg: 0x00 Val: 0x00000000
[inst #3169] sw x28,4(x7)
Memory Write to Addr: 0x10010F68 Val: 0x00000003
[inst #3170] lw x7,32(x8)
Register Write to Reg: 0x07 Val: 0x10010F64
[inst #3171] addi x0,x0,0
Register Write to Reg: 0x00 Val: 0x00000000
[inst #3172] addi x0,x0,0
Register Write to Reg: 0x00 Val: 0x00000000
[inst #3173] addi x0,x0,0
Register Write to Reg: 0x00 Val: 0x00000000
[inst #3174] lw x7,4(x7)
Register Write to Reg: 0x07 Val: 0x00000003
[inst #3175] addi x0,x0,0
Register Write to Reg: 0x00 Val: 0x00000000
[inst #3176] addi x0,x0,0
Register Write to Reg: 0x00 Val: 0x00000000
[inst #3177] addi x0,x0,0
Register Write to Reg: 0x00 Val: 0x00000000
[inst #3178] slti x7,x7,4
Register Write to Reg: 0x07 Val: 0x00000001
[inst #3179] addi x0,x0,0
Register Write to Reg: 0x00 Val: 0x00000000
[inst #3180] addi x0,x0,0
Register Write to Reg: 0x00 Val: 0x00000000
[inst #3181] addi x0,x0,0
Register Write to Reg: 0x00 Val: 0x00000000
[inst #3182] beq x7,x0,24
[inst #3183] addi x0,x0,0
Register Write to Reg: 0x00 Val: 0x00000000
[inst #3184] addi x0,x0,0
Register Write to Reg: 0x00 Val: 0x00000000
[inst #3185] jal x0,-336
Register Write to Reg: 0x00 Val: 0x00400824
[inst #3186] lw x7,32(x8)
Register Write to Reg: 0x07 Val: 0x10010F64
[inst #3187] addi x0,x0,0
Register Write to Reg: 0x00 Val: 0x00000000
[inst #3188] addi x0,x0,0
Register Write to Reg: 0x00 Val: 0x00000000
[inst #3189] addi x0,x0,0
Register Write to Reg: 0x00 Val: 0x00000000
[inst #3190] lw x28,0(x7)
Register Write to Reg: 0x1C Val: 0x00000002
[inst #3191] addi x0,x0,0
Register Write to Reg: 0x00 Val: 0x00000000
[inst #3192] addi x0,x0,0
Register Write to Reg: 0x00 Val: 0x00000000
[inst #3193] addi x0,x0,0
Register Write to Reg: 0x00 Val: 0x00000000
[inst #3194] lw x7,32(x8)
Register Write to Reg: 0x07 Val: 0x10010F64
[inst #3195] addi x0,x0,0
Register Write to Reg: 0x00 Val: 0x00000000
[inst #3196] addi x0,x0,0
Register Write to Reg: 0x00 Val: 0x00000000
[inst #3197] addi x0,x0,0
Register Write to Reg: 0x00 Val: 0x00000000
[inst #3198] lw x7,4(x7)
Register Write to Reg: 0x07 Val: 0x00000003
[inst #3199] addi x0,x0,0
Register Write to Reg: 0x00 Val: 0x00000000
[inst #3200] addi x0,x0,0
Register Write to Reg: 0x00 Val: 0x00000000
[inst #3201] addi x0,x0,0
Register Write to Reg: 0x00 Val: 0x00000000
[inst #3202] add x30,x0,x7
Register Write to Reg: 0x1E Val: 0x00000003
[inst #3203] add x29,x0,x28
Register Write to Reg: 0x1D Val: 0x00000002
[inst #3204] addi x0,x0,0
Register Write to Reg: 0x00 Val: 0x00000000
[inst #3205] addi x0,x0,0
Register Write to Reg: 0x00 Val: 0x00000000
[inst #3206] addi x0,x0,0
Register Write to Reg: 0x00 Val: 0x00000000
[inst #3207] auipc x1,0
Register Write to Reg: 0x01 Val: 0x00400724
[inst #3208] sll x0,x0,x0
Register Write to Reg: 0x00 Val: 0x00000000
[inst #3209] sll x0,x0,x0
Register Write to Reg: 0x00 Val: 0x00000000
[inst #3210] sll x0,x0,x0
Register Write to Reg: 0x00 Val: 0x00000000
[inst #3211] addi x1,x1,32
Register Write to Reg: 0x01 Val: 0x00400744
[inst #3212] jal x0,308
Register Write to Reg: 0x00 Val: 0x0040073C
[inst #3213] addi x2,x2,-32
Register Write to Reg: 0x02 Val: 0x10010F08
[inst #3214] addi x0,x0,0
Register Write to Reg: 0x00 Val: 0x00000000
[inst #3215] addi x0,x0,0
Register Write to Reg: 0x00 Val: 0x00000000
[inst #3216] addi x0,x0,0
Register Write to Reg: 0x00 Val: 0x00000000
[inst #3217] sw x8,28(x2)
Memory Write to Addr: 0x10010F24 Val: 0x10010F28
[inst #3218] addi x0,x0,0
Register Write to Reg: 0x00 Val: 0x00000000
[inst #3219] addi x0,x0,0
Register Write to Reg: 0x00 Val: 0x00000000
[inst #3220] addi x0,x0,0
Register Write to Reg: 0x00 Val: 0x00000000
[inst #3221] add x8,x0,x2
Register Write to Reg: 0x08 Val: 0x10010F08
[inst #3222] addi x0,x0,0
Register Write to Reg: 0x00 Val: 0x00000000
[inst #3223] addi x0,x0,0
Register Write to Reg: 0x00 Val: 0x00000000
[inst #3224] addi x0,x0,0
Register Write to Reg: 0x00 Val: 0x00000000
[inst #3225] sw x29,32(x8)
Memory Write to Addr: 0x10010F28 Val: 0x00000002
[inst #3226] sw x30,36(x8)
Memory Write to Addr: 0x10010F2C Val: 0x00000003
[inst #3227] lui x7,65552
Register Write to Reg: 0x07 Val: 0x10010000
[inst #3228] addi x0,x0,0
Register Write to Reg: 0x00 Val: 0x00000000
[inst #3229] addi x0,x0,0
Register Write to Reg: 0x00 Val: 0x00000000
[inst #3230] addi x0,x0,0
Register Write to Reg: 0x00 Val: 0x00000000
[inst #3231] addi x7,x7,8
Register Write to Reg: 0x07 Val: 0x10010008
[inst #3232] lw x28,32(x8)
Register Write to Reg: 0x1C Val: 0x00000002
[inst #3233] addi x0,x0,0
Register Write to Reg: 0x00 Val: 0x00000000
[inst #3234] addi x0,x0,0
Register Write to Reg: 0x00 Val: 0x00000000
[inst #3235] addi x0,x0,0
Register Write to Reg: 0x00 Val: 0x00000000
[inst #3236] slli x28,x28,2
Register Write to Reg: 0x1C Val: 0x00000008
[inst #3237] addi x0,x0,0
Register Write to Reg: 0x00 Val: 0x00000000
[inst #3238] addi x0,x0,0
Register Write to Reg: 0x00 Val: 0x00000000
[inst #3239] addi x0,x0,0
Register Write to Reg: 0x00 Val: 0x00000000
[inst #3240] add x7,x28,x7
Register Write to Reg: 0x07 Val: 0x10010010
[inst #3241] addi x0,x0,0
Register Write to Reg: 0x00 Val: 0x00000000
[inst #3242] addi x0,x0,0
Register Write to Reg: 0x00 Val: 0x00000000
[inst #3243] addi x0,x0,0
Register Write to Reg: 0x00 Val: 0x00000000
[inst #3244] lw x7,0(x7)
Register Write to Reg: 0x07 Val: 0x64636261
[inst #3245] addi x0,x0,0
Register Write to Reg: 0x00 Val: 0x00000000
[inst #3246] addi x0,x0,0
Register Write to Reg: 0x00 Val: 0x00000000
[inst #3247] addi x0,x0,0
Register Write to Reg: 0x00 Val: 0x00000000
[inst #3248] sw x7,16(x8)
Memory Write to Addr: 0x10010F18 Val: 0x64636261
[inst #3249] addi x7,x0,1
Register Write to Reg: 0x07 Val: 0x00000001
[inst #3250] addi x0,x0,0
Register Write to Reg: 0x00 Val: 0x00000000
[inst #3251] addi x0,x0,0
Register Write to Reg: 0x00 Val: 0x00000000
[inst #3252] addi x0,x0,0
Register Write to Reg: 0x00 Val: 0x00000000
[inst #3253] sw x7,8(x8)
Memory Write to Addr: 0x10010F10 Val: 0x00000001
[inst #3254] sw x0,12(x8)
Memory Write to Addr: 0x10010F14 Val: 0x00000000
[inst #3255] jal x0,84
Register Write to Reg: 0x00 Val: 0x00400918
[inst #3256] lw x28,12(x8)
Register Write to Reg: 0x1C Val: 0x00000000
[inst #3257] lw x7,36(x8)
Register Write to Reg: 0x07 Val: 0x00000003
[inst #3258] addi x0,x0,0
Register Write to Reg: 0x00 Val: 0x00000000
[inst #3259] addi x0,x0,0
Register Write to Reg: 0x00 Val: 0x00000000
[inst #3260] addi x0,x0,0
Register Write to Reg: 0x00 Val: 0x00000000
[inst #3261] slt x7,x28,x7
Register Write to Reg: 0x07 Val: 0x00000001
[inst #3262] addi x0,x0,0
Register Write to Reg: 0x00 Val: 0x00000000
[inst #3263] addi x0,x0,0
Register Write to Reg: 0x00 Val: 0x00000000
[inst #3264] addi x0,x0,0
Register Write to Reg: 0x00 Val: 0x00000000
[inst #3265] beq x7,x0,24
[inst #3266] addi x0,x0,0
Register Write to Reg: 0x00 Val: 0x00000000
[inst #3267] addi x0,x0,0
Register Write to Reg: 0x00 Val: 0x00000000
[inst #3268] jal x0,-120
Register Write to Reg: 0x00 Val: 0x0040099C
[inst #3269] lw x7,8(x8)
Register Write to Reg: 0x07 Val: 0x00000001
[inst #3270] addi x0,x0,0
Register Write to Reg: 0x00 Val: 0x00000000
[inst #3271] addi x0,x0,0
Register Write to Reg: 0x00 Val: 0x00000000
[inst #3272] addi x0,x0,0
Register Write to Reg: 0x00 Val: 0x00000000
[inst #3273] slli x7,x7,1
Register Write to Reg: 0x07 Val: 0x00000002
[inst #3274] addi x0,x0,0
Register Write to Reg: 0x00 Val: 0x00000000
[inst #3275] addi x0,x0,0
Register Write to Reg: 0x00 Val: 0x00000000
[inst #3276] addi x0,x0,0
Register Write to Reg: 0x00 Val: 0x00000000
[inst #3277] sw x7,8(x8)
Memory Write to Addr: 0x10010F10 Val: 0x00000002
[inst #3278] lw x7,12(x8)
Register Write to Reg: 0x07 Val: 0x00000000
[inst #3279] addi x0,x0,0
Register Write to Reg: 0x00 Val: 0x00000000
[inst #3280] addi x0,x0,0
Register Write to Reg: 0x00 Val: 0x00000000
[inst #3281] addi x0,x0,0
Register Write to Reg: 0x00 Val: 0x00000000
[inst #3282] addi x7,x7,1
Register Write to Reg: 0x07 Val: 0x00000001
[inst #3283] addi x0,x0,0
Register Write to Reg: 0x00 Val: 0x00000000
[inst #3284] addi x0,x0,0
Register Write to Reg: 0x00 Val: 0x00000000
[inst #3285] addi x0,x0,0
Register Write to Reg: 0x00 Val: 0x00000000
[inst #3286] sw x7,12(x8)
Memory Write to Addr: 0x10010F14 Val: 0x00000001
[inst #3287] lw x28,12(x8)
Register Write to Reg: 0x1C Val: 0x00000001
[inst #3288] lw x7,36(x8)
Register Write to Reg: 0x07 Val: 0x00000003
[inst #3289] addi x0,x0,0
Register Write to Reg: 0x00 Val: 0x00000000
[inst #3290] addi x0,x0,0
Register Write to Reg: 0x00 Val: 0x00000000
[inst #3291] addi x0,x0,0
Register Write to Reg: 0x00 Val: 0x00000000
[inst #3292] slt x7,x28,x7
Register Write to Reg: 0x07 Val: 0x00000001
[inst #3293] addi x0,x0,0
Register Write to Reg: 0x00 Val: 0x00000000
[inst #3294] addi x0,x0,0
Register Write to Reg: 0x00 Val: 0x00000000
[inst #3295] addi x0,x0,0
Register Write to Reg: 0x00 Val: 0x00000000
[inst #3296] beq x7,x0,24
[inst #3297] addi x0,x0,0
Register Write to Reg: 0x00 Val: 0x00000000
[inst #3298] addi x0,x0,0
Register Write to Reg: 0x00 Val: 0x00000000
[inst #3299] jal x0,-120
Register Write to Reg: 0x00 Val: 0x0040099C
[inst #3300] lw x7,8(x8)
Register Write to Reg: 0x07 Val: 0x00000002
[inst #3301] addi x0,x0,0
Register Write to Reg: 0x00 Val: 0x00000000
[inst #3302] addi x0,x0,0
Register Write to Reg: 0x00 Val: 0x00000000
[inst #3303] addi x0,x0,0
Register Write to Reg: 0x00 Val: 0x00000000
[inst #3304] slli x7,x7,1
Register Write to Reg: 0x07 Val: 0x00000004
[inst #3305] addi x0,x0,0
Register Write to Reg: 0x00 Val: 0x00000000
[inst #3306] addi x0,x0,0
Register Write to Reg: 0x00 Val: 0x00000000
[inst #3307] addi x0,x0,0
Register Write to Reg: 0x00 Val: 0x00000000
[inst #3308] sw x7,8(x8)
Memory Write to Addr: 0x10010F10 Val: 0x00000004
[inst #3309] lw x7,12(x8)
Register Write to Reg: 0x07 Val: 0x00000001
[inst #3310] addi x0,x0,0
Register Write to Reg: 0x00 Val: 0x00000000
[inst #3311] addi x0,x0,0
Register Write to Reg: 0x00 Val: 0x00000000
[inst #3312] addi x0,x0,0
Register Write to Reg: 0x00 Val: 0x00000000
[inst #3313] addi x7,x7,1
Register Write to Reg: 0x07 Val: 0x00000002
[inst #3314] addi x0,x0,0
Register Write to Reg: 0x00 Val: 0x00000000
[inst #3315] addi x0,x0,0
Register Write to Reg: 0x00 Val: 0x00000000
[inst #3316] addi x0,x0,0
Register Write to Reg: 0x00 Val: 0x00000000
[inst #3317] sw x7,12(x8)
Memory Write to Addr: 0x10010F14 Val: 0x00000002
[inst #3318] lw x28,12(x8)
Register Write to Reg: 0x1C Val: 0x00000002
[inst #3319] lw x7,36(x8)
Register Write to Reg: 0x07 Val: 0x00000003
[inst #3320] addi x0,x0,0
Register Write to Reg: 0x00 Val: 0x00000000
[inst #3321] addi x0,x0,0
Register Write to Reg: 0x00 Val: 0x00000000
[inst #3322] addi x0,x0,0
Register Write to Reg: 0x00 Val: 0x00000000
[inst #3323] slt x7,x28,x7
Register Write to Reg: 0x07 Val: 0x00000001
[inst #3324] addi x0,x0,0
Register Write to Reg: 0x00 Val: 0x00000000
[inst #3325] addi x0,x0,0
Register Write to Reg: 0x00 Val: 0x00000000
[inst #3326] addi x0,x0,0
Register Write to Reg: 0x00 Val: 0x00000000
[inst #3327] beq x7,x0,24
[inst #3328] addi x0,x0,0
Register Write to Reg: 0x00 Val: 0x00000000
[inst #3329] addi x0,x0,0
Register Write to Reg: 0x00 Val: 0x00000000
[inst #3330] jal x0,-120
Register Write to Reg: 0x00 Val: 0x0040099C
[inst #3331] lw x7,8(x8)
Register Write to Reg: 0x07 Val: 0x00000004
[inst #3332] addi x0,x0,0
Register Write to Reg: 0x00 Val: 0x00000000
[inst #3333] addi x0,x0,0
Register Write to Reg: 0x00 Val: 0x00000000
[inst #3334] addi x0,x0,0
Register Write to Reg: 0x00 Val: 0x00000000
[inst #3335] slli x7,x7,1
Register Write to Reg: 0x07 Val: 0x00000008
[inst #3336] addi x0,x0,0
Register Write to Reg: 0x00 Val: 0x00000000
[inst #3337] addi x0,x0,0
Register Write to Reg: 0x00 Val: 0x00000000
[inst #3338] addi x0,x0,0
Register Write to Reg: 0x00 Val: 0x00000000
[inst #3339] sw x7,8(x8)
Memory Write to Addr: 0x10010F10 Val: 0x00000008
[inst #3340] lw x7,12(x8)
Register Write to Reg: 0x07 Val: 0x00000002
[inst #3341] addi x0,x0,0
Register Write to Reg: 0x00 Val: 0x00000000
[inst #3342] addi x0,x0,0
Register Write to Reg: 0x00 Val: 0x00000000
[inst #3343] addi x0,x0,0
Register Write to Reg: 0x00 Val: 0x00000000
[inst #3344] addi x7,x7,1
Register Write to Reg: 0x07 Val: 0x00000003
[inst #3345] addi x0,x0,0
Register Write to Reg: 0x00 Val: 0x00000000
[inst #3346] addi x0,x0,0
Register Write to Reg: 0x00 Val: 0x00000000
[inst #3347] addi x0,x0,0
Register Write to Reg: 0x00 Val: 0x00000000
[inst #3348] sw x7,12(x8)
Memory Write to Addr: 0x10010F14 Val: 0x00000003
[inst #3349] lw x28,12(x8)
Register Write to Reg: 0x1C Val: 0x00000003
[inst #3350] lw x7,36(x8)
Register Write to Reg: 0x07 Val: 0x00000003
[inst #3351] addi x0,x0,0
Register Write to Reg: 0x00 Val: 0x00000000
[inst #3352] addi x0,x0,0
Register Write to Reg: 0x00 Val: 0x00000000
[inst #3353] addi x0,x0,0
Register Write to Reg: 0x00 Val: 0x00000000
[inst #3354] slt x7,x28,x7
Register Write to Reg: 0x07 Val: 0x00000000
[inst #3355] addi x0,x0,0
Register Write to Reg: 0x00 Val: 0x00000000
[inst #3356] addi x0,x0,0
Register Write to Reg: 0x00 Val: 0x00000000
[inst #3357] addi x0,x0,0
Register Write to Reg: 0x00 Val: 0x00000000
[inst #3358] beq x7,x0,24
[inst #3359] lw x28,8(x8)
Register Write to Reg: 0x1C Val: 0x00000008
[inst #3360] lw x7,16(x8)
Register Write to Reg: 0x07 Val: 0x64636261
[inst #3361] addi x0,x0,0
Register Write to Reg: 0x00 Val: 0x00000000
[inst #3362] addi x0,x0,0
Register Write to Reg: 0x00 Val: 0x00000000
[inst #3363] addi x0,x0,0
Register Write to Reg: 0x00 Val: 0x00000000
[inst #3364] and x7,x28,x7
Register Write to Reg: 0x07 Val: 0x00000000
[inst #3365] addi x0,x0,0
Register Write to Reg: 0x00 Val: 0x00000000
[inst #3366] addi x0,x0,0
Register Write to Reg: 0x00 Val: 0x00000000
[inst #3367] addi x0,x0,0
Register Write to Reg: 0x00 Val: 0x00000000
[inst #3368] slt x7,x0,x7
Register Write to Reg: 0x07 Val: 0x00000000
[inst #3369] addi x0,x0,0
Register Write to Reg: 0x00 Val: 0x00000000
[inst #3370] addi x0,x0,0
Register Write to Reg: 0x00 Val: 0x00000000
[inst #3371] addi x0,x0,0
Register Write to Reg: 0x00 Val: 0x00000000
[inst #3372] andi x7,x7,255
Register Write to Reg: 0x07 Val: 0x00000000
[inst #3373] addi x0,x0,0
Register Write to Reg: 0x00 Val: 0x00000000
[inst #3374] addi x0,x0,0
Register Write to Reg: 0x00 Val: 0x00000000
[inst #3375] addi x0,x0,0
Register Write to Reg: 0x00 Val: 0x00000000
[inst #3376] add x2,x0,x8
Register Write to Reg: 0x02 Val: 0x10010F08
[inst #3377] addi x0,x0,0
Register Write to Reg: 0x00 Val: 0x00000000
[inst #3378] addi x0,x0,0
Register Write to Reg: 0x00 Val: 0x00000000
[inst #3379] addi x0,x0,0
Register Write to Reg: 0x00 Val: 0x00000000
[inst #3380] lw x8,28(x2)
Register Write to Reg: 0x08 Val: 0x10010F28
[inst #3381] addi x0,x0,0
Register Write to Reg: 0x00 Val: 0x00000000
[inst #3382] addi x0,x0,0
Register Write to Reg: 0x00 Val: 0x00000000
[inst #3383] addi x0,x0,0
Register Write to Reg: 0x00 Val: 0x00000000
[inst #3384] addi x2,x2,32
Register Write to Reg: 0x02 Val: 0x10010F28
[inst #3385] addi x0,x0,0
Register Write to Reg: 0x00 Val: 0x00000000
[inst #3386] addi x0,x0,0
Register Write to Reg: 0x00 Val: 0x00000000
[inst #3387] jalr x0,x1,0
Register Write to Reg: 0x00 Val: 0x00400A18
[inst #3388] beq x7,x0,92
[inst #3389] lw x7,32(x8)
Register Write to Reg: 0x07 Val: 0x10010F64
[inst #3390] addi x0,x0,0
Register Write to Reg: 0x00 Val: 0x00000000
[inst #3391] addi x0,x0,0
Register Write to Reg: 0x00 Val: 0x00000000
[inst #3392] addi x0,x0,0
Register Write to Reg: 0x00 Val: 0x00000000
[inst #3393] lw x7,4(x7)
Register Write to Reg: 0x07 Val: 0x00000003
[inst #3394] addi x0,x0,0
Register Write to Reg: 0x00 Val: 0x00000000
[inst #3395] addi x0,x0,0
Register Write to Reg: 0x00 Val: 0x00000000
[inst #3396] addi x0,x0,0
Register Write to Reg: 0x00 Val: 0x00000000
[inst #3397] addi x28,x7,1
Register Write to Reg: 0x1C Val: 0x00000004
[inst #3398] addi x0,x0,0
Register Write to Reg: 0x00 Val: 0x00000000
[inst #3399] addi x0,x0,0
Register Write to Reg: 0x00 Val: 0x00000000
[inst #3400] addi x0,x0,0
Register Write to Reg: 0x00 Val: 0x00000000
[inst #3401] lw x7,32(x8)
Register Write to Reg: 0x07 Val: 0x10010F64
[inst #3402] addi x0,x0,0
Register Write to Reg: 0x00 Val: 0x00000000
[inst #3403] addi x0,x0,0
Register Write to Reg: 0x00 Val: 0x00000000
[inst #3404] addi x0,x0,0
Register Write to Reg: 0x00 Val: 0x00000000
[inst #3405] sw x28,4(x7)
Memory Write to Addr: 0x10010F68 Val: 0x00000004
[inst #3406] lw x7,32(x8)
Register Write to Reg: 0x07 Val: 0x10010F64
[inst #3407] addi x0,x0,0
Register Write to Reg: 0x00 Val: 0x00000000
[inst #3408] addi x0,x0,0
Register Write to Reg: 0x00 Val: 0x00000000
[inst #3409] addi x0,x0,0
Register Write to Reg: 0x00 Val: 0x00000000
[inst #3410] lw x7,4(x7)
Register Write to Reg: 0x07 Val: 0x00000004
[inst #3411] addi x0,x0,0
Register Write to Reg: 0x00 Val: 0x00000000
[inst #3412] addi x0,x0,0
Register Write to Reg: 0x00 Val: 0x00000000
[inst #3413] addi x0,x0,0
Register Write to Reg: 0x00 Val: 0x00000000
[inst #3414] slti x7,x7,4
Register Write to Reg: 0x07 Val: 0x00000000
[inst #3415] addi x0,x0,0
Register Write to Reg: 0x00 Val: 0x00000000
[inst #3416] addi x0,x0,0
Register Write to Reg: 0x00 Val: 0x00000000
[inst #3417] addi x0,x0,0
Register Write to Reg: 0x00 Val: 0x00000000
[inst #3418] beq x7,x0,24
[inst #3419] addi x7,x0,-1
Register Write to Reg: 0x07 Val: 0xFFFFFFFF
[inst #3420] add x2,x0,x8
Register Write to Reg: 0x02 Val: 0x10010F28
[inst #3421] addi x0,x0,0
Register Write to Reg: 0x00 Val: 0x00000000
[inst #3422] addi x0,x0,0
Register Write to Reg: 0x00 Val: 0x00000000
[inst #3423] addi x0,x0,0
Register Write to Reg: 0x00 Val: 0x00000000
[inst #3424] lw x1,28(x2)
Register Write to Reg: 0x01 Val: 0x004002F0
[inst #3425] lw x8,24(x2)
Register Write to Reg: 0x08 Val: 0x10010F48
[inst #3426] addi x0,x0,0
Register Write to Reg: 0x00 Val: 0x00000000
[inst #3427] addi x0,x0,0
Register Write to Reg: 0x00 Val: 0x00000000
[inst #3428] addi x0,x0,0
Register Write to Reg: 0x00 Val: 0x00000000
[inst #3429] addi x2,x2,32
Register Write to Reg: 0x02 Val: 0x10010F48
[inst #3430] addi x0,x0,0
Register Write to Reg: 0x00 Val: 0x00000000
[inst #3431] addi x0,x0,0
Register Write to Reg: 0x00 Val: 0x00000000
[inst #3432] jalr x0,x1,0
Register Write to Reg: 0x00 Val: 0x00400864
[inst #3433] sw x7,24(x8)
Memory Write to Addr: 0x10010F60 Val: 0xFFFFFFFF
[inst #3434] lw x28,24(x8)
Register Write to Reg: 0x1C Val: 0xFFFFFFFF
[inst #3435] addi x0,x0,0
Register Write to Reg: 0x00 Val: 0x00000000
[inst #3436] addi x0,x0,0
Register Write to Reg: 0x00 Val: 0x00000000
[inst #3437] addi x0,x0,0
Register Write to Reg: 0x00 Val: 0x00000000
[inst #3438] addi x7,x0,-1
Register Write to Reg: 0x07 Val: 0xFFFFFFFF
[inst #3439] addi x0,x0,0
Register Write to Reg: 0x00 Val: 0x00000000
[inst #3440] addi x0,x0,0
Register Write to Reg: 0x00 Val: 0x00000000
[inst #3441] addi x0,x0,0
Register Write to Reg: 0x00 Val: 0x00000000
[inst #3442] beq x28,x7,24
[inst #3443] lui x7,65552
Register Write to Reg: 0x07 Val: 0x10010000
[inst #3444] addi x0,x0,0
Register Write to Reg: 0x00 Val: 0x00000000
[inst #3445] addi x0,x0,0
Register Write to Reg: 0x00 Val: 0x00000000
[inst #3446] addi x0,x0,0
Register Write to Reg: 0x00 Val: 0x00000000
[inst #3447] addi x7,x7,40
Register Write to Reg: 0x07 Val: 0x10010028
[inst #3448] addi x0,x0,0
Register Write to Reg: 0x00 Val: 0x00000000
[inst #3449] addi x0,x0,0
Register Write to Reg: 0x00 Val: 0x00000000
[inst #3450] addi x0,x0,0
Register Write to Reg: 0x00 Val: 0x00000000
[inst #3451] lw x7,0(x7)
Register Write to Reg: 0x07 Val: 0x00000003
[inst #3452] addi x0,x0,0
Register Write to Reg: 0x00 Val: 0x00000000
[inst #3453] addi x0,x0,0
Register Write to Reg: 0x00 Val: 0x00000000
[inst #3454] addi x0,x0,0
Register Write to Reg: 0x00 Val: 0x00000000
[inst #3455] addi x29,x7,-1
Register Write to Reg: 0x1D Val: 0x00000002
[inst #3456] addi x0,x0,0
Register Write to Reg: 0x00 Val: 0x00000000
[inst #3457] addi x0,x0,0
Register Write to Reg: 0x00 Val: 0x00000000
[inst #3458] addi x0,x0,0
Register Write to Reg: 0x00 Val: 0x00000000
[inst #3459] lui x28,65552
Register Write to Reg: 0x1C Val: 0x10010000
[inst #3460] addi x0,x0,0
Register Write to Reg: 0x00 Val: 0x00000000
[inst #3461] addi x0,x0,0
Register Write to Reg: 0x00 Val: 0x00000000
[inst #3462] addi x0,x0,0
Register Write to Reg: 0x00 Val: 0x00000000
[inst #3463] addi x28,x28,40
Register Write to Reg: 0x1C Val: 0x10010028
[inst #3464] addi x0,x0,0
Register Write to Reg: 0x00 Val: 0x00000000
[inst #3465] addi x0,x0,0
Register Write to Reg: 0x00 Val: 0x00000000
[inst #3466] addi x0,x0,0
Register Write to Reg: 0x00 Val: 0x00000000
[inst #3467] sw x29,0(x28)
Memory Write to Addr: 0x10010028 Val: 0x00000002
[inst #3468] lui x29,65552
Register Write to Reg: 0x1D Val: 0x10010000
[inst #3469] addi x0,x0,0
Register Write to Reg: 0x00 Val: 0x00000000
[inst #3470] addi x0,x0,0
Register Write to Reg: 0x00 Val: 0x00000000
[inst #3471] addi x0,x0,0
Register Write to Reg: 0x00 Val: 0x00000000
[inst #3472] addi x29,x29,0
Register Write to Reg: 0x1D Val: 0x10010000
[inst #3473] slli x28,x7,2
Register Write to Reg: 0x1C Val: 0x0000000C
[inst #3474] addi x0,x0,0
Register Write to Reg: 0x00 Val: 0x00000000
[inst #3475] addi x0,x0,0
Register Write to Reg: 0x00 Val: 0x00000000
[inst #3476] addi x0,x0,0
Register Write to Reg: 0x00 Val: 0x00000000
[inst #3477] srli x28,x28,1
Register Write to Reg: 0x1C Val: 0x00000006
[inst #3478] addi x0,x0,0
Register Write to Reg: 0x00 Val: 0x00000000
[inst #3479] addi x0,x0,0
Register Write to Reg: 0x00 Val: 0x00000000
[inst #3480] addi x0,x0,0
Register Write to Reg: 0x00 Val: 0x00000000
[inst #3481] srai x28,x28,1
Register Write to Reg: 0x1C Val: 0x00000003
[inst #3482] addi x0,x0,0
Register Write to Reg: 0x00 Val: 0x00000000
[inst #3483] addi x0,x0,0
Register Write to Reg: 0x00 Val: 0x00000000
[inst #3484] addi x0,x0,0
Register Write to Reg: 0x00 Val: 0x00000000
[inst #3485] slli x28,x28,2
Register Write to Reg: 0x1C Val: 0x0000000C
[inst #3486] addi x0,x0,0
Register Write to Reg: 0x00 Val: 0x00000000
[inst #3487] addi x0,x0,0
Register Write to Reg: 0x00 Val: 0x00000000
[inst #3488] addi x0,x0,0
Register Write to Reg: 0x00 Val: 0x00000000
[inst #3489] xor x31,x1,x7
Register Write to Reg: 0x1F Val: 0x004002F3
[inst #3490] addi x0,x0,0
Register Write to Reg: 0x00 Val: 0x00000000
[inst #3491] addi x0,x0,0
Register Write to Reg: 0x00 Val: 0x00000000
[inst #3492] addi x0,x0,0
Register Write to Reg: 0x00 Val: 0x00000000
[inst #3493] or x31,x1,x7
Register Write to Reg: 0x1F Val: 0x004002F3
[inst #3494] addi x0,x0,0
Register Write to Reg: 0x00 Val: 0x00000000
[inst #3495] addi x0,x0,0
Register Write to Reg: 0x00 Val: 0x00000000
[inst #3496] addi x0,x0,0
Register Write to Reg: 0x00 Val: 0x00000000
[inst #3497] sub x31,x0,x31
Register Write to Reg: 0x1F Val: 0xFFBFFD0D
[inst #3498] addi x0,x0,0
Register Write to Reg: 0x00 Val: 0x00000000
[inst #3499] addi x0,x0,0
Register Write to Reg: 0x00 Val: 0x00000000
[inst #3500] addi x0,x0,0
Register Write to Reg: 0x00 Val: 0x00000000
[inst #3501] lui x7,65552
Register Write to Reg: 0x07 Val: 0x10010000
[inst #3502] addi x0,x0,0
Register Write to Reg: 0x00 Val: 0x00000000
[inst #3503] addi x0,x0,0
Register Write to Reg: 0x00 Val: 0x00000000
[inst #3504] addi x0,x0,0
Register Write to Reg: 0x00 Val: 0x00000000
[inst #3505] addi x7,x7,0
Register Write to Reg: 0x07 Val: 0x10010000
[inst #3506] lui x11,16
Register Write to Reg: 0x0B Val: 0x00010000
[inst #3507] addi x0,x0,0
Register Write to Reg: 0x00 Val: 0x00000000
[inst #3508] addi x0,x0,0
Register Write to Reg: 0x00 Val: 0x00000000
[inst #3509] addi x0,x0,0
Register Write to Reg: 0x00 Val: 0x00000000
[inst #3510] addi x11,x11,-1
Register Write to Reg: 0x0B Val: 0x0000FFFF
[inst #3511] addi x0,x0,0
Register Write to Reg: 0x00 Val: 0x00000000
[inst #3512] addi x0,x0,0
Register Write to Reg: 0x00 Val: 0x00000000
[inst #3513] addi x0,x0,0
Register Write to Reg: 0x00 Val: 0x00000000
[inst #3514] and x31,x7,x11
Register Write to Reg: 0x1F Val: 0x00000000
[inst #3515] addi x0,x0,0
Register Write to Reg: 0x00 Val: 0x00000000
[inst #3516] addi x0,x0,0
Register Write to Reg: 0x00 Val: 0x00000000
[inst #3517] addi x0,x0,0
Register Write to Reg: 0x00 Val: 0x00000000
[inst #3518] add x7,x29,x31
Register Write to Reg: 0x07 Val: 0x10010000
[inst #3519] addi x0,x0,0
Register Write to Reg: 0x00 Val: 0x00000000
[inst #3520] addi x0,x0,0
Register Write to Reg: 0x00 Val: 0x00000000
[inst #3521] addi x0,x0,0
Register Write to Reg: 0x00 Val: 0x00000000
[inst #3522] add x7,x28,x7
Register Write to Reg: 0x07 Val: 0x1001000C
[inst #3523] addi x0,x0,0
Register Write to Reg: 0x00 Val: 0x00000000
[inst #3524] addi x0,x0,0
Register Write to Reg: 0x00 Val: 0x00000000
[inst #3525] addi x0,x0,0
Register Write to Reg: 0x00 Val: 0x00000000
[inst #3526] lw x28,48(x8)
Register Write to Reg: 0x1C Val: 0x00000002
[inst #3527] addi x0,x0,0
Register Write to Reg: 0x00 Val: 0x00000000
[inst #3528] addi x0,x0,0
Register Write to Reg: 0x00 Val: 0x00000000
[inst #3529] addi x0,x0,0
Register Write to Reg: 0x00 Val: 0x00000000
[inst #3530] sw x28,0(x7)
Memory Write to Addr: 0x1001000C Val: 0x00000002
[inst #3531] add x2,x0,x8
Register Write to Reg: 0x02 Val: 0x10010F48
[inst #3532] addi x0,x0,0
Register Write to Reg: 0x00 Val: 0x00000000
[inst #3533] addi x0,x0,0
Register Write to Reg: 0x00 Val: 0x00000000
[inst #3534] addi x0,x0,0
Register Write to Reg: 0x00 Val: 0x00000000
[inst #3535] lw x1,44(x2)
Register Write to Reg: 0x01 Val: 0x004002B0
[inst #3536] lw x8,40(x2)
Register Write to Reg: 0x08 Val: 0x10010F78
[inst #3537] addi x0,x0,0
Register Write to Reg: 0x00 Val: 0x00000000
[inst #3538] addi x0,x0,0
Register Write to Reg: 0x00 Val: 0x00000000
[inst #3539] addi x0,x0,0
Register Write to Reg: 0x00 Val: 0x00000000
[inst #3540] addi x2,x2,48
Register Write to Reg: 0x02 Val: 0x10010F78
[inst #3541] addi x0,x0,0
Register Write to Reg: 0x00 Val: 0x00000000
[inst #3542] addi x0,x0,0
Register Write to Reg: 0x00 Val: 0x00000000
[inst #3543] jalr x0,x1,0
Register Write to Reg: 0x00 Val: 0x004004C0
[inst #3544] addi x7,x8,28
Register Write to Reg: 0x07 Val: 0x10010F94
[inst #3545] addi x0,x0,0
Register Write to Reg: 0x00 Val: 0x00000000
[inst #3546] addi x0,x0,0
Register Write to Reg: 0x00 Val: 0x00000000
[inst #3547] addi x0,x0,0
Register Write to Reg: 0x00 Val: 0x00000000
[inst #3548] add x29,x0,x7
Register Write to Reg: 0x1D Val: 0x10010F94
[inst #3549] addi x0,x0,0
Register Write to Reg: 0x00 Val: 0x00000000
[inst #3550] addi x0,x0,0
Register Write to Reg: 0x00 Val: 0x00000000
[inst #3551] addi x0,x0,0
Register Write to Reg: 0x00 Val: 0x00000000
[inst #3552] auipc x1,0
Register Write to Reg: 0x01 Val: 0x004002D0
[inst #3553] sll x0,x0,x0
Register Write to Reg: 0x00 Val: 0x00000000
[inst #3554] sll x0,x0,x0
Register Write to Reg: 0x00 Val: 0x00000000
[inst #3555] sll x0,x0,x0
Register Write to Reg: 0x00 Val: 0x00000000
[inst #3556] addi x1,x1,32
Register Write to Reg: 0x01 Val: 0x004002F0
[inst #3557] jal x0,936
Register Write to Reg: 0x00 Val: 0x004002E8
[inst #3558] addi x2,x2,-32
Register Write to Reg: 0x02 Val: 0x10010F58
[inst #3559] addi x0,x0,0
Register Write to Reg: 0x00 Val: 0x00000000
[inst #3560] addi x0,x0,0
Register Write to Reg: 0x00 Val: 0x00000000
[inst #3561] addi x0,x0,0
Register Write to Reg: 0x00 Val: 0x00000000
[inst #3562] sw x1,28(x2)
Memory Write to Addr: 0x10010F74 Val: 0x004002F0
[inst #3563] sw x8,24(x2)
Memory Write to Addr: 0x10010F70 Val: 0x10010F78
[inst #3564] addi x0,x0,0
Register Write to Reg: 0x00 Val: 0x00000000
[inst #3565] addi x0,x0,0
Register Write to Reg: 0x00 Val: 0x00000000
[inst #3566] addi x0,x0,0
Register Write to Reg: 0x00 Val: 0x00000000
[inst #3567] add x8,x0,x2
Register Write to Reg: 0x08 Val: 0x10010F58
[inst #3568] addi x0,x0,0
Register Write to Reg: 0x00 Val: 0x00000000
[inst #3569] addi x0,x0,0
Register Write to Reg: 0x00 Val: 0x00000000
[inst #3570] addi x0,x0,0
Register Write to Reg: 0x00 Val: 0x00000000
[inst #3571] sw x29,32(x8)
Memory Write to Addr: 0x10010F78 Val: 0x10010F94
[inst #3572] jal x0,288
Register Write to Reg: 0x00 Val: 0x004006C8
[inst #3573] lw x7,32(x8)
Register Write to Reg: 0x07 Val: 0x10010F94
[inst #3574] addi x0,x0,0
Register Write to Reg: 0x00 Val: 0x00000000
[inst #3575] addi x0,x0,0
Register Write to Reg: 0x00 Val: 0x00000000
[inst #3576] addi x0,x0,0
Register Write to Reg: 0x00 Val: 0x00000000
[inst #3577] lw x7,4(x7)
Register Write to Reg: 0x07 Val: 0x00000003
[inst #3578] addi x0,x0,0
Register Write to Reg: 0x00 Val: 0x00000000
[inst #3579] addi x0,x0,0
Register Write to Reg: 0x00 Val: 0x00000000
[inst #3580] addi x0,x0,0
Register Write to Reg: 0x00 Val: 0x00000000
[inst #3581] slti x7,x7,4
Register Write to Reg: 0x07 Val: 0x00000001
[inst #3582] addi x0,x0,0
Register Write to Reg: 0x00 Val: 0x00000000
[inst #3583] addi x0,x0,0
Register Write to Reg: 0x00 Val: 0x00000000
[inst #3584] addi x0,x0,0
Register Write to Reg: 0x00 Val: 0x00000000
[inst #3585] beq x7,x0,24
[inst #3586] addi x0,x0,0
Register Write to Reg: 0x00 Val: 0x00000000
[inst #3587] addi x0,x0,0
Register Write to Reg: 0x00 Val: 0x00000000
[inst #3588] jal x0,-336
Register Write to Reg: 0x00 Val: 0x00400824
[inst #3589] lw x7,32(x8)
Register Write to Reg: 0x07 Val: 0x10010F94
[inst #3590] addi x0,x0,0
Register Write to Reg: 0x00 Val: 0x00000000
[inst #3591] addi x0,x0,0
Register Write to Reg: 0x00 Val: 0x00000000
[inst #3592] addi x0,x0,0
Register Write to Reg: 0x00 Val: 0x00000000
[inst #3593] lw x28,0(x7)
Register Write to Reg: 0x1C Val: 0x00000001
[inst #3594] addi x0,x0,0
Register Write to Reg: 0x00 Val: 0x00000000
[inst #3595] addi x0,x0,0
Register Write to Reg: 0x00 Val: 0x00000000
[inst #3596] addi x0,x0,0
Register Write to Reg: 0x00 Val: 0x00000000
[inst #3597] lw x7,32(x8)
Register Write to Reg: 0x07 Val: 0x10010F94
[inst #3598] addi x0,x0,0
Register Write to Reg: 0x00 Val: 0x00000000
[inst #3599] addi x0,x0,0
Register Write to Reg: 0x00 Val: 0x00000000
[inst #3600] addi x0,x0,0
Register Write to Reg: 0x00 Val: 0x00000000
[inst #3601] lw x7,4(x7)
Register Write to Reg: 0x07 Val: 0x00000003
[inst #3602] addi x0,x0,0
Register Write to Reg: 0x00 Val: 0x00000000
[inst #3603] addi x0,x0,0
Register Write to Reg: 0x00 Val: 0x00000000
[inst #3604] addi x0,x0,0
Register Write to Reg: 0x00 Val: 0x00000000
[inst #3605] add x30,x0,x7
Register Write to Reg: 0x1E Val: 0x00000003
[inst #3606] add x29,x0,x28
Register Write to Reg: 0x1D Val: 0x00000001
[inst #3607] addi x0,x0,0
Register Write to Reg: 0x00 Val: 0x00000000
[inst #3608] addi x0,x0,0
Register Write to Reg: 0x00 Val: 0x00000000
[inst #3609] addi x0,x0,0
Register Write to Reg: 0x00 Val: 0x00000000
[inst #3610] auipc x1,0
Register Write to Reg: 0x01 Val: 0x00400724
[inst #3611] sll x0,x0,x0
Register Write to Reg: 0x00 Val: 0x00000000
[inst #3612] sll x0,x0,x0
Register Write to Reg: 0x00 Val: 0x00000000
[inst #3613] sll x0,x0,x0
Register Write to Reg: 0x00 Val: 0x00000000
[inst #3614] addi x1,x1,32
Register Write to Reg: 0x01 Val: 0x00400744
[inst #3615] jal x0,308
Register Write to Reg: 0x00 Val: 0x0040073C
[inst #3616] addi x2,x2,-32
Register Write to Reg: 0x02 Val: 0x10010F38
[inst #3617] addi x0,x0,0
Register Write to Reg: 0x00 Val: 0x00000000
[inst #3618] addi x0,x0,0
Register Write to Reg: 0x00 Val: 0x00000000
[inst #3619] addi x0,x0,0
Register Write to Reg: 0x00 Val: 0x00000000
[inst #3620] sw x8,28(x2)
Memory Write to Addr: 0x10010F54 Val: 0x10010F58
[inst #3621] addi x0,x0,0
Register Write to Reg: 0x00 Val: 0x00000000
[inst #3622] addi x0,x0,0
Register Write to Reg: 0x00 Val: 0x00000000
[inst #3623] addi x0,x0,0
Register Write to Reg: 0x00 Val: 0x00000000
[inst #3624] add x8,x0,x2
Register Write to Reg: 0x08 Val: 0x10010F38
[inst #3625] addi x0,x0,0
Register Write to Reg: 0x00 Val: 0x00000000
[inst #3626] addi x0,x0,0
Register Write to Reg: 0x00 Val: 0x00000000
[inst #3627] addi x0,x0,0
Register Write to Reg: 0x00 Val: 0x00000000
[inst #3628] sw x29,32(x8)
Memory Write to Addr: 0x10010F58 Val: 0x00000001
[inst #3629] sw x30,36(x8)
Memory Write to Addr: 0x10010F5C Val: 0x00000003
[inst #3630] lui x7,65552
Register Write to Reg: 0x07 Val: 0x10010000
[inst #3631] addi x0,x0,0
Register Write to Reg: 0x00 Val: 0x00000000
[inst #3632] addi x0,x0,0
Register Write to Reg: 0x00 Val: 0x00000000
[inst #3633] addi x0,x0,0
Register Write to Reg: 0x00 Val: 0x00000000
[inst #3634] addi x7,x7,8
Register Write to Reg: 0x07 Val: 0x10010008
[inst #3635] lw x28,32(x8)
Register Write to Reg: 0x1C Val: 0x00000001
[inst #3636] addi x0,x0,0
Register Write to Reg: 0x00 Val: 0x00000000
[inst #3637] addi x0,x0,0
Register Write to Reg: 0x00 Val: 0x00000000
[inst #3638] addi x0,x0,0
Register Write to Reg: 0x00 Val: 0x00000000
[inst #3639] slli x28,x28,2
Register Write to Reg: 0x1C Val: 0x00000004
[inst #3640] addi x0,x0,0
Register Write to Reg: 0x00 Val: 0x00000000
[inst #3641] addi x0,x0,0
Register Write to Reg: 0x00 Val: 0x00000000
[inst #3642] addi x0,x0,0
Register Write to Reg: 0x00 Val: 0x00000000
[inst #3643] add x7,x28,x7
Register Write to Reg: 0x07 Val: 0x1001000C
[inst #3644] addi x0,x0,0
Register Write to Reg: 0x00 Val: 0x00000000
[inst #3645] addi x0,x0,0
Register Write to Reg: 0x00 Val: 0x00000000
[inst #3646] addi x0,x0,0
Register Write to Reg: 0x00 Val: 0x00000000
[inst #3647] lw x7,0(x7)
Register Write to Reg: 0x07 Val: 0x00000002
[inst #3648] addi x0,x0,0
Register Write to Reg: 0x00 Val: 0x00000000
[inst #3649] addi x0,x0,0
Register Write to Reg: 0x00 Val: 0x00000000
[inst #3650] addi x0,x0,0
Register Write to Reg: 0x00 Val: 0x00000000
[inst #3651] sw x7,16(x8)
Memory Write to Addr: 0x10010F48 Val: 0x00000002
[inst #3652] addi x7,x0,1
Register Write to Reg: 0x07 Val: 0x00000001
[inst #3653] addi x0,x0,0
Register Write to Reg: 0x00 Val: 0x00000000
[inst #3654] addi x0,x0,0
Register Write to Reg: 0x00 Val: 0x00000000
[inst #3655] addi x0,x0,0
Register Write to Reg: 0x00 Val: 0x00000000
[inst #3656] sw x7,8(x8)
Memory Write to Addr: 0x10010F40 Val: 0x00000001
[inst #3657] sw x0,12(x8)
Memory Write to Addr: 0x10010F44 Val: 0x00000000
[inst #3658] jal x0,84
Register Write to Reg: 0x00 Val: 0x00400918
[inst #3659] lw x28,12(x8)
Register Write to Reg: 0x1C Val: 0x00000000
[inst #3660] lw x7,36(x8)
Register Write to Reg: 0x07 Val: 0x00000003
[inst #3661] addi x0,x0,0
Register Write to Reg: 0x00 Val: 0x00000000
[inst #3662] addi x0,x0,0
Register Write to Reg: 0x00 Val: 0x00000000
[inst #3663] addi x0,x0,0
Register Write to Reg: 0x00 Val: 0x00000000
[inst #3664] slt x7,x28,x7
Register Write to Reg: 0x07 Val: 0x00000001
[inst #3665] addi x0,x0,0
Register Write to Reg: 0x00 Val: 0x00000000
[inst #3666] addi x0,x0,0
Register Write to Reg: 0x00 Val: 0x00000000
[inst #3667] addi x0,x0,0
Register Write to Reg: 0x00 Val: 0x00000000
[inst #3668] beq x7,x0,24
[inst #3669] addi x0,x0,0
Register Write to Reg: 0x00 Val: 0x00000000
[inst #3670] addi x0,x0,0
Register Write to Reg: 0x00 Val: 0x00000000
[inst #3671] jal x0,-120
Register Write to Reg: 0x00 Val: 0x0040099C
[inst #3672] lw x7,8(x8)
Register Write to Reg: 0x07 Val: 0x00000001
[inst #3673] addi x0,x0,0
Register Write to Reg: 0x00 Val: 0x00000000
[inst #3674] addi x0,x0,0
Register Write to Reg: 0x00 Val: 0x00000000
[inst #3675] addi x0,x0,0
Register Write to Reg: 0x00 Val: 0x00000000
[inst #3676] slli x7,x7,1
Register Write to Reg: 0x07 Val: 0x00000002
[inst #3677] addi x0,x0,0
Register Write to Reg: 0x00 Val: 0x00000000
[inst #3678] addi x0,x0,0
Register Write to Reg: 0x00 Val: 0x00000000
[inst #3679] addi x0,x0,0
Register Write to Reg: 0x00 Val: 0x00000000
[inst #3680] sw x7,8(x8)
Memory Write to Addr: 0x10010F40 Val: 0x00000002
[inst #3681] lw x7,12(x8)
Register Write to Reg: 0x07 Val: 0x00000000
[inst #3682] addi x0,x0,0
Register Write to Reg: 0x00 Val: 0x00000000
[inst #3683] addi x0,x0,0
Register Write to Reg: 0x00 Val: 0x00000000
[inst #3684] addi x0,x0,0
Register Write to Reg: 0x00 Val: 0x00000000
[inst #3685] addi x7,x7,1
Register Write to Reg: 0x07 Val: 0x00000001
[inst #3686] addi x0,x0,0
Register Write to Reg: 0x00 Val: 0x00000000
[inst #3687] addi x0,x0,0
Register Write to Reg: 0x00 Val: 0x00000000
[inst #3688] addi x0,x0,0
Register Write to Reg: 0x00 Val: 0x00000000
[inst #3689] sw x7,12(x8)
Memory Write to Addr: 0x10010F44 Val: 0x00000001
[inst #3690] lw x28,12(x8)
Register Write to Reg: 0x1C Val: 0x00000001
[inst #3691] lw x7,36(x8)
Register Write to Reg: 0x07 Val: 0x00000003
[inst #3692] addi x0,x0,0
Register Write to Reg: 0x00 Val: 0x00000000
[inst #3693] addi x0,x0,0
Register Write to Reg: 0x00 Val: 0x00000000
[inst #3694] addi x0,x0,0
Register Write to Reg: 0x00 Val: 0x00000000
[inst #3695] slt x7,x28,x7
Register Write to Reg: 0x07 Val: 0x00000001
[inst #3696] addi x0,x0,0
Register Write to Reg: 0x00 Val: 0x00000000
[inst #3697] addi x0,x0,0
Register Write to Reg: 0x00 Val: 0x00000000
[inst #3698] addi x0,x0,0
Register Write to Reg: 0x00 Val: 0x00000000
[inst #3699] beq x7,x0,24
[inst #3700] addi x0,x0,0
Register Write to Reg: 0x00 Val: 0x00000000
[inst #3701] addi x0,x0,0
Register Write to Reg: 0x00 Val: 0x00000000
[inst #3702] jal x0,-120
Register Write to Reg: 0x00 Val: 0x0040099C
[inst #3703] lw x7,8(x8)
Register Write to Reg: 0x07 Val: 0x00000002
[inst #3704] addi x0,x0,0
Register Write to Reg: 0x00 Val: 0x00000000
[inst #3705] addi x0,x0,0
Register Write to Reg: 0x00 Val: 0x00000000
[inst #3706] addi x0,x0,0
Register Write to Reg: 0x00 Val: 0x00000000
[inst #3707] slli x7,x7,1
Register Write to Reg: 0x07 Val: 0x00000004
[inst #3708] addi x0,x0,0
Register Write to Reg: 0x00 Val: 0x00000000
[inst #3709] addi x0,x0,0
Register Write to Reg: 0x00 Val: 0x00000000
[inst #3710] addi x0,x0,0
Register Write to Reg: 0x00 Val: 0x00000000
[inst #3711] sw x7,8(x8)
Memory Write to Addr: 0x10010F40 Val: 0x00000004
[inst #3712] lw x7,12(x8)
Register Write to Reg: 0x07 Val: 0x00000001
[inst #3713] addi x0,x0,0
Register Write to Reg: 0x00 Val: 0x00000000
[inst #3714] addi x0,x0,0
Register Write to Reg: 0x00 Val: 0x00000000
[inst #3715] addi x0,x0,0
Register Write to Reg: 0x00 Val: 0x00000000
[inst #3716] addi x7,x7,1
Register Write to Reg: 0x07 Val: 0x00000002
[inst #3717] addi x0,x0,0
Register Write to Reg: 0x00 Val: 0x00000000
[inst #3718] addi x0,x0,0
Register Write to Reg: 0x00 Val: 0x00000000
[inst #3719] addi x0,x0,0
Register Write to Reg: 0x00 Val: 0x00000000
[inst #3720] sw x7,12(x8)
Memory Write to Addr: 0x10010F44 Val: 0x00000002
[inst #3721] lw x28,12(x8)
Register Write to Reg: 0x1C Val: 0x00000002
[inst #3722] lw x7,36(x8)
Register Write to Reg: 0x07 Val: 0x00000003
[inst #3723] addi x0,x0,0
Register Write to Reg: 0x00 Val: 0x00000000
[inst #3724] addi x0,x0,0
Register Write to Reg: 0x00 Val: 0x00000000
[inst #3725] addi x0,x0,0
Register Write to Reg: 0x00 Val: 0x00000000
[inst #3726] slt x7,x28,x7
Register Write to Reg: 0x07 Val: 0x00000001
[inst #3727] addi x0,x0,0
Register Write to Reg: 0x00 Val: 0x00000000
[inst #3728] addi x0,x0,0
Register Write to Reg: 0x00 Val: 0x00000000
[inst #3729] addi x0,x0,0
Register Write to Reg: 0x00 Val: 0x00000000
[inst #3730] beq x7,x0,24
[inst #3731] addi x0,x0,0
Register Write to Reg: 0x00 Val: 0x00000000
[inst #3732] addi x0,x0,0
Register Write to Reg: 0x00 Val: 0x00000000
[inst #3733] jal x0,-120
Register Write to Reg: 0x00 Val: 0x0040099C
[inst #3734] lw x7,8(x8)
Register Write to Reg: 0x07 Val: 0x00000004
[inst #3735] addi x0,x0,0
Register Write to Reg: 0x00 Val: 0x00000000
[inst #3736] addi x0,x0,0
Register Write to Reg: 0x00 Val: 0x00000000
[inst #3737] addi x0,x0,0
Register Write to Reg: 0x00 Val: 0x00000000
[inst #3738] slli x7,x7,1
Register Write to Reg: 0x07 Val: 0x00000008
[inst #3739] addi x0,x0,0
Register Write to Reg: 0x00 Val: 0x00000000
[inst #3740] addi x0,x0,0
Register Write to Reg: 0x00 Val: 0x00000000
[inst #3741] addi x0,x0,0
Register Write to Reg: 0x00 Val: 0x00000000
[inst #3742] sw x7,8(x8)
Memory Write to Addr: 0x10010F40 Val: 0x00000008
[inst #3743] lw x7,12(x8)
Register Write to Reg: 0x07 Val: 0x00000002
[inst #3744] addi x0,x0,0
Register Write to Reg: 0x00 Val: 0x00000000
[inst #3745] addi x0,x0,0
Register Write to Reg: 0x00 Val: 0x00000000
[inst #3746] addi x0,x0,0
Register Write to Reg: 0x00 Val: 0x00000000
[inst #3747] addi x7,x7,1
Register Write to Reg: 0x07 Val: 0x00000003
[inst #3748] addi x0,x0,0
Register Write to Reg: 0x00 Val: 0x00000000
[inst #3749] addi x0,x0,0
Register Write to Reg: 0x00 Val: 0x00000000
[inst #3750] addi x0,x0,0
Register Write to Reg: 0x00 Val: 0x00000000
[inst #3751] sw x7,12(x8)
Memory Write to Addr: 0x10010F44 Val: 0x00000003
[inst #3752] lw x28,12(x8)
Register Write to Reg: 0x1C Val: 0x00000003
[inst #3753] lw x7,36(x8)
Register Write to Reg: 0x07 Val: 0x00000003
[inst #3754] addi x0,x0,0
Register Write to Reg: 0x00 Val: 0x00000000
[inst #3755] addi x0,x0,0
Register Write to Reg: 0x00 Val: 0x00000000
[inst #3756] addi x0,x0,0
Register Write to Reg: 0x00 Val: 0x00000000
[inst #3757] slt x7,x28,x7
Register Write to Reg: 0x07 Val: 0x00000000
[inst #3758] addi x0,x0,0
Register Write to Reg: 0x00 Val: 0x00000000
[inst #3759] addi x0,x0,0
Register Write to Reg: 0x00 Val: 0x00000000
[inst #3760] addi x0,x0,0
Register Write to Reg: 0x00 Val: 0x00000000
[inst #3761] beq x7,x0,24
[inst #3762] lw x28,8(x8)
Register Write to Reg: 0x1C Val: 0x00000008
[inst #3763] lw x7,16(x8)
Register Write to Reg: 0x07 Val: 0x00000002
[inst #3764] addi x0,x0,0
Register Write to Reg: 0x00 Val: 0x00000000
[inst #3765] addi x0,x0,0
Register Write to Reg: 0x00 Val: 0x00000000
[inst #3766] addi x0,x0,0
Register Write to Reg: 0x00 Val: 0x00000000
[inst #3767] and x7,x28,x7
Register Write to Reg: 0x07 Val: 0x00000000
[inst #3768] addi x0,x0,0
Register Write to Reg: 0x00 Val: 0x00000000
[inst #3769] addi x0,x0,0
Register Write to Reg: 0x00 Val: 0x00000000
[inst #3770] addi x0,x0,0
Register Write to Reg: 0x00 Val: 0x00000000
[inst #3771] slt x7,x0,x7
Register Write to Reg: 0x07 Val: 0x00000000
[inst #3772] addi x0,x0,0
Register Write to Reg: 0x00 Val: 0x00000000
[inst #3773] addi x0,x0,0
Register Write to Reg: 0x00 Val: 0x00000000
[inst #3774] addi x0,x0,0
Register Write to Reg: 0x00 Val: 0x00000000
[inst #3775] andi x7,x7,255
Register Write to Reg: 0x07 Val: 0x00000000
[inst #3776] addi x0,x0,0
Register Write to Reg: 0x00 Val: 0x00000000
[inst #3777] addi x0,x0,0
Register Write to Reg: 0x00 Val: 0x00000000
[inst #3778] addi x0,x0,0
Register Write to Reg: 0x00 Val: 0x00000000
[inst #3779] add x2,x0,x8
Register Write to Reg: 0x02 Val: 0x10010F38
[inst #3780] addi x0,x0,0
Register Write to Reg: 0x00 Val: 0x00000000
[inst #3781] addi x0,x0,0
Register Write to Reg: 0x00 Val: 0x00000000
[inst #3782] addi x0,x0,0
Register Write to Reg: 0x00 Val: 0x00000000
[inst #3783] lw x8,28(x2)
Register Write to Reg: 0x08 Val: 0x10010F58
[inst #3784] addi x0,x0,0
Register Write to Reg: 0x00 Val: 0x00000000
[inst #3785] addi x0,x0,0
Register Write to Reg: 0x00 Val: 0x00000000
[inst #3786] addi x0,x0,0
Register Write to Reg: 0x00 Val: 0x00000000
[inst #3787] addi x2,x2,32
Register Write to Reg: 0x02 Val: 0x10010F58
[inst #3788] addi x0,x0,0
Register Write to Reg: 0x00 Val: 0x00000000
[inst #3789] addi x0,x0,0
Register Write to Reg: 0x00 Val: 0x00000000
[inst #3790] jalr x0,x1,0
Register Write to Reg: 0x00 Val: 0x00400A18
[inst #3791] beq x7,x0,92
[inst #3792] lw x7,32(x8)
Register Write to Reg: 0x07 Val: 0x10010F94
[inst #3793] addi x0,x0,0
Register Write to Reg: 0x00 Val: 0x00000000
[inst #3794] addi x0,x0,0
Register Write to Reg: 0x00 Val: 0x00000000
[inst #3795] addi x0,x0,0
Register Write to Reg: 0x00 Val: 0x00000000
[inst #3796] lw x7,4(x7)
Register Write to Reg: 0x07 Val: 0x00000003
[inst #3797] addi x0,x0,0
Register Write to Reg: 0x00 Val: 0x00000000
[inst #3798] addi x0,x0,0
Register Write to Reg: 0x00 Val: 0x00000000
[inst #3799] addi x0,x0,0
Register Write to Reg: 0x00 Val: 0x00000000
[inst #3800] addi x28,x7,1
Register Write to Reg: 0x1C Val: 0x00000004
[inst #3801] addi x0,x0,0
Register Write to Reg: 0x00 Val: 0x00000000
[inst #3802] addi x0,x0,0
Register Write to Reg: 0x00 Val: 0x00000000
[inst #3803] addi x0,x0,0
Register Write to Reg: 0x00 Val: 0x00000000
[inst #3804] lw x7,32(x8)
Register Write to Reg: 0x07 Val: 0x10010F94
[inst #3805] addi x0,x0,0
Register Write to Reg: 0x00 Val: 0x00000000
[inst #3806] addi x0,x0,0
Register Write to Reg: 0x00 Val: 0x00000000
[inst #3807] addi x0,x0,0
Register Write to Reg: 0x00 Val: 0x00000000
[inst #3808] sw x28,4(x7)
Memory Write to Addr: 0x10010F98 Val: 0x00000004
[inst #3809] lw x7,32(x8)
Register Write to Reg: 0x07 Val: 0x10010F94
[inst #3810] addi x0,x0,0
Register Write to Reg: 0x00 Val: 0x00000000
[inst #3811] addi x0,x0,0
Register Write to Reg: 0x00 Val: 0x00000000
[inst #3812] addi x0,x0,0
Register Write to Reg: 0x00 Val: 0x00000000
[inst #3813] lw x7,4(x7)
Register Write to Reg: 0x07 Val: 0x00000004
[inst #3814] addi x0,x0,0
Register Write to Reg: 0x00 Val: 0x00000000
[inst #3815] addi x0,x0,0
Register Write to Reg: 0x00 Val: 0x00000000
[inst #3816] addi x0,x0,0
Register Write to Reg: 0x00 Val: 0x00000000
[inst #3817] slti x7,x7,4
Register Write to Reg: 0x07 Val: 0x00000000
[inst #3818] addi x0,x0,0
Register Write to Reg: 0x00 Val: 0x00000000
[inst #3819] addi x0,x0,0
Register Write to Reg: 0x00 Val: 0x00000000
[inst #3820] addi x0,x0,0
Register Write to Reg: 0x00 Val: 0x00000000
[inst #3821] beq x7,x0,24
[inst #3822] addi x7,x0,-1
Register Write to Reg: 0x07 Val: 0xFFFFFFFF
[inst #3823] add x2,x0,x8
Register Write to Reg: 0x02 Val: 0x10010F58
[inst #3824] addi x0,x0,0
Register Write to Reg: 0x00 Val: 0x00000000
[inst #3825] addi x0,x0,0
Register Write to Reg: 0x00 Val: 0x00000000
[inst #3826] addi x0,x0,0
Register Write to Reg: 0x00 Val: 0x00000000
[inst #3827] lw x1,28(x2)
Register Write to Reg: 0x01 Val: 0x004002F0
[inst #3828] lw x8,24(x2)
Register Write to Reg: 0x08 Val: 0x10010F78
[inst #3829] addi x0,x0,0
Register Write to Reg: 0x00 Val: 0x00000000
[inst #3830] addi x0,x0,0
Register Write to Reg: 0x00 Val: 0x00000000
[inst #3831] addi x0,x0,0
Register Write to Reg: 0x00 Val: 0x00000000
[inst #3832] addi x2,x2,32
Register Write to Reg: 0x02 Val: 0x10010F78
[inst #3833] addi x0,x0,0
Register Write to Reg: 0x00 Val: 0x00000000
[inst #3834] addi x0,x0,0
Register Write to Reg: 0x00 Val: 0x00000000
[inst #3835] jalr x0,x1,0
Register Write to Reg: 0x00 Val: 0x00400864
[inst #3836] sw x7,24(x8)
Memory Write to Addr: 0x10010F90 Val: 0xFFFFFFFF
[inst #3837] lw x28,24(x8)
Register Write to Reg: 0x1C Val: 0xFFFFFFFF
[inst #3838] addi x0,x0,0
Register Write to Reg: 0x00 Val: 0x00000000
[inst #3839] addi x0,x0,0
Register Write to Reg: 0x00 Val: 0x00000000
[inst #3840] addi x0,x0,0
Register Write to Reg: 0x00 Val: 0x00000000
[inst #3841] addi x7,x0,-1
Register Write to Reg: 0x07 Val: 0xFFFFFFFF
[inst #3842] addi x0,x0,0
Register Write to Reg: 0x00 Val: 0x00000000
[inst #3843] addi x0,x0,0
Register Write to Reg: 0x00 Val: 0x00000000
[inst #3844] addi x0,x0,0
Register Write to Reg: 0x00 Val: 0x00000000
[inst #3845] beq x28,x7,24
[inst #3846] lui x7,65552
Register Write to Reg: 0x07 Val: 0x10010000
[inst #3847] addi x0,x0,0
Register Write to Reg: 0x00 Val: 0x00000000
[inst #3848] addi x0,x0,0
Register Write to Reg: 0x00 Val: 0x00000000
[inst #3849] addi x0,x0,0
Register Write to Reg: 0x00 Val: 0x00000000
[inst #3850] addi x7,x7,40
Register Write to Reg: 0x07 Val: 0x10010028
[inst #3851] addi x0,x0,0
Register Write to Reg: 0x00 Val: 0x00000000
[inst #3852] addi x0,x0,0
Register Write to Reg: 0x00 Val: 0x00000000
[inst #3853] addi x0,x0,0
Register Write to Reg: 0x00 Val: 0x00000000
[inst #3854] lw x7,0(x7)
Register Write to Reg: 0x07 Val: 0x00000002
[inst #3855] addi x0,x0,0
Register Write to Reg: 0x00 Val: 0x00000000
[inst #3856] addi x0,x0,0
Register Write to Reg: 0x00 Val: 0x00000000
[inst #3857] addi x0,x0,0
Register Write to Reg: 0x00 Val: 0x00000000
[inst #3858] addi x29,x7,-1
Register Write to Reg: 0x1D Val: 0x00000001
[inst #3859] addi x0,x0,0
Register Write to Reg: 0x00 Val: 0x00000000
[inst #3860] addi x0,x0,0
Register Write to Reg: 0x00 Val: 0x00000000
[inst #3861] addi x0,x0,0
Register Write to Reg: 0x00 Val: 0x00000000
[inst #3862] lui x28,65552
Register Write to Reg: 0x1C Val: 0x10010000
[inst #3863] addi x0,x0,0
Register Write to Reg: 0x00 Val: 0x00000000
[inst #3864] addi x0,x0,0
Register Write to Reg: 0x00 Val: 0x00000000
[inst #3865] addi x0,x0,0
Register Write to Reg: 0x00 Val: 0x00000000
[inst #3866] addi x28,x28,40
Register Write to Reg: 0x1C Val: 0x10010028
[inst #3867] addi x0,x0,0
Register Write to Reg: 0x00 Val: 0x00000000
[inst #3868] addi x0,x0,0
Register Write to Reg: 0x00 Val: 0x00000000
[inst #3869] addi x0,x0,0
Register Write to Reg: 0x00 Val: 0x00000000
[inst #3870] sw x29,0(x28)
Memory Write to Addr: 0x10010028 Val: 0x00000001
[inst #3871] lui x29,65552
Register Write to Reg: 0x1D Val: 0x10010000
[inst #3872] addi x0,x0,0
Register Write to Reg: 0x00 Val: 0x00000000
[inst #3873] addi x0,x0,0
Register Write to Reg: 0x00 Val: 0x00000000
[inst #3874] addi x0,x0,0
Register Write to Reg: 0x00 Val: 0x00000000
[inst #3875] addi x29,x29,0
Register Write to Reg: 0x1D Val: 0x10010000
[inst #3876] slli x28,x7,2
Register Write to Reg: 0x1C Val: 0x00000008
[inst #3877] addi x0,x0,0
Register Write to Reg: 0x00 Val: 0x00000000
[inst #3878] addi x0,x0,0
Register Write to Reg: 0x00 Val: 0x00000000
[inst #3879] addi x0,x0,0
Register Write to Reg: 0x00 Val: 0x00000000
[inst #3880] srli x28,x28,1
Register Write to Reg: 0x1C Val: 0x00000004
[inst #3881] addi x0,x0,0
Register Write to Reg: 0x00 Val: 0x00000000
[inst #3882] addi x0,x0,0
Register Write to Reg: 0x00 Val: 0x00000000
[inst #3883] addi x0,x0,0
Register Write to Reg: 0x00 Val: 0x00000000
[inst #3884] srai x28,x28,1
Register Write to Reg: 0x1C Val: 0x00000002
[inst #3885] addi x0,x0,0
Register Write to Reg: 0x00 Val: 0x00000000
[inst #3886] addi x0,x0,0
Register Write to Reg: 0x00 Val: 0x00000000
[inst #3887] addi x0,x0,0
Register Write to Reg: 0x00 Val: 0x00000000
[inst #3888] slli x28,x28,2
Register Write to Reg: 0x1C Val: 0x00000008
[inst #3889] addi x0,x0,0
Register Write to Reg: 0x00 Val: 0x00000000
[inst #3890] addi x0,x0,0
Register Write to Reg: 0x00 Val: 0x00000000
[inst #3891] addi x0,x0,0
Register Write to Reg: 0x00 Val: 0x00000000
[inst #3892] xor x31,x1,x7
Register Write to Reg: 0x1F Val: 0x004002F2
[inst #3893] addi x0,x0,0
Register Write to Reg: 0x00 Val: 0x00000000
[inst #3894] addi x0,x0,0
Register Write to Reg: 0x00 Val: 0x00000000
[inst #3895] addi x0,x0,0
Register Write to Reg: 0x00 Val: 0x00000000
[inst #3896] or x31,x1,x7
Register Write to Reg: 0x1F Val: 0x004002F2
[inst #3897] addi x0,x0,0
Register Write to Reg: 0x00 Val: 0x00000000
[inst #3898] addi x0,x0,0
Register Write to Reg: 0x00 Val: 0x00000000
[inst #3899] addi x0,x0,0
Register Write to Reg: 0x00 Val: 0x00000000
[inst #3900] sub x31,x0,x31
Register Write to Reg: 0x1F Val: 0xFFBFFD0E
[inst #3901] addi x0,x0,0
Register Write to Reg: 0x00 Val: 0x00000000
[inst #3902] addi x0,x0,0
Register Write to Reg: 0x00 Val: 0x00000000
[inst #3903] addi x0,x0,0
Register Write to Reg: 0x00 Val: 0x00000000
[inst #3904] lui x7,65552
Register Write to Reg: 0x07 Val: 0x10010000
[inst #3905] addi x0,x0,0
Register Write to Reg: 0x00 Val: 0x00000000
[inst #3906] addi x0,x0,0
Register Write to Reg: 0x00 Val: 0x00000000
[inst #3907] addi x0,x0,0
Register Write to Reg: 0x00 Val: 0x00000000
[inst #3908] addi x7,x7,0
Register Write to Reg: 0x07 Val: 0x10010000
[inst #3909] lui x11,16
Register Write to Reg: 0x0B Val: 0x00010000
[inst #3910] addi x0,x0,0
Register Write to Reg: 0x00 Val: 0x00000000
[inst #3911] addi x0,x0,0
Register Write to Reg: 0x00 Val: 0x00000000
[inst #3912] addi x0,x0,0
Register Write to Reg: 0x00 Val: 0x00000000
[inst #3913] addi x11,x11,-1
Register Write to Reg: 0x0B Val: 0x0000FFFF
[inst #3914] addi x0,x0,0
Register Write to Reg: 0x00 Val: 0x00000000
[inst #3915] addi x0,x0,0
Register Write to Reg: 0x00 Val: 0x00000000
[inst #3916] addi x0,x0,0
Register Write to Reg: 0x00 Val: 0x00000000
[inst #3917] and x31,x7,x11
Register Write to Reg: 0x1F Val: 0x00000000
[inst #3918] addi x0,x0,0
Register Write to Reg: 0x00 Val: 0x00000000
[inst #3919] addi x0,x0,0
Register Write to Reg: 0x00 Val: 0x00000000
[inst #3920] addi x0,x0,0
Register Write to Reg: 0x00 Val: 0x00000000
[inst #3921] add x7,x29,x31
Register Write to Reg: 0x07 Val: 0x10010000
[inst #3922] addi x0,x0,0
Register Write to Reg: 0x00 Val: 0x00000000
[inst #3923] addi x0,x0,0
Register Write to Reg: 0x00 Val: 0x00000000
[inst #3924] addi x0,x0,0
Register Write to Reg: 0x00 Val: 0x00000000
[inst #3925] add x7,x28,x7
Register Write to Reg: 0x07 Val: 0x10010008
[inst #3926] addi x0,x0,0
Register Write to Reg: 0x00 Val: 0x00000000
[inst #3927] addi x0,x0,0
Register Write to Reg: 0x00 Val: 0x00000000
[inst #3928] addi x0,x0,0
Register Write to Reg: 0x00 Val: 0x00000000
[inst #3929] lw x28,48(x8)
Register Write to Reg: 0x1C Val: 0x00000001
[inst #3930] addi x0,x0,0
Register Write to Reg: 0x00 Val: 0x00000000
[inst #3931] addi x0,x0,0
Register Write to Reg: 0x00 Val: 0x00000000
[inst #3932] addi x0,x0,0
Register Write to Reg: 0x00 Val: 0x00000000
[inst #3933] sw x28,0(x7)
Memory Write to Addr: 0x10010008 Val: 0x00000001
[inst #3934] add x2,x0,x8
Register Write to Reg: 0x02 Val: 0x10010F78
[inst #3935] addi x0,x0,0
Register Write to Reg: 0x00 Val: 0x00000000
[inst #3936] addi x0,x0,0
Register Write to Reg: 0x00 Val: 0x00000000
[inst #3937] addi x0,x0,0
Register Write to Reg: 0x00 Val: 0x00000000
[inst #3938] lw x1,44(x2)
Register Write to Reg: 0x01 Val: 0x004002B0
[inst #3939] lw x8,40(x2)
Register Write to Reg: 0x08 Val: 0x10010FA8
[inst #3940] addi x0,x0,0
Register Write to Reg: 0x00 Val: 0x00000000
[inst #3941] addi x0,x0,0
Register Write to Reg: 0x00 Val: 0x00000000
[inst #3942] addi x0,x0,0
Register Write to Reg: 0x00 Val: 0x00000000
[inst #3943] addi x2,x2,48
Register Write to Reg: 0x02 Val: 0x10010FA8
[inst #3944] addi x0,x0,0
Register Write to Reg: 0x00 Val: 0x00000000
[inst #3945] addi x0,x0,0
Register Write to Reg: 0x00 Val: 0x00000000
[inst #3946] jalr x0,x1,0
Register Write to Reg: 0x00 Val: 0x004004C0
[inst #3947] addi x7,x8,28
Register Write to Reg: 0x07 Val: 0x10010FC4
[inst #3948] addi x0,x0,0
Register Write to Reg: 0x00 Val: 0x00000000
[inst #3949] addi x0,x0,0
Register Write to Reg: 0x00 Val: 0x00000000
[inst #3950] addi x0,x0,0
Register Write to Reg: 0x00 Val: 0x00000000
[inst #3951] add x29,x0,x7
Register Write to Reg: 0x1D Val: 0x10010FC4
[inst #3952] addi x0,x0,0
Register Write to Reg: 0x00 Val: 0x00000000
[inst #3953] addi x0,x0,0
Register Write to Reg: 0x00 Val: 0x00000000
[inst #3954] addi x0,x0,0
Register Write to Reg: 0x00 Val: 0x00000000
[inst #3955] auipc x1,0
Register Write to Reg: 0x01 Val: 0x004002D0
[inst #3956] sll x0,x0,x0
Register Write to Reg: 0x00 Val: 0x00000000
[inst #3957] sll x0,x0,x0
Register Write to Reg: 0x00 Val: 0x00000000
[inst #3958] sll x0,x0,x0
Register Write to Reg: 0x00 Val: 0x00000000
[inst #3959] addi x1,x1,32
Register Write to Reg: 0x01 Val: 0x004002F0
[inst #3960] jal x0,936
Register Write to Reg: 0x00 Val: 0x004002E8
[inst #3961] addi x2,x2,-32
Register Write to Reg: 0x02 Val: 0x10010F88
[inst #3962] addi x0,x0,0
Register Write to Reg: 0x00 Val: 0x00000000
[inst #3963] addi x0,x0,0
Register Write to Reg: 0x00 Val: 0x00000000
[inst #3964] addi x0,x0,0
Register Write to Reg: 0x00 Val: 0x00000000
[inst #3965] sw x1,28(x2)
Memory Write to Addr: 0x10010FA4 Val: 0x004002F0
[inst #3966] sw x8,24(x2)
Memory Write to Addr: 0x10010FA0 Val: 0x10010FA8
[inst #3967] addi x0,x0,0
Register Write to Reg: 0x00 Val: 0x00000000
[inst #3968] addi x0,x0,0
Register Write to Reg: 0x00 Val: 0x00000000
[inst #3969] addi x0,x0,0
Register Write to Reg: 0x00 Val: 0x00000000
[inst #3970] add x8,x0,x2
Register Write to Reg: 0x08 Val: 0x10010F88
[inst #3971] addi x0,x0,0
Register Write to Reg: 0x00 Val: 0x00000000
[inst #3972] addi x0,x0,0
Register Write to Reg: 0x00 Val: 0x00000000
[inst #3973] addi x0,x0,0
Register Write to Reg: 0x00 Val: 0x00000000
[inst #3974] sw x29,32(x8)
Memory Write to Addr: 0x10010FA8 Val: 0x10010FC4
[inst #3975] jal x0,288
Register Write to Reg: 0x00 Val: 0x004006C8
[inst #3976] lw x7,32(x8)
Register Write to Reg: 0x07 Val: 0x10010FC4
[inst #3977] addi x0,x0,0
Register Write to Reg: 0x00 Val: 0x00000000
[inst #3978] addi x0,x0,0
Register Write to Reg: 0x00 Val: 0x00000000
[inst #3979] addi x0,x0,0
Register Write to Reg: 0x00 Val: 0x00000000
[inst #3980] lw x7,4(x7)
Register Write to Reg: 0x07 Val: 0x00000002
[inst #3981] addi x0,x0,0
Register Write to Reg: 0x00 Val: 0x00000000
[inst #3982] addi x0,x0,0
Register Write to Reg: 0x00 Val: 0x00000000
[inst #3983] addi x0,x0,0
Register Write to Reg: 0x00 Val: 0x00000000
[inst #3984] slti x7,x7,4
Register Write to Reg: 0x07 Val: 0x00000001
[inst #3985] addi x0,x0,0
Register Write to Reg: 0x00 Val: 0x00000000
[inst #3986] addi x0,x0,0
Register Write to Reg: 0x00 Val: 0x00000000
[inst #3987] addi x0,x0,0
Register Write to Reg: 0x00 Val: 0x00000000
[inst #3988] beq x7,x0,24
[inst #3989] addi x0,x0,0
Register Write to Reg: 0x00 Val: 0x00000000
[inst #3990] addi x0,x0,0
Register Write to Reg: 0x00 Val: 0x00000000
[inst #3991] jal x0,-336
Register Write to Reg: 0x00 Val: 0x00400824
[inst #3992] lw x7,32(x8)
Register Write to Reg: 0x07 Val: 0x10010FC4
[inst #3993] addi x0,x0,0
Register Write to Reg: 0x00 Val: 0x00000000
[inst #3994] addi x0,x0,0
Register Write to Reg: 0x00 Val: 0x00000000
[inst #3995] addi x0,x0,0
Register Write to Reg: 0x00 Val: 0x00000000
[inst #3996] lw x28,0(x7)
Register Write to Reg: 0x1C Val: 0x00000000
[inst #3997] addi x0,x0,0
Register Write to Reg: 0x00 Val: 0x00000000
[inst #3998] addi x0,x0,0
Register Write to Reg: 0x00 Val: 0x00000000
[inst #3999] addi x0,x0,0
Register Write to Reg: 0x00 Val: 0x00000000
[inst #4000] lw x7,32(x8)
Register Write to Reg: 0x07 Val: 0x10010FC4
[inst #4001] addi x0,x0,0
Register Write to Reg: 0x00 Val: 0x00000000
[inst #4002] addi x0,x0,0
Register Write to Reg: 0x00 Val: 0x00000000
[inst #4003] addi x0,x0,0
Register Write to Reg: 0x00 Val: 0x00000000
[inst #4004] lw x7,4(x7)
Register Write to Reg: 0x07 Val: 0x00000002
[inst #4005] addi x0,x0,0
Register Write to Reg: 0x00 Val: 0x00000000
[inst #4006] addi x0,x0,0
Register Write to Reg: 0x00 Val: 0x00000000
[inst #4007] addi x0,x0,0
Register Write to Reg: 0x00 Val: 0x00000000
[inst #4008] add x30,x0,x7
Register Write to Reg: 0x1E Val: 0x00000002
[inst #4009] add x29,x0,x28
Register Write to Reg: 0x1D Val: 0x00000000
[inst #4010] addi x0,x0,0
Register Write to Reg: 0x00 Val: 0x00000000
[inst #4011] addi x0,x0,0
Register Write to Reg: 0x00 Val: 0x00000000
[inst #4012] addi x0,x0,0
Register Write to Reg: 0x00 Val: 0x00000000
[inst #4013] auipc x1,0
Register Write to Reg: 0x01 Val: 0x00400724
[inst #4014] sll x0,x0,x0
Register Write to Reg: 0x00 Val: 0x00000000
[inst #4015] sll x0,x0,x0
Register Write to Reg: 0x00 Val: 0x00000000
[inst #4016] sll x0,x0,x0
Register Write to Reg: 0x00 Val: 0x00000000
[inst #4017] addi x1,x1,32
Register Write to Reg: 0x01 Val: 0x00400744
[inst #4018] jal x0,308
Register Write to Reg: 0x00 Val: 0x0040073C
[inst #4019] addi x2,x2,-32
Register Write to Reg: 0x02 Val: 0x10010F68
[inst #4020] addi x0,x0,0
Register Write to Reg: 0x00 Val: 0x00000000
[inst #4021] addi x0,x0,0
Register Write to Reg: 0x00 Val: 0x00000000
[inst #4022] addi x0,x0,0
Register Write to Reg: 0x00 Val: 0x00000000
[inst #4023] sw x8,28(x2)
Memory Write to Addr: 0x10010F84 Val: 0x10010F88
[inst #4024] addi x0,x0,0
Register Write to Reg: 0x00 Val: 0x00000000
[inst #4025] addi x0,x0,0
Register Write to Reg: 0x00 Val: 0x00000000
[inst #4026] addi x0,x0,0
Register Write to Reg: 0x00 Val: 0x00000000
[inst #4027] add x8,x0,x2
Register Write to Reg: 0x08 Val: 0x10010F68
[inst #4028] addi x0,x0,0
Register Write to Reg: 0x00 Val: 0x00000000
[inst #4029] addi x0,x0,0
Register Write to Reg: 0x00 Val: 0x00000000
[inst #4030] addi x0,x0,0
Register Write to Reg: 0x00 Val: 0x00000000
[inst #4031] sw x29,32(x8)
Memory Write to Addr: 0x10010F88 Val: 0x00000000
[inst #4032] sw x30,36(x8)
Memory Write to Addr: 0x10010F8C Val: 0x00000002
[inst #4033] lui x7,65552
Register Write to Reg: 0x07 Val: 0x10010000
[inst #4034] addi x0,x0,0
Register Write to Reg: 0x00 Val: 0x00000000
[inst #4035] addi x0,x0,0
Register Write to Reg: 0x00 Val: 0x00000000
[inst #4036] addi x0,x0,0
Register Write to Reg: 0x00 Val: 0x00000000
[inst #4037] addi x7,x7,8
Register Write to Reg: 0x07 Val: 0x10010008
[inst #4038] lw x28,32(x8)
Register Write to Reg: 0x1C Val: 0x00000000
[inst #4039] addi x0,x0,0
Register Write to Reg: 0x00 Val: 0x00000000
[inst #4040] addi x0,x0,0
Register Write to Reg: 0x00 Val: 0x00000000
[inst #4041] addi x0,x0,0
Register Write to Reg: 0x00 Val: 0x00000000
[inst #4042] slli x28,x28,2
Register Write to Reg: 0x1C Val: 0x00000000
[inst #4043] addi x0,x0,0
Register Write to Reg: 0x00 Val: 0x00000000
[inst #4044] addi x0,x0,0
Register Write to Reg: 0x00 Val: 0x00000000
[inst #4045] addi x0,x0,0
Register Write to Reg: 0x00 Val: 0x00000000
[inst #4046] add x7,x28,x7
Register Write to Reg: 0x07 Val: 0x10010008
[inst #4047] addi x0,x0,0
Register Write to Reg: 0x00 Val: 0x00000000
[inst #4048] addi x0,x0,0
Register Write to Reg: 0x00 Val: 0x00000000
[inst #4049] addi x0,x0,0
Register Write to Reg: 0x00 Val: 0x00000000
[inst #4050] lw x7,0(x7)
Register Write to Reg: 0x07 Val: 0x00000001
[inst #4051] addi x0,x0,0
Register Write to Reg: 0x00 Val: 0x00000000
[inst #4052] addi x0,x0,0
Register Write to Reg: 0x00 Val: 0x00000000
[inst #4053] addi x0,x0,0
Register Write to Reg: 0x00 Val: 0x00000000
[inst #4054] sw x7,16(x8)
Memory Write to Addr: 0x10010F78 Val: 0x00000001
[inst #4055] addi x7,x0,1
Register Write to Reg: 0x07 Val: 0x00000001
[inst #4056] addi x0,x0,0
Register Write to Reg: 0x00 Val: 0x00000000
[inst #4057] addi x0,x0,0
Register Write to Reg: 0x00 Val: 0x00000000
[inst #4058] addi x0,x0,0
Register Write to Reg: 0x00 Val: 0x00000000
[inst #4059] sw x7,8(x8)
Memory Write to Addr: 0x10010F70 Val: 0x00000001
[inst #4060] sw x0,12(x8)
Memory Write to Addr: 0x10010F74 Val: 0x00000000
[inst #4061] jal x0,84
Register Write to Reg: 0x00 Val: 0x00400918
[inst #4062] lw x28,12(x8)
Register Write to Reg: 0x1C Val: 0x00000000
[inst #4063] lw x7,36(x8)
Register Write to Reg: 0x07 Val: 0x00000002
[inst #4064] addi x0,x0,0
Register Write to Reg: 0x00 Val: 0x00000000
[inst #4065] addi x0,x0,0
Register Write to Reg: 0x00 Val: 0x00000000
[inst #4066] addi x0,x0,0
Register Write to Reg: 0x00 Val: 0x00000000
[inst #4067] slt x7,x28,x7
Register Write to Reg: 0x07 Val: 0x00000001
[inst #4068] addi x0,x0,0
Register Write to Reg: 0x00 Val: 0x00000000
[inst #4069] addi x0,x0,0
Register Write to Reg: 0x00 Val: 0x00000000
[inst #4070] addi x0,x0,0
Register Write to Reg: 0x00 Val: 0x00000000
[inst #4071] beq x7,x0,24
[inst #4072] addi x0,x0,0
Register Write to Reg: 0x00 Val: 0x00000000
[inst #4073] addi x0,x0,0
Register Write to Reg: 0x00 Val: 0x00000000
[inst #4074] jal x0,-120
Register Write to Reg: 0x00 Val: 0x0040099C
[inst #4075] lw x7,8(x8)
Register Write to Reg: 0x07 Val: 0x00000001
[inst #4076] addi x0,x0,0
Register Write to Reg: 0x00 Val: 0x00000000
[inst #4077] addi x0,x0,0
Register Write to Reg: 0x00 Val: 0x00000000
[inst #4078] addi x0,x0,0
Register Write to Reg: 0x00 Val: 0x00000000
[inst #4079] slli x7,x7,1
Register Write to Reg: 0x07 Val: 0x00000002
[inst #4080] addi x0,x0,0
Register Write to Reg: 0x00 Val: 0x00000000
[inst #4081] addi x0,x0,0
Register Write to Reg: 0x00 Val: 0x00000000
[inst #4082] addi x0,x0,0
Register Write to Reg: 0x00 Val: 0x00000000
[inst #4083] sw x7,8(x8)
Memory Write to Addr: 0x10010F70 Val: 0x00000002
[inst #4084] lw x7,12(x8)
Register Write to Reg: 0x07 Val: 0x00000000
[inst #4085] addi x0,x0,0
Register Write to Reg: 0x00 Val: 0x00000000
[inst #4086] addi x0,x0,0
Register Write to Reg: 0x00 Val: 0x00000000
[inst #4087] addi x0,x0,0
Register Write to Reg: 0x00 Val: 0x00000000
[inst #4088] addi x7,x7,1
Register Write to Reg: 0x07 Val: 0x00000001
[inst #4089] addi x0,x0,0
Register Write to Reg: 0x00 Val: 0x00000000
[inst #4090] addi x0,x0,0
Register Write to Reg: 0x00 Val: 0x00000000
[inst #4091] addi x0,x0,0
Register Write to Reg: 0x00 Val: 0x00000000
[inst #4092] sw x7,12(x8)
Memory Write to Addr: 0x10010F74 Val: 0x00000001
[inst #4093] lw x28,12(x8)
Register Write to Reg: 0x1C Val: 0x00000001
[inst #4094] lw x7,36(x8)
Register Write to Reg: 0x07 Val: 0x00000002
[inst #4095] addi x0,x0,0
Register Write to Reg: 0x00 Val: 0x00000000
[inst #4096] addi x0,x0,0
Register Write to Reg: 0x00 Val: 0x00000000
[inst #4097] addi x0,x0,0
Register Write to Reg: 0x00 Val: 0x00000000
[inst #4098] slt x7,x28,x7
Register Write to Reg: 0x07 Val: 0x00000001
[inst #4099] addi x0,x0,0
Register Write to Reg: 0x00 Val: 0x00000000
[inst #4100] addi x0,x0,0
Register Write to Reg: 0x00 Val: 0x00000000
[inst #4101] addi x0,x0,0
Register Write to Reg: 0x00 Val: 0x00000000
[inst #4102] beq x7,x0,24
[inst #4103] addi x0,x0,0
Register Write to Reg: 0x00 Val: 0x00000000
[inst #4104] addi x0,x0,0
Register Write to Reg: 0x00 Val: 0x00000000
[inst #4105] jal x0,-120
Register Write to Reg: 0x00 Val: 0x0040099C
[inst #4106] lw x7,8(x8)
Register Write to Reg: 0x07 Val: 0x00000002
[inst #4107] addi x0,x0,0
Register Write to Reg: 0x00 Val: 0x00000000
[inst #4108] addi x0,x0,0
Register Write to Reg: 0x00 Val: 0x00000000
[inst #4109] addi x0,x0,0
Register Write to Reg: 0x00 Val: 0x00000000
[inst #4110] slli x7,x7,1
Register Write to Reg: 0x07 Val: 0x00000004
[inst #4111] addi x0,x0,0
Register Write to Reg: 0x00 Val: 0x00000000
[inst #4112] addi x0,x0,0
Register Write to Reg: 0x00 Val: 0x00000000
[inst #4113] addi x0,x0,0
Register Write to Reg: 0x00 Val: 0x00000000
[inst #4114] sw x7,8(x8)
Memory Write to Addr: 0x10010F70 Val: 0x00000004
[inst #4115] lw x7,12(x8)
Register Write to Reg: 0x07 Val: 0x00000001
[inst #4116] addi x0,x0,0
Register Write to Reg: 0x00 Val: 0x00000000
[inst #4117] addi x0,x0,0
Register Write to Reg: 0x00 Val: 0x00000000
[inst #4118] addi x0,x0,0
Register Write to Reg: 0x00 Val: 0x00000000
[inst #4119] addi x7,x7,1
Register Write to Reg: 0x07 Val: 0x00000002
[inst #4120] addi x0,x0,0
Register Write to Reg: 0x00 Val: 0x00000000
[inst #4121] addi x0,x0,0
Register Write to Reg: 0x00 Val: 0x00000000
[inst #4122] addi x0,x0,0
Register Write to Reg: 0x00 Val: 0x00000000
[inst #4123] sw x7,12(x8)
Memory Write to Addr: 0x10010F74 Val: 0x00000002
[inst #4124] lw x28,12(x8)
Register Write to Reg: 0x1C Val: 0x00000002
[inst #4125] lw x7,36(x8)
Register Write to Reg: 0x07 Val: 0x00000002
[inst #4126] addi x0,x0,0
Register Write to Reg: 0x00 Val: 0x00000000
[inst #4127] addi x0,x0,0
Register Write to Reg: 0x00 Val: 0x00000000
[inst #4128] addi x0,x0,0
Register Write to Reg: 0x00 Val: 0x00000000
[inst #4129] slt x7,x28,x7
Register Write to Reg: 0x07 Val: 0x00000000
[inst #4130] addi x0,x0,0
Register Write to Reg: 0x00 Val: 0x00000000
[inst #4131] addi x0,x0,0
Register Write to Reg: 0x00 Val: 0x00000000
[inst #4132] addi x0,x0,0
Register Write to Reg: 0x00 Val: 0x00000000
[inst #4133] beq x7,x0,24
[inst #4134] lw x28,8(x8)
Register Write to Reg: 0x1C Val: 0x00000004
[inst #4135] lw x7,16(x8)
Register Write to Reg: 0x07 Val: 0x00000001
[inst #4136] addi x0,x0,0
Register Write to Reg: 0x00 Val: 0x00000000
[inst #4137] addi x0,x0,0
Register Write to Reg: 0x00 Val: 0x00000000
[inst #4138] addi x0,x0,0
Register Write to Reg: 0x00 Val: 0x00000000
[inst #4139] and x7,x28,x7
Register Write to Reg: 0x07 Val: 0x00000000
[inst #4140] addi x0,x0,0
Register Write to Reg: 0x00 Val: 0x00000000
[inst #4141] addi x0,x0,0
Register Write to Reg: 0x00 Val: 0x00000000
[inst #4142] addi x0,x0,0
Register Write to Reg: 0x00 Val: 0x00000000
[inst #4143] slt x7,x0,x7
Register Write to Reg: 0x07 Val: 0x00000000
[inst #4144] addi x0,x0,0
Register Write to Reg: 0x00 Val: 0x00000000
[inst #4145] addi x0,x0,0
Register Write to Reg: 0x00 Val: 0x00000000
[inst #4146] addi x0,x0,0
Register Write to Reg: 0x00 Val: 0x00000000
[inst #4147] andi x7,x7,255
Register Write to Reg: 0x07 Val: 0x00000000
[inst #4148] addi x0,x0,0
Register Write to Reg: 0x00 Val: 0x00000000
[inst #4149] addi x0,x0,0
Register Write to Reg: 0x00 Val: 0x00000000
[inst #4150] addi x0,x0,0
Register Write to Reg: 0x00 Val: 0x00000000
[inst #4151] add x2,x0,x8
Register Write to Reg: 0x02 Val: 0x10010F68
[inst #4152] addi x0,x0,0
Register Write to Reg: 0x00 Val: 0x00000000
[inst #4153] addi x0,x0,0
Register Write to Reg: 0x00 Val: 0x00000000
[inst #4154] addi x0,x0,0
Register Write to Reg: 0x00 Val: 0x00000000
[inst #4155] lw x8,28(x2)
Register Write to Reg: 0x08 Val: 0x10010F88
[inst #4156] addi x0,x0,0
Register Write to Reg: 0x00 Val: 0x00000000
[inst #4157] addi x0,x0,0
Register Write to Reg: 0x00 Val: 0x00000000
[inst #4158] addi x0,x0,0
Register Write to Reg: 0x00 Val: 0x00000000
[inst #4159] addi x2,x2,32
Register Write to Reg: 0x02 Val: 0x10010F88
[inst #4160] addi x0,x0,0
Register Write to Reg: 0x00 Val: 0x00000000
[inst #4161] addi x0,x0,0
Register Write to Reg: 0x00 Val: 0x00000000
[inst #4162] jalr x0,x1,0
Register Write to Reg: 0x00 Val: 0x00400A18
[inst #4163] beq x7,x0,92
[inst #4164] lw x7,32(x8)
Register Write to Reg: 0x07 Val: 0x10010FC4
[inst #4165] addi x0,x0,0
Register Write to Reg: 0x00 Val: 0x00000000
[inst #4166] addi x0,x0,0
Register Write to Reg: 0x00 Val: 0x00000000
[inst #4167] addi x0,x0,0
Register Write to Reg: 0x00 Val: 0x00000000
[inst #4168] lw x7,4(x7)
Register Write to Reg: 0x07 Val: 0x00000002
[inst #4169] addi x0,x0,0
Register Write to Reg: 0x00 Val: 0x00000000
[inst #4170] addi x0,x0,0
Register Write to Reg: 0x00 Val: 0x00000000
[inst #4171] addi x0,x0,0
Register Write to Reg: 0x00 Val: 0x00000000
[inst #4172] addi x28,x7,1
Register Write to Reg: 0x1C Val: 0x00000003
[inst #4173] addi x0,x0,0
Register Write to Reg: 0x00 Val: 0x00000000
[inst #4174] addi x0,x0,0
Register Write to Reg: 0x00 Val: 0x00000000
[inst #4175] addi x0,x0,0
Register Write to Reg: 0x00 Val: 0x00000000
[inst #4176] lw x7,32(x8)
Register Write to Reg: 0x07 Val: 0x10010FC4
[inst #4177] addi x0,x0,0
Register Write to Reg: 0x00 Val: 0x00000000
[inst #4178] addi x0,x0,0
Register Write to Reg: 0x00 Val: 0x00000000
[inst #4179] addi x0,x0,0
Register Write to Reg: 0x00 Val: 0x00000000
[inst #4180] sw x28,4(x7)
Memory Write to Addr: 0x10010FC8 Val: 0x00000003
[inst #4181] lw x7,32(x8)
Register Write to Reg: 0x07 Val: 0x10010FC4
[inst #4182] addi x0,x0,0
Register Write to Reg: 0x00 Val: 0x00000000
[inst #4183] addi x0,x0,0
Register Write to Reg: 0x00 Val: 0x00000000
[inst #4184] addi x0,x0,0
Register Write to Reg: 0x00 Val: 0x00000000
[inst #4185] lw x7,4(x7)
Register Write to Reg: 0x07 Val: 0x00000003
[inst #4186] addi x0,x0,0
Register Write to Reg: 0x00 Val: 0x00000000
[inst #4187] addi x0,x0,0
Register Write to Reg: 0x00 Val: 0x00000000
[inst #4188] addi x0,x0,0
Register Write to Reg: 0x00 Val: 0x00000000
[inst #4189] slti x7,x7,4
Register Write to Reg: 0x07 Val: 0x00000001
[inst #4190] addi x0,x0,0
Register Write to Reg: 0x00 Val: 0x00000000
[inst #4191] addi x0,x0,0
Register Write to Reg: 0x00 Val: 0x00000000
[inst #4192] addi x0,x0,0
Register Write to Reg: 0x00 Val: 0x00000000
[inst #4193] beq x7,x0,24
[inst #4194] addi x0,x0,0
Register Write to Reg: 0x00 Val: 0x00000000
[inst #4195] addi x0,x0,0
Register Write to Reg: 0x00 Val: 0x00000000
[inst #4196] jal x0,-336
Register Write to Reg: 0x00 Val: 0x00400824
[inst #4197] lw x7,32(x8)
Register Write to Reg: 0x07 Val: 0x10010FC4
[inst #4198] addi x0,x0,0
Register Write to Reg: 0x00 Val: 0x00000000
[inst #4199] addi x0,x0,0
Register Write to Reg: 0x00 Val: 0x00000000
[inst #4200] addi x0,x0,0
Register Write to Reg: 0x00 Val: 0x00000000
[inst #4201] lw x28,0(x7)
Register Write to Reg: 0x1C Val: 0x00000000
[inst #4202] addi x0,x0,0
Register Write to Reg: 0x00 Val: 0x00000000
[inst #4203] addi x0,x0,0
Register Write to Reg: 0x00 Val: 0x00000000
[inst #4204] addi x0,x0,0
Register Write to Reg: 0x00 Val: 0x00000000
[inst #4205] lw x7,32(x8)
Register Write to Reg: 0x07 Val: 0x10010FC4
[inst #4206] addi x0,x0,0
Register Write to Reg: 0x00 Val: 0x00000000
[inst #4207] addi x0,x0,0
Register Write to Reg: 0x00 Val: 0x00000000
[inst #4208] addi x0,x0,0
Register Write to Reg: 0x00 Val: 0x00000000
[inst #4209] lw x7,4(x7)
Register Write to Reg: 0x07 Val: 0x00000003
[inst #4210] addi x0,x0,0
Register Write to Reg: 0x00 Val: 0x00000000
[inst #4211] addi x0,x0,0
Register Write to Reg: 0x00 Val: 0x00000000
[inst #4212] addi x0,x0,0
Register Write to Reg: 0x00 Val: 0x00000000
[inst #4213] add x30,x0,x7
Register Write to Reg: 0x1E Val: 0x00000003
[inst #4214] add x29,x0,x28
Register Write to Reg: 0x1D Val: 0x00000000
[inst #4215] addi x0,x0,0
Register Write to Reg: 0x00 Val: 0x00000000
[inst #4216] addi x0,x0,0
Register Write to Reg: 0x00 Val: 0x00000000
[inst #4217] addi x0,x0,0
Register Write to Reg: 0x00 Val: 0x00000000
[inst #4218] auipc x1,0
Register Write to Reg: 0x01 Val: 0x00400724
[inst #4219] sll x0,x0,x0
Register Write to Reg: 0x00 Val: 0x00000000
[inst #4220] sll x0,x0,x0
Register Write to Reg: 0x00 Val: 0x00000000
[inst #4221] sll x0,x0,x0
Register Write to Reg: 0x00 Val: 0x00000000
[inst #4222] addi x1,x1,32
Register Write to Reg: 0x01 Val: 0x00400744
[inst #4223] jal x0,308
Register Write to Reg: 0x00 Val: 0x0040073C
[inst #4224] addi x2,x2,-32
Register Write to Reg: 0x02 Val: 0x10010F68
[inst #4225] addi x0,x0,0
Register Write to Reg: 0x00 Val: 0x00000000
[inst #4226] addi x0,x0,0
Register Write to Reg: 0x00 Val: 0x00000000
[inst #4227] addi x0,x0,0
Register Write to Reg: 0x00 Val: 0x00000000
[inst #4228] sw x8,28(x2)
Memory Write to Addr: 0x10010F84 Val: 0x10010F88
[inst #4229] addi x0,x0,0
Register Write to Reg: 0x00 Val: 0x00000000
[inst #4230] addi x0,x0,0
Register Write to Reg: 0x00 Val: 0x00000000
[inst #4231] addi x0,x0,0
Register Write to Reg: 0x00 Val: 0x00000000
[inst #4232] add x8,x0,x2
Register Write to Reg: 0x08 Val: 0x10010F68
[inst #4233] addi x0,x0,0
Register Write to Reg: 0x00 Val: 0x00000000
[inst #4234] addi x0,x0,0
Register Write to Reg: 0x00 Val: 0x00000000
[inst #4235] addi x0,x0,0
Register Write to Reg: 0x00 Val: 0x00000000
[inst #4236] sw x29,32(x8)
Memory Write to Addr: 0x10010F88 Val: 0x00000000
[inst #4237] sw x30,36(x8)
Memory Write to Addr: 0x10010F8C Val: 0x00000003
[inst #4238] lui x7,65552
Register Write to Reg: 0x07 Val: 0x10010000
[inst #4239] addi x0,x0,0
Register Write to Reg: 0x00 Val: 0x00000000
[inst #4240] addi x0,x0,0
Register Write to Reg: 0x00 Val: 0x00000000
[inst #4241] addi x0,x0,0
Register Write to Reg: 0x00 Val: 0x00000000
[inst #4242] addi x7,x7,8
Register Write to Reg: 0x07 Val: 0x10010008
[inst #4243] lw x28,32(x8)
Register Write to Reg: 0x1C Val: 0x00000000
[inst #4244] addi x0,x0,0
Register Write to Reg: 0x00 Val: 0x00000000
[inst #4245] addi x0,x0,0
Register Write to Reg: 0x00 Val: 0x00000000
[inst #4246] addi x0,x0,0
Register Write to Reg: 0x00 Val: 0x00000000
[inst #4247] slli x28,x28,2
Register Write to Reg: 0x1C Val: 0x00000000
[inst #4248] addi x0,x0,0
Register Write to Reg: 0x00 Val: 0x00000000
[inst #4249] addi x0,x0,0
Register Write to Reg: 0x00 Val: 0x00000000
[inst #4250] addi x0,x0,0
Register Write to Reg: 0x00 Val: 0x00000000
[inst #4251] add x7,x28,x7
Register Write to Reg: 0x07 Val: 0x10010008
[inst #4252] addi x0,x0,0
Register Write to Reg: 0x00 Val: 0x00000000
[inst #4253] addi x0,x0,0
Register Write to Reg: 0x00 Val: 0x00000000
[inst #4254] addi x0,x0,0
Register Write to Reg: 0x00 Val: 0x00000000
[inst #4255] lw x7,0(x7)
Register Write to Reg: 0x07 Val: 0x00000001
[inst #4256] addi x0,x0,0
Register Write to Reg: 0x00 Val: 0x00000000
[inst #4257] addi x0,x0,0
Register Write to Reg: 0x00 Val: 0x00000000
[inst #4258] addi x0,x0,0
Register Write to Reg: 0x00 Val: 0x00000000
[inst #4259] sw x7,16(x8)
Memory Write to Addr: 0x10010F78 Val: 0x00000001
[inst #4260] addi x7,x0,1
Register Write to Reg: 0x07 Val: 0x00000001
[inst #4261] addi x0,x0,0
Register Write to Reg: 0x00 Val: 0x00000000
[inst #4262] addi x0,x0,0
Register Write to Reg: 0x00 Val: 0x00000000
[inst #4263] addi x0,x0,0
Register Write to Reg: 0x00 Val: 0x00000000
[inst #4264] sw x7,8(x8)
Memory Write to Addr: 0x10010F70 Val: 0x00000001
[inst #4265] sw x0,12(x8)
Memory Write to Addr: 0x10010F74 Val: 0x00000000
[inst #4266] jal x0,84
Register Write to Reg: 0x00 Val: 0x00400918
[inst #4267] lw x28,12(x8)
Register Write to Reg: 0x1C Val: 0x00000000
[inst #4268] lw x7,36(x8)
Register Write to Reg: 0x07 Val: 0x00000003
[inst #4269] addi x0,x0,0
Register Write to Reg: 0x00 Val: 0x00000000
[inst #4270] addi x0,x0,0
Register Write to Reg: 0x00 Val: 0x00000000
[inst #4271] addi x0,x0,0
Register Write to Reg: 0x00 Val: 0x00000000
[inst #4272] slt x7,x28,x7
Register Write to Reg: 0x07 Val: 0x00000001
[inst #4273] addi x0,x0,0
Register Write to Reg: 0x00 Val: 0x00000000
[inst #4274] addi x0,x0,0
Register Write to Reg: 0x00 Val: 0x00000000
[inst #4275] addi x0,x0,0
Register Write to Reg: 0x00 Val: 0x00000000
[inst #4276] beq x7,x0,24
[inst #4277] addi x0,x0,0
Register Write to Reg: 0x00 Val: 0x00000000
[inst #4278] addi x0,x0,0
Register Write to Reg: 0x00 Val: 0x00000000
[inst #4279] jal x0,-120
Register Write to Reg: 0x00 Val: 0x0040099C
[inst #4280] lw x7,8(x8)
Register Write to Reg: 0x07 Val: 0x00000001
[inst #4281] addi x0,x0,0
Register Write to Reg: 0x00 Val: 0x00000000
[inst #4282] addi x0,x0,0
Register Write to Reg: 0x00 Val: 0x00000000
[inst #4283] addi x0,x0,0
Register Write to Reg: 0x00 Val: 0x00000000
[inst #4284] slli x7,x7,1
Register Write to Reg: 0x07 Val: 0x00000002
[inst #4285] addi x0,x0,0
Register Write to Reg: 0x00 Val: 0x00000000
[inst #4286] addi x0,x0,0
Register Write to Reg: 0x00 Val: 0x00000000
[inst #4287] addi x0,x0,0
Register Write to Reg: 0x00 Val: 0x00000000
[inst #4288] sw x7,8(x8)
Memory Write to Addr: 0x10010F70 Val: 0x00000002
[inst #4289] lw x7,12(x8)
Register Write to Reg: 0x07 Val: 0x00000000
[inst #4290] addi x0,x0,0
Register Write to Reg: 0x00 Val: 0x00000000
[inst #4291] addi x0,x0,0
Register Write to Reg: 0x00 Val: 0x00000000
[inst #4292] addi x0,x0,0
Register Write to Reg: 0x00 Val: 0x00000000
[inst #4293] addi x7,x7,1
Register Write to Reg: 0x07 Val: 0x00000001
[inst #4294] addi x0,x0,0
Register Write to Reg: 0x00 Val: 0x00000000
[inst #4295] addi x0,x0,0
Register Write to Reg: 0x00 Val: 0x00000000
[inst #4296] addi x0,x0,0
Register Write to Reg: 0x00 Val: 0x00000000
[inst #4297] sw x7,12(x8)
Memory Write to Addr: 0x10010F74 Val: 0x00000001
[inst #4298] lw x28,12(x8)
Register Write to Reg: 0x1C Val: 0x00000001
[inst #4299] lw x7,36(x8)
Register Write to Reg: 0x07 Val: 0x00000003
[inst #4300] addi x0,x0,0
Register Write to Reg: 0x00 Val: 0x00000000
[inst #4301] addi x0,x0,0
Register Write to Reg: 0x00 Val: 0x00000000
[inst #4302] addi x0,x0,0
Register Write to Reg: 0x00 Val: 0x00000000
[inst #4303] slt x7,x28,x7
Register Write to Reg: 0x07 Val: 0x00000001
[inst #4304] addi x0,x0,0
Register Write to Reg: 0x00 Val: 0x00000000
[inst #4305] addi x0,x0,0
Register Write to Reg: 0x00 Val: 0x00000000
[inst #4306] addi x0,x0,0
Register Write to Reg: 0x00 Val: 0x00000000
[inst #4307] beq x7,x0,24
[inst #4308] addi x0,x0,0
Register Write to Reg: 0x00 Val: 0x00000000
[inst #4309] addi x0,x0,0
Register Write to Reg: 0x00 Val: 0x00000000
[inst #4310] jal x0,-120
Register Write to Reg: 0x00 Val: 0x0040099C
[inst #4311] lw x7,8(x8)
Register Write to Reg: 0x07 Val: 0x00000002
[inst #4312] addi x0,x0,0
Register Write to Reg: 0x00 Val: 0x00000000
[inst #4313] addi x0,x0,0
Register Write to Reg: 0x00 Val: 0x00000000
[inst #4314] addi x0,x0,0
Register Write to Reg: 0x00 Val: 0x00000000
[inst #4315] slli x7,x7,1
Register Write to Reg: 0x07 Val: 0x00000004
[inst #4316] addi x0,x0,0
Register Write to Reg: 0x00 Val: 0x00000000
[inst #4317] addi x0,x0,0
Register Write to Reg: 0x00 Val: 0x00000000
[inst #4318] addi x0,x0,0
Register Write to Reg: 0x00 Val: 0x00000000
[inst #4319] sw x7,8(x8)
Memory Write to Addr: 0x10010F70 Val: 0x00000004
[inst #4320] lw x7,12(x8)
Register Write to Reg: 0x07 Val: 0x00000001
[inst #4321] addi x0,x0,0
Register Write to Reg: 0x00 Val: 0x00000000
[inst #4322] addi x0,x0,0
Register Write to Reg: 0x00 Val: 0x00000000
[inst #4323] addi x0,x0,0
Register Write to Reg: 0x00 Val: 0x00000000
[inst #4324] addi x7,x7,1
Register Write to Reg: 0x07 Val: 0x00000002
[inst #4325] addi x0,x0,0
Register Write to Reg: 0x00 Val: 0x00000000
[inst #4326] addi x0,x0,0
Register Write to Reg: 0x00 Val: 0x00000000
[inst #4327] addi x0,x0,0
Register Write to Reg: 0x00 Val: 0x00000000
[inst #4328] sw x7,12(x8)
Memory Write to Addr: 0x10010F74 Val: 0x00000002
[inst #4329] lw x28,12(x8)
Register Write to Reg: 0x1C Val: 0x00000002
[inst #4330] lw x7,36(x8)
Register Write to Reg: 0x07 Val: 0x00000003
[inst #4331] addi x0,x0,0
Register Write to Reg: 0x00 Val: 0x00000000
[inst #4332] addi x0,x0,0
Register Write to Reg: 0x00 Val: 0x00000000
[inst #4333] addi x0,x0,0
Register Write to Reg: 0x00 Val: 0x00000000
[inst #4334] slt x7,x28,x7
Register Write to Reg: 0x07 Val: 0x00000001
[inst #4335] addi x0,x0,0
Register Write to Reg: 0x00 Val: 0x00000000
[inst #4336] addi x0,x0,0
Register Write to Reg: 0x00 Val: 0x00000000
[inst #4337] addi x0,x0,0
Register Write to Reg: 0x00 Val: 0x00000000
[inst #4338] beq x7,x0,24
[inst #4339] addi x0,x0,0
Register Write to Reg: 0x00 Val: 0x00000000
[inst #4340] addi x0,x0,0
Register Write to Reg: 0x00 Val: 0x00000000
[inst #4341] jal x0,-120
Register Write to Reg: 0x00 Val: 0x0040099C
[inst #4342] lw x7,8(x8)
Register Write to Reg: 0x07 Val: 0x00000004
[inst #4343] addi x0,x0,0
Register Write to Reg: 0x00 Val: 0x00000000
[inst #4344] addi x0,x0,0
Register Write to Reg: 0x00 Val: 0x00000000
[inst #4345] addi x0,x0,0
Register Write to Reg: 0x00 Val: 0x00000000
[inst #4346] slli x7,x7,1
Register Write to Reg: 0x07 Val: 0x00000008
[inst #4347] addi x0,x0,0
Register Write to Reg: 0x00 Val: 0x00000000
[inst #4348] addi x0,x0,0
Register Write to Reg: 0x00 Val: 0x00000000
[inst #4349] addi x0,x0,0
Register Write to Reg: 0x00 Val: 0x00000000
[inst #4350] sw x7,8(x8)
Memory Write to Addr: 0x10010F70 Val: 0x00000008
[inst #4351] lw x7,12(x8)
Register Write to Reg: 0x07 Val: 0x00000002
[inst #4352] addi x0,x0,0
Register Write to Reg: 0x00 Val: 0x00000000
[inst #4353] addi x0,x0,0
Register Write to Reg: 0x00 Val: 0x00000000
[inst #4354] addi x0,x0,0
Register Write to Reg: 0x00 Val: 0x00000000
[inst #4355] addi x7,x7,1
Register Write to Reg: 0x07 Val: 0x00000003
[inst #4356] addi x0,x0,0
Register Write to Reg: 0x00 Val: 0x00000000
[inst #4357] addi x0,x0,0
Register Write to Reg: 0x00 Val: 0x00000000
[inst #4358] addi x0,x0,0
Register Write to Reg: 0x00 Val: 0x00000000
[inst #4359] sw x7,12(x8)
Memory Write to Addr: 0x10010F74 Val: 0x00000003
[inst #4360] lw x28,12(x8)
Register Write to Reg: 0x1C Val: 0x00000003
[inst #4361] lw x7,36(x8)
Register Write to Reg: 0x07 Val: 0x00000003
[inst #4362] addi x0,x0,0
Register Write to Reg: 0x00 Val: 0x00000000
[inst #4363] addi x0,x0,0
Register Write to Reg: 0x00 Val: 0x00000000
[inst #4364] addi x0,x0,0
Register Write to Reg: 0x00 Val: 0x00000000
[inst #4365] slt x7,x28,x7
Register Write to Reg: 0x07 Val: 0x00000000
[inst #4366] addi x0,x0,0
Register Write to Reg: 0x00 Val: 0x00000000
[inst #4367] addi x0,x0,0
Register Write to Reg: 0x00 Val: 0x00000000
[inst #4368] addi x0,x0,0
Register Write to Reg: 0x00 Val: 0x00000000
[inst #4369] beq x7,x0,24
[inst #4370] lw x28,8(x8)
Register Write to Reg: 0x1C Val: 0x00000008
[inst #4371] lw x7,16(x8)
Register Write to Reg: 0x07 Val: 0x00000001
[inst #4372] addi x0,x0,0
Register Write to Reg: 0x00 Val: 0x00000000
[inst #4373] addi x0,x0,0
Register Write to Reg: 0x00 Val: 0x00000000
[inst #4374] addi x0,x0,0
Register Write to Reg: 0x00 Val: 0x00000000
[inst #4375] and x7,x28,x7
Register Write to Reg: 0x07 Val: 0x00000000
[inst #4376] addi x0,x0,0
Register Write to Reg: 0x00 Val: 0x00000000
[inst #4377] addi x0,x0,0
Register Write to Reg: 0x00 Val: 0x00000000
[inst #4378] addi x0,x0,0
Register Write to Reg: 0x00 Val: 0x00000000
[inst #4379] slt x7,x0,x7
Register Write to Reg: 0x07 Val: 0x00000000
[inst #4380] addi x0,x0,0
Register Write to Reg: 0x00 Val: 0x00000000
[inst #4381] addi x0,x0,0
Register Write to Reg: 0x00 Val: 0x00000000
[inst #4382] addi x0,x0,0
Register Write to Reg: 0x00 Val: 0x00000000
[inst #4383] andi x7,x7,255
Register Write to Reg: 0x07 Val: 0x00000000
[inst #4384] addi x0,x0,0
Register Write to Reg: 0x00 Val: 0x00000000
[inst #4385] addi x0,x0,0
Register Write to Reg: 0x00 Val: 0x00000000
[inst #4386] addi x0,x0,0
Register Write to Reg: 0x00 Val: 0x00000000
[inst #4387] add x2,x0,x8
Register Write to Reg: 0x02 Val: 0x10010F68
[inst #4388] addi x0,x0,0
Register Write to Reg: 0x00 Val: 0x00000000
[inst #4389] addi x0,x0,0
Register Write to Reg: 0x00 Val: 0x00000000
[inst #4390] addi x0,x0,0
Register Write to Reg: 0x00 Val: 0x00000000
[inst #4391] lw x8,28(x2)
Register Write to Reg: 0x08 Val: 0x10010F88
[inst #4392] addi x0,x0,0
Register Write to Reg: 0x00 Val: 0x00000000
[inst #4393] addi x0,x0,0
Register Write to Reg: 0x00 Val: 0x00000000
[inst #4394] addi x0,x0,0
Register Write to Reg: 0x00 Val: 0x00000000
[inst #4395] addi x2,x2,32
Register Write to Reg: 0x02 Val: 0x10010F88
[inst #4396] addi x0,x0,0
Register Write to Reg: 0x00 Val: 0x00000000
[inst #4397] addi x0,x0,0
Register Write to Reg: 0x00 Val: 0x00000000
[inst #4398] jalr x0,x1,0
Register Write to Reg: 0x00 Val: 0x00400A18
[inst #4399] beq x7,x0,92
[inst #4400] lw x7,32(x8)
Register Write to Reg: 0x07 Val: 0x10010FC4
[inst #4401] addi x0,x0,0
Register Write to Reg: 0x00 Val: 0x00000000
[inst #4402] addi x0,x0,0
Register Write to Reg: 0x00 Val: 0x00000000
[inst #4403] addi x0,x0,0
Register Write to Reg: 0x00 Val: 0x00000000
[inst #4404] lw x7,4(x7)
Register Write to Reg: 0x07 Val: 0x00000003
[inst #4405] addi x0,x0,0
Register Write to Reg: 0x00 Val: 0x00000000
[inst #4406] addi x0,x0,0
Register Write to Reg: 0x00 Val: 0x00000000
[inst #4407] addi x0,x0,0
Register Write to Reg: 0x00 Val: 0x00000000
[inst #4408] addi x28,x7,1
Register Write to Reg: 0x1C Val: 0x00000004
[inst #4409] addi x0,x0,0
Register Write to Reg: 0x00 Val: 0x00000000
[inst #4410] addi x0,x0,0
Register Write to Reg: 0x00 Val: 0x00000000
[inst #4411] addi x0,x0,0
Register Write to Reg: 0x00 Val: 0x00000000
[inst #4412] lw x7,32(x8)
Register Write to Reg: 0x07 Val: 0x10010FC4
[inst #4413] addi x0,x0,0
Register Write to Reg: 0x00 Val: 0x00000000
[inst #4414] addi x0,x0,0
Register Write to Reg: 0x00 Val: 0x00000000
[inst #4415] addi x0,x0,0
Register Write to Reg: 0x00 Val: 0x00000000
[inst #4416] sw x28,4(x7)
Memory Write to Addr: 0x10010FC8 Val: 0x00000004
[inst #4417] lw x7,32(x8)
Register Write to Reg: 0x07 Val: 0x10010FC4
[inst #4418] addi x0,x0,0
Register Write to Reg: 0x00 Val: 0x00000000
[inst #4419] addi x0,x0,0
Register Write to Reg: 0x00 Val: 0x00000000
[inst #4420] addi x0,x0,0
Register Write to Reg: 0x00 Val: 0x00000000
[inst #4421] lw x7,4(x7)
Register Write to Reg: 0x07 Val: 0x00000004
[inst #4422] addi x0,x0,0
Register Write to Reg: 0x00 Val: 0x00000000
[inst #4423] addi x0,x0,0
Register Write to Reg: 0x00 Val: 0x00000000
[inst #4424] addi x0,x0,0
Register Write to Reg: 0x00 Val: 0x00000000
[inst #4425] slti x7,x7,4
Register Write to Reg: 0x07 Val: 0x00000000
[inst #4426] addi x0,x0,0
Register Write to Reg: 0x00 Val: 0x00000000
[inst #4427] addi x0,x0,0
Register Write to Reg: 0x00 Val: 0x00000000
[inst #4428] addi x0,x0,0
Register Write to Reg: 0x00 Val: 0x00000000
[inst #4429] beq x7,x0,24
[inst #4430] addi x7,x0,-1
Register Write to Reg: 0x07 Val: 0xFFFFFFFF
[inst #4431] add x2,x0,x8
Register Write to Reg: 0x02 Val: 0x10010F88
[inst #4432] addi x0,x0,0
Register Write to Reg: 0x00 Val: 0x00000000
[inst #4433] addi x0,x0,0
Register Write to Reg: 0x00 Val: 0x00000000
[inst #4434] addi x0,x0,0
Register Write to Reg: 0x00 Val: 0x00000000
[inst #4435] lw x1,28(x2)
Register Write to Reg: 0x01 Val: 0x004002F0
[inst #4436] lw x8,24(x2)
Register Write to Reg: 0x08 Val: 0x10010FA8
[inst #4437] addi x0,x0,0
Register Write to Reg: 0x00 Val: 0x00000000
[inst #4438] addi x0,x0,0
Register Write to Reg: 0x00 Val: 0x00000000
[inst #4439] addi x0,x0,0
Register Write to Reg: 0x00 Val: 0x00000000
[inst #4440] addi x2,x2,32
Register Write to Reg: 0x02 Val: 0x10010FA8
[inst #4441] addi x0,x0,0
Register Write to Reg: 0x00 Val: 0x00000000
[inst #4442] addi x0,x0,0
Register Write to Reg: 0x00 Val: 0x00000000
[inst #4443] jalr x0,x1,0
Register Write to Reg: 0x00 Val: 0x00400864
[inst #4444] sw x7,24(x8)
Memory Write to Addr: 0x10010FC0 Val: 0xFFFFFFFF
[inst #4445] lw x28,24(x8)
Register Write to Reg: 0x1C Val: 0xFFFFFFFF
[inst #4446] addi x0,x0,0
Register Write to Reg: 0x00 Val: 0x00000000
[inst #4447] addi x0,x0,0
Register Write to Reg: 0x00 Val: 0x00000000
[inst #4448] addi x0,x0,0
Register Write to Reg: 0x00 Val: 0x00000000
[inst #4449] addi x7,x0,-1
Register Write to Reg: 0x07 Val: 0xFFFFFFFF
[inst #4450] addi x0,x0,0
Register Write to Reg: 0x00 Val: 0x00000000
[inst #4451] addi x0,x0,0
Register Write to Reg: 0x00 Val: 0x00000000
[inst #4452] addi x0,x0,0
Register Write to Reg: 0x00 Val: 0x00000000
[inst #4453] beq x28,x7,24
[inst #4454] lui x7,65552
Register Write to Reg: 0x07 Val: 0x10010000
[inst #4455] addi x0,x0,0
Register Write to Reg: 0x00 Val: 0x00000000
[inst #4456] addi x0,x0,0
Register Write to Reg: 0x00 Val: 0x00000000
[inst #4457] addi x0,x0,0
Register Write to Reg: 0x00 Val: 0x00000000
[inst #4458] addi x7,x7,40
Register Write to Reg: 0x07 Val: 0x10010028
[inst #4459] addi x0,x0,0
Register Write to Reg: 0x00 Val: 0x00000000
[inst #4460] addi x0,x0,0
Register Write to Reg: 0x00 Val: 0x00000000
[inst #4461] addi x0,x0,0
Register Write to Reg: 0x00 Val: 0x00000000
[inst #4462] lw x7,0(x7)
Register Write to Reg: 0x07 Val: 0x00000001
[inst #4463] addi x0,x0,0
Register Write to Reg: 0x00 Val: 0x00000000
[inst #4464] addi x0,x0,0
Register Write to Reg: 0x00 Val: 0x00000000
[inst #4465] addi x0,x0,0
Register Write to Reg: 0x00 Val: 0x00000000
[inst #4466] addi x29,x7,-1
Register Write to Reg: 0x1D Val: 0x00000000
[inst #4467] addi x0,x0,0
Register Write to Reg: 0x00 Val: 0x00000000
[inst #4468] addi x0,x0,0
Register Write to Reg: 0x00 Val: 0x00000000
[inst #4469] addi x0,x0,0
Register Write to Reg: 0x00 Val: 0x00000000
[inst #4470] lui x28,65552
Register Write to Reg: 0x1C Val: 0x10010000
[inst #4471] addi x0,x0,0
Register Write to Reg: 0x00 Val: 0x00000000
[inst #4472] addi x0,x0,0
Register Write to Reg: 0x00 Val: 0x00000000
[inst #4473] addi x0,x0,0
Register Write to Reg: 0x00 Val: 0x00000000
[inst #4474] addi x28,x28,40
Register Write to Reg: 0x1C Val: 0x10010028
[inst #4475] addi x0,x0,0
Register Write to Reg: 0x00 Val: 0x00000000
[inst #4476] addi x0,x0,0
Register Write to Reg: 0x00 Val: 0x00000000
[inst #4477] addi x0,x0,0
Register Write to Reg: 0x00 Val: 0x00000000
[inst #4478] sw x29,0(x28)
Memory Write to Addr: 0x10010028 Val: 0x00000000
[inst #4479] lui x29,65552
Register Write to Reg: 0x1D Val: 0x10010000
[inst #4480] addi x0,x0,0
Register Write to Reg: 0x00 Val: 0x00000000
[inst #4481] addi x0,x0,0
Register Write to Reg: 0x00 Val: 0x00000000
[inst #4482] addi x0,x0,0
Register Write to Reg: 0x00 Val: 0x00000000
[inst #4483] addi x29,x29,0
Register Write to Reg: 0x1D Val: 0x10010000
[inst #4484] slli x28,x7,2
Register Write to Reg: 0x1C Val: 0x00000004
[inst #4485] addi x0,x0,0
Register Write to Reg: 0x00 Val: 0x00000000
[inst #4486] addi x0,x0,0
Register Write to Reg: 0x00 Val: 0x00000000
[inst #4487] addi x0,x0,0
Register Write to Reg: 0x00 Val: 0x00000000
[inst #4488] srli x28,x28,1
Register Write to Reg: 0x1C Val: 0x00000002
[inst #4489] addi x0,x0,0
Register Write to Reg: 0x00 Val: 0x00000000
[inst #4490] addi x0,x0,0
Register Write to Reg: 0x00 Val: 0x00000000
[inst #4491] addi x0,x0,0
Register Write to Reg: 0x00 Val: 0x00000000
[inst #4492] srai x28,x28,1
Register Write to Reg: 0x1C Val: 0x00000001
[inst #4493] addi x0,x0,0
Register Write to Reg: 0x00 Val: 0x00000000
[inst #4494] addi x0,x0,0
Register Write to Reg: 0x00 Val: 0x00000000
[inst #4495] addi x0,x0,0
Register Write to Reg: 0x00 Val: 0x00000000
[inst #4496] slli x28,x28,2
Register Write to Reg: 0x1C Val: 0x00000004
[inst #4497] addi x0,x0,0
Register Write to Reg: 0x00 Val: 0x00000000
[inst #4498] addi x0,x0,0
Register Write to Reg: 0x00 Val: 0x00000000
[inst #4499] addi x0,x0,0
Register Write to Reg: 0x00 Val: 0x00000000
[inst #4500] xor x31,x1,x7
Register Write to Reg: 0x1F Val: 0x004002F1
[inst #4501] addi x0,x0,0
Register Write to Reg: 0x00 Val: 0x00000000
[inst #4502] addi x0,x0,0
Register Write to Reg: 0x00 Val: 0x00000000
[inst #4503] addi x0,x0,0
Register Write to Reg: 0x00 Val: 0x00000000
[inst #4504] or x31,x1,x7
Register Write to Reg: 0x1F Val: 0x004002F1
[inst #4505] addi x0,x0,0
Register Write to Reg: 0x00 Val: 0x00000000
[inst #4506] addi x0,x0,0
Register Write to Reg: 0x00 Val: 0x00000000
[inst #4507] addi x0,x0,0
Register Write to Reg: 0x00 Val: 0x00000000
[inst #4508] sub x31,x0,x31
Register Write to Reg: 0x1F Val: 0xFFBFFD0F
[inst #4509] addi x0,x0,0
Register Write to Reg: 0x00 Val: 0x00000000
[inst #4510] addi x0,x0,0
Register Write to Reg: 0x00 Val: 0x00000000
[inst #4511] addi x0,x0,0
Register Write to Reg: 0x00 Val: 0x00000000
[inst #4512] lui x7,65552
Register Write to Reg: 0x07 Val: 0x10010000
[inst #4513] addi x0,x0,0
Register Write to Reg: 0x00 Val: 0x00000000
[inst #4514] addi x0,x0,0
Register Write to Reg: 0x00 Val: 0x00000000
[inst #4515] addi x0,x0,0
Register Write to Reg: 0x00 Val: 0x00000000
[inst #4516] addi x7,x7,0
Register Write to Reg: 0x07 Val: 0x10010000
[inst #4517] lui x11,16
Register Write to Reg: 0x0B Val: 0x00010000
[inst #4518] addi x0,x0,0
Register Write to Reg: 0x00 Val: 0x00000000
[inst #4519] addi x0,x0,0
Register Write to Reg: 0x00 Val: 0x00000000
[inst #4520] addi x0,x0,0
Register Write to Reg: 0x00 Val: 0x00000000
[inst #4521] addi x11,x11,-1
Register Write to Reg: 0x0B Val: 0x0000FFFF
[inst #4522] addi x0,x0,0
Register Write to Reg: 0x00 Val: 0x00000000
[inst #4523] addi x0,x0,0
Register Write to Reg: 0x00 Val: 0x00000000
[inst #4524] addi x0,x0,0
Register Write to Reg: 0x00 Val: 0x00000000
[inst #4525] and x31,x7,x11
Register Write to Reg: 0x1F Val: 0x00000000
[inst #4526] addi x0,x0,0
Register Write to Reg: 0x00 Val: 0x00000000
[inst #4527] addi x0,x0,0
Register Write to Reg: 0x00 Val: 0x00000000
[inst #4528] addi x0,x0,0
Register Write to Reg: 0x00 Val: 0x00000000
[inst #4529] add x7,x29,x31
Register Write to Reg: 0x07 Val: 0x10010000
[inst #4530] addi x0,x0,0
Register Write to Reg: 0x00 Val: 0x00000000
[inst #4531] addi x0,x0,0
Register Write to Reg: 0x00 Val: 0x00000000
[inst #4532] addi x0,x0,0
Register Write to Reg: 0x00 Val: 0x00000000
[inst #4533] add x7,x28,x7
Register Write to Reg: 0x07 Val: 0x10010004
[inst #4534] addi x0,x0,0
Register Write to Reg: 0x00 Val: 0x00000000
[inst #4535] addi x0,x0,0
Register Write to Reg: 0x00 Val: 0x00000000
[inst #4536] addi x0,x0,0
Register Write to Reg: 0x00 Val: 0x00000000
[inst #4537] lw x28,48(x8)
Register Write to Reg: 0x1C Val: 0x00000000
[inst #4538] addi x0,x0,0
Register Write to Reg: 0x00 Val: 0x00000000
[inst #4539] addi x0,x0,0
Register Write to Reg: 0x00 Val: 0x00000000
[inst #4540] addi x0,x0,0
Register Write to Reg: 0x00 Val: 0x00000000
[inst #4541] sw x28,0(x7)
Memory Write to Addr: 0x10010004 Val: 0x00000000
[inst #4542] add x2,x0,x8
Register Write to Reg: 0x02 Val: 0x10010FA8
[inst #4543] addi x0,x0,0
Register Write to Reg: 0x00 Val: 0x00000000
[inst #4544] addi x0,x0,0
Register Write to Reg: 0x00 Val: 0x00000000
[inst #4545] addi x0,x0,0
Register Write to Reg: 0x00 Val: 0x00000000
[inst #4546] lw x1,44(x2)
Register Write to Reg: 0x01 Val: 0x00400118
[inst #4547] lw x8,40(x2)
Register Write to Reg: 0x08 Val: 0x10010FD8
[inst #4548] addi x0,x0,0
Register Write to Reg: 0x00 Val: 0x00000000
[inst #4549] addi x0,x0,0
Register Write to Reg: 0x00 Val: 0x00000000
[inst #4550] addi x0,x0,0
Register Write to Reg: 0x00 Val: 0x00000000
[inst #4551] addi x2,x2,48
Register Write to Reg: 0x02 Val: 0x10010FD8
[inst #4552] addi x0,x0,0
Register Write to Reg: 0x00 Val: 0x00000000
[inst #4553] addi x0,x0,0
Register Write to Reg: 0x00 Val: 0x00000000
[inst #4554] jalr x0,x1,0
Register Write to Reg: 0x00 Val: 0x004004C0
[inst #4555] lw x7,24(x8)
Register Write to Reg: 0x07 Val: 0x00000000
[inst #4556] addi x0,x0,0
Register Write to Reg: 0x00 Val: 0x00000000
[inst #4557] addi x0,x0,0
Register Write to Reg: 0x00 Val: 0x00000000
[inst #4558] addi x0,x0,0
Register Write to Reg: 0x00 Val: 0x00000000
[inst #4559] addi x7,x7,1
Register Write to Reg: 0x07 Val: 0x00000001
[inst #4560] addi x0,x0,0
Register Write to Reg: 0x00 Val: 0x00000000
[inst #4561] addi x0,x0,0
Register Write to Reg: 0x00 Val: 0x00000000
[inst #4562] addi x0,x0,0
Register Write to Reg: 0x00 Val: 0x00000000
[inst #4563] sw x7,24(x8)
Memory Write to Addr: 0x10010FF0 Val: 0x00000001
[inst #4564] lw x7,24(x8)
Register Write to Reg: 0x07 Val: 0x00000001
[inst #4565] addi x0,x0,0
Register Write to Reg: 0x00 Val: 0x00000000
[inst #4566] addi x0,x0,0
Register Write to Reg: 0x00 Val: 0x00000000
[inst #4567] addi x0,x0,0
Register Write to Reg: 0x00 Val: 0x00000000
[inst #4568] slti x7,x7,4
Register Write to Reg: 0x07 Val: 0x00000001
[inst #4569] addi x0,x0,0
Register Write to Reg: 0x00 Val: 0x00000000
[inst #4570] addi x0,x0,0
Register Write to Reg: 0x00 Val: 0x00000000
[inst #4571] addi x0,x0,0
Register Write to Reg: 0x00 Val: 0x00000000
[inst #4572] beq x7,x0,24
[inst #4573] addi x0,x0,0
Register Write to Reg: 0x00 Val: 0x00000000
[inst #4574] addi x0,x0,0
Register Write to Reg: 0x00 Val: 0x00000000
[inst #4575] jal x0,-220
Register Write to Reg: 0x00 Val: 0x0040016C
[inst #4576] lw x29,24(x8)
Register Write to Reg: 0x1D Val: 0x00000001
[inst #4577] addi x0,x0,0
Register Write to Reg: 0x00 Val: 0x00000000
[inst #4578] addi x0,x0,0
Register Write to Reg: 0x00 Val: 0x00000000
[inst #4579] addi x0,x0,0
Register Write to Reg: 0x00 Val: 0x00000000
[inst #4580] auipc x1,0
Register Write to Reg: 0x01 Val: 0x0040009C
[inst #4581] sll x0,x0,x0
Register Write to Reg: 0x00 Val: 0x00000000
[inst #4582] sll x0,x0,x0
Register Write to Reg: 0x00 Val: 0x00000000
[inst #4583] sll x0,x0,x0
Register Write to Reg: 0x00 Val: 0x00000000
[inst #4584] addi x1,x1,32
Register Write to Reg: 0x01 Val: 0x004000BC
[inst #4585] jal x0,2812
Register Write to Reg: 0x00 Val: 0x004000B4
[inst #4586] addi x2,x2,-32
Register Write to Reg: 0x02 Val: 0x10010FB8
[inst #4587] addi x0,x0,0
Register Write to Reg: 0x00 Val: 0x00000000
[inst #4588] addi x0,x0,0
Register Write to Reg: 0x00 Val: 0x00000000
[inst #4589] addi x0,x0,0
Register Write to Reg: 0x00 Val: 0x00000000
[inst #4590] sw x8,28(x2)
Memory Write to Addr: 0x10010FD4 Val: 0x10010FD8
[inst #4591] addi x0,x0,0
Register Write to Reg: 0x00 Val: 0x00000000
[inst #4592] addi x0,x0,0
Register Write to Reg: 0x00 Val: 0x00000000
[inst #4593] addi x0,x0,0
Register Write to Reg: 0x00 Val: 0x00000000
[inst #4594] add x8,x0,x2
Register Write to Reg: 0x08 Val: 0x10010FB8
[inst #4595] addi x0,x0,0
Register Write to Reg: 0x00 Val: 0x00000000
[inst #4596] addi x0,x0,0
Register Write to Reg: 0x00 Val: 0x00000000
[inst #4597] addi x0,x0,0
Register Write to Reg: 0x00 Val: 0x00000000
[inst #4598] sw x29,32(x8)
Memory Write to Addr: 0x10010FD8 Val: 0x00000001
[inst #4599] ori x7,x0,1
Register Write to Reg: 0x07 Val: 0x00000001
[inst #4600] addi x0,x0,0
Register Write to Reg: 0x00 Val: 0x00000000
[inst #4601] addi x0,x0,0
Register Write to Reg: 0x00 Val: 0x00000000
[inst #4602] addi x0,x0,0
Register Write to Reg: 0x00 Val: 0x00000000
[inst #4603] sw x7,8(x8)
Memory Write to Addr: 0x10010FC0 Val: 0x00000001
[inst #4604] sw x0,12(x8)
Memory Write to Addr: 0x10010FC4 Val: 0x00000000
[inst #4605] jal x0,84
Register Write to Reg: 0x00 Val: 0x00400BFC
[inst #4606] lw x28,12(x8)
Register Write to Reg: 0x1C Val: 0x00000000
[inst #4607] lw x7,32(x8)
Register Write to Reg: 0x07 Val: 0x00000001
[inst #4608] addi x0,x0,0
Register Write to Reg: 0x00 Val: 0x00000000
[inst #4609] addi x0,x0,0
Register Write to Reg: 0x00 Val: 0x00000000
[inst #4610] addi x0,x0,0
Register Write to Reg: 0x00 Val: 0x00000000
[inst #4611] slt x7,x28,x7
Register Write to Reg: 0x07 Val: 0x00000001
[inst #4612] addi x0,x0,0
Register Write to Reg: 0x00 Val: 0x00000000
[inst #4613] addi x0,x0,0
Register Write to Reg: 0x00 Val: 0x00000000
[inst #4614] addi x0,x0,0
Register Write to Reg: 0x00 Val: 0x00000000
[inst #4615] beq x7,x0,24
[inst #4616] addi x0,x0,0
Register Write to Reg: 0x00 Val: 0x00000000
[inst #4617] addi x0,x0,0
Register Write to Reg: 0x00 Val: 0x00000000
[inst #4618] jal x0,-120
Register Write to Reg: 0x00 Val: 0x00400C80
[inst #4619] lw x7,8(x8)
Register Write to Reg: 0x07 Val: 0x00000001
[inst #4620] addi x0,x0,0
Register Write to Reg: 0x00 Val: 0x00000000
[inst #4621] addi x0,x0,0
Register Write to Reg: 0x00 Val: 0x00000000
[inst #4622] addi x0,x0,0
Register Write to Reg: 0x00 Val: 0x00000000
[inst #4623] slli x7,x7,8
Register Write to Reg: 0x07 Val: 0x00000100
[inst #4624] addi x0,x0,0
Register Write to Reg: 0x00 Val: 0x00000000
[inst #4625] addi x0,x0,0
Register Write to Reg: 0x00 Val: 0x00000000
[inst #4626] addi x0,x0,0
Register Write to Reg: 0x00 Val: 0x00000000
[inst #4627] sw x7,8(x8)
Memory Write to Addr: 0x10010FC0 Val: 0x00000100
[inst #4628] lw x7,12(x8)
Register Write to Reg: 0x07 Val: 0x00000000
[inst #4629] addi x0,x0,0
Register Write to Reg: 0x00 Val: 0x00000000
[inst #4630] addi x0,x0,0
Register Write to Reg: 0x00 Val: 0x00000000
[inst #4631] addi x0,x0,0
Register Write to Reg: 0x00 Val: 0x00000000
[inst #4632] addi x7,x7,1
Register Write to Reg: 0x07 Val: 0x00000001
[inst #4633] addi x0,x0,0
Register Write to Reg: 0x00 Val: 0x00000000
[inst #4634] addi x0,x0,0
Register Write to Reg: 0x00 Val: 0x00000000
[inst #4635] addi x0,x0,0
Register Write to Reg: 0x00 Val: 0x00000000
[inst #4636] sw x7,12(x8)
Memory Write to Addr: 0x10010FC4 Val: 0x00000001
[inst #4637] lw x28,12(x8)
Register Write to Reg: 0x1C Val: 0x00000001
[inst #4638] lw x7,32(x8)
Register Write to Reg: 0x07 Val: 0x00000001
[inst #4639] addi x0,x0,0
Register Write to Reg: 0x00 Val: 0x00000000
[inst #4640] addi x0,x0,0
Register Write to Reg: 0x00 Val: 0x00000000
[inst #4641] addi x0,x0,0
Register Write to Reg: 0x00 Val: 0x00000000
[inst #4642] slt x7,x28,x7
Register Write to Reg: 0x07 Val: 0x00000000
[inst #4643] addi x0,x0,0
Register Write to Reg: 0x00 Val: 0x00000000
[inst #4644] addi x0,x0,0
Register Write to Reg: 0x00 Val: 0x00000000
[inst #4645] addi x0,x0,0
Register Write to Reg: 0x00 Val: 0x00000000
[inst #4646] beq x7,x0,24
[inst #4647] lui x7,65552
Register Write to Reg: 0x07 Val: 0x10010000
[inst #4648] addi x0,x0,0
Register Write to Reg: 0x00 Val: 0x00000000
[inst #4649] addi x0,x0,0
Register Write to Reg: 0x00 Val: 0x00000000
[inst #4650] addi x0,x0,0
Register Write to Reg: 0x00 Val: 0x00000000
[inst #4651] addi x7,x7,36
Register Write to Reg: 0x07 Val: 0x10010024
[inst #4652] addi x0,x0,0
Register Write to Reg: 0x00 Val: 0x00000000
[inst #4653] addi x0,x0,0
Register Write to Reg: 0x00 Val: 0x00000000
[inst #4654] addi x0,x0,0
Register Write to Reg: 0x00 Val: 0x00000000
[inst #4655] lw x7,0(x7)
Register Write to Reg: 0x07 Val: 0x00010101
[inst #4656] addi x0,x0,0
Register Write to Reg: 0x00 Val: 0x00000000
[inst #4657] addi x0,x0,0
Register Write to Reg: 0x00 Val: 0x00000000
[inst #4658] addi x0,x0,0
Register Write to Reg: 0x00 Val: 0x00000000
[inst #4659] sw x7,16(x8)
Memory Write to Addr: 0x10010FC8 Val: 0x00010101
[inst #4660] lw x28,16(x8)
Register Write to Reg: 0x1C Val: 0x00010101
[inst #4661] addi x0,x0,0
Register Write to Reg: 0x00 Val: 0x00000000
[inst #4662] addi x0,x0,0
Register Write to Reg: 0x00 Val: 0x00000000
[inst #4663] addi x0,x0,0
Register Write to Reg: 0x00 Val: 0x00000000
[inst #4664] lw x7,8(x8)
Register Write to Reg: 0x07 Val: 0x00000100
[inst #4665] addi x0,x0,0
Register Write to Reg: 0x00 Val: 0x00000000
[inst #4666] addi x0,x0,0
Register Write to Reg: 0x00 Val: 0x00000000
[inst #4667] addi x0,x0,0
Register Write to Reg: 0x00 Val: 0x00000000
[inst #4668] and x7,x28,x7
Register Write to Reg: 0x07 Val: 0x00000100
[inst #4669] addi x0,x0,0
Register Write to Reg: 0x00 Val: 0x00000000
[inst #4670] addi x0,x0,0
Register Write to Reg: 0x00 Val: 0x00000000
[inst #4671] addi x0,x0,0
Register Write to Reg: 0x00 Val: 0x00000000
[inst #4672] slt x7,x0,x7
Register Write to Reg: 0x07 Val: 0x00000001
[inst #4673] addi x0,x0,0
Register Write to Reg: 0x00 Val: 0x00000000
[inst #4674] addi x0,x0,0
Register Write to Reg: 0x00 Val: 0x00000000
[inst #4675] addi x0,x0,0
Register Write to Reg: 0x00 Val: 0x00000000
[inst #4676] andi x7,x7,255
Register Write to Reg: 0x07 Val: 0x00000001
[inst #4677] addi x0,x0,0
Register Write to Reg: 0x00 Val: 0x00000000
[inst #4678] addi x0,x0,0
Register Write to Reg: 0x00 Val: 0x00000000
[inst #4679] addi x0,x0,0
Register Write to Reg: 0x00 Val: 0x00000000
[inst #4680] add x2,x0,x8
Register Write to Reg: 0x02 Val: 0x10010FB8
[inst #4681] addi x0,x0,0
Register Write to Reg: 0x00 Val: 0x00000000
[inst #4682] addi x0,x0,0
Register Write to Reg: 0x00 Val: 0x00000000
[inst #4683] addi x0,x0,0
Register Write to Reg: 0x00 Val: 0x00000000
[inst #4684] lw x8,28(x2)
Register Write to Reg: 0x08 Val: 0x10010FD8
[inst #4685] addi x0,x0,0
Register Write to Reg: 0x00 Val: 0x00000000
[inst #4686] addi x0,x0,0
Register Write to Reg: 0x00 Val: 0x00000000
[inst #4687] addi x0,x0,0
Register Write to Reg: 0x00 Val: 0x00000000
[inst #4688] addi x2,x2,32
Register Write to Reg: 0x02 Val: 0x10010FD8
[inst #4689] addi x0,x0,0
Register Write to Reg: 0x00 Val: 0x00000000
[inst #4690] addi x0,x0,0
Register Write to Reg: 0x00 Val: 0x00000000
[inst #4691] jalr x0,x1,0
Register Write to Reg: 0x00 Val: 0x00400D3C
[inst #4692] xori x7,x7,1
Register Write to Reg: 0x07 Val: 0x00000000
[inst #4693] addi x0,x0,0
Register Write to Reg: 0x00 Val: 0x00000000
[inst #4694] addi x0,x0,0
Register Write to Reg: 0x00 Val: 0x00000000
[inst #4695] addi x0,x0,0
Register Write to Reg: 0x00 Val: 0x00000000
[inst #4696] andi x7,x7,255
Register Write to Reg: 0x07 Val: 0x00000000
[inst #4697] addi x0,x0,0
Register Write to Reg: 0x00 Val: 0x00000000
[inst #4698] addi x0,x0,0
Register Write to Reg: 0x00 Val: 0x00000000
[inst #4699] addi x0,x0,0
Register Write to Reg: 0x00 Val: 0x00000000
[inst #4700] beq x7,x0,60
[inst #4701] lw x7,24(x8)
Register Write to Reg: 0x07 Val: 0x00000001
[inst #4702] addi x0,x0,0
Register Write to Reg: 0x00 Val: 0x00000000
[inst #4703] addi x0,x0,0
Register Write to Reg: 0x00 Val: 0x00000000
[inst #4704] addi x0,x0,0
Register Write to Reg: 0x00 Val: 0x00000000
[inst #4705] addi x7,x7,1
Register Write to Reg: 0x07 Val: 0x00000002
[inst #4706] addi x0,x0,0
Register Write to Reg: 0x00 Val: 0x00000000
[inst #4707] addi x0,x0,0
Register Write to Reg: 0x00 Val: 0x00000000
[inst #4708] addi x0,x0,0
Register Write to Reg: 0x00 Val: 0x00000000
[inst #4709] sw x7,24(x8)
Memory Write to Addr: 0x10010FF0 Val: 0x00000002
[inst #4710] lw x7,24(x8)
Register Write to Reg: 0x07 Val: 0x00000002
[inst #4711] addi x0,x0,0
Register Write to Reg: 0x00 Val: 0x00000000
[inst #4712] addi x0,x0,0
Register Write to Reg: 0x00 Val: 0x00000000
[inst #4713] addi x0,x0,0
Register Write to Reg: 0x00 Val: 0x00000000
[inst #4714] slti x7,x7,4
Register Write to Reg: 0x07 Val: 0x00000001
[inst #4715] addi x0,x0,0
Register Write to Reg: 0x00 Val: 0x00000000
[inst #4716] addi x0,x0,0
Register Write to Reg: 0x00 Val: 0x00000000
[inst #4717] addi x0,x0,0
Register Write to Reg: 0x00 Val: 0x00000000
[inst #4718] beq x7,x0,24
[inst #4719] addi x0,x0,0
Register Write to Reg: 0x00 Val: 0x00000000
[inst #4720] addi x0,x0,0
Register Write to Reg: 0x00 Val: 0x00000000
[inst #4721] jal x0,-220
Register Write to Reg: 0x00 Val: 0x0040016C
[inst #4722] lw x29,24(x8)
Register Write to Reg: 0x1D Val: 0x00000002
[inst #4723] addi x0,x0,0
Register Write to Reg: 0x00 Val: 0x00000000
[inst #4724] addi x0,x0,0
Register Write to Reg: 0x00 Val: 0x00000000
[inst #4725] addi x0,x0,0
Register Write to Reg: 0x00 Val: 0x00000000
[inst #4726] auipc x1,0
Register Write to Reg: 0x01 Val: 0x0040009C
[inst #4727] sll x0,x0,x0
Register Write to Reg: 0x00 Val: 0x00000000
[inst #4728] sll x0,x0,x0
Register Write to Reg: 0x00 Val: 0x00000000
[inst #4729] sll x0,x0,x0
Register Write to Reg: 0x00 Val: 0x00000000
[inst #4730] addi x1,x1,32
Register Write to Reg: 0x01 Val: 0x004000BC
[inst #4731] jal x0,2812
Register Write to Reg: 0x00 Val: 0x004000B4
[inst #4732] addi x2,x2,-32
Register Write to Reg: 0x02 Val: 0x10010FB8
[inst #4733] addi x0,x0,0
Register Write to Reg: 0x00 Val: 0x00000000
[inst #4734] addi x0,x0,0
Register Write to Reg: 0x00 Val: 0x00000000
[inst #4735] addi x0,x0,0
Register Write to Reg: 0x00 Val: 0x00000000
[inst #4736] sw x8,28(x2)
Memory Write to Addr: 0x10010FD4 Val: 0x10010FD8
[inst #4737] addi x0,x0,0
Register Write to Reg: 0x00 Val: 0x00000000
[inst #4738] addi x0,x0,0
Register Write to Reg: 0x00 Val: 0x00000000
[inst #4739] addi x0,x0,0
Register Write to Reg: 0x00 Val: 0x00000000
[inst #4740] add x8,x0,x2
Register Write to Reg: 0x08 Val: 0x10010FB8
[inst #4741] addi x0,x0,0
Register Write to Reg: 0x00 Val: 0x00000000
[inst #4742] addi x0,x0,0
Register Write to Reg: 0x00 Val: 0x00000000
[inst #4743] addi x0,x0,0
Register Write to Reg: 0x00 Val: 0x00000000
[inst #4744] sw x29,32(x8)
Memory Write to Addr: 0x10010FD8 Val: 0x00000002
[inst #4745] ori x7,x0,1
Register Write to Reg: 0x07 Val: 0x00000001
[inst #4746] addi x0,x0,0
Register Write to Reg: 0x00 Val: 0x00000000
[inst #4747] addi x0,x0,0
Register Write to Reg: 0x00 Val: 0x00000000
[inst #4748] addi x0,x0,0
Register Write to Reg: 0x00 Val: 0x00000000
[inst #4749] sw x7,8(x8)
Memory Write to Addr: 0x10010FC0 Val: 0x00000001
[inst #4750] sw x0,12(x8)
Memory Write to Addr: 0x10010FC4 Val: 0x00000000
[inst #4751] jal x0,84
Register Write to Reg: 0x00 Val: 0x00400BFC
[inst #4752] lw x28,12(x8)
Register Write to Reg: 0x1C Val: 0x00000000
[inst #4753] lw x7,32(x8)
Register Write to Reg: 0x07 Val: 0x00000002
[inst #4754] addi x0,x0,0
Register Write to Reg: 0x00 Val: 0x00000000
[inst #4755] addi x0,x0,0
Register Write to Reg: 0x00 Val: 0x00000000
[inst #4756] addi x0,x0,0
Register Write to Reg: 0x00 Val: 0x00000000
[inst #4757] slt x7,x28,x7
Register Write to Reg: 0x07 Val: 0x00000001
[inst #4758] addi x0,x0,0
Register Write to Reg: 0x00 Val: 0x00000000
[inst #4759] addi x0,x0,0
Register Write to Reg: 0x00 Val: 0x00000000
[inst #4760] addi x0,x0,0
Register Write to Reg: 0x00 Val: 0x00000000
[inst #4761] beq x7,x0,24
[inst #4762] addi x0,x0,0
Register Write to Reg: 0x00 Val: 0x00000000
[inst #4763] addi x0,x0,0
Register Write to Reg: 0x00 Val: 0x00000000
[inst #4764] jal x0,-120
Register Write to Reg: 0x00 Val: 0x00400C80
[inst #4765] lw x7,8(x8)
Register Write to Reg: 0x07 Val: 0x00000001
[inst #4766] addi x0,x0,0
Register Write to Reg: 0x00 Val: 0x00000000
[inst #4767] addi x0,x0,0
Register Write to Reg: 0x00 Val: 0x00000000
[inst #4768] addi x0,x0,0
Register Write to Reg: 0x00 Val: 0x00000000
[inst #4769] slli x7,x7,8
Register Write to Reg: 0x07 Val: 0x00000100
[inst #4770] addi x0,x0,0
Register Write to Reg: 0x00 Val: 0x00000000
[inst #4771] addi x0,x0,0
Register Write to Reg: 0x00 Val: 0x00000000
[inst #4772] addi x0,x0,0
Register Write to Reg: 0x00 Val: 0x00000000
[inst #4773] sw x7,8(x8)
Memory Write to Addr: 0x10010FC0 Val: 0x00000100
[inst #4774] lw x7,12(x8)
Register Write to Reg: 0x07 Val: 0x00000000
[inst #4775] addi x0,x0,0
Register Write to Reg: 0x00 Val: 0x00000000
[inst #4776] addi x0,x0,0
Register Write to Reg: 0x00 Val: 0x00000000
[inst #4777] addi x0,x0,0
Register Write to Reg: 0x00 Val: 0x00000000
[inst #4778] addi x7,x7,1
Register Write to Reg: 0x07 Val: 0x00000001
[inst #4779] addi x0,x0,0
Register Write to Reg: 0x00 Val: 0x00000000
[inst #4780] addi x0,x0,0
Register Write to Reg: 0x00 Val: 0x00000000
[inst #4781] addi x0,x0,0
Register Write to Reg: 0x00 Val: 0x00000000
[inst #4782] sw x7,12(x8)
Memory Write to Addr: 0x10010FC4 Val: 0x00000001
[inst #4783] lw x28,12(x8)
Register Write to Reg: 0x1C Val: 0x00000001
[inst #4784] lw x7,32(x8)
Register Write to Reg: 0x07 Val: 0x00000002
[inst #4785] addi x0,x0,0
Register Write to Reg: 0x00 Val: 0x00000000
[inst #4786] addi x0,x0,0
Register Write to Reg: 0x00 Val: 0x00000000
[inst #4787] addi x0,x0,0
Register Write to Reg: 0x00 Val: 0x00000000
[inst #4788] slt x7,x28,x7
Register Write to Reg: 0x07 Val: 0x00000001
[inst #4789] addi x0,x0,0
Register Write to Reg: 0x00 Val: 0x00000000
[inst #4790] addi x0,x0,0
Register Write to Reg: 0x00 Val: 0x00000000
[inst #4791] addi x0,x0,0
Register Write to Reg: 0x00 Val: 0x00000000
[inst #4792] beq x7,x0,24
[inst #4793] addi x0,x0,0
Register Write to Reg: 0x00 Val: 0x00000000
[inst #4794] addi x0,x0,0
Register Write to Reg: 0x00 Val: 0x00000000
[inst #4795] jal x0,-120
Register Write to Reg: 0x00 Val: 0x00400C80
[inst #4796] lw x7,8(x8)
Register Write to Reg: 0x07 Val: 0x00000100
[inst #4797] addi x0,x0,0
Register Write to Reg: 0x00 Val: 0x00000000
[inst #4798] addi x0,x0,0
Register Write to Reg: 0x00 Val: 0x00000000
[inst #4799] addi x0,x0,0
Register Write to Reg: 0x00 Val: 0x00000000
[inst #4800] slli x7,x7,8
Register Write to Reg: 0x07 Val: 0x00010000
[inst #4801] addi x0,x0,0
Register Write to Reg: 0x00 Val: 0x00000000
[inst #4802] addi x0,x0,0
Register Write to Reg: 0x00 Val: 0x00000000
[inst #4803] addi x0,x0,0
Register Write to Reg: 0x00 Val: 0x00000000
[inst #4804] sw x7,8(x8)
Memory Write to Addr: 0x10010FC0 Val: 0x00010000
[inst #4805] lw x7,12(x8)
Register Write to Reg: 0x07 Val: 0x00000001
[inst #4806] addi x0,x0,0
Register Write to Reg: 0x00 Val: 0x00000000
[inst #4807] addi x0,x0,0
Register Write to Reg: 0x00 Val: 0x00000000
[inst #4808] addi x0,x0,0
Register Write to Reg: 0x00 Val: 0x00000000
[inst #4809] addi x7,x7,1
Register Write to Reg: 0x07 Val: 0x00000002
[inst #4810] addi x0,x0,0
Register Write to Reg: 0x00 Val: 0x00000000
[inst #4811] addi x0,x0,0
Register Write to Reg: 0x00 Val: 0x00000000
[inst #4812] addi x0,x0,0
Register Write to Reg: 0x00 Val: 0x00000000
[inst #4813] sw x7,12(x8)
Memory Write to Addr: 0x10010FC4 Val: 0x00000002
[inst #4814] lw x28,12(x8)
Register Write to Reg: 0x1C Val: 0x00000002
[inst #4815] lw x7,32(x8)
Register Write to Reg: 0x07 Val: 0x00000002
[inst #4816] addi x0,x0,0
Register Write to Reg: 0x00 Val: 0x00000000
[inst #4817] addi x0,x0,0
Register Write to Reg: 0x00 Val: 0x00000000
[inst #4818] addi x0,x0,0
Register Write to Reg: 0x00 Val: 0x00000000
[inst #4819] slt x7,x28,x7
Register Write to Reg: 0x07 Val: 0x00000000
[inst #4820] addi x0,x0,0
Register Write to Reg: 0x00 Val: 0x00000000
[inst #4821] addi x0,x0,0
Register Write to Reg: 0x00 Val: 0x00000000
[inst #4822] addi x0,x0,0
Register Write to Reg: 0x00 Val: 0x00000000
[inst #4823] beq x7,x0,24
[inst #4824] lui x7,65552
Register Write to Reg: 0x07 Val: 0x10010000
[inst #4825] addi x0,x0,0
Register Write to Reg: 0x00 Val: 0x00000000
[inst #4826] addi x0,x0,0
Register Write to Reg: 0x00 Val: 0x00000000
[inst #4827] addi x0,x0,0
Register Write to Reg: 0x00 Val: 0x00000000
[inst #4828] addi x7,x7,36
Register Write to Reg: 0x07 Val: 0x10010024
[inst #4829] addi x0,x0,0
Register Write to Reg: 0x00 Val: 0x00000000
[inst #4830] addi x0,x0,0
Register Write to Reg: 0x00 Val: 0x00000000
[inst #4831] addi x0,x0,0
Register Write to Reg: 0x00 Val: 0x00000000
[inst #4832] lw x7,0(x7)
Register Write to Reg: 0x07 Val: 0x00010101
[inst #4833] addi x0,x0,0
Register Write to Reg: 0x00 Val: 0x00000000
[inst #4834] addi x0,x0,0
Register Write to Reg: 0x00 Val: 0x00000000
[inst #4835] addi x0,x0,0
Register Write to Reg: 0x00 Val: 0x00000000
[inst #4836] sw x7,16(x8)
Memory Write to Addr: 0x10010FC8 Val: 0x00010101
[inst #4837] lw x28,16(x8)
Register Write to Reg: 0x1C Val: 0x00010101
[inst #4838] addi x0,x0,0
Register Write to Reg: 0x00 Val: 0x00000000
[inst #4839] addi x0,x0,0
Register Write to Reg: 0x00 Val: 0x00000000
[inst #4840] addi x0,x0,0
Register Write to Reg: 0x00 Val: 0x00000000
[inst #4841] lw x7,8(x8)
Register Write to Reg: 0x07 Val: 0x00010000
[inst #4842] addi x0,x0,0
Register Write to Reg: 0x00 Val: 0x00000000
[inst #4843] addi x0,x0,0
Register Write to Reg: 0x00 Val: 0x00000000
[inst #4844] addi x0,x0,0
Register Write to Reg: 0x00 Val: 0x00000000
[inst #4845] and x7,x28,x7
Register Write to Reg: 0x07 Val: 0x00010000
[inst #4846] addi x0,x0,0
Register Write to Reg: 0x00 Val: 0x00000000
[inst #4847] addi x0,x0,0
Register Write to Reg: 0x00 Val: 0x00000000
[inst #4848] addi x0,x0,0
Register Write to Reg: 0x00 Val: 0x00000000
[inst #4849] slt x7,x0,x7
Register Write to Reg: 0x07 Val: 0x00000001
[inst #4850] addi x0,x0,0
Register Write to Reg: 0x00 Val: 0x00000000
[inst #4851] addi x0,x0,0
Register Write to Reg: 0x00 Val: 0x00000000
[inst #4852] addi x0,x0,0
Register Write to Reg: 0x00 Val: 0x00000000
[inst #4853] andi x7,x7,255
Register Write to Reg: 0x07 Val: 0x00000001
[inst #4854] addi x0,x0,0
Register Write to Reg: 0x00 Val: 0x00000000
[inst #4855] addi x0,x0,0
Register Write to Reg: 0x00 Val: 0x00000000
[inst #4856] addi x0,x0,0
Register Write to Reg: 0x00 Val: 0x00000000
[inst #4857] add x2,x0,x8
Register Write to Reg: 0x02 Val: 0x10010FB8
[inst #4858] addi x0,x0,0
Register Write to Reg: 0x00 Val: 0x00000000
[inst #4859] addi x0,x0,0
Register Write to Reg: 0x00 Val: 0x00000000
[inst #4860] addi x0,x0,0
Register Write to Reg: 0x00 Val: 0x00000000
[inst #4861] lw x8,28(x2)
Register Write to Reg: 0x08 Val: 0x10010FD8
[inst #4862] addi x0,x0,0
Register Write to Reg: 0x00 Val: 0x00000000
[inst #4863] addi x0,x0,0
Register Write to Reg: 0x00 Val: 0x00000000
[inst #4864] addi x0,x0,0
Register Write to Reg: 0x00 Val: 0x00000000
[inst #4865] addi x2,x2,32
Register Write to Reg: 0x02 Val: 0x10010FD8
[inst #4866] addi x0,x0,0
Register Write to Reg: 0x00 Val: 0x00000000
[inst #4867] addi x0,x0,0
Register Write to Reg: 0x00 Val: 0x00000000
[inst #4868] jalr x0,x1,0
Register Write to Reg: 0x00 Val: 0x00400D3C
[inst #4869] xori x7,x7,1
Register Write to Reg: 0x07 Val: 0x00000000
[inst #4870] addi x0,x0,0
Register Write to Reg: 0x00 Val: 0x00000000
[inst #4871] addi x0,x0,0
Register Write to Reg: 0x00 Val: 0x00000000
[inst #4872] addi x0,x0,0
Register Write to Reg: 0x00 Val: 0x00000000
[inst #4873] andi x7,x7,255
Register Write to Reg: 0x07 Val: 0x00000000
[inst #4874] addi x0,x0,0
Register Write to Reg: 0x00 Val: 0x00000000
[inst #4875] addi x0,x0,0
Register Write to Reg: 0x00 Val: 0x00000000
[inst #4876] addi x0,x0,0
Register Write to Reg: 0x00 Val: 0x00000000
[inst #4877] beq x7,x0,60
[inst #4878] lw x7,24(x8)
Register Write to Reg: 0x07 Val: 0x00000002
[inst #4879] addi x0,x0,0
Register Write to Reg: 0x00 Val: 0x00000000
[inst #4880] addi x0,x0,0
Register Write to Reg: 0x00 Val: 0x00000000
[inst #4881] addi x0,x0,0
Register Write to Reg: 0x00 Val: 0x00000000
[inst #4882] addi x7,x7,1
Register Write to Reg: 0x07 Val: 0x00000003
[inst #4883] addi x0,x0,0
Register Write to Reg: 0x00 Val: 0x00000000
[inst #4884] addi x0,x0,0
Register Write to Reg: 0x00 Val: 0x00000000
[inst #4885] addi x0,x0,0
Register Write to Reg: 0x00 Val: 0x00000000
[inst #4886] sw x7,24(x8)
Memory Write to Addr: 0x10010FF0 Val: 0x00000003
[inst #4887] lw x7,24(x8)
Register Write to Reg: 0x07 Val: 0x00000003
[inst #4888] addi x0,x0,0
Register Write to Reg: 0x00 Val: 0x00000000
[inst #4889] addi x0,x0,0
Register Write to Reg: 0x00 Val: 0x00000000
[inst #4890] addi x0,x0,0
Register Write to Reg: 0x00 Val: 0x00000000
[inst #4891] slti x7,x7,4
Register Write to Reg: 0x07 Val: 0x00000001
[inst #4892] addi x0,x0,0
Register Write to Reg: 0x00 Val: 0x00000000
[inst #4893] addi x0,x0,0
Register Write to Reg: 0x00 Val: 0x00000000
[inst #4894] addi x0,x0,0
Register Write to Reg: 0x00 Val: 0x00000000
[inst #4895] beq x7,x0,24
[inst #4896] addi x0,x0,0
Register Write to Reg: 0x00 Val: 0x00000000
[inst #4897] addi x0,x0,0
Register Write to Reg: 0x00 Val: 0x00000000
[inst #4898] jal x0,-220
Register Write to Reg: 0x00 Val: 0x0040016C
[inst #4899] lw x29,24(x8)
Register Write to Reg: 0x1D Val: 0x00000003
[inst #4900] addi x0,x0,0
Register Write to Reg: 0x00 Val: 0x00000000
[inst #4901] addi x0,x0,0
Register Write to Reg: 0x00 Val: 0x00000000
[inst #4902] addi x0,x0,0
Register Write to Reg: 0x00 Val: 0x00000000
[inst #4903] auipc x1,0
Register Write to Reg: 0x01 Val: 0x0040009C
[inst #4904] sll x0,x0,x0
Register Write to Reg: 0x00 Val: 0x00000000
[inst #4905] sll x0,x0,x0
Register Write to Reg: 0x00 Val: 0x00000000
[inst #4906] sll x0,x0,x0
Register Write to Reg: 0x00 Val: 0x00000000
[inst #4907] addi x1,x1,32
Register Write to Reg: 0x01 Val: 0x004000BC
[inst #4908] jal x0,2812
Register Write to Reg: 0x00 Val: 0x004000B4
[inst #4909] addi x2,x2,-32
Register Write to Reg: 0x02 Val: 0x10010FB8
[inst #4910] addi x0,x0,0
Register Write to Reg: 0x00 Val: 0x00000000
[inst #4911] addi x0,x0,0
Register Write to Reg: 0x00 Val: 0x00000000
[inst #4912] addi x0,x0,0
Register Write to Reg: 0x00 Val: 0x00000000
[inst #4913] sw x8,28(x2)
Memory Write to Addr: 0x10010FD4 Val: 0x10010FD8
[inst #4914] addi x0,x0,0
Register Write to Reg: 0x00 Val: 0x00000000
[inst #4915] addi x0,x0,0
Register Write to Reg: 0x00 Val: 0x00000000
[inst #4916] addi x0,x0,0
Register Write to Reg: 0x00 Val: 0x00000000
[inst #4917] add x8,x0,x2
Register Write to Reg: 0x08 Val: 0x10010FB8
[inst #4918] addi x0,x0,0
Register Write to Reg: 0x00 Val: 0x00000000
[inst #4919] addi x0,x0,0
Register Write to Reg: 0x00 Val: 0x00000000
[inst #4920] addi x0,x0,0
Register Write to Reg: 0x00 Val: 0x00000000
[inst #4921] sw x29,32(x8)
Memory Write to Addr: 0x10010FD8 Val: 0x00000003
[inst #4922] ori x7,x0,1
Register Write to Reg: 0x07 Val: 0x00000001
[inst #4923] addi x0,x0,0
Register Write to Reg: 0x00 Val: 0x00000000
[inst #4924] addi x0,x0,0
Register Write to Reg: 0x00 Val: 0x00000000
[inst #4925] addi x0,x0,0
Register Write to Reg: 0x00 Val: 0x00000000
[inst #4926] sw x7,8(x8)
Memory Write to Addr: 0x10010FC0 Val: 0x00000001
[inst #4927] sw x0,12(x8)
Memory Write to Addr: 0x10010FC4 Val: 0x00000000
[inst #4928] jal x0,84
Register Write to Reg: 0x00 Val: 0x00400BFC
[inst #4929] lw x28,12(x8)
Register Write to Reg: 0x1C Val: 0x00000000
[inst #4930] lw x7,32(x8)
Register Write to Reg: 0x07 Val: 0x00000003
[inst #4931] addi x0,x0,0
Register Write to Reg: 0x00 Val: 0x00000000
[inst #4932] addi x0,x0,0
Register Write to Reg: 0x00 Val: 0x00000000
[inst #4933] addi x0,x0,0
Register Write to Reg: 0x00 Val: 0x00000000
[inst #4934] slt x7,x28,x7
Register Write to Reg: 0x07 Val: 0x00000001
[inst #4935] addi x0,x0,0
Register Write to Reg: 0x00 Val: 0x00000000
[inst #4936] addi x0,x0,0
Register Write to Reg: 0x00 Val: 0x00000000
[inst #4937] addi x0,x0,0
Register Write to Reg: 0x00 Val: 0x00000000
[inst #4938] beq x7,x0,24
[inst #4939] addi x0,x0,0
Register Write to Reg: 0x00 Val: 0x00000000
[inst #4940] addi x0,x0,0
Register Write to Reg: 0x00 Val: 0x00000000
[inst #4941] jal x0,-120
Register Write to Reg: 0x00 Val: 0x00400C80
[inst #4942] lw x7,8(x8)
Register Write to Reg: 0x07 Val: 0x00000001
[inst #4943] addi x0,x0,0
Register Write to Reg: 0x00 Val: 0x00000000
[inst #4944] addi x0,x0,0
Register Write to Reg: 0x00 Val: 0x00000000
[inst #4945] addi x0,x0,0
Register Write to Reg: 0x00 Val: 0x00000000
[inst #4946] slli x7,x7,8
Register Write to Reg: 0x07 Val: 0x00000100
[inst #4947] addi x0,x0,0
Register Write to Reg: 0x00 Val: 0x00000000
[inst #4948] addi x0,x0,0
Register Write to Reg: 0x00 Val: 0x00000000
[inst #4949] addi x0,x0,0
Register Write to Reg: 0x00 Val: 0x00000000
[inst #4950] sw x7,8(x8)
Memory Write to Addr: 0x10010FC0 Val: 0x00000100
[inst #4951] lw x7,12(x8)
Register Write to Reg: 0x07 Val: 0x00000000
[inst #4952] addi x0,x0,0
Register Write to Reg: 0x00 Val: 0x00000000
[inst #4953] addi x0,x0,0
Register Write to Reg: 0x00 Val: 0x00000000
[inst #4954] addi x0,x0,0
Register Write to Reg: 0x00 Val: 0x00000000
[inst #4955] addi x7,x7,1
Register Write to Reg: 0x07 Val: 0x00000001
[inst #4956] addi x0,x0,0
Register Write to Reg: 0x00 Val: 0x00000000
[inst #4957] addi x0,x0,0
Register Write to Reg: 0x00 Val: 0x00000000
[inst #4958] addi x0,x0,0
Register Write to Reg: 0x00 Val: 0x00000000
[inst #4959] sw x7,12(x8)
Memory Write to Addr: 0x10010FC4 Val: 0x00000001
[inst #4960] lw x28,12(x8)
Register Write to Reg: 0x1C Val: 0x00000001
[inst #4961] lw x7,32(x8)
Register Write to Reg: 0x07 Val: 0x00000003
[inst #4962] addi x0,x0,0
Register Write to Reg: 0x00 Val: 0x00000000
[inst #4963] addi x0,x0,0
Register Write to Reg: 0x00 Val: 0x00000000
[inst #4964] addi x0,x0,0
Register Write to Reg: 0x00 Val: 0x00000000
[inst #4965] slt x7,x28,x7
Register Write to Reg: 0x07 Val: 0x00000001
[inst #4966] addi x0,x0,0
Register Write to Reg: 0x00 Val: 0x00000000
[inst #4967] addi x0,x0,0
Register Write to Reg: 0x00 Val: 0x00000000
[inst #4968] addi x0,x0,0
Register Write to Reg: 0x00 Val: 0x00000000
[inst #4969] beq x7,x0,24
[inst #4970] addi x0,x0,0
Register Write to Reg: 0x00 Val: 0x00000000
[inst #4971] addi x0,x0,0
Register Write to Reg: 0x00 Val: 0x00000000
[inst #4972] jal x0,-120
Register Write to Reg: 0x00 Val: 0x00400C80
[inst #4973] lw x7,8(x8)
Register Write to Reg: 0x07 Val: 0x00000100
[inst #4974] addi x0,x0,0
Register Write to Reg: 0x00 Val: 0x00000000
[inst #4975] addi x0,x0,0
Register Write to Reg: 0x00 Val: 0x00000000
[inst #4976] addi x0,x0,0
Register Write to Reg: 0x00 Val: 0x00000000
[inst #4977] slli x7,x7,8
Register Write to Reg: 0x07 Val: 0x00010000
[inst #4978] addi x0,x0,0
Register Write to Reg: 0x00 Val: 0x00000000
[inst #4979] addi x0,x0,0
Register Write to Reg: 0x00 Val: 0x00000000
[inst #4980] addi x0,x0,0
Register Write to Reg: 0x00 Val: 0x00000000
[inst #4981] sw x7,8(x8)
Memory Write to Addr: 0x10010FC0 Val: 0x00010000
[inst #4982] lw x7,12(x8)
Register Write to Reg: 0x07 Val: 0x00000001
[inst #4983] addi x0,x0,0
Register Write to Reg: 0x00 Val: 0x00000000
[inst #4984] addi x0,x0,0
Register Write to Reg: 0x00 Val: 0x00000000
[inst #4985] addi x0,x0,0
Register Write to Reg: 0x00 Val: 0x00000000
[inst #4986] addi x7,x7,1
Register Write to Reg: 0x07 Val: 0x00000002
[inst #4987] addi x0,x0,0
Register Write to Reg: 0x00 Val: 0x00000000
[inst #4988] addi x0,x0,0
Register Write to Reg: 0x00 Val: 0x00000000
[inst #4989] addi x0,x0,0
Register Write to Reg: 0x00 Val: 0x00000000
[inst #4990] sw x7,12(x8)
Memory Write to Addr: 0x10010FC4 Val: 0x00000002
[inst #4991] lw x28,12(x8)
Register Write to Reg: 0x1C Val: 0x00000002
[inst #4992] lw x7,32(x8)
Register Write to Reg: 0x07 Val: 0x00000003
[inst #4993] addi x0,x0,0
Register Write to Reg: 0x00 Val: 0x00000000
[inst #4994] addi x0,x0,0
Register Write to Reg: 0x00 Val: 0x00000000
[inst #4995] addi x0,x0,0
Register Write to Reg: 0x00 Val: 0x00000000
[inst #4996] slt x7,x28,x7
Register Write to Reg: 0x07 Val: 0x00000001
[inst #4997] addi x0,x0,0
Register Write to Reg: 0x00 Val: 0x00000000
[inst #4998] addi x0,x0,0
Register Write to Reg: 0x00 Val: 0x00000000
[inst #4999] addi x0,x0,0
Register Write to Reg: 0x00 Val: 0x00000000
[inst #5000] beq x7,x0,24
[inst #5001] addi x0,x0,0
Register Write to Reg: 0x00 Val: 0x00000000
[inst #5002] addi x0,x0,0
Register Write to Reg: 0x00 Val: 0x00000000
[inst #5003] jal x0,-120
Register Write to Reg: 0x00 Val: 0x00400C80
[inst #5004] lw x7,8(x8)
Register Write to Reg: 0x07 Val: 0x00010000
[inst #5005] addi x0,x0,0
Register Write to Reg: 0x00 Val: 0x00000000
[inst #5006] addi x0,x0,0
Register Write to Reg: 0x00 Val: 0x00000000
[inst #5007] addi x0,x0,0
Register Write to Reg: 0x00 Val: 0x00000000
[inst #5008] slli x7,x7,8
Register Write to Reg: 0x07 Val: 0x01000000
[inst #5009] addi x0,x0,0
Register Write to Reg: 0x00 Val: 0x00000000
[inst #5010] addi x0,x0,0
Register Write to Reg: 0x00 Val: 0x00000000
[inst #5011] addi x0,x0,0
Register Write to Reg: 0x00 Val: 0x00000000
[inst #5012] sw x7,8(x8)
Memory Write to Addr: 0x10010FC0 Val: 0x01000000
[inst #5013] lw x7,12(x8)
Register Write to Reg: 0x07 Val: 0x00000002
[inst #5014] addi x0,x0,0
Register Write to Reg: 0x00 Val: 0x00000000
[inst #5015] addi x0,x0,0
Register Write to Reg: 0x00 Val: 0x00000000
[inst #5016] addi x0,x0,0
Register Write to Reg: 0x00 Val: 0x00000000
[inst #5017] addi x7,x7,1
Register Write to Reg: 0x07 Val: 0x00000003
[inst #5018] addi x0,x0,0
Register Write to Reg: 0x00 Val: 0x00000000
[inst #5019] addi x0,x0,0
Register Write to Reg: 0x00 Val: 0x00000000
[inst #5020] addi x0,x0,0
Register Write to Reg: 0x00 Val: 0x00000000
[inst #5021] sw x7,12(x8)
Memory Write to Addr: 0x10010FC4 Val: 0x00000003
[inst #5022] lw x28,12(x8)
Register Write to Reg: 0x1C Val: 0x00000003
[inst #5023] lw x7,32(x8)
Register Write to Reg: 0x07 Val: 0x00000003
[inst #5024] addi x0,x0,0
Register Write to Reg: 0x00 Val: 0x00000000
[inst #5025] addi x0,x0,0
Register Write to Reg: 0x00 Val: 0x00000000
[inst #5026] addi x0,x0,0
Register Write to Reg: 0x00 Val: 0x00000000
[inst #5027] slt x7,x28,x7
Register Write to Reg: 0x07 Val: 0x00000000
[inst #5028] addi x0,x0,0
Register Write to Reg: 0x00 Val: 0x00000000
[inst #5029] addi x0,x0,0
Register Write to Reg: 0x00 Val: 0x00000000
[inst #5030] addi x0,x0,0
Register Write to Reg: 0x00 Val: 0x00000000
[inst #5031] beq x7,x0,24
[inst #5032] lui x7,65552
Register Write to Reg: 0x07 Val: 0x10010000
[inst #5033] addi x0,x0,0
Register Write to Reg: 0x00 Val: 0x00000000
[inst #5034] addi x0,x0,0
Register Write to Reg: 0x00 Val: 0x00000000
[inst #5035] addi x0,x0,0
Register Write to Reg: 0x00 Val: 0x00000000
[inst #5036] addi x7,x7,36
Register Write to Reg: 0x07 Val: 0x10010024
[inst #5037] addi x0,x0,0
Register Write to Reg: 0x00 Val: 0x00000000
[inst #5038] addi x0,x0,0
Register Write to Reg: 0x00 Val: 0x00000000
[inst #5039] addi x0,x0,0
Register Write to Reg: 0x00 Val: 0x00000000
[inst #5040] lw x7,0(x7)
Register Write to Reg: 0x07 Val: 0x00010101
[inst #5041] addi x0,x0,0
Register Write to Reg: 0x00 Val: 0x00000000
[inst #5042] addi x0,x0,0
Register Write to Reg: 0x00 Val: 0x00000000
[inst #5043] addi x0,x0,0
Register Write to Reg: 0x00 Val: 0x00000000
[inst #5044] sw x7,16(x8)
Memory Write to Addr: 0x10010FC8 Val: 0x00010101
[inst #5045] lw x28,16(x8)
Register Write to Reg: 0x1C Val: 0x00010101
[inst #5046] addi x0,x0,0
Register Write to Reg: 0x00 Val: 0x00000000
[inst #5047] addi x0,x0,0
Register Write to Reg: 0x00 Val: 0x00000000
[inst #5048] addi x0,x0,0
Register Write to Reg: 0x00 Val: 0x00000000
[inst #5049] lw x7,8(x8)
Register Write to Reg: 0x07 Val: 0x01000000
[inst #5050] addi x0,x0,0
Register Write to Reg: 0x00 Val: 0x00000000
[inst #5051] addi x0,x0,0
Register Write to Reg: 0x00 Val: 0x00000000
[inst #5052] addi x0,x0,0
Register Write to Reg: 0x00 Val: 0x00000000
[inst #5053] and x7,x28,x7
Register Write to Reg: 0x07 Val: 0x00000000
[inst #5054] addi x0,x0,0
Register Write to Reg: 0x00 Val: 0x00000000
[inst #5055] addi x0,x0,0
Register Write to Reg: 0x00 Val: 0x00000000
[inst #5056] addi x0,x0,0
Register Write to Reg: 0x00 Val: 0x00000000
[inst #5057] slt x7,x0,x7
Register Write to Reg: 0x07 Val: 0x00000000
[inst #5058] addi x0,x0,0
Register Write to Reg: 0x00 Val: 0x00000000
[inst #5059] addi x0,x0,0
Register Write to Reg: 0x00 Val: 0x00000000
[inst #5060] addi x0,x0,0
Register Write to Reg: 0x00 Val: 0x00000000
[inst #5061] andi x7,x7,255
Register Write to Reg: 0x07 Val: 0x00000000
[inst #5062] addi x0,x0,0
Register Write to Reg: 0x00 Val: 0x00000000
[inst #5063] addi x0,x0,0
Register Write to Reg: 0x00 Val: 0x00000000
[inst #5064] addi x0,x0,0
Register Write to Reg: 0x00 Val: 0x00000000
[inst #5065] add x2,x0,x8
Register Write to Reg: 0x02 Val: 0x10010FB8
[inst #5066] addi x0,x0,0
Register Write to Reg: 0x00 Val: 0x00000000
[inst #5067] addi x0,x0,0
Register Write to Reg: 0x00 Val: 0x00000000
[inst #5068] addi x0,x0,0
Register Write to Reg: 0x00 Val: 0x00000000
[inst #5069] lw x8,28(x2)
Register Write to Reg: 0x08 Val: 0x10010FD8
[inst #5070] addi x0,x0,0
Register Write to Reg: 0x00 Val: 0x00000000
[inst #5071] addi x0,x0,0
Register Write to Reg: 0x00 Val: 0x00000000
[inst #5072] addi x0,x0,0
Register Write to Reg: 0x00 Val: 0x00000000
[inst #5073] addi x2,x2,32
Register Write to Reg: 0x02 Val: 0x10010FD8
[inst #5074] addi x0,x0,0
Register Write to Reg: 0x00 Val: 0x00000000
[inst #5075] addi x0,x0,0
Register Write to Reg: 0x00 Val: 0x00000000
[inst #5076] jalr x0,x1,0
Register Write to Reg: 0x00 Val: 0x00400D3C
[inst #5077] xori x7,x7,1
Register Write to Reg: 0x07 Val: 0x00000001
[inst #5078] addi x0,x0,0
Register Write to Reg: 0x00 Val: 0x00000000
[inst #5079] addi x0,x0,0
Register Write to Reg: 0x00 Val: 0x00000000
[inst #5080] addi x0,x0,0
Register Write to Reg: 0x00 Val: 0x00000000
[inst #5081] andi x7,x7,255
Register Write to Reg: 0x07 Val: 0x00000001
[inst #5082] addi x0,x0,0
Register Write to Reg: 0x00 Val: 0x00000000
[inst #5083] addi x0,x0,0
Register Write to Reg: 0x00 Val: 0x00000000
[inst #5084] addi x0,x0,0
Register Write to Reg: 0x00 Val: 0x00000000
[inst #5085] beq x7,x0,60
[inst #5086] addi x0,x0,0
Register Write to Reg: 0x00 Val: 0x00000000
[inst #5087] addi x0,x0,0
Register Write to Reg: 0x00 Val: 0x00000000
[inst #5088] lw x29,24(x8)
Register Write to Reg: 0x1D Val: 0x00000003
[inst #5089] addi x0,x0,0
Register Write to Reg: 0x00 Val: 0x00000000
[inst #5090] addi x0,x0,0
Register Write to Reg: 0x00 Val: 0x00000000
[inst #5091] addi x0,x0,0
Register Write to Reg: 0x00 Val: 0x00000000
[inst #5092] auipc x1,0
Register Write to Reg: 0x01 Val: 0x004000F8
[inst #5093] sll x0,x0,x0
Register Write to Reg: 0x00 Val: 0x00000000
[inst #5094] sll x0,x0,x0
Register Write to Reg: 0x00 Val: 0x00000000
[inst #5095] sll x0,x0,x0
Register Write to Reg: 0x00 Val: 0x00000000
[inst #5096] addi x1,x1,32
Register Write to Reg: 0x01 Val: 0x00400118
[inst #5097] jal x0,956
Register Write to Reg: 0x00 Val: 0x00400110
[inst #5098] addi x2,x2,-48
Register Write to Reg: 0x02 Val: 0x10010FA8
[inst #5099] addi x0,x0,0
Register Write to Reg: 0x00 Val: 0x00000000
[inst #5100] addi x0,x0,0
Register Write to Reg: 0x00 Val: 0x00000000
[inst #5101] addi x0,x0,0
Register Write to Reg: 0x00 Val: 0x00000000
[inst #5102] sw x1,44(x2)
Memory Write to Addr: 0x10010FD4 Val: 0x00400118
[inst #5103] sw x8,40(x2)
Memory Write to Addr: 0x10010FD0 Val: 0x10010FD8
[inst #5104] addi x0,x0,0
Register Write to Reg: 0x00 Val: 0x00000000
[inst #5105] addi x0,x0,0
Register Write to Reg: 0x00 Val: 0x00000000
[inst #5106] addi x0,x0,0
Register Write to Reg: 0x00 Val: 0x00000000
[inst #5107] add x8,x0,x2
Register Write to Reg: 0x08 Val: 0x10010FA8
[inst #5108] addi x0,x0,0
Register Write to Reg: 0x00 Val: 0x00000000
[inst #5109] addi x0,x0,0
Register Write to Reg: 0x00 Val: 0x00000000
[inst #5110] addi x0,x0,0
Register Write to Reg: 0x00 Val: 0x00000000
[inst #5111] sw x29,48(x8)
Memory Write to Addr: 0x10010FD8 Val: 0x00000003
[inst #5112] lw x29,48(x8)
Register Write to Reg: 0x1D Val: 0x00000003
[inst #5113] addi x0,x0,0
Register Write to Reg: 0x00 Val: 0x00000000
[inst #5114] addi x0,x0,0
Register Write to Reg: 0x00 Val: 0x00000000
[inst #5115] addi x0,x0,0
Register Write to Reg: 0x00 Val: 0x00000000
[inst #5116] auipc x1,0
Register Write to Reg: 0x01 Val: 0x00400510
[inst #5117] sll x0,x0,x0
Register Write to Reg: 0x00 Val: 0x00000000
[inst #5118] sll x0,x0,x0
Register Write to Reg: 0x00 Val: 0x00000000
[inst #5119] sll x0,x0,x0
Register Write to Reg: 0x00 Val: 0x00000000
[inst #5120] addi x1,x1,32
Register Write to Reg: 0x01 Val: 0x00400530
[inst #5121] jal x0,1276
Register Write to Reg: 0x00 Val: 0x00400528
[inst #5122] addi x2,x2,-32
Register Write to Reg: 0x02 Val: 0x10010F88
[inst #5123] addi x0,x0,0
Register Write to Reg: 0x00 Val: 0x00000000
[inst #5124] addi x0,x0,0
Register Write to Reg: 0x00 Val: 0x00000000
[inst #5125] addi x0,x0,0
Register Write to Reg: 0x00 Val: 0x00000000
[inst #5126] sw x8,28(x2)
Memory Write to Addr: 0x10010FA4 Val: 0x10010FA8
[inst #5127] addi x0,x0,0
Register Write to Reg: 0x00 Val: 0x00000000
[inst #5128] addi x0,x0,0
Register Write to Reg: 0x00 Val: 0x00000000
[inst #5129] addi x0,x0,0
Register Write to Reg: 0x00 Val: 0x00000000
[inst #5130] add x8,x0,x2
Register Write to Reg: 0x08 Val: 0x10010F88
[inst #5131] addi x0,x0,0
Register Write to Reg: 0x00 Val: 0x00000000
[inst #5132] addi x0,x0,0
Register Write to Reg: 0x00 Val: 0x00000000
[inst #5133] addi x0,x0,0
Register Write to Reg: 0x00 Val: 0x00000000
[inst #5134] sw x29,32(x8)
Memory Write to Addr: 0x10010FA8 Val: 0x00000003
[inst #5135] addi x7,x0,1
Register Write to Reg: 0x07 Val: 0x00000001
[inst #5136] addi x0,x0,0
Register Write to Reg: 0x00 Val: 0x00000000
[inst #5137] addi x0,x0,0
Register Write to Reg: 0x00 Val: 0x00000000
[inst #5138] addi x0,x0,0
Register Write to Reg: 0x00 Val: 0x00000000
[inst #5139] sw x7,8(x8)
Memory Write to Addr: 0x10010F90 Val: 0x00000001
[inst #5140] sw x0,12(x8)
Memory Write to Addr: 0x10010F94 Val: 0x00000000
[inst #5141] jal x0,84
Register Write to Reg: 0x00 Val: 0x00400A70
[inst #5142] lw x28,12(x8)
Register Write to Reg: 0x1C Val: 0x00000000
[inst #5143] lw x7,32(x8)
Register Write to Reg: 0x07 Val: 0x00000003
[inst #5144] addi x0,x0,0
Register Write to Reg: 0x00 Val: 0x00000000
[inst #5145] addi x0,x0,0
Register Write to Reg: 0x00 Val: 0x00000000
[inst #5146] addi x0,x0,0
Register Write to Reg: 0x00 Val: 0x00000000
[inst #5147] slt x7,x28,x7
Register Write to Reg: 0x07 Val: 0x00000001
[inst #5148] addi x0,x0,0
Register Write to Reg: 0x00 Val: 0x00000000
[inst #5149] addi x0,x0,0
Register Write to Reg: 0x00 Val: 0x00000000
[inst #5150] addi x0,x0,0
Register Write to Reg: 0x00 Val: 0x00000000
[inst #5151] beq x7,x0,24
[inst #5152] addi x0,x0,0
Register Write to Reg: 0x00 Val: 0x00000000
[inst #5153] addi x0,x0,0
Register Write to Reg: 0x00 Val: 0x00000000
[inst #5154] jal x0,-120
Register Write to Reg: 0x00 Val: 0x00400AF4
[inst #5155] lw x7,8(x8)
Register Write to Reg: 0x07 Val: 0x00000001
[inst #5156] addi x0,x0,0
Register Write to Reg: 0x00 Val: 0x00000000
[inst #5157] addi x0,x0,0
Register Write to Reg: 0x00 Val: 0x00000000
[inst #5158] addi x0,x0,0
Register Write to Reg: 0x00 Val: 0x00000000
[inst #5159] slli x7,x7,8
Register Write to Reg: 0x07 Val: 0x00000100
[inst #5160] addi x0,x0,0
Register Write to Reg: 0x00 Val: 0x00000000
[inst #5161] addi x0,x0,0
Register Write to Reg: 0x00 Val: 0x00000000
[inst #5162] addi x0,x0,0
Register Write to Reg: 0x00 Val: 0x00000000
[inst #5163] sw x7,8(x8)
Memory Write to Addr: 0x10010F90 Val: 0x00000100
[inst #5164] lw x7,12(x8)
Register Write to Reg: 0x07 Val: 0x00000000
[inst #5165] addi x0,x0,0
Register Write to Reg: 0x00 Val: 0x00000000
[inst #5166] addi x0,x0,0
Register Write to Reg: 0x00 Val: 0x00000000
[inst #5167] addi x0,x0,0
Register Write to Reg: 0x00 Val: 0x00000000
[inst #5168] addi x7,x7,1
Register Write to Reg: 0x07 Val: 0x00000001
[inst #5169] addi x0,x0,0
Register Write to Reg: 0x00 Val: 0x00000000
[inst #5170] addi x0,x0,0
Register Write to Reg: 0x00 Val: 0x00000000
[inst #5171] addi x0,x0,0
Register Write to Reg: 0x00 Val: 0x00000000
[inst #5172] sw x7,12(x8)
Memory Write to Addr: 0x10010F94 Val: 0x00000001
[inst #5173] lw x28,12(x8)
Register Write to Reg: 0x1C Val: 0x00000001
[inst #5174] lw x7,32(x8)
Register Write to Reg: 0x07 Val: 0x00000003
[inst #5175] addi x0,x0,0
Register Write to Reg: 0x00 Val: 0x00000000
[inst #5176] addi x0,x0,0
Register Write to Reg: 0x00 Val: 0x00000000
[inst #5177] addi x0,x0,0
Register Write to Reg: 0x00 Val: 0x00000000
[inst #5178] slt x7,x28,x7
Register Write to Reg: 0x07 Val: 0x00000001
[inst #5179] addi x0,x0,0
Register Write to Reg: 0x00 Val: 0x00000000
[inst #5180] addi x0,x0,0
Register Write to Reg: 0x00 Val: 0x00000000
[inst #5181] addi x0,x0,0
Register Write to Reg: 0x00 Val: 0x00000000
[inst #5182] beq x7,x0,24
[inst #5183] addi x0,x0,0
Register Write to Reg: 0x00 Val: 0x00000000
[inst #5184] addi x0,x0,0
Register Write to Reg: 0x00 Val: 0x00000000
[inst #5185] jal x0,-120
Register Write to Reg: 0x00 Val: 0x00400AF4
[inst #5186] lw x7,8(x8)
Register Write to Reg: 0x07 Val: 0x00000100
[inst #5187] addi x0,x0,0
Register Write to Reg: 0x00 Val: 0x00000000
[inst #5188] addi x0,x0,0
Register Write to Reg: 0x00 Val: 0x00000000
[inst #5189] addi x0,x0,0
Register Write to Reg: 0x00 Val: 0x00000000
[inst #5190] slli x7,x7,8
Register Write to Reg: 0x07 Val: 0x00010000
[inst #5191] addi x0,x0,0
Register Write to Reg: 0x00 Val: 0x00000000
[inst #5192] addi x0,x0,0
Register Write to Reg: 0x00 Val: 0x00000000
[inst #5193] addi x0,x0,0
Register Write to Reg: 0x00 Val: 0x00000000
[inst #5194] sw x7,8(x8)
Memory Write to Addr: 0x10010F90 Val: 0x00010000
[inst #5195] lw x7,12(x8)
Register Write to Reg: 0x07 Val: 0x00000001
[inst #5196] addi x0,x0,0
Register Write to Reg: 0x00 Val: 0x00000000
[inst #5197] addi x0,x0,0
Register Write to Reg: 0x00 Val: 0x00000000
[inst #5198] addi x0,x0,0
Register Write to Reg: 0x00 Val: 0x00000000
[inst #5199] addi x7,x7,1
Register Write to Reg: 0x07 Val: 0x00000002
[inst #5200] addi x0,x0,0
Register Write to Reg: 0x00 Val: 0x00000000
[inst #5201] addi x0,x0,0
Register Write to Reg: 0x00 Val: 0x00000000
[inst #5202] addi x0,x0,0
Register Write to Reg: 0x00 Val: 0x00000000
[inst #5203] sw x7,12(x8)
Memory Write to Addr: 0x10010F94 Val: 0x00000002
[inst #5204] lw x28,12(x8)
Register Write to Reg: 0x1C Val: 0x00000002
[inst #5205] lw x7,32(x8)
Register Write to Reg: 0x07 Val: 0x00000003
[inst #5206] addi x0,x0,0
Register Write to Reg: 0x00 Val: 0x00000000
[inst #5207] addi x0,x0,0
Register Write to Reg: 0x00 Val: 0x00000000
[inst #5208] addi x0,x0,0
Register Write to Reg: 0x00 Val: 0x00000000
[inst #5209] slt x7,x28,x7
Register Write to Reg: 0x07 Val: 0x00000001
[inst #5210] addi x0,x0,0
Register Write to Reg: 0x00 Val: 0x00000000
[inst #5211] addi x0,x0,0
Register Write to Reg: 0x00 Val: 0x00000000
[inst #5212] addi x0,x0,0
Register Write to Reg: 0x00 Val: 0x00000000
[inst #5213] beq x7,x0,24
[inst #5214] addi x0,x0,0
Register Write to Reg: 0x00 Val: 0x00000000
[inst #5215] addi x0,x0,0
Register Write to Reg: 0x00 Val: 0x00000000
[inst #5216] jal x0,-120
Register Write to Reg: 0x00 Val: 0x00400AF4
[inst #5217] lw x7,8(x8)
Register Write to Reg: 0x07 Val: 0x00010000
[inst #5218] addi x0,x0,0
Register Write to Reg: 0x00 Val: 0x00000000
[inst #5219] addi x0,x0,0
Register Write to Reg: 0x00 Val: 0x00000000
[inst #5220] addi x0,x0,0
Register Write to Reg: 0x00 Val: 0x00000000
[inst #5221] slli x7,x7,8
Register Write to Reg: 0x07 Val: 0x01000000
[inst #5222] addi x0,x0,0
Register Write to Reg: 0x00 Val: 0x00000000
[inst #5223] addi x0,x0,0
Register Write to Reg: 0x00 Val: 0x00000000
[inst #5224] addi x0,x0,0
Register Write to Reg: 0x00 Val: 0x00000000
[inst #5225] sw x7,8(x8)
Memory Write to Addr: 0x10010F90 Val: 0x01000000
[inst #5226] lw x7,12(x8)
Register Write to Reg: 0x07 Val: 0x00000002
[inst #5227] addi x0,x0,0
Register Write to Reg: 0x00 Val: 0x00000000
[inst #5228] addi x0,x0,0
Register Write to Reg: 0x00 Val: 0x00000000
[inst #5229] addi x0,x0,0
Register Write to Reg: 0x00 Val: 0x00000000
[inst #5230] addi x7,x7,1
Register Write to Reg: 0x07 Val: 0x00000003
[inst #5231] addi x0,x0,0
Register Write to Reg: 0x00 Val: 0x00000000
[inst #5232] addi x0,x0,0
Register Write to Reg: 0x00 Val: 0x00000000
[inst #5233] addi x0,x0,0
Register Write to Reg: 0x00 Val: 0x00000000
[inst #5234] sw x7,12(x8)
Memory Write to Addr: 0x10010F94 Val: 0x00000003
[inst #5235] lw x28,12(x8)
Register Write to Reg: 0x1C Val: 0x00000003
[inst #5236] lw x7,32(x8)
Register Write to Reg: 0x07 Val: 0x00000003
[inst #5237] addi x0,x0,0
Register Write to Reg: 0x00 Val: 0x00000000
[inst #5238] addi x0,x0,0
Register Write to Reg: 0x00 Val: 0x00000000
[inst #5239] addi x0,x0,0
Register Write to Reg: 0x00 Val: 0x00000000
[inst #5240] slt x7,x28,x7
Register Write to Reg: 0x07 Val: 0x00000000
[inst #5241] addi x0,x0,0
Register Write to Reg: 0x00 Val: 0x00000000
[inst #5242] addi x0,x0,0
Register Write to Reg: 0x00 Val: 0x00000000
[inst #5243] addi x0,x0,0
Register Write to Reg: 0x00 Val: 0x00000000
[inst #5244] beq x7,x0,24
[inst #5245] lui x7,65552
Register Write to Reg: 0x07 Val: 0x10010000
[inst #5246] addi x0,x0,0
Register Write to Reg: 0x00 Val: 0x00000000
[inst #5247] addi x0,x0,0
Register Write to Reg: 0x00 Val: 0x00000000
[inst #5248] addi x0,x0,0
Register Write to Reg: 0x00 Val: 0x00000000
[inst #5249] addi x7,x7,36
Register Write to Reg: 0x07 Val: 0x10010024
[inst #5250] addi x0,x0,0
Register Write to Reg: 0x00 Val: 0x00000000
[inst #5251] addi x0,x0,0
Register Write to Reg: 0x00 Val: 0x00000000
[inst #5252] addi x0,x0,0
Register Write to Reg: 0x00 Val: 0x00000000
[inst #5253] sw x7,16(x8)
Memory Write to Addr: 0x10010F98 Val: 0x10010024
[inst #5254] lw x7,16(x8)
Register Write to Reg: 0x07 Val: 0x10010024
[inst #5255] addi x0,x0,0
Register Write to Reg: 0x00 Val: 0x00000000
[inst #5256] addi x0,x0,0
Register Write to Reg: 0x00 Val: 0x00000000
[inst #5257] addi x0,x0,0
Register Write to Reg: 0x00 Val: 0x00000000
[inst #5258] lw x28,0(x7)
Register Write to Reg: 0x1C Val: 0x00010101
[inst #5259] addi x0,x0,0
Register Write to Reg: 0x00 Val: 0x00000000
[inst #5260] addi x0,x0,0
Register Write to Reg: 0x00 Val: 0x00000000
[inst #5261] addi x0,x0,0
Register Write to Reg: 0x00 Val: 0x00000000
[inst #5262] lw x7,8(x8)
Register Write to Reg: 0x07 Val: 0x01000000
[inst #5263] addi x0,x0,0
Register Write to Reg: 0x00 Val: 0x00000000
[inst #5264] addi x0,x0,0
Register Write to Reg: 0x00 Val: 0x00000000
[inst #5265] addi x0,x0,0
Register Write to Reg: 0x00 Val: 0x00000000
[inst #5266] or x28,x28,x7
Register Write to Reg: 0x1C Val: 0x01010101
[inst #5267] addi x0,x0,0
Register Write to Reg: 0x00 Val: 0x00000000
[inst #5268] addi x0,x0,0
Register Write to Reg: 0x00 Val: 0x00000000
[inst #5269] addi x0,x0,0
Register Write to Reg: 0x00 Val: 0x00000000
[inst #5270] lw x7,16(x8)
Register Write to Reg: 0x07 Val: 0x10010024
[inst #5271] addi x0,x0,0
Register Write to Reg: 0x00 Val: 0x00000000
[inst #5272] addi x0,x0,0
Register Write to Reg: 0x00 Val: 0x00000000
[inst #5273] addi x0,x0,0
Register Write to Reg: 0x00 Val: 0x00000000
[inst #5274] sw x28,0(x7)
Memory Write to Addr: 0x10010024 Val: 0x01010101
[inst #5275] add x2,x0,x8
Register Write to Reg: 0x02 Val: 0x10010F88
[inst #5276] addi x0,x0,0
Register Write to Reg: 0x00 Val: 0x00000000
[inst #5277] addi x0,x0,0
Register Write to Reg: 0x00 Val: 0x00000000
[inst #5278] addi x0,x0,0
Register Write to Reg: 0x00 Val: 0x00000000
[inst #5279] lw x8,28(x2)
Register Write to Reg: 0x08 Val: 0x10010FA8
[inst #5280] addi x0,x0,0
Register Write to Reg: 0x00 Val: 0x00000000
[inst #5281] addi x0,x0,0
Register Write to Reg: 0x00 Val: 0x00000000
[inst #5282] addi x0,x0,0
Register Write to Reg: 0x00 Val: 0x00000000
[inst #5283] addi x2,x2,32
Register Write to Reg: 0x02 Val: 0x10010FA8
[inst #5284] addi x0,x0,0
Register Write to Reg: 0x00 Val: 0x00000000
[inst #5285] addi x0,x0,0
Register Write to Reg: 0x00 Val: 0x00000000
[inst #5286] jalr x0,x1,0
Register Write to Reg: 0x00 Val: 0x00400BA4
[inst #5287] addi x7,x8,28
Register Write to Reg: 0x07 Val: 0x10010FC4
[inst #5288] addi x0,x0,0
Register Write to Reg: 0x00 Val: 0x00000000
[inst #5289] addi x0,x0,0
Register Write to Reg: 0x00 Val: 0x00000000
[inst #5290] addi x0,x0,0
Register Write to Reg: 0x00 Val: 0x00000000
[inst #5291] lw x30,48(x8)
Register Write to Reg: 0x1E Val: 0x00000003
[inst #5292] addi x0,x0,0
Register Write to Reg: 0x00 Val: 0x00000000
[inst #5293] addi x0,x0,0
Register Write to Reg: 0x00 Val: 0x00000000
[inst #5294] addi x0,x0,0
Register Write to Reg: 0x00 Val: 0x00000000
[inst #5295] add x29,x0,x7
Register Write to Reg: 0x1D Val: 0x10010FC4
[inst #5296] addi x0,x0,0
Register Write to Reg: 0x00 Val: 0x00000000
[inst #5297] addi x0,x0,0
Register Write to Reg: 0x00 Val: 0x00000000
[inst #5298] addi x0,x0,0
Register Write to Reg: 0x00 Val: 0x00000000
[inst #5299] auipc x1,0
Register Write to Reg: 0x01 Val: 0x00400560
[inst #5300] sll x0,x0,x0
Register Write to Reg: 0x00 Val: 0x00000000
[inst #5301] sll x0,x0,x0
Register Write to Reg: 0x00 Val: 0x00000000
[inst #5302] sll x0,x0,x0
Register Write to Reg: 0x00 Val: 0x00000000
[inst #5303] addi x1,x1,32
Register Write to Reg: 0x01 Val: 0x00400580
[inst #5304] jal x0,92
Register Write to Reg: 0x00 Val: 0x00400578
[inst #5305] addi x2,x2,-24
Register Write to Reg: 0x02 Val: 0x10010F90
[inst #5306] addi x0,x0,0
Register Write to Reg: 0x00 Val: 0x00000000
[inst #5307] addi x0,x0,0
Register Write to Reg: 0x00 Val: 0x00000000
[inst #5308] addi x0,x0,0
Register Write to Reg: 0x00 Val: 0x00000000
[inst #5309] sw x8,20(x2)
Memory Write to Addr: 0x10010FA4 Val: 0x10010FA8
[inst #5310] addi x0,x0,0
Register Write to Reg: 0x00 Val: 0x00000000
[inst #5311] addi x0,x0,0
Register Write to Reg: 0x00 Val: 0x00000000
[inst #5312] addi x0,x0,0
Register Write to Reg: 0x00 Val: 0x00000000
[inst #5313] add x8,x0,x2
Register Write to Reg: 0x08 Val: 0x10010F90
[inst #5314] addi x0,x0,0
Register Write to Reg: 0x00 Val: 0x00000000
[inst #5315] addi x0,x0,0
Register Write to Reg: 0x00 Val: 0x00000000
[inst #5316] addi x0,x0,0
Register Write to Reg: 0x00 Val: 0x00000000
[inst #5317] sub x31,x8,x2
Register Write to Reg: 0x1F Val: 0x00000000
[inst #5318] sw x29,24(x8)
Memory Write to Addr: 0x10010FA8 Val: 0x10010FC4
[inst #5319] sw x30,28(x8)
Memory Write to Addr: 0x10010FAC Val: 0x00000003
[inst #5320] lw x7,28(x8)
Register Write to Reg: 0x07 Val: 0x00000003
[inst #5321] addi x0,x0,0
Register Write to Reg: 0x00 Val: 0x00000000
[inst #5322] addi x0,x0,0
Register Write to Reg: 0x00 Val: 0x00000000
[inst #5323] addi x0,x0,0
Register Write to Reg: 0x00 Val: 0x00000000
[inst #5324] sw x7,8(x8)
Memory Write to Addr: 0x10010F98 Val: 0x00000003
[inst #5325] sw x0,12(x8)
Memory Write to Addr: 0x10010F9C Val: 0x00000000
[inst #5326] lw x7,24(x8)
Register Write to Reg: 0x07 Val: 0x10010FC4
[inst #5327] lw x29,8(x8)
Register Write to Reg: 0x1D Val: 0x00000003
[inst #5328] lw x28,12(x8)
Register Write to Reg: 0x1C Val: 0x00000000
[inst #5329] addi x0,x0,0
Register Write to Reg: 0x00 Val: 0x00000000
[inst #5330] addi x0,x0,0
Register Write to Reg: 0x00 Val: 0x00000000
[inst #5331] addi x0,x0,0
Register Write to Reg: 0x00 Val: 0x00000000
[inst #5332] sw x29,0(x7)
Memory Write to Addr: 0x10010FC4 Val: 0x00000003
[inst #5333] sw x28,4(x7)
Memory Write to Addr: 0x10010FC8 Val: 0x00000000
[inst #5334] lw x7,24(x8)
Register Write to Reg: 0x07 Val: 0x10010FC4
[inst #5335] addi x0,x0,0
Register Write to Reg: 0x00 Val: 0x00000000
[inst #5336] addi x0,x0,0
Register Write to Reg: 0x00 Val: 0x00000000
[inst #5337] addi x0,x0,0
Register Write to Reg: 0x00 Val: 0x00000000
[inst #5338] add x2,x0,x8
Register Write to Reg: 0x02 Val: 0x10010F90
[inst #5339] addi x0,x0,0
Register Write to Reg: 0x00 Val: 0x00000000
[inst #5340] addi x0,x0,0
Register Write to Reg: 0x00 Val: 0x00000000
[inst #5341] addi x0,x0,0
Register Write to Reg: 0x00 Val: 0x00000000
[inst #5342] lw x8,20(x2)
Register Write to Reg: 0x08 Val: 0x10010FA8
[inst #5343] addi x0,x0,0
Register Write to Reg: 0x00 Val: 0x00000000
[inst #5344] addi x0,x0,0
Register Write to Reg: 0x00 Val: 0x00000000
[inst #5345] addi x0,x0,0
Register Write to Reg: 0x00 Val: 0x00000000
[inst #5346] addi x2,x2,24
Register Write to Reg: 0x02 Val: 0x10010FA8
[inst #5347] addi x0,x0,0
Register Write to Reg: 0x00 Val: 0x00000000
[inst #5348] addi x0,x0,0
Register Write to Reg: 0x00 Val: 0x00000000
[inst #5349] jalr x0,x1,0
Register Write to Reg: 0x00 Val: 0x00400684
[inst #5350] addi x7,x8,28
Register Write to Reg: 0x07 Val: 0x10010FC4
[inst #5351] addi x0,x0,0
Register Write to Reg: 0x00 Val: 0x00000000
[inst #5352] addi x0,x0,0
Register Write to Reg: 0x00 Val: 0x00000000
[inst #5353] addi x0,x0,0
Register Write to Reg: 0x00 Val: 0x00000000
[inst #5354] add x29,x0,x7
Register Write to Reg: 0x1D Val: 0x10010FC4
[inst #5355] addi x0,x0,0
Register Write to Reg: 0x00 Val: 0x00000000
[inst #5356] addi x0,x0,0
Register Write to Reg: 0x00 Val: 0x00000000
[inst #5357] addi x0,x0,0
Register Write to Reg: 0x00 Val: 0x00000000
[inst #5358] auipc x1,0
Register Write to Reg: 0x01 Val: 0x004005A0
[inst #5359] sll x0,x0,x0
Register Write to Reg: 0x00 Val: 0x00000000
[inst #5360] sll x0,x0,x0
Register Write to Reg: 0x00 Val: 0x00000000
[inst #5361] sll x0,x0,x0
Register Write to Reg: 0x00 Val: 0x00000000
[inst #5362] addi x1,x1,32
Register Write to Reg: 0x01 Val: 0x004005C0
[inst #5363] jal x0,216
Register Write to Reg: 0x00 Val: 0x004005B8
[inst #5364] addi x2,x2,-32
Register Write to Reg: 0x02 Val: 0x10010F88
[inst #5365] addi x0,x0,0
Register Write to Reg: 0x00 Val: 0x00000000
[inst #5366] addi x0,x0,0
Register Write to Reg: 0x00 Val: 0x00000000
[inst #5367] addi x0,x0,0
Register Write to Reg: 0x00 Val: 0x00000000
[inst #5368] sw x1,28(x2)
Memory Write to Addr: 0x10010FA4 Val: 0x004005C0
[inst #5369] sw x8,24(x2)
Memory Write to Addr: 0x10010FA0 Val: 0x10010FA8
[inst #5370] addi x0,x0,0
Register Write to Reg: 0x00 Val: 0x00000000
[inst #5371] addi x0,x0,0
Register Write to Reg: 0x00 Val: 0x00000000
[inst #5372] addi x0,x0,0
Register Write to Reg: 0x00 Val: 0x00000000
[inst #5373] add x8,x0,x2
Register Write to Reg: 0x08 Val: 0x10010F88
[inst #5374] addi x0,x0,0
Register Write to Reg: 0x00 Val: 0x00000000
[inst #5375] addi x0,x0,0
Register Write to Reg: 0x00 Val: 0x00000000
[inst #5376] addi x0,x0,0
Register Write to Reg: 0x00 Val: 0x00000000
[inst #5377] sw x29,32(x8)
Memory Write to Addr: 0x10010FA8 Val: 0x10010FC4
[inst #5378] jal x0,288
Register Write to Reg: 0x00 Val: 0x004006C8
[inst #5379] lw x7,32(x8)
Register Write to Reg: 0x07 Val: 0x10010FC4
[inst #5380] addi x0,x0,0
Register Write to Reg: 0x00 Val: 0x00000000
[inst #5381] addi x0,x0,0
Register Write to Reg: 0x00 Val: 0x00000000
[inst #5382] addi x0,x0,0
Register Write to Reg: 0x00 Val: 0x00000000
[inst #5383] lw x7,4(x7)
Register Write to Reg: 0x07 Val: 0x00000000
[inst #5384] addi x0,x0,0
Register Write to Reg: 0x00 Val: 0x00000000
[inst #5385] addi x0,x0,0
Register Write to Reg: 0x00 Val: 0x00000000
[inst #5386] addi x0,x0,0
Register Write to Reg: 0x00 Val: 0x00000000
[inst #5387] slti x7,x7,4
Register Write to Reg: 0x07 Val: 0x00000001
[inst #5388] addi x0,x0,0
Register Write to Reg: 0x00 Val: 0x00000000
[inst #5389] addi x0,x0,0
Register Write to Reg: 0x00 Val: 0x00000000
[inst #5390] addi x0,x0,0
Register Write to Reg: 0x00 Val: 0x00000000
[inst #5391] beq x7,x0,24
[inst #5392] addi x0,x0,0
Register Write to Reg: 0x00 Val: 0x00000000
[inst #5393] addi x0,x0,0
Register Write to Reg: 0x00 Val: 0x00000000
[inst #5394] jal x0,-336
Register Write to Reg: 0x00 Val: 0x00400824
[inst #5395] lw x7,32(x8)
Register Write to Reg: 0x07 Val: 0x10010FC4
[inst #5396] addi x0,x0,0
Register Write to Reg: 0x00 Val: 0x00000000
[inst #5397] addi x0,x0,0
Register Write to Reg: 0x00 Val: 0x00000000
[inst #5398] addi x0,x0,0
Register Write to Reg: 0x00 Val: 0x00000000
[inst #5399] lw x28,0(x7)
Register Write to Reg: 0x1C Val: 0x00000003
[inst #5400] addi x0,x0,0
Register Write to Reg: 0x00 Val: 0x00000000
[inst #5401] addi x0,x0,0
Register Write to Reg: 0x00 Val: 0x00000000
[inst #5402] addi x0,x0,0
Register Write to Reg: 0x00 Val: 0x00000000
[inst #5403] lw x7,32(x8)
Register Write to Reg: 0x07 Val: 0x10010FC4
[inst #5404] addi x0,x0,0
Register Write to Reg: 0x00 Val: 0x00000000
[inst #5405] addi x0,x0,0
Register Write to Reg: 0x00 Val: 0x00000000
[inst #5406] addi x0,x0,0
Register Write to Reg: 0x00 Val: 0x00000000
[inst #5407] lw x7,4(x7)
Register Write to Reg: 0x07 Val: 0x00000000
[inst #5408] addi x0,x0,0
Register Write to Reg: 0x00 Val: 0x00000000
[inst #5409] addi x0,x0,0
Register Write to Reg: 0x00 Val: 0x00000000
[inst #5410] addi x0,x0,0
Register Write to Reg: 0x00 Val: 0x00000000
[inst #5411] add x30,x0,x7
Register Write to Reg: 0x1E Val: 0x00000000
[inst #5412] add x29,x0,x28
Register Write to Reg: 0x1D Val: 0x00000003
[inst #5413] addi x0,x0,0
Register Write to Reg: 0x00 Val: 0x00000000
[inst #5414] addi x0,x0,0
Register Write to Reg: 0x00 Val: 0x00000000
[inst #5415] addi x0,x0,0
Register Write to Reg: 0x00 Val: 0x00000000
[inst #5416] auipc x1,0
Register Write to Reg: 0x01 Val: 0x00400724
[inst #5417] sll x0,x0,x0
Register Write to Reg: 0x00 Val: 0x00000000
[inst #5418] sll x0,x0,x0
Register Write to Reg: 0x00 Val: 0x00000000
[inst #5419] sll x0,x0,x0
Register Write to Reg: 0x00 Val: 0x00000000
[inst #5420] addi x1,x1,32
Register Write to Reg: 0x01 Val: 0x00400744
[inst #5421] jal x0,308
Register Write to Reg: 0x00 Val: 0x0040073C
[inst #5422] addi x2,x2,-32
Register Write to Reg: 0x02 Val: 0x10010F68
[inst #5423] addi x0,x0,0
Register Write to Reg: 0x00 Val: 0x00000000
[inst #5424] addi x0,x0,0
Register Write to Reg: 0x00 Val: 0x00000000
[inst #5425] addi x0,x0,0
Register Write to Reg: 0x00 Val: 0x00000000
[inst #5426] sw x8,28(x2)
Memory Write to Addr: 0x10010F84 Val: 0x10010F88
[inst #5427] addi x0,x0,0
Register Write to Reg: 0x00 Val: 0x00000000
[inst #5428] addi x0,x0,0
Register Write to Reg: 0x00 Val: 0x00000000
[inst #5429] addi x0,x0,0
Register Write to Reg: 0x00 Val: 0x00000000
[inst #5430] add x8,x0,x2
Register Write to Reg: 0x08 Val: 0x10010F68
[inst #5431] addi x0,x0,0
Register Write to Reg: 0x00 Val: 0x00000000
[inst #5432] addi x0,x0,0
Register Write to Reg: 0x00 Val: 0x00000000
[inst #5433] addi x0,x0,0
Register Write to Reg: 0x00 Val: 0x00000000
[inst #5434] sw x29,32(x8)
Memory Write to Addr: 0x10010F88 Val: 0x00000003
[inst #5435] sw x30,36(x8)
Memory Write to Addr: 0x10010F8C Val: 0x00000000
[inst #5436] lui x7,65552
Register Write to Reg: 0x07 Val: 0x10010000
[inst #5437] addi x0,x0,0
Register Write to Reg: 0x00 Val: 0x00000000
[inst #5438] addi x0,x0,0
Register Write to Reg: 0x00 Val: 0x00000000
[inst #5439] addi x0,x0,0
Register Write to Reg: 0x00 Val: 0x00000000
[inst #5440] addi x7,x7,8
Register Write to Reg: 0x07 Val: 0x10010008
[inst #5441] lw x28,32(x8)
Register Write to Reg: 0x1C Val: 0x00000003
[inst #5442] addi x0,x0,0
Register Write to Reg: 0x00 Val: 0x00000000
[inst #5443] addi x0,x0,0
Register Write to Reg: 0x00 Val: 0x00000000
[inst #5444] addi x0,x0,0
Register Write to Reg: 0x00 Val: 0x00000000
[inst #5445] slli x28,x28,2
Register Write to Reg: 0x1C Val: 0x0000000C
[inst #5446] addi x0,x0,0
Register Write to Reg: 0x00 Val: 0x00000000
[inst #5447] addi x0,x0,0
Register Write to Reg: 0x00 Val: 0x00000000
[inst #5448] addi x0,x0,0
Register Write to Reg: 0x00 Val: 0x00000000
[inst #5449] add x7,x28,x7
Register Write to Reg: 0x07 Val: 0x10010014
[inst #5450] addi x0,x0,0
Register Write to Reg: 0x00 Val: 0x00000000
[inst #5451] addi x0,x0,0
Register Write to Reg: 0x00 Val: 0x00000000
[inst #5452] addi x0,x0,0
Register Write to Reg: 0x00 Val: 0x00000000
[inst #5453] lw x7,0(x7)
Register Write to Reg: 0x07 Val: 0x00000006
[inst #5454] addi x0,x0,0
Register Write to Reg: 0x00 Val: 0x00000000
[inst #5455] addi x0,x0,0
Register Write to Reg: 0x00 Val: 0x00000000
[inst #5456] addi x0,x0,0
Register Write to Reg: 0x00 Val: 0x00000000
[inst #5457] sw x7,16(x8)
Memory Write to Addr: 0x10010F78 Val: 0x00000006
[inst #5458] addi x7,x0,1
Register Write to Reg: 0x07 Val: 0x00000001
[inst #5459] addi x0,x0,0
Register Write to Reg: 0x00 Val: 0x00000000
[inst #5460] addi x0,x0,0
Register Write to Reg: 0x00 Val: 0x00000000
[inst #5461] addi x0,x0,0
Register Write to Reg: 0x00 Val: 0x00000000
[inst #5462] sw x7,8(x8)
Memory Write to Addr: 0x10010F70 Val: 0x00000001
[inst #5463] sw x0,12(x8)
Memory Write to Addr: 0x10010F74 Val: 0x00000000
[inst #5464] jal x0,84
Register Write to Reg: 0x00 Val: 0x00400918
[inst #5465] lw x28,12(x8)
Register Write to Reg: 0x1C Val: 0x00000000
[inst #5466] lw x7,36(x8)
Register Write to Reg: 0x07 Val: 0x00000000
[inst #5467] addi x0,x0,0
Register Write to Reg: 0x00 Val: 0x00000000
[inst #5468] addi x0,x0,0
Register Write to Reg: 0x00 Val: 0x00000000
[inst #5469] addi x0,x0,0
Register Write to Reg: 0x00 Val: 0x00000000
[inst #5470] slt x7,x28,x7
Register Write to Reg: 0x07 Val: 0x00000000
[inst #5471] addi x0,x0,0
Register Write to Reg: 0x00 Val: 0x00000000
[inst #5472] addi x0,x0,0
Register Write to Reg: 0x00 Val: 0x00000000
[inst #5473] addi x0,x0,0
Register Write to Reg: 0x00 Val: 0x00000000
[inst #5474] beq x7,x0,24
[inst #5475] lw x28,8(x8)
Register Write to Reg: 0x1C Val: 0x00000001
[inst #5476] lw x7,16(x8)
Register Write to Reg: 0x07 Val: 0x00000006
[inst #5477] addi x0,x0,0
Register Write to Reg: 0x00 Val: 0x00000000
[inst #5478] addi x0,x0,0
Register Write to Reg: 0x00 Val: 0x00000000
[inst #5479] addi x0,x0,0
Register Write to Reg: 0x00 Val: 0x00000000
[inst #5480] and x7,x28,x7
Register Write to Reg: 0x07 Val: 0x00000000
[inst #5481] addi x0,x0,0
Register Write to Reg: 0x00 Val: 0x00000000
[inst #5482] addi x0,x0,0
Register Write to Reg: 0x00 Val: 0x00000000
[inst #5483] addi x0,x0,0
Register Write to Reg: 0x00 Val: 0x00000000
[inst #5484] slt x7,x0,x7
Register Write to Reg: 0x07 Val: 0x00000000
[inst #5485] addi x0,x0,0
Register Write to Reg: 0x00 Val: 0x00000000
[inst #5486] addi x0,x0,0
Register Write to Reg: 0x00 Val: 0x00000000
[inst #5487] addi x0,x0,0
Register Write to Reg: 0x00 Val: 0x00000000
[inst #5488] andi x7,x7,255
Register Write to Reg: 0x07 Val: 0x00000000
[inst #5489] addi x0,x0,0
Register Write to Reg: 0x00 Val: 0x00000000
[inst #5490] addi x0,x0,0
Register Write to Reg: 0x00 Val: 0x00000000
[inst #5491] addi x0,x0,0
Register Write to Reg: 0x00 Val: 0x00000000
[inst #5492] add x2,x0,x8
Register Write to Reg: 0x02 Val: 0x10010F68
[inst #5493] addi x0,x0,0
Register Write to Reg: 0x00 Val: 0x00000000
[inst #5494] addi x0,x0,0
Register Write to Reg: 0x00 Val: 0x00000000
[inst #5495] addi x0,x0,0
Register Write to Reg: 0x00 Val: 0x00000000
[inst #5496] lw x8,28(x2)
Register Write to Reg: 0x08 Val: 0x10010F88
[inst #5497] addi x0,x0,0
Register Write to Reg: 0x00 Val: 0x00000000
[inst #5498] addi x0,x0,0
Register Write to Reg: 0x00 Val: 0x00000000
[inst #5499] addi x0,x0,0
Register Write to Reg: 0x00 Val: 0x00000000
[inst #5500] addi x2,x2,32
Register Write to Reg: 0x02 Val: 0x10010F88
[inst #5501] addi x0,x0,0
Register Write to Reg: 0x00 Val: 0x00000000
[inst #5502] addi x0,x0,0
Register Write to Reg: 0x00 Val: 0x00000000
[inst #5503] jalr x0,x1,0
Register Write to Reg: 0x00 Val: 0x00400A18
[inst #5504] beq x7,x0,92
[inst #5505] lw x7,32(x8)
Register Write to Reg: 0x07 Val: 0x10010FC4
[inst #5506] addi x0,x0,0
Register Write to Reg: 0x00 Val: 0x00000000
[inst #5507] addi x0,x0,0
Register Write to Reg: 0x00 Val: 0x00000000
[inst #5508] addi x0,x0,0
Register Write to Reg: 0x00 Val: 0x00000000
[inst #5509] lw x7,4(x7)
Register Write to Reg: 0x07 Val: 0x00000000
[inst #5510] addi x0,x0,0
Register Write to Reg: 0x00 Val: 0x00000000
[inst #5511] addi x0,x0,0
Register Write to Reg: 0x00 Val: 0x00000000
[inst #5512] addi x0,x0,0
Register Write to Reg: 0x00 Val: 0x00000000
[inst #5513] addi x28,x7,1
Register Write to Reg: 0x1C Val: 0x00000001
[inst #5514] addi x0,x0,0
Register Write to Reg: 0x00 Val: 0x00000000
[inst #5515] addi x0,x0,0
Register Write to Reg: 0x00 Val: 0x00000000
[inst #5516] addi x0,x0,0
Register Write to Reg: 0x00 Val: 0x00000000
[inst #5517] lw x7,32(x8)
Register Write to Reg: 0x07 Val: 0x10010FC4
[inst #5518] addi x0,x0,0
Register Write to Reg: 0x00 Val: 0x00000000
[inst #5519] addi x0,x0,0
Register Write to Reg: 0x00 Val: 0x00000000
[inst #5520] addi x0,x0,0
Register Write to Reg: 0x00 Val: 0x00000000
[inst #5521] sw x28,4(x7)
Memory Write to Addr: 0x10010FC8 Val: 0x00000001
[inst #5522] lw x7,32(x8)
Register Write to Reg: 0x07 Val: 0x10010FC4
[inst #5523] addi x0,x0,0
Register Write to Reg: 0x00 Val: 0x00000000
[inst #5524] addi x0,x0,0
Register Write to Reg: 0x00 Val: 0x00000000
[inst #5525] addi x0,x0,0
Register Write to Reg: 0x00 Val: 0x00000000
[inst #5526] lw x7,4(x7)
Register Write to Reg: 0x07 Val: 0x00000001
[inst #5527] addi x0,x0,0
Register Write to Reg: 0x00 Val: 0x00000000
[inst #5528] addi x0,x0,0
Register Write to Reg: 0x00 Val: 0x00000000
[inst #5529] addi x0,x0,0
Register Write to Reg: 0x00 Val: 0x00000000
[inst #5530] slti x7,x7,4
Register Write to Reg: 0x07 Val: 0x00000001
[inst #5531] addi x0,x0,0
Register Write to Reg: 0x00 Val: 0x00000000
[inst #5532] addi x0,x0,0
Register Write to Reg: 0x00 Val: 0x00000000
[inst #5533] addi x0,x0,0
Register Write to Reg: 0x00 Val: 0x00000000
[inst #5534] beq x7,x0,24
[inst #5535] addi x0,x0,0
Register Write to Reg: 0x00 Val: 0x00000000
[inst #5536] addi x0,x0,0
Register Write to Reg: 0x00 Val: 0x00000000
[inst #5537] jal x0,-336
Register Write to Reg: 0x00 Val: 0x00400824
[inst #5538] lw x7,32(x8)
Register Write to Reg: 0x07 Val: 0x10010FC4
[inst #5539] addi x0,x0,0
Register Write to Reg: 0x00 Val: 0x00000000
[inst #5540] addi x0,x0,0
Register Write to Reg: 0x00 Val: 0x00000000
[inst #5541] addi x0,x0,0
Register Write to Reg: 0x00 Val: 0x00000000
[inst #5542] lw x28,0(x7)
Register Write to Reg: 0x1C Val: 0x00000003
[inst #5543] addi x0,x0,0
Register Write to Reg: 0x00 Val: 0x00000000
[inst #5544] addi x0,x0,0
Register Write to Reg: 0x00 Val: 0x00000000
[inst #5545] addi x0,x0,0
Register Write to Reg: 0x00 Val: 0x00000000
[inst #5546] lw x7,32(x8)
Register Write to Reg: 0x07 Val: 0x10010FC4
[inst #5547] addi x0,x0,0
Register Write to Reg: 0x00 Val: 0x00000000
[inst #5548] addi x0,x0,0
Register Write to Reg: 0x00 Val: 0x00000000
[inst #5549] addi x0,x0,0
Register Write to Reg: 0x00 Val: 0x00000000
[inst #5550] lw x7,4(x7)
Register Write to Reg: 0x07 Val: 0x00000001
[inst #5551] addi x0,x0,0
Register Write to Reg: 0x00 Val: 0x00000000
[inst #5552] addi x0,x0,0
Register Write to Reg: 0x00 Val: 0x00000000
[inst #5553] addi x0,x0,0
Register Write to Reg: 0x00 Val: 0x00000000
[inst #5554] add x30,x0,x7
Register Write to Reg: 0x1E Val: 0x00000001
[inst #5555] add x29,x0,x28
Register Write to Reg: 0x1D Val: 0x00000003
[inst #5556] addi x0,x0,0
Register Write to Reg: 0x00 Val: 0x00000000
[inst #5557] addi x0,x0,0
Register Write to Reg: 0x00 Val: 0x00000000
[inst #5558] addi x0,x0,0
Register Write to Reg: 0x00 Val: 0x00000000
[inst #5559] auipc x1,0
Register Write to Reg: 0x01 Val: 0x00400724
[inst #5560] sll x0,x0,x0
Register Write to Reg: 0x00 Val: 0x00000000
[inst #5561] sll x0,x0,x0
Register Write to Reg: 0x00 Val: 0x00000000
[inst #5562] sll x0,x0,x0
Register Write to Reg: 0x00 Val: 0x00000000
[inst #5563] addi x1,x1,32
Register Write to Reg: 0x01 Val: 0x00400744
[inst #5564] jal x0,308
Register Write to Reg: 0x00 Val: 0x0040073C
[inst #5565] addi x2,x2,-32
Register Write to Reg: 0x02 Val: 0x10010F68
[inst #5566] addi x0,x0,0
Register Write to Reg: 0x00 Val: 0x00000000
[inst #5567] addi x0,x0,0
Register Write to Reg: 0x00 Val: 0x00000000
[inst #5568] addi x0,x0,0
Register Write to Reg: 0x00 Val: 0x00000000
[inst #5569] sw x8,28(x2)
Memory Write to Addr: 0x10010F84 Val: 0x10010F88
[inst #5570] addi x0,x0,0
Register Write to Reg: 0x00 Val: 0x00000000
[inst #5571] addi x0,x0,0
Register Write to Reg: 0x00 Val: 0x00000000
[inst #5572] addi x0,x0,0
Register Write to Reg: 0x00 Val: 0x00000000
[inst #5573] add x8,x0,x2
Register Write to Reg: 0x08 Val: 0x10010F68
[inst #5574] addi x0,x0,0
Register Write to Reg: 0x00 Val: 0x00000000
[inst #5575] addi x0,x0,0
Register Write to Reg: 0x00 Val: 0x00000000
[inst #5576] addi x0,x0,0
Register Write to Reg: 0x00 Val: 0x00000000
[inst #5577] sw x29,32(x8)
Memory Write to Addr: 0x10010F88 Val: 0x00000003
[inst #5578] sw x30,36(x8)
Memory Write to Addr: 0x10010F8C Val: 0x00000001
[inst #5579] lui x7,65552
Register Write to Reg: 0x07 Val: 0x10010000
[inst #5580] addi x0,x0,0
Register Write to Reg: 0x00 Val: 0x00000000
[inst #5581] addi x0,x0,0
Register Write to Reg: 0x00 Val: 0x00000000
[inst #5582] addi x0,x0,0
Register Write to Reg: 0x00 Val: 0x00000000
[inst #5583] addi x7,x7,8
Register Write to Reg: 0x07 Val: 0x10010008
[inst #5584] lw x28,32(x8)
Register Write to Reg: 0x1C Val: 0x00000003
[inst #5585] addi x0,x0,0
Register Write to Reg: 0x00 Val: 0x00000000
[inst #5586] addi x0,x0,0
Register Write to Reg: 0x00 Val: 0x00000000
[inst #5587] addi x0,x0,0
Register Write to Reg: 0x00 Val: 0x00000000
[inst #5588] slli x28,x28,2
Register Write to Reg: 0x1C Val: 0x0000000C
[inst #5589] addi x0,x0,0
Register Write to Reg: 0x00 Val: 0x00000000
[inst #5590] addi x0,x0,0
Register Write to Reg: 0x00 Val: 0x00000000
[inst #5591] addi x0,x0,0
Register Write to Reg: 0x00 Val: 0x00000000
[inst #5592] add x7,x28,x7
Register Write to Reg: 0x07 Val: 0x10010014
[inst #5593] addi x0,x0,0
Register Write to Reg: 0x00 Val: 0x00000000
[inst #5594] addi x0,x0,0
Register Write to Reg: 0x00 Val: 0x00000000
[inst #5595] addi x0,x0,0
Register Write to Reg: 0x00 Val: 0x00000000
[inst #5596] lw x7,0(x7)
Register Write to Reg: 0x07 Val: 0x00000006
[inst #5597] addi x0,x0,0
Register Write to Reg: 0x00 Val: 0x00000000
[inst #5598] addi x0,x0,0
Register Write to Reg: 0x00 Val: 0x00000000
[inst #5599] addi x0,x0,0
Register Write to Reg: 0x00 Val: 0x00000000
[inst #5600] sw x7,16(x8)
Memory Write to Addr: 0x10010F78 Val: 0x00000006
[inst #5601] addi x7,x0,1
Register Write to Reg: 0x07 Val: 0x00000001
[inst #5602] addi x0,x0,0
Register Write to Reg: 0x00 Val: 0x00000000
[inst #5603] addi x0,x0,0
Register Write to Reg: 0x00 Val: 0x00000000
[inst #5604] addi x0,x0,0
Register Write to Reg: 0x00 Val: 0x00000000
[inst #5605] sw x7,8(x8)
Memory Write to Addr: 0x10010F70 Val: 0x00000001
[inst #5606] sw x0,12(x8)
Memory Write to Addr: 0x10010F74 Val: 0x00000000
[inst #5607] jal x0,84
Register Write to Reg: 0x00 Val: 0x00400918
[inst #5608] lw x28,12(x8)
Register Write to Reg: 0x1C Val: 0x00000000
[inst #5609] lw x7,36(x8)
Register Write to Reg: 0x07 Val: 0x00000001
[inst #5610] addi x0,x0,0
Register Write to Reg: 0x00 Val: 0x00000000
[inst #5611] addi x0,x0,0
Register Write to Reg: 0x00 Val: 0x00000000
[inst #5612] addi x0,x0,0
Register Write to Reg: 0x00 Val: 0x00000000
[inst #5613] slt x7,x28,x7
Register Write to Reg: 0x07 Val: 0x00000001
[inst #5614] addi x0,x0,0
Register Write to Reg: 0x00 Val: 0x00000000
[inst #5615] addi x0,x0,0
Register Write to Reg: 0x00 Val: 0x00000000
[inst #5616] addi x0,x0,0
Register Write to Reg: 0x00 Val: 0x00000000
[inst #5617] beq x7,x0,24
[inst #5618] addi x0,x0,0
Register Write to Reg: 0x00 Val: 0x00000000
[inst #5619] addi x0,x0,0
Register Write to Reg: 0x00 Val: 0x00000000
[inst #5620] jal x0,-120
Register Write to Reg: 0x00 Val: 0x0040099C
[inst #5621] lw x7,8(x8)
Register Write to Reg: 0x07 Val: 0x00000001
[inst #5622] addi x0,x0,0
Register Write to Reg: 0x00 Val: 0x00000000
[inst #5623] addi x0,x0,0
Register Write to Reg: 0x00 Val: 0x00000000
[inst #5624] addi x0,x0,0
Register Write to Reg: 0x00 Val: 0x00000000
[inst #5625] slli x7,x7,1
Register Write to Reg: 0x07 Val: 0x00000002
[inst #5626] addi x0,x0,0
Register Write to Reg: 0x00 Val: 0x00000000
[inst #5627] addi x0,x0,0
Register Write to Reg: 0x00 Val: 0x00000000
[inst #5628] addi x0,x0,0
Register Write to Reg: 0x00 Val: 0x00000000
[inst #5629] sw x7,8(x8)
Memory Write to Addr: 0x10010F70 Val: 0x00000002
[inst #5630] lw x7,12(x8)
Register Write to Reg: 0x07 Val: 0x00000000
[inst #5631] addi x0,x0,0
Register Write to Reg: 0x00 Val: 0x00000000
[inst #5632] addi x0,x0,0
Register Write to Reg: 0x00 Val: 0x00000000
[inst #5633] addi x0,x0,0
Register Write to Reg: 0x00 Val: 0x00000000
[inst #5634] addi x7,x7,1
Register Write to Reg: 0x07 Val: 0x00000001
[inst #5635] addi x0,x0,0
Register Write to Reg: 0x00 Val: 0x00000000
[inst #5636] addi x0,x0,0
Register Write to Reg: 0x00 Val: 0x00000000
[inst #5637] addi x0,x0,0
Register Write to Reg: 0x00 Val: 0x00000000
[inst #5638] sw x7,12(x8)
Memory Write to Addr: 0x10010F74 Val: 0x00000001
[inst #5639] lw x28,12(x8)
Register Write to Reg: 0x1C Val: 0x00000001
[inst #5640] lw x7,36(x8)
Register Write to Reg: 0x07 Val: 0x00000001
[inst #5641] addi x0,x0,0
Register Write to Reg: 0x00 Val: 0x00000000
[inst #5642] addi x0,x0,0
Register Write to Reg: 0x00 Val: 0x00000000
[inst #5643] addi x0,x0,0
Register Write to Reg: 0x00 Val: 0x00000000
[inst #5644] slt x7,x28,x7
Register Write to Reg: 0x07 Val: 0x00000000
[inst #5645] addi x0,x0,0
Register Write to Reg: 0x00 Val: 0x00000000
[inst #5646] addi x0,x0,0
Register Write to Reg: 0x00 Val: 0x00000000
[inst #5647] addi x0,x0,0
Register Write to Reg: 0x00 Val: 0x00000000
[inst #5648] beq x7,x0,24
[inst #5649] lw x28,8(x8)
Register Write to Reg: 0x1C Val: 0x00000002
[inst #5650] lw x7,16(x8)
Register Write to Reg: 0x07 Val: 0x00000006
[inst #5651] addi x0,x0,0
Register Write to Reg: 0x00 Val: 0x00000000
[inst #5652] addi x0,x0,0
Register Write to Reg: 0x00 Val: 0x00000000
[inst #5653] addi x0,x0,0
Register Write to Reg: 0x00 Val: 0x00000000
[inst #5654] and x7,x28,x7
Register Write to Reg: 0x07 Val: 0x00000002
[inst #5655] addi x0,x0,0
Register Write to Reg: 0x00 Val: 0x00000000
[inst #5656] addi x0,x0,0
Register Write to Reg: 0x00 Val: 0x00000000
[inst #5657] addi x0,x0,0
Register Write to Reg: 0x00 Val: 0x00000000
[inst #5658] slt x7,x0,x7
Register Write to Reg: 0x07 Val: 0x00000001
[inst #5659] addi x0,x0,0
Register Write to Reg: 0x00 Val: 0x00000000
[inst #5660] addi x0,x0,0
Register Write to Reg: 0x00 Val: 0x00000000
[inst #5661] addi x0,x0,0
Register Write to Reg: 0x00 Val: 0x00000000
[inst #5662] andi x7,x7,255
Register Write to Reg: 0x07 Val: 0x00000001
[inst #5663] addi x0,x0,0
Register Write to Reg: 0x00 Val: 0x00000000
[inst #5664] addi x0,x0,0
Register Write to Reg: 0x00 Val: 0x00000000
[inst #5665] addi x0,x0,0
Register Write to Reg: 0x00 Val: 0x00000000
[inst #5666] add x2,x0,x8
Register Write to Reg: 0x02 Val: 0x10010F68
[inst #5667] addi x0,x0,0
Register Write to Reg: 0x00 Val: 0x00000000
[inst #5668] addi x0,x0,0
Register Write to Reg: 0x00 Val: 0x00000000
[inst #5669] addi x0,x0,0
Register Write to Reg: 0x00 Val: 0x00000000
[inst #5670] lw x8,28(x2)
Register Write to Reg: 0x08 Val: 0x10010F88
[inst #5671] addi x0,x0,0
Register Write to Reg: 0x00 Val: 0x00000000
[inst #5672] addi x0,x0,0
Register Write to Reg: 0x00 Val: 0x00000000
[inst #5673] addi x0,x0,0
Register Write to Reg: 0x00 Val: 0x00000000
[inst #5674] addi x2,x2,32
Register Write to Reg: 0x02 Val: 0x10010F88
[inst #5675] addi x0,x0,0
Register Write to Reg: 0x00 Val: 0x00000000
[inst #5676] addi x0,x0,0
Register Write to Reg: 0x00 Val: 0x00000000
[inst #5677] jalr x0,x1,0
Register Write to Reg: 0x00 Val: 0x00400A18
[inst #5678] beq x7,x0,92
[inst #5679] addi x0,x0,0
Register Write to Reg: 0x00 Val: 0x00000000
[inst #5680] addi x0,x0,0
Register Write to Reg: 0x00 Val: 0x00000000
[inst #5681] lw x7,32(x8)
Register Write to Reg: 0x07 Val: 0x10010FC4
[inst #5682] addi x0,x0,0
Register Write to Reg: 0x00 Val: 0x00000000
[inst #5683] addi x0,x0,0
Register Write to Reg: 0x00 Val: 0x00000000
[inst #5684] addi x0,x0,0
Register Write to Reg: 0x00 Val: 0x00000000
[inst #5685] lw x7,4(x7)
Register Write to Reg: 0x07 Val: 0x00000001
[inst #5686] addi x0,x0,0
Register Write to Reg: 0x00 Val: 0x00000000
[inst #5687] addi x0,x0,0
Register Write to Reg: 0x00 Val: 0x00000000
[inst #5688] addi x0,x0,0
Register Write to Reg: 0x00 Val: 0x00000000
[inst #5689] addi x29,x7,1
Register Write to Reg: 0x1D Val: 0x00000002
[inst #5690] addi x0,x0,0
Register Write to Reg: 0x00 Val: 0x00000000
[inst #5691] addi x0,x0,0
Register Write to Reg: 0x00 Val: 0x00000000
[inst #5692] addi x0,x0,0
Register Write to Reg: 0x00 Val: 0x00000000
[inst #5693] lw x28,32(x8)
Register Write to Reg: 0x1C Val: 0x10010FC4
[inst #5694] addi x0,x0,0
Register Write to Reg: 0x00 Val: 0x00000000
[inst #5695] addi x0,x0,0
Register Write to Reg: 0x00 Val: 0x00000000
[inst #5696] addi x0,x0,0
Register Write to Reg: 0x00 Val: 0x00000000
[inst #5697] sw x29,4(x28)
Memory Write to Addr: 0x10010FC8 Val: 0x00000002
[inst #5698] jal x0,156
Register Write to Reg: 0x00 Val: 0x00400798
[inst #5699] add x2,x0,x8
Register Write to Reg: 0x02 Val: 0x10010F88
[inst #5700] addi x0,x0,0
Register Write to Reg: 0x00 Val: 0x00000000
[inst #5701] addi x0,x0,0
Register Write to Reg: 0x00 Val: 0x00000000
[inst #5702] addi x0,x0,0
Register Write to Reg: 0x00 Val: 0x00000000
[inst #5703] lw x1,28(x2)
Register Write to Reg: 0x01 Val: 0x004005C0
[inst #5704] lw x8,24(x2)
Register Write to Reg: 0x08 Val: 0x10010FA8
[inst #5705] addi x0,x0,0
Register Write to Reg: 0x00 Val: 0x00000000
[inst #5706] addi x0,x0,0
Register Write to Reg: 0x00 Val: 0x00000000
[inst #5707] addi x0,x0,0
Register Write to Reg: 0x00 Val: 0x00000000
[inst #5708] addi x2,x2,32
Register Write to Reg: 0x02 Val: 0x10010FA8
[inst #5709] addi x0,x0,0
Register Write to Reg: 0x00 Val: 0x00000000
[inst #5710] addi x0,x0,0
Register Write to Reg: 0x00 Val: 0x00000000
[inst #5711] jalr x0,x1,0
Register Write to Reg: 0x00 Val: 0x00400864
[inst #5712] sw x7,24(x8)
Memory Write to Addr: 0x10010FC0 Val: 0x00000001
[inst #5713] jal x0,-720
Register Write to Reg: 0x00 Val: 0x004005C8
[inst #5714] lw x28,24(x8)
Register Write to Reg: 0x1C Val: 0x00000001
[inst #5715] addi x0,x0,0
Register Write to Reg: 0x00 Val: 0x00000000
[inst #5716] addi x0,x0,0
Register Write to Reg: 0x00 Val: 0x00000000
[inst #5717] addi x0,x0,0
Register Write to Reg: 0x00 Val: 0x00000000
[inst #5718] addi x7,x0,-1
Register Write to Reg: 0x07 Val: 0xFFFFFFFF
[inst #5719] addi x0,x0,0
Register Write to Reg: 0x00 Val: 0x00000000
[inst #5720] addi x0,x0,0
Register Write to Reg: 0x00 Val: 0x00000000
[inst #5721] addi x0,x0,0
Register Write to Reg: 0x00 Val: 0x00000000
[inst #5722] beq x28,x7,24
[inst #5723] addi x0,x0,0
Register Write to Reg: 0x00 Val: 0x00000000
[inst #5724] addi x0,x0,0
Register Write to Reg: 0x00 Val: 0x00000000
[inst #5725] jal x0,-252
Register Write to Reg: 0x00 Val: 0x00400324
[inst #5726] lw x29,24(x8)
Register Write to Reg: 0x1D Val: 0x00000001
[inst #5727] addi x0,x0,0
Register Write to Reg: 0x00 Val: 0x00000000
[inst #5728] addi x0,x0,0
Register Write to Reg: 0x00 Val: 0x00000000
[inst #5729] addi x0,x0,0
Register Write to Reg: 0x00 Val: 0x00000000
[inst #5730] auipc x1,0
Register Write to Reg: 0x01 Val: 0x00400234
[inst #5731] sll x0,x0,x0
Register Write to Reg: 0x00 Val: 0x00000000
[inst #5732] sll x0,x0,x0
Register Write to Reg: 0x00 Val: 0x00000000
[inst #5733] sll x0,x0,x0
Register Write to Reg: 0x00 Val: 0x00000000
[inst #5734] addi x1,x1,32
Register Write to Reg: 0x01 Val: 0x00400254
[inst #5735] jal x0,2404
Register Write to Reg: 0x00 Val: 0x0040024C
[inst #5736] addi x2,x2,-32
Register Write to Reg: 0x02 Val: 0x10010F88
[inst #5737] addi x0,x0,0
Register Write to Reg: 0x00 Val: 0x00000000
[inst #5738] addi x0,x0,0
Register Write to Reg: 0x00 Val: 0x00000000
[inst #5739] addi x0,x0,0
Register Write to Reg: 0x00 Val: 0x00000000
[inst #5740] sw x8,28(x2)
Memory Write to Addr: 0x10010FA4 Val: 0x10010FA8
[inst #5741] addi x0,x0,0
Register Write to Reg: 0x00 Val: 0x00000000
[inst #5742] addi x0,x0,0
Register Write to Reg: 0x00 Val: 0x00000000
[inst #5743] addi x0,x0,0
Register Write to Reg: 0x00 Val: 0x00000000
[inst #5744] add x8,x0,x2
Register Write to Reg: 0x08 Val: 0x10010F88
[inst #5745] addi x0,x0,0
Register Write to Reg: 0x00 Val: 0x00000000
[inst #5746] addi x0,x0,0
Register Write to Reg: 0x00 Val: 0x00000000
[inst #5747] addi x0,x0,0
Register Write to Reg: 0x00 Val: 0x00000000
[inst #5748] sw x29,32(x8)
Memory Write to Addr: 0x10010FA8 Val: 0x00000001
[inst #5749] ori x7,x0,1
Register Write to Reg: 0x07 Val: 0x00000001
[inst #5750] addi x0,x0,0
Register Write to Reg: 0x00 Val: 0x00000000
[inst #5751] addi x0,x0,0
Register Write to Reg: 0x00 Val: 0x00000000
[inst #5752] addi x0,x0,0
Register Write to Reg: 0x00 Val: 0x00000000
[inst #5753] sw x7,8(x8)
Memory Write to Addr: 0x10010F90 Val: 0x00000001
[inst #5754] sw x0,12(x8)
Memory Write to Addr: 0x10010F94 Val: 0x00000000
[inst #5755] jal x0,84
Register Write to Reg: 0x00 Val: 0x00400BFC
[inst #5756] lw x28,12(x8)
Register Write to Reg: 0x1C Val: 0x00000000
[inst #5757] lw x7,32(x8)
Register Write to Reg: 0x07 Val: 0x00000001
[inst #5758] addi x0,x0,0
Register Write to Reg: 0x00 Val: 0x00000000
[inst #5759] addi x0,x0,0
Register Write to Reg: 0x00 Val: 0x00000000
[inst #5760] addi x0,x0,0
Register Write to Reg: 0x00 Val: 0x00000000
[inst #5761] slt x7,x28,x7
Register Write to Reg: 0x07 Val: 0x00000001
[inst #5762] addi x0,x0,0
Register Write to Reg: 0x00 Val: 0x00000000
[inst #5763] addi x0,x0,0
Register Write to Reg: 0x00 Val: 0x00000000
[inst #5764] addi x0,x0,0
Register Write to Reg: 0x00 Val: 0x00000000
[inst #5765] beq x7,x0,24
[inst #5766] addi x0,x0,0
Register Write to Reg: 0x00 Val: 0x00000000
[inst #5767] addi x0,x0,0
Register Write to Reg: 0x00 Val: 0x00000000
[inst #5768] jal x0,-120
Register Write to Reg: 0x00 Val: 0x00400C80
[inst #5769] lw x7,8(x8)
Register Write to Reg: 0x07 Val: 0x00000001
[inst #5770] addi x0,x0,0
Register Write to Reg: 0x00 Val: 0x00000000
[inst #5771] addi x0,x0,0
Register Write to Reg: 0x00 Val: 0x00000000
[inst #5772] addi x0,x0,0
Register Write to Reg: 0x00 Val: 0x00000000
[inst #5773] slli x7,x7,8
Register Write to Reg: 0x07 Val: 0x00000100
[inst #5774] addi x0,x0,0
Register Write to Reg: 0x00 Val: 0x00000000
[inst #5775] addi x0,x0,0
Register Write to Reg: 0x00 Val: 0x00000000
[inst #5776] addi x0,x0,0
Register Write to Reg: 0x00 Val: 0x00000000
[inst #5777] sw x7,8(x8)
Memory Write to Addr: 0x10010F90 Val: 0x00000100
[inst #5778] lw x7,12(x8)
Register Write to Reg: 0x07 Val: 0x00000000
[inst #5779] addi x0,x0,0
Register Write to Reg: 0x00 Val: 0x00000000
[inst #5780] addi x0,x0,0
Register Write to Reg: 0x00 Val: 0x00000000
[inst #5781] addi x0,x0,0
Register Write to Reg: 0x00 Val: 0x00000000
[inst #5782] addi x7,x7,1
Register Write to Reg: 0x07 Val: 0x00000001
[inst #5783] addi x0,x0,0
Register Write to Reg: 0x00 Val: 0x00000000
[inst #5784] addi x0,x0,0
Register Write to Reg: 0x00 Val: 0x00000000
[inst #5785] addi x0,x0,0
Register Write to Reg: 0x00 Val: 0x00000000
[inst #5786] sw x7,12(x8)
Memory Write to Addr: 0x10010F94 Val: 0x00000001
[inst #5787] lw x28,12(x8)
Register Write to Reg: 0x1C Val: 0x00000001
[inst #5788] lw x7,32(x8)
Register Write to Reg: 0x07 Val: 0x00000001
[inst #5789] addi x0,x0,0
Register Write to Reg: 0x00 Val: 0x00000000
[inst #5790] addi x0,x0,0
Register Write to Reg: 0x00 Val: 0x00000000
[inst #5791] addi x0,x0,0
Register Write to Reg: 0x00 Val: 0x00000000
[inst #5792] slt x7,x28,x7
Register Write to Reg: 0x07 Val: 0x00000000
[inst #5793] addi x0,x0,0
Register Write to Reg: 0x00 Val: 0x00000000
[inst #5794] addi x0,x0,0
Register Write to Reg: 0x00 Val: 0x00000000
[inst #5795] addi x0,x0,0
Register Write to Reg: 0x00 Val: 0x00000000
[inst #5796] beq x7,x0,24
[inst #5797] lui x7,65552
Register Write to Reg: 0x07 Val: 0x10010000
[inst #5798] addi x0,x0,0
Register Write to Reg: 0x00 Val: 0x00000000
[inst #5799] addi x0,x0,0
Register Write to Reg: 0x00 Val: 0x00000000
[inst #5800] addi x0,x0,0
Register Write to Reg: 0x00 Val: 0x00000000
[inst #5801] addi x7,x7,36
Register Write to Reg: 0x07 Val: 0x10010024
[inst #5802] addi x0,x0,0
Register Write to Reg: 0x00 Val: 0x00000000
[inst #5803] addi x0,x0,0
Register Write to Reg: 0x00 Val: 0x00000000
[inst #5804] addi x0,x0,0
Register Write to Reg: 0x00 Val: 0x00000000
[inst #5805] lw x7,0(x7)
Register Write to Reg: 0x07 Val: 0x01010101
[inst #5806] addi x0,x0,0
Register Write to Reg: 0x00 Val: 0x00000000
[inst #5807] addi x0,x0,0
Register Write to Reg: 0x00 Val: 0x00000000
[inst #5808] addi x0,x0,0
Register Write to Reg: 0x00 Val: 0x00000000
[inst #5809] sw x7,16(x8)
Memory Write to Addr: 0x10010F98 Val: 0x01010101
[inst #5810] lw x28,16(x8)
Register Write to Reg: 0x1C Val: 0x01010101
[inst #5811] addi x0,x0,0
Register Write to Reg: 0x00 Val: 0x00000000
[inst #5812] addi x0,x0,0
Register Write to Reg: 0x00 Val: 0x00000000
[inst #5813] addi x0,x0,0
Register Write to Reg: 0x00 Val: 0x00000000
[inst #5814] lw x7,8(x8)
Register Write to Reg: 0x07 Val: 0x00000100
[inst #5815] addi x0,x0,0
Register Write to Reg: 0x00 Val: 0x00000000
[inst #5816] addi x0,x0,0
Register Write to Reg: 0x00 Val: 0x00000000
[inst #5817] addi x0,x0,0
Register Write to Reg: 0x00 Val: 0x00000000
[inst #5818] and x7,x28,x7
Register Write to Reg: 0x07 Val: 0x00000100
[inst #5819] addi x0,x0,0
Register Write to Reg: 0x00 Val: 0x00000000
[inst #5820] addi x0,x0,0
Register Write to Reg: 0x00 Val: 0x00000000
[inst #5821] addi x0,x0,0
Register Write to Reg: 0x00 Val: 0x00000000
[inst #5822] slt x7,x0,x7
Register Write to Reg: 0x07 Val: 0x00000001
[inst #5823] addi x0,x0,0
Register Write to Reg: 0x00 Val: 0x00000000
[inst #5824] addi x0,x0,0
Register Write to Reg: 0x00 Val: 0x00000000
[inst #5825] addi x0,x0,0
Register Write to Reg: 0x00 Val: 0x00000000
[inst #5826] andi x7,x7,255
Register Write to Reg: 0x07 Val: 0x00000001
[inst #5827] addi x0,x0,0
Register Write to Reg: 0x00 Val: 0x00000000
[inst #5828] addi x0,x0,0
Register Write to Reg: 0x00 Val: 0x00000000
[inst #5829] addi x0,x0,0
Register Write to Reg: 0x00 Val: 0x00000000
[inst #5830] add x2,x0,x8
Register Write to Reg: 0x02 Val: 0x10010F88
[inst #5831] addi x0,x0,0
Register Write to Reg: 0x00 Val: 0x00000000
[inst #5832] addi x0,x0,0
Register Write to Reg: 0x00 Val: 0x00000000
[inst #5833] addi x0,x0,0
Register Write to Reg: 0x00 Val: 0x00000000
[inst #5834] lw x8,28(x2)
Register Write to Reg: 0x08 Val: 0x10010FA8
[inst #5835] addi x0,x0,0
Register Write to Reg: 0x00 Val: 0x00000000
[inst #5836] addi x0,x0,0
Register Write to Reg: 0x00 Val: 0x00000000
[inst #5837] addi x0,x0,0
Register Write to Reg: 0x00 Val: 0x00000000
[inst #5838] addi x2,x2,32
Register Write to Reg: 0x02 Val: 0x10010FA8
[inst #5839] addi x0,x0,0
Register Write to Reg: 0x00 Val: 0x00000000
[inst #5840] addi x0,x0,0
Register Write to Reg: 0x00 Val: 0x00000000
[inst #5841] jalr x0,x1,0
Register Write to Reg: 0x00 Val: 0x00400D3C
[inst #5842] xori x7,x7,1
Register Write to Reg: 0x07 Val: 0x00000000
[inst #5843] addi x0,x0,0
Register Write to Reg: 0x00 Val: 0x00000000
[inst #5844] addi x0,x0,0
Register Write to Reg: 0x00 Val: 0x00000000
[inst #5845] addi x0,x0,0
Register Write to Reg: 0x00 Val: 0x00000000
[inst #5846] andi x7,x7,255
Register Write to Reg: 0x07 Val: 0x00000000
[inst #5847] addi x0,x0,0
Register Write to Reg: 0x00 Val: 0x00000000
[inst #5848] addi x0,x0,0
Register Write to Reg: 0x00 Val: 0x00000000
[inst #5849] addi x0,x0,0
Register Write to Reg: 0x00 Val: 0x00000000
[inst #5850] beq x7,x0,60
[inst #5851] addi x7,x8,28
Register Write to Reg: 0x07 Val: 0x10010FC4
[inst #5852] addi x0,x0,0
Register Write to Reg: 0x00 Val: 0x00000000
[inst #5853] addi x0,x0,0
Register Write to Reg: 0x00 Val: 0x00000000
[inst #5854] addi x0,x0,0
Register Write to Reg: 0x00 Val: 0x00000000
[inst #5855] add x29,x0,x7
Register Write to Reg: 0x1D Val: 0x10010FC4
[inst #5856] addi x0,x0,0
Register Write to Reg: 0x00 Val: 0x00000000
[inst #5857] addi x0,x0,0
Register Write to Reg: 0x00 Val: 0x00000000
[inst #5858] addi x0,x0,0
Register Write to Reg: 0x00 Val: 0x00000000
[inst #5859] auipc x1,0
Register Write to Reg: 0x01 Val: 0x004002D0
[inst #5860] sll x0,x0,x0
Register Write to Reg: 0x00 Val: 0x00000000
[inst #5861] sll x0,x0,x0
Register Write to Reg: 0x00 Val: 0x00000000
[inst #5862] sll x0,x0,x0
Register Write to Reg: 0x00 Val: 0x00000000
[inst #5863] addi x1,x1,32
Register Write to Reg: 0x01 Val: 0x004002F0
[inst #5864] jal x0,936
Register Write to Reg: 0x00 Val: 0x004002E8
[inst #5865] addi x2,x2,-32
Register Write to Reg: 0x02 Val: 0x10010F88
[inst #5866] addi x0,x0,0
Register Write to Reg: 0x00 Val: 0x00000000
[inst #5867] addi x0,x0,0
Register Write to Reg: 0x00 Val: 0x00000000
[inst #5868] addi x0,x0,0
Register Write to Reg: 0x00 Val: 0x00000000
[inst #5869] sw x1,28(x2)
Memory Write to Addr: 0x10010FA4 Val: 0x004002F0
[inst #5870] sw x8,24(x2)
Memory Write to Addr: 0x10010FA0 Val: 0x10010FA8
[inst #5871] addi x0,x0,0
Register Write to Reg: 0x00 Val: 0x00000000
[inst #5872] addi x0,x0,0
Register Write to Reg: 0x00 Val: 0x00000000
[inst #5873] addi x0,x0,0
Register Write to Reg: 0x00 Val: 0x00000000
[inst #5874] add x8,x0,x2
Register Write to Reg: 0x08 Val: 0x10010F88
[inst #5875] addi x0,x0,0
Register Write to Reg: 0x00 Val: 0x00000000
[inst #5876] addi x0,x0,0
Register Write to Reg: 0x00 Val: 0x00000000
[inst #5877] addi x0,x0,0
Register Write to Reg: 0x00 Val: 0x00000000
[inst #5878] sw x29,32(x8)
Memory Write to Addr: 0x10010FA8 Val: 0x10010FC4
[inst #5879] jal x0,288
Register Write to Reg: 0x00 Val: 0x004006C8
[inst #5880] lw x7,32(x8)
Register Write to Reg: 0x07 Val: 0x10010FC4
[inst #5881] addi x0,x0,0
Register Write to Reg: 0x00 Val: 0x00000000
[inst #5882] addi x0,x0,0
Register Write to Reg: 0x00 Val: 0x00000000
[inst #5883] addi x0,x0,0
Register Write to Reg: 0x00 Val: 0x00000000
[inst #5884] lw x7,4(x7)
Register Write to Reg: 0x07 Val: 0x00000002
[inst #5885] addi x0,x0,0
Register Write to Reg: 0x00 Val: 0x00000000
[inst #5886] addi x0,x0,0
Register Write to Reg: 0x00 Val: 0x00000000
[inst #5887] addi x0,x0,0
Register Write to Reg: 0x00 Val: 0x00000000
[inst #5888] slti x7,x7,4
Register Write to Reg: 0x07 Val: 0x00000001
[inst #5889] addi x0,x0,0
Register Write to Reg: 0x00 Val: 0x00000000
[inst #5890] addi x0,x0,0
Register Write to Reg: 0x00 Val: 0x00000000
[inst #5891] addi x0,x0,0
Register Write to Reg: 0x00 Val: 0x00000000
[inst #5892] beq x7,x0,24
[inst #5893] addi x0,x0,0
Register Write to Reg: 0x00 Val: 0x00000000
[inst #5894] addi x0,x0,0
Register Write to Reg: 0x00 Val: 0x00000000
[inst #5895] jal x0,-336
Register Write to Reg: 0x00 Val: 0x00400824
[inst #5896] lw x7,32(x8)
Register Write to Reg: 0x07 Val: 0x10010FC4
[inst #5897] addi x0,x0,0
Register Write to Reg: 0x00 Val: 0x00000000
[inst #5898] addi x0,x0,0
Register Write to Reg: 0x00 Val: 0x00000000
[inst #5899] addi x0,x0,0
Register Write to Reg: 0x00 Val: 0x00000000
[inst #5900] lw x28,0(x7)
Register Write to Reg: 0x1C Val: 0x00000003
[inst #5901] addi x0,x0,0
Register Write to Reg: 0x00 Val: 0x00000000
[inst #5902] addi x0,x0,0
Register Write to Reg: 0x00 Val: 0x00000000
[inst #5903] addi x0,x0,0
Register Write to Reg: 0x00 Val: 0x00000000
[inst #5904] lw x7,32(x8)
Register Write to Reg: 0x07 Val: 0x10010FC4
[inst #5905] addi x0,x0,0
Register Write to Reg: 0x00 Val: 0x00000000
[inst #5906] addi x0,x0,0
Register Write to Reg: 0x00 Val: 0x00000000
[inst #5907] addi x0,x0,0
Register Write to Reg: 0x00 Val: 0x00000000
[inst #5908] lw x7,4(x7)
Register Write to Reg: 0x07 Val: 0x00000002
[inst #5909] addi x0,x0,0
Register Write to Reg: 0x00 Val: 0x00000000
[inst #5910] addi x0,x0,0
Register Write to Reg: 0x00 Val: 0x00000000
[inst #5911] addi x0,x0,0
Register Write to Reg: 0x00 Val: 0x00000000
[inst #5912] add x30,x0,x7
Register Write to Reg: 0x1E Val: 0x00000002
[inst #5913] add x29,x0,x28
Register Write to Reg: 0x1D Val: 0x00000003
[inst #5914] addi x0,x0,0
Register Write to Reg: 0x00 Val: 0x00000000
[inst #5915] addi x0,x0,0
Register Write to Reg: 0x00 Val: 0x00000000
[inst #5916] addi x0,x0,0
Register Write to Reg: 0x00 Val: 0x00000000
[inst #5917] auipc x1,0
Register Write to Reg: 0x01 Val: 0x00400724
[inst #5918] sll x0,x0,x0
Register Write to Reg: 0x00 Val: 0x00000000
[inst #5919] sll x0,x0,x0
Register Write to Reg: 0x00 Val: 0x00000000
[inst #5920] sll x0,x0,x0
Register Write to Reg: 0x00 Val: 0x00000000
[inst #5921] addi x1,x1,32
Register Write to Reg: 0x01 Val: 0x00400744
[inst #5922] jal x0,308
Register Write to Reg: 0x00 Val: 0x0040073C
[inst #5923] addi x2,x2,-32
Register Write to Reg: 0x02 Val: 0x10010F68
[inst #5924] addi x0,x0,0
Register Write to Reg: 0x00 Val: 0x00000000
[inst #5925] addi x0,x0,0
Register Write to Reg: 0x00 Val: 0x00000000
[inst #5926] addi x0,x0,0
Register Write to Reg: 0x00 Val: 0x00000000
[inst #5927] sw x8,28(x2)
Memory Write to Addr: 0x10010F84 Val: 0x10010F88
[inst #5928] addi x0,x0,0
Register Write to Reg: 0x00 Val: 0x00000000
[inst #5929] addi x0,x0,0
Register Write to Reg: 0x00 Val: 0x00000000
[inst #5930] addi x0,x0,0
Register Write to Reg: 0x00 Val: 0x00000000
[inst #5931] add x8,x0,x2
Register Write to Reg: 0x08 Val: 0x10010F68
[inst #5932] addi x0,x0,0
Register Write to Reg: 0x00 Val: 0x00000000
[inst #5933] addi x0,x0,0
Register Write to Reg: 0x00 Val: 0x00000000
[inst #5934] addi x0,x0,0
Register Write to Reg: 0x00 Val: 0x00000000
[inst #5935] sw x29,32(x8)
Memory Write to Addr: 0x10010F88 Val: 0x00000003
[inst #5936] sw x30,36(x8)
Memory Write to Addr: 0x10010F8C Val: 0x00000002
[inst #5937] lui x7,65552
Register Write to Reg: 0x07 Val: 0x10010000
[inst #5938] addi x0,x0,0
Register Write to Reg: 0x00 Val: 0x00000000
[inst #5939] addi x0,x0,0
Register Write to Reg: 0x00 Val: 0x00000000
[inst #5940] addi x0,x0,0
Register Write to Reg: 0x00 Val: 0x00000000
[inst #5941] addi x7,x7,8
Register Write to Reg: 0x07 Val: 0x10010008
[inst #5942] lw x28,32(x8)
Register Write to Reg: 0x1C Val: 0x00000003
[inst #5943] addi x0,x0,0
Register Write to Reg: 0x00 Val: 0x00000000
[inst #5944] addi x0,x0,0
Register Write to Reg: 0x00 Val: 0x00000000
[inst #5945] addi x0,x0,0
Register Write to Reg: 0x00 Val: 0x00000000
[inst #5946] slli x28,x28,2
Register Write to Reg: 0x1C Val: 0x0000000C
[inst #5947] addi x0,x0,0
Register Write to Reg: 0x00 Val: 0x00000000
[inst #5948] addi x0,x0,0
Register Write to Reg: 0x00 Val: 0x00000000
[inst #5949] addi x0,x0,0
Register Write to Reg: 0x00 Val: 0x00000000
[inst #5950] add x7,x28,x7
Register Write to Reg: 0x07 Val: 0x10010014
[inst #5951] addi x0,x0,0
Register Write to Reg: 0x00 Val: 0x00000000
[inst #5952] addi x0,x0,0
Register Write to Reg: 0x00 Val: 0x00000000
[inst #5953] addi x0,x0,0
Register Write to Reg: 0x00 Val: 0x00000000
[inst #5954] lw x7,0(x7)
Register Write to Reg: 0x07 Val: 0x00000006
[inst #5955] addi x0,x0,0
Register Write to Reg: 0x00 Val: 0x00000000
[inst #5956] addi x0,x0,0
Register Write to Reg: 0x00 Val: 0x00000000
[inst #5957] addi x0,x0,0
Register Write to Reg: 0x00 Val: 0x00000000
[inst #5958] sw x7,16(x8)
Memory Write to Addr: 0x10010F78 Val: 0x00000006
[inst #5959] addi x7,x0,1
Register Write to Reg: 0x07 Val: 0x00000001
[inst #5960] addi x0,x0,0
Register Write to Reg: 0x00 Val: 0x00000000
[inst #5961] addi x0,x0,0
Register Write to Reg: 0x00 Val: 0x00000000
[inst #5962] addi x0,x0,0
Register Write to Reg: 0x00 Val: 0x00000000
[inst #5963] sw x7,8(x8)
Memory Write to Addr: 0x10010F70 Val: 0x00000001
[inst #5964] sw x0,12(x8)
Memory Write to Addr: 0x10010F74 Val: 0x00000000
[inst #5965] jal x0,84
Register Write to Reg: 0x00 Val: 0x00400918
[inst #5966] lw x28,12(x8)
Register Write to Reg: 0x1C Val: 0x00000000
[inst #5967] lw x7,36(x8)
Register Write to Reg: 0x07 Val: 0x00000002
[inst #5968] addi x0,x0,0
Register Write to Reg: 0x00 Val: 0x00000000
[inst #5969] addi x0,x0,0
Register Write to Reg: 0x00 Val: 0x00000000
[inst #5970] addi x0,x0,0
Register Write to Reg: 0x00 Val: 0x00000000
[inst #5971] slt x7,x28,x7
Register Write to Reg: 0x07 Val: 0x00000001
[inst #5972] addi x0,x0,0
Register Write to Reg: 0x00 Val: 0x00000000
[inst #5973] addi x0,x0,0
Register Write to Reg: 0x00 Val: 0x00000000
[inst #5974] addi x0,x0,0
Register Write to Reg: 0x00 Val: 0x00000000
[inst #5975] beq x7,x0,24
[inst #5976] addi x0,x0,0
Register Write to Reg: 0x00 Val: 0x00000000
[inst #5977] addi x0,x0,0
Register Write to Reg: 0x00 Val: 0x00000000
[inst #5978] jal x0,-120
Register Write to Reg: 0x00 Val: 0x0040099C
[inst #5979] lw x7,8(x8)
Register Write to Reg: 0x07 Val: 0x00000001
[inst #5980] addi x0,x0,0
Register Write to Reg: 0x00 Val: 0x00000000
[inst #5981] addi x0,x0,0
Register Write to Reg: 0x00 Val: 0x00000000
[inst #5982] addi x0,x0,0
Register Write to Reg: 0x00 Val: 0x00000000
[inst #5983] slli x7,x7,1
Register Write to Reg: 0x07 Val: 0x00000002
[inst #5984] addi x0,x0,0
Register Write to Reg: 0x00 Val: 0x00000000
[inst #5985] addi x0,x0,0
Register Write to Reg: 0x00 Val: 0x00000000
[inst #5986] addi x0,x0,0
Register Write to Reg: 0x00 Val: 0x00000000
[inst #5987] sw x7,8(x8)
Memory Write to Addr: 0x10010F70 Val: 0x00000002
[inst #5988] lw x7,12(x8)
Register Write to Reg: 0x07 Val: 0x00000000
[inst #5989] addi x0,x0,0
Register Write to Reg: 0x00 Val: 0x00000000
[inst #5990] addi x0,x0,0
Register Write to Reg: 0x00 Val: 0x00000000
[inst #5991] addi x0,x0,0
Register Write to Reg: 0x00 Val: 0x00000000
[inst #5992] addi x7,x7,1
Register Write to Reg: 0x07 Val: 0x00000001
[inst #5993] addi x0,x0,0
Register Write to Reg: 0x00 Val: 0x00000000
[inst #5994] addi x0,x0,0
Register Write to Reg: 0x00 Val: 0x00000000
[inst #5995] addi x0,x0,0
Register Write to Reg: 0x00 Val: 0x00000000
[inst #5996] sw x7,12(x8)
Memory Write to Addr: 0x10010F74 Val: 0x00000001
[inst #5997] lw x28,12(x8)
Register Write to Reg: 0x1C Val: 0x00000001
[inst #5998] lw x7,36(x8)
Register Write to Reg: 0x07 Val: 0x00000002
[inst #5999] addi x0,x0,0
Register Write to Reg: 0x00 Val: 0x00000000
[inst #6000] addi x0,x0,0
Register Write to Reg: 0x00 Val: 0x00000000
[inst #6001] addi x0,x0,0
Register Write to Reg: 0x00 Val: 0x00000000
[inst #6002] slt x7,x28,x7
Register Write to Reg: 0x07 Val: 0x00000001
[inst #6003] addi x0,x0,0
Register Write to Reg: 0x00 Val: 0x00000000
[inst #6004] addi x0,x0,0
Register Write to Reg: 0x00 Val: 0x00000000
[inst #6005] addi x0,x0,0
Register Write to Reg: 0x00 Val: 0x00000000
[inst #6006] beq x7,x0,24
[inst #6007] addi x0,x0,0
Register Write to Reg: 0x00 Val: 0x00000000
[inst #6008] addi x0,x0,0
Register Write to Reg: 0x00 Val: 0x00000000
[inst #6009] jal x0,-120
Register Write to Reg: 0x00 Val: 0x0040099C
[inst #6010] lw x7,8(x8)
Register Write to Reg: 0x07 Val: 0x00000002
[inst #6011] addi x0,x0,0
Register Write to Reg: 0x00 Val: 0x00000000
[inst #6012] addi x0,x0,0
Register Write to Reg: 0x00 Val: 0x00000000
[inst #6013] addi x0,x0,0
Register Write to Reg: 0x00 Val: 0x00000000
[inst #6014] slli x7,x7,1
Register Write to Reg: 0x07 Val: 0x00000004
[inst #6015] addi x0,x0,0
Register Write to Reg: 0x00 Val: 0x00000000
[inst #6016] addi x0,x0,0
Register Write to Reg: 0x00 Val: 0x00000000
[inst #6017] addi x0,x0,0
Register Write to Reg: 0x00 Val: 0x00000000
[inst #6018] sw x7,8(x8)
Memory Write to Addr: 0x10010F70 Val: 0x00000004
[inst #6019] lw x7,12(x8)
Register Write to Reg: 0x07 Val: 0x00000001
[inst #6020] addi x0,x0,0
Register Write to Reg: 0x00 Val: 0x00000000
[inst #6021] addi x0,x0,0
Register Write to Reg: 0x00 Val: 0x00000000
[inst #6022] addi x0,x0,0
Register Write to Reg: 0x00 Val: 0x00000000
[inst #6023] addi x7,x7,1
Register Write to Reg: 0x07 Val: 0x00000002
[inst #6024] addi x0,x0,0
Register Write to Reg: 0x00 Val: 0x00000000
[inst #6025] addi x0,x0,0
Register Write to Reg: 0x00 Val: 0x00000000
[inst #6026] addi x0,x0,0
Register Write to Reg: 0x00 Val: 0x00000000
[inst #6027] sw x7,12(x8)
Memory Write to Addr: 0x10010F74 Val: 0x00000002
[inst #6028] lw x28,12(x8)
Register Write to Reg: 0x1C Val: 0x00000002
[inst #6029] lw x7,36(x8)
Register Write to Reg: 0x07 Val: 0x00000002
[inst #6030] addi x0,x0,0
Register Write to Reg: 0x00 Val: 0x00000000
[inst #6031] addi x0,x0,0
Register Write to Reg: 0x00 Val: 0x00000000
[inst #6032] addi x0,x0,0
Register Write to Reg: 0x00 Val: 0x00000000
[inst #6033] slt x7,x28,x7
Register Write to Reg: 0x07 Val: 0x00000000
[inst #6034] addi x0,x0,0
Register Write to Reg: 0x00 Val: 0x00000000
[inst #6035] addi x0,x0,0
Register Write to Reg: 0x00 Val: 0x00000000
[inst #6036] addi x0,x0,0
Register Write to Reg: 0x00 Val: 0x00000000
[inst #6037] beq x7,x0,24
[inst #6038] lw x28,8(x8)
Register Write to Reg: 0x1C Val: 0x00000004
[inst #6039] lw x7,16(x8)
Register Write to Reg: 0x07 Val: 0x00000006
[inst #6040] addi x0,x0,0
Register Write to Reg: 0x00 Val: 0x00000000
[inst #6041] addi x0,x0,0
Register Write to Reg: 0x00 Val: 0x00000000
[inst #6042] addi x0,x0,0
Register Write to Reg: 0x00 Val: 0x00000000
[inst #6043] and x7,x28,x7
Register Write to Reg: 0x07 Val: 0x00000004
[inst #6044] addi x0,x0,0
Register Write to Reg: 0x00 Val: 0x00000000
[inst #6045] addi x0,x0,0
Register Write to Reg: 0x00 Val: 0x00000000
[inst #6046] addi x0,x0,0
Register Write to Reg: 0x00 Val: 0x00000000
[inst #6047] slt x7,x0,x7
Register Write to Reg: 0x07 Val: 0x00000001
[inst #6048] addi x0,x0,0
Register Write to Reg: 0x00 Val: 0x00000000
[inst #6049] addi x0,x0,0
Register Write to Reg: 0x00 Val: 0x00000000
[inst #6050] addi x0,x0,0
Register Write to Reg: 0x00 Val: 0x00000000
[inst #6051] andi x7,x7,255
Register Write to Reg: 0x07 Val: 0x00000001
[inst #6052] addi x0,x0,0
Register Write to Reg: 0x00 Val: 0x00000000
[inst #6053] addi x0,x0,0
Register Write to Reg: 0x00 Val: 0x00000000
[inst #6054] addi x0,x0,0
Register Write to Reg: 0x00 Val: 0x00000000
[inst #6055] add x2,x0,x8
Register Write to Reg: 0x02 Val: 0x10010F68
[inst #6056] addi x0,x0,0
Register Write to Reg: 0x00 Val: 0x00000000
[inst #6057] addi x0,x0,0
Register Write to Reg: 0x00 Val: 0x00000000
[inst #6058] addi x0,x0,0
Register Write to Reg: 0x00 Val: 0x00000000
[inst #6059] lw x8,28(x2)
Register Write to Reg: 0x08 Val: 0x10010F88
[inst #6060] addi x0,x0,0
Register Write to Reg: 0x00 Val: 0x00000000
[inst #6061] addi x0,x0,0
Register Write to Reg: 0x00 Val: 0x00000000
[inst #6062] addi x0,x0,0
Register Write to Reg: 0x00 Val: 0x00000000
[inst #6063] addi x2,x2,32
Register Write to Reg: 0x02 Val: 0x10010F88
[inst #6064] addi x0,x0,0
Register Write to Reg: 0x00 Val: 0x00000000
[inst #6065] addi x0,x0,0
Register Write to Reg: 0x00 Val: 0x00000000
[inst #6066] jalr x0,x1,0
Register Write to Reg: 0x00 Val: 0x00400A18
[inst #6067] beq x7,x0,92
[inst #6068] addi x0,x0,0
Register Write to Reg: 0x00 Val: 0x00000000
[inst #6069] addi x0,x0,0
Register Write to Reg: 0x00 Val: 0x00000000
[inst #6070] lw x7,32(x8)
Register Write to Reg: 0x07 Val: 0x10010FC4
[inst #6071] addi x0,x0,0
Register Write to Reg: 0x00 Val: 0x00000000
[inst #6072] addi x0,x0,0
Register Write to Reg: 0x00 Val: 0x00000000
[inst #6073] addi x0,x0,0
Register Write to Reg: 0x00 Val: 0x00000000
[inst #6074] lw x7,4(x7)
Register Write to Reg: 0x07 Val: 0x00000002
[inst #6075] addi x0,x0,0
Register Write to Reg: 0x00 Val: 0x00000000
[inst #6076] addi x0,x0,0
Register Write to Reg: 0x00 Val: 0x00000000
[inst #6077] addi x0,x0,0
Register Write to Reg: 0x00 Val: 0x00000000
[inst #6078] addi x29,x7,1
Register Write to Reg: 0x1D Val: 0x00000003
[inst #6079] addi x0,x0,0
Register Write to Reg: 0x00 Val: 0x00000000
[inst #6080] addi x0,x0,0
Register Write to Reg: 0x00 Val: 0x00000000
[inst #6081] addi x0,x0,0
Register Write to Reg: 0x00 Val: 0x00000000
[inst #6082] lw x28,32(x8)
Register Write to Reg: 0x1C Val: 0x10010FC4
[inst #6083] addi x0,x0,0
Register Write to Reg: 0x00 Val: 0x00000000
[inst #6084] addi x0,x0,0
Register Write to Reg: 0x00 Val: 0x00000000
[inst #6085] addi x0,x0,0
Register Write to Reg: 0x00 Val: 0x00000000
[inst #6086] sw x29,4(x28)
Memory Write to Addr: 0x10010FC8 Val: 0x00000003
[inst #6087] jal x0,156
Register Write to Reg: 0x00 Val: 0x00400798
[inst #6088] add x2,x0,x8
Register Write to Reg: 0x02 Val: 0x10010F88
[inst #6089] addi x0,x0,0
Register Write to Reg: 0x00 Val: 0x00000000
[inst #6090] addi x0,x0,0
Register Write to Reg: 0x00 Val: 0x00000000
[inst #6091] addi x0,x0,0
Register Write to Reg: 0x00 Val: 0x00000000
[inst #6092] lw x1,28(x2)
Register Write to Reg: 0x01 Val: 0x004002F0
[inst #6093] lw x8,24(x2)
Register Write to Reg: 0x08 Val: 0x10010FA8
[inst #6094] addi x0,x0,0
Register Write to Reg: 0x00 Val: 0x00000000
[inst #6095] addi x0,x0,0
Register Write to Reg: 0x00 Val: 0x00000000
[inst #6096] addi x0,x0,0
Register Write to Reg: 0x00 Val: 0x00000000
[inst #6097] addi x2,x2,32
Register Write to Reg: 0x02 Val: 0x10010FA8
[inst #6098] addi x0,x0,0
Register Write to Reg: 0x00 Val: 0x00000000
[inst #6099] addi x0,x0,0
Register Write to Reg: 0x00 Val: 0x00000000
[inst #6100] jalr x0,x1,0
Register Write to Reg: 0x00 Val: 0x00400864
[inst #6101] sw x7,24(x8)
Memory Write to Addr: 0x10010FC0 Val: 0x00000002
[inst #6102] lw x28,24(x8)
Register Write to Reg: 0x1C Val: 0x00000002
[inst #6103] addi x0,x0,0
Register Write to Reg: 0x00 Val: 0x00000000
[inst #6104] addi x0,x0,0
Register Write to Reg: 0x00 Val: 0x00000000
[inst #6105] addi x0,x0,0
Register Write to Reg: 0x00 Val: 0x00000000
[inst #6106] addi x7,x0,-1
Register Write to Reg: 0x07 Val: 0xFFFFFFFF
[inst #6107] addi x0,x0,0
Register Write to Reg: 0x00 Val: 0x00000000
[inst #6108] addi x0,x0,0
Register Write to Reg: 0x00 Val: 0x00000000
[inst #6109] addi x0,x0,0
Register Write to Reg: 0x00 Val: 0x00000000
[inst #6110] beq x28,x7,24
[inst #6111] addi x0,x0,0
Register Write to Reg: 0x00 Val: 0x00000000
[inst #6112] addi x0,x0,0
Register Write to Reg: 0x00 Val: 0x00000000
[inst #6113] jal x0,-252
Register Write to Reg: 0x00 Val: 0x00400324
[inst #6114] lw x29,24(x8)
Register Write to Reg: 0x1D Val: 0x00000002
[inst #6115] addi x0,x0,0
Register Write to Reg: 0x00 Val: 0x00000000
[inst #6116] addi x0,x0,0
Register Write to Reg: 0x00 Val: 0x00000000
[inst #6117] addi x0,x0,0
Register Write to Reg: 0x00 Val: 0x00000000
[inst #6118] auipc x1,0
Register Write to Reg: 0x01 Val: 0x00400234
[inst #6119] sll x0,x0,x0
Register Write to Reg: 0x00 Val: 0x00000000
[inst #6120] sll x0,x0,x0
Register Write to Reg: 0x00 Val: 0x00000000
[inst #6121] sll x0,x0,x0
Register Write to Reg: 0x00 Val: 0x00000000
[inst #6122] addi x1,x1,32
Register Write to Reg: 0x01 Val: 0x00400254
[inst #6123] jal x0,2404
Register Write to Reg: 0x00 Val: 0x0040024C
[inst #6124] addi x2,x2,-32
Register Write to Reg: 0x02 Val: 0x10010F88
[inst #6125] addi x0,x0,0
Register Write to Reg: 0x00 Val: 0x00000000
[inst #6126] addi x0,x0,0
Register Write to Reg: 0x00 Val: 0x00000000
[inst #6127] addi x0,x0,0
Register Write to Reg: 0x00 Val: 0x00000000
[inst #6128] sw x8,28(x2)
Memory Write to Addr: 0x10010FA4 Val: 0x10010FA8
[inst #6129] addi x0,x0,0
Register Write to Reg: 0x00 Val: 0x00000000
[inst #6130] addi x0,x0,0
Register Write to Reg: 0x00 Val: 0x00000000
[inst #6131] addi x0,x0,0
Register Write to Reg: 0x00 Val: 0x00000000
[inst #6132] add x8,x0,x2
Register Write to Reg: 0x08 Val: 0x10010F88
[inst #6133] addi x0,x0,0
Register Write to Reg: 0x00 Val: 0x00000000
[inst #6134] addi x0,x0,0
Register Write to Reg: 0x00 Val: 0x00000000
[inst #6135] addi x0,x0,0
Register Write to Reg: 0x00 Val: 0x00000000
[inst #6136] sw x29,32(x8)
Memory Write to Addr: 0x10010FA8 Val: 0x00000002
[inst #6137] ori x7,x0,1
Register Write to Reg: 0x07 Val: 0x00000001
[inst #6138] addi x0,x0,0
Register Write to Reg: 0x00 Val: 0x00000000
[inst #6139] addi x0,x0,0
Register Write to Reg: 0x00 Val: 0x00000000
[inst #6140] addi x0,x0,0
Register Write to Reg: 0x00 Val: 0x00000000
[inst #6141] sw x7,8(x8)
Memory Write to Addr: 0x10010F90 Val: 0x00000001
[inst #6142] sw x0,12(x8)
Memory Write to Addr: 0x10010F94 Val: 0x00000000
[inst #6143] jal x0,84
Register Write to Reg: 0x00 Val: 0x00400BFC
[inst #6144] lw x28,12(x8)
Register Write to Reg: 0x1C Val: 0x00000000
[inst #6145] lw x7,32(x8)
Register Write to Reg: 0x07 Val: 0x00000002
[inst #6146] addi x0,x0,0
Register Write to Reg: 0x00 Val: 0x00000000
[inst #6147] addi x0,x0,0
Register Write to Reg: 0x00 Val: 0x00000000
[inst #6148] addi x0,x0,0
Register Write to Reg: 0x00 Val: 0x00000000
[inst #6149] slt x7,x28,x7
Register Write to Reg: 0x07 Val: 0x00000001
[inst #6150] addi x0,x0,0
Register Write to Reg: 0x00 Val: 0x00000000
[inst #6151] addi x0,x0,0
Register Write to Reg: 0x00 Val: 0x00000000
[inst #6152] addi x0,x0,0
Register Write to Reg: 0x00 Val: 0x00000000
[inst #6153] beq x7,x0,24
[inst #6154] addi x0,x0,0
Register Write to Reg: 0x00 Val: 0x00000000
[inst #6155] addi x0,x0,0
Register Write to Reg: 0x00 Val: 0x00000000
[inst #6156] jal x0,-120
Register Write to Reg: 0x00 Val: 0x00400C80
[inst #6157] lw x7,8(x8)
Register Write to Reg: 0x07 Val: 0x00000001
[inst #6158] addi x0,x0,0
Register Write to Reg: 0x00 Val: 0x00000000
[inst #6159] addi x0,x0,0
Register Write to Reg: 0x00 Val: 0x00000000
[inst #6160] addi x0,x0,0
Register Write to Reg: 0x00 Val: 0x00000000
[inst #6161] slli x7,x7,8
Register Write to Reg: 0x07 Val: 0x00000100
[inst #6162] addi x0,x0,0
Register Write to Reg: 0x00 Val: 0x00000000
[inst #6163] addi x0,x0,0
Register Write to Reg: 0x00 Val: 0x00000000
[inst #6164] addi x0,x0,0
Register Write to Reg: 0x00 Val: 0x00000000
[inst #6165] sw x7,8(x8)
Memory Write to Addr: 0x10010F90 Val: 0x00000100
[inst #6166] lw x7,12(x8)
Register Write to Reg: 0x07 Val: 0x00000000
[inst #6167] addi x0,x0,0
Register Write to Reg: 0x00 Val: 0x00000000
[inst #6168] addi x0,x0,0
Register Write to Reg: 0x00 Val: 0x00000000
[inst #6169] addi x0,x0,0
Register Write to Reg: 0x00 Val: 0x00000000
[inst #6170] addi x7,x7,1
Register Write to Reg: 0x07 Val: 0x00000001
[inst #6171] addi x0,x0,0
Register Write to Reg: 0x00 Val: 0x00000000
[inst #6172] addi x0,x0,0
Register Write to Reg: 0x00 Val: 0x00000000
[inst #6173] addi x0,x0,0
Register Write to Reg: 0x00 Val: 0x00000000
[inst #6174] sw x7,12(x8)
Memory Write to Addr: 0x10010F94 Val: 0x00000001
[inst #6175] lw x28,12(x8)
Register Write to Reg: 0x1C Val: 0x00000001
[inst #6176] lw x7,32(x8)
Register Write to Reg: 0x07 Val: 0x00000002
[inst #6177] addi x0,x0,0
Register Write to Reg: 0x00 Val: 0x00000000
[inst #6178] addi x0,x0,0
Register Write to Reg: 0x00 Val: 0x00000000
[inst #6179] addi x0,x0,0
Register Write to Reg: 0x00 Val: 0x00000000
[inst #6180] slt x7,x28,x7
Register Write to Reg: 0x07 Val: 0x00000001
[inst #6181] addi x0,x0,0
Register Write to Reg: 0x00 Val: 0x00000000
[inst #6182] addi x0,x0,0
Register Write to Reg: 0x00 Val: 0x00000000
[inst #6183] addi x0,x0,0
Register Write to Reg: 0x00 Val: 0x00000000
[inst #6184] beq x7,x0,24
[inst #6185] addi x0,x0,0
Register Write to Reg: 0x00 Val: 0x00000000
[inst #6186] addi x0,x0,0
Register Write to Reg: 0x00 Val: 0x00000000
[inst #6187] jal x0,-120
Register Write to Reg: 0x00 Val: 0x00400C80
[inst #6188] lw x7,8(x8)
Register Write to Reg: 0x07 Val: 0x00000100
[inst #6189] addi x0,x0,0
Register Write to Reg: 0x00 Val: 0x00000000
[inst #6190] addi x0,x0,0
Register Write to Reg: 0x00 Val: 0x00000000
[inst #6191] addi x0,x0,0
Register Write to Reg: 0x00 Val: 0x00000000
[inst #6192] slli x7,x7,8
Register Write to Reg: 0x07 Val: 0x00010000
[inst #6193] addi x0,x0,0
Register Write to Reg: 0x00 Val: 0x00000000
[inst #6194] addi x0,x0,0
Register Write to Reg: 0x00 Val: 0x00000000
[inst #6195] addi x0,x0,0
Register Write to Reg: 0x00 Val: 0x00000000
[inst #6196] sw x7,8(x8)
Memory Write to Addr: 0x10010F90 Val: 0x00010000
[inst #6197] lw x7,12(x8)
Register Write to Reg: 0x07 Val: 0x00000001
[inst #6198] addi x0,x0,0
Register Write to Reg: 0x00 Val: 0x00000000
[inst #6199] addi x0,x0,0
Register Write to Reg: 0x00 Val: 0x00000000
[inst #6200] addi x0,x0,0
Register Write to Reg: 0x00 Val: 0x00000000
[inst #6201] addi x7,x7,1
Register Write to Reg: 0x07 Val: 0x00000002
[inst #6202] addi x0,x0,0
Register Write to Reg: 0x00 Val: 0x00000000
[inst #6203] addi x0,x0,0
Register Write to Reg: 0x00 Val: 0x00000000
[inst #6204] addi x0,x0,0
Register Write to Reg: 0x00 Val: 0x00000000
[inst #6205] sw x7,12(x8)
Memory Write to Addr: 0x10010F94 Val: 0x00000002
[inst #6206] lw x28,12(x8)
Register Write to Reg: 0x1C Val: 0x00000002
[inst #6207] lw x7,32(x8)
Register Write to Reg: 0x07 Val: 0x00000002
[inst #6208] addi x0,x0,0
Register Write to Reg: 0x00 Val: 0x00000000
[inst #6209] addi x0,x0,0
Register Write to Reg: 0x00 Val: 0x00000000
[inst #6210] addi x0,x0,0
Register Write to Reg: 0x00 Val: 0x00000000
[inst #6211] slt x7,x28,x7
Register Write to Reg: 0x07 Val: 0x00000000
[inst #6212] addi x0,x0,0
Register Write to Reg: 0x00 Val: 0x00000000
[inst #6213] addi x0,x0,0
Register Write to Reg: 0x00 Val: 0x00000000
[inst #6214] addi x0,x0,0
Register Write to Reg: 0x00 Val: 0x00000000
[inst #6215] beq x7,x0,24
[inst #6216] lui x7,65552
Register Write to Reg: 0x07 Val: 0x10010000
[inst #6217] addi x0,x0,0
Register Write to Reg: 0x00 Val: 0x00000000
[inst #6218] addi x0,x0,0
Register Write to Reg: 0x00 Val: 0x00000000
[inst #6219] addi x0,x0,0
Register Write to Reg: 0x00 Val: 0x00000000
[inst #6220] addi x7,x7,36
Register Write to Reg: 0x07 Val: 0x10010024
[inst #6221] addi x0,x0,0
Register Write to Reg: 0x00 Val: 0x00000000
[inst #6222] addi x0,x0,0
Register Write to Reg: 0x00 Val: 0x00000000
[inst #6223] addi x0,x0,0
Register Write to Reg: 0x00 Val: 0x00000000
[inst #6224] lw x7,0(x7)
Register Write to Reg: 0x07 Val: 0x01010101
[inst #6225] addi x0,x0,0
Register Write to Reg: 0x00 Val: 0x00000000
[inst #6226] addi x0,x0,0
Register Write to Reg: 0x00 Val: 0x00000000
[inst #6227] addi x0,x0,0
Register Write to Reg: 0x00 Val: 0x00000000
[inst #6228] sw x7,16(x8)
Memory Write to Addr: 0x10010F98 Val: 0x01010101
[inst #6229] lw x28,16(x8)
Register Write to Reg: 0x1C Val: 0x01010101
[inst #6230] addi x0,x0,0
Register Write to Reg: 0x00 Val: 0x00000000
[inst #6231] addi x0,x0,0
Register Write to Reg: 0x00 Val: 0x00000000
[inst #6232] addi x0,x0,0
Register Write to Reg: 0x00 Val: 0x00000000
[inst #6233] lw x7,8(x8)
Register Write to Reg: 0x07 Val: 0x00010000
[inst #6234] addi x0,x0,0
Register Write to Reg: 0x00 Val: 0x00000000
[inst #6235] addi x0,x0,0
Register Write to Reg: 0x00 Val: 0x00000000
[inst #6236] addi x0,x0,0
Register Write to Reg: 0x00 Val: 0x00000000
[inst #6237] and x7,x28,x7
Register Write to Reg: 0x07 Val: 0x00010000
[inst #6238] addi x0,x0,0
Register Write to Reg: 0x00 Val: 0x00000000
[inst #6239] addi x0,x0,0
Register Write to Reg: 0x00 Val: 0x00000000
[inst #6240] addi x0,x0,0
Register Write to Reg: 0x00 Val: 0x00000000
[inst #6241] slt x7,x0,x7
Register Write to Reg: 0x07 Val: 0x00000001
[inst #6242] addi x0,x0,0
Register Write to Reg: 0x00 Val: 0x00000000
[inst #6243] addi x0,x0,0
Register Write to Reg: 0x00 Val: 0x00000000
[inst #6244] addi x0,x0,0
Register Write to Reg: 0x00 Val: 0x00000000
[inst #6245] andi x7,x7,255
Register Write to Reg: 0x07 Val: 0x00000001
[inst #6246] addi x0,x0,0
Register Write to Reg: 0x00 Val: 0x00000000
[inst #6247] addi x0,x0,0
Register Write to Reg: 0x00 Val: 0x00000000
[inst #6248] addi x0,x0,0
Register Write to Reg: 0x00 Val: 0x00000000
[inst #6249] add x2,x0,x8
Register Write to Reg: 0x02 Val: 0x10010F88
[inst #6250] addi x0,x0,0
Register Write to Reg: 0x00 Val: 0x00000000
[inst #6251] addi x0,x0,0
Register Write to Reg: 0x00 Val: 0x00000000
[inst #6252] addi x0,x0,0
Register Write to Reg: 0x00 Val: 0x00000000
[inst #6253] lw x8,28(x2)
Register Write to Reg: 0x08 Val: 0x10010FA8
[inst #6254] addi x0,x0,0
Register Write to Reg: 0x00 Val: 0x00000000
[inst #6255] addi x0,x0,0
Register Write to Reg: 0x00 Val: 0x00000000
[inst #6256] addi x0,x0,0
Register Write to Reg: 0x00 Val: 0x00000000
[inst #6257] addi x2,x2,32
Register Write to Reg: 0x02 Val: 0x10010FA8
[inst #6258] addi x0,x0,0
Register Write to Reg: 0x00 Val: 0x00000000
[inst #6259] addi x0,x0,0
Register Write to Reg: 0x00 Val: 0x00000000
[inst #6260] jalr x0,x1,0
Register Write to Reg: 0x00 Val: 0x00400D3C
[inst #6261] xori x7,x7,1
Register Write to Reg: 0x07 Val: 0x00000000
[inst #6262] addi x0,x0,0
Register Write to Reg: 0x00 Val: 0x00000000
[inst #6263] addi x0,x0,0
Register Write to Reg: 0x00 Val: 0x00000000
[inst #6264] addi x0,x0,0
Register Write to Reg: 0x00 Val: 0x00000000
[inst #6265] andi x7,x7,255
Register Write to Reg: 0x07 Val: 0x00000000
[inst #6266] addi x0,x0,0
Register Write to Reg: 0x00 Val: 0x00000000
[inst #6267] addi x0,x0,0
Register Write to Reg: 0x00 Val: 0x00000000
[inst #6268] addi x0,x0,0
Register Write to Reg: 0x00 Val: 0x00000000
[inst #6269] beq x7,x0,60
[inst #6270] addi x7,x8,28
Register Write to Reg: 0x07 Val: 0x10010FC4
[inst #6271] addi x0,x0,0
Register Write to Reg: 0x00 Val: 0x00000000
[inst #6272] addi x0,x0,0
Register Write to Reg: 0x00 Val: 0x00000000
[inst #6273] addi x0,x0,0
Register Write to Reg: 0x00 Val: 0x00000000
[inst #6274] add x29,x0,x7
Register Write to Reg: 0x1D Val: 0x10010FC4
[inst #6275] addi x0,x0,0
Register Write to Reg: 0x00 Val: 0x00000000
[inst #6276] addi x0,x0,0
Register Write to Reg: 0x00 Val: 0x00000000
[inst #6277] addi x0,x0,0
Register Write to Reg: 0x00 Val: 0x00000000
[inst #6278] auipc x1,0
Register Write to Reg: 0x01 Val: 0x004002D0
[inst #6279] sll x0,x0,x0
Register Write to Reg: 0x00 Val: 0x00000000
[inst #6280] sll x0,x0,x0
Register Write to Reg: 0x00 Val: 0x00000000
[inst #6281] sll x0,x0,x0
Register Write to Reg: 0x00 Val: 0x00000000
[inst #6282] addi x1,x1,32
Register Write to Reg: 0x01 Val: 0x004002F0
[inst #6283] jal x0,936
Register Write to Reg: 0x00 Val: 0x004002E8
[inst #6284] addi x2,x2,-32
Register Write to Reg: 0x02 Val: 0x10010F88
[inst #6285] addi x0,x0,0
Register Write to Reg: 0x00 Val: 0x00000000
[inst #6286] addi x0,x0,0
Register Write to Reg: 0x00 Val: 0x00000000
[inst #6287] addi x0,x0,0
Register Write to Reg: 0x00 Val: 0x00000000
[inst #6288] sw x1,28(x2)
Memory Write to Addr: 0x10010FA4 Val: 0x004002F0
[inst #6289] sw x8,24(x2)
Memory Write to Addr: 0x10010FA0 Val: 0x10010FA8
[inst #6290] addi x0,x0,0
Register Write to Reg: 0x00 Val: 0x00000000
[inst #6291] addi x0,x0,0
Register Write to Reg: 0x00 Val: 0x00000000
[inst #6292] addi x0,x0,0
Register Write to Reg: 0x00 Val: 0x00000000
[inst #6293] add x8,x0,x2
Register Write to Reg: 0x08 Val: 0x10010F88
[inst #6294] addi x0,x0,0
Register Write to Reg: 0x00 Val: 0x00000000
[inst #6295] addi x0,x0,0
Register Write to Reg: 0x00 Val: 0x00000000
[inst #6296] addi x0,x0,0
Register Write to Reg: 0x00 Val: 0x00000000
[inst #6297] sw x29,32(x8)
Memory Write to Addr: 0x10010FA8 Val: 0x10010FC4
[inst #6298] jal x0,288
Register Write to Reg: 0x00 Val: 0x004006C8
[inst #6299] lw x7,32(x8)
Register Write to Reg: 0x07 Val: 0x10010FC4
[inst #6300] addi x0,x0,0
Register Write to Reg: 0x00 Val: 0x00000000
[inst #6301] addi x0,x0,0
Register Write to Reg: 0x00 Val: 0x00000000
[inst #6302] addi x0,x0,0
Register Write to Reg: 0x00 Val: 0x00000000
[inst #6303] lw x7,4(x7)
Register Write to Reg: 0x07 Val: 0x00000003
[inst #6304] addi x0,x0,0
Register Write to Reg: 0x00 Val: 0x00000000
[inst #6305] addi x0,x0,0
Register Write to Reg: 0x00 Val: 0x00000000
[inst #6306] addi x0,x0,0
Register Write to Reg: 0x00 Val: 0x00000000
[inst #6307] slti x7,x7,4
Register Write to Reg: 0x07 Val: 0x00000001
[inst #6308] addi x0,x0,0
Register Write to Reg: 0x00 Val: 0x00000000
[inst #6309] addi x0,x0,0
Register Write to Reg: 0x00 Val: 0x00000000
[inst #6310] addi x0,x0,0
Register Write to Reg: 0x00 Val: 0x00000000
[inst #6311] beq x7,x0,24
[inst #6312] addi x0,x0,0
Register Write to Reg: 0x00 Val: 0x00000000
[inst #6313] addi x0,x0,0
Register Write to Reg: 0x00 Val: 0x00000000
[inst #6314] jal x0,-336
Register Write to Reg: 0x00 Val: 0x00400824
[inst #6315] lw x7,32(x8)
Register Write to Reg: 0x07 Val: 0x10010FC4
[inst #6316] addi x0,x0,0
Register Write to Reg: 0x00 Val: 0x00000000
[inst #6317] addi x0,x0,0
Register Write to Reg: 0x00 Val: 0x00000000
[inst #6318] addi x0,x0,0
Register Write to Reg: 0x00 Val: 0x00000000
[inst #6319] lw x28,0(x7)
Register Write to Reg: 0x1C Val: 0x00000003
[inst #6320] addi x0,x0,0
Register Write to Reg: 0x00 Val: 0x00000000
[inst #6321] addi x0,x0,0
Register Write to Reg: 0x00 Val: 0x00000000
[inst #6322] addi x0,x0,0
Register Write to Reg: 0x00 Val: 0x00000000
[inst #6323] lw x7,32(x8)
Register Write to Reg: 0x07 Val: 0x10010FC4
[inst #6324] addi x0,x0,0
Register Write to Reg: 0x00 Val: 0x00000000
[inst #6325] addi x0,x0,0
Register Write to Reg: 0x00 Val: 0x00000000
[inst #6326] addi x0,x0,0
Register Write to Reg: 0x00 Val: 0x00000000
[inst #6327] lw x7,4(x7)
Register Write to Reg: 0x07 Val: 0x00000003
[inst #6328] addi x0,x0,0
Register Write to Reg: 0x00 Val: 0x00000000
[inst #6329] addi x0,x0,0
Register Write to Reg: 0x00 Val: 0x00000000
[inst #6330] addi x0,x0,0
Register Write to Reg: 0x00 Val: 0x00000000
[inst #6331] add x30,x0,x7
Register Write to Reg: 0x1E Val: 0x00000003
[inst #6332] add x29,x0,x28
Register Write to Reg: 0x1D Val: 0x00000003
[inst #6333] addi x0,x0,0
Register Write to Reg: 0x00 Val: 0x00000000
[inst #6334] addi x0,x0,0
Register Write to Reg: 0x00 Val: 0x00000000
[inst #6335] addi x0,x0,0
Register Write to Reg: 0x00 Val: 0x00000000
[inst #6336] auipc x1,0
Register Write to Reg: 0x01 Val: 0x00400724
[inst #6337] sll x0,x0,x0
Register Write to Reg: 0x00 Val: 0x00000000
[inst #6338] sll x0,x0,x0
Register Write to Reg: 0x00 Val: 0x00000000
[inst #6339] sll x0,x0,x0
Register Write to Reg: 0x00 Val: 0x00000000
[inst #6340] addi x1,x1,32
Register Write to Reg: 0x01 Val: 0x00400744
[inst #6341] jal x0,308
Register Write to Reg: 0x00 Val: 0x0040073C
[inst #6342] addi x2,x2,-32
Register Write to Reg: 0x02 Val: 0x10010F68
[inst #6343] addi x0,x0,0
Register Write to Reg: 0x00 Val: 0x00000000
[inst #6344] addi x0,x0,0
Register Write to Reg: 0x00 Val: 0x00000000
[inst #6345] addi x0,x0,0
Register Write to Reg: 0x00 Val: 0x00000000
[inst #6346] sw x8,28(x2)
Memory Write to Addr: 0x10010F84 Val: 0x10010F88
[inst #6347] addi x0,x0,0
Register Write to Reg: 0x00 Val: 0x00000000
[inst #6348] addi x0,x0,0
Register Write to Reg: 0x00 Val: 0x00000000
[inst #6349] addi x0,x0,0
Register Write to Reg: 0x00 Val: 0x00000000
[inst #6350] add x8,x0,x2
Register Write to Reg: 0x08 Val: 0x10010F68
[inst #6351] addi x0,x0,0
Register Write to Reg: 0x00 Val: 0x00000000
[inst #6352] addi x0,x0,0
Register Write to Reg: 0x00 Val: 0x00000000
[inst #6353] addi x0,x0,0
Register Write to Reg: 0x00 Val: 0x00000000
[inst #6354] sw x29,32(x8)
Memory Write to Addr: 0x10010F88 Val: 0x00000003
[inst #6355] sw x30,36(x8)
Memory Write to Addr: 0x10010F8C Val: 0x00000003
[inst #6356] lui x7,65552
Register Write to Reg: 0x07 Val: 0x10010000
[inst #6357] addi x0,x0,0
Register Write to Reg: 0x00 Val: 0x00000000
[inst #6358] addi x0,x0,0
Register Write to Reg: 0x00 Val: 0x00000000
[inst #6359] addi x0,x0,0
Register Write to Reg: 0x00 Val: 0x00000000
[inst #6360] addi x7,x7,8
Register Write to Reg: 0x07 Val: 0x10010008
[inst #6361] lw x28,32(x8)
Register Write to Reg: 0x1C Val: 0x00000003
[inst #6362] addi x0,x0,0
Register Write to Reg: 0x00 Val: 0x00000000
[inst #6363] addi x0,x0,0
Register Write to Reg: 0x00 Val: 0x00000000
[inst #6364] addi x0,x0,0
Register Write to Reg: 0x00 Val: 0x00000000
[inst #6365] slli x28,x28,2
Register Write to Reg: 0x1C Val: 0x0000000C
[inst #6366] addi x0,x0,0
Register Write to Reg: 0x00 Val: 0x00000000
[inst #6367] addi x0,x0,0
Register Write to Reg: 0x00 Val: 0x00000000
[inst #6368] addi x0,x0,0
Register Write to Reg: 0x00 Val: 0x00000000
[inst #6369] add x7,x28,x7
Register Write to Reg: 0x07 Val: 0x10010014
[inst #6370] addi x0,x0,0
Register Write to Reg: 0x00 Val: 0x00000000
[inst #6371] addi x0,x0,0
Register Write to Reg: 0x00 Val: 0x00000000
[inst #6372] addi x0,x0,0
Register Write to Reg: 0x00 Val: 0x00000000
[inst #6373] lw x7,0(x7)
Register Write to Reg: 0x07 Val: 0x00000006
[inst #6374] addi x0,x0,0
Register Write to Reg: 0x00 Val: 0x00000000
[inst #6375] addi x0,x0,0
Register Write to Reg: 0x00 Val: 0x00000000
[inst #6376] addi x0,x0,0
Register Write to Reg: 0x00 Val: 0x00000000
[inst #6377] sw x7,16(x8)
Memory Write to Addr: 0x10010F78 Val: 0x00000006
[inst #6378] addi x7,x0,1
Register Write to Reg: 0x07 Val: 0x00000001
[inst #6379] addi x0,x0,0
Register Write to Reg: 0x00 Val: 0x00000000
[inst #6380] addi x0,x0,0
Register Write to Reg: 0x00 Val: 0x00000000
[inst #6381] addi x0,x0,0
Register Write to Reg: 0x00 Val: 0x00000000
[inst #6382] sw x7,8(x8)
Memory Write to Addr: 0x10010F70 Val: 0x00000001
[inst #6383] sw x0,12(x8)
Memory Write to Addr: 0x10010F74 Val: 0x00000000
[inst #6384] jal x0,84
Register Write to Reg: 0x00 Val: 0x00400918
[inst #6385] lw x28,12(x8)
Register Write to Reg: 0x1C Val: 0x00000000
[inst #6386] lw x7,36(x8)
Register Write to Reg: 0x07 Val: 0x00000003
[inst #6387] addi x0,x0,0
Register Write to Reg: 0x00 Val: 0x00000000
[inst #6388] addi x0,x0,0
Register Write to Reg: 0x00 Val: 0x00000000
[inst #6389] addi x0,x0,0
Register Write to Reg: 0x00 Val: 0x00000000
[inst #6390] slt x7,x28,x7
Register Write to Reg: 0x07 Val: 0x00000001
[inst #6391] addi x0,x0,0
Register Write to Reg: 0x00 Val: 0x00000000
[inst #6392] addi x0,x0,0
Register Write to Reg: 0x00 Val: 0x00000000
[inst #6393] addi x0,x0,0
Register Write to Reg: 0x00 Val: 0x00000000
[inst #6394] beq x7,x0,24
[inst #6395] addi x0,x0,0
Register Write to Reg: 0x00 Val: 0x00000000
[inst #6396] addi x0,x0,0
Register Write to Reg: 0x00 Val: 0x00000000
[inst #6397] jal x0,-120
Register Write to Reg: 0x00 Val: 0x0040099C
[inst #6398] lw x7,8(x8)
Register Write to Reg: 0x07 Val: 0x00000001
[inst #6399] addi x0,x0,0
Register Write to Reg: 0x00 Val: 0x00000000
[inst #6400] addi x0,x0,0
Register Write to Reg: 0x00 Val: 0x00000000
[inst #6401] addi x0,x0,0
Register Write to Reg: 0x00 Val: 0x00000000
[inst #6402] slli x7,x7,1
Register Write to Reg: 0x07 Val: 0x00000002
[inst #6403] addi x0,x0,0
Register Write to Reg: 0x00 Val: 0x00000000
[inst #6404] addi x0,x0,0
Register Write to Reg: 0x00 Val: 0x00000000
[inst #6405] addi x0,x0,0
Register Write to Reg: 0x00 Val: 0x00000000
[inst #6406] sw x7,8(x8)
Memory Write to Addr: 0x10010F70 Val: 0x00000002
[inst #6407] lw x7,12(x8)
Register Write to Reg: 0x07 Val: 0x00000000
[inst #6408] addi x0,x0,0
Register Write to Reg: 0x00 Val: 0x00000000
[inst #6409] addi x0,x0,0
Register Write to Reg: 0x00 Val: 0x00000000
[inst #6410] addi x0,x0,0
Register Write to Reg: 0x00 Val: 0x00000000
[inst #6411] addi x7,x7,1
Register Write to Reg: 0x07 Val: 0x00000001
[inst #6412] addi x0,x0,0
Register Write to Reg: 0x00 Val: 0x00000000
[inst #6413] addi x0,x0,0
Register Write to Reg: 0x00 Val: 0x00000000
[inst #6414] addi x0,x0,0
Register Write to Reg: 0x00 Val: 0x00000000
[inst #6415] sw x7,12(x8)
Memory Write to Addr: 0x10010F74 Val: 0x00000001
[inst #6416] lw x28,12(x8)
Register Write to Reg: 0x1C Val: 0x00000001
[inst #6417] lw x7,36(x8)
Register Write to Reg: 0x07 Val: 0x00000003
[inst #6418] addi x0,x0,0
Register Write to Reg: 0x00 Val: 0x00000000
[inst #6419] addi x0,x0,0
Register Write to Reg: 0x00 Val: 0x00000000
[inst #6420] addi x0,x0,0
Register Write to Reg: 0x00 Val: 0x00000000
[inst #6421] slt x7,x28,x7
Register Write to Reg: 0x07 Val: 0x00000001
[inst #6422] addi x0,x0,0
Register Write to Reg: 0x00 Val: 0x00000000
[inst #6423] addi x0,x0,0
Register Write to Reg: 0x00 Val: 0x00000000
[inst #6424] addi x0,x0,0
Register Write to Reg: 0x00 Val: 0x00000000
[inst #6425] beq x7,x0,24
[inst #6426] addi x0,x0,0
Register Write to Reg: 0x00 Val: 0x00000000
[inst #6427] addi x0,x0,0
Register Write to Reg: 0x00 Val: 0x00000000
[inst #6428] jal x0,-120
Register Write to Reg: 0x00 Val: 0x0040099C
[inst #6429] lw x7,8(x8)
Register Write to Reg: 0x07 Val: 0x00000002
[inst #6430] addi x0,x0,0
Register Write to Reg: 0x00 Val: 0x00000000
[inst #6431] addi x0,x0,0
Register Write to Reg: 0x00 Val: 0x00000000
[inst #6432] addi x0,x0,0
Register Write to Reg: 0x00 Val: 0x00000000
[inst #6433] slli x7,x7,1
Register Write to Reg: 0x07 Val: 0x00000004
[inst #6434] addi x0,x0,0
Register Write to Reg: 0x00 Val: 0x00000000
[inst #6435] addi x0,x0,0
Register Write to Reg: 0x00 Val: 0x00000000
[inst #6436] addi x0,x0,0
Register Write to Reg: 0x00 Val: 0x00000000
[inst #6437] sw x7,8(x8)
Memory Write to Addr: 0x10010F70 Val: 0x00000004
[inst #6438] lw x7,12(x8)
Register Write to Reg: 0x07 Val: 0x00000001
[inst #6439] addi x0,x0,0
Register Write to Reg: 0x00 Val: 0x00000000
[inst #6440] addi x0,x0,0
Register Write to Reg: 0x00 Val: 0x00000000
[inst #6441] addi x0,x0,0
Register Write to Reg: 0x00 Val: 0x00000000
[inst #6442] addi x7,x7,1
Register Write to Reg: 0x07 Val: 0x00000002
[inst #6443] addi x0,x0,0
Register Write to Reg: 0x00 Val: 0x00000000
[inst #6444] addi x0,x0,0
Register Write to Reg: 0x00 Val: 0x00000000
[inst #6445] addi x0,x0,0
Register Write to Reg: 0x00 Val: 0x00000000
[inst #6446] sw x7,12(x8)
Memory Write to Addr: 0x10010F74 Val: 0x00000002
[inst #6447] lw x28,12(x8)
Register Write to Reg: 0x1C Val: 0x00000002
[inst #6448] lw x7,36(x8)
Register Write to Reg: 0x07 Val: 0x00000003
[inst #6449] addi x0,x0,0
Register Write to Reg: 0x00 Val: 0x00000000
[inst #6450] addi x0,x0,0
Register Write to Reg: 0x00 Val: 0x00000000
[inst #6451] addi x0,x0,0
Register Write to Reg: 0x00 Val: 0x00000000
[inst #6452] slt x7,x28,x7
Register Write to Reg: 0x07 Val: 0x00000001
[inst #6453] addi x0,x0,0
Register Write to Reg: 0x00 Val: 0x00000000
[inst #6454] addi x0,x0,0
Register Write to Reg: 0x00 Val: 0x00000000
[inst #6455] addi x0,x0,0
Register Write to Reg: 0x00 Val: 0x00000000
[inst #6456] beq x7,x0,24
[inst #6457] addi x0,x0,0
Register Write to Reg: 0x00 Val: 0x00000000
[inst #6458] addi x0,x0,0
Register Write to Reg: 0x00 Val: 0x00000000
[inst #6459] jal x0,-120
Register Write to Reg: 0x00 Val: 0x0040099C
[inst #6460] lw x7,8(x8)
Register Write to Reg: 0x07 Val: 0x00000004
[inst #6461] addi x0,x0,0
Register Write to Reg: 0x00 Val: 0x00000000
[inst #6462] addi x0,x0,0
Register Write to Reg: 0x00 Val: 0x00000000
[inst #6463] addi x0,x0,0
Register Write to Reg: 0x00 Val: 0x00000000
[inst #6464] slli x7,x7,1
Register Write to Reg: 0x07 Val: 0x00000008
[inst #6465] addi x0,x0,0
Register Write to Reg: 0x00 Val: 0x00000000
[inst #6466] addi x0,x0,0
Register Write to Reg: 0x00 Val: 0x00000000
[inst #6467] addi x0,x0,0
Register Write to Reg: 0x00 Val: 0x00000000
[inst #6468] sw x7,8(x8)
Memory Write to Addr: 0x10010F70 Val: 0x00000008
[inst #6469] lw x7,12(x8)
Register Write to Reg: 0x07 Val: 0x00000002
[inst #6470] addi x0,x0,0
Register Write to Reg: 0x00 Val: 0x00000000
[inst #6471] addi x0,x0,0
Register Write to Reg: 0x00 Val: 0x00000000
[inst #6472] addi x0,x0,0
Register Write to Reg: 0x00 Val: 0x00000000
[inst #6473] addi x7,x7,1
Register Write to Reg: 0x07 Val: 0x00000003
[inst #6474] addi x0,x0,0
Register Write to Reg: 0x00 Val: 0x00000000
[inst #6475] addi x0,x0,0
Register Write to Reg: 0x00 Val: 0x00000000
[inst #6476] addi x0,x0,0
Register Write to Reg: 0x00 Val: 0x00000000
[inst #6477] sw x7,12(x8)
Memory Write to Addr: 0x10010F74 Val: 0x00000003
[inst #6478] lw x28,12(x8)
Register Write to Reg: 0x1C Val: 0x00000003
[inst #6479] lw x7,36(x8)
Register Write to Reg: 0x07 Val: 0x00000003
[inst #6480] addi x0,x0,0
Register Write to Reg: 0x00 Val: 0x00000000
[inst #6481] addi x0,x0,0
Register Write to Reg: 0x00 Val: 0x00000000
[inst #6482] addi x0,x0,0
Register Write to Reg: 0x00 Val: 0x00000000
[inst #6483] slt x7,x28,x7
Register Write to Reg: 0x07 Val: 0x00000000
[inst #6484] addi x0,x0,0
Register Write to Reg: 0x00 Val: 0x00000000
[inst #6485] addi x0,x0,0
Register Write to Reg: 0x00 Val: 0x00000000
[inst #6486] addi x0,x0,0
Register Write to Reg: 0x00 Val: 0x00000000
[inst #6487] beq x7,x0,24
[inst #6488] lw x28,8(x8)
Register Write to Reg: 0x1C Val: 0x00000008
[inst #6489] lw x7,16(x8)
Register Write to Reg: 0x07 Val: 0x00000006
[inst #6490] addi x0,x0,0
Register Write to Reg: 0x00 Val: 0x00000000
[inst #6491] addi x0,x0,0
Register Write to Reg: 0x00 Val: 0x00000000
[inst #6492] addi x0,x0,0
Register Write to Reg: 0x00 Val: 0x00000000
[inst #6493] and x7,x28,x7
Register Write to Reg: 0x07 Val: 0x00000000
[inst #6494] addi x0,x0,0
Register Write to Reg: 0x00 Val: 0x00000000
[inst #6495] addi x0,x0,0
Register Write to Reg: 0x00 Val: 0x00000000
[inst #6496] addi x0,x0,0
Register Write to Reg: 0x00 Val: 0x00000000
[inst #6497] slt x7,x0,x7
Register Write to Reg: 0x07 Val: 0x00000000
[inst #6498] addi x0,x0,0
Register Write to Reg: 0x00 Val: 0x00000000
[inst #6499] addi x0,x0,0
Register Write to Reg: 0x00 Val: 0x00000000
[inst #6500] addi x0,x0,0
Register Write to Reg: 0x00 Val: 0x00000000
[inst #6501] andi x7,x7,255
Register Write to Reg: 0x07 Val: 0x00000000
[inst #6502] addi x0,x0,0
Register Write to Reg: 0x00 Val: 0x00000000
[inst #6503] addi x0,x0,0
Register Write to Reg: 0x00 Val: 0x00000000
[inst #6504] addi x0,x0,0
Register Write to Reg: 0x00 Val: 0x00000000
[inst #6505] add x2,x0,x8
Register Write to Reg: 0x02 Val: 0x10010F68
[inst #6506] addi x0,x0,0
Register Write to Reg: 0x00 Val: 0x00000000
[inst #6507] addi x0,x0,0
Register Write to Reg: 0x00 Val: 0x00000000
[inst #6508] addi x0,x0,0
Register Write to Reg: 0x00 Val: 0x00000000
[inst #6509] lw x8,28(x2)
Register Write to Reg: 0x08 Val: 0x10010F88
[inst #6510] addi x0,x0,0
Register Write to Reg: 0x00 Val: 0x00000000
[inst #6511] addi x0,x0,0
Register Write to Reg: 0x00 Val: 0x00000000
[inst #6512] addi x0,x0,0
Register Write to Reg: 0x00 Val: 0x00000000
[inst #6513] addi x2,x2,32
Register Write to Reg: 0x02 Val: 0x10010F88
[inst #6514] addi x0,x0,0
Register Write to Reg: 0x00 Val: 0x00000000
[inst #6515] addi x0,x0,0
Register Write to Reg: 0x00 Val: 0x00000000
[inst #6516] jalr x0,x1,0
Register Write to Reg: 0x00 Val: 0x00400A18
[inst #6517] beq x7,x0,92
[inst #6518] lw x7,32(x8)
Register Write to Reg: 0x07 Val: 0x10010FC4
[inst #6519] addi x0,x0,0
Register Write to Reg: 0x00 Val: 0x00000000
[inst #6520] addi x0,x0,0
Register Write to Reg: 0x00 Val: 0x00000000
[inst #6521] addi x0,x0,0
Register Write to Reg: 0x00 Val: 0x00000000
[inst #6522] lw x7,4(x7)
Register Write to Reg: 0x07 Val: 0x00000003
[inst #6523] addi x0,x0,0
Register Write to Reg: 0x00 Val: 0x00000000
[inst #6524] addi x0,x0,0
Register Write to Reg: 0x00 Val: 0x00000000
[inst #6525] addi x0,x0,0
Register Write to Reg: 0x00 Val: 0x00000000
[inst #6526] addi x28,x7,1
Register Write to Reg: 0x1C Val: 0x00000004
[inst #6527] addi x0,x0,0
Register Write to Reg: 0x00 Val: 0x00000000
[inst #6528] addi x0,x0,0
Register Write to Reg: 0x00 Val: 0x00000000
[inst #6529] addi x0,x0,0
Register Write to Reg: 0x00 Val: 0x00000000
[inst #6530] lw x7,32(x8)
Register Write to Reg: 0x07 Val: 0x10010FC4
[inst #6531] addi x0,x0,0
Register Write to Reg: 0x00 Val: 0x00000000
[inst #6532] addi x0,x0,0
Register Write to Reg: 0x00 Val: 0x00000000
[inst #6533] addi x0,x0,0
Register Write to Reg: 0x00 Val: 0x00000000
[inst #6534] sw x28,4(x7)
Memory Write to Addr: 0x10010FC8 Val: 0x00000004
[inst #6535] lw x7,32(x8)
Register Write to Reg: 0x07 Val: 0x10010FC4
[inst #6536] addi x0,x0,0
Register Write to Reg: 0x00 Val: 0x00000000
[inst #6537] addi x0,x0,0
Register Write to Reg: 0x00 Val: 0x00000000
[inst #6538] addi x0,x0,0
Register Write to Reg: 0x00 Val: 0x00000000
[inst #6539] lw x7,4(x7)
Register Write to Reg: 0x07 Val: 0x00000004
[inst #6540] addi x0,x0,0
Register Write to Reg: 0x00 Val: 0x00000000
[inst #6541] addi x0,x0,0
Register Write to Reg: 0x00 Val: 0x00000000
[inst #6542] addi x0,x0,0
Register Write to Reg: 0x00 Val: 0x00000000
[inst #6543] slti x7,x7,4
Register Write to Reg: 0x07 Val: 0x00000000
[inst #6544] addi x0,x0,0
Register Write to Reg: 0x00 Val: 0x00000000
[inst #6545] addi x0,x0,0
Register Write to Reg: 0x00 Val: 0x00000000
[inst #6546] addi x0,x0,0
Register Write to Reg: 0x00 Val: 0x00000000
[inst #6547] beq x7,x0,24
[inst #6548] addi x7,x0,-1
Register Write to Reg: 0x07 Val: 0xFFFFFFFF
[inst #6549] add x2,x0,x8
Register Write to Reg: 0x02 Val: 0x10010F88
[inst #6550] addi x0,x0,0
Register Write to Reg: 0x00 Val: 0x00000000
[inst #6551] addi x0,x0,0
Register Write to Reg: 0x00 Val: 0x00000000
[inst #6552] addi x0,x0,0
Register Write to Reg: 0x00 Val: 0x00000000
[inst #6553] lw x1,28(x2)
Register Write to Reg: 0x01 Val: 0x004002F0
[inst #6554] lw x8,24(x2)
Register Write to Reg: 0x08 Val: 0x10010FA8
[inst #6555] addi x0,x0,0
Register Write to Reg: 0x00 Val: 0x00000000
[inst #6556] addi x0,x0,0
Register Write to Reg: 0x00 Val: 0x00000000
[inst #6557] addi x0,x0,0
Register Write to Reg: 0x00 Val: 0x00000000
[inst #6558] addi x2,x2,32
Register Write to Reg: 0x02 Val: 0x10010FA8
[inst #6559] addi x0,x0,0
Register Write to Reg: 0x00 Val: 0x00000000
[inst #6560] addi x0,x0,0
Register Write to Reg: 0x00 Val: 0x00000000
[inst #6561] jalr x0,x1,0
Register Write to Reg: 0x00 Val: 0x00400864
[inst #6562] sw x7,24(x8)
Memory Write to Addr: 0x10010FC0 Val: 0xFFFFFFFF
[inst #6563] lw x28,24(x8)
Register Write to Reg: 0x1C Val: 0xFFFFFFFF
[inst #6564] addi x0,x0,0
Register Write to Reg: 0x00 Val: 0x00000000
[inst #6565] addi x0,x0,0
Register Write to Reg: 0x00 Val: 0x00000000
[inst #6566] addi x0,x0,0
Register Write to Reg: 0x00 Val: 0x00000000
[inst #6567] addi x7,x0,-1
Register Write to Reg: 0x07 Val: 0xFFFFFFFF
[inst #6568] addi x0,x0,0
Register Write to Reg: 0x00 Val: 0x00000000
[inst #6569] addi x0,x0,0
Register Write to Reg: 0x00 Val: 0x00000000
[inst #6570] addi x0,x0,0
Register Write to Reg: 0x00 Val: 0x00000000
[inst #6571] beq x28,x7,24
[inst #6572] lui x7,65552
Register Write to Reg: 0x07 Val: 0x10010000
[inst #6573] addi x0,x0,0
Register Write to Reg: 0x00 Val: 0x00000000
[inst #6574] addi x0,x0,0
Register Write to Reg: 0x00 Val: 0x00000000
[inst #6575] addi x0,x0,0
Register Write to Reg: 0x00 Val: 0x00000000
[inst #6576] addi x7,x7,40
Register Write to Reg: 0x07 Val: 0x10010028
[inst #6577] addi x0,x0,0
Register Write to Reg: 0x00 Val: 0x00000000
[inst #6578] addi x0,x0,0
Register Write to Reg: 0x00 Val: 0x00000000
[inst #6579] addi x0,x0,0
Register Write to Reg: 0x00 Val: 0x00000000
[inst #6580] lw x7,0(x7)
Register Write to Reg: 0x07 Val: 0x00000000
[inst #6581] addi x0,x0,0
Register Write to Reg: 0x00 Val: 0x00000000
[inst #6582] addi x0,x0,0
Register Write to Reg: 0x00 Val: 0x00000000
[inst #6583] addi x0,x0,0
Register Write to Reg: 0x00 Val: 0x00000000
[inst #6584] addi x29,x7,-1
Register Write to Reg: 0x1D Val: 0xFFFFFFFF
[inst #6585] addi x0,x0,0
Register Write to Reg: 0x00 Val: 0x00000000
[inst #6586] addi x0,x0,0
Register Write to Reg: 0x00 Val: 0x00000000
[inst #6587] addi x0,x0,0
Register Write to Reg: 0x00 Val: 0x00000000
[inst #6588] lui x28,65552
Register Write to Reg: 0x1C Val: 0x10010000
[inst #6589] addi x0,x0,0
Register Write to Reg: 0x00 Val: 0x00000000
[inst #6590] addi x0,x0,0
Register Write to Reg: 0x00 Val: 0x00000000
[inst #6591] addi x0,x0,0
Register Write to Reg: 0x00 Val: 0x00000000
[inst #6592] addi x28,x28,40
Register Write to Reg: 0x1C Val: 0x10010028
[inst #6593] addi x0,x0,0
Register Write to Reg: 0x00 Val: 0x00000000
[inst #6594] addi x0,x0,0
Register Write to Reg: 0x00 Val: 0x00000000
[inst #6595] addi x0,x0,0
Register Write to Reg: 0x00 Val: 0x00000000
[inst #6596] sw x29,0(x28)
Memory Write to Addr: 0x10010028 Val: 0xFFFFFFFF
[inst #6597] lui x29,65552
Register Write to Reg: 0x1D Val: 0x10010000
[inst #6598] addi x0,x0,0
Register Write to Reg: 0x00 Val: 0x00000000
[inst #6599] addi x0,x0,0
Register Write to Reg: 0x00 Val: 0x00000000
[inst #6600] addi x0,x0,0
Register Write to Reg: 0x00 Val: 0x00000000
[inst #6601] addi x29,x29,0
Register Write to Reg: 0x1D Val: 0x10010000
[inst #6602] slli x28,x7,2
Register Write to Reg: 0x1C Val: 0x00000000
[inst #6603] addi x0,x0,0
Register Write to Reg: 0x00 Val: 0x00000000
[inst #6604] addi x0,x0,0
Register Write to Reg: 0x00 Val: 0x00000000
[inst #6605] addi x0,x0,0
Register Write to Reg: 0x00 Val: 0x00000000
[inst #6606] srli x28,x28,1
Register Write to Reg: 0x1C Val: 0x00000000
[inst #6607] addi x0,x0,0
Register Write to Reg: 0x00 Val: 0x00000000
[inst #6608] addi x0,x0,0
Register Write to Reg: 0x00 Val: 0x00000000
[inst #6609] addi x0,x0,0
Register Write to Reg: 0x00 Val: 0x00000000
[inst #6610] srai x28,x28,1
Register Write to Reg: 0x1C Val: 0x00000000
[inst #6611] addi x0,x0,0
Register Write to Reg: 0x00 Val: 0x00000000
[inst #6612] addi x0,x0,0
Register Write to Reg: 0x00 Val: 0x00000000
[inst #6613] addi x0,x0,0
Register Write to Reg: 0x00 Val: 0x00000000
[inst #6614] slli x28,x28,2
Register Write to Reg: 0x1C Val: 0x00000000
[inst #6615] addi x0,x0,0
Register Write to Reg: 0x00 Val: 0x00000000
[inst #6616] addi x0,x0,0
Register Write to Reg: 0x00 Val: 0x00000000
[inst #6617] addi x0,x0,0
Register Write to Reg: 0x00 Val: 0x00000000
[inst #6618] xor x31,x1,x7
Register Write to Reg: 0x1F Val: 0x004002F0
[inst #6619] addi x0,x0,0
Register Write to Reg: 0x00 Val: 0x00000000
[inst #6620] addi x0,x0,0
Register Write to Reg: 0x00 Val: 0x00000000
[inst #6621] addi x0,x0,0
Register Write to Reg: 0x00 Val: 0x00000000
[inst #6622] or x31,x1,x7
Register Write to Reg: 0x1F Val: 0x004002F0
[inst #6623] addi x0,x0,0
Register Write to Reg: 0x00 Val: 0x00000000
[inst #6624] addi x0,x0,0
Register Write to Reg: 0x00 Val: 0x00000000
[inst #6625] addi x0,x0,0
Register Write to Reg: 0x00 Val: 0x00000000
[inst #6626] sub x31,x0,x31
Register Write to Reg: 0x1F Val: 0xFFBFFD10
[inst #6627] addi x0,x0,0
Register Write to Reg: 0x00 Val: 0x00000000
[inst #6628] addi x0,x0,0
Register Write to Reg: 0x00 Val: 0x00000000
[inst #6629] addi x0,x0,0
Register Write to Reg: 0x00 Val: 0x00000000
[inst #6630] lui x7,65552
Register Write to Reg: 0x07 Val: 0x10010000
[inst #6631] addi x0,x0,0
Register Write to Reg: 0x00 Val: 0x00000000
[inst #6632] addi x0,x0,0
Register Write to Reg: 0x00 Val: 0x00000000
[inst #6633] addi x0,x0,0
Register Write to Reg: 0x00 Val: 0x00000000
[inst #6634] addi x7,x7,0
Register Write to Reg: 0x07 Val: 0x10010000
[inst #6635] lui x11,16
Register Write to Reg: 0x0B Val: 0x00010000
[inst #6636] addi x0,x0,0
Register Write to Reg: 0x00 Val: 0x00000000
[inst #6637] addi x0,x0,0
Register Write to Reg: 0x00 Val: 0x00000000
[inst #6638] addi x0,x0,0
Register Write to Reg: 0x00 Val: 0x00000000
[inst #6639] addi x11,x11,-1
Register Write to Reg: 0x0B Val: 0x0000FFFF
[inst #6640] addi x0,x0,0
Register Write to Reg: 0x00 Val: 0x00000000
[inst #6641] addi x0,x0,0
Register Write to Reg: 0x00 Val: 0x00000000
[inst #6642] addi x0,x0,0
Register Write to Reg: 0x00 Val: 0x00000000
[inst #6643] and x31,x7,x11
Register Write to Reg: 0x1F Val: 0x00000000
[inst #6644] addi x0,x0,0
Register Write to Reg: 0x00 Val: 0x00000000
[inst #6645] addi x0,x0,0
Register Write to Reg: 0x00 Val: 0x00000000
[inst #6646] addi x0,x0,0
Register Write to Reg: 0x00 Val: 0x00000000
[inst #6647] add x7,x29,x31
Register Write to Reg: 0x07 Val: 0x10010000
[inst #6648] addi x0,x0,0
Register Write to Reg: 0x00 Val: 0x00000000
[inst #6649] addi x0,x0,0
Register Write to Reg: 0x00 Val: 0x00000000
[inst #6650] addi x0,x0,0
Register Write to Reg: 0x00 Val: 0x00000000
[inst #6651] add x7,x28,x7
Register Write to Reg: 0x07 Val: 0x10010000
[inst #6652] addi x0,x0,0
Register Write to Reg: 0x00 Val: 0x00000000
[inst #6653] addi x0,x0,0
Register Write to Reg: 0x00 Val: 0x00000000
[inst #6654] addi x0,x0,0
Register Write to Reg: 0x00 Val: 0x00000000
[inst #6655] lw x28,48(x8)
Register Write to Reg: 0x1C Val: 0x00000003
[inst #6656] addi x0,x0,0
Register Write to Reg: 0x00 Val: 0x00000000
[inst #6657] addi x0,x0,0
Register Write to Reg: 0x00 Val: 0x00000000
[inst #6658] addi x0,x0,0
Register Write to Reg: 0x00 Val: 0x00000000
[inst #6659] sw x28,0(x7)
Memory Write to Addr: 0x10010000 Val: 0x00000003
[inst #6660] add x2,x0,x8
Register Write to Reg: 0x02 Val: 0x10010FA8
[inst #6661] addi x0,x0,0
Register Write to Reg: 0x00 Val: 0x00000000
[inst #6662] addi x0,x0,0
Register Write to Reg: 0x00 Val: 0x00000000
[inst #6663] addi x0,x0,0
Register Write to Reg: 0x00 Val: 0x00000000
[inst #6664] lw x1,44(x2)
Register Write to Reg: 0x01 Val: 0x00400118
[inst #6665] lw x8,40(x2)
Register Write to Reg: 0x08 Val: 0x10010FD8
[inst #6666] addi x0,x0,0
Register Write to Reg: 0x00 Val: 0x00000000
[inst #6667] addi x0,x0,0
Register Write to Reg: 0x00 Val: 0x00000000
[inst #6668] addi x0,x0,0
Register Write to Reg: 0x00 Val: 0x00000000
[inst #6669] addi x2,x2,48
Register Write to Reg: 0x02 Val: 0x10010FD8
[inst #6670] addi x0,x0,0
Register Write to Reg: 0x00 Val: 0x00000000
[inst #6671] addi x0,x0,0
Register Write to Reg: 0x00 Val: 0x00000000
[inst #6672] jalr x0,x1,0
Register Write to Reg: 0x00 Val: 0x004004C0
[inst #6673] lw x7,24(x8)
Register Write to Reg: 0x07 Val: 0x00000003
[inst #6674] addi x0,x0,0
Register Write to Reg: 0x00 Val: 0x00000000
[inst #6675] addi x0,x0,0
Register Write to Reg: 0x00 Val: 0x00000000
[inst #6676] addi x0,x0,0
Register Write to Reg: 0x00 Val: 0x00000000
[inst #6677] addi x7,x7,1
Register Write to Reg: 0x07 Val: 0x00000004
[inst #6678] addi x0,x0,0
Register Write to Reg: 0x00 Val: 0x00000000
[inst #6679] addi x0,x0,0
Register Write to Reg: 0x00 Val: 0x00000000
[inst #6680] addi x0,x0,0
Register Write to Reg: 0x00 Val: 0x00000000
[inst #6681] sw x7,24(x8)
Memory Write to Addr: 0x10010FF0 Val: 0x00000004
[inst #6682] lw x7,24(x8)
Register Write to Reg: 0x07 Val: 0x00000004
[inst #6683] addi x0,x0,0
Register Write to Reg: 0x00 Val: 0x00000000
[inst #6684] addi x0,x0,0
Register Write to Reg: 0x00 Val: 0x00000000
[inst #6685] addi x0,x0,0
Register Write to Reg: 0x00 Val: 0x00000000
[inst #6686] slti x7,x7,4
Register Write to Reg: 0x07 Val: 0x00000000
[inst #6687] addi x0,x0,0
Register Write to Reg: 0x00 Val: 0x00000000
[inst #6688] addi x0,x0,0
Register Write to Reg: 0x00 Val: 0x00000000
[inst #6689] addi x0,x0,0
Register Write to Reg: 0x00 Val: 0x00000000
[inst #6690] beq x7,x0,24
[inst #6691] sw x0,28(x8)
Memory Write to Addr: 0x10010FF4 Val: 0x00000000
[inst #6692] jal x0,48
Register Write to Reg: 0x00 Val: 0x0040017C
[inst #6693] lw x7,28(x8)
Register Write to Reg: 0x07 Val: 0x00000000
[inst #6694] addi x0,x0,0
Register Write to Reg: 0x00 Val: 0x00000000
[inst #6695] addi x0,x0,0
Register Write to Reg: 0x00 Val: 0x00000000
[inst #6696] addi x0,x0,0
Register Write to Reg: 0x00 Val: 0x00000000
[inst #6697] slti x7,x7,4
Register Write to Reg: 0x07 Val: 0x00000001
[inst #6698] addi x0,x0,0
Register Write to Reg: 0x00 Val: 0x00000000
[inst #6699] addi x0,x0,0
Register Write to Reg: 0x00 Val: 0x00000000
[inst #6700] addi x0,x0,0
Register Write to Reg: 0x00 Val: 0x00000000
[inst #6701] xori x7,x7,1
Register Write to Reg: 0x07 Val: 0x00000000
[inst #6702] addi x0,x0,0
Register Write to Reg: 0x00 Val: 0x00000000
[inst #6703] addi x0,x0,0
Register Write to Reg: 0x00 Val: 0x00000000
[inst #6704] addi x0,x0,0
Register Write to Reg: 0x00 Val: 0x00000000
[inst #6705] beq x7,x0,-84
[inst #6706] lw x7,28(x8)
Register Write to Reg: 0x07 Val: 0x00000000
[inst #6707] addi x0,x0,0
Register Write to Reg: 0x00 Val: 0x00000000
[inst #6708] addi x0,x0,0
Register Write to Reg: 0x00 Val: 0x00000000
[inst #6709] addi x0,x0,0
Register Write to Reg: 0x00 Val: 0x00000000
[inst #6710] addi x7,x7,1
Register Write to Reg: 0x07 Val: 0x00000001
[inst #6711] addi x0,x0,0
Register Write to Reg: 0x00 Val: 0x00000000
[inst #6712] addi x0,x0,0
Register Write to Reg: 0x00 Val: 0x00000000
[inst #6713] addi x0,x0,0
Register Write to Reg: 0x00 Val: 0x00000000
[inst #6714] sw x7,28(x8)
Memory Write to Addr: 0x10010FF4 Val: 0x00000001
[inst #6715] lw x7,28(x8)
Register Write to Reg: 0x07 Val: 0x00000001
[inst #6716] addi x0,x0,0
Register Write to Reg: 0x00 Val: 0x00000000
[inst #6717] addi x0,x0,0
Register Write to Reg: 0x00 Val: 0x00000000
[inst #6718] addi x0,x0,0
Register Write to Reg: 0x00 Val: 0x00000000
[inst #6719] slti x7,x7,4
Register Write to Reg: 0x07 Val: 0x00000001
[inst #6720] addi x0,x0,0
Register Write to Reg: 0x00 Val: 0x00000000
[inst #6721] addi x0,x0,0
Register Write to Reg: 0x00 Val: 0x00000000
[inst #6722] addi x0,x0,0
Register Write to Reg: 0x00 Val: 0x00000000
[inst #6723] xori x7,x7,1
Register Write to Reg: 0x07 Val: 0x00000000
[inst #6724] addi x0,x0,0
Register Write to Reg: 0x00 Val: 0x00000000
[inst #6725] addi x0,x0,0
Register Write to Reg: 0x00 Val: 0x00000000
[inst #6726] addi x0,x0,0
Register Write to Reg: 0x00 Val: 0x00000000
[inst #6727] beq x7,x0,-84
[inst #6728] lw x7,28(x8)
Register Write to Reg: 0x07 Val: 0x00000001
[inst #6729] addi x0,x0,0
Register Write to Reg: 0x00 Val: 0x00000000
[inst #6730] addi x0,x0,0
Register Write to Reg: 0x00 Val: 0x00000000
[inst #6731] addi x0,x0,0
Register Write to Reg: 0x00 Val: 0x00000000
[inst #6732] addi x7,x7,1
Register Write to Reg: 0x07 Val: 0x00000002
[inst #6733] addi x0,x0,0
Register Write to Reg: 0x00 Val: 0x00000000
[inst #6734] addi x0,x0,0
Register Write to Reg: 0x00 Val: 0x00000000
[inst #6735] addi x0,x0,0
Register Write to Reg: 0x00 Val: 0x00000000
[inst #6736] sw x7,28(x8)
Memory Write to Addr: 0x10010FF4 Val: 0x00000002
[inst #6737] lw x7,28(x8)
Register Write to Reg: 0x07 Val: 0x00000002
[inst #6738] addi x0,x0,0
Register Write to Reg: 0x00 Val: 0x00000000
[inst #6739] addi x0,x0,0
Register Write to Reg: 0x00 Val: 0x00000000
[inst #6740] addi x0,x0,0
Register Write to Reg: 0x00 Val: 0x00000000
[inst #6741] slti x7,x7,4
Register Write to Reg: 0x07 Val: 0x00000001
[inst #6742] addi x0,x0,0
Register Write to Reg: 0x00 Val: 0x00000000
[inst #6743] addi x0,x0,0
Register Write to Reg: 0x00 Val: 0x00000000
[inst #6744] addi x0,x0,0
Register Write to Reg: 0x00 Val: 0x00000000
[inst #6745] xori x7,x7,1
Register Write to Reg: 0x07 Val: 0x00000000
[inst #6746] addi x0,x0,0
Register Write to Reg: 0x00 Val: 0x00000000
[inst #6747] addi x0,x0,0
Register Write to Reg: 0x00 Val: 0x00000000
[inst #6748] addi x0,x0,0
Register Write to Reg: 0x00 Val: 0x00000000
[inst #6749] beq x7,x0,-84
[inst #6750] lw x7,28(x8)
Register Write to Reg: 0x07 Val: 0x00000002
[inst #6751] addi x0,x0,0
Register Write to Reg: 0x00 Val: 0x00000000
[inst #6752] addi x0,x0,0
Register Write to Reg: 0x00 Val: 0x00000000
[inst #6753] addi x0,x0,0
Register Write to Reg: 0x00 Val: 0x00000000
[inst #6754] addi x7,x7,1
Register Write to Reg: 0x07 Val: 0x00000003
[inst #6755] addi x0,x0,0
Register Write to Reg: 0x00 Val: 0x00000000
[inst #6756] addi x0,x0,0
Register Write to Reg: 0x00 Val: 0x00000000
[inst #6757] addi x0,x0,0
Register Write to Reg: 0x00 Val: 0x00000000
[inst #6758] sw x7,28(x8)
Memory Write to Addr: 0x10010FF4 Val: 0x00000003
[inst #6759] lw x7,28(x8)
Register Write to Reg: 0x07 Val: 0x00000003
[inst #6760] addi x0,x0,0
Register Write to Reg: 0x00 Val: 0x00000000
[inst #6761] addi x0,x0,0
Register Write to Reg: 0x00 Val: 0x00000000
[inst #6762] addi x0,x0,0
Register Write to Reg: 0x00 Val: 0x00000000
[inst #6763] slti x7,x7,4
Register Write to Reg: 0x07 Val: 0x00000001
[inst #6764] addi x0,x0,0
Register Write to Reg: 0x00 Val: 0x00000000
[inst #6765] addi x0,x0,0
Register Write to Reg: 0x00 Val: 0x00000000
[inst #6766] addi x0,x0,0
Register Write to Reg: 0x00 Val: 0x00000000
[inst #6767] xori x7,x7,1
Register Write to Reg: 0x07 Val: 0x00000000
[inst #6768] addi x0,x0,0
Register Write to Reg: 0x00 Val: 0x00000000
[inst #6769] addi x0,x0,0
Register Write to Reg: 0x00 Val: 0x00000000
[inst #6770] addi x0,x0,0
Register Write to Reg: 0x00 Val: 0x00000000
[inst #6771] beq x7,x0,-84
[inst #6772] lw x7,28(x8)
Register Write to Reg: 0x07 Val: 0x00000003
[inst #6773] addi x0,x0,0
Register Write to Reg: 0x00 Val: 0x00000000
[inst #6774] addi x0,x0,0
Register Write to Reg: 0x00 Val: 0x00000000
[inst #6775] addi x0,x0,0
Register Write to Reg: 0x00 Val: 0x00000000
[inst #6776] addi x7,x7,1
Register Write to Reg: 0x07 Val: 0x00000004
[inst #6777] addi x0,x0,0
Register Write to Reg: 0x00 Val: 0x00000000
[inst #6778] addi x0,x0,0
Register Write to Reg: 0x00 Val: 0x00000000
[inst #6779] addi x0,x0,0
Register Write to Reg: 0x00 Val: 0x00000000
[inst #6780] sw x7,28(x8)
Memory Write to Addr: 0x10010FF4 Val: 0x00000004
[inst #6781] lw x7,28(x8)
Register Write to Reg: 0x07 Val: 0x00000004
[inst #6782] addi x0,x0,0
Register Write to Reg: 0x00 Val: 0x00000000
[inst #6783] addi x0,x0,0
Register Write to Reg: 0x00 Val: 0x00000000
[inst #6784] addi x0,x0,0
Register Write to Reg: 0x00 Val: 0x00000000
[inst #6785] slti x7,x7,4
Register Write to Reg: 0x07 Val: 0x00000000
[inst #6786] addi x0,x0,0
Register Write to Reg: 0x00 Val: 0x00000000
[inst #6787] addi x0,x0,0
Register Write to Reg: 0x00 Val: 0x00000000
[inst #6788] addi x0,x0,0
Register Write to Reg: 0x00 Val: 0x00000000
[inst #6789] xori x7,x7,1
Register Write to Reg: 0x07 Val: 0x00000001
[inst #6790] addi x0,x0,0
Register Write to Reg: 0x00 Val: 0x00000000
[inst #6791] addi x0,x0,0
Register Write to Reg: 0x00 Val: 0x00000000
[inst #6792] addi x0,x0,0
Register Write to Reg: 0x00 Val: 0x00000000
[inst #6793] beq x7,x0,-84
[inst #6794] addi x0,x0,0
Register Write to Reg: 0x00 Val: 0x00000000
[inst #6795] addi x0,x0,0
Register Write to Reg: 0x00 Val: 0x00000000
[inst #6796] add x7,x0,x0
Register Write to Reg: 0x07 Val: 0x00000000
[inst #6797] add x2,x0,x8
Register Write to Reg: 0x02 Val: 0x10010FD8
[inst #6798] addi x0,x0,0
Register Write to Reg: 0x00 Val: 0x00000000
[inst #6799] addi x0,x0,0
Register Write to Reg: 0x00 Val: 0x00000000
[inst #6800] addi x0,x0,0
Register Write to Reg: 0x00 Val: 0x00000000
[inst #6801] lw x1,36(x2)
Register Write to Reg: 0x01 Val: 0x00400040
[inst #6802] lw x8,32(x2)
Register Write to Reg: 0x08 Val: 0x00000000
[inst #6803] addi x0,x0,0
Register Write to Reg: 0x00 Val: 0x00000000
[inst #6804] addi x0,x0,0
Register Write to Reg: 0x00 Val: 0x00000000
[inst #6805] addi x0,x0,0
Register Write to Reg: 0x00 Val: 0x00000000
[inst #6806] addi x2,x2,40
Register Write to Reg: 0x02 Val: 0x10011000
[inst #6807] addi x0,x0,0
Register Write to Reg: 0x00 Val: 0x00000000
[inst #6808] addi x0,x0,0
Register Write to Reg: 0x00 Val: 0x00000000
[inst #6809] jalr x0,x1,0
Register Write to Reg: 0x00 Val: 0x0040021C
[inst #6810] jal x0,3332
Register Write to Reg: 0x00 Val: 0x00400044
[inst #6811] wfi 

Program terminated by dropping off the bottom.
