In clock cycle: 4
Register Write to Reg: 0x05 Val: 0x10010000
In clock cycle: 5
Register Write to Reg: 0x05 Val: 0x00000000
In clock cycle: 6
Register Write to Reg: 0x06 Val: 0x10010008
In clock cycle: 7
Register Write to Reg: 0x06 Val: 0xFFFFFFFC
In clock cycle: 8
Register Write to Reg: 0x07 Val: 0x00400010
In clock cycle: 9
Register Write to Reg: 0x07 Val: 0x0000000C
In clock cycle: 10
Register Write to Reg: 0x01 Val: 0x0040001C
In clock cycle: 10
Memory Write to Addr: 0x00000000 Val: 0x00000000
In clock cycle: 12
Register Write to Reg: 0x05 Val: 0x0FC10000
In clock cycle: 13
Register Write to Reg: 0x05 Val: 0x00000000
In clock cycle: 14
Register Write to Reg: 0x06 Val: 0x0FC10008
In clock cycle: 15
Register Write to Reg: 0x06 Val: 0xFFFFFFF8
In clock cycle: 16
Register Write to Reg: 0x07 Val: 0x00000010
In clock cycle: 17
Register Write to Reg: 0x07 Val: 0x00000018
In clock cycle: 18
Register Write to Reg: 0x01 Val: 0x0000001C
In clock cycle: 18
Memory Write to Addr: 0x00000000 Val: 0x00000000
In clock cycle: 20
Register Write to Reg: 0x06 Val: 0xFFFFFFF4
In clock cycle: 21
Register Write to Reg: 0x07 Val: 0x00000010
In clock cycle: 22
Register Write to Reg: 0x07 Val: 0x00000024
In clock cycle: 23
Register Write to Reg: 0x01 Val: 0x0000001C
In clock cycle: 23
Memory Write to Addr: 0x00000000 Val: 0x00000000
In clock cycle: 25
Register Write to Reg: 0x01 Val: 0x0000001C
In clock cycle: 25
Memory Write to Addr: 0x00000000 Val: 0x00000000
In clock cycle: 27
Register Write to Reg: 0x07 Val: 0x00000010
In clock cycle: 28
Register Write to Reg: 0x07 Val: 0x00000030
In clock cycle: 29
Register Write to Reg: 0x01 Val: 0x0000001C
In clock cycle: 29
Memory Write to Addr: 0x00000000 Val: 0x00000000
In clock cycle: 31
Register Write to Reg: 0x00 Val: 0x00000028
In clock cycle: 31
Memory Write to Addr: 0xFFFFFFF4 Val: 0x0000001C
In clock cycle: 32
Memory Write to Addr: 0x00000000 Val: 0x00000000
In clock cycle: 34
Register Write to Reg: 0x01 Val: 0x0000003C
In clock cycle: 35
Register Write to Reg: 0x00 Val: 0x00000028
In clock cycle: 35
Memory Write to Addr: 0xFFFFFFF4 Val: 0x0000001C
In clock cycle: 36
Memory Write to Addr: 0x00000000 Val: 0x00000000
In clock cycle: 38
Register Write to Reg: 0x01 Val: 0x0000003C
In clock cycle: 39
Register Write to Reg: 0x00 Val: 0x00000028
In clock cycle: 39
Memory Write to Addr: 0xFFFFFFF4 Val: 0x0000003C
In clock cycle: 1050
Register Write to Reg: 0x05 Val: 0x0FC11000
In clock cycle: 1051
Register Write to Reg: 0x05 Val: 0x00000000
In clock cycle: 1052
Register Write to Reg: 0x06 Val: 0x0FC11008
In clock cycle: 1053
Register Write to Reg: 0x06 Val: 0xFFFFFFF0
In clock cycle: 1054
Register Write to Reg: 0x07 Val: 0x00001010
In clock cycle: 1055
Register Write to Reg: 0x07 Val: 0x0000003C
In clock cycle: 1056
Register Write to Reg: 0x01 Val: 0x0000101C
In clock cycle: 1056
Memory Write to Addr: 0x00000000 Val: 0x00000000
In clock cycle: 2070
Register Write to Reg: 0x05 Val: 0x0FC11000
In clock cycle: 2071
Register Write to Reg: 0x05 Val: 0x00000000
In clock cycle: 2072
Register Write to Reg: 0x06 Val: 0x0FC11008
In clock cycle: 2073
Register Write to Reg: 0x06 Val: 0xFFFFFFEC
In clock cycle: 2074
Register Write to Reg: 0x07 Val: 0x00001010
In clock cycle: 2075
Register Write to Reg: 0x07 Val: 0x00000048
In clock cycle: 2076
Register Write to Reg: 0x01 Val: 0x0000101C
In clock cycle: 2076
Memory Write to Addr: 0x00000000 Val: 0x00000000
In clock cycle: 3087
Register Write to Reg: 0x05 Val: 0x0FC11000
In clock cycle: 3088
Register Write to Reg: 0x05 Val: 0x00000000
In clock cycle: 3089
Register Write to Reg: 0x06 Val: 0x0FC11008
In clock cycle: 3090
Register Write to Reg: 0x06 Val: 0xFFFFFFE8
In clock cycle: 3091
Register Write to Reg: 0x07 Val: 0x00001010
In clock cycle: 3092
Register Write to Reg: 0x07 Val: 0x00000054
In clock cycle: 3093
Register Write to Reg: 0x01 Val: 0x0000101C
In clock cycle: 3093
Memory Write to Addr: 0x00000000 Val: 0x00000000
In clock cycle: 4101
Register Write to Reg: 0x05 Val: 0x0FC11000
In clock cycle: 4102
Register Write to Reg: 0x05 Val: 0x00000000
In clock cycle: 4103
Register Write to Reg: 0x06 Val: 0x0FC11008
In clock cycle: 4104
Register Write to Reg: 0x06 Val: 0xFFFFFFE4
In clock cycle: 4105
Register Write to Reg: 0x07 Val: 0x00001010
In clock cycle: 4106
Register Write to Reg: 0x07 Val: 0x00000060
In clock cycle: 4107
Register Write to Reg: 0x01 Val: 0x0000101C
In clock cycle: 4107
Memory Write to Addr: 0x00000000 Val: 0x00000000
In clock cycle: 5112
Register Write to Reg: 0x05 Val: 0x0FC11000
In clock cycle: 5113
Register Write to Reg: 0x05 Val: 0x00000000
In clock cycle: 5114
Register Write to Reg: 0x06 Val: 0x0FC11008
In clock cycle: 5115
Register Write to Reg: 0x06 Val: 0xFFFFFFE0
In clock cycle: 5116
Register Write to Reg: 0x07 Val: 0x00001010
In clock cycle: 5117
Register Write to Reg: 0x07 Val: 0x0000006C
In clock cycle: 5118
Register Write to Reg: 0x01 Val: 0x0000101C
In clock cycle: 5118
Memory Write to Addr: 0x00000000 Val: 0x00000000
In clock cycle: 6120
Register Write to Reg: 0x05 Val: 0x0FC11000
In clock cycle: 6121
Register Write to Reg: 0x05 Val: 0x00000000
In clock cycle: 6122
Register Write to Reg: 0x06 Val: 0x0FC11008
In clock cycle: 6123
Register Write to Reg: 0x06 Val: 0xFFFFFFDC
In clock cycle: 6124
Register Write to Reg: 0x07 Val: 0x00001010
In clock cycle: 6125
Register Write to Reg: 0x07 Val: 0x00000078
In clock cycle: 6126
Register Write to Reg: 0x01 Val: 0x0000101C
In clock cycle: 6126
Memory Write to Addr: 0x00000000 Val: 0x00000000
In clock cycle: 7125
Register Write to Reg: 0x05 Val: 0x0FC11000
In clock cycle: 7126
Register Write to Reg: 0x05 Val: 0x00000000
In clock cycle: 7127
Register Write to Reg: 0x06 Val: 0x0FC11008
In clock cycle: 7128
Register Write to Reg: 0x06 Val: 0xFFFFFFD8
In clock cycle: 7129
Register Write to Reg: 0x07 Val: 0x00001010
In clock cycle: 7130
Register Write to Reg: 0x07 Val: 0x00000084
In clock cycle: 7131
Register Write to Reg: 0x01 Val: 0x0000101C
In clock cycle: 7131
Memory Write to Addr: 0x00000000 Val: 0x00000000
In clock cycle: 8127
Register Write to Reg: 0x05 Val: 0x0FC11000
In clock cycle: 8128
Register Write to Reg: 0x05 Val: 0x00000000
In clock cycle: 8129
Register Write to Reg: 0x06 Val: 0x0FC11008
In clock cycle: 8130
Register Write to Reg: 0x06 Val: 0xFFFFFFD4
In clock cycle: 8131
Register Write to Reg: 0x07 Val: 0x00001010
In clock cycle: 8132
Register Write to Reg: 0x07 Val: 0x00000090
In clock cycle: 8133
Register Write to Reg: 0x01 Val: 0x0000101C
In clock cycle: 8133
Memory Write to Addr: 0x00000000 Val: 0x00000000
In clock cycle: 9126
Register Write to Reg: 0x05 Val: 0x0FC11000
In clock cycle: 9127
Register Write to Reg: 0x05 Val: 0x00000000
In clock cycle: 9128
Register Write to Reg: 0x06 Val: 0x0FC11008
In clock cycle: 9129
Register Write to Reg: 0x06 Val: 0xFFFFFFD0
In clock cycle: 9130
Register Write to Reg: 0x07 Val: 0x00001010
In clock cycle: 9131
Register Write to Reg: 0x07 Val: 0x0000009C
In clock cycle: 9132
Register Write to Reg: 0x01 Val: 0x0000101C
In clock cycle: 9132
Memory Write to Addr: 0x00000000 Val: 0x00000000
In clock cycle: 10122
Register Write to Reg: 0x05 Val: 0x0FC11000
In clock cycle: 10123
Register Write to Reg: 0x05 Val: 0x00000000
In clock cycle: 10124
Register Write to Reg: 0x06 Val: 0x0FC11008
In clock cycle: 10125
Register Write to Reg: 0x06 Val: 0xFFFFFFCC
In clock cycle: 10126
Register Write to Reg: 0x07 Val: 0x00001010
In clock cycle: 10127
Register Write to Reg: 0x07 Val: 0x000000A8
In clock cycle: 10128
Register Write to Reg: 0x01 Val: 0x0000101C
In clock cycle: 10128
Memory Write to Addr: 0x00000000 Val: 0x00000000
In clock cycle: 11115
Register Write to Reg: 0x05 Val: 0x0FC11000
In clock cycle: 11116
Register Write to Reg: 0x05 Val: 0x00000000
In clock cycle: 11117
Register Write to Reg: 0x06 Val: 0x0FC11008
In clock cycle: 11118
Register Write to Reg: 0x06 Val: 0xFFFFFFC8
In clock cycle: 11119
Register Write to Reg: 0x07 Val: 0x00001010
In clock cycle: 11120
Register Write to Reg: 0x07 Val: 0x000000B4
In clock cycle: 11121
Register Write to Reg: 0x01 Val: 0x0000101C
In clock cycle: 11121
Memory Write to Addr: 0x00000000 Val: 0x00000000
In clock cycle: 12105
Register Write to Reg: 0x05 Val: 0x0FC11000
In clock cycle: 12106
Register Write to Reg: 0x05 Val: 0x00000000
In clock cycle: 12107
Register Write to Reg: 0x06 Val: 0x0FC11008
In clock cycle: 12108
Register Write to Reg: 0x06 Val: 0xFFFFFFC4
In clock cycle: 12109
Register Write to Reg: 0x07 Val: 0x00001010
In clock cycle: 12110
Register Write to Reg: 0x07 Val: 0x000000C0
In clock cycle: 12111
Register Write to Reg: 0x01 Val: 0x0000101C
In clock cycle: 12111
Memory Write to Addr: 0x00000000 Val: 0x00000000
In clock cycle: 13092
Register Write to Reg: 0x05 Val: 0x0FC11000
In clock cycle: 13093
Register Write to Reg: 0x05 Val: 0x00000000
In clock cycle: 13094
Register Write to Reg: 0x06 Val: 0x0FC11008
In clock cycle: 13095
Register Write to Reg: 0x06 Val: 0xFFFFFFC0
In clock cycle: 13096
Register Write to Reg: 0x07 Val: 0x00001010
In clock cycle: 13097
Register Write to Reg: 0x07 Val: 0x000000CC
In clock cycle: 13098
Register Write to Reg: 0x01 Val: 0x0000101C
In clock cycle: 13098
Memory Write to Addr: 0x00000000 Val: 0x00000000
In clock cycle: 14076
Register Write to Reg: 0x05 Val: 0x0FC11000
In clock cycle: 14077
Register Write to Reg: 0x05 Val: 0x00000000
In clock cycle: 14078
Register Write to Reg: 0x06 Val: 0x0FC11008
In clock cycle: 14079
Register Write to Reg: 0x06 Val: 0xFFFFFFBC
In clock cycle: 14080
Register Write to Reg: 0x07 Val: 0x00001010
In clock cycle: 14081
Register Write to Reg: 0x07 Val: 0x000000D8
In clock cycle: 14082
Register Write to Reg: 0x01 Val: 0x0000101C
In clock cycle: 14082
Memory Write to Addr: 0x00000000 Val: 0x00000000
In clock cycle: 15057
Register Write to Reg: 0x05 Val: 0x0FC11000
In clock cycle: 15058
Register Write to Reg: 0x05 Val: 0x00000000
In clock cycle: 15059
Register Write to Reg: 0x06 Val: 0x0FC11008
In clock cycle: 15060
Register Write to Reg: 0x06 Val: 0xFFFFFFB8
In clock cycle: 15061
Register Write to Reg: 0x07 Val: 0x00001010
In clock cycle: 15062
Register Write to Reg: 0x07 Val: 0x000000E4
In clock cycle: 15063
Register Write to Reg: 0x01 Val: 0x0000101C
In clock cycle: 15063
Memory Write to Addr: 0x00000000 Val: 0x00000000
In clock cycle: 16035
Register Write to Reg: 0x05 Val: 0x0FC11000
In clock cycle: 16036
Register Write to Reg: 0x05 Val: 0x00000000
In clock cycle: 16037
Register Write to Reg: 0x06 Val: 0x0FC11008
In clock cycle: 16038
Register Write to Reg: 0x06 Val: 0xFFFFFFB4
In clock cycle: 16039
Register Write to Reg: 0x07 Val: 0x00001010
In clock cycle: 16040
Register Write to Reg: 0x07 Val: 0x000000F0
In clock cycle: 16041
Register Write to Reg: 0x01 Val: 0x0000101C
In clock cycle: 16041
Memory Write to Addr: 0x00000000 Val: 0x00000000
In clock cycle: 17010
Register Write to Reg: 0x05 Val: 0x0FC11000
In clock cycle: 17011
Register Write to Reg: 0x05 Val: 0x00000000
In clock cycle: 17012
Register Write to Reg: 0x06 Val: 0x0FC11008
In clock cycle: 17013
Register Write to Reg: 0x06 Val: 0xFFFFFFB0
In clock cycle: 17014
Register Write to Reg: 0x07 Val: 0x00001010
In clock cycle: 17015
Register Write to Reg: 0x07 Val: 0x000000FC
In clock cycle: 17016
Register Write to Reg: 0x01 Val: 0x0000101C
In clock cycle: 17016
Memory Write to Addr: 0x00000000 Val: 0x00000000
In clock cycle: 17982
Register Write to Reg: 0x05 Val: 0x0FC11000
In clock cycle: 17983
Register Write to Reg: 0x05 Val: 0x00000000
In clock cycle: 17984
Register Write to Reg: 0x06 Val: 0x0FC11008
In clock cycle: 17985
Register Write to Reg: 0x06 Val: 0xFFFFFFAC
In clock cycle: 17986
Register Write to Reg: 0x07 Val: 0x00001010
In clock cycle: 17987
Register Write to Reg: 0x07 Val: 0x00000108
In clock cycle: 17988
Register Write to Reg: 0x01 Val: 0x0000101C
In clock cycle: 17988
Memory Write to Addr: 0x00000000 Val: 0x00000000
In clock cycle: 18951
Register Write to Reg: 0x05 Val: 0x0FC11000
In clock cycle: 18952
Register Write to Reg: 0x05 Val: 0x00000000
In clock cycle: 18953
Register Write to Reg: 0x06 Val: 0x0FC11008
In clock cycle: 18954
Register Write to Reg: 0x06 Val: 0xFFFFFFA8
In clock cycle: 18955
Register Write to Reg: 0x07 Val: 0x00001010
In clock cycle: 18956
Register Write to Reg: 0x07 Val: 0x00000114
In clock cycle: 18957
Register Write to Reg: 0x01 Val: 0x0000101C
In clock cycle: 18957
Memory Write to Addr: 0x00000000 Val: 0x00000000
In clock cycle: 19917
Register Write to Reg: 0x05 Val: 0x0FC11000
In clock cycle: 19918
Register Write to Reg: 0x05 Val: 0x00000000
In clock cycle: 19919
Register Write to Reg: 0x06 Val: 0x0FC11008
In clock cycle: 19920
Register Write to Reg: 0x06 Val: 0xFFFFFFA4
In clock cycle: 19921
Register Write to Reg: 0x07 Val: 0x00001010
In clock cycle: 19922
Register Write to Reg: 0x07 Val: 0x00000120
In clock cycle: 19923
Register Write to Reg: 0x01 Val: 0x0000101C
In clock cycle: 19923
Memory Write to Addr: 0x00000000 Val: 0x00000000
In clock cycle: 20880
Register Write to Reg: 0x05 Val: 0x0FC11000
In clock cycle: 20881
Register Write to Reg: 0x05 Val: 0x00000000
In clock cycle: 20882
Register Write to Reg: 0x06 Val: 0x0FC11008
In clock cycle: 20883
Register Write to Reg: 0x06 Val: 0xFFFFFFA0
In clock cycle: 20884
Register Write to Reg: 0x07 Val: 0x00001010
In clock cycle: 20885
Register Write to Reg: 0x07 Val: 0x0000012C
In clock cycle: 20886
Register Write to Reg: 0x01 Val: 0x0000101C
In clock cycle: 20886
Memory Write to Addr: 0x00000000 Val: 0x00000000
In clock cycle: 21840
Register Write to Reg: 0x05 Val: 0x0FC11000
In clock cycle: 21841
Register Write to Reg: 0x05 Val: 0x00000000
In clock cycle: 21842
Register Write to Reg: 0x06 Val: 0x0FC11008
In clock cycle: 21843
Register Write to Reg: 0x06 Val: 0xFFFFFF9C
In clock cycle: 21844
Register Write to Reg: 0x07 Val: 0x00001010
In clock cycle: 21845
Register Write to Reg: 0x07 Val: 0x00000138
In clock cycle: 21846
Register Write to Reg: 0x01 Val: 0x0000101C
In clock cycle: 21846
Memory Write to Addr: 0x00000000 Val: 0x00000000
In clock cycle: 22797
Register Write to Reg: 0x05 Val: 0x0FC11000
In clock cycle: 22798
Register Write to Reg: 0x05 Val: 0x00000000
In clock cycle: 22799
Register Write to Reg: 0x06 Val: 0x0FC11008
In clock cycle: 22800
Register Write to Reg: 0x06 Val: 0xFFFFFF98
In clock cycle: 22801
Register Write to Reg: 0x07 Val: 0x00001010
In clock cycle: 22802
Register Write to Reg: 0x07 Val: 0x00000144
In clock cycle: 22803
Register Write to Reg: 0x01 Val: 0x0000101C
In clock cycle: 22803
Memory Write to Addr: 0x00000000 Val: 0x00000000
In clock cycle: 23751
Register Write to Reg: 0x05 Val: 0x0FC11000
In clock cycle: 23752
Register Write to Reg: 0x05 Val: 0x00000000
In clock cycle: 23753
Register Write to Reg: 0x06 Val: 0x0FC11008
In clock cycle: 23754
Register Write to Reg: 0x06 Val: 0xFFFFFF94
In clock cycle: 23755
Register Write to Reg: 0x07 Val: 0x00001010
In clock cycle: 23756
Register Write to Reg: 0x07 Val: 0x00000150
In clock cycle: 23757
Register Write to Reg: 0x01 Val: 0x0000101C
In clock cycle: 23757
Memory Write to Addr: 0x00000000 Val: 0x00000000
In clock cycle: 24702
Register Write to Reg: 0x05 Val: 0x0FC11000
In clock cycle: 24703
Register Write to Reg: 0x05 Val: 0x00000000
In clock cycle: 24704
Register Write to Reg: 0x06 Val: 0x0FC11008
In clock cycle: 24705
Register Write to Reg: 0x06 Val: 0xFFFFFF90
In clock cycle: 24706
Register Write to Reg: 0x07 Val: 0x00001010
In clock cycle: 24707
Register Write to Reg: 0x07 Val: 0x0000015C
In clock cycle: 24708
Register Write to Reg: 0x01 Val: 0x0000101C
In clock cycle: 24708
Memory Write to Addr: 0x00000000 Val: 0x00000000
In clock cycle: 25650
Register Write to Reg: 0x05 Val: 0x0FC11000
In clock cycle: 25651
Register Write to Reg: 0x05 Val: 0x00000000
In clock cycle: 25652
Register Write to Reg: 0x06 Val: 0x0FC11008
In clock cycle: 25653
Register Write to Reg: 0x06 Val: 0xFFFFFF8C
In clock cycle: 25654
Register Write to Reg: 0x07 Val: 0x00001010
In clock cycle: 25655
Register Write to Reg: 0x07 Val: 0x00000168
In clock cycle: 25656
Register Write to Reg: 0x01 Val: 0x0000101C
In clock cycle: 25656
Memory Write to Addr: 0x00000000 Val: 0x00000000
In clock cycle: 26595
Register Write to Reg: 0x05 Val: 0x0FC11000
In clock cycle: 26596
Register Write to Reg: 0x05 Val: 0x00000000
In clock cycle: 26597
Register Write to Reg: 0x06 Val: 0x0FC11008
In clock cycle: 26598
Register Write to Reg: 0x06 Val: 0xFFFFFF88
In clock cycle: 26599
Register Write to Reg: 0x07 Val: 0x00001010
In clock cycle: 26600
Register Write to Reg: 0x07 Val: 0x00000174
In clock cycle: 26601
Register Write to Reg: 0x01 Val: 0x0000101C
In clock cycle: 26601
Memory Write to Addr: 0x00000000 Val: 0x00000000
In clock cycle: 27537
Register Write to Reg: 0x05 Val: 0x0FC11000
In clock cycle: 27538
Register Write to Reg: 0x05 Val: 0x00000000
In clock cycle: 27539
Register Write to Reg: 0x06 Val: 0x0FC11008
In clock cycle: 27540
Register Write to Reg: 0x06 Val: 0xFFFFFF84
In clock cycle: 27541
Register Write to Reg: 0x07 Val: 0x00001010
In clock cycle: 27542
Register Write to Reg: 0x07 Val: 0x00000180
In clock cycle: 27543
Register Write to Reg: 0x01 Val: 0x0000101C
In clock cycle: 27543
Memory Write to Addr: 0x00000000 Val: 0x00000000
In clock cycle: 28476
Register Write to Reg: 0x05 Val: 0x0FC11000
In clock cycle: 28477
Register Write to Reg: 0x05 Val: 0x00000000
In clock cycle: 28478
Register Write to Reg: 0x06 Val: 0x0FC11008
In clock cycle: 28479
Register Write to Reg: 0x06 Val: 0xFFFFFF80
In clock cycle: 28480
Register Write to Reg: 0x07 Val: 0x00001010
In clock cycle: 28481
Register Write to Reg: 0x07 Val: 0x0000018C
In clock cycle: 28482
Register Write to Reg: 0x01 Val: 0x0000101C
In clock cycle: 28482
Memory Write to Addr: 0x00000000 Val: 0x00000000
In clock cycle: 29412
Register Write to Reg: 0x05 Val: 0x0FC11000
In clock cycle: 29413
Register Write to Reg: 0x05 Val: 0x00000000
In clock cycle: 29414
Register Write to Reg: 0x06 Val: 0x0FC11008
In clock cycle: 29415
Register Write to Reg: 0x06 Val: 0xFFFFFF7C
In clock cycle: 29416
Register Write to Reg: 0x07 Val: 0x00001010
In clock cycle: 29417
Register Write to Reg: 0x07 Val: 0x00000198
In clock cycle: 29418
Register Write to Reg: 0x01 Val: 0x0000101C
In clock cycle: 29418
Memory Write to Addr: 0x00000000 Val: 0x00000000
In clock cycle: 30345
Register Write to Reg: 0x05 Val: 0x0FC11000
In clock cycle: 30346
Register Write to Reg: 0x05 Val: 0x00000000
In clock cycle: 30347
Register Write to Reg: 0x06 Val: 0x0FC11008
In clock cycle: 30348
Register Write to Reg: 0x06 Val: 0xFFFFFF78
In clock cycle: 30349
Register Write to Reg: 0x07 Val: 0x00001010
In clock cycle: 30350
Register Write to Reg: 0x07 Val: 0x000001A4
In clock cycle: 30351
Register Write to Reg: 0x01 Val: 0x0000101C
In clock cycle: 30351
Memory Write to Addr: 0x00000000 Val: 0x00000000
In clock cycle: 31275
Register Write to Reg: 0x05 Val: 0x0FC11000
In clock cycle: 31276
Register Write to Reg: 0x05 Val: 0x00000000
In clock cycle: 31277
Register Write to Reg: 0x06 Val: 0x0FC11008
In clock cycle: 31278
Register Write to Reg: 0x06 Val: 0xFFFFFF74
In clock cycle: 31279
Register Write to Reg: 0x07 Val: 0x00001010
In clock cycle: 31280
Register Write to Reg: 0x07 Val: 0x000001B0
In clock cycle: 31281
Register Write to Reg: 0x01 Val: 0x0000101C
In clock cycle: 31281
Memory Write to Addr: 0x00000000 Val: 0x00000000
In clock cycle: 32202
Register Write to Reg: 0x05 Val: 0x0FC11000
In clock cycle: 32203
Register Write to Reg: 0x05 Val: 0x00000000
In clock cycle: 32204
Register Write to Reg: 0x06 Val: 0x0FC11008
In clock cycle: 32205
Register Write to Reg: 0x06 Val: 0xFFFFFF70
In clock cycle: 32206
Register Write to Reg: 0x07 Val: 0x00001010
In clock cycle: 32207
Register Write to Reg: 0x07 Val: 0x000001BC
In clock cycle: 32208
Register Write to Reg: 0x01 Val: 0x0000101C
In clock cycle: 32208
Memory Write to Addr: 0x00000000 Val: 0x00000000
In clock cycle: 33126
Register Write to Reg: 0x05 Val: 0x0FC11000
In clock cycle: 33127
Register Write to Reg: 0x05 Val: 0x00000000
In clock cycle: 33128
Register Write to Reg: 0x06 Val: 0x0FC11008
In clock cycle: 33129
Register Write to Reg: 0x06 Val: 0xFFFFFF6C
In clock cycle: 33130
Register Write to Reg: 0x07 Val: 0x00001010
In clock cycle: 33131
Register Write to Reg: 0x07 Val: 0x000001C8
In clock cycle: 33132
Register Write to Reg: 0x01 Val: 0x0000101C
In clock cycle: 33132
Memory Write to Addr: 0x00000000 Val: 0x00000000
In clock cycle: 34047
Register Write to Reg: 0x05 Val: 0x0FC11000
In clock cycle: 34048
Register Write to Reg: 0x05 Val: 0x00000000
In clock cycle: 34049
Register Write to Reg: 0x06 Val: 0x0FC11008
In clock cycle: 34050
Register Write to Reg: 0x06 Val: 0xFFFFFF68
In clock cycle: 34051
Register Write to Reg: 0x07 Val: 0x00001010
In clock cycle: 34052
Register Write to Reg: 0x07 Val: 0x000001D4
In clock cycle: 34053
Register Write to Reg: 0x01 Val: 0x0000101C
In clock cycle: 34053
Memory Write to Addr: 0x00000000 Val: 0x00000000
In clock cycle: 34965
Register Write to Reg: 0x05 Val: 0x0FC11000
In clock cycle: 34966
Register Write to Reg: 0x05 Val: 0x00000000
In clock cycle: 34967
Register Write to Reg: 0x06 Val: 0x0FC11008
In clock cycle: 34968
Register Write to Reg: 0x06 Val: 0xFFFFFF64
In clock cycle: 34969
Register Write to Reg: 0x07 Val: 0x00001010
In clock cycle: 34970
Register Write to Reg: 0x07 Val: 0x000001E0
In clock cycle: 34971
Register Write to Reg: 0x01 Val: 0x0000101C
In clock cycle: 34971
Memory Write to Addr: 0x00000000 Val: 0x00000000
In clock cycle: 35880
Register Write to Reg: 0x05 Val: 0x0FC11000
In clock cycle: 35881
Register Write to Reg: 0x05 Val: 0x00000000
In clock cycle: 35882
Register Write to Reg: 0x06 Val: 0x0FC11008
In clock cycle: 35883
Register Write to Reg: 0x06 Val: 0xFFFFFF60
In clock cycle: 35884
Register Write to Reg: 0x07 Val: 0x00001010
In clock cycle: 35885
Register Write to Reg: 0x07 Val: 0x000001EC
In clock cycle: 35886
Register Write to Reg: 0x01 Val: 0x0000101C
In clock cycle: 35886
Memory Write to Addr: 0x00000000 Val: 0x00000000
In clock cycle: 36792
Register Write to Reg: 0x05 Val: 0x0FC11000
In clock cycle: 36793
Register Write to Reg: 0x05 Val: 0x00000000
In clock cycle: 36794
Register Write to Reg: 0x06 Val: 0x0FC11008
In clock cycle: 36795
Register Write to Reg: 0x06 Val: 0xFFFFFF5C
In clock cycle: 36796
Register Write to Reg: 0x07 Val: 0x00001010
In clock cycle: 36797
Register Write to Reg: 0x07 Val: 0x000001F8
In clock cycle: 36798
Register Write to Reg: 0x01 Val: 0x0000101C
In clock cycle: 36798
Memory Write to Addr: 0x00000000 Val: 0x00000000
In clock cycle: 37701
Register Write to Reg: 0x05 Val: 0x0FC11000
In clock cycle: 37702
Register Write to Reg: 0x05 Val: 0x00000000
In clock cycle: 37703
Register Write to Reg: 0x06 Val: 0x0FC11008
In clock cycle: 37704
Register Write to Reg: 0x06 Val: 0xFFFFFF58
In clock cycle: 37705
Register Write to Reg: 0x07 Val: 0x00001010
In clock cycle: 37706
Register Write to Reg: 0x07 Val: 0x00000204
In clock cycle: 37707
Register Write to Reg: 0x01 Val: 0x0000101C
In clock cycle: 37707
Memory Write to Addr: 0x00000000 Val: 0x00000000
In clock cycle: 38607
Register Write to Reg: 0x05 Val: 0x0FC11000
In clock cycle: 38608
Register Write to Reg: 0x05 Val: 0x00000000
In clock cycle: 38609
Register Write to Reg: 0x06 Val: 0x0FC11008
In clock cycle: 38610
Register Write to Reg: 0x06 Val: 0xFFFFFF54
In clock cycle: 38611
Register Write to Reg: 0x07 Val: 0x00001010
In clock cycle: 38612
Register Write to Reg: 0x07 Val: 0x00000210
In clock cycle: 38613
Register Write to Reg: 0x01 Val: 0x0000101C
In clock cycle: 38613
Memory Write to Addr: 0x00000000 Val: 0x00000000
In clock cycle: 39510
Register Write to Reg: 0x05 Val: 0x0FC11000
In clock cycle: 39511
Register Write to Reg: 0x05 Val: 0x00000000
In clock cycle: 39512
Register Write to Reg: 0x06 Val: 0x0FC11008
In clock cycle: 39513
Register Write to Reg: 0x06 Val: 0xFFFFFF50
In clock cycle: 39514
Register Write to Reg: 0x07 Val: 0x00001010
In clock cycle: 39515
Register Write to Reg: 0x07 Val: 0x0000021C
In clock cycle: 39516
Register Write to Reg: 0x01 Val: 0x0000101C
In clock cycle: 39516
Memory Write to Addr: 0x00000000 Val: 0x00000000
In clock cycle: 40410
Register Write to Reg: 0x05 Val: 0x0FC11000
In clock cycle: 40411
Register Write to Reg: 0x05 Val: 0x00000000
In clock cycle: 40412
Register Write to Reg: 0x06 Val: 0x0FC11008
In clock cycle: 40413
Register Write to Reg: 0x06 Val: 0xFFFFFF4C
In clock cycle: 40414
Register Write to Reg: 0x07 Val: 0x00001010
In clock cycle: 40415
Register Write to Reg: 0x07 Val: 0x00000228
In clock cycle: 40416
Register Write to Reg: 0x01 Val: 0x0000101C
In clock cycle: 40416
Memory Write to Addr: 0x00000000 Val: 0x00000000
In clock cycle: 41307
Register Write to Reg: 0x05 Val: 0x0FC11000
In clock cycle: 41308
Register Write to Reg: 0x05 Val: 0x00000000
In clock cycle: 41309
Register Write to Reg: 0x06 Val: 0x0FC11008
In clock cycle: 41310
Register Write to Reg: 0x06 Val: 0xFFFFFF48
In clock cycle: 41311
Register Write to Reg: 0x07 Val: 0x00001010
In clock cycle: 41312
Register Write to Reg: 0x07 Val: 0x00000234
In clock cycle: 41313
Register Write to Reg: 0x01 Val: 0x0000101C
In clock cycle: 41313
Memory Write to Addr: 0x00000000 Val: 0x00000000
In clock cycle: 42201
Register Write to Reg: 0x05 Val: 0x0FC11000
In clock cycle: 42202
Register Write to Reg: 0x05 Val: 0x00000000
In clock cycle: 42203
Register Write to Reg: 0x06 Val: 0x0FC11008
In clock cycle: 42204
Register Write to Reg: 0x06 Val: 0xFFFFFF44
In clock cycle: 42205
Register Write to Reg: 0x07 Val: 0x00001010
In clock cycle: 42206
Register Write to Reg: 0x07 Val: 0x00000240
In clock cycle: 42207
Register Write to Reg: 0x01 Val: 0x0000101C
In clock cycle: 42207
Memory Write to Addr: 0x00000000 Val: 0x00000000
In clock cycle: 43092
Register Write to Reg: 0x05 Val: 0x0FC11000
In clock cycle: 43093
Register Write to Reg: 0x05 Val: 0x00000000
In clock cycle: 43094
Register Write to Reg: 0x06 Val: 0x0FC11008
In clock cycle: 43095
Register Write to Reg: 0x06 Val: 0xFFFFFF40
In clock cycle: 43096
Register Write to Reg: 0x07 Val: 0x00001010
In clock cycle: 43097
Register Write to Reg: 0x07 Val: 0x0000024C
In clock cycle: 43098
Register Write to Reg: 0x01 Val: 0x0000101C
In clock cycle: 43098
Memory Write to Addr: 0x00000000 Val: 0x00000000
In clock cycle: 43980
Register Write to Reg: 0x05 Val: 0x0FC11000
In clock cycle: 43981
Register Write to Reg: 0x05 Val: 0x00000000
In clock cycle: 43982
Register Write to Reg: 0x06 Val: 0x0FC11008
In clock cycle: 43983
Register Write to Reg: 0x06 Val: 0xFFFFFF3C
In clock cycle: 43984
Register Write to Reg: 0x07 Val: 0x00001010
In clock cycle: 43985
Register Write to Reg: 0x07 Val: 0x00000258
In clock cycle: 43986
Register Write to Reg: 0x01 Val: 0x0000101C
In clock cycle: 43986
Memory Write to Addr: 0x00000000 Val: 0x00000000
In clock cycle: 44865
Register Write to Reg: 0x05 Val: 0x0FC11000
In clock cycle: 44866
Register Write to Reg: 0x05 Val: 0x00000000
In clock cycle: 44867
Register Write to Reg: 0x06 Val: 0x0FC11008
In clock cycle: 44868
Register Write to Reg: 0x06 Val: 0xFFFFFF38
In clock cycle: 44869
Register Write to Reg: 0x07 Val: 0x00001010
In clock cycle: 44870
Register Write to Reg: 0x07 Val: 0x00000264
In clock cycle: 44871
Register Write to Reg: 0x01 Val: 0x0000101C
In clock cycle: 44871
Memory Write to Addr: 0x00000000 Val: 0x00000000
In clock cycle: 45747
Register Write to Reg: 0x05 Val: 0x0FC11000
In clock cycle: 45748
Register Write to Reg: 0x05 Val: 0x00000000
In clock cycle: 45749
Register Write to Reg: 0x06 Val: 0x0FC11008
In clock cycle: 45750
Register Write to Reg: 0x06 Val: 0xFFFFFF34
In clock cycle: 45751
Register Write to Reg: 0x07 Val: 0x00001010
In clock cycle: 45752
Register Write to Reg: 0x07 Val: 0x00000270
In clock cycle: 45753
Register Write to Reg: 0x01 Val: 0x0000101C
In clock cycle: 45753
Memory Write to Addr: 0x00000000 Val: 0x00000000
In clock cycle: 46626
Register Write to Reg: 0x05 Val: 0x0FC11000
In clock cycle: 46627
Register Write to Reg: 0x05 Val: 0x00000000
In clock cycle: 46628
Register Write to Reg: 0x06 Val: 0x0FC11008
In clock cycle: 46629
Register Write to Reg: 0x06 Val: 0xFFFFFF30
In clock cycle: 46630
Register Write to Reg: 0x07 Val: 0x00001010
In clock cycle: 46631
Register Write to Reg: 0x07 Val: 0x0000027C
In clock cycle: 46632
Register Write to Reg: 0x01 Val: 0x0000101C
In clock cycle: 46632
Memory Write to Addr: 0x00000000 Val: 0x00000000
In clock cycle: 47502
Register Write to Reg: 0x05 Val: 0x0FC11000
In clock cycle: 47503
Register Write to Reg: 0x05 Val: 0x00000000
In clock cycle: 47504
Register Write to Reg: 0x06 Val: 0x0FC11008
In clock cycle: 47505
Register Write to Reg: 0x06 Val: 0xFFFFFF2C
In clock cycle: 47506
Register Write to Reg: 0x07 Val: 0x00001010
In clock cycle: 47507
Register Write to Reg: 0x07 Val: 0x00000288
In clock cycle: 47508
Register Write to Reg: 0x01 Val: 0x0000101C
In clock cycle: 47508
Memory Write to Addr: 0x00000000 Val: 0x00000000
In clock cycle: 48375
Register Write to Reg: 0x05 Val: 0x0FC11000
In clock cycle: 48376
Register Write to Reg: 0x05 Val: 0x00000000
In clock cycle: 48377
Register Write to Reg: 0x06 Val: 0x0FC11008
In clock cycle: 48378
Register Write to Reg: 0x06 Val: 0xFFFFFF28
In clock cycle: 48379
Register Write to Reg: 0x07 Val: 0x00001010
In clock cycle: 48380
Register Write to Reg: 0x07 Val: 0x00000294
In clock cycle: 48381
Register Write to Reg: 0x01 Val: 0x0000101C
In clock cycle: 48381
Memory Write to Addr: 0x00000000 Val: 0x00000000
In clock cycle: 49245
Register Write to Reg: 0x05 Val: 0x0FC11000
In clock cycle: 49246
Register Write to Reg: 0x05 Val: 0x00000000
In clock cycle: 49247
Register Write to Reg: 0x06 Val: 0x0FC11008
In clock cycle: 49248
Register Write to Reg: 0x06 Val: 0xFFFFFF24
In clock cycle: 49249
Register Write to Reg: 0x07 Val: 0x00001010
In clock cycle: 49250
Register Write to Reg: 0x07 Val: 0x000002A0
In clock cycle: 49251
Register Write to Reg: 0x01 Val: 0x0000101C
In clock cycle: 49251
Memory Write to Addr: 0x00000000 Val: 0x00000000
In clock cycle: 50112
Register Write to Reg: 0x05 Val: 0x0FC11000
In clock cycle: 50113
Register Write to Reg: 0x05 Val: 0x00000000
In clock cycle: 50114
Register Write to Reg: 0x06 Val: 0x0FC11008
In clock cycle: 50115
Register Write to Reg: 0x06 Val: 0xFFFFFF20
In clock cycle: 50116
Register Write to Reg: 0x07 Val: 0x00001010
In clock cycle: 50117
Register Write to Reg: 0x07 Val: 0x000002AC
In clock cycle: 50118
Register Write to Reg: 0x01 Val: 0x0000101C
In clock cycle: 50118
Memory Write to Addr: 0x00000000 Val: 0x00000000
In clock cycle: 50976
Register Write to Reg: 0x05 Val: 0x0FC11000
In clock cycle: 50977
Register Write to Reg: 0x05 Val: 0x00000000
In clock cycle: 50978
Register Write to Reg: 0x06 Val: 0x0FC11008
In clock cycle: 50979
Register Write to Reg: 0x06 Val: 0xFFFFFF1C
In clock cycle: 50980
Register Write to Reg: 0x07 Val: 0x00001010
In clock cycle: 50981
Register Write to Reg: 0x07 Val: 0x000002B8
In clock cycle: 50982
Register Write to Reg: 0x01 Val: 0x0000101C
In clock cycle: 50982
Memory Write to Addr: 0x00000000 Val: 0x00000000
In clock cycle: 51837
Register Write to Reg: 0x05 Val: 0x0FC11000
In clock cycle: 51838
Register Write to Reg: 0x05 Val: 0x00000000
In clock cycle: 51839
Register Write to Reg: 0x06 Val: 0x0FC11008
In clock cycle: 51840
Register Write to Reg: 0x06 Val: 0xFFFFFF18
In clock cycle: 51841
Register Write to Reg: 0x07 Val: 0x00001010
In clock cycle: 51842
Register Write to Reg: 0x07 Val: 0x000002C4
In clock cycle: 51843
Register Write to Reg: 0x01 Val: 0x0000101C
In clock cycle: 51843
Memory Write to Addr: 0x00000000 Val: 0x00000000
In clock cycle: 52695
Register Write to Reg: 0x05 Val: 0x0FC11000
In clock cycle: 52696
Register Write to Reg: 0x05 Val: 0x00000000
In clock cycle: 52697
Register Write to Reg: 0x06 Val: 0x0FC11008
In clock cycle: 52698
Register Write to Reg: 0x06 Val: 0xFFFFFF14
In clock cycle: 52699
Register Write to Reg: 0x07 Val: 0x00001010
In clock cycle: 52700
Register Write to Reg: 0x07 Val: 0x000002D0
In clock cycle: 52701
Register Write to Reg: 0x01 Val: 0x0000101C
In clock cycle: 52701
Memory Write to Addr: 0x00000000 Val: 0x00000000
In clock cycle: 53550
Register Write to Reg: 0x05 Val: 0x0FC11000
In clock cycle: 53551
Register Write to Reg: 0x05 Val: 0x00000000
In clock cycle: 53552
Register Write to Reg: 0x06 Val: 0x0FC11008
In clock cycle: 53553
Register Write to Reg: 0x06 Val: 0xFFFFFF10
In clock cycle: 53554
Register Write to Reg: 0x07 Val: 0x00001010
In clock cycle: 53555
Register Write to Reg: 0x07 Val: 0x000002DC
In clock cycle: 53556
Register Write to Reg: 0x01 Val: 0x0000101C
In clock cycle: 53556
Memory Write to Addr: 0x00000000 Val: 0x00000000
In clock cycle: 54402
Register Write to Reg: 0x05 Val: 0x0FC11000
In clock cycle: 54403
Register Write to Reg: 0x05 Val: 0x00000000
In clock cycle: 54404
Register Write to Reg: 0x06 Val: 0x0FC11008
In clock cycle: 54405
Register Write to Reg: 0x06 Val: 0xFFFFFF0C
In clock cycle: 54406
Register Write to Reg: 0x07 Val: 0x00001010
In clock cycle: 54407
Register Write to Reg: 0x07 Val: 0x000002E8
In clock cycle: 54408
Register Write to Reg: 0x01 Val: 0x0000101C
In clock cycle: 54408
Memory Write to Addr: 0x00000000 Val: 0x00000000
In clock cycle: 55251
Register Write to Reg: 0x05 Val: 0x0FC11000
In clock cycle: 55252
Register Write to Reg: 0x05 Val: 0x00000000
In clock cycle: 55253
Register Write to Reg: 0x06 Val: 0x0FC11008
In clock cycle: 55254
Register Write to Reg: 0x06 Val: 0xFFFFFF08
In clock cycle: 55255
Register Write to Reg: 0x07 Val: 0x00001010
In clock cycle: 55256
Register Write to Reg: 0x07 Val: 0x000002F4
In clock cycle: 55257
Register Write to Reg: 0x01 Val: 0x0000101C
In clock cycle: 55257
Memory Write to Addr: 0x00000000 Val: 0x00000000
In clock cycle: 56097
Register Write to Reg: 0x05 Val: 0x0FC11000
In clock cycle: 56098
Register Write to Reg: 0x05 Val: 0x00000000
In clock cycle: 56099
Register Write to Reg: 0x06 Val: 0x0FC11008
In clock cycle: 56100
Register Write to Reg: 0x06 Val: 0xFFFFFF04
In clock cycle: 56101
Register Write to Reg: 0x07 Val: 0x00001010
In clock cycle: 56102
Register Write to Reg: 0x07 Val: 0x00000300
In clock cycle: 56103
Register Write to Reg: 0x01 Val: 0x0000101C
In clock cycle: 56103
Memory Write to Addr: 0x00000000 Val: 0x00000000
In clock cycle: 56940
Register Write to Reg: 0x05 Val: 0x0FC11000
In clock cycle: 56941
Register Write to Reg: 0x05 Val: 0x00000000
In clock cycle: 56942
Register Write to Reg: 0x06 Val: 0x0FC11008
In clock cycle: 56943
Register Write to Reg: 0x06 Val: 0xFFFFFF00
In clock cycle: 56944
Register Write to Reg: 0x07 Val: 0x00001010
In clock cycle: 56945
Register Write to Reg: 0x07 Val: 0x0000030C
In clock cycle: 56946
Register Write to Reg: 0x01 Val: 0x0000101C
In clock cycle: 56946
Memory Write to Addr: 0x00000000 Val: 0x00000000
In clock cycle: 57780
Register Write to Reg: 0x05 Val: 0x0FC11000
In clock cycle: 57781
Register Write to Reg: 0x05 Val: 0x00000000
In clock cycle: 57782
Register Write to Reg: 0x06 Val: 0x0FC11008
In clock cycle: 57783
Register Write to Reg: 0x06 Val: 0xFFFFFEFC
In clock cycle: 57784
Register Write to Reg: 0x07 Val: 0x00001010
In clock cycle: 57785
Register Write to Reg: 0x07 Val: 0x00000318
In clock cycle: 57786
Register Write to Reg: 0x01 Val: 0x0000101C
In clock cycle: 57786
Memory Write to Addr: 0x00000000 Val: 0x00000000
In clock cycle: 58617
Register Write to Reg: 0x05 Val: 0x0FC11000
In clock cycle: 58618
Register Write to Reg: 0x05 Val: 0x00000000
In clock cycle: 58619
Register Write to Reg: 0x06 Val: 0x0FC11008
In clock cycle: 58620
Register Write to Reg: 0x06 Val: 0xFFFFFEF8
In clock cycle: 58621
Register Write to Reg: 0x07 Val: 0x00001010
In clock cycle: 58622
Register Write to Reg: 0x07 Val: 0x00000324
In clock cycle: 58623
Register Write to Reg: 0x01 Val: 0x0000101C
In clock cycle: 58623
Memory Write to Addr: 0x00000000 Val: 0x00000000
In clock cycle: 59451
Register Write to Reg: 0x05 Val: 0x0FC11000
In clock cycle: 59452
Register Write to Reg: 0x05 Val: 0x00000000
In clock cycle: 59453
Register Write to Reg: 0x06 Val: 0x0FC11008
In clock cycle: 59454
Register Write to Reg: 0x06 Val: 0xFFFFFEF4
In clock cycle: 59455
Register Write to Reg: 0x07 Val: 0x00001010
In clock cycle: 59456
Register Write to Reg: 0x07 Val: 0x00000330
In clock cycle: 59457
Register Write to Reg: 0x01 Val: 0x0000101C
In clock cycle: 59457
Memory Write to Addr: 0x00000000 Val: 0x00000000
In clock cycle: 60282
Register Write to Reg: 0x05 Val: 0x0FC11000
In clock cycle: 60283
Register Write to Reg: 0x05 Val: 0x00000000
In clock cycle: 60284
Register Write to Reg: 0x06 Val: 0x0FC11008
In clock cycle: 60285
Register Write to Reg: 0x06 Val: 0xFFFFFEF0
In clock cycle: 60286
Register Write to Reg: 0x07 Val: 0x00001010
In clock cycle: 60287
Register Write to Reg: 0x07 Val: 0x0000033C
In clock cycle: 60288
Register Write to Reg: 0x01 Val: 0x0000101C
In clock cycle: 60288
Memory Write to Addr: 0x00000000 Val: 0x00000000
In clock cycle: 61110
Register Write to Reg: 0x05 Val: 0x0FC11000
In clock cycle: 61111
Register Write to Reg: 0x05 Val: 0x00000000
In clock cycle: 61112
Register Write to Reg: 0x06 Val: 0x0FC11008
In clock cycle: 61113
Register Write to Reg: 0x06 Val: 0xFFFFFEEC
In clock cycle: 61114
Register Write to Reg: 0x07 Val: 0x00001010
In clock cycle: 61115
Register Write to Reg: 0x07 Val: 0x00000348
In clock cycle: 61116
Register Write to Reg: 0x01 Val: 0x0000101C
In clock cycle: 61116
Memory Write to Addr: 0x00000000 Val: 0x00000000
In clock cycle: 61935
Register Write to Reg: 0x05 Val: 0x0FC11000
In clock cycle: 61936
Register Write to Reg: 0x05 Val: 0x00000000
In clock cycle: 61937
Register Write to Reg: 0x06 Val: 0x0FC11008
In clock cycle: 61938
Register Write to Reg: 0x06 Val: 0xFFFFFEE8
In clock cycle: 61939
Register Write to Reg: 0x07 Val: 0x00001010
In clock cycle: 61940
Register Write to Reg: 0x07 Val: 0x00000354
In clock cycle: 61941
Register Write to Reg: 0x01 Val: 0x0000101C
In clock cycle: 61941
Memory Write to Addr: 0x00000000 Val: 0x00000000
In clock cycle: 62757
Register Write to Reg: 0x05 Val: 0x0FC11000
In clock cycle: 62758
Register Write to Reg: 0x05 Val: 0x00000000
In clock cycle: 62759
Register Write to Reg: 0x06 Val: 0x0FC11008
In clock cycle: 62760
Register Write to Reg: 0x06 Val: 0xFFFFFEE4
In clock cycle: 62761
Register Write to Reg: 0x07 Val: 0x00001010
In clock cycle: 62762
Register Write to Reg: 0x07 Val: 0x00000360
In clock cycle: 62763
Register Write to Reg: 0x01 Val: 0x0000101C
In clock cycle: 62763
Memory Write to Addr: 0x00000000 Val: 0x00000000
In clock cycle: 63576
Register Write to Reg: 0x05 Val: 0x0FC11000
In clock cycle: 63577
Register Write to Reg: 0x05 Val: 0x00000000
In clock cycle: 63578
Register Write to Reg: 0x06 Val: 0x0FC11008
In clock cycle: 63579
Register Write to Reg: 0x06 Val: 0xFFFFFEE0
In clock cycle: 63580
Register Write to Reg: 0x07 Val: 0x00001010
In clock cycle: 63581
Register Write to Reg: 0x07 Val: 0x0000036C
In clock cycle: 63582
Register Write to Reg: 0x01 Val: 0x0000101C
In clock cycle: 63582
Memory Write to Addr: 0x00000000 Val: 0x00000000
In clock cycle: 64392
Register Write to Reg: 0x05 Val: 0x0FC11000
In clock cycle: 64393
Register Write to Reg: 0x05 Val: 0x00000000
In clock cycle: 64394
Register Write to Reg: 0x06 Val: 0x0FC11008
In clock cycle: 64395
Register Write to Reg: 0x06 Val: 0xFFFFFEDC
In clock cycle: 64396
Register Write to Reg: 0x07 Val: 0x00001010
In clock cycle: 64397
Register Write to Reg: 0x07 Val: 0x00000378
In clock cycle: 64398
Register Write to Reg: 0x01 Val: 0x0000101C
In clock cycle: 64398
Memory Write to Addr: 0x00000000 Val: 0x00000000
In clock cycle: 65205
Register Write to Reg: 0x05 Val: 0x0FC11000
In clock cycle: 65206
Register Write to Reg: 0x05 Val: 0x00000000
In clock cycle: 65207
Register Write to Reg: 0x06 Val: 0x0FC11008
In clock cycle: 65208
Register Write to Reg: 0x06 Val: 0xFFFFFED8
In clock cycle: 65209
Register Write to Reg: 0x07 Val: 0x00001010
In clock cycle: 65210
Register Write to Reg: 0x07 Val: 0x00000384
In clock cycle: 65211
Register Write to Reg: 0x01 Val: 0x0000101C
In clock cycle: 65211
Memory Write to Addr: 0x00000000 Val: 0x00000000
In clock cycle: 66015
Register Write to Reg: 0x05 Val: 0x0FC11000
In clock cycle: 66016
Register Write to Reg: 0x05 Val: 0x00000000
In clock cycle: 66017
Register Write to Reg: 0x06 Val: 0x0FC11008
In clock cycle: 66018
Register Write to Reg: 0x06 Val: 0xFFFFFED4
In clock cycle: 66019
Register Write to Reg: 0x07 Val: 0x00001010
In clock cycle: 66020
Register Write to Reg: 0x07 Val: 0x00000390
In clock cycle: 66021
Register Write to Reg: 0x01 Val: 0x0000101C
In clock cycle: 66021
Memory Write to Addr: 0x00000000 Val: 0x00000000
In clock cycle: 66822
Register Write to Reg: 0x05 Val: 0x0FC11000
In clock cycle: 66823
Register Write to Reg: 0x05 Val: 0x00000000
In clock cycle: 66824
Register Write to Reg: 0x06 Val: 0x0FC11008
In clock cycle: 66825
Register Write to Reg: 0x06 Val: 0xFFFFFED0
In clock cycle: 66826
Register Write to Reg: 0x07 Val: 0x00001010
In clock cycle: 66827
Register Write to Reg: 0x07 Val: 0x0000039C
In clock cycle: 66828
Register Write to Reg: 0x01 Val: 0x0000101C
In clock cycle: 66828
Memory Write to Addr: 0x00000000 Val: 0x00000000
In clock cycle: 67626
Register Write to Reg: 0x05 Val: 0x0FC11000
In clock cycle: 67627
Register Write to Reg: 0x05 Val: 0x00000000
In clock cycle: 67628
Register Write to Reg: 0x06 Val: 0x0FC11008
In clock cycle: 67629
Register Write to Reg: 0x06 Val: 0xFFFFFECC
In clock cycle: 67630
Register Write to Reg: 0x07 Val: 0x00001010
In clock cycle: 67631
Register Write to Reg: 0x07 Val: 0x000003A8
In clock cycle: 67632
Register Write to Reg: 0x01 Val: 0x0000101C
In clock cycle: 67632
Memory Write to Addr: 0x00000000 Val: 0x00000000
In clock cycle: 68427
Register Write to Reg: 0x05 Val: 0x0FC11000
In clock cycle: 68428
Register Write to Reg: 0x05 Val: 0x00000000
In clock cycle: 68429
Register Write to Reg: 0x06 Val: 0x0FC11008
In clock cycle: 68430
Register Write to Reg: 0x06 Val: 0xFFFFFEC8
In clock cycle: 68431
Register Write to Reg: 0x07 Val: 0x00001010
In clock cycle: 68432
Register Write to Reg: 0x07 Val: 0x000003B4
In clock cycle: 68433
Register Write to Reg: 0x01 Val: 0x0000101C
In clock cycle: 68433
Memory Write to Addr: 0x00000000 Val: 0x00000000
In clock cycle: 69225
Register Write to Reg: 0x05 Val: 0x0FC11000
In clock cycle: 69226
Register Write to Reg: 0x05 Val: 0x00000000
In clock cycle: 69227
Register Write to Reg: 0x06 Val: 0x0FC11008
In clock cycle: 69228
Register Write to Reg: 0x06 Val: 0xFFFFFEC4
In clock cycle: 69229
Register Write to Reg: 0x07 Val: 0x00001010
In clock cycle: 69230
Register Write to Reg: 0x07 Val: 0x000003C0
In clock cycle: 69231
Register Write to Reg: 0x01 Val: 0x0000101C
In clock cycle: 69231
Memory Write to Addr: 0x00000000 Val: 0x00000000
In clock cycle: 70020
Register Write to Reg: 0x05 Val: 0x0FC11000
In clock cycle: 70021
Register Write to Reg: 0x05 Val: 0x00000000
In clock cycle: 70022
Register Write to Reg: 0x06 Val: 0x0FC11008
In clock cycle: 70023
Register Write to Reg: 0x06 Val: 0xFFFFFEC0
In clock cycle: 70024
Register Write to Reg: 0x07 Val: 0x00001010
In clock cycle: 70025
Register Write to Reg: 0x07 Val: 0x000003CC
In clock cycle: 70026
Register Write to Reg: 0x01 Val: 0x0000101C
In clock cycle: 70026
Memory Write to Addr: 0x00000000 Val: 0x00000000
In clock cycle: 70812
Register Write to Reg: 0x05 Val: 0x0FC11000
In clock cycle: 70813
Register Write to Reg: 0x05 Val: 0x00000000
In clock cycle: 70814
Register Write to Reg: 0x06 Val: 0x0FC11008
In clock cycle: 70815
Register Write to Reg: 0x06 Val: 0xFFFFFEBC
In clock cycle: 70816
Register Write to Reg: 0x07 Val: 0x00001010
In clock cycle: 70817
Register Write to Reg: 0x07 Val: 0x000003D8
In clock cycle: 70818
Register Write to Reg: 0x01 Val: 0x0000101C
In clock cycle: 70818
Memory Write to Addr: 0x00000000 Val: 0x00000000
In clock cycle: 71601
Register Write to Reg: 0x05 Val: 0x0FC11000
In clock cycle: 71602
Register Write to Reg: 0x05 Val: 0x00000000
In clock cycle: 71603
Register Write to Reg: 0x06 Val: 0x0FC11008
In clock cycle: 71604
Register Write to Reg: 0x06 Val: 0xFFFFFEB8
In clock cycle: 71605
Register Write to Reg: 0x07 Val: 0x00001010
In clock cycle: 71606
Register Write to Reg: 0x07 Val: 0x000003E4
In clock cycle: 71607
Register Write to Reg: 0x01 Val: 0x0000101C
In clock cycle: 71607
Memory Write to Addr: 0x00000000 Val: 0x00000000
In clock cycle: 72387
Register Write to Reg: 0x05 Val: 0x0FC11000
In clock cycle: 72388
Register Write to Reg: 0x05 Val: 0x00000000
In clock cycle: 72389
Register Write to Reg: 0x06 Val: 0x0FC11008
In clock cycle: 72390
Register Write to Reg: 0x06 Val: 0xFFFFFEB4
In clock cycle: 72391
Register Write to Reg: 0x07 Val: 0x00001010
In clock cycle: 72392
Register Write to Reg: 0x07 Val: 0x000003F0
In clock cycle: 72393
Register Write to Reg: 0x01 Val: 0x0000101C
In clock cycle: 72393
Memory Write to Addr: 0x00000000 Val: 0x00000000
In clock cycle: 73170
Register Write to Reg: 0x05 Val: 0x0FC11000
In clock cycle: 73171
Register Write to Reg: 0x05 Val: 0x00000000
In clock cycle: 73172
Register Write to Reg: 0x06 Val: 0x0FC11008
In clock cycle: 73173
Register Write to Reg: 0x06 Val: 0xFFFFFEB0
In clock cycle: 73174
Register Write to Reg: 0x07 Val: 0x00001010
In clock cycle: 73175
Register Write to Reg: 0x07 Val: 0x000003FC
In clock cycle: 73176
Register Write to Reg: 0x01 Val: 0x0000101C
In clock cycle: 73176
Memory Write to Addr: 0x00000000 Val: 0x00000000
In clock cycle: 73950
Register Write to Reg: 0x05 Val: 0x0FC11000
In clock cycle: 73951
Register Write to Reg: 0x05 Val: 0x00000000
In clock cycle: 73952
Register Write to Reg: 0x06 Val: 0x0FC11008
In clock cycle: 73953
Register Write to Reg: 0x06 Val: 0xFFFFFEAC
In clock cycle: 73954
Register Write to Reg: 0x07 Val: 0x00001010
In clock cycle: 73955
Register Write to Reg: 0x07 Val: 0x00000408
In clock cycle: 73956
Register Write to Reg: 0x01 Val: 0x0000101C
In clock cycle: 73956
Memory Write to Addr: 0x00000000 Val: 0x00000000
In clock cycle: 74727
Register Write to Reg: 0x05 Val: 0x0FC11000
In clock cycle: 74728
Register Write to Reg: 0x05 Val: 0x00000000
In clock cycle: 74729
Register Write to Reg: 0x06 Val: 0x0FC11008
In clock cycle: 74730
Register Write to Reg: 0x06 Val: 0xFFFFFEA8
In clock cycle: 74731
Register Write to Reg: 0x07 Val: 0x00001010
In clock cycle: 74732
Register Write to Reg: 0x07 Val: 0x00000414
In clock cycle: 74733
Register Write to Reg: 0x01 Val: 0x0000101C
In clock cycle: 74733
Memory Write to Addr: 0x00000000 Val: 0x00000000
In clock cycle: 75501
Register Write to Reg: 0x05 Val: 0x0FC11000
In clock cycle: 75502
Register Write to Reg: 0x05 Val: 0x00000000
In clock cycle: 75503
Register Write to Reg: 0x06 Val: 0x0FC11008
In clock cycle: 75504
Register Write to Reg: 0x06 Val: 0xFFFFFEA4
In clock cycle: 75505
Register Write to Reg: 0x07 Val: 0x00001010
In clock cycle: 75506
Register Write to Reg: 0x07 Val: 0x00000420
In clock cycle: 75507
Register Write to Reg: 0x01 Val: 0x0000101C
In clock cycle: 75507
Memory Write to Addr: 0x00000000 Val: 0x00000000
In clock cycle: 76272
Register Write to Reg: 0x05 Val: 0x0FC11000
In clock cycle: 76273
Register Write to Reg: 0x05 Val: 0x00000000
In clock cycle: 76274
Register Write to Reg: 0x06 Val: 0x0FC11008
In clock cycle: 76275
Register Write to Reg: 0x06 Val: 0xFFFFFEA0
In clock cycle: 76276
Register Write to Reg: 0x07 Val: 0x00001010
In clock cycle: 76277
Register Write to Reg: 0x07 Val: 0x0000042C
In clock cycle: 76278
Register Write to Reg: 0x01 Val: 0x0000101C
In clock cycle: 76278
Memory Write to Addr: 0x00000000 Val: 0x00000000
In clock cycle: 77040
Register Write to Reg: 0x05 Val: 0x0FC11000
In clock cycle: 77041
Register Write to Reg: 0x05 Val: 0x00000000
In clock cycle: 77042
Register Write to Reg: 0x06 Val: 0x0FC11008
In clock cycle: 77043
Register Write to Reg: 0x06 Val: 0xFFFFFE9C
In clock cycle: 77044
Register Write to Reg: 0x07 Val: 0x00001010
In clock cycle: 77045
Register Write to Reg: 0x07 Val: 0x00000438
In clock cycle: 77046
Register Write to Reg: 0x01 Val: 0x0000101C
In clock cycle: 77046
Memory Write to Addr: 0x00000000 Val: 0x00000000
In clock cycle: 77805
Register Write to Reg: 0x05 Val: 0x0FC11000
In clock cycle: 77806
Register Write to Reg: 0x05 Val: 0x00000000
In clock cycle: 77807
Register Write to Reg: 0x06 Val: 0x0FC11008
In clock cycle: 77808
Register Write to Reg: 0x06 Val: 0xFFFFFE98
In clock cycle: 77809
Register Write to Reg: 0x07 Val: 0x00001010
In clock cycle: 77810
Register Write to Reg: 0x07 Val: 0x00000444
In clock cycle: 77811
Register Write to Reg: 0x01 Val: 0x0000101C
In clock cycle: 77811
Memory Write to Addr: 0x00000000 Val: 0x00000000
In clock cycle: 78567
Register Write to Reg: 0x05 Val: 0x0FC11000
In clock cycle: 78568
Register Write to Reg: 0x05 Val: 0x00000000
In clock cycle: 78569
Register Write to Reg: 0x06 Val: 0x0FC11008
In clock cycle: 78570
Register Write to Reg: 0x06 Val: 0xFFFFFE94
In clock cycle: 78571
Register Write to Reg: 0x07 Val: 0x00001010
In clock cycle: 78572
Register Write to Reg: 0x07 Val: 0x00000450
In clock cycle: 78573
Register Write to Reg: 0x01 Val: 0x0000101C
In clock cycle: 78573
Memory Write to Addr: 0x00000000 Val: 0x00000000
In clock cycle: 79326
Register Write to Reg: 0x05 Val: 0x0FC11000
In clock cycle: 79327
Register Write to Reg: 0x05 Val: 0x00000000
In clock cycle: 79328
Register Write to Reg: 0x06 Val: 0x0FC11008
In clock cycle: 79329
Register Write to Reg: 0x06 Val: 0xFFFFFE90
In clock cycle: 79330
Register Write to Reg: 0x07 Val: 0x00001010
In clock cycle: 79331
Register Write to Reg: 0x07 Val: 0x0000045C
In clock cycle: 79332
Register Write to Reg: 0x01 Val: 0x0000101C
In clock cycle: 79332
Memory Write to Addr: 0x00000000 Val: 0x00000000
In clock cycle: 80082
Register Write to Reg: 0x05 Val: 0x0FC11000
In clock cycle: 80083
Register Write to Reg: 0x05 Val: 0x00000000
In clock cycle: 80084
Register Write to Reg: 0x06 Val: 0x0FC11008
In clock cycle: 80085
Register Write to Reg: 0x06 Val: 0xFFFFFE8C
In clock cycle: 80086
Register Write to Reg: 0x07 Val: 0x00001010
In clock cycle: 80087
Register Write to Reg: 0x07 Val: 0x00000468
In clock cycle: 80088
Register Write to Reg: 0x01 Val: 0x0000101C
In clock cycle: 80088
Memory Write to Addr: 0x00000000 Val: 0x00000000
In clock cycle: 80835
Register Write to Reg: 0x05 Val: 0x0FC11000
In clock cycle: 80836
Register Write to Reg: 0x05 Val: 0x00000000
In clock cycle: 80837
Register Write to Reg: 0x06 Val: 0x0FC11008
In clock cycle: 80838
Register Write to Reg: 0x06 Val: 0xFFFFFE88
In clock cycle: 80839
Register Write to Reg: 0x07 Val: 0x00001010
In clock cycle: 80840
Register Write to Reg: 0x07 Val: 0x00000474
In clock cycle: 80841
Register Write to Reg: 0x01 Val: 0x0000101C
In clock cycle: 80841
Memory Write to Addr: 0x00000000 Val: 0x00000000
In clock cycle: 81585
Register Write to Reg: 0x05 Val: 0x0FC11000
In clock cycle: 81586
Register Write to Reg: 0x05 Val: 0x00000000
In clock cycle: 81587
Register Write to Reg: 0x06 Val: 0x0FC11008
In clock cycle: 81588
Register Write to Reg: 0x06 Val: 0xFFFFFE84
In clock cycle: 81589
Register Write to Reg: 0x07 Val: 0x00001010
In clock cycle: 81590
Register Write to Reg: 0x07 Val: 0x00000480
In clock cycle: 81591
Register Write to Reg: 0x01 Val: 0x0000101C
In clock cycle: 81591
Memory Write to Addr: 0x00000000 Val: 0x00000000
In clock cycle: 82332
Register Write to Reg: 0x05 Val: 0x0FC11000
In clock cycle: 82333
Register Write to Reg: 0x05 Val: 0x00000000
In clock cycle: 82334
Register Write to Reg: 0x06 Val: 0x0FC11008
In clock cycle: 82335
Register Write to Reg: 0x06 Val: 0xFFFFFE80
In clock cycle: 82336
Register Write to Reg: 0x07 Val: 0x00001010
In clock cycle: 82337
Register Write to Reg: 0x07 Val: 0x0000048C
In clock cycle: 82338
Register Write to Reg: 0x01 Val: 0x0000101C
In clock cycle: 82338
Memory Write to Addr: 0x00000000 Val: 0x00000000
In clock cycle: 83076
Register Write to Reg: 0x05 Val: 0x0FC11000
In clock cycle: 83077
Register Write to Reg: 0x05 Val: 0x00000000
In clock cycle: 83078
Register Write to Reg: 0x06 Val: 0x0FC11008
In clock cycle: 83079
Register Write to Reg: 0x06 Val: 0xFFFFFE7C
In clock cycle: 83080
Register Write to Reg: 0x07 Val: 0x00001010
In clock cycle: 83081
Register Write to Reg: 0x07 Val: 0x00000498
In clock cycle: 83082
Register Write to Reg: 0x01 Val: 0x0000101C
In clock cycle: 83082
Memory Write to Addr: 0x00000000 Val: 0x00000000
In clock cycle: 83817
Register Write to Reg: 0x05 Val: 0x0FC11000
In clock cycle: 83818
Register Write to Reg: 0x05 Val: 0x00000000
In clock cycle: 83819
Register Write to Reg: 0x06 Val: 0x0FC11008
In clock cycle: 83820
Register Write to Reg: 0x06 Val: 0xFFFFFE78
In clock cycle: 83821
Register Write to Reg: 0x07 Val: 0x00001010
In clock cycle: 83822
Register Write to Reg: 0x07 Val: 0x000004A4
In clock cycle: 83823
Register Write to Reg: 0x01 Val: 0x0000101C
In clock cycle: 83823
Memory Write to Addr: 0x00000000 Val: 0x00000000
In clock cycle: 84555
Register Write to Reg: 0x05 Val: 0x0FC11000
In clock cycle: 84556
Register Write to Reg: 0x05 Val: 0x00000000
In clock cycle: 84557
Register Write to Reg: 0x06 Val: 0x0FC11008
In clock cycle: 84558
Register Write to Reg: 0x06 Val: 0xFFFFFE74
In clock cycle: 84559
Register Write to Reg: 0x07 Val: 0x00001010
In clock cycle: 84560
Register Write to Reg: 0x07 Val: 0x000004B0
In clock cycle: 84561
Register Write to Reg: 0x01 Val: 0x0000101C
In clock cycle: 84561
Memory Write to Addr: 0x00000000 Val: 0x00000000
In clock cycle: 85290
Register Write to Reg: 0x05 Val: 0x0FC11000
In clock cycle: 85291
Register Write to Reg: 0x05 Val: 0x00000000
In clock cycle: 85292
Register Write to Reg: 0x06 Val: 0x0FC11008
In clock cycle: 85293
Register Write to Reg: 0x06 Val: 0xFFFFFE70
In clock cycle: 85294
Register Write to Reg: 0x07 Val: 0x00001010
In clock cycle: 85295
Register Write to Reg: 0x07 Val: 0x000004BC
In clock cycle: 85296
Register Write to Reg: 0x01 Val: 0x0000101C
In clock cycle: 85296
Memory Write to Addr: 0x00000000 Val: 0x00000000
In clock cycle: 86022
Register Write to Reg: 0x05 Val: 0x0FC11000
In clock cycle: 86023
Register Write to Reg: 0x05 Val: 0x00000000
In clock cycle: 86024
Register Write to Reg: 0x06 Val: 0x0FC11008
In clock cycle: 86025
Register Write to Reg: 0x06 Val: 0xFFFFFE6C
In clock cycle: 86026
Register Write to Reg: 0x07 Val: 0x00001010
In clock cycle: 86027
Register Write to Reg: 0x07 Val: 0x000004C8
In clock cycle: 86028
Register Write to Reg: 0x01 Val: 0x0000101C
In clock cycle: 86028
Memory Write to Addr: 0x00000000 Val: 0x00000000
In clock cycle: 86751
Register Write to Reg: 0x05 Val: 0x0FC11000
In clock cycle: 86752
Register Write to Reg: 0x05 Val: 0x00000000
In clock cycle: 86753
Register Write to Reg: 0x06 Val: 0x0FC11008
In clock cycle: 86754
Register Write to Reg: 0x06 Val: 0xFFFFFE68
In clock cycle: 86755
Register Write to Reg: 0x07 Val: 0x00001010
In clock cycle: 86756
Register Write to Reg: 0x07 Val: 0x000004D4
In clock cycle: 86757
Register Write to Reg: 0x01 Val: 0x0000101C
In clock cycle: 86757
Memory Write to Addr: 0x00000000 Val: 0x00000000
In clock cycle: 87477
Register Write to Reg: 0x05 Val: 0x0FC11000
In clock cycle: 87478
Register Write to Reg: 0x05 Val: 0x00000000
In clock cycle: 87479
Register Write to Reg: 0x06 Val: 0x0FC11008
In clock cycle: 87480
Register Write to Reg: 0x06 Val: 0xFFFFFE64
In clock cycle: 87481
Register Write to Reg: 0x07 Val: 0x00001010
In clock cycle: 87482
Register Write to Reg: 0x07 Val: 0x000004E0
In clock cycle: 87483
Register Write to Reg: 0x01 Val: 0x0000101C
In clock cycle: 87483
Memory Write to Addr: 0x00000000 Val: 0x00000000
In clock cycle: 88200
Register Write to Reg: 0x05 Val: 0x0FC11000
In clock cycle: 88201
Register Write to Reg: 0x05 Val: 0x00000000
In clock cycle: 88202
Register Write to Reg: 0x06 Val: 0x0FC11008
In clock cycle: 88203
Register Write to Reg: 0x06 Val: 0xFFFFFE60
In clock cycle: 88204
Register Write to Reg: 0x07 Val: 0x00001010
In clock cycle: 88205
Register Write to Reg: 0x07 Val: 0x000004EC
In clock cycle: 88206
Register Write to Reg: 0x01 Val: 0x0000101C
In clock cycle: 88206
Memory Write to Addr: 0x00000000 Val: 0x00000000
In clock cycle: 88920
Register Write to Reg: 0x05 Val: 0x0FC11000
In clock cycle: 88921
Register Write to Reg: 0x05 Val: 0x00000000
In clock cycle: 88922
Register Write to Reg: 0x06 Val: 0x0FC11008
In clock cycle: 88923
Register Write to Reg: 0x06 Val: 0xFFFFFE5C
In clock cycle: 88924
Register Write to Reg: 0x07 Val: 0x00001010
In clock cycle: 88925
Register Write to Reg: 0x07 Val: 0x000004F8
In clock cycle: 88926
Register Write to Reg: 0x01 Val: 0x0000101C
In clock cycle: 88926
Memory Write to Addr: 0x00000000 Val: 0x00000000
In clock cycle: 89637
Register Write to Reg: 0x05 Val: 0x0FC11000
In clock cycle: 89638
Register Write to Reg: 0x05 Val: 0x00000000
In clock cycle: 89639
Register Write to Reg: 0x06 Val: 0x0FC11008
In clock cycle: 89640
Register Write to Reg: 0x06 Val: 0xFFFFFE58
In clock cycle: 89641
Register Write to Reg: 0x07 Val: 0x00001010
In clock cycle: 89642
Register Write to Reg: 0x07 Val: 0x00000504
In clock cycle: 89643
Register Write to Reg: 0x01 Val: 0x0000101C
In clock cycle: 89643
Memory Write to Addr: 0x00000000 Val: 0x00000000
In clock cycle: 90351
Register Write to Reg: 0x05 Val: 0x0FC11000
In clock cycle: 90352
Register Write to Reg: 0x05 Val: 0x00000000
In clock cycle: 90353
Register Write to Reg: 0x06 Val: 0x0FC11008
In clock cycle: 90354
Register Write to Reg: 0x06 Val: 0xFFFFFE54
In clock cycle: 90355
Register Write to Reg: 0x07 Val: 0x00001010
In clock cycle: 90356
Register Write to Reg: 0x07 Val: 0x00000510
In clock cycle: 90357
Register Write to Reg: 0x01 Val: 0x0000101C
In clock cycle: 90357
Memory Write to Addr: 0x00000000 Val: 0x00000000
In clock cycle: 91062
Register Write to Reg: 0x05 Val: 0x0FC11000
In clock cycle: 91063
Register Write to Reg: 0x05 Val: 0x00000000
In clock cycle: 91064
Register Write to Reg: 0x06 Val: 0x0FC11008
In clock cycle: 91065
Register Write to Reg: 0x06 Val: 0xFFFFFE50
In clock cycle: 91066
Register Write to Reg: 0x07 Val: 0x00001010
In clock cycle: 91067
Register Write to Reg: 0x07 Val: 0x0000051C
In clock cycle: 91068
Register Write to Reg: 0x01 Val: 0x0000101C
In clock cycle: 91068
Memory Write to Addr: 0x00000000 Val: 0x00000000
In clock cycle: 91770
Register Write to Reg: 0x05 Val: 0x0FC11000
In clock cycle: 91771
Register Write to Reg: 0x05 Val: 0x00000000
In clock cycle: 91772
Register Write to Reg: 0x06 Val: 0x0FC11008
In clock cycle: 91773
Register Write to Reg: 0x06 Val: 0xFFFFFE4C
In clock cycle: 91774
Register Write to Reg: 0x07 Val: 0x00001010
In clock cycle: 91775
Register Write to Reg: 0x07 Val: 0x00000528
In clock cycle: 91776
Register Write to Reg: 0x01 Val: 0x0000101C
In clock cycle: 91776
Memory Write to Addr: 0x00000000 Val: 0x00000000
In clock cycle: 92475
Register Write to Reg: 0x05 Val: 0x0FC11000
In clock cycle: 92476
Register Write to Reg: 0x05 Val: 0x00000000
In clock cycle: 92477
Register Write to Reg: 0x06 Val: 0x0FC11008
In clock cycle: 92478
Register Write to Reg: 0x06 Val: 0xFFFFFE48
In clock cycle: 92479
Register Write to Reg: 0x07 Val: 0x00001010
In clock cycle: 92480
Register Write to Reg: 0x07 Val: 0x00000534
In clock cycle: 92481
Register Write to Reg: 0x01 Val: 0x0000101C
In clock cycle: 92481
Memory Write to Addr: 0x00000000 Val: 0x00000000
In clock cycle: 93177
Register Write to Reg: 0x05 Val: 0x0FC11000
In clock cycle: 93178
Register Write to Reg: 0x05 Val: 0x00000000
In clock cycle: 93179
Register Write to Reg: 0x06 Val: 0x0FC11008
In clock cycle: 93180
Register Write to Reg: 0x06 Val: 0xFFFFFE44
In clock cycle: 93181
Register Write to Reg: 0x07 Val: 0x00001010
In clock cycle: 93182
Register Write to Reg: 0x07 Val: 0x00000540
In clock cycle: 93183
Register Write to Reg: 0x01 Val: 0x0000101C
In clock cycle: 93183
Memory Write to Addr: 0x00000000 Val: 0x00000000
In clock cycle: 93876
Register Write to Reg: 0x05 Val: 0x0FC11000
In clock cycle: 93877
Register Write to Reg: 0x05 Val: 0x00000000
In clock cycle: 93878
Register Write to Reg: 0x06 Val: 0x0FC11008
In clock cycle: 93879
Register Write to Reg: 0x06 Val: 0xFFFFFE40
In clock cycle: 93880
Register Write to Reg: 0x07 Val: 0x00001010
In clock cycle: 93881
Register Write to Reg: 0x07 Val: 0x0000054C
In clock cycle: 93882
Register Write to Reg: 0x01 Val: 0x0000101C
In clock cycle: 93882
Memory Write to Addr: 0x00000000 Val: 0x00000000
In clock cycle: 94572
Register Write to Reg: 0x05 Val: 0x0FC11000
In clock cycle: 94573
Register Write to Reg: 0x05 Val: 0x00000000
In clock cycle: 94574
Register Write to Reg: 0x06 Val: 0x0FC11008
In clock cycle: 94575
Register Write to Reg: 0x06 Val: 0xFFFFFE3C
In clock cycle: 94576
Register Write to Reg: 0x07 Val: 0x00001010
In clock cycle: 94577
Register Write to Reg: 0x07 Val: 0x00000558
In clock cycle: 94578
Register Write to Reg: 0x01 Val: 0x0000101C
In clock cycle: 94578
Memory Write to Addr: 0x00000000 Val: 0x00000000
In clock cycle: 95265
Register Write to Reg: 0x05 Val: 0x0FC11000
In clock cycle: 95266
Register Write to Reg: 0x05 Val: 0x00000000
In clock cycle: 95267
Register Write to Reg: 0x06 Val: 0x0FC11008
In clock cycle: 95268
Register Write to Reg: 0x06 Val: 0xFFFFFE38
In clock cycle: 95269
Register Write to Reg: 0x07 Val: 0x00001010
In clock cycle: 95270
Register Write to Reg: 0x07 Val: 0x00000564
In clock cycle: 95271
Register Write to Reg: 0x01 Val: 0x0000101C
In clock cycle: 95271
Memory Write to Addr: 0x00000000 Val: 0x00000000
In clock cycle: 95955
Register Write to Reg: 0x05 Val: 0x0FC11000
In clock cycle: 95956
Register Write to Reg: 0x05 Val: 0x00000000
In clock cycle: 95957
Register Write to Reg: 0x06 Val: 0x0FC11008
In clock cycle: 95958
Register Write to Reg: 0x06 Val: 0xFFFFFE34
In clock cycle: 95959
Register Write to Reg: 0x07 Val: 0x00001010
In clock cycle: 95960
Register Write to Reg: 0x07 Val: 0x00000570
In clock cycle: 95961
Register Write to Reg: 0x01 Val: 0x0000101C
In clock cycle: 95961
Memory Write to Addr: 0x00000000 Val: 0x00000000
In clock cycle: 96642
Register Write to Reg: 0x05 Val: 0x0FC11000
In clock cycle: 96643
Register Write to Reg: 0x05 Val: 0x00000000
In clock cycle: 96644
Register Write to Reg: 0x06 Val: 0x0FC11008
In clock cycle: 96645
Register Write to Reg: 0x06 Val: 0xFFFFFE30
In clock cycle: 96646
Register Write to Reg: 0x07 Val: 0x00001010
In clock cycle: 96647
Register Write to Reg: 0x07 Val: 0x0000057C
In clock cycle: 96648
Register Write to Reg: 0x01 Val: 0x0000101C
In clock cycle: 96648
Memory Write to Addr: 0x00000000 Val: 0x00000000
In clock cycle: 97326
Register Write to Reg: 0x05 Val: 0x0FC11000
In clock cycle: 97327
Register Write to Reg: 0x05 Val: 0x00000000
In clock cycle: 97328
Register Write to Reg: 0x06 Val: 0x0FC11008
In clock cycle: 97329
Register Write to Reg: 0x06 Val: 0xFFFFFE2C
In clock cycle: 97330
Register Write to Reg: 0x07 Val: 0x00001010
In clock cycle: 97331
Register Write to Reg: 0x07 Val: 0x00000588
In clock cycle: 97332
Register Write to Reg: 0x01 Val: 0x0000101C
In clock cycle: 97332
Memory Write to Addr: 0x00000000 Val: 0x00000000
In clock cycle: 98007
Register Write to Reg: 0x05 Val: 0x0FC11000
In clock cycle: 98008
Register Write to Reg: 0x05 Val: 0x00000000
In clock cycle: 98009
Register Write to Reg: 0x06 Val: 0x0FC11008
In clock cycle: 98010
Register Write to Reg: 0x06 Val: 0xFFFFFE28
In clock cycle: 98011
Register Write to Reg: 0x07 Val: 0x00001010
In clock cycle: 98012
Register Write to Reg: 0x07 Val: 0x00000594
In clock cycle: 98013
Register Write to Reg: 0x01 Val: 0x0000101C
In clock cycle: 98013
Memory Write to Addr: 0x00000000 Val: 0x00000000
In clock cycle: 98685
Register Write to Reg: 0x05 Val: 0x0FC11000
In clock cycle: 98686
Register Write to Reg: 0x05 Val: 0x00000000
In clock cycle: 98687
Register Write to Reg: 0x06 Val: 0x0FC11008
In clock cycle: 98688
Register Write to Reg: 0x06 Val: 0xFFFFFE24
In clock cycle: 98689
Register Write to Reg: 0x07 Val: 0x00001010
In clock cycle: 98690
Register Write to Reg: 0x07 Val: 0x000005A0
In clock cycle: 98691
Register Write to Reg: 0x01 Val: 0x0000101C
In clock cycle: 98691
Memory Write to Addr: 0x00000000 Val: 0x00000000
In clock cycle: 99360
Register Write to Reg: 0x05 Val: 0x0FC11000
In clock cycle: 99361
Register Write to Reg: 0x05 Val: 0x00000000
In clock cycle: 99362
Register Write to Reg: 0x06 Val: 0x0FC11008
In clock cycle: 99363
Register Write to Reg: 0x06 Val: 0xFFFFFE20
In clock cycle: 99364
Register Write to Reg: 0x07 Val: 0x00001010
In clock cycle: 99365
Register Write to Reg: 0x07 Val: 0x000005AC
In clock cycle: 99366
Register Write to Reg: 0x01 Val: 0x0000101C
In clock cycle: 99366
Memory Write to Addr: 0x00000000 Val: 0x00000000
In clock cycle: 100032
Register Write to Reg: 0x05 Val: 0x0FC11000
In clock cycle: 100033
Register Write to Reg: 0x05 Val: 0x00000000
In clock cycle: 100034
Register Write to Reg: 0x06 Val: 0x0FC11008
In clock cycle: 100035
Register Write to Reg: 0x06 Val: 0xFFFFFE1C
In clock cycle: 100036
Register Write to Reg: 0x07 Val: 0x00001010
In clock cycle: 100037
Register Write to Reg: 0x07 Val: 0x000005B8
In clock cycle: 100038
Register Write to Reg: 0x01 Val: 0x0000101C
In clock cycle: 100038
Memory Write to Addr: 0x00000000 Val: 0x00000000
In clock cycle: 100701
Register Write to Reg: 0x05 Val: 0x0FC11000
In clock cycle: 100702
Register Write to Reg: 0x05 Val: 0x00000000
In clock cycle: 100703
Register Write to Reg: 0x06 Val: 0x0FC11008
In clock cycle: 100704
Register Write to Reg: 0x06 Val: 0xFFFFFE18
In clock cycle: 100705
Register Write to Reg: 0x07 Val: 0x00001010
In clock cycle: 100706
Register Write to Reg: 0x07 Val: 0x000005C4
In clock cycle: 100707
Register Write to Reg: 0x01 Val: 0x0000101C
In clock cycle: 100707
Memory Write to Addr: 0x00000000 Val: 0x00000000
In clock cycle: 101367
Register Write to Reg: 0x05 Val: 0x0FC11000
In clock cycle: 101368
Register Write to Reg: 0x05 Val: 0x00000000
In clock cycle: 101369
Register Write to Reg: 0x06 Val: 0x0FC11008
In clock cycle: 101370
Register Write to Reg: 0x06 Val: 0xFFFFFE14
In clock cycle: 101371
Register Write to Reg: 0x07 Val: 0x00001010
In clock cycle: 101372
Register Write to Reg: 0x07 Val: 0x000005D0
In clock cycle: 101373
Register Write to Reg: 0x01 Val: 0x0000101C
In clock cycle: 101373
Memory Write to Addr: 0x00000000 Val: 0x00000000
In clock cycle: 102030
Register Write to Reg: 0x05 Val: 0x0FC11000
In clock cycle: 102031
Register Write to Reg: 0x05 Val: 0x00000000
In clock cycle: 102032
Register Write to Reg: 0x06 Val: 0x0FC11008
In clock cycle: 102033
Register Write to Reg: 0x06 Val: 0xFFFFFE10
In clock cycle: 102034
Register Write to Reg: 0x07 Val: 0x00001010
In clock cycle: 102035
Register Write to Reg: 0x07 Val: 0x000005DC
In clock cycle: 102036
Register Write to Reg: 0x01 Val: 0x0000101C
In clock cycle: 102036
Memory Write to Addr: 0x00000000 Val: 0x00000000
In clock cycle: 102690
Register Write to Reg: 0x05 Val: 0x0FC11000
In clock cycle: 102691
Register Write to Reg: 0x05 Val: 0x00000000
In clock cycle: 102692
Register Write to Reg: 0x06 Val: 0x0FC11008
In clock cycle: 102693
Register Write to Reg: 0x06 Val: 0xFFFFFE0C
In clock cycle: 102694
Register Write to Reg: 0x07 Val: 0x00001010
In clock cycle: 102695
Register Write to Reg: 0x07 Val: 0x000005E8
In clock cycle: 102696
Register Write to Reg: 0x01 Val: 0x0000101C
In clock cycle: 102696
Memory Write to Addr: 0x00000000 Val: 0x00000000
In clock cycle: 103347
Register Write to Reg: 0x05 Val: 0x0FC11000
In clock cycle: 103348
Register Write to Reg: 0x05 Val: 0x00000000
In clock cycle: 103349
Register Write to Reg: 0x06 Val: 0x0FC11008
In clock cycle: 103350
Register Write to Reg: 0x06 Val: 0xFFFFFE08
In clock cycle: 103351
Register Write to Reg: 0x07 Val: 0x00001010
In clock cycle: 103352
Register Write to Reg: 0x07 Val: 0x000005F4
In clock cycle: 103353
Register Write to Reg: 0x01 Val: 0x0000101C
In clock cycle: 103353
Memory Write to Addr: 0x00000000 Val: 0x00000000
In clock cycle: 104001
Register Write to Reg: 0x05 Val: 0x0FC11000
In clock cycle: 104002
Register Write to Reg: 0x05 Val: 0x00000000
In clock cycle: 104003
Register Write to Reg: 0x06 Val: 0x0FC11008
In clock cycle: 104004
Register Write to Reg: 0x06 Val: 0xFFFFFE04
In clock cycle: 104005
Register Write to Reg: 0x07 Val: 0x00001010
In clock cycle: 104006
Register Write to Reg: 0x07 Val: 0x00000600
In clock cycle: 104007
Register Write to Reg: 0x01 Val: 0x0000101C
In clock cycle: 104007
Memory Write to Addr: 0x00000000 Val: 0x00000000
In clock cycle: 104652
Register Write to Reg: 0x05 Val: 0x0FC11000
In clock cycle: 104653
Register Write to Reg: 0x05 Val: 0x00000000
In clock cycle: 104654
Register Write to Reg: 0x06 Val: 0x0FC11008
In clock cycle: 104655
Register Write to Reg: 0x06 Val: 0xFFFFFE00
In clock cycle: 104656
Register Write to Reg: 0x07 Val: 0x00001010
In clock cycle: 104657
Register Write to Reg: 0x07 Val: 0x0000060C
In clock cycle: 104658
Register Write to Reg: 0x01 Val: 0x0000101C
In clock cycle: 104658
Memory Write to Addr: 0x00000000 Val: 0x00000000
In clock cycle: 105300
Register Write to Reg: 0x05 Val: 0x0FC11000
In clock cycle: 105301
Register Write to Reg: 0x05 Val: 0x00000000
In clock cycle: 105302
Register Write to Reg: 0x06 Val: 0x0FC11008
In clock cycle: 105303
Register Write to Reg: 0x06 Val: 0xFFFFFDFC
In clock cycle: 105304
Register Write to Reg: 0x07 Val: 0x00001010
In clock cycle: 105305
Register Write to Reg: 0x07 Val: 0x00000618
In clock cycle: 105306
Register Write to Reg: 0x01 Val: 0x0000101C
In clock cycle: 105306
Memory Write to Addr: 0x00000000 Val: 0x00000000
In clock cycle: 105945
Register Write to Reg: 0x05 Val: 0x0FC11000
In clock cycle: 105946
Register Write to Reg: 0x05 Val: 0x00000000
In clock cycle: 105947
Register Write to Reg: 0x06 Val: 0x0FC11008
In clock cycle: 105948
Register Write to Reg: 0x06 Val: 0xFFFFFDF8
In clock cycle: 105949
Register Write to Reg: 0x07 Val: 0x00001010
In clock cycle: 105950
Register Write to Reg: 0x07 Val: 0x00000624
In clock cycle: 105951
Register Write to Reg: 0x01 Val: 0x0000101C
In clock cycle: 105951
Memory Write to Addr: 0x00000000 Val: 0x00000000
In clock cycle: 106587
Register Write to Reg: 0x05 Val: 0x0FC11000
In clock cycle: 106588
Register Write to Reg: 0x05 Val: 0x00000000
In clock cycle: 106589
Register Write to Reg: 0x06 Val: 0x0FC11008
In clock cycle: 106590
Register Write to Reg: 0x06 Val: 0xFFFFFDF4
In clock cycle: 106591
Register Write to Reg: 0x07 Val: 0x00001010
In clock cycle: 106592
Register Write to Reg: 0x07 Val: 0x00000630
In clock cycle: 106593
Register Write to Reg: 0x01 Val: 0x0000101C
In clock cycle: 106593
Memory Write to Addr: 0x00000000 Val: 0x00000000
In clock cycle: 107226
Register Write to Reg: 0x05 Val: 0x0FC11000
In clock cycle: 107227
Register Write to Reg: 0x05 Val: 0x00000000
In clock cycle: 107228
Register Write to Reg: 0x06 Val: 0x0FC11008
In clock cycle: 107229
Register Write to Reg: 0x06 Val: 0xFFFFFDF0
In clock cycle: 107230
Register Write to Reg: 0x07 Val: 0x00001010
In clock cycle: 107231
Register Write to Reg: 0x07 Val: 0x0000063C
In clock cycle: 107232
Register Write to Reg: 0x01 Val: 0x0000101C
In clock cycle: 107232
Memory Write to Addr: 0x00000000 Val: 0x00000000
In clock cycle: 107862
Register Write to Reg: 0x05 Val: 0x0FC11000
In clock cycle: 107863
Register Write to Reg: 0x05 Val: 0x00000000
In clock cycle: 107864
Register Write to Reg: 0x06 Val: 0x0FC11008
In clock cycle: 107865
Register Write to Reg: 0x06 Val: 0xFFFFFDEC
In clock cycle: 107866
Register Write to Reg: 0x07 Val: 0x00001010
In clock cycle: 107867
Register Write to Reg: 0x07 Val: 0x00000648
In clock cycle: 107868
Register Write to Reg: 0x01 Val: 0x0000101C
In clock cycle: 107868
Memory Write to Addr: 0x00000000 Val: 0x00000000
In clock cycle: 108495
Register Write to Reg: 0x05 Val: 0x0FC11000
In clock cycle: 108496
Register Write to Reg: 0x05 Val: 0x00000000
In clock cycle: 108497
Register Write to Reg: 0x06 Val: 0x0FC11008
In clock cycle: 108498
Register Write to Reg: 0x06 Val: 0xFFFFFDE8
In clock cycle: 108499
Register Write to Reg: 0x07 Val: 0x00001010
In clock cycle: 108500
Register Write to Reg: 0x07 Val: 0x00000654
In clock cycle: 108501
Register Write to Reg: 0x01 Val: 0x0000101C
In clock cycle: 108501
Memory Write to Addr: 0x00000000 Val: 0x00000000
In clock cycle: 109125
Register Write to Reg: 0x05 Val: 0x0FC11000
In clock cycle: 109126
Register Write to Reg: 0x05 Val: 0x00000000
In clock cycle: 109127
Register Write to Reg: 0x06 Val: 0x0FC11008
In clock cycle: 109128
Register Write to Reg: 0x06 Val: 0xFFFFFDE4
In clock cycle: 109129
Register Write to Reg: 0x07 Val: 0x00001010
In clock cycle: 109130
Register Write to Reg: 0x07 Val: 0x00000660
In clock cycle: 109131
Register Write to Reg: 0x01 Val: 0x0000101C
In clock cycle: 109131
Memory Write to Addr: 0x00000000 Val: 0x00000000
In clock cycle: 109752
Register Write to Reg: 0x05 Val: 0x0FC11000
In clock cycle: 109753
Register Write to Reg: 0x05 Val: 0x00000000
In clock cycle: 109754
Register Write to Reg: 0x06 Val: 0x0FC11008
In clock cycle: 109755
Register Write to Reg: 0x06 Val: 0xFFFFFDE0
In clock cycle: 109756
Register Write to Reg: 0x07 Val: 0x00001010
In clock cycle: 109757
Register Write to Reg: 0x07 Val: 0x0000066C
In clock cycle: 109758
Register Write to Reg: 0x01 Val: 0x0000101C
In clock cycle: 109758
Memory Write to Addr: 0x00000000 Val: 0x00000000
In clock cycle: 110376
Register Write to Reg: 0x05 Val: 0x0FC11000
In clock cycle: 110377
Register Write to Reg: 0x05 Val: 0x00000000
In clock cycle: 110378
Register Write to Reg: 0x06 Val: 0x0FC11008
In clock cycle: 110379
Register Write to Reg: 0x06 Val: 0xFFFFFDDC
In clock cycle: 110380
Register Write to Reg: 0x07 Val: 0x00001010
In clock cycle: 110381
Register Write to Reg: 0x07 Val: 0x00000678
In clock cycle: 110382
Register Write to Reg: 0x01 Val: 0x0000101C
In clock cycle: 110382
Memory Write to Addr: 0x00000000 Val: 0x00000000
In clock cycle: 110997
Register Write to Reg: 0x05 Val: 0x0FC11000
In clock cycle: 110998
Register Write to Reg: 0x05 Val: 0x00000000
In clock cycle: 110999
Register Write to Reg: 0x06 Val: 0x0FC11008
In clock cycle: 111000
Register Write to Reg: 0x06 Val: 0xFFFFFDD8
In clock cycle: 111001
Register Write to Reg: 0x07 Val: 0x00001010
In clock cycle: 111002
Register Write to Reg: 0x07 Val: 0x00000684
In clock cycle: 111003
Register Write to Reg: 0x01 Val: 0x0000101C
In clock cycle: 111003
Memory Write to Addr: 0x00000000 Val: 0x00000000
In clock cycle: 111615
Register Write to Reg: 0x05 Val: 0x0FC11000
In clock cycle: 111616
Register Write to Reg: 0x05 Val: 0x00000000
In clock cycle: 111617
Register Write to Reg: 0x06 Val: 0x0FC11008
In clock cycle: 111618
Register Write to Reg: 0x06 Val: 0xFFFFFDD4
In clock cycle: 111619
Register Write to Reg: 0x07 Val: 0x00001010
In clock cycle: 111620
Register Write to Reg: 0x07 Val: 0x00000690
In clock cycle: 111621
Register Write to Reg: 0x01 Val: 0x0000101C
In clock cycle: 111621
Memory Write to Addr: 0x00000000 Val: 0x00000000
In clock cycle: 112230
Register Write to Reg: 0x05 Val: 0x0FC11000
In clock cycle: 112231
Register Write to Reg: 0x05 Val: 0x00000000
In clock cycle: 112232
Register Write to Reg: 0x06 Val: 0x0FC11008
In clock cycle: 112233
Register Write to Reg: 0x06 Val: 0xFFFFFDD0
In clock cycle: 112234
Register Write to Reg: 0x07 Val: 0x00001010
In clock cycle: 112235
Register Write to Reg: 0x07 Val: 0x0000069C
In clock cycle: 112236
Register Write to Reg: 0x01 Val: 0x0000101C
In clock cycle: 112236
Memory Write to Addr: 0x00000000 Val: 0x00000000
In clock cycle: 112842
Register Write to Reg: 0x05 Val: 0x0FC11000
In clock cycle: 112843
Register Write to Reg: 0x05 Val: 0x00000000
In clock cycle: 112844
Register Write to Reg: 0x06 Val: 0x0FC11008
In clock cycle: 112845
Register Write to Reg: 0x06 Val: 0xFFFFFDCC
In clock cycle: 112846
Register Write to Reg: 0x07 Val: 0x00001010
In clock cycle: 112847
Register Write to Reg: 0x07 Val: 0x000006A8
In clock cycle: 112848
Register Write to Reg: 0x01 Val: 0x0000101C
In clock cycle: 112848
Memory Write to Addr: 0x00000000 Val: 0x00000000
In clock cycle: 113451
Register Write to Reg: 0x05 Val: 0x0FC11000
In clock cycle: 113452
Register Write to Reg: 0x05 Val: 0x00000000
In clock cycle: 113453
Register Write to Reg: 0x06 Val: 0x0FC11008
In clock cycle: 113454
Register Write to Reg: 0x06 Val: 0xFFFFFDC8
In clock cycle: 113455
Register Write to Reg: 0x07 Val: 0x00001010
In clock cycle: 113456
Register Write to Reg: 0x07 Val: 0x000006B4
In clock cycle: 113457
Register Write to Reg: 0x01 Val: 0x0000101C
In clock cycle: 113457
Memory Write to Addr: 0x00000000 Val: 0x00000000
In clock cycle: 114057
Register Write to Reg: 0x05 Val: 0x0FC11000
In clock cycle: 114058
Register Write to Reg: 0x05 Val: 0x00000000
In clock cycle: 114059
Register Write to Reg: 0x06 Val: 0x0FC11008
In clock cycle: 114060
Register Write to Reg: 0x06 Val: 0xFFFFFDC4
In clock cycle: 114061
Register Write to Reg: 0x07 Val: 0x00001010
In clock cycle: 114062
Register Write to Reg: 0x07 Val: 0x000006C0
In clock cycle: 114063
Register Write to Reg: 0x01 Val: 0x0000101C
In clock cycle: 114063
Memory Write to Addr: 0x00000000 Val: 0x00000000
In clock cycle: 114660
Register Write to Reg: 0x05 Val: 0x0FC11000
In clock cycle: 114661
Register Write to Reg: 0x05 Val: 0x00000000
In clock cycle: 114662
Register Write to Reg: 0x06 Val: 0x0FC11008
In clock cycle: 114663
Register Write to Reg: 0x06 Val: 0xFFFFFDC0
In clock cycle: 114664
Register Write to Reg: 0x07 Val: 0x00001010
In clock cycle: 114665
Register Write to Reg: 0x07 Val: 0x000006CC
In clock cycle: 114666
Register Write to Reg: 0x01 Val: 0x0000101C
In clock cycle: 114666
Memory Write to Addr: 0x00000000 Val: 0x00000000
In clock cycle: 115260
Register Write to Reg: 0x05 Val: 0x0FC11000
In clock cycle: 115261
Register Write to Reg: 0x05 Val: 0x00000000
In clock cycle: 115262
Register Write to Reg: 0x06 Val: 0x0FC11008
In clock cycle: 115263
Register Write to Reg: 0x06 Val: 0xFFFFFDBC
In clock cycle: 115264
Register Write to Reg: 0x07 Val: 0x00001010
In clock cycle: 115265
Register Write to Reg: 0x07 Val: 0x000006D8
In clock cycle: 115266
Register Write to Reg: 0x01 Val: 0x0000101C
In clock cycle: 115266
Memory Write to Addr: 0x00000000 Val: 0x00000000
In clock cycle: 115857
Register Write to Reg: 0x05 Val: 0x0FC11000
In clock cycle: 115858
Register Write to Reg: 0x05 Val: 0x00000000
In clock cycle: 115859
Register Write to Reg: 0x06 Val: 0x0FC11008
In clock cycle: 115860
Register Write to Reg: 0x06 Val: 0xFFFFFDB8
In clock cycle: 115861
Register Write to Reg: 0x07 Val: 0x00001010
In clock cycle: 115862
Register Write to Reg: 0x07 Val: 0x000006E4
In clock cycle: 115863
Register Write to Reg: 0x01 Val: 0x0000101C
In clock cycle: 115863
Memory Write to Addr: 0x00000000 Val: 0x00000000
In clock cycle: 116451
Register Write to Reg: 0x05 Val: 0x0FC11000
In clock cycle: 116452
Register Write to Reg: 0x05 Val: 0x00000000
In clock cycle: 116453
Register Write to Reg: 0x06 Val: 0x0FC11008
In clock cycle: 116454
Register Write to Reg: 0x06 Val: 0xFFFFFDB4
In clock cycle: 116455
Register Write to Reg: 0x07 Val: 0x00001010
In clock cycle: 116456
Register Write to Reg: 0x07 Val: 0x000006F0
In clock cycle: 116457
Register Write to Reg: 0x01 Val: 0x0000101C
In clock cycle: 116457
Memory Write to Addr: 0x00000000 Val: 0x00000000
In clock cycle: 117042
Register Write to Reg: 0x05 Val: 0x0FC11000
In clock cycle: 117043
Register Write to Reg: 0x05 Val: 0x00000000
In clock cycle: 117044
Register Write to Reg: 0x06 Val: 0x0FC11008
In clock cycle: 117045
Register Write to Reg: 0x06 Val: 0xFFFFFDB0
In clock cycle: 117046
Register Write to Reg: 0x07 Val: 0x00001010
In clock cycle: 117047
Register Write to Reg: 0x07 Val: 0x000006FC
In clock cycle: 117048
Register Write to Reg: 0x01 Val: 0x0000101C
In clock cycle: 117048
Memory Write to Addr: 0x00000000 Val: 0x00000000
In clock cycle: 117630
Register Write to Reg: 0x05 Val: 0x0FC11000
In clock cycle: 117631
Register Write to Reg: 0x05 Val: 0x00000000
In clock cycle: 117632
Register Write to Reg: 0x06 Val: 0x0FC11008
In clock cycle: 117633
Register Write to Reg: 0x06 Val: 0xFFFFFDAC
In clock cycle: 117634
Register Write to Reg: 0x07 Val: 0x00001010
In clock cycle: 117635
Register Write to Reg: 0x07 Val: 0x00000708
In clock cycle: 117636
Register Write to Reg: 0x01 Val: 0x0000101C
In clock cycle: 117636
Memory Write to Addr: 0x00000000 Val: 0x00000000
In clock cycle: 118215
Register Write to Reg: 0x05 Val: 0x0FC11000
In clock cycle: 118216
Register Write to Reg: 0x05 Val: 0x00000000
In clock cycle: 118217
Register Write to Reg: 0x06 Val: 0x0FC11008
In clock cycle: 118218
Register Write to Reg: 0x06 Val: 0xFFFFFDA8
In clock cycle: 118219
Register Write to Reg: 0x07 Val: 0x00001010
In clock cycle: 118220
Register Write to Reg: 0x07 Val: 0x00000714
In clock cycle: 118221
Register Write to Reg: 0x01 Val: 0x0000101C
In clock cycle: 118221
Memory Write to Addr: 0x00000000 Val: 0x00000000
In clock cycle: 118797
Register Write to Reg: 0x05 Val: 0x0FC11000
In clock cycle: 118798
Register Write to Reg: 0x05 Val: 0x00000000
In clock cycle: 118799
Register Write to Reg: 0x06 Val: 0x0FC11008
In clock cycle: 118800
Register Write to Reg: 0x06 Val: 0xFFFFFDA4
In clock cycle: 118801
Register Write to Reg: 0x07 Val: 0x00001010
In clock cycle: 118802
Register Write to Reg: 0x07 Val: 0x00000720
In clock cycle: 118803
Register Write to Reg: 0x01 Val: 0x0000101C
In clock cycle: 118803
Memory Write to Addr: 0x00000000 Val: 0x00000000
In clock cycle: 119376
Register Write to Reg: 0x05 Val: 0x0FC11000
In clock cycle: 119377
Register Write to Reg: 0x05 Val: 0x00000000
In clock cycle: 119378
Register Write to Reg: 0x06 Val: 0x0FC11008
In clock cycle: 119379
Register Write to Reg: 0x06 Val: 0xFFFFFDA0
In clock cycle: 119380
Register Write to Reg: 0x07 Val: 0x00001010
In clock cycle: 119381
Register Write to Reg: 0x07 Val: 0x0000072C
In clock cycle: 119382
Register Write to Reg: 0x01 Val: 0x0000101C
In clock cycle: 119382
Memory Write to Addr: 0x00000000 Val: 0x00000000
In clock cycle: 119952
Register Write to Reg: 0x05 Val: 0x0FC11000
In clock cycle: 119953
Register Write to Reg: 0x05 Val: 0x00000000
In clock cycle: 119954
Register Write to Reg: 0x06 Val: 0x0FC11008
In clock cycle: 119955
Register Write to Reg: 0x06 Val: 0xFFFFFD9C
In clock cycle: 119956
Register Write to Reg: 0x07 Val: 0x00001010
In clock cycle: 119957
Register Write to Reg: 0x07 Val: 0x00000738
In clock cycle: 119958
Register Write to Reg: 0x01 Val: 0x0000101C
In clock cycle: 119958
Memory Write to Addr: 0x00000000 Val: 0x00000000
In clock cycle: 120525
Register Write to Reg: 0x05 Val: 0x0FC11000
In clock cycle: 120526
Register Write to Reg: 0x05 Val: 0x00000000
In clock cycle: 120527
Register Write to Reg: 0x06 Val: 0x0FC11008
In clock cycle: 120528
Register Write to Reg: 0x06 Val: 0xFFFFFD98
In clock cycle: 120529
Register Write to Reg: 0x07 Val: 0x00001010
In clock cycle: 120530
Register Write to Reg: 0x07 Val: 0x00000744
In clock cycle: 120531
Register Write to Reg: 0x01 Val: 0x0000101C
In clock cycle: 120531
Memory Write to Addr: 0x00000000 Val: 0x00000000
In clock cycle: 121095
Register Write to Reg: 0x05 Val: 0x0FC11000
In clock cycle: 121096
Register Write to Reg: 0x05 Val: 0x00000000
In clock cycle: 121097
Register Write to Reg: 0x06 Val: 0x0FC11008
In clock cycle: 121098
Register Write to Reg: 0x06 Val: 0xFFFFFD94
In clock cycle: 121099
Register Write to Reg: 0x07 Val: 0x00001010
In clock cycle: 121100
Register Write to Reg: 0x07 Val: 0x00000750
In clock cycle: 121101
Register Write to Reg: 0x01 Val: 0x0000101C
In clock cycle: 121101
Memory Write to Addr: 0x00000000 Val: 0x00000000
In clock cycle: 121662
Register Write to Reg: 0x05 Val: 0x0FC11000
In clock cycle: 121663
Register Write to Reg: 0x05 Val: 0x00000000
In clock cycle: 121664
Register Write to Reg: 0x06 Val: 0x0FC11008
In clock cycle: 121665
Register Write to Reg: 0x06 Val: 0xFFFFFD90
In clock cycle: 121666
Register Write to Reg: 0x07 Val: 0x00001010
In clock cycle: 121667
Register Write to Reg: 0x07 Val: 0x0000075C
In clock cycle: 121668
Register Write to Reg: 0x01 Val: 0x0000101C
In clock cycle: 121668
Memory Write to Addr: 0x00000000 Val: 0x00000000
In clock cycle: 122226
Register Write to Reg: 0x05 Val: 0x0FC11000
In clock cycle: 122227
Register Write to Reg: 0x05 Val: 0x00000000
In clock cycle: 122228
Register Write to Reg: 0x06 Val: 0x0FC11008
In clock cycle: 122229
Register Write to Reg: 0x06 Val: 0xFFFFFD8C
In clock cycle: 122230
Register Write to Reg: 0x07 Val: 0x00001010
In clock cycle: 122231
Register Write to Reg: 0x07 Val: 0x00000768
In clock cycle: 122232
Register Write to Reg: 0x01 Val: 0x0000101C
In clock cycle: 122232
Memory Write to Addr: 0x00000000 Val: 0x00000000
In clock cycle: 122787
Register Write to Reg: 0x05 Val: 0x0FC11000
In clock cycle: 122788
Register Write to Reg: 0x05 Val: 0x00000000
In clock cycle: 122789
Register Write to Reg: 0x06 Val: 0x0FC11008
In clock cycle: 122790
Register Write to Reg: 0x06 Val: 0xFFFFFD88
In clock cycle: 122791
Register Write to Reg: 0x07 Val: 0x00001010
In clock cycle: 122792
Register Write to Reg: 0x07 Val: 0x00000774
In clock cycle: 122793
Register Write to Reg: 0x01 Val: 0x0000101C
In clock cycle: 122793
Memory Write to Addr: 0x00000000 Val: 0x00000000
In clock cycle: 123345
Register Write to Reg: 0x05 Val: 0x0FC11000
In clock cycle: 123346
Register Write to Reg: 0x05 Val: 0x00000000
In clock cycle: 123347
Register Write to Reg: 0x06 Val: 0x0FC11008
In clock cycle: 123348
Register Write to Reg: 0x06 Val: 0xFFFFFD84
In clock cycle: 123349
Register Write to Reg: 0x07 Val: 0x00001010
In clock cycle: 123350
Register Write to Reg: 0x07 Val: 0x00000780
In clock cycle: 123351
Register Write to Reg: 0x01 Val: 0x0000101C
In clock cycle: 123351
Memory Write to Addr: 0x00000000 Val: 0x00000000
In clock cycle: 123900
Register Write to Reg: 0x05 Val: 0x0FC11000
In clock cycle: 123901
Register Write to Reg: 0x05 Val: 0x00000000
In clock cycle: 123902
Register Write to Reg: 0x06 Val: 0x0FC11008
In clock cycle: 123903
Register Write to Reg: 0x06 Val: 0xFFFFFD80
In clock cycle: 123904
Register Write to Reg: 0x07 Val: 0x00001010
In clock cycle: 123905
Register Write to Reg: 0x07 Val: 0x0000078C
In clock cycle: 123906
Register Write to Reg: 0x01 Val: 0x0000101C
In clock cycle: 123906
Memory Write to Addr: 0x00000000 Val: 0x00000000
In clock cycle: 124452
Register Write to Reg: 0x05 Val: 0x0FC11000
In clock cycle: 124453
Register Write to Reg: 0x05 Val: 0x00000000
In clock cycle: 124454
Register Write to Reg: 0x06 Val: 0x0FC11008
In clock cycle: 124455
Register Write to Reg: 0x06 Val: 0xFFFFFD7C
In clock cycle: 124456
Register Write to Reg: 0x07 Val: 0x00001010
In clock cycle: 124457
Register Write to Reg: 0x07 Val: 0x00000798
In clock cycle: 124458
Register Write to Reg: 0x01 Val: 0x0000101C
In clock cycle: 124458
Memory Write to Addr: 0x00000000 Val: 0x00000000
In clock cycle: 125001
Register Write to Reg: 0x05 Val: 0x0FC11000
In clock cycle: 125002
Register Write to Reg: 0x05 Val: 0x00000000
In clock cycle: 125003
Register Write to Reg: 0x06 Val: 0x0FC11008
In clock cycle: 125004
Register Write to Reg: 0x06 Val: 0xFFFFFD78
In clock cycle: 125005
Register Write to Reg: 0x07 Val: 0x00001010
In clock cycle: 125006
Register Write to Reg: 0x07 Val: 0x000007A4
In clock cycle: 125007
Register Write to Reg: 0x01 Val: 0x0000101C
In clock cycle: 125007
Memory Write to Addr: 0x00000000 Val: 0x00000000
In clock cycle: 125547
Register Write to Reg: 0x05 Val: 0x0FC11000
In clock cycle: 125548
Register Write to Reg: 0x05 Val: 0x00000000
In clock cycle: 125549
Register Write to Reg: 0x06 Val: 0x0FC11008
In clock cycle: 125550
Register Write to Reg: 0x06 Val: 0xFFFFFD74
In clock cycle: 125551
Register Write to Reg: 0x07 Val: 0x00001010
In clock cycle: 125552
Register Write to Reg: 0x07 Val: 0x000007B0
In clock cycle: 125553
Register Write to Reg: 0x01 Val: 0x0000101C
In clock cycle: 125553
Memory Write to Addr: 0x00000000 Val: 0x00000000
In clock cycle: 126090
Register Write to Reg: 0x05 Val: 0x0FC11000
In clock cycle: 126091
Register Write to Reg: 0x05 Val: 0x00000000
In clock cycle: 126092
Register Write to Reg: 0x06 Val: 0x0FC11008
In clock cycle: 126093
Register Write to Reg: 0x06 Val: 0xFFFFFD70
In clock cycle: 126094
Register Write to Reg: 0x07 Val: 0x00001010
In clock cycle: 126095
Register Write to Reg: 0x07 Val: 0x000007BC
In clock cycle: 126096
Register Write to Reg: 0x01 Val: 0x0000101C
In clock cycle: 126096
Memory Write to Addr: 0x00000000 Val: 0x00000000
In clock cycle: 126630
Register Write to Reg: 0x05 Val: 0x0FC11000
In clock cycle: 126631
Register Write to Reg: 0x05 Val: 0x00000000
In clock cycle: 126632
Register Write to Reg: 0x06 Val: 0x0FC11008
In clock cycle: 126633
Register Write to Reg: 0x06 Val: 0xFFFFFD6C
In clock cycle: 126634
Register Write to Reg: 0x07 Val: 0x00001010
In clock cycle: 126635
Register Write to Reg: 0x07 Val: 0x000007C8
In clock cycle: 126636
Register Write to Reg: 0x01 Val: 0x0000101C
In clock cycle: 126636
Memory Write to Addr: 0x00000000 Val: 0x00000000
In clock cycle: 127167
Register Write to Reg: 0x05 Val: 0x0FC11000
In clock cycle: 127168
Register Write to Reg: 0x05 Val: 0x00000000
In clock cycle: 127169
Register Write to Reg: 0x06 Val: 0x0FC11008
In clock cycle: 127170
Register Write to Reg: 0x06 Val: 0xFFFFFD68
In clock cycle: 127171
Register Write to Reg: 0x07 Val: 0x00001010
In clock cycle: 127172
Register Write to Reg: 0x07 Val: 0x000007D4
In clock cycle: 127173
Register Write to Reg: 0x01 Val: 0x0000101C
In clock cycle: 127173
Memory Write to Addr: 0x00000000 Val: 0x00000000
In clock cycle: 127701
Register Write to Reg: 0x05 Val: 0x0FC11000
In clock cycle: 127702
Register Write to Reg: 0x05 Val: 0x00000000
In clock cycle: 127703
Register Write to Reg: 0x06 Val: 0x0FC11008
In clock cycle: 127704
Register Write to Reg: 0x06 Val: 0xFFFFFD64
In clock cycle: 127705
Register Write to Reg: 0x07 Val: 0x00001010
In clock cycle: 127706
Register Write to Reg: 0x07 Val: 0x000007E0
In clock cycle: 127707
Register Write to Reg: 0x01 Val: 0x0000101C
In clock cycle: 127707
Memory Write to Addr: 0x00000000 Val: 0x00000000
In clock cycle: 128232
Register Write to Reg: 0x05 Val: 0x0FC11000
In clock cycle: 128233
Register Write to Reg: 0x05 Val: 0x00000000
In clock cycle: 128234
Register Write to Reg: 0x06 Val: 0x0FC11008
In clock cycle: 128235
Register Write to Reg: 0x06 Val: 0xFFFFFD60
In clock cycle: 128236
Register Write to Reg: 0x07 Val: 0x00001010
In clock cycle: 128237
Register Write to Reg: 0x07 Val: 0x000007EC
In clock cycle: 128238
Register Write to Reg: 0x01 Val: 0x0000101C
In clock cycle: 128238
Memory Write to Addr: 0x00000000 Val: 0x00000000
In clock cycle: 128760
Register Write to Reg: 0x05 Val: 0x0FC11000
In clock cycle: 128761
Register Write to Reg: 0x05 Val: 0x00000000
In clock cycle: 128762
Register Write to Reg: 0x06 Val: 0x0FC11008
In clock cycle: 128763
Register Write to Reg: 0x06 Val: 0xFFFFFD5C
In clock cycle: 128764
Register Write to Reg: 0x07 Val: 0x00001010
In clock cycle: 128765
Register Write to Reg: 0x07 Val: 0x000007F8
In clock cycle: 128766
Register Write to Reg: 0x01 Val: 0x0000101C
In clock cycle: 128766
Memory Write to Addr: 0x00000000 Val: 0x00000000
In clock cycle: 129285
Register Write to Reg: 0x05 Val: 0x0FC11000
In clock cycle: 129286
Register Write to Reg: 0x05 Val: 0x00000000
In clock cycle: 129287
Register Write to Reg: 0x06 Val: 0x0FC11008
In clock cycle: 129288
Register Write to Reg: 0x06 Val: 0xFFFFFD58
In clock cycle: 129289
Register Write to Reg: 0x07 Val: 0x00001010
In clock cycle: 129290
Register Write to Reg: 0x07 Val: 0x00000804
In clock cycle: 129291
Register Write to Reg: 0x01 Val: 0x0000101C
In clock cycle: 129291
Memory Write to Addr: 0x00000000 Val: 0x00000000
In clock cycle: 129807
Register Write to Reg: 0x05 Val: 0x0FC11000
In clock cycle: 129808
Register Write to Reg: 0x05 Val: 0x00000000
In clock cycle: 129809
Register Write to Reg: 0x06 Val: 0x0FC11008
In clock cycle: 129810
Register Write to Reg: 0x06 Val: 0xFFFFFD54
In clock cycle: 129811
Register Write to Reg: 0x07 Val: 0x00001010
In clock cycle: 129812
Register Write to Reg: 0x07 Val: 0x00000810
In clock cycle: 129813
Register Write to Reg: 0x01 Val: 0x0000101C
In clock cycle: 129813
Memory Write to Addr: 0x00000000 Val: 0x00000000
In clock cycle: 130326
Register Write to Reg: 0x05 Val: 0x0FC11000
In clock cycle: 130327
Register Write to Reg: 0x05 Val: 0x00000000
In clock cycle: 130328
Register Write to Reg: 0x06 Val: 0x0FC11008
In clock cycle: 130329
Register Write to Reg: 0x06 Val: 0xFFFFFD50
In clock cycle: 130330
Register Write to Reg: 0x07 Val: 0x00001010
In clock cycle: 130331
Register Write to Reg: 0x07 Val: 0x0000081C
In clock cycle: 130332
Register Write to Reg: 0x01 Val: 0x0000101C
In clock cycle: 130332
Memory Write to Addr: 0x00000000 Val: 0x00000000
In clock cycle: 130842
Register Write to Reg: 0x05 Val: 0x0FC11000
In clock cycle: 130843
Register Write to Reg: 0x05 Val: 0x00000000
In clock cycle: 130844
Register Write to Reg: 0x06 Val: 0x0FC11008
In clock cycle: 130845
Register Write to Reg: 0x06 Val: 0xFFFFFD4C
In clock cycle: 130846
Register Write to Reg: 0x07 Val: 0x00001010
In clock cycle: 130847
Register Write to Reg: 0x07 Val: 0x00000828
In clock cycle: 130848
Register Write to Reg: 0x01 Val: 0x0000101C
In clock cycle: 130848
Memory Write to Addr: 0x00000000 Val: 0x00000000
In clock cycle: 131355
Register Write to Reg: 0x05 Val: 0x0FC11000
In clock cycle: 131356
Register Write to Reg: 0x05 Val: 0x00000000
In clock cycle: 131357
Register Write to Reg: 0x06 Val: 0x0FC11008
In clock cycle: 131358
Register Write to Reg: 0x06 Val: 0xFFFFFD48
In clock cycle: 131359
Register Write to Reg: 0x07 Val: 0x00001010
In clock cycle: 131360
Register Write to Reg: 0x07 Val: 0x00000834
In clock cycle: 131361
Register Write to Reg: 0x01 Val: 0x0000101C
In clock cycle: 131361
Memory Write to Addr: 0x00000000 Val: 0x00000000
In clock cycle: 131865
Register Write to Reg: 0x05 Val: 0x0FC11000
In clock cycle: 131866
Register Write to Reg: 0x05 Val: 0x00000000
In clock cycle: 131867
Register Write to Reg: 0x06 Val: 0x0FC11008
In clock cycle: 131868
Register Write to Reg: 0x06 Val: 0xFFFFFD44
In clock cycle: 131869
Register Write to Reg: 0x07 Val: 0x00001010
In clock cycle: 131870
Register Write to Reg: 0x07 Val: 0x00000840
In clock cycle: 131871
Register Write to Reg: 0x01 Val: 0x0000101C
In clock cycle: 131871
Memory Write to Addr: 0x00000000 Val: 0x00000000
In clock cycle: 132372
Register Write to Reg: 0x05 Val: 0x0FC11000
In clock cycle: 132373
Register Write to Reg: 0x05 Val: 0x00000000
In clock cycle: 132374
Register Write to Reg: 0x06 Val: 0x0FC11008
In clock cycle: 132375
Register Write to Reg: 0x06 Val: 0xFFFFFD40
In clock cycle: 132376
Register Write to Reg: 0x07 Val: 0x00001010
In clock cycle: 132377
Register Write to Reg: 0x07 Val: 0x0000084C
In clock cycle: 132378
Register Write to Reg: 0x01 Val: 0x0000101C
In clock cycle: 132378
Memory Write to Addr: 0x00000000 Val: 0x00000000
In clock cycle: 132876
Register Write to Reg: 0x05 Val: 0x0FC11000
In clock cycle: 132877
Register Write to Reg: 0x05 Val: 0x00000000
In clock cycle: 132878
Register Write to Reg: 0x06 Val: 0x0FC11008
In clock cycle: 132879
Register Write to Reg: 0x06 Val: 0xFFFFFD3C
In clock cycle: 132880
Register Write to Reg: 0x07 Val: 0x00001010
In clock cycle: 132881
Register Write to Reg: 0x07 Val: 0x00000858
In clock cycle: 132882
Register Write to Reg: 0x01 Val: 0x0000101C
In clock cycle: 132882
Memory Write to Addr: 0x00000000 Val: 0x00000000
In clock cycle: 133377
Register Write to Reg: 0x05 Val: 0x0FC11000
In clock cycle: 133378
Register Write to Reg: 0x05 Val: 0x00000000
In clock cycle: 133379
Register Write to Reg: 0x06 Val: 0x0FC11008
In clock cycle: 133380
Register Write to Reg: 0x06 Val: 0xFFFFFD38
In clock cycle: 133381
Register Write to Reg: 0x07 Val: 0x00001010
In clock cycle: 133382
Register Write to Reg: 0x07 Val: 0x00000864
In clock cycle: 133383
Register Write to Reg: 0x01 Val: 0x0000101C
In clock cycle: 133383
Memory Write to Addr: 0x00000000 Val: 0x00000000
In clock cycle: 133875
Register Write to Reg: 0x05 Val: 0x0FC11000
In clock cycle: 133876
Register Write to Reg: 0x05 Val: 0x00000000
In clock cycle: 133877
Register Write to Reg: 0x06 Val: 0x0FC11008
In clock cycle: 133878
Register Write to Reg: 0x06 Val: 0xFFFFFD34
In clock cycle: 133879
Register Write to Reg: 0x07 Val: 0x00001010
In clock cycle: 133880
Register Write to Reg: 0x07 Val: 0x00000870
In clock cycle: 133881
Register Write to Reg: 0x01 Val: 0x0000101C
In clock cycle: 133881
Memory Write to Addr: 0x00000000 Val: 0x00000000
In clock cycle: 134370
Register Write to Reg: 0x05 Val: 0x0FC11000
In clock cycle: 134371
Register Write to Reg: 0x05 Val: 0x00000000
In clock cycle: 134372
Register Write to Reg: 0x06 Val: 0x0FC11008
In clock cycle: 134373
Register Write to Reg: 0x06 Val: 0xFFFFFD30
In clock cycle: 134374
Register Write to Reg: 0x07 Val: 0x00001010
In clock cycle: 134375
Register Write to Reg: 0x07 Val: 0x0000087C
In clock cycle: 134376
Register Write to Reg: 0x01 Val: 0x0000101C
In clock cycle: 134376
Memory Write to Addr: 0x00000000 Val: 0x00000000
In clock cycle: 134862
Register Write to Reg: 0x05 Val: 0x0FC11000
In clock cycle: 134863
Register Write to Reg: 0x05 Val: 0x00000000
In clock cycle: 134864
Register Write to Reg: 0x06 Val: 0x0FC11008
In clock cycle: 134865
Register Write to Reg: 0x06 Val: 0xFFFFFD2C
In clock cycle: 134866
Register Write to Reg: 0x07 Val: 0x00001010
In clock cycle: 134867
Register Write to Reg: 0x07 Val: 0x00000888
In clock cycle: 134868
Register Write to Reg: 0x01 Val: 0x0000101C
In clock cycle: 134868
Memory Write to Addr: 0x00000000 Val: 0x00000000
In clock cycle: 135351
Register Write to Reg: 0x05 Val: 0x0FC11000
In clock cycle: 135352
Register Write to Reg: 0x05 Val: 0x00000000
In clock cycle: 135353
Register Write to Reg: 0x06 Val: 0x0FC11008
In clock cycle: 135354
Register Write to Reg: 0x06 Val: 0xFFFFFD28
In clock cycle: 135355
Register Write to Reg: 0x07 Val: 0x00001010
In clock cycle: 135356
Register Write to Reg: 0x07 Val: 0x00000894
In clock cycle: 135357
Register Write to Reg: 0x01 Val: 0x0000101C
In clock cycle: 135357
Memory Write to Addr: 0x00000000 Val: 0x00000000
In clock cycle: 135837
Register Write to Reg: 0x05 Val: 0x0FC11000
In clock cycle: 135838
Register Write to Reg: 0x05 Val: 0x00000000
In clock cycle: 135839
Register Write to Reg: 0x06 Val: 0x0FC11008
In clock cycle: 135840
Register Write to Reg: 0x06 Val: 0xFFFFFD24
In clock cycle: 135841
Register Write to Reg: 0x07 Val: 0x00001010
In clock cycle: 135842
Register Write to Reg: 0x07 Val: 0x000008A0
In clock cycle: 135843
Register Write to Reg: 0x01 Val: 0x0000101C
In clock cycle: 135843
Memory Write to Addr: 0x00000000 Val: 0x00000000
In clock cycle: 136320
Register Write to Reg: 0x05 Val: 0x0FC11000
In clock cycle: 136321
Register Write to Reg: 0x05 Val: 0x00000000
In clock cycle: 136322
Register Write to Reg: 0x06 Val: 0x0FC11008
In clock cycle: 136323
Register Write to Reg: 0x06 Val: 0xFFFFFD20
In clock cycle: 136324
Register Write to Reg: 0x07 Val: 0x00001010
In clock cycle: 136325
Register Write to Reg: 0x07 Val: 0x000008AC
In clock cycle: 136326
Register Write to Reg: 0x01 Val: 0x0000101C
In clock cycle: 136326
Memory Write to Addr: 0x00000000 Val: 0x00000000
In clock cycle: 136800
Register Write to Reg: 0x05 Val: 0x0FC11000
In clock cycle: 136801
Register Write to Reg: 0x05 Val: 0x00000000
In clock cycle: 136802
Register Write to Reg: 0x06 Val: 0x0FC11008
In clock cycle: 136803
Register Write to Reg: 0x06 Val: 0xFFFFFD1C
In clock cycle: 136804
Register Write to Reg: 0x07 Val: 0x00001010
In clock cycle: 136805
Register Write to Reg: 0x07 Val: 0x000008B8
In clock cycle: 136806
Register Write to Reg: 0x01 Val: 0x0000101C
In clock cycle: 136806
Memory Write to Addr: 0x00000000 Val: 0x00000000
In clock cycle: 137277
Register Write to Reg: 0x05 Val: 0x0FC11000
In clock cycle: 137278
Register Write to Reg: 0x05 Val: 0x00000000
In clock cycle: 137279
Register Write to Reg: 0x06 Val: 0x0FC11008
In clock cycle: 137280
Register Write to Reg: 0x06 Val: 0xFFFFFD18
In clock cycle: 137281
Register Write to Reg: 0x07 Val: 0x00001010
In clock cycle: 137282
Register Write to Reg: 0x07 Val: 0x000008C4
In clock cycle: 137283
Register Write to Reg: 0x01 Val: 0x0000101C
In clock cycle: 137283
Memory Write to Addr: 0x00000000 Val: 0x00000000
In clock cycle: 137751
Register Write to Reg: 0x05 Val: 0x0FC11000
In clock cycle: 137752
Register Write to Reg: 0x05 Val: 0x00000000
In clock cycle: 137753
Register Write to Reg: 0x06 Val: 0x0FC11008
In clock cycle: 137754
Register Write to Reg: 0x06 Val: 0xFFFFFD14
In clock cycle: 137755
Register Write to Reg: 0x07 Val: 0x00001010
In clock cycle: 137756
Register Write to Reg: 0x07 Val: 0x000008D0
In clock cycle: 137757
Register Write to Reg: 0x01 Val: 0x0000101C
In clock cycle: 137757
Memory Write to Addr: 0x00000000 Val: 0x00000000
In clock cycle: 138222
Register Write to Reg: 0x05 Val: 0x0FC11000
In clock cycle: 138223
Register Write to Reg: 0x05 Val: 0x00000000
In clock cycle: 138224
Register Write to Reg: 0x06 Val: 0x0FC11008
In clock cycle: 138225
Register Write to Reg: 0x06 Val: 0xFFFFFD10
In clock cycle: 138226
Register Write to Reg: 0x07 Val: 0x00001010
In clock cycle: 138227
Register Write to Reg: 0x07 Val: 0x000008DC
In clock cycle: 138228
Register Write to Reg: 0x01 Val: 0x0000101C
In clock cycle: 138228
Memory Write to Addr: 0x00000000 Val: 0x00000000
In clock cycle: 138690
Register Write to Reg: 0x05 Val: 0x0FC11000
In clock cycle: 138691
Register Write to Reg: 0x05 Val: 0x00000000
In clock cycle: 138692
Register Write to Reg: 0x06 Val: 0x0FC11008
In clock cycle: 138693
Register Write to Reg: 0x06 Val: 0xFFFFFD0C
In clock cycle: 138694
Register Write to Reg: 0x07 Val: 0x00001010
In clock cycle: 138695
Register Write to Reg: 0x07 Val: 0x000008E8
In clock cycle: 138696
Register Write to Reg: 0x01 Val: 0x0000101C
In clock cycle: 138696
Memory Write to Addr: 0x00000000 Val: 0x00000000
In clock cycle: 139155
Register Write to Reg: 0x05 Val: 0x0FC11000
In clock cycle: 139156
Register Write to Reg: 0x05 Val: 0x00000000
In clock cycle: 139157
Register Write to Reg: 0x06 Val: 0x0FC11008
In clock cycle: 139158
Register Write to Reg: 0x06 Val: 0xFFFFFD08
In clock cycle: 139159
Register Write to Reg: 0x07 Val: 0x00001010
In clock cycle: 139160
Register Write to Reg: 0x07 Val: 0x000008F4
In clock cycle: 139161
Register Write to Reg: 0x01 Val: 0x0000101C
In clock cycle: 139161
Memory Write to Addr: 0x00000000 Val: 0x00000000
In clock cycle: 139617
Register Write to Reg: 0x05 Val: 0x0FC11000
In clock cycle: 139618
Register Write to Reg: 0x05 Val: 0x00000000
In clock cycle: 139619
Register Write to Reg: 0x06 Val: 0x0FC11008
In clock cycle: 139620
Register Write to Reg: 0x06 Val: 0xFFFFFD04
In clock cycle: 139621
Register Write to Reg: 0x07 Val: 0x00001010
In clock cycle: 139622
Register Write to Reg: 0x07 Val: 0x00000900
In clock cycle: 139623
Register Write to Reg: 0x01 Val: 0x0000101C
In clock cycle: 139623
Memory Write to Addr: 0x00000000 Val: 0x00000000
In clock cycle: 140076
Register Write to Reg: 0x05 Val: 0x0FC11000
In clock cycle: 140077
Register Write to Reg: 0x05 Val: 0x00000000
In clock cycle: 140078
Register Write to Reg: 0x06 Val: 0x0FC11008
In clock cycle: 140079
Register Write to Reg: 0x06 Val: 0xFFFFFD00
In clock cycle: 140080
Register Write to Reg: 0x07 Val: 0x00001010
In clock cycle: 140081
Register Write to Reg: 0x07 Val: 0x0000090C
In clock cycle: 140082
Register Write to Reg: 0x01 Val: 0x0000101C
In clock cycle: 140082
Memory Write to Addr: 0x00000000 Val: 0x00000000
In clock cycle: 140532
Register Write to Reg: 0x05 Val: 0x0FC11000
In clock cycle: 140533
Register Write to Reg: 0x05 Val: 0x00000000
In clock cycle: 140534
Register Write to Reg: 0x06 Val: 0x0FC11008
In clock cycle: 140535
Register Write to Reg: 0x06 Val: 0xFFFFFCFC
In clock cycle: 140536
Register Write to Reg: 0x07 Val: 0x00001010
In clock cycle: 140537
Register Write to Reg: 0x07 Val: 0x00000918
In clock cycle: 140538
Register Write to Reg: 0x01 Val: 0x0000101C
In clock cycle: 140538
Memory Write to Addr: 0x00000000 Val: 0x00000000
In clock cycle: 140985
Register Write to Reg: 0x05 Val: 0x0FC11000
In clock cycle: 140986
Register Write to Reg: 0x05 Val: 0x00000000
In clock cycle: 140987
Register Write to Reg: 0x06 Val: 0x0FC11008
In clock cycle: 140988
Register Write to Reg: 0x06 Val: 0xFFFFFCF8
In clock cycle: 140989
Register Write to Reg: 0x07 Val: 0x00001010
In clock cycle: 140990
Register Write to Reg: 0x07 Val: 0x00000924
In clock cycle: 140991
Register Write to Reg: 0x01 Val: 0x0000101C
In clock cycle: 140991
Memory Write to Addr: 0x00000000 Val: 0x00000000
In clock cycle: 141435
Register Write to Reg: 0x05 Val: 0x0FC11000
In clock cycle: 141436
Register Write to Reg: 0x05 Val: 0x00000000
In clock cycle: 141437
Register Write to Reg: 0x06 Val: 0x0FC11008
In clock cycle: 141438
Register Write to Reg: 0x06 Val: 0xFFFFFCF4
In clock cycle: 141439
Register Write to Reg: 0x07 Val: 0x00001010
In clock cycle: 141440
Register Write to Reg: 0x07 Val: 0x00000930
In clock cycle: 141441
Register Write to Reg: 0x01 Val: 0x0000101C
In clock cycle: 141441
Memory Write to Addr: 0x00000000 Val: 0x00000000
In clock cycle: 141882
Register Write to Reg: 0x05 Val: 0x0FC11000
In clock cycle: 141883
Register Write to Reg: 0x05 Val: 0x00000000
In clock cycle: 141884
Register Write to Reg: 0x06 Val: 0x0FC11008
In clock cycle: 141885
Register Write to Reg: 0x06 Val: 0xFFFFFCF0
In clock cycle: 141886
Register Write to Reg: 0x07 Val: 0x00001010
In clock cycle: 141887
Register Write to Reg: 0x07 Val: 0x0000093C
In clock cycle: 141888
Register Write to Reg: 0x01 Val: 0x0000101C
In clock cycle: 141888
Memory Write to Addr: 0x00000000 Val: 0x00000000
In clock cycle: 142326
Register Write to Reg: 0x05 Val: 0x0FC11000
In clock cycle: 142327
Register Write to Reg: 0x05 Val: 0x00000000
In clock cycle: 142328
Register Write to Reg: 0x06 Val: 0x0FC11008
In clock cycle: 142329
Register Write to Reg: 0x06 Val: 0xFFFFFCEC
In clock cycle: 142330
Register Write to Reg: 0x07 Val: 0x00001010
In clock cycle: 142331
Register Write to Reg: 0x07 Val: 0x00000948
In clock cycle: 142332
Register Write to Reg: 0x01 Val: 0x0000101C
In clock cycle: 142332
Memory Write to Addr: 0x00000000 Val: 0x00000000
In clock cycle: 142767
Register Write to Reg: 0x05 Val: 0x0FC11000
In clock cycle: 142768
Register Write to Reg: 0x05 Val: 0x00000000
In clock cycle: 142769
Register Write to Reg: 0x06 Val: 0x0FC11008
In clock cycle: 142770
Register Write to Reg: 0x06 Val: 0xFFFFFCE8
In clock cycle: 142771
Register Write to Reg: 0x07 Val: 0x00001010
In clock cycle: 142772
Register Write to Reg: 0x07 Val: 0x00000954
In clock cycle: 142773
Register Write to Reg: 0x01 Val: 0x0000101C
In clock cycle: 142773
Memory Write to Addr: 0x00000000 Val: 0x00000000
In clock cycle: 143205
Register Write to Reg: 0x05 Val: 0x0FC11000
In clock cycle: 143206
Register Write to Reg: 0x05 Val: 0x00000000
In clock cycle: 143207
Register Write to Reg: 0x06 Val: 0x0FC11008
In clock cycle: 143208
Register Write to Reg: 0x06 Val: 0xFFFFFCE4
In clock cycle: 143209
Register Write to Reg: 0x07 Val: 0x00001010
In clock cycle: 143210
Register Write to Reg: 0x07 Val: 0x00000960
In clock cycle: 143211
Register Write to Reg: 0x01 Val: 0x0000101C
In clock cycle: 143211
Memory Write to Addr: 0x00000000 Val: 0x00000000
In clock cycle: 143640
Register Write to Reg: 0x05 Val: 0x0FC11000
In clock cycle: 143641
Register Write to Reg: 0x05 Val: 0x00000000
In clock cycle: 143642
Register Write to Reg: 0x06 Val: 0x0FC11008
In clock cycle: 143643
Register Write to Reg: 0x06 Val: 0xFFFFFCE0
In clock cycle: 143644
Register Write to Reg: 0x07 Val: 0x00001010
In clock cycle: 143645
Register Write to Reg: 0x07 Val: 0x0000096C
In clock cycle: 143646
Register Write to Reg: 0x01 Val: 0x0000101C
In clock cycle: 143646
Memory Write to Addr: 0x00000000 Val: 0x00000000
In clock cycle: 144072
Register Write to Reg: 0x05 Val: 0x0FC11000
In clock cycle: 144073
Register Write to Reg: 0x05 Val: 0x00000000
In clock cycle: 144074
Register Write to Reg: 0x06 Val: 0x0FC11008
In clock cycle: 144075
Register Write to Reg: 0x06 Val: 0xFFFFFCDC
In clock cycle: 144076
Register Write to Reg: 0x07 Val: 0x00001010
In clock cycle: 144077
Register Write to Reg: 0x07 Val: 0x00000978
In clock cycle: 144078
Register Write to Reg: 0x01 Val: 0x0000101C
In clock cycle: 144078
Memory Write to Addr: 0x00000000 Val: 0x00000000
In clock cycle: 144501
Register Write to Reg: 0x05 Val: 0x0FC11000
In clock cycle: 144502
Register Write to Reg: 0x05 Val: 0x00000000
In clock cycle: 144503
Register Write to Reg: 0x06 Val: 0x0FC11008
In clock cycle: 144504
Register Write to Reg: 0x06 Val: 0xFFFFFCD8
In clock cycle: 144505
Register Write to Reg: 0x07 Val: 0x00001010
In clock cycle: 144506
Register Write to Reg: 0x07 Val: 0x00000984
In clock cycle: 144507
Register Write to Reg: 0x01 Val: 0x0000101C
In clock cycle: 144507
Memory Write to Addr: 0x00000000 Val: 0x00000000
In clock cycle: 144927
Register Write to Reg: 0x05 Val: 0x0FC11000
In clock cycle: 144928
Register Write to Reg: 0x05 Val: 0x00000000
In clock cycle: 144929
Register Write to Reg: 0x06 Val: 0x0FC11008
In clock cycle: 144930
Register Write to Reg: 0x06 Val: 0xFFFFFCD4
In clock cycle: 144931
Register Write to Reg: 0x07 Val: 0x00001010
In clock cycle: 144932
Register Write to Reg: 0x07 Val: 0x00000990
In clock cycle: 144933
Register Write to Reg: 0x01 Val: 0x0000101C
In clock cycle: 144933
Memory Write to Addr: 0x00000000 Val: 0x00000000
In clock cycle: 145350
Register Write to Reg: 0x05 Val: 0x0FC11000
In clock cycle: 145351
Register Write to Reg: 0x05 Val: 0x00000000
In clock cycle: 145352
Register Write to Reg: 0x06 Val: 0x0FC11008
In clock cycle: 145353
Register Write to Reg: 0x06 Val: 0xFFFFFCD0
In clock cycle: 145354
Register Write to Reg: 0x07 Val: 0x00001010
In clock cycle: 145355
Register Write to Reg: 0x07 Val: 0x0000099C
In clock cycle: 145356
Register Write to Reg: 0x01 Val: 0x0000101C
In clock cycle: 145356
Memory Write to Addr: 0x00000000 Val: 0x00000000
In clock cycle: 145770
Register Write to Reg: 0x05 Val: 0x0FC11000
In clock cycle: 145771
Register Write to Reg: 0x05 Val: 0x00000000
In clock cycle: 145772
Register Write to Reg: 0x06 Val: 0x0FC11008
In clock cycle: 145773
Register Write to Reg: 0x06 Val: 0xFFFFFCCC
In clock cycle: 145774
Register Write to Reg: 0x07 Val: 0x00001010
In clock cycle: 145775
Register Write to Reg: 0x07 Val: 0x000009A8
In clock cycle: 145776
Register Write to Reg: 0x01 Val: 0x0000101C
In clock cycle: 145776
Memory Write to Addr: 0x00000000 Val: 0x00000000
In clock cycle: 146187
Register Write to Reg: 0x05 Val: 0x0FC11000
In clock cycle: 146188
Register Write to Reg: 0x05 Val: 0x00000000
In clock cycle: 146189
Register Write to Reg: 0x06 Val: 0x0FC11008
In clock cycle: 146190
Register Write to Reg: 0x06 Val: 0xFFFFFCC8
In clock cycle: 146191
Register Write to Reg: 0x07 Val: 0x00001010
In clock cycle: 146192
Register Write to Reg: 0x07 Val: 0x000009B4
In clock cycle: 146193
Register Write to Reg: 0x01 Val: 0x0000101C
In clock cycle: 146193
Memory Write to Addr: 0x00000000 Val: 0x00000000
In clock cycle: 146601
Register Write to Reg: 0x05 Val: 0x0FC11000
In clock cycle: 146602
Register Write to Reg: 0x05 Val: 0x00000000
In clock cycle: 146603
Register Write to Reg: 0x06 Val: 0x0FC11008
In clock cycle: 146604
Register Write to Reg: 0x06 Val: 0xFFFFFCC4
In clock cycle: 146605
Register Write to Reg: 0x07 Val: 0x00001010
In clock cycle: 146606
Register Write to Reg: 0x07 Val: 0x000009C0
In clock cycle: 146607
Register Write to Reg: 0x01 Val: 0x0000101C
In clock cycle: 146607
Memory Write to Addr: 0x00000000 Val: 0x00000000
In clock cycle: 147012
Register Write to Reg: 0x05 Val: 0x0FC11000
In clock cycle: 147013
Register Write to Reg: 0x05 Val: 0x00000000
In clock cycle: 147014
Register Write to Reg: 0x06 Val: 0x0FC11008
In clock cycle: 147015
Register Write to Reg: 0x06 Val: 0xFFFFFCC0
In clock cycle: 147016
Register Write to Reg: 0x07 Val: 0x00001010
In clock cycle: 147017
Register Write to Reg: 0x07 Val: 0x000009CC
In clock cycle: 147018
Register Write to Reg: 0x01 Val: 0x0000101C
In clock cycle: 147018
Memory Write to Addr: 0x00000000 Val: 0x00000000
In clock cycle: 147420
Register Write to Reg: 0x05 Val: 0x0FC11000
In clock cycle: 147421
Register Write to Reg: 0x05 Val: 0x00000000
In clock cycle: 147422
Register Write to Reg: 0x06 Val: 0x0FC11008
In clock cycle: 147423
Register Write to Reg: 0x06 Val: 0xFFFFFCBC
In clock cycle: 147424
Register Write to Reg: 0x07 Val: 0x00001010
In clock cycle: 147425
Register Write to Reg: 0x07 Val: 0x000009D8
In clock cycle: 147426
Register Write to Reg: 0x01 Val: 0x0000101C
In clock cycle: 147426
Memory Write to Addr: 0x00000000 Val: 0x00000000
In clock cycle: 147825
Register Write to Reg: 0x05 Val: 0x0FC11000
In clock cycle: 147826
Register Write to Reg: 0x05 Val: 0x00000000
In clock cycle: 147827
Register Write to Reg: 0x06 Val: 0x0FC11008
In clock cycle: 147828
Register Write to Reg: 0x06 Val: 0xFFFFFCB8
In clock cycle: 147829
Register Write to Reg: 0x07 Val: 0x00001010
In clock cycle: 147830
Register Write to Reg: 0x07 Val: 0x000009E4
In clock cycle: 147831
Register Write to Reg: 0x01 Val: 0x0000101C
In clock cycle: 147831
Memory Write to Addr: 0x00000000 Val: 0x00000000
In clock cycle: 148227
Register Write to Reg: 0x05 Val: 0x0FC11000
In clock cycle: 148228
Register Write to Reg: 0x05 Val: 0x00000000
In clock cycle: 148229
Register Write to Reg: 0x06 Val: 0x0FC11008
In clock cycle: 148230
Register Write to Reg: 0x06 Val: 0xFFFFFCB4
In clock cycle: 148231
Register Write to Reg: 0x07 Val: 0x00001010
In clock cycle: 148232
Register Write to Reg: 0x07 Val: 0x000009F0
In clock cycle: 148233
Register Write to Reg: 0x01 Val: 0x0000101C
In clock cycle: 148233
Memory Write to Addr: 0x00000000 Val: 0x00000000
In clock cycle: 148626
Register Write to Reg: 0x05 Val: 0x0FC11000
In clock cycle: 148627
Register Write to Reg: 0x05 Val: 0x00000000
In clock cycle: 148628
Register Write to Reg: 0x06 Val: 0x0FC11008
In clock cycle: 148629
Register Write to Reg: 0x06 Val: 0xFFFFFCB0
In clock cycle: 148630
Register Write to Reg: 0x07 Val: 0x00001010
In clock cycle: 148631
Register Write to Reg: 0x07 Val: 0x000009FC
In clock cycle: 148632
Register Write to Reg: 0x01 Val: 0x0000101C
In clock cycle: 148632
Memory Write to Addr: 0x00000000 Val: 0x00000000
In clock cycle: 149022
Register Write to Reg: 0x05 Val: 0x0FC11000
In clock cycle: 149023
Register Write to Reg: 0x05 Val: 0x00000000
In clock cycle: 149024
Register Write to Reg: 0x06 Val: 0x0FC11008
In clock cycle: 149025
Register Write to Reg: 0x06 Val: 0xFFFFFCAC
In clock cycle: 149026
Register Write to Reg: 0x07 Val: 0x00001010
In clock cycle: 149027
Register Write to Reg: 0x07 Val: 0x00000A08
In clock cycle: 149028
Register Write to Reg: 0x01 Val: 0x0000101C
In clock cycle: 149028
Memory Write to Addr: 0x00000000 Val: 0x00000000
In clock cycle: 149415
Register Write to Reg: 0x05 Val: 0x0FC11000
In clock cycle: 149416
Register Write to Reg: 0x05 Val: 0x00000000
In clock cycle: 149417
Register Write to Reg: 0x06 Val: 0x0FC11008
In clock cycle: 149418
Register Write to Reg: 0x06 Val: 0xFFFFFCA8
In clock cycle: 149419
Register Write to Reg: 0x07 Val: 0x00001010
In clock cycle: 149420
Register Write to Reg: 0x07 Val: 0x00000A14
In clock cycle: 149421
Register Write to Reg: 0x01 Val: 0x0000101C
In clock cycle: 149421
Memory Write to Addr: 0x00000000 Val: 0x00000000
In clock cycle: 149805
Register Write to Reg: 0x05 Val: 0x0FC11000
In clock cycle: 149806
Register Write to Reg: 0x05 Val: 0x00000000
In clock cycle: 149807
Register Write to Reg: 0x06 Val: 0x0FC11008
In clock cycle: 149808
Register Write to Reg: 0x06 Val: 0xFFFFFCA4
In clock cycle: 149809
Register Write to Reg: 0x07 Val: 0x00001010
In clock cycle: 149810
Register Write to Reg: 0x07 Val: 0x00000A20
In clock cycle: 149811
Register Write to Reg: 0x01 Val: 0x0000101C
In clock cycle: 149811
Memory Write to Addr: 0x00000000 Val: 0x00000000
In clock cycle: 150192
Register Write to Reg: 0x05 Val: 0x0FC11000
In clock cycle: 150193
Register Write to Reg: 0x05 Val: 0x00000000
In clock cycle: 150194
Register Write to Reg: 0x06 Val: 0x0FC11008
In clock cycle: 150195
Register Write to Reg: 0x06 Val: 0xFFFFFCA0
In clock cycle: 150196
Register Write to Reg: 0x07 Val: 0x00001010
In clock cycle: 150197
Register Write to Reg: 0x07 Val: 0x00000A2C
In clock cycle: 150198
Register Write to Reg: 0x01 Val: 0x0000101C
In clock cycle: 150198
Memory Write to Addr: 0x00000000 Val: 0x00000000
In clock cycle: 150576
Register Write to Reg: 0x05 Val: 0x0FC11000
In clock cycle: 150577
Register Write to Reg: 0x05 Val: 0x00000000
In clock cycle: 150578
Register Write to Reg: 0x06 Val: 0x0FC11008
In clock cycle: 150579
Register Write to Reg: 0x06 Val: 0xFFFFFC9C
In clock cycle: 150580
Register Write to Reg: 0x07 Val: 0x00001010
In clock cycle: 150581
Register Write to Reg: 0x07 Val: 0x00000A38
In clock cycle: 150582
Register Write to Reg: 0x01 Val: 0x0000101C
In clock cycle: 150582
Memory Write to Addr: 0x00000000 Val: 0x00000000
In clock cycle: 150957
Register Write to Reg: 0x05 Val: 0x0FC11000
In clock cycle: 150958
Register Write to Reg: 0x05 Val: 0x00000000
In clock cycle: 150959
Register Write to Reg: 0x06 Val: 0x0FC11008
In clock cycle: 150960
Register Write to Reg: 0x06 Val: 0xFFFFFC98
In clock cycle: 150961
Register Write to Reg: 0x07 Val: 0x00001010
In clock cycle: 150962
Register Write to Reg: 0x07 Val: 0x00000A44
In clock cycle: 150963
Register Write to Reg: 0x01 Val: 0x0000101C
In clock cycle: 150963
Memory Write to Addr: 0x00000000 Val: 0x00000000
In clock cycle: 151335
Register Write to Reg: 0x05 Val: 0x0FC11000
In clock cycle: 151336
Register Write to Reg: 0x05 Val: 0x00000000
In clock cycle: 151337
Register Write to Reg: 0x06 Val: 0x0FC11008
In clock cycle: 151338
Register Write to Reg: 0x06 Val: 0xFFFFFC94
In clock cycle: 151339
Register Write to Reg: 0x07 Val: 0x00001010
In clock cycle: 151340
Register Write to Reg: 0x07 Val: 0x00000A50
In clock cycle: 151341
Register Write to Reg: 0x01 Val: 0x0000101C
In clock cycle: 151341
Memory Write to Addr: 0x00000000 Val: 0x00000000
In clock cycle: 151710
Register Write to Reg: 0x05 Val: 0x0FC11000
In clock cycle: 151711
Register Write to Reg: 0x05 Val: 0x00000000
In clock cycle: 151712
Register Write to Reg: 0x06 Val: 0x0FC11008
In clock cycle: 151713
Register Write to Reg: 0x06 Val: 0xFFFFFC90
In clock cycle: 151714
Register Write to Reg: 0x07 Val: 0x00001010
In clock cycle: 151715
Register Write to Reg: 0x07 Val: 0x00000A5C
In clock cycle: 151716
Register Write to Reg: 0x01 Val: 0x0000101C
In clock cycle: 151716
Memory Write to Addr: 0x00000000 Val: 0x00000000
In clock cycle: 152082
Register Write to Reg: 0x05 Val: 0x0FC11000
In clock cycle: 152083
Register Write to Reg: 0x05 Val: 0x00000000
In clock cycle: 152084
Register Write to Reg: 0x06 Val: 0x0FC11008
In clock cycle: 152085
Register Write to Reg: 0x06 Val: 0xFFFFFC8C
In clock cycle: 152086
Register Write to Reg: 0x07 Val: 0x00001010
In clock cycle: 152087
Register Write to Reg: 0x07 Val: 0x00000A68
In clock cycle: 152088
Register Write to Reg: 0x01 Val: 0x0000101C
In clock cycle: 152088
Memory Write to Addr: 0x00000000 Val: 0x00000000
In clock cycle: 152451
Register Write to Reg: 0x05 Val: 0x0FC11000
In clock cycle: 152452
Register Write to Reg: 0x05 Val: 0x00000000
In clock cycle: 152453
Register Write to Reg: 0x06 Val: 0x0FC11008
In clock cycle: 152454
Register Write to Reg: 0x06 Val: 0xFFFFFC88
In clock cycle: 152455
Register Write to Reg: 0x07 Val: 0x00001010
In clock cycle: 152456
Register Write to Reg: 0x07 Val: 0x00000A74
In clock cycle: 152457
Register Write to Reg: 0x01 Val: 0x0000101C
In clock cycle: 152457
Memory Write to Addr: 0x00000000 Val: 0x00000000
In clock cycle: 152817
Register Write to Reg: 0x05 Val: 0x0FC11000
In clock cycle: 152818
Register Write to Reg: 0x05 Val: 0x00000000
In clock cycle: 152819
Register Write to Reg: 0x06 Val: 0x0FC11008
In clock cycle: 152820
Register Write to Reg: 0x06 Val: 0xFFFFFC84
In clock cycle: 152821
Register Write to Reg: 0x07 Val: 0x00001010
In clock cycle: 152822
Register Write to Reg: 0x07 Val: 0x00000A80
In clock cycle: 152823
Register Write to Reg: 0x01 Val: 0x0000101C
In clock cycle: 152823
Memory Write to Addr: 0x00000000 Val: 0x00000000
In clock cycle: 153180
Register Write to Reg: 0x05 Val: 0x0FC11000
In clock cycle: 153181
Register Write to Reg: 0x05 Val: 0x00000000
In clock cycle: 153182
Register Write to Reg: 0x06 Val: 0x0FC11008
In clock cycle: 153183
Register Write to Reg: 0x06 Val: 0xFFFFFC80
In clock cycle: 153184
Register Write to Reg: 0x07 Val: 0x00001010
In clock cycle: 153185
Register Write to Reg: 0x07 Val: 0x00000A8C
In clock cycle: 153186
Register Write to Reg: 0x01 Val: 0x0000101C
In clock cycle: 153186
Memory Write to Addr: 0x00000000 Val: 0x00000000
In clock cycle: 153540
Register Write to Reg: 0x05 Val: 0x0FC11000
In clock cycle: 153541
Register Write to Reg: 0x05 Val: 0x00000000
In clock cycle: 153542
Register Write to Reg: 0x06 Val: 0x0FC11008
In clock cycle: 153543
Register Write to Reg: 0x06 Val: 0xFFFFFC7C
In clock cycle: 153544
Register Write to Reg: 0x07 Val: 0x00001010
In clock cycle: 153545
Register Write to Reg: 0x07 Val: 0x00000A98
In clock cycle: 153546
Register Write to Reg: 0x01 Val: 0x0000101C
In clock cycle: 153546
Memory Write to Addr: 0x00000000 Val: 0x00000000
In clock cycle: 153897
Register Write to Reg: 0x05 Val: 0x0FC11000
In clock cycle: 153898
Register Write to Reg: 0x05 Val: 0x00000000
In clock cycle: 153899
Register Write to Reg: 0x06 Val: 0x0FC11008
In clock cycle: 153900
Register Write to Reg: 0x06 Val: 0xFFFFFC78
In clock cycle: 153901
Register Write to Reg: 0x07 Val: 0x00001010
In clock cycle: 153902
Register Write to Reg: 0x07 Val: 0x00000AA4
In clock cycle: 153903
Register Write to Reg: 0x01 Val: 0x0000101C
In clock cycle: 153903
Memory Write to Addr: 0x00000000 Val: 0x00000000
In clock cycle: 154251
Register Write to Reg: 0x05 Val: 0x0FC11000
In clock cycle: 154252
Register Write to Reg: 0x05 Val: 0x00000000
In clock cycle: 154253
Register Write to Reg: 0x06 Val: 0x0FC11008
In clock cycle: 154254
Register Write to Reg: 0x06 Val: 0xFFFFFC74
In clock cycle: 154255
Register Write to Reg: 0x07 Val: 0x00001010
In clock cycle: 154256
Register Write to Reg: 0x07 Val: 0x00000AB0
In clock cycle: 154257
Register Write to Reg: 0x01 Val: 0x0000101C
In clock cycle: 154257
Memory Write to Addr: 0x00000000 Val: 0x00000000
In clock cycle: 154602
Register Write to Reg: 0x05 Val: 0x0FC11000
In clock cycle: 154603
Register Write to Reg: 0x05 Val: 0x00000000
In clock cycle: 154604
Register Write to Reg: 0x06 Val: 0x0FC11008
In clock cycle: 154605
Register Write to Reg: 0x06 Val: 0xFFFFFC70
In clock cycle: 154606
Register Write to Reg: 0x07 Val: 0x00001010
In clock cycle: 154607
Register Write to Reg: 0x07 Val: 0x00000ABC
In clock cycle: 154608
Register Write to Reg: 0x01 Val: 0x0000101C
In clock cycle: 154608
Memory Write to Addr: 0x00000000 Val: 0x00000000
In clock cycle: 154950
Register Write to Reg: 0x05 Val: 0x0FC11000
In clock cycle: 154951
Register Write to Reg: 0x05 Val: 0x00000000
In clock cycle: 154952
Register Write to Reg: 0x06 Val: 0x0FC11008
In clock cycle: 154953
Register Write to Reg: 0x06 Val: 0xFFFFFC6C
In clock cycle: 154954
Register Write to Reg: 0x07 Val: 0x00001010
In clock cycle: 154955
Register Write to Reg: 0x07 Val: 0x00000AC8
In clock cycle: 154956
Register Write to Reg: 0x01 Val: 0x0000101C
In clock cycle: 154956
Memory Write to Addr: 0x00000000 Val: 0x00000000
In clock cycle: 155295
Register Write to Reg: 0x05 Val: 0x0FC11000
In clock cycle: 155296
Register Write to Reg: 0x05 Val: 0x00000000
In clock cycle: 155297
Register Write to Reg: 0x06 Val: 0x0FC11008
In clock cycle: 155298
Register Write to Reg: 0x06 Val: 0xFFFFFC68
In clock cycle: 155299
Register Write to Reg: 0x07 Val: 0x00001010
In clock cycle: 155300
Register Write to Reg: 0x07 Val: 0x00000AD4
In clock cycle: 155301
Register Write to Reg: 0x01 Val: 0x0000101C
In clock cycle: 155301
Memory Write to Addr: 0x00000000 Val: 0x00000000
In clock cycle: 155637
Register Write to Reg: 0x05 Val: 0x0FC11000
In clock cycle: 155638
Register Write to Reg: 0x05 Val: 0x00000000
In clock cycle: 155639
Register Write to Reg: 0x06 Val: 0x0FC11008
In clock cycle: 155640
Register Write to Reg: 0x06 Val: 0xFFFFFC64
In clock cycle: 155641
Register Write to Reg: 0x07 Val: 0x00001010
In clock cycle: 155642
Register Write to Reg: 0x07 Val: 0x00000AE0
In clock cycle: 155643
Register Write to Reg: 0x01 Val: 0x0000101C
In clock cycle: 155643
Memory Write to Addr: 0x00000000 Val: 0x00000000
In clock cycle: 155976
Register Write to Reg: 0x05 Val: 0x0FC11000
In clock cycle: 155977
Register Write to Reg: 0x05 Val: 0x00000000
In clock cycle: 155978
Register Write to Reg: 0x06 Val: 0x0FC11008
In clock cycle: 155979
Register Write to Reg: 0x06 Val: 0xFFFFFC60
In clock cycle: 155980
Register Write to Reg: 0x07 Val: 0x00001010
In clock cycle: 155981
Register Write to Reg: 0x07 Val: 0x00000AEC
In clock cycle: 155982
Register Write to Reg: 0x01 Val: 0x0000101C
In clock cycle: 155982
Memory Write to Addr: 0x00000000 Val: 0x00000000
In clock cycle: 156312
Register Write to Reg: 0x05 Val: 0x0FC11000
In clock cycle: 156313
Register Write to Reg: 0x05 Val: 0x00000000
In clock cycle: 156314
Register Write to Reg: 0x06 Val: 0x0FC11008
In clock cycle: 156315
Register Write to Reg: 0x06 Val: 0xFFFFFC5C
In clock cycle: 156316
Register Write to Reg: 0x07 Val: 0x00001010
In clock cycle: 156317
Register Write to Reg: 0x07 Val: 0x00000AF8
In clock cycle: 156318
Register Write to Reg: 0x01 Val: 0x0000101C
In clock cycle: 156318
Memory Write to Addr: 0x00000000 Val: 0x00000000
In clock cycle: 156645
Register Write to Reg: 0x05 Val: 0x0FC11000
In clock cycle: 156646
Register Write to Reg: 0x05 Val: 0x00000000
In clock cycle: 156647
Register Write to Reg: 0x06 Val: 0x0FC11008
In clock cycle: 156648
Register Write to Reg: 0x06 Val: 0xFFFFFC58
In clock cycle: 156649
Register Write to Reg: 0x07 Val: 0x00001010
In clock cycle: 156650
Register Write to Reg: 0x07 Val: 0x00000B04
In clock cycle: 156651
Register Write to Reg: 0x01 Val: 0x0000101C
In clock cycle: 156651
Memory Write to Addr: 0x00000000 Val: 0x00000000
In clock cycle: 156975
Register Write to Reg: 0x05 Val: 0x0FC11000
In clock cycle: 156976
Register Write to Reg: 0x05 Val: 0x00000000
In clock cycle: 156977
Register Write to Reg: 0x06 Val: 0x0FC11008
In clock cycle: 156978
Register Write to Reg: 0x06 Val: 0xFFFFFC54
In clock cycle: 156979
Register Write to Reg: 0x07 Val: 0x00001010
In clock cycle: 156980
Register Write to Reg: 0x07 Val: 0x00000B10
In clock cycle: 156981
Register Write to Reg: 0x01 Val: 0x0000101C
In clock cycle: 156981
Memory Write to Addr: 0x00000000 Val: 0x00000000
In clock cycle: 157302
Register Write to Reg: 0x05 Val: 0x0FC11000
In clock cycle: 157303
Register Write to Reg: 0x05 Val: 0x00000000
In clock cycle: 157304
Register Write to Reg: 0x06 Val: 0x0FC11008
In clock cycle: 157305
Register Write to Reg: 0x06 Val: 0xFFFFFC50
In clock cycle: 157306
Register Write to Reg: 0x07 Val: 0x00001010
In clock cycle: 157307
Register Write to Reg: 0x07 Val: 0x00000B1C
In clock cycle: 157308
Register Write to Reg: 0x01 Val: 0x0000101C
In clock cycle: 157308
Memory Write to Addr: 0x00000000 Val: 0x00000000
In clock cycle: 157626
Register Write to Reg: 0x05 Val: 0x0FC11000
In clock cycle: 157627
Register Write to Reg: 0x05 Val: 0x00000000
In clock cycle: 157628
Register Write to Reg: 0x06 Val: 0x0FC11008
In clock cycle: 157629
Register Write to Reg: 0x06 Val: 0xFFFFFC4C
In clock cycle: 157630
Register Write to Reg: 0x07 Val: 0x00001010
In clock cycle: 157631
Register Write to Reg: 0x07 Val: 0x00000B28
In clock cycle: 157632
Register Write to Reg: 0x01 Val: 0x0000101C
In clock cycle: 157632
Memory Write to Addr: 0x00000000 Val: 0x00000000
In clock cycle: 157947
Register Write to Reg: 0x05 Val: 0x0FC11000
In clock cycle: 157948
Register Write to Reg: 0x05 Val: 0x00000000
In clock cycle: 157949
Register Write to Reg: 0x06 Val: 0x0FC11008
In clock cycle: 157950
Register Write to Reg: 0x06 Val: 0xFFFFFC48
In clock cycle: 157951
Register Write to Reg: 0x07 Val: 0x00001010
In clock cycle: 157952
Register Write to Reg: 0x07 Val: 0x00000B34
In clock cycle: 157953
Register Write to Reg: 0x01 Val: 0x0000101C
In clock cycle: 157953
Memory Write to Addr: 0x00000000 Val: 0x00000000
In clock cycle: 158265
Register Write to Reg: 0x05 Val: 0x0FC11000
In clock cycle: 158266
Register Write to Reg: 0x05 Val: 0x00000000
In clock cycle: 158267
Register Write to Reg: 0x06 Val: 0x0FC11008
In clock cycle: 158268
Register Write to Reg: 0x06 Val: 0xFFFFFC44
In clock cycle: 158269
Register Write to Reg: 0x07 Val: 0x00001010
In clock cycle: 158270
Register Write to Reg: 0x07 Val: 0x00000B40
In clock cycle: 158271
Register Write to Reg: 0x01 Val: 0x0000101C
In clock cycle: 158271
Memory Write to Addr: 0x00000000 Val: 0x00000000
In clock cycle: 158580
Register Write to Reg: 0x05 Val: 0x0FC11000
In clock cycle: 158581
Register Write to Reg: 0x05 Val: 0x00000000
In clock cycle: 158582
Register Write to Reg: 0x06 Val: 0x0FC11008
In clock cycle: 158583
Register Write to Reg: 0x06 Val: 0xFFFFFC40
In clock cycle: 158584
Register Write to Reg: 0x07 Val: 0x00001010
In clock cycle: 158585
Register Write to Reg: 0x07 Val: 0x00000B4C
In clock cycle: 158586
Register Write to Reg: 0x01 Val: 0x0000101C
In clock cycle: 158586
Memory Write to Addr: 0x00000000 Val: 0x00000000
In clock cycle: 158892
Register Write to Reg: 0x05 Val: 0x0FC11000
In clock cycle: 158893
Register Write to Reg: 0x05 Val: 0x00000000
In clock cycle: 158894
Register Write to Reg: 0x06 Val: 0x0FC11008
In clock cycle: 158895
Register Write to Reg: 0x06 Val: 0xFFFFFC3C
In clock cycle: 158896
Register Write to Reg: 0x07 Val: 0x00001010
In clock cycle: 158897
Register Write to Reg: 0x07 Val: 0x00000B58
In clock cycle: 158898
Register Write to Reg: 0x01 Val: 0x0000101C
In clock cycle: 158898
Memory Write to Addr: 0x00000000 Val: 0x00000000
In clock cycle: 159201
Register Write to Reg: 0x05 Val: 0x0FC11000
In clock cycle: 159202
Register Write to Reg: 0x05 Val: 0x00000000
In clock cycle: 159203
Register Write to Reg: 0x06 Val: 0x0FC11008
In clock cycle: 159204
Register Write to Reg: 0x06 Val: 0xFFFFFC38
In clock cycle: 159205
Register Write to Reg: 0x07 Val: 0x00001010
In clock cycle: 159206
Register Write to Reg: 0x07 Val: 0x00000B64
In clock cycle: 159207
Register Write to Reg: 0x01 Val: 0x0000101C
In clock cycle: 159207
Memory Write to Addr: 0x00000000 Val: 0x00000000
In clock cycle: 159507
Register Write to Reg: 0x05 Val: 0x0FC11000
In clock cycle: 159508
Register Write to Reg: 0x05 Val: 0x00000000
In clock cycle: 159509
Register Write to Reg: 0x06 Val: 0x0FC11008
In clock cycle: 159510
Register Write to Reg: 0x06 Val: 0xFFFFFC34
In clock cycle: 159511
Register Write to Reg: 0x07 Val: 0x00001010
In clock cycle: 159512
Register Write to Reg: 0x07 Val: 0x00000B70
In clock cycle: 159513
Register Write to Reg: 0x01 Val: 0x0000101C
In clock cycle: 159513
Memory Write to Addr: 0x00000000 Val: 0x00000000
In clock cycle: 159810
Register Write to Reg: 0x05 Val: 0x0FC11000
In clock cycle: 159811
Register Write to Reg: 0x05 Val: 0x00000000
In clock cycle: 159812
Register Write to Reg: 0x06 Val: 0x0FC11008
In clock cycle: 159813
Register Write to Reg: 0x06 Val: 0xFFFFFC30
In clock cycle: 159814
Register Write to Reg: 0x07 Val: 0x00001010
In clock cycle: 159815
Register Write to Reg: 0x07 Val: 0x00000B7C
In clock cycle: 159816
Register Write to Reg: 0x01 Val: 0x0000101C
In clock cycle: 159816
Memory Write to Addr: 0x00000000 Val: 0x00000000
In clock cycle: 160110
Register Write to Reg: 0x05 Val: 0x0FC11000
In clock cycle: 160111
Register Write to Reg: 0x05 Val: 0x00000000
In clock cycle: 160112
Register Write to Reg: 0x06 Val: 0x0FC11008
In clock cycle: 160113
Register Write to Reg: 0x06 Val: 0xFFFFFC2C
In clock cycle: 160114
Register Write to Reg: 0x07 Val: 0x00001010
In clock cycle: 160115
Register Write to Reg: 0x07 Val: 0x00000B88
In clock cycle: 160116
Register Write to Reg: 0x01 Val: 0x0000101C
In clock cycle: 160116
Memory Write to Addr: 0x00000000 Val: 0x00000000
In clock cycle: 160407
Register Write to Reg: 0x05 Val: 0x0FC11000
In clock cycle: 160408
Register Write to Reg: 0x05 Val: 0x00000000
In clock cycle: 160409
Register Write to Reg: 0x06 Val: 0x0FC11008
In clock cycle: 160410
Register Write to Reg: 0x06 Val: 0xFFFFFC28
In clock cycle: 160411
Register Write to Reg: 0x07 Val: 0x00001010
In clock cycle: 160412
Register Write to Reg: 0x07 Val: 0x00000B94
In clock cycle: 160413
Register Write to Reg: 0x01 Val: 0x0000101C
In clock cycle: 160413
Memory Write to Addr: 0x00000000 Val: 0x00000000
In clock cycle: 160701
Register Write to Reg: 0x05 Val: 0x0FC11000
In clock cycle: 160702
Register Write to Reg: 0x05 Val: 0x00000000
In clock cycle: 160703
Register Write to Reg: 0x06 Val: 0x0FC11008
In clock cycle: 160704
Register Write to Reg: 0x06 Val: 0xFFFFFC24
In clock cycle: 160705
Register Write to Reg: 0x07 Val: 0x00001010
In clock cycle: 160706
Register Write to Reg: 0x07 Val: 0x00000BA0
In clock cycle: 160707
Register Write to Reg: 0x01 Val: 0x0000101C
In clock cycle: 160707
Memory Write to Addr: 0x00000000 Val: 0x00000000
In clock cycle: 160992
Register Write to Reg: 0x05 Val: 0x0FC11000
In clock cycle: 160993
Register Write to Reg: 0x05 Val: 0x00000000
In clock cycle: 160994
Register Write to Reg: 0x06 Val: 0x0FC11008
In clock cycle: 160995
Register Write to Reg: 0x06 Val: 0xFFFFFC20
In clock cycle: 160996
Register Write to Reg: 0x07 Val: 0x00001010
In clock cycle: 160997
Register Write to Reg: 0x07 Val: 0x00000BAC
In clock cycle: 160998
Register Write to Reg: 0x01 Val: 0x0000101C
In clock cycle: 160998
Memory Write to Addr: 0x00000000 Val: 0x00000000
In clock cycle: 161280
Register Write to Reg: 0x05 Val: 0x0FC11000
In clock cycle: 161281
Register Write to Reg: 0x05 Val: 0x00000000
In clock cycle: 161282
Register Write to Reg: 0x06 Val: 0x0FC11008
In clock cycle: 161283
Register Write to Reg: 0x06 Val: 0xFFFFFC1C
In clock cycle: 161284
Register Write to Reg: 0x07 Val: 0x00001010
In clock cycle: 161285
Register Write to Reg: 0x07 Val: 0x00000BB8
In clock cycle: 161286
Register Write to Reg: 0x01 Val: 0x0000101C
In clock cycle: 161286
Memory Write to Addr: 0x00000000 Val: 0x00000000
In clock cycle: 161565
Register Write to Reg: 0x05 Val: 0x0FC11000
In clock cycle: 161566
Register Write to Reg: 0x05 Val: 0x00000000
In clock cycle: 161567
Register Write to Reg: 0x06 Val: 0x0FC11008
In clock cycle: 161568
Register Write to Reg: 0x06 Val: 0xFFFFFC18
In clock cycle: 161569
Register Write to Reg: 0x07 Val: 0x00001010
In clock cycle: 161570
Register Write to Reg: 0x07 Val: 0x00000BC4
In clock cycle: 161571
Register Write to Reg: 0x01 Val: 0x0000101C
In clock cycle: 161571
Memory Write to Addr: 0x00000000 Val: 0x00000000
In clock cycle: 161847
Register Write to Reg: 0x05 Val: 0x0FC11000
In clock cycle: 161848
Register Write to Reg: 0x05 Val: 0x00000000
In clock cycle: 161849
Register Write to Reg: 0x06 Val: 0x0FC11008
In clock cycle: 161850
Register Write to Reg: 0x06 Val: 0xFFFFFC14
In clock cycle: 161851
Register Write to Reg: 0x07 Val: 0x00001010
In clock cycle: 161852
Register Write to Reg: 0x07 Val: 0x00000BD0
In clock cycle: 161853
Register Write to Reg: 0x01 Val: 0x0000101C
In clock cycle: 161853
Memory Write to Addr: 0x00000000 Val: 0x00000000
In clock cycle: 162126
Register Write to Reg: 0x05 Val: 0x0FC11000
In clock cycle: 162127
Register Write to Reg: 0x05 Val: 0x00000000
In clock cycle: 162128
Register Write to Reg: 0x06 Val: 0x0FC11008
In clock cycle: 162129
Register Write to Reg: 0x06 Val: 0xFFFFFC10
In clock cycle: 162130
Register Write to Reg: 0x07 Val: 0x00001010
In clock cycle: 162131
Register Write to Reg: 0x07 Val: 0x00000BDC
In clock cycle: 162132
Register Write to Reg: 0x01 Val: 0x0000101C
In clock cycle: 162132
Memory Write to Addr: 0x00000000 Val: 0x00000000
In clock cycle: 162402
Register Write to Reg: 0x05 Val: 0x0FC11000
In clock cycle: 162403
Register Write to Reg: 0x05 Val: 0x00000000
In clock cycle: 162404
Register Write to Reg: 0x06 Val: 0x0FC11008
In clock cycle: 162405
Register Write to Reg: 0x06 Val: 0xFFFFFC0C
In clock cycle: 162406
Register Write to Reg: 0x07 Val: 0x00001010
In clock cycle: 162407
Register Write to Reg: 0x07 Val: 0x00000BE8
In clock cycle: 162408
Register Write to Reg: 0x01 Val: 0x0000101C
In clock cycle: 162408
Memory Write to Addr: 0x00000000 Val: 0x00000000
In clock cycle: 162675
Register Write to Reg: 0x05 Val: 0x0FC11000
In clock cycle: 162676
Register Write to Reg: 0x05 Val: 0x00000000
In clock cycle: 162677
Register Write to Reg: 0x06 Val: 0x0FC11008
In clock cycle: 162678
Register Write to Reg: 0x06 Val: 0xFFFFFC08
In clock cycle: 162679
Register Write to Reg: 0x07 Val: 0x00001010
In clock cycle: 162680
Register Write to Reg: 0x07 Val: 0x00000BF4
In clock cycle: 162681
Register Write to Reg: 0x01 Val: 0x0000101C
In clock cycle: 162681
Memory Write to Addr: 0x00000000 Val: 0x00000000
In clock cycle: 162945
Register Write to Reg: 0x05 Val: 0x0FC11000
In clock cycle: 162946
Register Write to Reg: 0x05 Val: 0x00000000
In clock cycle: 162947
Register Write to Reg: 0x06 Val: 0x0FC11008
In clock cycle: 162948
Register Write to Reg: 0x06 Val: 0xFFFFFC04
In clock cycle: 162949
Register Write to Reg: 0x07 Val: 0x00001010
In clock cycle: 162950
Register Write to Reg: 0x07 Val: 0x00000C00
In clock cycle: 162951
Register Write to Reg: 0x01 Val: 0x0000101C
In clock cycle: 162951
Memory Write to Addr: 0x00000000 Val: 0x00000000
In clock cycle: 163212
Register Write to Reg: 0x05 Val: 0x0FC11000
In clock cycle: 163213
Register Write to Reg: 0x05 Val: 0x00000000
In clock cycle: 163214
Register Write to Reg: 0x06 Val: 0x0FC11008
In clock cycle: 163215
Register Write to Reg: 0x06 Val: 0xFFFFFC00
In clock cycle: 163216
Register Write to Reg: 0x07 Val: 0x00001010
In clock cycle: 163217
Register Write to Reg: 0x07 Val: 0x00000C0C
In clock cycle: 163218
Register Write to Reg: 0x01 Val: 0x0000101C
In clock cycle: 163218
Memory Write to Addr: 0x00000000 Val: 0x00000000
In clock cycle: 163476
Register Write to Reg: 0x05 Val: 0x0FC11000
In clock cycle: 163477
Register Write to Reg: 0x05 Val: 0x00000000
In clock cycle: 163478
Register Write to Reg: 0x06 Val: 0x0FC11008
In clock cycle: 163479
Register Write to Reg: 0x06 Val: 0xFFFFFBFC
In clock cycle: 163480
Register Write to Reg: 0x07 Val: 0x00001010
In clock cycle: 163481
Register Write to Reg: 0x07 Val: 0x00000C18
In clock cycle: 163482
Register Write to Reg: 0x01 Val: 0x0000101C
In clock cycle: 163482
Memory Write to Addr: 0x00000000 Val: 0x00000000
In clock cycle: 163737
Register Write to Reg: 0x05 Val: 0x0FC11000
In clock cycle: 163738
Register Write to Reg: 0x05 Val: 0x00000000
In clock cycle: 163739
Register Write to Reg: 0x06 Val: 0x0FC11008
In clock cycle: 163740
Register Write to Reg: 0x06 Val: 0xFFFFFBF8
In clock cycle: 163741
Register Write to Reg: 0x07 Val: 0x00001010
In clock cycle: 163742
Register Write to Reg: 0x07 Val: 0x00000C24
In clock cycle: 163743
Register Write to Reg: 0x01 Val: 0x0000101C
In clock cycle: 163743
Memory Write to Addr: 0x00000000 Val: 0x00000000
In clock cycle: 163995
Register Write to Reg: 0x05 Val: 0x0FC11000
In clock cycle: 163996
Register Write to Reg: 0x05 Val: 0x00000000
In clock cycle: 163997
Register Write to Reg: 0x06 Val: 0x0FC11008
In clock cycle: 163998
Register Write to Reg: 0x06 Val: 0xFFFFFBF4
In clock cycle: 163999
Register Write to Reg: 0x07 Val: 0x00001010
In clock cycle: 164000
Register Write to Reg: 0x07 Val: 0x00000C30
In clock cycle: 164001
Register Write to Reg: 0x01 Val: 0x0000101C
In clock cycle: 164001
Memory Write to Addr: 0x00000000 Val: 0x00000000
In clock cycle: 164250
Register Write to Reg: 0x05 Val: 0x0FC11000
In clock cycle: 164251
Register Write to Reg: 0x05 Val: 0x00000000
In clock cycle: 164252
Register Write to Reg: 0x06 Val: 0x0FC11008
In clock cycle: 164253
Register Write to Reg: 0x06 Val: 0xFFFFFBF0
In clock cycle: 164254
Register Write to Reg: 0x07 Val: 0x00001010
In clock cycle: 164255
Register Write to Reg: 0x07 Val: 0x00000C3C
In clock cycle: 164256
Register Write to Reg: 0x01 Val: 0x0000101C
In clock cycle: 164256
Memory Write to Addr: 0x00000000 Val: 0x00000000
In clock cycle: 164502
Register Write to Reg: 0x05 Val: 0x0FC11000
In clock cycle: 164503
Register Write to Reg: 0x05 Val: 0x00000000
In clock cycle: 164504
Register Write to Reg: 0x06 Val: 0x0FC11008
In clock cycle: 164505
Register Write to Reg: 0x06 Val: 0xFFFFFBEC
In clock cycle: 164506
Register Write to Reg: 0x07 Val: 0x00001010
In clock cycle: 164507
Register Write to Reg: 0x07 Val: 0x00000C48
In clock cycle: 164508
Register Write to Reg: 0x01 Val: 0x0000101C
In clock cycle: 164508
Memory Write to Addr: 0x00000000 Val: 0x00000000
In clock cycle: 164751
Register Write to Reg: 0x05 Val: 0x0FC11000
In clock cycle: 164752
Register Write to Reg: 0x05 Val: 0x00000000
In clock cycle: 164753
Register Write to Reg: 0x06 Val: 0x0FC11008
In clock cycle: 164754
Register Write to Reg: 0x06 Val: 0xFFFFFBE8
In clock cycle: 164755
Register Write to Reg: 0x07 Val: 0x00001010
In clock cycle: 164756
Register Write to Reg: 0x07 Val: 0x00000C54
In clock cycle: 164757
Register Write to Reg: 0x01 Val: 0x0000101C
In clock cycle: 164757
Memory Write to Addr: 0x00000000 Val: 0x00000000
In clock cycle: 164997
Register Write to Reg: 0x05 Val: 0x0FC11000
In clock cycle: 164998
Register Write to Reg: 0x05 Val: 0x00000000
In clock cycle: 164999
Register Write to Reg: 0x06 Val: 0x0FC11008
In clock cycle: 165000
Register Write to Reg: 0x06 Val: 0xFFFFFBE4
In clock cycle: 165001
Register Write to Reg: 0x07 Val: 0x00001010
In clock cycle: 165002
Register Write to Reg: 0x07 Val: 0x00000C60
In clock cycle: 165003
Register Write to Reg: 0x01 Val: 0x0000101C
In clock cycle: 165003
Memory Write to Addr: 0x00000000 Val: 0x00000000
In clock cycle: 165240
Register Write to Reg: 0x05 Val: 0x0FC11000
In clock cycle: 165241
Register Write to Reg: 0x05 Val: 0x00000000
In clock cycle: 165242
Register Write to Reg: 0x06 Val: 0x0FC11008
In clock cycle: 165243
Register Write to Reg: 0x06 Val: 0xFFFFFBE0
In clock cycle: 165244
Register Write to Reg: 0x07 Val: 0x00001010
In clock cycle: 165245
Register Write to Reg: 0x07 Val: 0x00000C6C
In clock cycle: 165246
Register Write to Reg: 0x01 Val: 0x0000101C
In clock cycle: 165246
Memory Write to Addr: 0x00000000 Val: 0x00000000
In clock cycle: 165480
Register Write to Reg: 0x05 Val: 0x0FC11000
In clock cycle: 165481
Register Write to Reg: 0x05 Val: 0x00000000
In clock cycle: 165482
Register Write to Reg: 0x06 Val: 0x0FC11008
In clock cycle: 165483
Register Write to Reg: 0x06 Val: 0xFFFFFBDC
In clock cycle: 165484
Register Write to Reg: 0x07 Val: 0x00001010
In clock cycle: 165485
Register Write to Reg: 0x07 Val: 0x00000C78
In clock cycle: 165486
Register Write to Reg: 0x01 Val: 0x0000101C
In clock cycle: 165486
Memory Write to Addr: 0x00000000 Val: 0x00000000
In clock cycle: 165717
Register Write to Reg: 0x05 Val: 0x0FC11000
In clock cycle: 165718
Register Write to Reg: 0x05 Val: 0x00000000
In clock cycle: 165719
Register Write to Reg: 0x06 Val: 0x0FC11008
In clock cycle: 165720
Register Write to Reg: 0x06 Val: 0xFFFFFBD8
In clock cycle: 165721
Register Write to Reg: 0x07 Val: 0x00001010
In clock cycle: 165722
Register Write to Reg: 0x07 Val: 0x00000C84
In clock cycle: 165723
Register Write to Reg: 0x01 Val: 0x0000101C
In clock cycle: 165723
Memory Write to Addr: 0x00000000 Val: 0x00000000
In clock cycle: 165951
Register Write to Reg: 0x05 Val: 0x0FC11000
In clock cycle: 165952
Register Write to Reg: 0x05 Val: 0x00000000
In clock cycle: 165953
Register Write to Reg: 0x06 Val: 0x0FC11008
In clock cycle: 165954
Register Write to Reg: 0x06 Val: 0xFFFFFBD4
In clock cycle: 165955
Register Write to Reg: 0x07 Val: 0x00001010
In clock cycle: 165956
Register Write to Reg: 0x07 Val: 0x00000C90
In clock cycle: 165957
Register Write to Reg: 0x01 Val: 0x0000101C
In clock cycle: 165957
Memory Write to Addr: 0x00000000 Val: 0x00000000
In clock cycle: 166182
Register Write to Reg: 0x05 Val: 0x0FC11000
In clock cycle: 166183
Register Write to Reg: 0x05 Val: 0x00000000
In clock cycle: 166184
Register Write to Reg: 0x06 Val: 0x0FC11008
In clock cycle: 166185
Register Write to Reg: 0x06 Val: 0xFFFFFBD0
In clock cycle: 166186
Register Write to Reg: 0x07 Val: 0x00001010
In clock cycle: 166187
Register Write to Reg: 0x07 Val: 0x00000C9C
In clock cycle: 166188
Register Write to Reg: 0x01 Val: 0x0000101C
In clock cycle: 166188
Memory Write to Addr: 0x00000000 Val: 0x00000000
In clock cycle: 166410
Register Write to Reg: 0x05 Val: 0x0FC11000
In clock cycle: 166411
Register Write to Reg: 0x05 Val: 0x00000000
In clock cycle: 166412
Register Write to Reg: 0x06 Val: 0x0FC11008
In clock cycle: 166413
Register Write to Reg: 0x06 Val: 0xFFFFFBCC
In clock cycle: 166414
Register Write to Reg: 0x07 Val: 0x00001010
In clock cycle: 166415
Register Write to Reg: 0x07 Val: 0x00000CA8
In clock cycle: 166416
Register Write to Reg: 0x01 Val: 0x0000101C
In clock cycle: 166416
Memory Write to Addr: 0x00000000 Val: 0x00000000
In clock cycle: 166635
Register Write to Reg: 0x05 Val: 0x0FC11000
In clock cycle: 166636
Register Write to Reg: 0x05 Val: 0x00000000
In clock cycle: 166637
Register Write to Reg: 0x06 Val: 0x0FC11008
In clock cycle: 166638
Register Write to Reg: 0x06 Val: 0xFFFFFBC8
In clock cycle: 166639
Register Write to Reg: 0x07 Val: 0x00001010
In clock cycle: 166640
Register Write to Reg: 0x07 Val: 0x00000CB4
In clock cycle: 166641
Register Write to Reg: 0x01 Val: 0x0000101C
In clock cycle: 166641
Memory Write to Addr: 0x00000000 Val: 0x00000000
In clock cycle: 166857
Register Write to Reg: 0x05 Val: 0x0FC11000
In clock cycle: 166858
Register Write to Reg: 0x05 Val: 0x00000000
In clock cycle: 166859
Register Write to Reg: 0x06 Val: 0x0FC11008
In clock cycle: 166860
Register Write to Reg: 0x06 Val: 0xFFFFFBC4
In clock cycle: 166861
Register Write to Reg: 0x07 Val: 0x00001010
In clock cycle: 166862
Register Write to Reg: 0x07 Val: 0x00000CC0
In clock cycle: 166863
Register Write to Reg: 0x01 Val: 0x0000101C
In clock cycle: 166863
Memory Write to Addr: 0x00000000 Val: 0x00000000
In clock cycle: 167076
Register Write to Reg: 0x05 Val: 0x0FC11000
In clock cycle: 167077
Register Write to Reg: 0x05 Val: 0x00000000
In clock cycle: 167078
Register Write to Reg: 0x06 Val: 0x0FC11008
In clock cycle: 167079
Register Write to Reg: 0x06 Val: 0xFFFFFBC0
In clock cycle: 167080
Register Write to Reg: 0x07 Val: 0x00001010
In clock cycle: 167081
Register Write to Reg: 0x07 Val: 0x00000CCC
In clock cycle: 167082
Register Write to Reg: 0x01 Val: 0x0000101C
In clock cycle: 167082
Memory Write to Addr: 0x00000000 Val: 0x00000000
In clock cycle: 167292
Register Write to Reg: 0x05 Val: 0x0FC11000
In clock cycle: 167293
Register Write to Reg: 0x05 Val: 0x00000000
In clock cycle: 167294
Register Write to Reg: 0x06 Val: 0x0FC11008
In clock cycle: 167295
Register Write to Reg: 0x06 Val: 0xFFFFFBBC
In clock cycle: 167296
Register Write to Reg: 0x07 Val: 0x00001010
In clock cycle: 167297
Register Write to Reg: 0x07 Val: 0x00000CD8
In clock cycle: 167298
Register Write to Reg: 0x01 Val: 0x0000101C
In clock cycle: 167298
Memory Write to Addr: 0x00000000 Val: 0x00000000
In clock cycle: 167505
Register Write to Reg: 0x05 Val: 0x0FC11000
In clock cycle: 167506
Register Write to Reg: 0x05 Val: 0x00000000
In clock cycle: 167507
Register Write to Reg: 0x06 Val: 0x0FC11008
In clock cycle: 167508
Register Write to Reg: 0x06 Val: 0xFFFFFBB8
In clock cycle: 167509
Register Write to Reg: 0x07 Val: 0x00001010
In clock cycle: 167510
Register Write to Reg: 0x07 Val: 0x00000CE4
In clock cycle: 167511
Register Write to Reg: 0x01 Val: 0x0000101C
In clock cycle: 167511
Memory Write to Addr: 0x00000000 Val: 0x00000000
In clock cycle: 167715
Register Write to Reg: 0x05 Val: 0x0FC11000
In clock cycle: 167716
Register Write to Reg: 0x05 Val: 0x00000000
In clock cycle: 167717
Register Write to Reg: 0x06 Val: 0x0FC11008
In clock cycle: 167718
Register Write to Reg: 0x06 Val: 0xFFFFFBB4
In clock cycle: 167719
Register Write to Reg: 0x07 Val: 0x00001010
In clock cycle: 167720
Register Write to Reg: 0x07 Val: 0x00000CF0
In clock cycle: 167721
Register Write to Reg: 0x01 Val: 0x0000101C
In clock cycle: 167721
Memory Write to Addr: 0x00000000 Val: 0x00000000
In clock cycle: 167922
Register Write to Reg: 0x05 Val: 0x0FC11000
In clock cycle: 167923
Register Write to Reg: 0x05 Val: 0x00000000
In clock cycle: 167924
Register Write to Reg: 0x06 Val: 0x0FC11008
In clock cycle: 167925
Register Write to Reg: 0x06 Val: 0xFFFFFBB0
In clock cycle: 167926
Register Write to Reg: 0x07 Val: 0x00001010
In clock cycle: 167927
Register Write to Reg: 0x07 Val: 0x00000CFC
In clock cycle: 167928
Register Write to Reg: 0x01 Val: 0x0000101C
In clock cycle: 167928
Memory Write to Addr: 0x00000000 Val: 0x00000000
In clock cycle: 168126
Register Write to Reg: 0x05 Val: 0x0FC11000
In clock cycle: 168127
Register Write to Reg: 0x05 Val: 0x00000000
In clock cycle: 168128
Register Write to Reg: 0x06 Val: 0x0FC11008
In clock cycle: 168129
Register Write to Reg: 0x06 Val: 0xFFFFFBAC
In clock cycle: 168130
Register Write to Reg: 0x07 Val: 0x00001010
In clock cycle: 168131
Register Write to Reg: 0x07 Val: 0x00000D08
In clock cycle: 168132
Register Write to Reg: 0x01 Val: 0x0000101C
In clock cycle: 168132
Memory Write to Addr: 0x00000000 Val: 0x00000000
In clock cycle: 168327
Register Write to Reg: 0x05 Val: 0x0FC11000
In clock cycle: 168328
Register Write to Reg: 0x05 Val: 0x00000000
In clock cycle: 168329
Register Write to Reg: 0x06 Val: 0x0FC11008
In clock cycle: 168330
Register Write to Reg: 0x06 Val: 0xFFFFFBA8
In clock cycle: 168331
Register Write to Reg: 0x07 Val: 0x00001010
In clock cycle: 168332
Register Write to Reg: 0x07 Val: 0x00000D14
In clock cycle: 168333
Register Write to Reg: 0x01 Val: 0x0000101C
In clock cycle: 168333
Memory Write to Addr: 0x00000000 Val: 0x00000000
In clock cycle: 168525
Register Write to Reg: 0x05 Val: 0x0FC11000
In clock cycle: 168526
Register Write to Reg: 0x05 Val: 0x00000000
In clock cycle: 168527
Register Write to Reg: 0x06 Val: 0x0FC11008
In clock cycle: 168528
Register Write to Reg: 0x06 Val: 0xFFFFFBA4
In clock cycle: 168529
Register Write to Reg: 0x07 Val: 0x00001010
In clock cycle: 168530
Register Write to Reg: 0x07 Val: 0x00000D20
In clock cycle: 168531
Register Write to Reg: 0x01 Val: 0x0000101C
In clock cycle: 168531
Memory Write to Addr: 0x00000000 Val: 0x00000000
In clock cycle: 168720
Register Write to Reg: 0x05 Val: 0x0FC11000
In clock cycle: 168721
Register Write to Reg: 0x05 Val: 0x00000000
In clock cycle: 168722
Register Write to Reg: 0x06 Val: 0x0FC11008
In clock cycle: 168723
Register Write to Reg: 0x06 Val: 0xFFFFFBA0
In clock cycle: 168724
Register Write to Reg: 0x07 Val: 0x00001010
In clock cycle: 168725
Register Write to Reg: 0x07 Val: 0x00000D2C
In clock cycle: 168726
Register Write to Reg: 0x01 Val: 0x0000101C
In clock cycle: 168726
Memory Write to Addr: 0x00000000 Val: 0x00000000
In clock cycle: 168912
Register Write to Reg: 0x05 Val: 0x0FC11000
In clock cycle: 168913
Register Write to Reg: 0x05 Val: 0x00000000
In clock cycle: 168914
Register Write to Reg: 0x06 Val: 0x0FC11008
In clock cycle: 168915
Register Write to Reg: 0x06 Val: 0xFFFFFB9C
In clock cycle: 168916
Register Write to Reg: 0x07 Val: 0x00001010
In clock cycle: 168917
Register Write to Reg: 0x07 Val: 0x00000D38
In clock cycle: 168918
Register Write to Reg: 0x01 Val: 0x0000101C
In clock cycle: 168918
Memory Write to Addr: 0x00000000 Val: 0x00000000
In clock cycle: 169101
Register Write to Reg: 0x05 Val: 0x0FC11000
In clock cycle: 169102
Register Write to Reg: 0x05 Val: 0x00000000
In clock cycle: 169103
Register Write to Reg: 0x06 Val: 0x0FC11008
In clock cycle: 169104
Register Write to Reg: 0x06 Val: 0xFFFFFB98
In clock cycle: 169105
Register Write to Reg: 0x07 Val: 0x00001010
In clock cycle: 169106
Register Write to Reg: 0x07 Val: 0x00000D44
In clock cycle: 169107
Register Write to Reg: 0x01 Val: 0x0000101C
In clock cycle: 169107
Memory Write to Addr: 0x00000000 Val: 0x00000000
In clock cycle: 169287
Register Write to Reg: 0x05 Val: 0x0FC11000
In clock cycle: 169288
Register Write to Reg: 0x05 Val: 0x00000000
In clock cycle: 169289
Register Write to Reg: 0x06 Val: 0x0FC11008
In clock cycle: 169290
Register Write to Reg: 0x06 Val: 0xFFFFFB94
In clock cycle: 169291
Register Write to Reg: 0x07 Val: 0x00001010
In clock cycle: 169292
Register Write to Reg: 0x07 Val: 0x00000D50
In clock cycle: 169293
Register Write to Reg: 0x01 Val: 0x0000101C
In clock cycle: 169293
Memory Write to Addr: 0x00000000 Val: 0x00000000
In clock cycle: 169470
Register Write to Reg: 0x05 Val: 0x0FC11000
In clock cycle: 169471
Register Write to Reg: 0x05 Val: 0x00000000
In clock cycle: 169472
Register Write to Reg: 0x06 Val: 0x0FC11008
In clock cycle: 169473
Register Write to Reg: 0x06 Val: 0xFFFFFB90
In clock cycle: 169474
Register Write to Reg: 0x07 Val: 0x00001010
In clock cycle: 169475
Register Write to Reg: 0x07 Val: 0x00000D5C
In clock cycle: 169476
Register Write to Reg: 0x01 Val: 0x0000101C
In clock cycle: 169476
Memory Write to Addr: 0x00000000 Val: 0x00000000
In clock cycle: 169650
Register Write to Reg: 0x05 Val: 0x0FC11000
In clock cycle: 169651
Register Write to Reg: 0x05 Val: 0x00000000
In clock cycle: 169652
Register Write to Reg: 0x06 Val: 0x0FC11008
In clock cycle: 169653
Register Write to Reg: 0x06 Val: 0xFFFFFB8C
In clock cycle: 169654
Register Write to Reg: 0x07 Val: 0x00001010
In clock cycle: 169655
Register Write to Reg: 0x07 Val: 0x00000D68
In clock cycle: 169656
Register Write to Reg: 0x01 Val: 0x0000101C
In clock cycle: 169656
Memory Write to Addr: 0x00000000 Val: 0x00000000
In clock cycle: 169827
Register Write to Reg: 0x05 Val: 0x0FC11000
In clock cycle: 169828
Register Write to Reg: 0x05 Val: 0x00000000
In clock cycle: 169829
Register Write to Reg: 0x06 Val: 0x0FC11008
In clock cycle: 169830
Register Write to Reg: 0x06 Val: 0xFFFFFB88
In clock cycle: 169831
Register Write to Reg: 0x07 Val: 0x00001010
In clock cycle: 169832
Register Write to Reg: 0x07 Val: 0x00000D74
In clock cycle: 169833
Register Write to Reg: 0x01 Val: 0x0000101C
In clock cycle: 169833
Memory Write to Addr: 0x00000000 Val: 0x00000000
In clock cycle: 170001
Register Write to Reg: 0x05 Val: 0x0FC11000
In clock cycle: 170002
Register Write to Reg: 0x05 Val: 0x00000000
In clock cycle: 170003
Register Write to Reg: 0x06 Val: 0x0FC11008
In clock cycle: 170004
Register Write to Reg: 0x06 Val: 0xFFFFFB84
In clock cycle: 170005
Register Write to Reg: 0x07 Val: 0x00001010
In clock cycle: 170006
Register Write to Reg: 0x07 Val: 0x00000D80
In clock cycle: 170007
Register Write to Reg: 0x01 Val: 0x0000101C
In clock cycle: 170007
Memory Write to Addr: 0x00000000 Val: 0x00000000
In clock cycle: 170172
Register Write to Reg: 0x05 Val: 0x0FC11000
In clock cycle: 170173
Register Write to Reg: 0x05 Val: 0x00000000
In clock cycle: 170174
Register Write to Reg: 0x06 Val: 0x0FC11008
In clock cycle: 170175
Register Write to Reg: 0x06 Val: 0xFFFFFB80
In clock cycle: 170176
Register Write to Reg: 0x07 Val: 0x00001010
In clock cycle: 170177
Register Write to Reg: 0x07 Val: 0x00000D8C
In clock cycle: 170178
Register Write to Reg: 0x01 Val: 0x0000101C
In clock cycle: 170178
Memory Write to Addr: 0x00000000 Val: 0x00000000
In clock cycle: 170340
Register Write to Reg: 0x05 Val: 0x0FC11000
In clock cycle: 170341
Register Write to Reg: 0x05 Val: 0x00000000
In clock cycle: 170342
Register Write to Reg: 0x06 Val: 0x0FC11008
In clock cycle: 170343
Register Write to Reg: 0x06 Val: 0xFFFFFB7C
In clock cycle: 170344
Register Write to Reg: 0x07 Val: 0x00001010
In clock cycle: 170345
Register Write to Reg: 0x07 Val: 0x00000D98
In clock cycle: 170346
Register Write to Reg: 0x01 Val: 0x0000101C
In clock cycle: 170346
Memory Write to Addr: 0x00000000 Val: 0x00000000
In clock cycle: 170505
Register Write to Reg: 0x05 Val: 0x0FC11000
In clock cycle: 170506
Register Write to Reg: 0x05 Val: 0x00000000
In clock cycle: 170507
Register Write to Reg: 0x06 Val: 0x0FC11008
In clock cycle: 170508
Register Write to Reg: 0x06 Val: 0xFFFFFB78
In clock cycle: 170509
Register Write to Reg: 0x07 Val: 0x00001010
In clock cycle: 170510
Register Write to Reg: 0x07 Val: 0x00000DA4
In clock cycle: 170511
Register Write to Reg: 0x01 Val: 0x0000101C
In clock cycle: 170511
Memory Write to Addr: 0x00000000 Val: 0x00000000
In clock cycle: 170667
Register Write to Reg: 0x05 Val: 0x0FC11000
In clock cycle: 170668
Register Write to Reg: 0x05 Val: 0x00000000
In clock cycle: 170669
Register Write to Reg: 0x06 Val: 0x0FC11008
In clock cycle: 170670
Register Write to Reg: 0x06 Val: 0xFFFFFB74
In clock cycle: 170671
Register Write to Reg: 0x07 Val: 0x00001010
In clock cycle: 170672
Register Write to Reg: 0x07 Val: 0x00000DB0
In clock cycle: 170673
Register Write to Reg: 0x01 Val: 0x0000101C
In clock cycle: 170673
Memory Write to Addr: 0x00000000 Val: 0x00000000
In clock cycle: 170826
Register Write to Reg: 0x05 Val: 0x0FC11000
In clock cycle: 170827
Register Write to Reg: 0x05 Val: 0x00000000
In clock cycle: 170828
Register Write to Reg: 0x06 Val: 0x0FC11008
In clock cycle: 170829
Register Write to Reg: 0x06 Val: 0xFFFFFB70
In clock cycle: 170830
Register Write to Reg: 0x07 Val: 0x00001010
In clock cycle: 170831
Register Write to Reg: 0x07 Val: 0x00000DBC
In clock cycle: 170832
Register Write to Reg: 0x01 Val: 0x0000101C
In clock cycle: 170832
Memory Write to Addr: 0x00000000 Val: 0x00000000
In clock cycle: 170982
Register Write to Reg: 0x05 Val: 0x0FC11000
In clock cycle: 170983
Register Write to Reg: 0x05 Val: 0x00000000
In clock cycle: 170984
Register Write to Reg: 0x06 Val: 0x0FC11008
In clock cycle: 170985
Register Write to Reg: 0x06 Val: 0xFFFFFB6C
In clock cycle: 170986
Register Write to Reg: 0x07 Val: 0x00001010
In clock cycle: 170987
Register Write to Reg: 0x07 Val: 0x00000DC8
In clock cycle: 170988
Register Write to Reg: 0x01 Val: 0x0000101C
In clock cycle: 170988
Memory Write to Addr: 0x00000000 Val: 0x00000000
In clock cycle: 171135
Register Write to Reg: 0x05 Val: 0x0FC11000
In clock cycle: 171136
Register Write to Reg: 0x05 Val: 0x00000000
In clock cycle: 171137
Register Write to Reg: 0x06 Val: 0x0FC11008
In clock cycle: 171138
Register Write to Reg: 0x06 Val: 0xFFFFFB68
In clock cycle: 171139
Register Write to Reg: 0x07 Val: 0x00001010
In clock cycle: 171140
Register Write to Reg: 0x07 Val: 0x00000DD4
In clock cycle: 171141
Register Write to Reg: 0x01 Val: 0x0000101C
In clock cycle: 171141
Memory Write to Addr: 0x00000000 Val: 0x00000000
In clock cycle: 171285
Register Write to Reg: 0x05 Val: 0x0FC11000
In clock cycle: 171286
Register Write to Reg: 0x05 Val: 0x00000000
In clock cycle: 171287
Register Write to Reg: 0x06 Val: 0x0FC11008
In clock cycle: 171288
Register Write to Reg: 0x06 Val: 0xFFFFFB64
In clock cycle: 171289
Register Write to Reg: 0x07 Val: 0x00001010
In clock cycle: 171290
Register Write to Reg: 0x07 Val: 0x00000DE0
In clock cycle: 171291
Register Write to Reg: 0x01 Val: 0x0000101C
In clock cycle: 171291
Memory Write to Addr: 0x00000000 Val: 0x00000000
In clock cycle: 171432
Register Write to Reg: 0x05 Val: 0x0FC11000
In clock cycle: 171433
Register Write to Reg: 0x05 Val: 0x00000000
In clock cycle: 171434
Register Write to Reg: 0x06 Val: 0x0FC11008
In clock cycle: 171435
Register Write to Reg: 0x06 Val: 0xFFFFFB60
In clock cycle: 171436
Register Write to Reg: 0x07 Val: 0x00001010
In clock cycle: 171437
Register Write to Reg: 0x07 Val: 0x00000DEC
In clock cycle: 171438
Register Write to Reg: 0x01 Val: 0x0000101C
In clock cycle: 171438
Memory Write to Addr: 0x00000000 Val: 0x00000000
In clock cycle: 171576
Register Write to Reg: 0x05 Val: 0x0FC11000
In clock cycle: 171577
Register Write to Reg: 0x05 Val: 0x00000000
In clock cycle: 171578
Register Write to Reg: 0x06 Val: 0x0FC11008
In clock cycle: 171579
Register Write to Reg: 0x06 Val: 0xFFFFFB5C
In clock cycle: 171580
Register Write to Reg: 0x07 Val: 0x00001010
In clock cycle: 171581
Register Write to Reg: 0x07 Val: 0x00000DF8
In clock cycle: 171582
Register Write to Reg: 0x01 Val: 0x0000101C
In clock cycle: 171582
Memory Write to Addr: 0x00000000 Val: 0x00000000
In clock cycle: 171717
Register Write to Reg: 0x05 Val: 0x0FC11000
In clock cycle: 171718
Register Write to Reg: 0x05 Val: 0x00000000
In clock cycle: 171719
Register Write to Reg: 0x06 Val: 0x0FC11008
In clock cycle: 171720
Register Write to Reg: 0x06 Val: 0xFFFFFB58
In clock cycle: 171721
Register Write to Reg: 0x07 Val: 0x00001010
In clock cycle: 171722
Register Write to Reg: 0x07 Val: 0x00000E04
In clock cycle: 171723
Register Write to Reg: 0x01 Val: 0x0000101C
In clock cycle: 171723
Memory Write to Addr: 0x00000000 Val: 0x00000000
In clock cycle: 171855
Register Write to Reg: 0x05 Val: 0x0FC11000
In clock cycle: 171856
Register Write to Reg: 0x05 Val: 0x00000000
In clock cycle: 171857
Register Write to Reg: 0x06 Val: 0x0FC11008
In clock cycle: 171858
Register Write to Reg: 0x06 Val: 0xFFFFFB54
In clock cycle: 171859
Register Write to Reg: 0x07 Val: 0x00001010
In clock cycle: 171860
Register Write to Reg: 0x07 Val: 0x00000E10
In clock cycle: 171861
Register Write to Reg: 0x01 Val: 0x0000101C
In clock cycle: 171861
Memory Write to Addr: 0x00000000 Val: 0x00000000
In clock cycle: 171990
Register Write to Reg: 0x05 Val: 0x0FC11000
In clock cycle: 171991
Register Write to Reg: 0x05 Val: 0x00000000
In clock cycle: 171992
Register Write to Reg: 0x06 Val: 0x0FC11008
In clock cycle: 171993
Register Write to Reg: 0x06 Val: 0xFFFFFB50
In clock cycle: 171994
Register Write to Reg: 0x07 Val: 0x00001010
In clock cycle: 171995
Register Write to Reg: 0x07 Val: 0x00000E1C
In clock cycle: 171996
Register Write to Reg: 0x01 Val: 0x0000101C
In clock cycle: 171996
Memory Write to Addr: 0x00000000 Val: 0x00000000
In clock cycle: 172122
Register Write to Reg: 0x05 Val: 0x0FC11000
In clock cycle: 172123
Register Write to Reg: 0x05 Val: 0x00000000
In clock cycle: 172124
Register Write to Reg: 0x06 Val: 0x0FC11008
In clock cycle: 172125
Register Write to Reg: 0x06 Val: 0xFFFFFB4C
In clock cycle: 172126
Register Write to Reg: 0x07 Val: 0x00001010
In clock cycle: 172127
Register Write to Reg: 0x07 Val: 0x00000E28
In clock cycle: 172128
Register Write to Reg: 0x01 Val: 0x0000101C
In clock cycle: 172128
Memory Write to Addr: 0x00000000 Val: 0x00000000
In clock cycle: 172251
Register Write to Reg: 0x05 Val: 0x0FC11000
In clock cycle: 172252
Register Write to Reg: 0x05 Val: 0x00000000
In clock cycle: 172253
Register Write to Reg: 0x06 Val: 0x0FC11008
In clock cycle: 172254
Register Write to Reg: 0x06 Val: 0xFFFFFB48
In clock cycle: 172255
Register Write to Reg: 0x07 Val: 0x00001010
In clock cycle: 172256
Register Write to Reg: 0x07 Val: 0x00000E34
In clock cycle: 172257
Register Write to Reg: 0x01 Val: 0x0000101C
In clock cycle: 172257
Memory Write to Addr: 0x00000000 Val: 0x00000000
In clock cycle: 172377
Register Write to Reg: 0x05 Val: 0x0FC11000
In clock cycle: 172378
Register Write to Reg: 0x05 Val: 0x00000000
In clock cycle: 172379
Register Write to Reg: 0x06 Val: 0x0FC11008
In clock cycle: 172380
Register Write to Reg: 0x06 Val: 0xFFFFFB44
In clock cycle: 172381
Register Write to Reg: 0x07 Val: 0x00001010
In clock cycle: 172382
Register Write to Reg: 0x07 Val: 0x00000E40
In clock cycle: 172383
Register Write to Reg: 0x01 Val: 0x0000101C
In clock cycle: 172383
Memory Write to Addr: 0x00000000 Val: 0x00000000
In clock cycle: 172500
Register Write to Reg: 0x05 Val: 0x0FC11000
In clock cycle: 172501
Register Write to Reg: 0x05 Val: 0x00000000
In clock cycle: 172502
Register Write to Reg: 0x06 Val: 0x0FC11008
In clock cycle: 172503
Register Write to Reg: 0x06 Val: 0xFFFFFB40
In clock cycle: 172504
Register Write to Reg: 0x07 Val: 0x00001010
In clock cycle: 172505
Register Write to Reg: 0x07 Val: 0x00000E4C
In clock cycle: 172506
Register Write to Reg: 0x01 Val: 0x0000101C
In clock cycle: 172506
Memory Write to Addr: 0x00000000 Val: 0x00000000
In clock cycle: 172620
Register Write to Reg: 0x05 Val: 0x0FC11000
In clock cycle: 172621
Register Write to Reg: 0x05 Val: 0x00000000
In clock cycle: 172622
Register Write to Reg: 0x06 Val: 0x0FC11008
In clock cycle: 172623
Register Write to Reg: 0x06 Val: 0xFFFFFB3C
In clock cycle: 172624
Register Write to Reg: 0x07 Val: 0x00001010
In clock cycle: 172625
Register Write to Reg: 0x07 Val: 0x00000E58
In clock cycle: 172626
Register Write to Reg: 0x01 Val: 0x0000101C
In clock cycle: 172626
Memory Write to Addr: 0x00000000 Val: 0x00000000
In clock cycle: 172737
Register Write to Reg: 0x05 Val: 0x0FC11000
In clock cycle: 172738
Register Write to Reg: 0x05 Val: 0x00000000
In clock cycle: 172739
Register Write to Reg: 0x06 Val: 0x0FC11008
In clock cycle: 172740
Register Write to Reg: 0x06 Val: 0xFFFFFB38
In clock cycle: 172741
Register Write to Reg: 0x07 Val: 0x00001010
In clock cycle: 172742
Register Write to Reg: 0x07 Val: 0x00000E64
In clock cycle: 172743
Register Write to Reg: 0x01 Val: 0x0000101C
In clock cycle: 172743
Memory Write to Addr: 0x00000000 Val: 0x00000000
In clock cycle: 172851
Register Write to Reg: 0x05 Val: 0x0FC11000
In clock cycle: 172852
Register Write to Reg: 0x05 Val: 0x00000000
In clock cycle: 172853
Register Write to Reg: 0x06 Val: 0x0FC11008
In clock cycle: 172854
Register Write to Reg: 0x06 Val: 0xFFFFFB34
In clock cycle: 172855
Register Write to Reg: 0x07 Val: 0x00001010
In clock cycle: 172856
Register Write to Reg: 0x07 Val: 0x00000E70
In clock cycle: 172857
Register Write to Reg: 0x01 Val: 0x0000101C
In clock cycle: 172857
Memory Write to Addr: 0x00000000 Val: 0x00000000
In clock cycle: 172962
Register Write to Reg: 0x05 Val: 0x0FC11000
In clock cycle: 172963
Register Write to Reg: 0x05 Val: 0x00000000
In clock cycle: 172964
Register Write to Reg: 0x06 Val: 0x0FC11008
In clock cycle: 172965
Register Write to Reg: 0x06 Val: 0xFFFFFB30
In clock cycle: 172966
Register Write to Reg: 0x07 Val: 0x00001010
In clock cycle: 172967
Register Write to Reg: 0x07 Val: 0x00000E7C
In clock cycle: 172968
Register Write to Reg: 0x01 Val: 0x0000101C
In clock cycle: 172968
Memory Write to Addr: 0x00000000 Val: 0x00000000
In clock cycle: 173070
Register Write to Reg: 0x05 Val: 0x0FC11000
In clock cycle: 173071
Register Write to Reg: 0x05 Val: 0x00000000
In clock cycle: 173072
Register Write to Reg: 0x06 Val: 0x0FC11008
In clock cycle: 173073
Register Write to Reg: 0x06 Val: 0xFFFFFB2C
In clock cycle: 173074
Register Write to Reg: 0x07 Val: 0x00001010
In clock cycle: 173075
Register Write to Reg: 0x07 Val: 0x00000E88
In clock cycle: 173076
Register Write to Reg: 0x01 Val: 0x0000101C
In clock cycle: 173076
Memory Write to Addr: 0x00000000 Val: 0x00000000
In clock cycle: 173175
Register Write to Reg: 0x05 Val: 0x0FC11000
In clock cycle: 173176
Register Write to Reg: 0x05 Val: 0x00000000
In clock cycle: 173177
Register Write to Reg: 0x06 Val: 0x0FC11008
In clock cycle: 173178
Register Write to Reg: 0x06 Val: 0xFFFFFB28
In clock cycle: 173179
Register Write to Reg: 0x07 Val: 0x00001010
In clock cycle: 173180
Register Write to Reg: 0x07 Val: 0x00000E94
In clock cycle: 173181
Register Write to Reg: 0x01 Val: 0x0000101C
In clock cycle: 173181
Memory Write to Addr: 0x00000000 Val: 0x00000000
In clock cycle: 173277
Register Write to Reg: 0x05 Val: 0x0FC11000
In clock cycle: 173278
Register Write to Reg: 0x05 Val: 0x00000000
In clock cycle: 173279
Register Write to Reg: 0x06 Val: 0x0FC11008
In clock cycle: 173280
Register Write to Reg: 0x06 Val: 0xFFFFFB24
In clock cycle: 173281
Register Write to Reg: 0x07 Val: 0x00001010
In clock cycle: 173282
Register Write to Reg: 0x07 Val: 0x00000EA0
In clock cycle: 173283
Register Write to Reg: 0x01 Val: 0x0000101C
In clock cycle: 173283
Memory Write to Addr: 0x00000000 Val: 0x00000000
In clock cycle: 173376
Register Write to Reg: 0x05 Val: 0x0FC11000
In clock cycle: 173377
Register Write to Reg: 0x05 Val: 0x00000000
In clock cycle: 173378
Register Write to Reg: 0x06 Val: 0x0FC11008
In clock cycle: 173379
Register Write to Reg: 0x06 Val: 0xFFFFFB20
In clock cycle: 173380
Register Write to Reg: 0x07 Val: 0x00001010
In clock cycle: 173381
Register Write to Reg: 0x07 Val: 0x00000EAC
In clock cycle: 173382
Register Write to Reg: 0x01 Val: 0x0000101C
In clock cycle: 173382
Memory Write to Addr: 0x00000000 Val: 0x00000000
In clock cycle: 173472
Register Write to Reg: 0x05 Val: 0x0FC11000
In clock cycle: 173473
Register Write to Reg: 0x05 Val: 0x00000000
In clock cycle: 173474
Register Write to Reg: 0x06 Val: 0x0FC11008
In clock cycle: 173475
Register Write to Reg: 0x06 Val: 0xFFFFFB1C
In clock cycle: 173476
Register Write to Reg: 0x07 Val: 0x00001010
In clock cycle: 173477
Register Write to Reg: 0x07 Val: 0x00000EB8
In clock cycle: 173478
Register Write to Reg: 0x01 Val: 0x0000101C
In clock cycle: 173478
Memory Write to Addr: 0x00000000 Val: 0x00000000
In clock cycle: 173565
Register Write to Reg: 0x05 Val: 0x0FC11000
In clock cycle: 173566
Register Write to Reg: 0x05 Val: 0x00000000
In clock cycle: 173567
Register Write to Reg: 0x06 Val: 0x0FC11008
In clock cycle: 173568
Register Write to Reg: 0x06 Val: 0xFFFFFB18
In clock cycle: 173569
Register Write to Reg: 0x07 Val: 0x00001010
In clock cycle: 173570
Register Write to Reg: 0x07 Val: 0x00000EC4
In clock cycle: 173571
Register Write to Reg: 0x01 Val: 0x0000101C
In clock cycle: 173571
Memory Write to Addr: 0x00000000 Val: 0x00000000
In clock cycle: 173655
Register Write to Reg: 0x05 Val: 0x0FC11000
In clock cycle: 173656
Register Write to Reg: 0x05 Val: 0x00000000
In clock cycle: 173657
Register Write to Reg: 0x06 Val: 0x0FC11008
In clock cycle: 173658
Register Write to Reg: 0x06 Val: 0xFFFFFB14
In clock cycle: 173659
Register Write to Reg: 0x07 Val: 0x00001010
In clock cycle: 173660
Register Write to Reg: 0x07 Val: 0x00000ED0
In clock cycle: 173661
Register Write to Reg: 0x01 Val: 0x0000101C
In clock cycle: 173661
Memory Write to Addr: 0x00000000 Val: 0x00000000
In clock cycle: 173742
Register Write to Reg: 0x05 Val: 0x0FC11000
In clock cycle: 173743
Register Write to Reg: 0x05 Val: 0x00000000
In clock cycle: 173744
Register Write to Reg: 0x06 Val: 0x0FC11008
In clock cycle: 173745
Register Write to Reg: 0x06 Val: 0xFFFFFB10
In clock cycle: 173746
Register Write to Reg: 0x07 Val: 0x00001010
In clock cycle: 173747
Register Write to Reg: 0x07 Val: 0x00000EDC
In clock cycle: 173748
Register Write to Reg: 0x01 Val: 0x0000101C
In clock cycle: 173748
Memory Write to Addr: 0x00000000 Val: 0x00000000
In clock cycle: 173826
Register Write to Reg: 0x05 Val: 0x0FC11000
In clock cycle: 173827
Register Write to Reg: 0x05 Val: 0x00000000
In clock cycle: 173828
Register Write to Reg: 0x06 Val: 0x0FC11008
In clock cycle: 173829
Register Write to Reg: 0x06 Val: 0xFFFFFB0C
In clock cycle: 173830
Register Write to Reg: 0x07 Val: 0x00001010
In clock cycle: 173831
Register Write to Reg: 0x07 Val: 0x00000EE8
In clock cycle: 173832
Register Write to Reg: 0x01 Val: 0x0000101C
In clock cycle: 173832
Memory Write to Addr: 0x00000000 Val: 0x00000000
In clock cycle: 173907
Register Write to Reg: 0x05 Val: 0x0FC11000
In clock cycle: 173908
Register Write to Reg: 0x05 Val: 0x00000000
In clock cycle: 173909
Register Write to Reg: 0x06 Val: 0x0FC11008
In clock cycle: 173910
Register Write to Reg: 0x06 Val: 0xFFFFFB08
In clock cycle: 173911
Register Write to Reg: 0x07 Val: 0x00001010
In clock cycle: 173912
Register Write to Reg: 0x07 Val: 0x00000EF4
In clock cycle: 173913
Register Write to Reg: 0x01 Val: 0x0000101C
In clock cycle: 173913
Memory Write to Addr: 0x00000000 Val: 0x00000000
In clock cycle: 173985
Register Write to Reg: 0x05 Val: 0x0FC11000
In clock cycle: 173986
Register Write to Reg: 0x05 Val: 0x00000000
In clock cycle: 173987
Register Write to Reg: 0x06 Val: 0x0FC11008
In clock cycle: 173988
Register Write to Reg: 0x06 Val: 0xFFFFFB04
In clock cycle: 173989
Register Write to Reg: 0x07 Val: 0x00001010
In clock cycle: 173990
Register Write to Reg: 0x07 Val: 0x00000F00
In clock cycle: 173991
Register Write to Reg: 0x01 Val: 0x0000101C
In clock cycle: 173991
Memory Write to Addr: 0x00000000 Val: 0x00000000
In clock cycle: 174060
Register Write to Reg: 0x05 Val: 0x0FC11000
In clock cycle: 174061
Register Write to Reg: 0x05 Val: 0x00000000
In clock cycle: 174062
Register Write to Reg: 0x06 Val: 0x0FC11008
In clock cycle: 174063
Register Write to Reg: 0x06 Val: 0xFFFFFB00
In clock cycle: 174064
Register Write to Reg: 0x07 Val: 0x00001010
In clock cycle: 174065
Register Write to Reg: 0x07 Val: 0x00000F0C
In clock cycle: 174066
Register Write to Reg: 0x01 Val: 0x0000101C
In clock cycle: 174066
Memory Write to Addr: 0x00000000 Val: 0x00000000
In clock cycle: 174132
Register Write to Reg: 0x05 Val: 0x0FC11000
In clock cycle: 174133
Register Write to Reg: 0x05 Val: 0x00000000
In clock cycle: 174134
Register Write to Reg: 0x06 Val: 0x0FC11008
In clock cycle: 174135
Register Write to Reg: 0x06 Val: 0xFFFFFAFC
In clock cycle: 174136
Register Write to Reg: 0x07 Val: 0x00001010
In clock cycle: 174137
Register Write to Reg: 0x07 Val: 0x00000F18
In clock cycle: 174138
Register Write to Reg: 0x01 Val: 0x0000101C
In clock cycle: 174138
Memory Write to Addr: 0x00000000 Val: 0x00000000
In clock cycle: 174201
Register Write to Reg: 0x05 Val: 0x0FC11000
In clock cycle: 174202
Register Write to Reg: 0x05 Val: 0x00000000
In clock cycle: 174203
Register Write to Reg: 0x06 Val: 0x0FC11008
In clock cycle: 174204
Register Write to Reg: 0x06 Val: 0xFFFFFAF8
In clock cycle: 174205
Register Write to Reg: 0x07 Val: 0x00001010
In clock cycle: 174206
Register Write to Reg: 0x07 Val: 0x00000F24
In clock cycle: 174207
Register Write to Reg: 0x01 Val: 0x0000101C
In clock cycle: 174207
Memory Write to Addr: 0x00000000 Val: 0x00000000
In clock cycle: 174267
Register Write to Reg: 0x05 Val: 0x0FC11000
In clock cycle: 174268
Register Write to Reg: 0x05 Val: 0x00000000
In clock cycle: 174269
Register Write to Reg: 0x06 Val: 0x0FC11008
In clock cycle: 174270
Register Write to Reg: 0x06 Val: 0xFFFFFAF4
In clock cycle: 174271
Register Write to Reg: 0x07 Val: 0x00001010
In clock cycle: 174272
Register Write to Reg: 0x07 Val: 0x00000F30
In clock cycle: 174273
Register Write to Reg: 0x01 Val: 0x0000101C
In clock cycle: 174273
Memory Write to Addr: 0x00000000 Val: 0x00000000
In clock cycle: 174330
Register Write to Reg: 0x05 Val: 0x0FC11000
In clock cycle: 174331
Register Write to Reg: 0x05 Val: 0x00000000
In clock cycle: 174332
Register Write to Reg: 0x06 Val: 0x0FC11008
In clock cycle: 174333
Register Write to Reg: 0x06 Val: 0xFFFFFAF0
In clock cycle: 174334
Register Write to Reg: 0x07 Val: 0x00001010
In clock cycle: 174335
Register Write to Reg: 0x07 Val: 0x00000F3C
In clock cycle: 174336
Register Write to Reg: 0x01 Val: 0x0000101C
In clock cycle: 174336
Memory Write to Addr: 0x00000000 Val: 0x00000000
In clock cycle: 174390
Register Write to Reg: 0x05 Val: 0x0FC11000
In clock cycle: 174391
Register Write to Reg: 0x05 Val: 0x00000000
In clock cycle: 174392
Register Write to Reg: 0x06 Val: 0x0FC11008
In clock cycle: 174393
Register Write to Reg: 0x06 Val: 0xFFFFFAEC
In clock cycle: 174394
Register Write to Reg: 0x07 Val: 0x00001010
In clock cycle: 174395
Register Write to Reg: 0x07 Val: 0x00000F48
In clock cycle: 174396
Register Write to Reg: 0x01 Val: 0x0000101C
In clock cycle: 174396
Memory Write to Addr: 0x00000000 Val: 0x00000000
In clock cycle: 174447
Register Write to Reg: 0x05 Val: 0x0FC11000
In clock cycle: 174448
Register Write to Reg: 0x05 Val: 0x00000000
In clock cycle: 174449
Register Write to Reg: 0x06 Val: 0x0FC11008
In clock cycle: 174450
Register Write to Reg: 0x06 Val: 0xFFFFFAE8
In clock cycle: 174451
Register Write to Reg: 0x07 Val: 0x00001010
In clock cycle: 174452
Register Write to Reg: 0x07 Val: 0x00000F54
In clock cycle: 174453
Register Write to Reg: 0x01 Val: 0x0000101C
In clock cycle: 174453
Memory Write to Addr: 0x00000000 Val: 0x00000000
In clock cycle: 174501
Register Write to Reg: 0x05 Val: 0x0FC11000
In clock cycle: 174502
Register Write to Reg: 0x05 Val: 0x00000000
In clock cycle: 174503
Register Write to Reg: 0x06 Val: 0x0FC11008
In clock cycle: 174504
Register Write to Reg: 0x06 Val: 0xFFFFFAE4
In clock cycle: 174505
Register Write to Reg: 0x07 Val: 0x00001010
In clock cycle: 174506
Register Write to Reg: 0x07 Val: 0x00000F60
In clock cycle: 174507
Register Write to Reg: 0x01 Val: 0x0000101C
In clock cycle: 174507
Memory Write to Addr: 0x00000000 Val: 0x00000000
In clock cycle: 174552
Register Write to Reg: 0x05 Val: 0x0FC11000
In clock cycle: 174553
Register Write to Reg: 0x05 Val: 0x00000000
In clock cycle: 174554
Register Write to Reg: 0x06 Val: 0x0FC11008
In clock cycle: 174555
Register Write to Reg: 0x06 Val: 0xFFFFFAE0
In clock cycle: 174556
Register Write to Reg: 0x07 Val: 0x00001010
In clock cycle: 174557
Register Write to Reg: 0x07 Val: 0x00000F6C
In clock cycle: 174558
Register Write to Reg: 0x01 Val: 0x0000101C
In clock cycle: 174558
Memory Write to Addr: 0x00000000 Val: 0x00000000
In clock cycle: 174600
Register Write to Reg: 0x05 Val: 0x0FC11000
In clock cycle: 174601
Register Write to Reg: 0x05 Val: 0x00000000
In clock cycle: 174602
Register Write to Reg: 0x06 Val: 0x0FC11008
In clock cycle: 174603
Register Write to Reg: 0x06 Val: 0xFFFFFADC
In clock cycle: 174604
Register Write to Reg: 0x07 Val: 0x00001010
In clock cycle: 174605
Register Write to Reg: 0x07 Val: 0x00000F78
In clock cycle: 174606
Register Write to Reg: 0x01 Val: 0x0000101C
In clock cycle: 174606
Memory Write to Addr: 0x00000000 Val: 0x00000000
In clock cycle: 174645
Register Write to Reg: 0x05 Val: 0x0FC11000
In clock cycle: 174646
Register Write to Reg: 0x05 Val: 0x00000000
In clock cycle: 174647
Register Write to Reg: 0x06 Val: 0x0FC11008
In clock cycle: 174648
Register Write to Reg: 0x06 Val: 0xFFFFFAD8
In clock cycle: 174649
Register Write to Reg: 0x07 Val: 0x00001010
In clock cycle: 174650
Register Write to Reg: 0x07 Val: 0x00000F84
In clock cycle: 174651
Register Write to Reg: 0x01 Val: 0x0000101C
In clock cycle: 174651
Memory Write to Addr: 0x00000000 Val: 0x00000000
In clock cycle: 174687
Register Write to Reg: 0x05 Val: 0x0FC11000
In clock cycle: 174688
Register Write to Reg: 0x05 Val: 0x00000000
In clock cycle: 174689
Register Write to Reg: 0x06 Val: 0x0FC11008
In clock cycle: 174690
Register Write to Reg: 0x06 Val: 0xFFFFFAD4
In clock cycle: 174691
Register Write to Reg: 0x07 Val: 0x00001010
In clock cycle: 174692
Register Write to Reg: 0x07 Val: 0x00000F90
In clock cycle: 174693
Register Write to Reg: 0x01 Val: 0x0000101C
In clock cycle: 174693
Memory Write to Addr: 0x00000000 Val: 0x00000000
In clock cycle: 174726
Register Write to Reg: 0x05 Val: 0x0FC11000
In clock cycle: 174727
Register Write to Reg: 0x05 Val: 0x00000000
In clock cycle: 174728
Register Write to Reg: 0x06 Val: 0x0FC11008
In clock cycle: 174729
Register Write to Reg: 0x06 Val: 0xFFFFFAD0
In clock cycle: 174730
Register Write to Reg: 0x07 Val: 0x00001010
In clock cycle: 174731
Register Write to Reg: 0x07 Val: 0x00000F9C
In clock cycle: 174732
Register Write to Reg: 0x01 Val: 0x0000101C
In clock cycle: 174732
Memory Write to Addr: 0x00000000 Val: 0x00000000
In clock cycle: 174762
Register Write to Reg: 0x05 Val: 0x0FC11000
In clock cycle: 174763
Register Write to Reg: 0x05 Val: 0x00000000
In clock cycle: 174764
Register Write to Reg: 0x06 Val: 0x0FC11008
In clock cycle: 174765
Register Write to Reg: 0x06 Val: 0xFFFFFACC
In clock cycle: 174766
Register Write to Reg: 0x07 Val: 0x00001010
In clock cycle: 174767
Register Write to Reg: 0x07 Val: 0x00000FA8
In clock cycle: 174768
Register Write to Reg: 0x01 Val: 0x0000101C
In clock cycle: 174768
Memory Write to Addr: 0x00000000 Val: 0x00000000
In clock cycle: 174795
Register Write to Reg: 0x05 Val: 0x0FC11000
In clock cycle: 174796
Register Write to Reg: 0x05 Val: 0x00000000
In clock cycle: 174797
Register Write to Reg: 0x06 Val: 0x0FC11008
In clock cycle: 174798
Register Write to Reg: 0x06 Val: 0xFFFFFAC8
In clock cycle: 174799
Register Write to Reg: 0x07 Val: 0x00001010
In clock cycle: 174800
Register Write to Reg: 0x07 Val: 0x00000FB4
In clock cycle: 174801
Register Write to Reg: 0x01 Val: 0x0000101C
In clock cycle: 174801
Memory Write to Addr: 0x00000000 Val: 0x00000000
In clock cycle: 174825
Register Write to Reg: 0x05 Val: 0x0FC11000
In clock cycle: 174826
Register Write to Reg: 0x05 Val: 0x00000000
In clock cycle: 174827
Register Write to Reg: 0x06 Val: 0x0FC11008
In clock cycle: 174828
Register Write to Reg: 0x06 Val: 0xFFFFFAC4
In clock cycle: 174829
Register Write to Reg: 0x07 Val: 0x00001010
In clock cycle: 174830
Register Write to Reg: 0x07 Val: 0x00000FC0
In clock cycle: 174831
Register Write to Reg: 0x01 Val: 0x0000101C
In clock cycle: 174831
Memory Write to Addr: 0x00000000 Val: 0x00000000
In clock cycle: 174852
Register Write to Reg: 0x05 Val: 0x0FC11000
In clock cycle: 174853
Register Write to Reg: 0x05 Val: 0x00000000
In clock cycle: 174854
Register Write to Reg: 0x06 Val: 0x0FC11008
In clock cycle: 174855
Register Write to Reg: 0x06 Val: 0xFFFFFAC0
In clock cycle: 174856
Register Write to Reg: 0x07 Val: 0x00001010
In clock cycle: 174857
Register Write to Reg: 0x07 Val: 0x00000FCC
In clock cycle: 174858
Register Write to Reg: 0x01 Val: 0x0000101C
In clock cycle: 174858
Memory Write to Addr: 0x00000000 Val: 0x00000000
In clock cycle: 174876
Register Write to Reg: 0x05 Val: 0x0FC11000
In clock cycle: 174877
Register Write to Reg: 0x05 Val: 0x00000000
In clock cycle: 174878
Register Write to Reg: 0x06 Val: 0x0FC11008
In clock cycle: 174879
Register Write to Reg: 0x06 Val: 0xFFFFFABC
In clock cycle: 174880
Register Write to Reg: 0x07 Val: 0x00001010
In clock cycle: 174881
Register Write to Reg: 0x07 Val: 0x00000FD8
In clock cycle: 174882
Register Write to Reg: 0x01 Val: 0x0000101C
In clock cycle: 174882
Memory Write to Addr: 0x00000000 Val: 0x00000000
In clock cycle: 174897
Register Write to Reg: 0x05 Val: 0x0FC11000
In clock cycle: 174898
Register Write to Reg: 0x05 Val: 0x00000000
In clock cycle: 174899
Register Write to Reg: 0x06 Val: 0x0FC11008
In clock cycle: 174900
Register Write to Reg: 0x06 Val: 0xFFFFFAB8
In clock cycle: 174901
Register Write to Reg: 0x07 Val: 0x00001010
In clock cycle: 174902
Register Write to Reg: 0x07 Val: 0x00000FE4
In clock cycle: 174903
Register Write to Reg: 0x01 Val: 0x0000101C
In clock cycle: 174903
Memory Write to Addr: 0x00000000 Val: 0x00000000
In clock cycle: 174915
Register Write to Reg: 0x05 Val: 0x0FC11000
In clock cycle: 174916
Register Write to Reg: 0x05 Val: 0x00000000
In clock cycle: 174917
Register Write to Reg: 0x06 Val: 0x0FC11008
In clock cycle: 174918
Register Write to Reg: 0x06 Val: 0xFFFFFAB4
In clock cycle: 174919
Register Write to Reg: 0x07 Val: 0x00001010
In clock cycle: 174920
Register Write to Reg: 0x07 Val: 0x00000FF0
In clock cycle: 174921
Register Write to Reg: 0x01 Val: 0x0000101C
In clock cycle: 174921
Memory Write to Addr: 0x00000000 Val: 0x00000000
In clock cycle: 174930
Register Write to Reg: 0x05 Val: 0x0FC11000
In clock cycle: 174931
Register Write to Reg: 0x05 Val: 0x00000000
In clock cycle: 174932
Register Write to Reg: 0x06 Val: 0x0FC11008
In clock cycle: 174933
Register Write to Reg: 0x06 Val: 0xFFFFFAB0
In clock cycle: 174934
Register Write to Reg: 0x07 Val: 0x00001010
In clock cycle: 174935
Register Write to Reg: 0x07 Val: 0x00000FFC
In clock cycle: 174936
Register Write to Reg: 0x01 Val: 0x0000101C
In clock cycle: 174936
Memory Write to Addr: 0x00000000 Val: 0x00000000
In clock cycle: 174942
Register Write to Reg: 0x05 Val: 0x0FC11000
In clock cycle: 174943
Register Write to Reg: 0x05 Val: 0x00000000
In clock cycle: 174944
Register Write to Reg: 0x06 Val: 0x0FC11008
In clock cycle: 174945
Register Write to Reg: 0x06 Val: 0xFFFFFAAC
In clock cycle: 174946
Register Write to Reg: 0x07 Val: 0x00001010
In clock cycle: 174947
Register Write to Reg: 0x07 Val: 0x00001008
In clock cycle: 174948
Register Write to Reg: 0x01 Val: 0x0000101C
In clock cycle: 174948
Memory Write to Addr: 0x00000000 Val: 0x00000000
In clock cycle: 174951
Register Write to Reg: 0x05 Val: 0x0FC11000
In clock cycle: 174952
Register Write to Reg: 0x05 Val: 0x00000000
In clock cycle: 174953
Register Write to Reg: 0x06 Val: 0x0FC11008
In clock cycle: 174954
Register Write to Reg: 0x06 Val: 0xFFFFFAA8
In clock cycle: 174955
Register Write to Reg: 0x07 Val: 0x00001010
In clock cycle: 174956
Register Write to Reg: 0x07 Val: 0x00001014
In clock cycle: 174957
Register Write to Reg: 0x01 Val: 0x0000101C
In clock cycle: 174957
Memory Write to Addr: 0x00000000 Val: 0x00000000
In clock cycle: 174959
Register Write to Reg: 0x06 Val: 0x0FC11008
In clock cycle: 174960
Register Write to Reg: 0x06 Val: 0xFFFFFAA4
In clock cycle: 174961
Register Write to Reg: 0x07 Val: 0x00001010
In clock cycle: 174962
Register Write to Reg: 0x07 Val: 0x00001020
In clock cycle: 174963
Register Write to Reg: 0x01 Val: 0x0000101C
In clock cycle: 174963
Memory Write to Addr: 0x00000000 Val: 0x00000000
In clock cycle: 174965
Register Write to Reg: 0x07 Val: 0x0000101C
In clock cycle: 174966
Register Write to Reg: 0x01 Val: 0x0000101C
In clock cycle: 174966
Memory Write to Addr: 0x00000000 Val: 0x00000000
In clock cycle: 174968
Register Write to Reg: 0x01 Val: 0x0000102C
In clock cycle: 174969
Register Write to Reg: 0x00 Val: 0x00001028
In clock cycle: 174969
Memory Write to Addr: 0xFFFFFAA4 Val: 0x0000101C
In clock cycle: 174970
Memory Write to Addr: 0x00000000 Val: 0x00000000
In clock cycle: 174972
Register Write to Reg: 0x01 Val: 0x00001028
In clock cycle: 174973
Register Write to Reg: 0x00 Val: 0x00001028
In clock cycle: 174973
Memory Write to Addr: 0xFFFFFAA4 Val: 0x0000102C
Execution is stopping! Clock Cycle: 174975
