In clock cycle: 4
Register Write to Reg: 0x02 Val: 0xFFFFFFFC
In clock cycle: 4
Memory Write to Addr: 0x00000000 Val: 0x00000000
In clock cycle: 6
Register Write to Reg: 0x0A Val: 0x10010008
In clock cycle: 7
Register Write to Reg: 0x0A Val: 0xFFFFFFFC
In clock cycle: 8
Register Write to Reg: 0x0B Val: 0x10010010
In clock cycle: 9
Register Write to Reg: 0x0B Val: 0x00000000
In clock cycle: 10
Register Write to Reg: 0x01 Val: 0x0040001C
In clock cycle: 11
Register Write to Reg: 0x01 Val: 0x00000000
In clock cycle: 12
Register Write to Reg: 0x02 Val: 0x00000000
In clock cycle: 1027
Register Write to Reg: 0x02 Val: 0xFFFFFFFC
In clock cycle: 1027
Memory Write to Addr: 0x00000000 Val: 0x00000000
In clock cycle: 1029
Register Write to Reg: 0x0A Val: 0x10011008
In clock cycle: 1030
Register Write to Reg: 0x0A Val: 0xFFFFFFF8
In clock cycle: 1031
Register Write to Reg: 0x0B Val: 0x10011010
In clock cycle: 1032
Register Write to Reg: 0x0B Val: 0x00000000
In clock cycle: 1033
Register Write to Reg: 0x01 Val: 0x0040101C
In clock cycle: 1034
Register Write to Reg: 0x01 Val: 0x00000000
In clock cycle: 1035
Register Write to Reg: 0x02 Val: 0x00000000
In clock cycle: 2050
Register Write to Reg: 0x02 Val: 0xFFFFFFFC
In clock cycle: 2050
Memory Write to Addr: 0x00000000 Val: 0x00000000
In clock cycle: 2052
Register Write to Reg: 0x0A Val: 0x10012008
In clock cycle: 2053
Register Write to Reg: 0x0A Val: 0xFFFFFFF4
In clock cycle: 2054
Register Write to Reg: 0x0B Val: 0x10012010
In clock cycle: 2055
Register Write to Reg: 0x0B Val: 0x00000000
In clock cycle: 2056
Register Write to Reg: 0x01 Val: 0x0040201C
In clock cycle: 2057
Register Write to Reg: 0x01 Val: 0x00000000
In clock cycle: 2058
Register Write to Reg: 0x02 Val: 0x00000000
In clock cycle: 3073
Register Write to Reg: 0x02 Val: 0xFFFFFFFC
In clock cycle: 3073
Memory Write to Addr: 0x00000000 Val: 0x00000000
In clock cycle: 3075
Register Write to Reg: 0x0A Val: 0x10013008
In clock cycle: 3076
Register Write to Reg: 0x0A Val: 0xFFFFFFF0
In clock cycle: 3077
Register Write to Reg: 0x0B Val: 0x10013010
In clock cycle: 3078
Register Write to Reg: 0x0B Val: 0x00000000
In clock cycle: 3079
Register Write to Reg: 0x01 Val: 0x0040301C
In clock cycle: 3080
Register Write to Reg: 0x01 Val: 0x00000000
In clock cycle: 3081
Register Write to Reg: 0x02 Val: 0x00000000
In clock cycle: 4096
Register Write to Reg: 0x02 Val: 0xFFFFFFFC
In clock cycle: 4096
Memory Write to Addr: 0x00000000 Val: 0x00000000
In clock cycle: 4098
Register Write to Reg: 0x0A Val: 0x10014008
In clock cycle: 4099
Register Write to Reg: 0x0A Val: 0xFFFFFFEC
In clock cycle: 4100
Register Write to Reg: 0x0B Val: 0x10014010
In clock cycle: 4101
Register Write to Reg: 0x0B Val: 0x00000000
In clock cycle: 4102
Register Write to Reg: 0x01 Val: 0x0040401C
In clock cycle: 4103
Register Write to Reg: 0x01 Val: 0x00000000
In clock cycle: 4104
Register Write to Reg: 0x02 Val: 0x00000000
In clock cycle: 5119
Register Write to Reg: 0x02 Val: 0xFFFFFFFC
In clock cycle: 5119
Memory Write to Addr: 0x00000000 Val: 0x00000000
In clock cycle: 5121
Register Write to Reg: 0x0A Val: 0x10015008
In clock cycle: 5122
Register Write to Reg: 0x0A Val: 0xFFFFFFE8
In clock cycle: 5123
Register Write to Reg: 0x0B Val: 0x10015010
In clock cycle: 5124
Register Write to Reg: 0x0B Val: 0x00000000
In clock cycle: 5125
Register Write to Reg: 0x01 Val: 0x0040501C
In clock cycle: 5126
Register Write to Reg: 0x01 Val: 0x00000000
In clock cycle: 5127
Register Write to Reg: 0x02 Val: 0x00000000
In clock cycle: 6142
Register Write to Reg: 0x02 Val: 0xFFFFFFFC
In clock cycle: 6142
Memory Write to Addr: 0x00000000 Val: 0x00000000
In clock cycle: 6144
Register Write to Reg: 0x0A Val: 0x10016008
In clock cycle: 6145
Register Write to Reg: 0x0A Val: 0xFFFFFFE4
In clock cycle: 6146
Register Write to Reg: 0x0B Val: 0x10016010
In clock cycle: 6147
Register Write to Reg: 0x0B Val: 0x00000000
In clock cycle: 6148
Register Write to Reg: 0x01 Val: 0x0040601C
In clock cycle: 6149
Register Write to Reg: 0x01 Val: 0x00000000
In clock cycle: 6150
Register Write to Reg: 0x02 Val: 0x00000000
In clock cycle: 7165
Register Write to Reg: 0x02 Val: 0xFFFFFFFC
In clock cycle: 7165
Memory Write to Addr: 0x00000000 Val: 0x00000000
In clock cycle: 7167
Register Write to Reg: 0x0A Val: 0x10017008
In clock cycle: 7168
Register Write to Reg: 0x0A Val: 0xFFFFFFE0
In clock cycle: 7169
Register Write to Reg: 0x0B Val: 0x10017010
In clock cycle: 7170
Register Write to Reg: 0x0B Val: 0x00000000
In clock cycle: 7171
Register Write to Reg: 0x01 Val: 0x0040701C
In clock cycle: 7172
Register Write to Reg: 0x01 Val: 0x00000000
In clock cycle: 7173
Register Write to Reg: 0x02 Val: 0x00000000
In clock cycle: 8188
Register Write to Reg: 0x02 Val: 0xFFFFFFFC
In clock cycle: 8188
Memory Write to Addr: 0x00000000 Val: 0x00000000
In clock cycle: 8190
Register Write to Reg: 0x0A Val: 0x10018008
In clock cycle: 8191
Register Write to Reg: 0x0A Val: 0xFFFFFFDC
In clock cycle: 8192
Register Write to Reg: 0x0B Val: 0x10018010
In clock cycle: 8193
Register Write to Reg: 0x0B Val: 0x00000000
In clock cycle: 8194
Register Write to Reg: 0x01 Val: 0x0040801C
In clock cycle: 8195
Register Write to Reg: 0x01 Val: 0x00000000
In clock cycle: 8196
Register Write to Reg: 0x02 Val: 0x00000000
In clock cycle: 9211
Register Write to Reg: 0x02 Val: 0xFFFFFFFC
In clock cycle: 9211
Memory Write to Addr: 0x00000000 Val: 0x00000000
In clock cycle: 9213
Register Write to Reg: 0x0A Val: 0x10019008
In clock cycle: 9214
Register Write to Reg: 0x0A Val: 0xFFFFFFD8
In clock cycle: 9215
Register Write to Reg: 0x0B Val: 0x10019010
In clock cycle: 9216
Register Write to Reg: 0x0B Val: 0x00000000
In clock cycle: 9217
Register Write to Reg: 0x01 Val: 0x0040901C
In clock cycle: 9218
Register Write to Reg: 0x01 Val: 0x00000000
In clock cycle: 9219
Register Write to Reg: 0x02 Val: 0x00000000
In clock cycle: 10234
Register Write to Reg: 0x02 Val: 0xFFFFFFFC
In clock cycle: 10234
Memory Write to Addr: 0x00000000 Val: 0x00000000
In clock cycle: 10236
Register Write to Reg: 0x0A Val: 0x1001A008
In clock cycle: 10237
Register Write to Reg: 0x0A Val: 0xFFFFFFD4
In clock cycle: 10238
Register Write to Reg: 0x0B Val: 0x1001A010
In clock cycle: 10239
Register Write to Reg: 0x0B Val: 0x00000000
In clock cycle: 10240
Register Write to Reg: 0x01 Val: 0x0040A01C
In clock cycle: 10241
Register Write to Reg: 0x01 Val: 0x00000000
In clock cycle: 10242
Register Write to Reg: 0x02 Val: 0x00000000
In clock cycle: 11257
Register Write to Reg: 0x02 Val: 0xFFFFFFFC
In clock cycle: 11257
Memory Write to Addr: 0x00000000 Val: 0x00000000
In clock cycle: 11259
Register Write to Reg: 0x0A Val: 0x1001B008
In clock cycle: 11260
Register Write to Reg: 0x0A Val: 0xFFFFFFD0
In clock cycle: 11261
Register Write to Reg: 0x0B Val: 0x1001B010
In clock cycle: 11262
Register Write to Reg: 0x0B Val: 0x00000000
In clock cycle: 11263
Register Write to Reg: 0x01 Val: 0x0040B01C
In clock cycle: 11264
Register Write to Reg: 0x01 Val: 0x00000000
In clock cycle: 11265
Register Write to Reg: 0x02 Val: 0x00000000
In clock cycle: 12280
Register Write to Reg: 0x02 Val: 0xFFFFFFFC
In clock cycle: 12280
Memory Write to Addr: 0x00000000 Val: 0x00000000
In clock cycle: 12282
Register Write to Reg: 0x0A Val: 0x1001C008
In clock cycle: 12283
Register Write to Reg: 0x0A Val: 0xFFFFFFCC
In clock cycle: 12284
Register Write to Reg: 0x0B Val: 0x1001C010
In clock cycle: 12285
Register Write to Reg: 0x0B Val: 0x00000000
In clock cycle: 12286
Register Write to Reg: 0x01 Val: 0x0040C01C
In clock cycle: 12287
Register Write to Reg: 0x01 Val: 0x00000000
In clock cycle: 12288
Register Write to Reg: 0x02 Val: 0x00000000
In clock cycle: 13303
Register Write to Reg: 0x02 Val: 0xFFFFFFFC
In clock cycle: 13303
Memory Write to Addr: 0x00000000 Val: 0x00000000
In clock cycle: 13305
Register Write to Reg: 0x0A Val: 0x1001D008
In clock cycle: 13306
Register Write to Reg: 0x0A Val: 0xFFFFFFC8
In clock cycle: 13307
Register Write to Reg: 0x0B Val: 0x1001D010
In clock cycle: 13308
Register Write to Reg: 0x0B Val: 0x00000000
In clock cycle: 13309
Register Write to Reg: 0x01 Val: 0x0040D01C
In clock cycle: 13310
Register Write to Reg: 0x01 Val: 0x00000000
In clock cycle: 13311
Register Write to Reg: 0x02 Val: 0x00000000
In clock cycle: 14326
Register Write to Reg: 0x02 Val: 0xFFFFFFFC
In clock cycle: 14326
Memory Write to Addr: 0x00000000 Val: 0x00000000
In clock cycle: 14328
Register Write to Reg: 0x0A Val: 0x1001E008
In clock cycle: 14329
Register Write to Reg: 0x0A Val: 0xFFFFFFC4
In clock cycle: 14330
Register Write to Reg: 0x0B Val: 0x1001E010
In clock cycle: 14331
Register Write to Reg: 0x0B Val: 0x00000000
In clock cycle: 14332
Register Write to Reg: 0x01 Val: 0x0040E01C
In clock cycle: 14333
Register Write to Reg: 0x01 Val: 0x00000000
In clock cycle: 14334
Register Write to Reg: 0x02 Val: 0x00000000
In clock cycle: 15349
Register Write to Reg: 0x02 Val: 0xFFFFFFFC
In clock cycle: 15349
Memory Write to Addr: 0x00000000 Val: 0x00000000
In clock cycle: 15351
Register Write to Reg: 0x0A Val: 0x1001F008
In clock cycle: 15352
Register Write to Reg: 0x0A Val: 0xFFFFFFC0
In clock cycle: 15353
Register Write to Reg: 0x0B Val: 0x1001F010
In clock cycle: 15354
Register Write to Reg: 0x0B Val: 0x00000000
In clock cycle: 15355
Register Write to Reg: 0x01 Val: 0x0040F01C
In clock cycle: 15356
Register Write to Reg: 0x01 Val: 0x00000000
In clock cycle: 15357
Register Write to Reg: 0x02 Val: 0x00000000
In clock cycle: 16372
Register Write to Reg: 0x02 Val: 0xFFFFFFFC
In clock cycle: 16372
Memory Write to Addr: 0x00000000 Val: 0x00000000
In clock cycle: 16374
Register Write to Reg: 0x0A Val: 0x10020008
In clock cycle: 16375
Register Write to Reg: 0x0A Val: 0xFFFFFFBC
In clock cycle: 16376
Register Write to Reg: 0x0B Val: 0x10020010
In clock cycle: 16377
Register Write to Reg: 0x0B Val: 0x00000000
In clock cycle: 16378
Register Write to Reg: 0x01 Val: 0x0041001C
In clock cycle: 16379
Register Write to Reg: 0x01 Val: 0x00000000
In clock cycle: 16380
Register Write to Reg: 0x02 Val: 0x00000000
In clock cycle: 17395
Register Write to Reg: 0x02 Val: 0xFFFFFFFC
In clock cycle: 17395
Memory Write to Addr: 0x00000000 Val: 0x00000000
In clock cycle: 17397
Register Write to Reg: 0x0A Val: 0x10021008
In clock cycle: 17398
Register Write to Reg: 0x0A Val: 0xFFFFFFB8
In clock cycle: 17399
Register Write to Reg: 0x0B Val: 0x10021010
In clock cycle: 17400
Register Write to Reg: 0x0B Val: 0x00000000
In clock cycle: 17401
Register Write to Reg: 0x01 Val: 0x0041101C
In clock cycle: 17402
Register Write to Reg: 0x01 Val: 0x00000000
In clock cycle: 17403
Register Write to Reg: 0x02 Val: 0x00000000
In clock cycle: 18418
Register Write to Reg: 0x02 Val: 0xFFFFFFFC
In clock cycle: 18418
Memory Write to Addr: 0x00000000 Val: 0x00000000
In clock cycle: 18420
Register Write to Reg: 0x0A Val: 0x10022008
In clock cycle: 18421
Register Write to Reg: 0x0A Val: 0xFFFFFFB4
In clock cycle: 18422
Register Write to Reg: 0x0B Val: 0x10022010
In clock cycle: 18423
Register Write to Reg: 0x0B Val: 0x00000000
In clock cycle: 18424
Register Write to Reg: 0x01 Val: 0x0041201C
In clock cycle: 18425
Register Write to Reg: 0x01 Val: 0x00000000
In clock cycle: 18426
Register Write to Reg: 0x02 Val: 0x00000000
In clock cycle: 19441
Register Write to Reg: 0x02 Val: 0xFFFFFFFC
In clock cycle: 19441
Memory Write to Addr: 0x00000000 Val: 0x00000000
In clock cycle: 19443
Register Write to Reg: 0x0A Val: 0x10023008
In clock cycle: 19444
Register Write to Reg: 0x0A Val: 0xFFFFFFB0
In clock cycle: 19445
Register Write to Reg: 0x0B Val: 0x10023010
In clock cycle: 19446
Register Write to Reg: 0x0B Val: 0x00000000
In clock cycle: 19447
Register Write to Reg: 0x01 Val: 0x0041301C
In clock cycle: 19448
Register Write to Reg: 0x01 Val: 0x00000000
In clock cycle: 19449
Register Write to Reg: 0x02 Val: 0x00000000
In clock cycle: 20464
Register Write to Reg: 0x02 Val: 0xFFFFFFFC
In clock cycle: 20464
Memory Write to Addr: 0x00000000 Val: 0x00000000
In clock cycle: 20466
Register Write to Reg: 0x0A Val: 0x10024008
In clock cycle: 20467
Register Write to Reg: 0x0A Val: 0xFFFFFFAC
In clock cycle: 20468
Register Write to Reg: 0x0B Val: 0x10024010
In clock cycle: 20469
Register Write to Reg: 0x0B Val: 0x00000000
In clock cycle: 20470
Register Write to Reg: 0x01 Val: 0x0041401C
In clock cycle: 20471
Register Write to Reg: 0x01 Val: 0x00000000
In clock cycle: 20472
Register Write to Reg: 0x02 Val: 0x00000000
In clock cycle: 21487
Register Write to Reg: 0x02 Val: 0xFFFFFFFC
In clock cycle: 21487
Memory Write to Addr: 0x00000000 Val: 0x00000000
In clock cycle: 21489
Register Write to Reg: 0x0A Val: 0x10025008
In clock cycle: 21490
Register Write to Reg: 0x0A Val: 0xFFFFFFA8
In clock cycle: 21491
Register Write to Reg: 0x0B Val: 0x10025010
In clock cycle: 21492
Register Write to Reg: 0x0B Val: 0x00000000
In clock cycle: 21493
Register Write to Reg: 0x01 Val: 0x0041501C
In clock cycle: 21494
Register Write to Reg: 0x01 Val: 0x00000000
In clock cycle: 21495
Register Write to Reg: 0x02 Val: 0x00000000
In clock cycle: 22510
Register Write to Reg: 0x02 Val: 0xFFFFFFFC
In clock cycle: 22510
Memory Write to Addr: 0x00000000 Val: 0x00000000
In clock cycle: 22512
Register Write to Reg: 0x0A Val: 0x10026008
In clock cycle: 22513
Register Write to Reg: 0x0A Val: 0xFFFFFFA4
In clock cycle: 22514
Register Write to Reg: 0x0B Val: 0x10026010
In clock cycle: 22515
Register Write to Reg: 0x0B Val: 0x00000000
In clock cycle: 22516
Register Write to Reg: 0x01 Val: 0x0041601C
In clock cycle: 22517
Register Write to Reg: 0x01 Val: 0x00000000
In clock cycle: 22518
Register Write to Reg: 0x02 Val: 0x00000000
In clock cycle: 23533
Register Write to Reg: 0x02 Val: 0xFFFFFFFC
In clock cycle: 23533
Memory Write to Addr: 0x00000000 Val: 0x00000000
In clock cycle: 23535
Register Write to Reg: 0x0A Val: 0x10027008
In clock cycle: 23536
Register Write to Reg: 0x0A Val: 0xFFFFFFA0
In clock cycle: 23537
Register Write to Reg: 0x0B Val: 0x10027010
In clock cycle: 23538
Register Write to Reg: 0x0B Val: 0x00000000
In clock cycle: 23539
Register Write to Reg: 0x01 Val: 0x0041701C
In clock cycle: 23540
Register Write to Reg: 0x01 Val: 0x00000000
In clock cycle: 23541
Register Write to Reg: 0x02 Val: 0x00000000
In clock cycle: 24556
Register Write to Reg: 0x02 Val: 0xFFFFFFFC
In clock cycle: 24556
Memory Write to Addr: 0x00000000 Val: 0x00000000
In clock cycle: 24558
Register Write to Reg: 0x0A Val: 0x10028008
In clock cycle: 24559
Register Write to Reg: 0x0A Val: 0xFFFFFF9C
In clock cycle: 24560
Register Write to Reg: 0x0B Val: 0x10028010
In clock cycle: 24561
Register Write to Reg: 0x0B Val: 0x00000000
In clock cycle: 24562
Register Write to Reg: 0x01 Val: 0x0041801C
In clock cycle: 24563
Register Write to Reg: 0x01 Val: 0x00000000
In clock cycle: 24564
Register Write to Reg: 0x02 Val: 0x00000000
In clock cycle: 25579
Register Write to Reg: 0x02 Val: 0xFFFFFFFC
In clock cycle: 25579
Memory Write to Addr: 0x00000000 Val: 0x00000000
In clock cycle: 25581
Register Write to Reg: 0x0A Val: 0x10029008
In clock cycle: 25582
Register Write to Reg: 0x0A Val: 0xFFFFFF98
In clock cycle: 25583
Register Write to Reg: 0x0B Val: 0x10029010
In clock cycle: 25584
Register Write to Reg: 0x0B Val: 0x00000000
In clock cycle: 25585
Register Write to Reg: 0x01 Val: 0x0041901C
In clock cycle: 25586
Register Write to Reg: 0x01 Val: 0x00000000
In clock cycle: 25587
Register Write to Reg: 0x02 Val: 0x00000000
In clock cycle: 26602
Register Write to Reg: 0x02 Val: 0xFFFFFFFC
In clock cycle: 26602
Memory Write to Addr: 0x00000000 Val: 0x00000000
In clock cycle: 26604
Register Write to Reg: 0x0A Val: 0x1002A008
In clock cycle: 26605
Register Write to Reg: 0x0A Val: 0xFFFFFF94
In clock cycle: 26606
Register Write to Reg: 0x0B Val: 0x1002A010
In clock cycle: 26607
Register Write to Reg: 0x0B Val: 0x00000000
In clock cycle: 26608
Register Write to Reg: 0x01 Val: 0x0041A01C
In clock cycle: 26609
Register Write to Reg: 0x01 Val: 0x00000000
In clock cycle: 26610
Register Write to Reg: 0x02 Val: 0x00000000
In clock cycle: 27625
Register Write to Reg: 0x02 Val: 0xFFFFFFFC
In clock cycle: 27625
Memory Write to Addr: 0x00000000 Val: 0x00000000
In clock cycle: 27627
Register Write to Reg: 0x0A Val: 0x1002B008
In clock cycle: 27628
Register Write to Reg: 0x0A Val: 0xFFFFFF90
In clock cycle: 27629
Register Write to Reg: 0x0B Val: 0x1002B010
In clock cycle: 27630
Register Write to Reg: 0x0B Val: 0x00000000
In clock cycle: 27631
Register Write to Reg: 0x01 Val: 0x0041B01C
In clock cycle: 27632
Register Write to Reg: 0x01 Val: 0x00000000
In clock cycle: 27633
Register Write to Reg: 0x02 Val: 0x00000000
In clock cycle: 28648
Register Write to Reg: 0x02 Val: 0xFFFFFFFC
In clock cycle: 28648
Memory Write to Addr: 0x00000000 Val: 0x00000000
In clock cycle: 28650
Register Write to Reg: 0x0A Val: 0x1002C008
In clock cycle: 28651
Register Write to Reg: 0x0A Val: 0xFFFFFF8C
In clock cycle: 28652
Register Write to Reg: 0x0B Val: 0x1002C010
In clock cycle: 28653
Register Write to Reg: 0x0B Val: 0x00000000
In clock cycle: 28654
Register Write to Reg: 0x01 Val: 0x0041C01C
In clock cycle: 28655
Register Write to Reg: 0x01 Val: 0x00000000
In clock cycle: 28656
Register Write to Reg: 0x02 Val: 0x00000000
In clock cycle: 29671
Register Write to Reg: 0x02 Val: 0xFFFFFFFC
In clock cycle: 29671
Memory Write to Addr: 0x00000000 Val: 0x00000000
In clock cycle: 29673
Register Write to Reg: 0x0A Val: 0x1002D008
In clock cycle: 29674
Register Write to Reg: 0x0A Val: 0xFFFFFF88
In clock cycle: 29675
Register Write to Reg: 0x0B Val: 0x1002D010
In clock cycle: 29676
Register Write to Reg: 0x0B Val: 0x00000000
In clock cycle: 29677
Register Write to Reg: 0x01 Val: 0x0041D01C
In clock cycle: 29678
Register Write to Reg: 0x01 Val: 0x00000000
In clock cycle: 29679
Register Write to Reg: 0x02 Val: 0x00000000
In clock cycle: 30694
Register Write to Reg: 0x02 Val: 0xFFFFFFFC
In clock cycle: 30694
Memory Write to Addr: 0x00000000 Val: 0x00000000
In clock cycle: 30696
Register Write to Reg: 0x0A Val: 0x1002E008
In clock cycle: 30697
Register Write to Reg: 0x0A Val: 0xFFFFFF84
In clock cycle: 30698
Register Write to Reg: 0x0B Val: 0x1002E010
In clock cycle: 30699
Register Write to Reg: 0x0B Val: 0x00000000
In clock cycle: 30700
Register Write to Reg: 0x01 Val: 0x0041E01C
In clock cycle: 30701
Register Write to Reg: 0x01 Val: 0x00000000
In clock cycle: 30702
Register Write to Reg: 0x02 Val: 0x00000000
In clock cycle: 31717
Register Write to Reg: 0x02 Val: 0xFFFFFFFC
In clock cycle: 31717
Memory Write to Addr: 0x00000000 Val: 0x00000000
In clock cycle: 31719
Register Write to Reg: 0x0A Val: 0x1002F008
In clock cycle: 31720
Register Write to Reg: 0x0A Val: 0xFFFFFF80
In clock cycle: 31721
Register Write to Reg: 0x0B Val: 0x1002F010
In clock cycle: 31722
Register Write to Reg: 0x0B Val: 0x00000000
In clock cycle: 31723
Register Write to Reg: 0x01 Val: 0x0041F01C
In clock cycle: 31724
Register Write to Reg: 0x01 Val: 0x00000000
In clock cycle: 31725
Register Write to Reg: 0x02 Val: 0x00000000
In clock cycle: 32740
Register Write to Reg: 0x02 Val: 0xFFFFFFFC
In clock cycle: 32740
Memory Write to Addr: 0x00000000 Val: 0x00000000
In clock cycle: 32742
Register Write to Reg: 0x0A Val: 0x10030008
In clock cycle: 32743
Register Write to Reg: 0x0A Val: 0xFFFFFF7C
In clock cycle: 32744
Register Write to Reg: 0x0B Val: 0x10030010
In clock cycle: 32745
Register Write to Reg: 0x0B Val: 0x00000000
In clock cycle: 32746
Register Write to Reg: 0x01 Val: 0x0042001C
In clock cycle: 32747
Register Write to Reg: 0x01 Val: 0x00000000
In clock cycle: 32748
Register Write to Reg: 0x02 Val: 0x00000000
In clock cycle: 33763
Register Write to Reg: 0x02 Val: 0xFFFFFFFC
In clock cycle: 33763
Memory Write to Addr: 0x00000000 Val: 0x00000000
In clock cycle: 33765
Register Write to Reg: 0x0A Val: 0x10031008
In clock cycle: 33766
Register Write to Reg: 0x0A Val: 0xFFFFFF78
In clock cycle: 33767
Register Write to Reg: 0x0B Val: 0x10031010
In clock cycle: 33768
Register Write to Reg: 0x0B Val: 0x00000000
In clock cycle: 33769
Register Write to Reg: 0x01 Val: 0x0042101C
In clock cycle: 33770
Register Write to Reg: 0x01 Val: 0x00000000
In clock cycle: 33771
Register Write to Reg: 0x02 Val: 0x00000000
In clock cycle: 34786
Register Write to Reg: 0x02 Val: 0xFFFFFFFC
In clock cycle: 34786
Memory Write to Addr: 0x00000000 Val: 0x00000000
In clock cycle: 34788
Register Write to Reg: 0x0A Val: 0x10032008
In clock cycle: 34789
Register Write to Reg: 0x0A Val: 0xFFFFFF74
In clock cycle: 34790
Register Write to Reg: 0x0B Val: 0x10032010
In clock cycle: 34791
Register Write to Reg: 0x0B Val: 0x00000000
In clock cycle: 34792
Register Write to Reg: 0x01 Val: 0x0042201C
In clock cycle: 34793
Register Write to Reg: 0x01 Val: 0x00000000
In clock cycle: 34794
Register Write to Reg: 0x02 Val: 0x00000000
In clock cycle: 35809
Register Write to Reg: 0x02 Val: 0xFFFFFFFC
In clock cycle: 35809
Memory Write to Addr: 0x00000000 Val: 0x00000000
In clock cycle: 35811
Register Write to Reg: 0x0A Val: 0x10033008
In clock cycle: 35812
Register Write to Reg: 0x0A Val: 0xFFFFFF70
In clock cycle: 35813
Register Write to Reg: 0x0B Val: 0x10033010
In clock cycle: 35814
Register Write to Reg: 0x0B Val: 0x00000000
In clock cycle: 35815
Register Write to Reg: 0x01 Val: 0x0042301C
In clock cycle: 35816
Register Write to Reg: 0x01 Val: 0x00000000
In clock cycle: 35817
Register Write to Reg: 0x02 Val: 0x00000000
In clock cycle: 36832
Register Write to Reg: 0x02 Val: 0xFFFFFFFC
In clock cycle: 36832
Memory Write to Addr: 0x00000000 Val: 0x00000000
In clock cycle: 36834
Register Write to Reg: 0x0A Val: 0x10034008
In clock cycle: 36835
Register Write to Reg: 0x0A Val: 0xFFFFFF6C
In clock cycle: 36836
Register Write to Reg: 0x0B Val: 0x10034010
In clock cycle: 36837
Register Write to Reg: 0x0B Val: 0x00000000
In clock cycle: 36838
Register Write to Reg: 0x01 Val: 0x0042401C
In clock cycle: 36839
Register Write to Reg: 0x01 Val: 0x00000000
In clock cycle: 36840
Register Write to Reg: 0x02 Val: 0x00000000
In clock cycle: 37855
Register Write to Reg: 0x02 Val: 0xFFFFFFFC
In clock cycle: 37855
Memory Write to Addr: 0x00000000 Val: 0x00000000
In clock cycle: 37857
Register Write to Reg: 0x0A Val: 0x10035008
In clock cycle: 37858
Register Write to Reg: 0x0A Val: 0xFFFFFF68
In clock cycle: 37859
Register Write to Reg: 0x0B Val: 0x10035010
In clock cycle: 37860
Register Write to Reg: 0x0B Val: 0x00000000
In clock cycle: 37861
Register Write to Reg: 0x01 Val: 0x0042501C
In clock cycle: 37862
Register Write to Reg: 0x01 Val: 0x00000000
In clock cycle: 37863
Register Write to Reg: 0x02 Val: 0x00000000
In clock cycle: 38878
Register Write to Reg: 0x02 Val: 0xFFFFFFFC
In clock cycle: 38878
Memory Write to Addr: 0x00000000 Val: 0x00000000
In clock cycle: 38880
Register Write to Reg: 0x0A Val: 0x10036008
In clock cycle: 38881
Register Write to Reg: 0x0A Val: 0xFFFFFF64
In clock cycle: 38882
Register Write to Reg: 0x0B Val: 0x10036010
In clock cycle: 38883
Register Write to Reg: 0x0B Val: 0x00000000
In clock cycle: 38884
Register Write to Reg: 0x01 Val: 0x0042601C
In clock cycle: 38885
Register Write to Reg: 0x01 Val: 0x00000000
In clock cycle: 38886
Register Write to Reg: 0x02 Val: 0x00000000
In clock cycle: 39901
Register Write to Reg: 0x02 Val: 0xFFFFFFFC
In clock cycle: 39901
Memory Write to Addr: 0x00000000 Val: 0x00000000
In clock cycle: 39903
Register Write to Reg: 0x0A Val: 0x10037008
In clock cycle: 39904
Register Write to Reg: 0x0A Val: 0xFFFFFF60
In clock cycle: 39905
Register Write to Reg: 0x0B Val: 0x10037010
In clock cycle: 39906
Register Write to Reg: 0x0B Val: 0x00000000
In clock cycle: 39907
Register Write to Reg: 0x01 Val: 0x0042701C
In clock cycle: 39908
Register Write to Reg: 0x01 Val: 0x00000000
In clock cycle: 39909
Register Write to Reg: 0x02 Val: 0x00000000
In clock cycle: 40924
Register Write to Reg: 0x02 Val: 0xFFFFFFFC
In clock cycle: 40924
Memory Write to Addr: 0x00000000 Val: 0x00000000
In clock cycle: 40926
Register Write to Reg: 0x0A Val: 0x10038008
In clock cycle: 40927
Register Write to Reg: 0x0A Val: 0xFFFFFF5C
In clock cycle: 40928
Register Write to Reg: 0x0B Val: 0x10038010
In clock cycle: 40929
Register Write to Reg: 0x0B Val: 0x00000000
In clock cycle: 40930
Register Write to Reg: 0x01 Val: 0x0042801C
In clock cycle: 40931
Register Write to Reg: 0x01 Val: 0x00000000
In clock cycle: 40932
Register Write to Reg: 0x02 Val: 0x00000000
In clock cycle: 41947
Register Write to Reg: 0x02 Val: 0xFFFFFFFC
In clock cycle: 41947
Memory Write to Addr: 0x00000000 Val: 0x00000000
In clock cycle: 41949
Register Write to Reg: 0x0A Val: 0x10039008
In clock cycle: 41950
Register Write to Reg: 0x0A Val: 0xFFFFFF58
In clock cycle: 41951
Register Write to Reg: 0x0B Val: 0x10039010
In clock cycle: 41952
Register Write to Reg: 0x0B Val: 0x00000000
In clock cycle: 41953
Register Write to Reg: 0x01 Val: 0x0042901C
In clock cycle: 41954
Register Write to Reg: 0x01 Val: 0x00000000
In clock cycle: 41955
Register Write to Reg: 0x02 Val: 0x00000000
In clock cycle: 42970
Register Write to Reg: 0x02 Val: 0xFFFFFFFC
In clock cycle: 42970
Memory Write to Addr: 0x00000000 Val: 0x00000000
In clock cycle: 42972
Register Write to Reg: 0x0A Val: 0x1003A008
In clock cycle: 42973
Register Write to Reg: 0x0A Val: 0xFFFFFF54
In clock cycle: 42974
Register Write to Reg: 0x0B Val: 0x1003A010
In clock cycle: 42975
Register Write to Reg: 0x0B Val: 0x00000000
In clock cycle: 42976
Register Write to Reg: 0x01 Val: 0x0042A01C
In clock cycle: 42977
Register Write to Reg: 0x01 Val: 0x00000000
In clock cycle: 42978
Register Write to Reg: 0x02 Val: 0x00000000
In clock cycle: 43993
Register Write to Reg: 0x02 Val: 0xFFFFFFFC
In clock cycle: 43993
Memory Write to Addr: 0x00000000 Val: 0x00000000
In clock cycle: 43995
Register Write to Reg: 0x0A Val: 0x1003B008
In clock cycle: 43996
Register Write to Reg: 0x0A Val: 0xFFFFFF50
In clock cycle: 43997
Register Write to Reg: 0x0B Val: 0x1003B010
In clock cycle: 43998
Register Write to Reg: 0x0B Val: 0x00000000
In clock cycle: 43999
Register Write to Reg: 0x01 Val: 0x0042B01C
In clock cycle: 44000
Register Write to Reg: 0x01 Val: 0x00000000
In clock cycle: 44001
Register Write to Reg: 0x02 Val: 0x00000000
In clock cycle: 45016
Register Write to Reg: 0x02 Val: 0xFFFFFFFC
In clock cycle: 45016
Memory Write to Addr: 0x00000000 Val: 0x00000000
In clock cycle: 45018
Register Write to Reg: 0x0A Val: 0x1003C008
In clock cycle: 45019
Register Write to Reg: 0x0A Val: 0xFFFFFF4C
In clock cycle: 45020
Register Write to Reg: 0x0B Val: 0x1003C010
In clock cycle: 45021
Register Write to Reg: 0x0B Val: 0x00000000
In clock cycle: 45022
Register Write to Reg: 0x01 Val: 0x0042C01C
In clock cycle: 45023
Register Write to Reg: 0x01 Val: 0x00000000
In clock cycle: 45024
Register Write to Reg: 0x02 Val: 0x00000000
In clock cycle: 46039
Register Write to Reg: 0x02 Val: 0xFFFFFFFC
In clock cycle: 46039
Memory Write to Addr: 0x00000000 Val: 0x00000000
In clock cycle: 46041
Register Write to Reg: 0x0A Val: 0x1003D008
In clock cycle: 46042
Register Write to Reg: 0x0A Val: 0xFFFFFF48
In clock cycle: 46043
Register Write to Reg: 0x0B Val: 0x1003D010
In clock cycle: 46044
Register Write to Reg: 0x0B Val: 0x00000000
In clock cycle: 46045
Register Write to Reg: 0x01 Val: 0x0042D01C
In clock cycle: 46046
Register Write to Reg: 0x01 Val: 0x00000000
In clock cycle: 46047
Register Write to Reg: 0x02 Val: 0x00000000
In clock cycle: 47062
Register Write to Reg: 0x02 Val: 0xFFFFFFFC
In clock cycle: 47062
Memory Write to Addr: 0x00000000 Val: 0x00000000
In clock cycle: 47064
Register Write to Reg: 0x0A Val: 0x1003E008
In clock cycle: 47065
Register Write to Reg: 0x0A Val: 0xFFFFFF44
In clock cycle: 47066
Register Write to Reg: 0x0B Val: 0x1003E010
In clock cycle: 47067
Register Write to Reg: 0x0B Val: 0x00000000
In clock cycle: 47068
Register Write to Reg: 0x01 Val: 0x0042E01C
In clock cycle: 47069
Register Write to Reg: 0x01 Val: 0x00000000
In clock cycle: 47070
Register Write to Reg: 0x02 Val: 0x00000000
In clock cycle: 48085
Register Write to Reg: 0x02 Val: 0xFFFFFFFC
In clock cycle: 48085
Memory Write to Addr: 0x00000000 Val: 0x00000000
In clock cycle: 48087
Register Write to Reg: 0x0A Val: 0x1003F008
In clock cycle: 48088
Register Write to Reg: 0x0A Val: 0xFFFFFF40
In clock cycle: 48089
Register Write to Reg: 0x0B Val: 0x1003F010
In clock cycle: 48090
Register Write to Reg: 0x0B Val: 0x00000000
In clock cycle: 48091
Register Write to Reg: 0x01 Val: 0x0042F01C
In clock cycle: 48092
Register Write to Reg: 0x01 Val: 0x00000000
In clock cycle: 48093
Register Write to Reg: 0x02 Val: 0x00000000
In clock cycle: 49108
Register Write to Reg: 0x02 Val: 0xFFFFFFFC
In clock cycle: 49108
Memory Write to Addr: 0x00000000 Val: 0x00000000
In clock cycle: 49110
Register Write to Reg: 0x0A Val: 0x10040008
In clock cycle: 49111
Register Write to Reg: 0x0A Val: 0xFFFFFF3C
In clock cycle: 49112
Register Write to Reg: 0x0B Val: 0x10040010
In clock cycle: 49113
Register Write to Reg: 0x0B Val: 0x00000000
In clock cycle: 49114
Register Write to Reg: 0x01 Val: 0x0043001C
In clock cycle: 49115
Register Write to Reg: 0x01 Val: 0x00000000
In clock cycle: 49116
Register Write to Reg: 0x02 Val: 0x00000000
In clock cycle: 50131
Register Write to Reg: 0x02 Val: 0xFFFFFFFC
In clock cycle: 50131
Memory Write to Addr: 0x00000000 Val: 0x00000000
In clock cycle: 50133
Register Write to Reg: 0x0A Val: 0x10041008
In clock cycle: 50134
Register Write to Reg: 0x0A Val: 0xFFFFFF38
In clock cycle: 50135
Register Write to Reg: 0x0B Val: 0x10041010
In clock cycle: 50136
Register Write to Reg: 0x0B Val: 0x00000000
In clock cycle: 50137
Register Write to Reg: 0x01 Val: 0x0043101C
In clock cycle: 50138
Register Write to Reg: 0x01 Val: 0x00000000
In clock cycle: 50139
Register Write to Reg: 0x02 Val: 0x00000000
In clock cycle: 51154
Register Write to Reg: 0x02 Val: 0xFFFFFFFC
In clock cycle: 51154
Memory Write to Addr: 0x00000000 Val: 0x00000000
In clock cycle: 51156
Register Write to Reg: 0x0A Val: 0x10042008
In clock cycle: 51157
Register Write to Reg: 0x0A Val: 0xFFFFFF34
In clock cycle: 51158
Register Write to Reg: 0x0B Val: 0x10042010
In clock cycle: 51159
Register Write to Reg: 0x0B Val: 0x00000000
In clock cycle: 51160
Register Write to Reg: 0x01 Val: 0x0043201C
In clock cycle: 51161
Register Write to Reg: 0x01 Val: 0x00000000
In clock cycle: 51162
Register Write to Reg: 0x02 Val: 0x00000000
In clock cycle: 52177
Register Write to Reg: 0x02 Val: 0xFFFFFFFC
In clock cycle: 52177
Memory Write to Addr: 0x00000000 Val: 0x00000000
In clock cycle: 52179
Register Write to Reg: 0x0A Val: 0x10043008
In clock cycle: 52180
Register Write to Reg: 0x0A Val: 0xFFFFFF30
In clock cycle: 52181
Register Write to Reg: 0x0B Val: 0x10043010
In clock cycle: 52182
Register Write to Reg: 0x0B Val: 0x00000000
In clock cycle: 52183
Register Write to Reg: 0x01 Val: 0x0043301C
In clock cycle: 52184
Register Write to Reg: 0x01 Val: 0x00000000
In clock cycle: 52185
Register Write to Reg: 0x02 Val: 0x00000000
In clock cycle: 53200
Register Write to Reg: 0x02 Val: 0xFFFFFFFC
In clock cycle: 53200
Memory Write to Addr: 0x00000000 Val: 0x00000000
In clock cycle: 53202
Register Write to Reg: 0x0A Val: 0x10044008
In clock cycle: 53203
Register Write to Reg: 0x0A Val: 0xFFFFFF2C
In clock cycle: 53204
Register Write to Reg: 0x0B Val: 0x10044010
In clock cycle: 53205
Register Write to Reg: 0x0B Val: 0x00000000
In clock cycle: 53206
Register Write to Reg: 0x01 Val: 0x0043401C
In clock cycle: 53207
Register Write to Reg: 0x01 Val: 0x00000000
In clock cycle: 53208
Register Write to Reg: 0x02 Val: 0x00000000
In clock cycle: 54223
Register Write to Reg: 0x02 Val: 0xFFFFFFFC
In clock cycle: 54223
Memory Write to Addr: 0x00000000 Val: 0x00000000
In clock cycle: 54225
Register Write to Reg: 0x0A Val: 0x10045008
In clock cycle: 54226
Register Write to Reg: 0x0A Val: 0xFFFFFF28
In clock cycle: 54227
Register Write to Reg: 0x0B Val: 0x10045010
In clock cycle: 54228
Register Write to Reg: 0x0B Val: 0x00000000
In clock cycle: 54229
Register Write to Reg: 0x01 Val: 0x0043501C
In clock cycle: 54230
Register Write to Reg: 0x01 Val: 0x00000000
In clock cycle: 54231
Register Write to Reg: 0x02 Val: 0x00000000
In clock cycle: 55246
Register Write to Reg: 0x02 Val: 0xFFFFFFFC
In clock cycle: 55246
Memory Write to Addr: 0x00000000 Val: 0x00000000
In clock cycle: 55248
Register Write to Reg: 0x0A Val: 0x10046008
In clock cycle: 55249
Register Write to Reg: 0x0A Val: 0xFFFFFF24
In clock cycle: 55250
Register Write to Reg: 0x0B Val: 0x10046010
In clock cycle: 55251
Register Write to Reg: 0x0B Val: 0x00000000
In clock cycle: 55252
Register Write to Reg: 0x01 Val: 0x0043601C
In clock cycle: 55253
Register Write to Reg: 0x01 Val: 0x00000000
In clock cycle: 55254
Register Write to Reg: 0x02 Val: 0x00000000
In clock cycle: 56269
Register Write to Reg: 0x02 Val: 0xFFFFFFFC
In clock cycle: 56269
Memory Write to Addr: 0x00000000 Val: 0x00000000
In clock cycle: 56271
Register Write to Reg: 0x0A Val: 0x10047008
In clock cycle: 56272
Register Write to Reg: 0x0A Val: 0xFFFFFF20
In clock cycle: 56273
Register Write to Reg: 0x0B Val: 0x10047010
In clock cycle: 56274
Register Write to Reg: 0x0B Val: 0x00000000
In clock cycle: 56275
Register Write to Reg: 0x01 Val: 0x0043701C
In clock cycle: 56276
Register Write to Reg: 0x01 Val: 0x00000000
In clock cycle: 56277
Register Write to Reg: 0x02 Val: 0x00000000
In clock cycle: 57292
Register Write to Reg: 0x02 Val: 0xFFFFFFFC
In clock cycle: 57292
Memory Write to Addr: 0x00000000 Val: 0x00000000
In clock cycle: 57294
Register Write to Reg: 0x0A Val: 0x10048008
In clock cycle: 57295
Register Write to Reg: 0x0A Val: 0xFFFFFF1C
In clock cycle: 57296
Register Write to Reg: 0x0B Val: 0x10048010
In clock cycle: 57297
Register Write to Reg: 0x0B Val: 0x00000000
In clock cycle: 57298
Register Write to Reg: 0x01 Val: 0x0043801C
In clock cycle: 57299
Register Write to Reg: 0x01 Val: 0x00000000
In clock cycle: 57300
Register Write to Reg: 0x02 Val: 0x00000000
In clock cycle: 58315
Register Write to Reg: 0x02 Val: 0xFFFFFFFC
In clock cycle: 58315
Memory Write to Addr: 0x00000000 Val: 0x00000000
In clock cycle: 58317
Register Write to Reg: 0x0A Val: 0x10049008
In clock cycle: 58318
Register Write to Reg: 0x0A Val: 0xFFFFFF18
In clock cycle: 58319
Register Write to Reg: 0x0B Val: 0x10049010
In clock cycle: 58320
Register Write to Reg: 0x0B Val: 0x00000000
In clock cycle: 58321
Register Write to Reg: 0x01 Val: 0x0043901C
In clock cycle: 58322
Register Write to Reg: 0x01 Val: 0x00000000
In clock cycle: 58323
Register Write to Reg: 0x02 Val: 0x00000000
In clock cycle: 59338
Register Write to Reg: 0x02 Val: 0xFFFFFFFC
In clock cycle: 59338
Memory Write to Addr: 0x00000000 Val: 0x00000000
In clock cycle: 59340
Register Write to Reg: 0x0A Val: 0x1004A008
In clock cycle: 59341
Register Write to Reg: 0x0A Val: 0xFFFFFF14
In clock cycle: 59342
Register Write to Reg: 0x0B Val: 0x1004A010
In clock cycle: 59343
Register Write to Reg: 0x0B Val: 0x00000000
In clock cycle: 59344
Register Write to Reg: 0x01 Val: 0x0043A01C
In clock cycle: 59345
Register Write to Reg: 0x01 Val: 0x00000000
In clock cycle: 59346
Register Write to Reg: 0x02 Val: 0x00000000
In clock cycle: 60361
Register Write to Reg: 0x02 Val: 0xFFFFFFFC
In clock cycle: 60361
Memory Write to Addr: 0x00000000 Val: 0x00000000
In clock cycle: 60363
Register Write to Reg: 0x0A Val: 0x1004B008
In clock cycle: 60364
Register Write to Reg: 0x0A Val: 0xFFFFFF10
In clock cycle: 60365
Register Write to Reg: 0x0B Val: 0x1004B010
In clock cycle: 60366
Register Write to Reg: 0x0B Val: 0x00000000
In clock cycle: 60367
Register Write to Reg: 0x01 Val: 0x0043B01C
In clock cycle: 60368
Register Write to Reg: 0x01 Val: 0x00000000
In clock cycle: 60369
Register Write to Reg: 0x02 Val: 0x00000000
In clock cycle: 61384
Register Write to Reg: 0x02 Val: 0xFFFFFFFC
In clock cycle: 61384
Memory Write to Addr: 0x00000000 Val: 0x00000000
In clock cycle: 61386
Register Write to Reg: 0x0A Val: 0x1004C008
In clock cycle: 61387
Register Write to Reg: 0x0A Val: 0xFFFFFF0C
In clock cycle: 61388
Register Write to Reg: 0x0B Val: 0x1004C010
In clock cycle: 61389
Register Write to Reg: 0x0B Val: 0x00000000
In clock cycle: 61390
Register Write to Reg: 0x01 Val: 0x0043C01C
In clock cycle: 61391
Register Write to Reg: 0x01 Val: 0x00000000
In clock cycle: 61392
Register Write to Reg: 0x02 Val: 0x00000000
In clock cycle: 62407
Register Write to Reg: 0x02 Val: 0xFFFFFFFC
In clock cycle: 62407
Memory Write to Addr: 0x00000000 Val: 0x00000000
In clock cycle: 62409
Register Write to Reg: 0x0A Val: 0x1004D008
In clock cycle: 62410
Register Write to Reg: 0x0A Val: 0xFFFFFF08
In clock cycle: 62411
Register Write to Reg: 0x0B Val: 0x1004D010
In clock cycle: 62412
Register Write to Reg: 0x0B Val: 0x00000000
In clock cycle: 62413
Register Write to Reg: 0x01 Val: 0x0043D01C
In clock cycle: 62414
Register Write to Reg: 0x01 Val: 0x00000000
In clock cycle: 62415
Register Write to Reg: 0x02 Val: 0x00000000
In clock cycle: 63430
Register Write to Reg: 0x02 Val: 0xFFFFFFFC
In clock cycle: 63430
Memory Write to Addr: 0x00000000 Val: 0x00000000
In clock cycle: 63432
Register Write to Reg: 0x0A Val: 0x1004E008
In clock cycle: 63433
Register Write to Reg: 0x0A Val: 0xFFFFFF04
In clock cycle: 63434
Register Write to Reg: 0x0B Val: 0x1004E010
In clock cycle: 63435
Register Write to Reg: 0x0B Val: 0x00000000
In clock cycle: 63436
Register Write to Reg: 0x01 Val: 0x0043E01C
In clock cycle: 63437
Register Write to Reg: 0x01 Val: 0x00000000
In clock cycle: 63438
Register Write to Reg: 0x02 Val: 0x00000000
In clock cycle: 64453
Register Write to Reg: 0x02 Val: 0xFFFFFFFC
In clock cycle: 64453
Memory Write to Addr: 0x00000000 Val: 0x00000000
In clock cycle: 64455
Register Write to Reg: 0x0A Val: 0x1004F008
In clock cycle: 64456
Register Write to Reg: 0x0A Val: 0xFFFFFF00
In clock cycle: 64457
Register Write to Reg: 0x0B Val: 0x1004F010
In clock cycle: 64458
Register Write to Reg: 0x0B Val: 0x00000000
In clock cycle: 64459
Register Write to Reg: 0x01 Val: 0x0043F01C
In clock cycle: 64460
Register Write to Reg: 0x01 Val: 0x00000000
In clock cycle: 64461
Register Write to Reg: 0x02 Val: 0x00000000
In clock cycle: 65476
Register Write to Reg: 0x02 Val: 0xFFFFFFFC
In clock cycle: 65476
Memory Write to Addr: 0x00000000 Val: 0x00000000
In clock cycle: 65478
Register Write to Reg: 0x0A Val: 0x10050008
In clock cycle: 65479
Register Write to Reg: 0x0A Val: 0xFFFFFEFC
In clock cycle: 65480
Register Write to Reg: 0x0B Val: 0x10050010
In clock cycle: 65481
Register Write to Reg: 0x0B Val: 0x00000000
In clock cycle: 65482
Register Write to Reg: 0x01 Val: 0x0044001C
In clock cycle: 65483
Register Write to Reg: 0x01 Val: 0x00000000
In clock cycle: 65484
Register Write to Reg: 0x02 Val: 0x00000000
In clock cycle: 66499
Register Write to Reg: 0x02 Val: 0xFFFFFFFC
In clock cycle: 66499
Memory Write to Addr: 0x00000000 Val: 0x00000000
In clock cycle: 66501
Register Write to Reg: 0x0A Val: 0x10051008
In clock cycle: 66502
Register Write to Reg: 0x0A Val: 0xFFFFFEF8
In clock cycle: 66503
Register Write to Reg: 0x0B Val: 0x10051010
In clock cycle: 66504
Register Write to Reg: 0x0B Val: 0x00000000
In clock cycle: 66505
Register Write to Reg: 0x01 Val: 0x0044101C
In clock cycle: 66506
Register Write to Reg: 0x01 Val: 0x00000000
In clock cycle: 66507
Register Write to Reg: 0x02 Val: 0x00000000
In clock cycle: 67522
Register Write to Reg: 0x02 Val: 0xFFFFFFFC
In clock cycle: 67522
Memory Write to Addr: 0x00000000 Val: 0x00000000
In clock cycle: 67524
Register Write to Reg: 0x0A Val: 0x10052008
In clock cycle: 67525
Register Write to Reg: 0x0A Val: 0xFFFFFEF4
In clock cycle: 67526
Register Write to Reg: 0x0B Val: 0x10052010
In clock cycle: 67527
Register Write to Reg: 0x0B Val: 0x00000000
In clock cycle: 67528
Register Write to Reg: 0x01 Val: 0x0044201C
In clock cycle: 67529
Register Write to Reg: 0x01 Val: 0x00000000
In clock cycle: 67530
Register Write to Reg: 0x02 Val: 0x00000000
In clock cycle: 68545
Register Write to Reg: 0x02 Val: 0xFFFFFFFC
In clock cycle: 68545
Memory Write to Addr: 0x00000000 Val: 0x00000000
In clock cycle: 68547
Register Write to Reg: 0x0A Val: 0x10053008
In clock cycle: 68548
Register Write to Reg: 0x0A Val: 0xFFFFFEF0
In clock cycle: 68549
Register Write to Reg: 0x0B Val: 0x10053010
In clock cycle: 68550
Register Write to Reg: 0x0B Val: 0x00000000
In clock cycle: 68551
Register Write to Reg: 0x01 Val: 0x0044301C
In clock cycle: 68552
Register Write to Reg: 0x01 Val: 0x00000000
In clock cycle: 68553
Register Write to Reg: 0x02 Val: 0x00000000
In clock cycle: 69568
Register Write to Reg: 0x02 Val: 0xFFFFFFFC
In clock cycle: 69568
Memory Write to Addr: 0x00000000 Val: 0x00000000
In clock cycle: 69570
Register Write to Reg: 0x0A Val: 0x10054008
In clock cycle: 69571
Register Write to Reg: 0x0A Val: 0xFFFFFEEC
In clock cycle: 69572
Register Write to Reg: 0x0B Val: 0x10054010
In clock cycle: 69573
Register Write to Reg: 0x0B Val: 0x00000000
In clock cycle: 69574
Register Write to Reg: 0x01 Val: 0x0044401C
In clock cycle: 69575
Register Write to Reg: 0x01 Val: 0x00000000
In clock cycle: 69576
Register Write to Reg: 0x02 Val: 0x00000000
In clock cycle: 70591
Register Write to Reg: 0x02 Val: 0xFFFFFFFC
In clock cycle: 70591
Memory Write to Addr: 0x00000000 Val: 0x00000000
In clock cycle: 70593
Register Write to Reg: 0x0A Val: 0x10055008
In clock cycle: 70594
Register Write to Reg: 0x0A Val: 0xFFFFFEE8
In clock cycle: 70595
Register Write to Reg: 0x0B Val: 0x10055010
In clock cycle: 70596
Register Write to Reg: 0x0B Val: 0x00000000
In clock cycle: 70597
Register Write to Reg: 0x01 Val: 0x0044501C
In clock cycle: 70598
Register Write to Reg: 0x01 Val: 0x00000000
In clock cycle: 70599
Register Write to Reg: 0x02 Val: 0x00000000
In clock cycle: 71614
Register Write to Reg: 0x02 Val: 0xFFFFFFFC
In clock cycle: 71614
Memory Write to Addr: 0x00000000 Val: 0x00000000
In clock cycle: 71616
Register Write to Reg: 0x0A Val: 0x10056008
In clock cycle: 71617
Register Write to Reg: 0x0A Val: 0xFFFFFEE4
In clock cycle: 71618
Register Write to Reg: 0x0B Val: 0x10056010
In clock cycle: 71619
Register Write to Reg: 0x0B Val: 0x00000000
In clock cycle: 71620
Register Write to Reg: 0x01 Val: 0x0044601C
In clock cycle: 71621
Register Write to Reg: 0x01 Val: 0x00000000
In clock cycle: 71622
Register Write to Reg: 0x02 Val: 0x00000000
In clock cycle: 72637
Register Write to Reg: 0x02 Val: 0xFFFFFFFC
In clock cycle: 72637
Memory Write to Addr: 0x00000000 Val: 0x00000000
In clock cycle: 72639
Register Write to Reg: 0x0A Val: 0x10057008
In clock cycle: 72640
Register Write to Reg: 0x0A Val: 0xFFFFFEE0
In clock cycle: 72641
Register Write to Reg: 0x0B Val: 0x10057010
In clock cycle: 72642
Register Write to Reg: 0x0B Val: 0x00000000
In clock cycle: 72643
Register Write to Reg: 0x01 Val: 0x0044701C
In clock cycle: 72644
Register Write to Reg: 0x01 Val: 0x00000000
In clock cycle: 72645
Register Write to Reg: 0x02 Val: 0x00000000
In clock cycle: 73660
Register Write to Reg: 0x02 Val: 0xFFFFFFFC
In clock cycle: 73660
Memory Write to Addr: 0x00000000 Val: 0x00000000
In clock cycle: 73662
Register Write to Reg: 0x0A Val: 0x10058008
In clock cycle: 73663
Register Write to Reg: 0x0A Val: 0xFFFFFEDC
In clock cycle: 73664
Register Write to Reg: 0x0B Val: 0x10058010
In clock cycle: 73665
Register Write to Reg: 0x0B Val: 0x00000000
In clock cycle: 73666
Register Write to Reg: 0x01 Val: 0x0044801C
In clock cycle: 73667
Register Write to Reg: 0x01 Val: 0x00000000
In clock cycle: 73668
Register Write to Reg: 0x02 Val: 0x00000000
In clock cycle: 74683
Register Write to Reg: 0x02 Val: 0xFFFFFFFC
In clock cycle: 74683
Memory Write to Addr: 0x00000000 Val: 0x00000000
In clock cycle: 74685
Register Write to Reg: 0x0A Val: 0x10059008
In clock cycle: 74686
Register Write to Reg: 0x0A Val: 0xFFFFFED8
In clock cycle: 74687
Register Write to Reg: 0x0B Val: 0x10059010
In clock cycle: 74688
Register Write to Reg: 0x0B Val: 0x00000000
In clock cycle: 74689
Register Write to Reg: 0x01 Val: 0x0044901C
In clock cycle: 74690
Register Write to Reg: 0x01 Val: 0x00000000
In clock cycle: 74691
Register Write to Reg: 0x02 Val: 0x00000000
In clock cycle: 75706
Register Write to Reg: 0x02 Val: 0xFFFFFFFC
In clock cycle: 75706
Memory Write to Addr: 0x00000000 Val: 0x00000000
In clock cycle: 75708
Register Write to Reg: 0x0A Val: 0x1005A008
In clock cycle: 75709
Register Write to Reg: 0x0A Val: 0xFFFFFED4
In clock cycle: 75710
Register Write to Reg: 0x0B Val: 0x1005A010
In clock cycle: 75711
Register Write to Reg: 0x0B Val: 0x00000000
In clock cycle: 75712
Register Write to Reg: 0x01 Val: 0x0044A01C
In clock cycle: 75713
Register Write to Reg: 0x01 Val: 0x00000000
In clock cycle: 75714
Register Write to Reg: 0x02 Val: 0x00000000
In clock cycle: 76729
Register Write to Reg: 0x02 Val: 0xFFFFFFFC
In clock cycle: 76729
Memory Write to Addr: 0x00000000 Val: 0x00000000
In clock cycle: 76731
Register Write to Reg: 0x0A Val: 0x1005B008
In clock cycle: 76732
Register Write to Reg: 0x0A Val: 0xFFFFFED0
In clock cycle: 76733
Register Write to Reg: 0x0B Val: 0x1005B010
In clock cycle: 76734
Register Write to Reg: 0x0B Val: 0x00000000
In clock cycle: 76735
Register Write to Reg: 0x01 Val: 0x0044B01C
In clock cycle: 76736
Register Write to Reg: 0x01 Val: 0x00000000
In clock cycle: 76737
Register Write to Reg: 0x02 Val: 0x00000000
In clock cycle: 77752
Register Write to Reg: 0x02 Val: 0xFFFFFFFC
In clock cycle: 77752
Memory Write to Addr: 0x00000000 Val: 0x00000000
In clock cycle: 77754
Register Write to Reg: 0x0A Val: 0x1005C008
In clock cycle: 77755
Register Write to Reg: 0x0A Val: 0xFFFFFECC
In clock cycle: 77756
Register Write to Reg: 0x0B Val: 0x1005C010
In clock cycle: 77757
Register Write to Reg: 0x0B Val: 0x00000000
In clock cycle: 77758
Register Write to Reg: 0x01 Val: 0x0044C01C
In clock cycle: 77759
Register Write to Reg: 0x01 Val: 0x00000000
In clock cycle: 77760
Register Write to Reg: 0x02 Val: 0x00000000
In clock cycle: 78775
Register Write to Reg: 0x02 Val: 0xFFFFFFFC
In clock cycle: 78775
Memory Write to Addr: 0x00000000 Val: 0x00000000
In clock cycle: 78777
Register Write to Reg: 0x0A Val: 0x1005D008
In clock cycle: 78778
Register Write to Reg: 0x0A Val: 0xFFFFFEC8
In clock cycle: 78779
Register Write to Reg: 0x0B Val: 0x1005D010
In clock cycle: 78780
Register Write to Reg: 0x0B Val: 0x00000000
In clock cycle: 78781
Register Write to Reg: 0x01 Val: 0x0044D01C
In clock cycle: 78782
Register Write to Reg: 0x01 Val: 0x00000000
In clock cycle: 78783
Register Write to Reg: 0x02 Val: 0x00000000
In clock cycle: 79798
Register Write to Reg: 0x02 Val: 0xFFFFFFFC
In clock cycle: 79798
Memory Write to Addr: 0x00000000 Val: 0x00000000
In clock cycle: 79800
Register Write to Reg: 0x0A Val: 0x1005E008
In clock cycle: 79801
Register Write to Reg: 0x0A Val: 0xFFFFFEC4
In clock cycle: 79802
Register Write to Reg: 0x0B Val: 0x1005E010
In clock cycle: 79803
Register Write to Reg: 0x0B Val: 0x00000000
In clock cycle: 79804
Register Write to Reg: 0x01 Val: 0x0044E01C
In clock cycle: 79805
Register Write to Reg: 0x01 Val: 0x00000000
In clock cycle: 79806
Register Write to Reg: 0x02 Val: 0x00000000
In clock cycle: 80821
Register Write to Reg: 0x02 Val: 0xFFFFFFFC
In clock cycle: 80821
Memory Write to Addr: 0x00000000 Val: 0x00000000
In clock cycle: 80823
Register Write to Reg: 0x0A Val: 0x1005F008
In clock cycle: 80824
Register Write to Reg: 0x0A Val: 0xFFFFFEC0
In clock cycle: 80825
Register Write to Reg: 0x0B Val: 0x1005F010
In clock cycle: 80826
Register Write to Reg: 0x0B Val: 0x00000000
In clock cycle: 80827
Register Write to Reg: 0x01 Val: 0x0044F01C
In clock cycle: 80828
Register Write to Reg: 0x01 Val: 0x00000000
In clock cycle: 80829
Register Write to Reg: 0x02 Val: 0x00000000
In clock cycle: 81844
Register Write to Reg: 0x02 Val: 0xFFFFFFFC
In clock cycle: 81844
Memory Write to Addr: 0x00000000 Val: 0x00000000
In clock cycle: 81846
Register Write to Reg: 0x0A Val: 0x10060008
In clock cycle: 81847
Register Write to Reg: 0x0A Val: 0xFFFFFEBC
In clock cycle: 81848
Register Write to Reg: 0x0B Val: 0x10060010
In clock cycle: 81849
Register Write to Reg: 0x0B Val: 0x00000000
In clock cycle: 81850
Register Write to Reg: 0x01 Val: 0x0045001C
In clock cycle: 81851
Register Write to Reg: 0x01 Val: 0x00000000
In clock cycle: 81852
Register Write to Reg: 0x02 Val: 0x00000000
In clock cycle: 82867
Register Write to Reg: 0x02 Val: 0xFFFFFFFC
In clock cycle: 82867
Memory Write to Addr: 0x00000000 Val: 0x00000000
In clock cycle: 82869
Register Write to Reg: 0x0A Val: 0x10061008
In clock cycle: 82870
Register Write to Reg: 0x0A Val: 0xFFFFFEB8
In clock cycle: 82871
Register Write to Reg: 0x0B Val: 0x10061010
In clock cycle: 82872
Register Write to Reg: 0x0B Val: 0x00000000
In clock cycle: 82873
Register Write to Reg: 0x01 Val: 0x0045101C
In clock cycle: 82874
Register Write to Reg: 0x01 Val: 0x00000000
In clock cycle: 82875
Register Write to Reg: 0x02 Val: 0x00000000
In clock cycle: 83890
Register Write to Reg: 0x02 Val: 0xFFFFFFFC
In clock cycle: 83890
Memory Write to Addr: 0x00000000 Val: 0x00000000
In clock cycle: 83892
Register Write to Reg: 0x0A Val: 0x10062008
In clock cycle: 83893
Register Write to Reg: 0x0A Val: 0xFFFFFEB4
In clock cycle: 83894
Register Write to Reg: 0x0B Val: 0x10062010
In clock cycle: 83895
Register Write to Reg: 0x0B Val: 0x00000000
In clock cycle: 83896
Register Write to Reg: 0x01 Val: 0x0045201C
In clock cycle: 83897
Register Write to Reg: 0x01 Val: 0x00000000
In clock cycle: 83898
Register Write to Reg: 0x02 Val: 0x00000000
In clock cycle: 84913
Register Write to Reg: 0x02 Val: 0xFFFFFFFC
In clock cycle: 84913
Memory Write to Addr: 0x00000000 Val: 0x00000000
In clock cycle: 84915
Register Write to Reg: 0x0A Val: 0x10063008
In clock cycle: 84916
Register Write to Reg: 0x0A Val: 0xFFFFFEB0
In clock cycle: 84917
Register Write to Reg: 0x0B Val: 0x10063010
In clock cycle: 84918
Register Write to Reg: 0x0B Val: 0x00000000
In clock cycle: 84919
Register Write to Reg: 0x01 Val: 0x0045301C
In clock cycle: 84920
Register Write to Reg: 0x01 Val: 0x00000000
In clock cycle: 84921
Register Write to Reg: 0x02 Val: 0x00000000
In clock cycle: 85936
Register Write to Reg: 0x02 Val: 0xFFFFFFFC
In clock cycle: 85936
Memory Write to Addr: 0x00000000 Val: 0x00000000
In clock cycle: 85938
Register Write to Reg: 0x0A Val: 0x10064008
In clock cycle: 85939
Register Write to Reg: 0x0A Val: 0xFFFFFEAC
In clock cycle: 85940
Register Write to Reg: 0x0B Val: 0x10064010
In clock cycle: 85941
Register Write to Reg: 0x0B Val: 0x00000000
In clock cycle: 85942
Register Write to Reg: 0x01 Val: 0x0045401C
In clock cycle: 85943
Register Write to Reg: 0x01 Val: 0x00000000
In clock cycle: 85944
Register Write to Reg: 0x02 Val: 0x00000000
In clock cycle: 86959
Register Write to Reg: 0x02 Val: 0xFFFFFFFC
In clock cycle: 86959
Memory Write to Addr: 0x00000000 Val: 0x00000000
In clock cycle: 86961
Register Write to Reg: 0x0A Val: 0x10065008
In clock cycle: 86962
Register Write to Reg: 0x0A Val: 0xFFFFFEA8
In clock cycle: 86963
Register Write to Reg: 0x0B Val: 0x10065010
In clock cycle: 86964
Register Write to Reg: 0x0B Val: 0x00000000
In clock cycle: 86965
Register Write to Reg: 0x01 Val: 0x0045501C
In clock cycle: 86966
Register Write to Reg: 0x01 Val: 0x00000000
In clock cycle: 86967
Register Write to Reg: 0x02 Val: 0x00000000
In clock cycle: 87982
Register Write to Reg: 0x02 Val: 0xFFFFFFFC
In clock cycle: 87982
Memory Write to Addr: 0x00000000 Val: 0x00000000
In clock cycle: 87984
Register Write to Reg: 0x0A Val: 0x10066008
In clock cycle: 87985
Register Write to Reg: 0x0A Val: 0xFFFFFEA4
In clock cycle: 87986
Register Write to Reg: 0x0B Val: 0x10066010
In clock cycle: 87987
Register Write to Reg: 0x0B Val: 0x00000000
In clock cycle: 87988
Register Write to Reg: 0x01 Val: 0x0045601C
In clock cycle: 87989
Register Write to Reg: 0x01 Val: 0x00000000
In clock cycle: 87990
Register Write to Reg: 0x02 Val: 0x00000000
In clock cycle: 89005
Register Write to Reg: 0x02 Val: 0xFFFFFFFC
In clock cycle: 89005
Memory Write to Addr: 0x00000000 Val: 0x00000000
In clock cycle: 89007
Register Write to Reg: 0x0A Val: 0x10067008
In clock cycle: 89008
Register Write to Reg: 0x0A Val: 0xFFFFFEA0
In clock cycle: 89009
Register Write to Reg: 0x0B Val: 0x10067010
In clock cycle: 89010
Register Write to Reg: 0x0B Val: 0x00000000
In clock cycle: 89011
Register Write to Reg: 0x01 Val: 0x0045701C
In clock cycle: 89012
Register Write to Reg: 0x01 Val: 0x00000000
In clock cycle: 89013
Register Write to Reg: 0x02 Val: 0x00000000
In clock cycle: 90028
Register Write to Reg: 0x02 Val: 0xFFFFFFFC
In clock cycle: 90028
Memory Write to Addr: 0x00000000 Val: 0x00000000
In clock cycle: 90030
Register Write to Reg: 0x0A Val: 0x10068008
In clock cycle: 90031
Register Write to Reg: 0x0A Val: 0xFFFFFE9C
In clock cycle: 90032
Register Write to Reg: 0x0B Val: 0x10068010
In clock cycle: 90033
Register Write to Reg: 0x0B Val: 0x00000000
In clock cycle: 90034
Register Write to Reg: 0x01 Val: 0x0045801C
In clock cycle: 90035
Register Write to Reg: 0x01 Val: 0x00000000
In clock cycle: 90036
Register Write to Reg: 0x02 Val: 0x00000000
In clock cycle: 91051
Register Write to Reg: 0x02 Val: 0xFFFFFFFC
In clock cycle: 91051
Memory Write to Addr: 0x00000000 Val: 0x00000000
In clock cycle: 91053
Register Write to Reg: 0x0A Val: 0x10069008
In clock cycle: 91054
Register Write to Reg: 0x0A Val: 0xFFFFFE98
In clock cycle: 91055
Register Write to Reg: 0x0B Val: 0x10069010
In clock cycle: 91056
Register Write to Reg: 0x0B Val: 0x00000000
In clock cycle: 91057
Register Write to Reg: 0x01 Val: 0x0045901C
In clock cycle: 91058
Register Write to Reg: 0x01 Val: 0x00000000
In clock cycle: 91059
Register Write to Reg: 0x02 Val: 0x00000000
In clock cycle: 92074
Register Write to Reg: 0x02 Val: 0xFFFFFFFC
In clock cycle: 92074
Memory Write to Addr: 0x00000000 Val: 0x00000000
In clock cycle: 92076
Register Write to Reg: 0x0A Val: 0x1006A008
In clock cycle: 92077
Register Write to Reg: 0x0A Val: 0xFFFFFE94
In clock cycle: 92078
Register Write to Reg: 0x0B Val: 0x1006A010
In clock cycle: 92079
Register Write to Reg: 0x0B Val: 0x00000000
In clock cycle: 92080
Register Write to Reg: 0x01 Val: 0x0045A01C
In clock cycle: 92081
Register Write to Reg: 0x01 Val: 0x00000000
In clock cycle: 92082
Register Write to Reg: 0x02 Val: 0x00000000
In clock cycle: 93097
Register Write to Reg: 0x02 Val: 0xFFFFFFFC
In clock cycle: 93097
Memory Write to Addr: 0x00000000 Val: 0x00000000
In clock cycle: 93099
Register Write to Reg: 0x0A Val: 0x1006B008
In clock cycle: 93100
Register Write to Reg: 0x0A Val: 0xFFFFFE90
In clock cycle: 93101
Register Write to Reg: 0x0B Val: 0x1006B010
In clock cycle: 93102
Register Write to Reg: 0x0B Val: 0x00000000
In clock cycle: 93103
Register Write to Reg: 0x01 Val: 0x0045B01C
In clock cycle: 93104
Register Write to Reg: 0x01 Val: 0x00000000
In clock cycle: 93105
Register Write to Reg: 0x02 Val: 0x00000000
In clock cycle: 94120
Register Write to Reg: 0x02 Val: 0xFFFFFFFC
In clock cycle: 94120
Memory Write to Addr: 0x00000000 Val: 0x00000000
In clock cycle: 94122
Register Write to Reg: 0x0A Val: 0x1006C008
In clock cycle: 94123
Register Write to Reg: 0x0A Val: 0xFFFFFE8C
In clock cycle: 94124
Register Write to Reg: 0x0B Val: 0x1006C010
In clock cycle: 94125
Register Write to Reg: 0x0B Val: 0x00000000
In clock cycle: 94126
Register Write to Reg: 0x01 Val: 0x0045C01C
In clock cycle: 94127
Register Write to Reg: 0x01 Val: 0x00000000
In clock cycle: 94128
Register Write to Reg: 0x02 Val: 0x00000000
In clock cycle: 95143
Register Write to Reg: 0x02 Val: 0xFFFFFFFC
In clock cycle: 95143
Memory Write to Addr: 0x00000000 Val: 0x00000000
In clock cycle: 95145
Register Write to Reg: 0x0A Val: 0x1006D008
In clock cycle: 95146
Register Write to Reg: 0x0A Val: 0xFFFFFE88
In clock cycle: 95147
Register Write to Reg: 0x0B Val: 0x1006D010
In clock cycle: 95148
Register Write to Reg: 0x0B Val: 0x00000000
In clock cycle: 95149
Register Write to Reg: 0x01 Val: 0x0045D01C
In clock cycle: 95150
Register Write to Reg: 0x01 Val: 0x00000000
In clock cycle: 95151
Register Write to Reg: 0x02 Val: 0x00000000
In clock cycle: 96166
Register Write to Reg: 0x02 Val: 0xFFFFFFFC
In clock cycle: 96166
Memory Write to Addr: 0x00000000 Val: 0x00000000
In clock cycle: 96168
Register Write to Reg: 0x0A Val: 0x1006E008
In clock cycle: 96169
Register Write to Reg: 0x0A Val: 0xFFFFFE84
In clock cycle: 96170
Register Write to Reg: 0x0B Val: 0x1006E010
In clock cycle: 96171
Register Write to Reg: 0x0B Val: 0x00000000
In clock cycle: 96172
Register Write to Reg: 0x01 Val: 0x0045E01C
In clock cycle: 96173
Register Write to Reg: 0x01 Val: 0x00000000
In clock cycle: 96174
Register Write to Reg: 0x02 Val: 0x00000000
In clock cycle: 97189
Register Write to Reg: 0x02 Val: 0xFFFFFFFC
In clock cycle: 97189
Memory Write to Addr: 0x00000000 Val: 0x00000000
In clock cycle: 97191
Register Write to Reg: 0x0A Val: 0x1006F008
In clock cycle: 97192
Register Write to Reg: 0x0A Val: 0xFFFFFE80
In clock cycle: 97193
Register Write to Reg: 0x0B Val: 0x1006F010
In clock cycle: 97194
Register Write to Reg: 0x0B Val: 0x00000000
In clock cycle: 97195
Register Write to Reg: 0x01 Val: 0x0045F01C
In clock cycle: 97196
Register Write to Reg: 0x01 Val: 0x00000000
In clock cycle: 97197
Register Write to Reg: 0x02 Val: 0x00000000
In clock cycle: 98212
Register Write to Reg: 0x02 Val: 0xFFFFFFFC
In clock cycle: 98212
Memory Write to Addr: 0x00000000 Val: 0x00000000
In clock cycle: 98214
Register Write to Reg: 0x0A Val: 0x10070008
In clock cycle: 98215
Register Write to Reg: 0x0A Val: 0xFFFFFE7C
In clock cycle: 98216
Register Write to Reg: 0x0B Val: 0x10070010
In clock cycle: 98217
Register Write to Reg: 0x0B Val: 0x00000000
In clock cycle: 98218
Register Write to Reg: 0x01 Val: 0x0046001C
In clock cycle: 98219
Register Write to Reg: 0x01 Val: 0x00000000
In clock cycle: 98220
Register Write to Reg: 0x02 Val: 0x00000000
In clock cycle: 99235
Register Write to Reg: 0x02 Val: 0xFFFFFFFC
In clock cycle: 99235
Memory Write to Addr: 0x00000000 Val: 0x00000000
In clock cycle: 99237
Register Write to Reg: 0x0A Val: 0x10071008
In clock cycle: 99238
Register Write to Reg: 0x0A Val: 0xFFFFFE78
In clock cycle: 99239
Register Write to Reg: 0x0B Val: 0x10071010
In clock cycle: 99240
Register Write to Reg: 0x0B Val: 0x00000000
In clock cycle: 99241
Register Write to Reg: 0x01 Val: 0x0046101C
In clock cycle: 99242
Register Write to Reg: 0x01 Val: 0x00000000
In clock cycle: 99243
Register Write to Reg: 0x02 Val: 0x00000000
In clock cycle: 100258
Register Write to Reg: 0x02 Val: 0xFFFFFFFC
In clock cycle: 100258
Memory Write to Addr: 0x00000000 Val: 0x00000000
In clock cycle: 100260
Register Write to Reg: 0x0A Val: 0x10072008
In clock cycle: 100261
Register Write to Reg: 0x0A Val: 0xFFFFFE74
In clock cycle: 100262
Register Write to Reg: 0x0B Val: 0x10072010
In clock cycle: 100263
Register Write to Reg: 0x0B Val: 0x00000000
In clock cycle: 100264
Register Write to Reg: 0x01 Val: 0x0046201C
In clock cycle: 100265
Register Write to Reg: 0x01 Val: 0x00000000
In clock cycle: 100266
Register Write to Reg: 0x02 Val: 0x00000000
In clock cycle: 101281
Register Write to Reg: 0x02 Val: 0xFFFFFFFC
In clock cycle: 101281
Memory Write to Addr: 0x00000000 Val: 0x00000000
In clock cycle: 101283
Register Write to Reg: 0x0A Val: 0x10073008
In clock cycle: 101284
Register Write to Reg: 0x0A Val: 0xFFFFFE70
In clock cycle: 101285
Register Write to Reg: 0x0B Val: 0x10073010
In clock cycle: 101286
Register Write to Reg: 0x0B Val: 0x00000000
In clock cycle: 101287
Register Write to Reg: 0x01 Val: 0x0046301C
In clock cycle: 101288
Register Write to Reg: 0x01 Val: 0x00000000
In clock cycle: 101289
Register Write to Reg: 0x02 Val: 0x00000000
In clock cycle: 102304
Register Write to Reg: 0x02 Val: 0xFFFFFFFC
In clock cycle: 102304
Memory Write to Addr: 0x00000000 Val: 0x00000000
In clock cycle: 102306
Register Write to Reg: 0x0A Val: 0x10074008
In clock cycle: 102307
Register Write to Reg: 0x0A Val: 0xFFFFFE6C
In clock cycle: 102308
Register Write to Reg: 0x0B Val: 0x10074010
In clock cycle: 102309
Register Write to Reg: 0x0B Val: 0x00000000
In clock cycle: 102310
Register Write to Reg: 0x01 Val: 0x0046401C
In clock cycle: 102311
Register Write to Reg: 0x01 Val: 0x00000000
In clock cycle: 102312
Register Write to Reg: 0x02 Val: 0x00000000
In clock cycle: 103327
Register Write to Reg: 0x02 Val: 0xFFFFFFFC
In clock cycle: 103327
Memory Write to Addr: 0x00000000 Val: 0x00000000
In clock cycle: 103329
Register Write to Reg: 0x0A Val: 0x10075008
In clock cycle: 103330
Register Write to Reg: 0x0A Val: 0xFFFFFE68
In clock cycle: 103331
Register Write to Reg: 0x0B Val: 0x10075010
In clock cycle: 103332
Register Write to Reg: 0x0B Val: 0x00000000
In clock cycle: 103333
Register Write to Reg: 0x01 Val: 0x0046501C
In clock cycle: 103334
Register Write to Reg: 0x01 Val: 0x00000000
In clock cycle: 103335
Register Write to Reg: 0x02 Val: 0x00000000
In clock cycle: 104350
Register Write to Reg: 0x02 Val: 0xFFFFFFFC
In clock cycle: 104350
Memory Write to Addr: 0x00000000 Val: 0x00000000
In clock cycle: 104352
Register Write to Reg: 0x0A Val: 0x10076008
In clock cycle: 104353
Register Write to Reg: 0x0A Val: 0xFFFFFE64
In clock cycle: 104354
Register Write to Reg: 0x0B Val: 0x10076010
In clock cycle: 104355
Register Write to Reg: 0x0B Val: 0x00000000
In clock cycle: 104356
Register Write to Reg: 0x01 Val: 0x0046601C
In clock cycle: 104357
Register Write to Reg: 0x01 Val: 0x00000000
In clock cycle: 104358
Register Write to Reg: 0x02 Val: 0x00000000
In clock cycle: 105373
Register Write to Reg: 0x02 Val: 0xFFFFFFFC
In clock cycle: 105373
Memory Write to Addr: 0x00000000 Val: 0x00000000
In clock cycle: 105375
Register Write to Reg: 0x0A Val: 0x10077008
In clock cycle: 105376
Register Write to Reg: 0x0A Val: 0xFFFFFE60
In clock cycle: 105377
Register Write to Reg: 0x0B Val: 0x10077010
In clock cycle: 105378
Register Write to Reg: 0x0B Val: 0x00000000
In clock cycle: 105379
Register Write to Reg: 0x01 Val: 0x0046701C
In clock cycle: 105380
Register Write to Reg: 0x01 Val: 0x00000000
In clock cycle: 105381
Register Write to Reg: 0x02 Val: 0x00000000
In clock cycle: 106396
Register Write to Reg: 0x02 Val: 0xFFFFFFFC
In clock cycle: 106396
Memory Write to Addr: 0x00000000 Val: 0x00000000
In clock cycle: 106398
Register Write to Reg: 0x0A Val: 0x10078008
In clock cycle: 106399
Register Write to Reg: 0x0A Val: 0xFFFFFE5C
In clock cycle: 106400
Register Write to Reg: 0x0B Val: 0x10078010
In clock cycle: 106401
Register Write to Reg: 0x0B Val: 0x00000000
In clock cycle: 106402
Register Write to Reg: 0x01 Val: 0x0046801C
In clock cycle: 106403
Register Write to Reg: 0x01 Val: 0x00000000
In clock cycle: 106404
Register Write to Reg: 0x02 Val: 0x00000000
In clock cycle: 107419
Register Write to Reg: 0x02 Val: 0xFFFFFFFC
In clock cycle: 107419
Memory Write to Addr: 0x00000000 Val: 0x00000000
In clock cycle: 107421
Register Write to Reg: 0x0A Val: 0x10079008
In clock cycle: 107422
Register Write to Reg: 0x0A Val: 0xFFFFFE58
In clock cycle: 107423
Register Write to Reg: 0x0B Val: 0x10079010
In clock cycle: 107424
Register Write to Reg: 0x0B Val: 0x00000000
In clock cycle: 107425
Register Write to Reg: 0x01 Val: 0x0046901C
In clock cycle: 107426
Register Write to Reg: 0x01 Val: 0x00000000
In clock cycle: 107427
Register Write to Reg: 0x02 Val: 0x00000000
In clock cycle: 108442
Register Write to Reg: 0x02 Val: 0xFFFFFFFC
In clock cycle: 108442
Memory Write to Addr: 0x00000000 Val: 0x00000000
In clock cycle: 108444
Register Write to Reg: 0x0A Val: 0x1007A008
In clock cycle: 108445
Register Write to Reg: 0x0A Val: 0xFFFFFE54
In clock cycle: 108446
Register Write to Reg: 0x0B Val: 0x1007A010
In clock cycle: 108447
Register Write to Reg: 0x0B Val: 0x00000000
In clock cycle: 108448
Register Write to Reg: 0x01 Val: 0x0046A01C
In clock cycle: 108449
Register Write to Reg: 0x01 Val: 0x00000000
In clock cycle: 108450
Register Write to Reg: 0x02 Val: 0x00000000
In clock cycle: 109465
Register Write to Reg: 0x02 Val: 0xFFFFFFFC
In clock cycle: 109465
Memory Write to Addr: 0x00000000 Val: 0x00000000
In clock cycle: 109467
Register Write to Reg: 0x0A Val: 0x1007B008
In clock cycle: 109468
Register Write to Reg: 0x0A Val: 0xFFFFFE50
In clock cycle: 109469
Register Write to Reg: 0x0B Val: 0x1007B010
In clock cycle: 109470
Register Write to Reg: 0x0B Val: 0x00000000
In clock cycle: 109471
Register Write to Reg: 0x01 Val: 0x0046B01C
In clock cycle: 109472
Register Write to Reg: 0x01 Val: 0x00000000
In clock cycle: 109473
Register Write to Reg: 0x02 Val: 0x00000000
In clock cycle: 110488
Register Write to Reg: 0x02 Val: 0xFFFFFFFC
In clock cycle: 110488
Memory Write to Addr: 0x00000000 Val: 0x00000000
In clock cycle: 110490
Register Write to Reg: 0x0A Val: 0x1007C008
In clock cycle: 110491
Register Write to Reg: 0x0A Val: 0xFFFFFE4C
In clock cycle: 110492
Register Write to Reg: 0x0B Val: 0x1007C010
In clock cycle: 110493
Register Write to Reg: 0x0B Val: 0x00000000
In clock cycle: 110494
Register Write to Reg: 0x01 Val: 0x0046C01C
In clock cycle: 110495
Register Write to Reg: 0x01 Val: 0x00000000
In clock cycle: 110496
Register Write to Reg: 0x02 Val: 0x00000000
In clock cycle: 111511
Register Write to Reg: 0x02 Val: 0xFFFFFFFC
In clock cycle: 111511
Memory Write to Addr: 0x00000000 Val: 0x00000000
In clock cycle: 111513
Register Write to Reg: 0x0A Val: 0x1007D008
In clock cycle: 111514
Register Write to Reg: 0x0A Val: 0xFFFFFE48
In clock cycle: 111515
Register Write to Reg: 0x0B Val: 0x1007D010
In clock cycle: 111516
Register Write to Reg: 0x0B Val: 0x00000000
In clock cycle: 111517
Register Write to Reg: 0x01 Val: 0x0046D01C
In clock cycle: 111518
Register Write to Reg: 0x01 Val: 0x00000000
In clock cycle: 111519
Register Write to Reg: 0x02 Val: 0x00000000
In clock cycle: 112534
Register Write to Reg: 0x02 Val: 0xFFFFFFFC
In clock cycle: 112534
Memory Write to Addr: 0x00000000 Val: 0x00000000
In clock cycle: 112536
Register Write to Reg: 0x0A Val: 0x1007E008
In clock cycle: 112537
Register Write to Reg: 0x0A Val: 0xFFFFFE44
In clock cycle: 112538
Register Write to Reg: 0x0B Val: 0x1007E010
In clock cycle: 112539
Register Write to Reg: 0x0B Val: 0x00000000
In clock cycle: 112540
Register Write to Reg: 0x01 Val: 0x0046E01C
In clock cycle: 112541
Register Write to Reg: 0x01 Val: 0x00000000
In clock cycle: 112542
Register Write to Reg: 0x02 Val: 0x00000000
In clock cycle: 113557
Register Write to Reg: 0x02 Val: 0xFFFFFFFC
In clock cycle: 113557
Memory Write to Addr: 0x00000000 Val: 0x00000000
In clock cycle: 113559
Register Write to Reg: 0x0A Val: 0x1007F008
In clock cycle: 113560
Register Write to Reg: 0x0A Val: 0xFFFFFE40
In clock cycle: 113561
Register Write to Reg: 0x0B Val: 0x1007F010
In clock cycle: 113562
Register Write to Reg: 0x0B Val: 0x00000000
In clock cycle: 113563
Register Write to Reg: 0x01 Val: 0x0046F01C
In clock cycle: 113564
Register Write to Reg: 0x01 Val: 0x00000000
In clock cycle: 113565
Register Write to Reg: 0x02 Val: 0x00000000
In clock cycle: 114580
Register Write to Reg: 0x02 Val: 0xFFFFFFFC
In clock cycle: 114580
Memory Write to Addr: 0x00000000 Val: 0x00000000
In clock cycle: 114582
Register Write to Reg: 0x0A Val: 0x10080008
In clock cycle: 114583
Register Write to Reg: 0x0A Val: 0xFFFFFE3C
In clock cycle: 114584
Register Write to Reg: 0x0B Val: 0x10080010
In clock cycle: 114585
Register Write to Reg: 0x0B Val: 0x00000000
In clock cycle: 114586
Register Write to Reg: 0x01 Val: 0x0047001C
In clock cycle: 114587
Register Write to Reg: 0x01 Val: 0x00000000
In clock cycle: 114588
Register Write to Reg: 0x02 Val: 0x00000000
In clock cycle: 115603
Register Write to Reg: 0x02 Val: 0xFFFFFFFC
In clock cycle: 115603
Memory Write to Addr: 0x00000000 Val: 0x00000000
In clock cycle: 115605
Register Write to Reg: 0x0A Val: 0x10081008
In clock cycle: 115606
Register Write to Reg: 0x0A Val: 0xFFFFFE38
In clock cycle: 115607
Register Write to Reg: 0x0B Val: 0x10081010
In clock cycle: 115608
Register Write to Reg: 0x0B Val: 0x00000000
In clock cycle: 115609
Register Write to Reg: 0x01 Val: 0x0047101C
In clock cycle: 115610
Register Write to Reg: 0x01 Val: 0x00000000
In clock cycle: 115611
Register Write to Reg: 0x02 Val: 0x00000000
In clock cycle: 116626
Register Write to Reg: 0x02 Val: 0xFFFFFFFC
In clock cycle: 116626
Memory Write to Addr: 0x00000000 Val: 0x00000000
In clock cycle: 116628
Register Write to Reg: 0x0A Val: 0x10082008
In clock cycle: 116629
Register Write to Reg: 0x0A Val: 0xFFFFFE34
In clock cycle: 116630
Register Write to Reg: 0x0B Val: 0x10082010
In clock cycle: 116631
Register Write to Reg: 0x0B Val: 0x00000000
In clock cycle: 116632
Register Write to Reg: 0x01 Val: 0x0047201C
In clock cycle: 116633
Register Write to Reg: 0x01 Val: 0x00000000
In clock cycle: 116634
Register Write to Reg: 0x02 Val: 0x00000000
In clock cycle: 117649
Register Write to Reg: 0x02 Val: 0xFFFFFFFC
In clock cycle: 117649
Memory Write to Addr: 0x00000000 Val: 0x00000000
In clock cycle: 117651
Register Write to Reg: 0x0A Val: 0x10083008
In clock cycle: 117652
Register Write to Reg: 0x0A Val: 0xFFFFFE30
In clock cycle: 117653
Register Write to Reg: 0x0B Val: 0x10083010
In clock cycle: 117654
Register Write to Reg: 0x0B Val: 0x00000000
In clock cycle: 117655
Register Write to Reg: 0x01 Val: 0x0047301C
In clock cycle: 117656
Register Write to Reg: 0x01 Val: 0x00000000
In clock cycle: 117657
Register Write to Reg: 0x02 Val: 0x00000000
In clock cycle: 118672
Register Write to Reg: 0x02 Val: 0xFFFFFFFC
In clock cycle: 118672
Memory Write to Addr: 0x00000000 Val: 0x00000000
In clock cycle: 118674
Register Write to Reg: 0x0A Val: 0x10084008
In clock cycle: 118675
Register Write to Reg: 0x0A Val: 0xFFFFFE2C
In clock cycle: 118676
Register Write to Reg: 0x0B Val: 0x10084010
In clock cycle: 118677
Register Write to Reg: 0x0B Val: 0x00000000
In clock cycle: 118678
Register Write to Reg: 0x01 Val: 0x0047401C
In clock cycle: 118679
Register Write to Reg: 0x01 Val: 0x00000000
In clock cycle: 118680
Register Write to Reg: 0x02 Val: 0x00000000
In clock cycle: 119695
Register Write to Reg: 0x02 Val: 0xFFFFFFFC
In clock cycle: 119695
Memory Write to Addr: 0x00000000 Val: 0x00000000
In clock cycle: 119697
Register Write to Reg: 0x0A Val: 0x10085008
In clock cycle: 119698
Register Write to Reg: 0x0A Val: 0xFFFFFE28
In clock cycle: 119699
Register Write to Reg: 0x0B Val: 0x10085010
In clock cycle: 119700
Register Write to Reg: 0x0B Val: 0x00000000
In clock cycle: 119701
Register Write to Reg: 0x01 Val: 0x0047501C
In clock cycle: 119702
Register Write to Reg: 0x01 Val: 0x00000000
In clock cycle: 119703
Register Write to Reg: 0x02 Val: 0x00000000
In clock cycle: 120718
Register Write to Reg: 0x02 Val: 0xFFFFFFFC
In clock cycle: 120718
Memory Write to Addr: 0x00000000 Val: 0x00000000
In clock cycle: 120720
Register Write to Reg: 0x0A Val: 0x10086008
In clock cycle: 120721
Register Write to Reg: 0x0A Val: 0xFFFFFE24
In clock cycle: 120722
Register Write to Reg: 0x0B Val: 0x10086010
In clock cycle: 120723
Register Write to Reg: 0x0B Val: 0x00000000
In clock cycle: 120724
Register Write to Reg: 0x01 Val: 0x0047601C
In clock cycle: 120725
Register Write to Reg: 0x01 Val: 0x00000000
In clock cycle: 120726
Register Write to Reg: 0x02 Val: 0x00000000
In clock cycle: 121741
Register Write to Reg: 0x02 Val: 0xFFFFFFFC
In clock cycle: 121741
Memory Write to Addr: 0x00000000 Val: 0x00000000
In clock cycle: 121743
Register Write to Reg: 0x0A Val: 0x10087008
In clock cycle: 121744
Register Write to Reg: 0x0A Val: 0xFFFFFE20
In clock cycle: 121745
Register Write to Reg: 0x0B Val: 0x10087010
In clock cycle: 121746
Register Write to Reg: 0x0B Val: 0x00000000
In clock cycle: 121747
Register Write to Reg: 0x01 Val: 0x0047701C
In clock cycle: 121748
Register Write to Reg: 0x01 Val: 0x00000000
In clock cycle: 121749
Register Write to Reg: 0x02 Val: 0x00000000
In clock cycle: 122764
Register Write to Reg: 0x02 Val: 0xFFFFFFFC
In clock cycle: 122764
Memory Write to Addr: 0x00000000 Val: 0x00000000
In clock cycle: 122766
Register Write to Reg: 0x0A Val: 0x10088008
In clock cycle: 122767
Register Write to Reg: 0x0A Val: 0xFFFFFE1C
In clock cycle: 122768
Register Write to Reg: 0x0B Val: 0x10088010
In clock cycle: 122769
Register Write to Reg: 0x0B Val: 0x00000000
In clock cycle: 122770
Register Write to Reg: 0x01 Val: 0x0047801C
In clock cycle: 122771
Register Write to Reg: 0x01 Val: 0x00000000
In clock cycle: 122772
Register Write to Reg: 0x02 Val: 0x00000000
In clock cycle: 123787
Register Write to Reg: 0x02 Val: 0xFFFFFFFC
In clock cycle: 123787
Memory Write to Addr: 0x00000000 Val: 0x00000000
In clock cycle: 123789
Register Write to Reg: 0x0A Val: 0x10089008
In clock cycle: 123790
Register Write to Reg: 0x0A Val: 0xFFFFFE18
In clock cycle: 123791
Register Write to Reg: 0x0B Val: 0x10089010
In clock cycle: 123792
Register Write to Reg: 0x0B Val: 0x00000000
In clock cycle: 123793
Register Write to Reg: 0x01 Val: 0x0047901C
In clock cycle: 123794
Register Write to Reg: 0x01 Val: 0x00000000
In clock cycle: 123795
Register Write to Reg: 0x02 Val: 0x00000000
In clock cycle: 124810
Register Write to Reg: 0x02 Val: 0xFFFFFFFC
In clock cycle: 124810
Memory Write to Addr: 0x00000000 Val: 0x00000000
In clock cycle: 124812
Register Write to Reg: 0x0A Val: 0x1008A008
In clock cycle: 124813
Register Write to Reg: 0x0A Val: 0xFFFFFE14
In clock cycle: 124814
Register Write to Reg: 0x0B Val: 0x1008A010
In clock cycle: 124815
Register Write to Reg: 0x0B Val: 0x00000000
In clock cycle: 124816
Register Write to Reg: 0x01 Val: 0x0047A01C
In clock cycle: 124817
Register Write to Reg: 0x01 Val: 0x00000000
In clock cycle: 124818
Register Write to Reg: 0x02 Val: 0x00000000
In clock cycle: 125833
Register Write to Reg: 0x02 Val: 0xFFFFFFFC
In clock cycle: 125833
Memory Write to Addr: 0x00000000 Val: 0x00000000
In clock cycle: 125835
Register Write to Reg: 0x0A Val: 0x1008B008
In clock cycle: 125836
Register Write to Reg: 0x0A Val: 0xFFFFFE10
In clock cycle: 125837
Register Write to Reg: 0x0B Val: 0x1008B010
In clock cycle: 125838
Register Write to Reg: 0x0B Val: 0x00000000
In clock cycle: 125839
Register Write to Reg: 0x01 Val: 0x0047B01C
In clock cycle: 125840
Register Write to Reg: 0x01 Val: 0x00000000
In clock cycle: 125841
Register Write to Reg: 0x02 Val: 0x00000000
In clock cycle: 126856
Register Write to Reg: 0x02 Val: 0xFFFFFFFC
In clock cycle: 126856
Memory Write to Addr: 0x00000000 Val: 0x00000000
In clock cycle: 126858
Register Write to Reg: 0x0A Val: 0x1008C008
In clock cycle: 126859
Register Write to Reg: 0x0A Val: 0xFFFFFE0C
In clock cycle: 126860
Register Write to Reg: 0x0B Val: 0x1008C010
In clock cycle: 126861
Register Write to Reg: 0x0B Val: 0x00000000
In clock cycle: 126862
Register Write to Reg: 0x01 Val: 0x0047C01C
In clock cycle: 126863
Register Write to Reg: 0x01 Val: 0x00000000
In clock cycle: 126864
Register Write to Reg: 0x02 Val: 0x00000000
In clock cycle: 127879
Register Write to Reg: 0x02 Val: 0xFFFFFFFC
In clock cycle: 127879
Memory Write to Addr: 0x00000000 Val: 0x00000000
In clock cycle: 127881
Register Write to Reg: 0x0A Val: 0x1008D008
In clock cycle: 127882
Register Write to Reg: 0x0A Val: 0xFFFFFE08
In clock cycle: 127883
Register Write to Reg: 0x0B Val: 0x1008D010
In clock cycle: 127884
Register Write to Reg: 0x0B Val: 0x00000000
In clock cycle: 127885
Register Write to Reg: 0x01 Val: 0x0047D01C
In clock cycle: 127886
Register Write to Reg: 0x01 Val: 0x00000000
In clock cycle: 127887
Register Write to Reg: 0x02 Val: 0x00000000
In clock cycle: 128902
Register Write to Reg: 0x02 Val: 0xFFFFFFFC
In clock cycle: 128902
Memory Write to Addr: 0x00000000 Val: 0x00000000
In clock cycle: 128904
Register Write to Reg: 0x0A Val: 0x1008E008
In clock cycle: 128905
Register Write to Reg: 0x0A Val: 0xFFFFFE04
In clock cycle: 128906
Register Write to Reg: 0x0B Val: 0x1008E010
In clock cycle: 128907
Register Write to Reg: 0x0B Val: 0x00000000
In clock cycle: 128908
Register Write to Reg: 0x01 Val: 0x0047E01C
In clock cycle: 128909
Register Write to Reg: 0x01 Val: 0x00000000
In clock cycle: 128910
Register Write to Reg: 0x02 Val: 0x00000000
In clock cycle: 129925
Register Write to Reg: 0x02 Val: 0xFFFFFFFC
In clock cycle: 129925
Memory Write to Addr: 0x00000000 Val: 0x00000000
In clock cycle: 129927
Register Write to Reg: 0x0A Val: 0x1008F008
In clock cycle: 129928
Register Write to Reg: 0x0A Val: 0xFFFFFE00
In clock cycle: 129929
Register Write to Reg: 0x0B Val: 0x1008F010
In clock cycle: 129930
Register Write to Reg: 0x0B Val: 0x00000000
In clock cycle: 129931
Register Write to Reg: 0x01 Val: 0x0047F01C
In clock cycle: 129932
Register Write to Reg: 0x01 Val: 0x00000000
In clock cycle: 129933
Register Write to Reg: 0x02 Val: 0x00000000
In clock cycle: 130948
Register Write to Reg: 0x02 Val: 0xFFFFFFFC
In clock cycle: 130948
Memory Write to Addr: 0x00000000 Val: 0x00000000
In clock cycle: 130950
Register Write to Reg: 0x0A Val: 0x10090008
In clock cycle: 130951
Register Write to Reg: 0x0A Val: 0xFFFFFDFC
In clock cycle: 130952
Register Write to Reg: 0x0B Val: 0x10090010
In clock cycle: 130953
Register Write to Reg: 0x0B Val: 0x00000000
In clock cycle: 130954
Register Write to Reg: 0x01 Val: 0x0048001C
In clock cycle: 130955
Register Write to Reg: 0x01 Val: 0x00000000
In clock cycle: 130956
Register Write to Reg: 0x02 Val: 0x00000000
In clock cycle: 131971
Register Write to Reg: 0x02 Val: 0xFFFFFFFC
In clock cycle: 131971
Memory Write to Addr: 0x00000000 Val: 0x00000000
In clock cycle: 131973
Register Write to Reg: 0x0A Val: 0x10091008
In clock cycle: 131974
Register Write to Reg: 0x0A Val: 0xFFFFFDF8
In clock cycle: 131975
Register Write to Reg: 0x0B Val: 0x10091010
In clock cycle: 131976
Register Write to Reg: 0x0B Val: 0x00000000
In clock cycle: 131977
Register Write to Reg: 0x01 Val: 0x0048101C
In clock cycle: 131978
Register Write to Reg: 0x01 Val: 0x00000000
In clock cycle: 131979
Register Write to Reg: 0x02 Val: 0x00000000
In clock cycle: 132994
Register Write to Reg: 0x02 Val: 0xFFFFFFFC
In clock cycle: 132994
Memory Write to Addr: 0x00000000 Val: 0x00000000
In clock cycle: 132996
Register Write to Reg: 0x0A Val: 0x10092008
In clock cycle: 132997
Register Write to Reg: 0x0A Val: 0xFFFFFDF4
In clock cycle: 132998
Register Write to Reg: 0x0B Val: 0x10092010
In clock cycle: 132999
Register Write to Reg: 0x0B Val: 0x00000000
In clock cycle: 133000
Register Write to Reg: 0x01 Val: 0x0048201C
In clock cycle: 133001
Register Write to Reg: 0x01 Val: 0x00000000
In clock cycle: 133002
Register Write to Reg: 0x02 Val: 0x00000000
In clock cycle: 134017
Register Write to Reg: 0x02 Val: 0xFFFFFFFC
In clock cycle: 134017
Memory Write to Addr: 0x00000000 Val: 0x00000000
In clock cycle: 134019
Register Write to Reg: 0x0A Val: 0x10093008
In clock cycle: 134020
Register Write to Reg: 0x0A Val: 0xFFFFFDF0
In clock cycle: 134021
Register Write to Reg: 0x0B Val: 0x10093010
In clock cycle: 134022
Register Write to Reg: 0x0B Val: 0x00000000
In clock cycle: 134023
Register Write to Reg: 0x01 Val: 0x0048301C
In clock cycle: 134024
Register Write to Reg: 0x01 Val: 0x00000000
In clock cycle: 134025
Register Write to Reg: 0x02 Val: 0x00000000
In clock cycle: 135040
Register Write to Reg: 0x02 Val: 0xFFFFFFFC
In clock cycle: 135040
Memory Write to Addr: 0x00000000 Val: 0x00000000
In clock cycle: 135042
Register Write to Reg: 0x0A Val: 0x10094008
In clock cycle: 135043
Register Write to Reg: 0x0A Val: 0xFFFFFDEC
In clock cycle: 135044
Register Write to Reg: 0x0B Val: 0x10094010
In clock cycle: 135045
Register Write to Reg: 0x0B Val: 0x00000000
In clock cycle: 135046
Register Write to Reg: 0x01 Val: 0x0048401C
In clock cycle: 135047
Register Write to Reg: 0x01 Val: 0x00000000
In clock cycle: 135048
Register Write to Reg: 0x02 Val: 0x00000000
In clock cycle: 136063
Register Write to Reg: 0x02 Val: 0xFFFFFFFC
In clock cycle: 136063
Memory Write to Addr: 0x00000000 Val: 0x00000000
In clock cycle: 136065
Register Write to Reg: 0x0A Val: 0x10095008
In clock cycle: 136066
Register Write to Reg: 0x0A Val: 0xFFFFFDE8
In clock cycle: 136067
Register Write to Reg: 0x0B Val: 0x10095010
In clock cycle: 136068
Register Write to Reg: 0x0B Val: 0x00000000
In clock cycle: 136069
Register Write to Reg: 0x01 Val: 0x0048501C
In clock cycle: 136070
Register Write to Reg: 0x01 Val: 0x00000000
In clock cycle: 136071
Register Write to Reg: 0x02 Val: 0x00000000
In clock cycle: 137086
Register Write to Reg: 0x02 Val: 0xFFFFFFFC
In clock cycle: 137086
Memory Write to Addr: 0x00000000 Val: 0x00000000
In clock cycle: 137088
Register Write to Reg: 0x0A Val: 0x10096008
In clock cycle: 137089
Register Write to Reg: 0x0A Val: 0xFFFFFDE4
In clock cycle: 137090
Register Write to Reg: 0x0B Val: 0x10096010
In clock cycle: 137091
Register Write to Reg: 0x0B Val: 0x00000000
In clock cycle: 137092
Register Write to Reg: 0x01 Val: 0x0048601C
In clock cycle: 137093
Register Write to Reg: 0x01 Val: 0x00000000
In clock cycle: 137094
Register Write to Reg: 0x02 Val: 0x00000000
In clock cycle: 138109
Register Write to Reg: 0x02 Val: 0xFFFFFFFC
In clock cycle: 138109
Memory Write to Addr: 0x00000000 Val: 0x00000000
In clock cycle: 138111
Register Write to Reg: 0x0A Val: 0x10097008
In clock cycle: 138112
Register Write to Reg: 0x0A Val: 0xFFFFFDE0
In clock cycle: 138113
Register Write to Reg: 0x0B Val: 0x10097010
In clock cycle: 138114
Register Write to Reg: 0x0B Val: 0x00000000
In clock cycle: 138115
Register Write to Reg: 0x01 Val: 0x0048701C
In clock cycle: 138116
Register Write to Reg: 0x01 Val: 0x00000000
In clock cycle: 138117
Register Write to Reg: 0x02 Val: 0x00000000
In clock cycle: 139132
Register Write to Reg: 0x02 Val: 0xFFFFFFFC
In clock cycle: 139132
Memory Write to Addr: 0x00000000 Val: 0x00000000
In clock cycle: 139134
Register Write to Reg: 0x0A Val: 0x10098008
In clock cycle: 139135
Register Write to Reg: 0x0A Val: 0xFFFFFDDC
In clock cycle: 139136
Register Write to Reg: 0x0B Val: 0x10098010
In clock cycle: 139137
Register Write to Reg: 0x0B Val: 0x00000000
In clock cycle: 139138
Register Write to Reg: 0x01 Val: 0x0048801C
In clock cycle: 139139
Register Write to Reg: 0x01 Val: 0x00000000
In clock cycle: 139140
Register Write to Reg: 0x02 Val: 0x00000000
In clock cycle: 140155
Register Write to Reg: 0x02 Val: 0xFFFFFFFC
In clock cycle: 140155
Memory Write to Addr: 0x00000000 Val: 0x00000000
In clock cycle: 140157
Register Write to Reg: 0x0A Val: 0x10099008
In clock cycle: 140158
Register Write to Reg: 0x0A Val: 0xFFFFFDD8
In clock cycle: 140159
Register Write to Reg: 0x0B Val: 0x10099010
In clock cycle: 140160
Register Write to Reg: 0x0B Val: 0x00000000
In clock cycle: 140161
Register Write to Reg: 0x01 Val: 0x0048901C
In clock cycle: 140162
Register Write to Reg: 0x01 Val: 0x00000000
In clock cycle: 140163
Register Write to Reg: 0x02 Val: 0x00000000
In clock cycle: 141178
Register Write to Reg: 0x02 Val: 0xFFFFFFFC
In clock cycle: 141178
Memory Write to Addr: 0x00000000 Val: 0x00000000
In clock cycle: 141180
Register Write to Reg: 0x0A Val: 0x1009A008
In clock cycle: 141181
Register Write to Reg: 0x0A Val: 0xFFFFFDD4
In clock cycle: 141182
Register Write to Reg: 0x0B Val: 0x1009A010
In clock cycle: 141183
Register Write to Reg: 0x0B Val: 0x00000000
In clock cycle: 141184
Register Write to Reg: 0x01 Val: 0x0048A01C
In clock cycle: 141185
Register Write to Reg: 0x01 Val: 0x00000000
In clock cycle: 141186
Register Write to Reg: 0x02 Val: 0x00000000
In clock cycle: 142201
Register Write to Reg: 0x02 Val: 0xFFFFFFFC
In clock cycle: 142201
Memory Write to Addr: 0x00000000 Val: 0x00000000
In clock cycle: 142203
Register Write to Reg: 0x0A Val: 0x1009B008
In clock cycle: 142204
Register Write to Reg: 0x0A Val: 0xFFFFFDD0
In clock cycle: 142205
Register Write to Reg: 0x0B Val: 0x1009B010
In clock cycle: 142206
Register Write to Reg: 0x0B Val: 0x00000000
In clock cycle: 142207
Register Write to Reg: 0x01 Val: 0x0048B01C
In clock cycle: 142208
Register Write to Reg: 0x01 Val: 0x00000000
In clock cycle: 142209
Register Write to Reg: 0x02 Val: 0x00000000
In clock cycle: 143224
Register Write to Reg: 0x02 Val: 0xFFFFFFFC
In clock cycle: 143224
Memory Write to Addr: 0x00000000 Val: 0x00000000
In clock cycle: 143226
Register Write to Reg: 0x0A Val: 0x1009C008
In clock cycle: 143227
Register Write to Reg: 0x0A Val: 0xFFFFFDCC
In clock cycle: 143228
Register Write to Reg: 0x0B Val: 0x1009C010
In clock cycle: 143229
Register Write to Reg: 0x0B Val: 0x00000000
In clock cycle: 143230
Register Write to Reg: 0x01 Val: 0x0048C01C
In clock cycle: 143231
Register Write to Reg: 0x01 Val: 0x00000000
In clock cycle: 143232
Register Write to Reg: 0x02 Val: 0x00000000
In clock cycle: 144247
Register Write to Reg: 0x02 Val: 0xFFFFFFFC
In clock cycle: 144247
Memory Write to Addr: 0x00000000 Val: 0x00000000
In clock cycle: 144249
Register Write to Reg: 0x0A Val: 0x1009D008
In clock cycle: 144250
Register Write to Reg: 0x0A Val: 0xFFFFFDC8
In clock cycle: 144251
Register Write to Reg: 0x0B Val: 0x1009D010
In clock cycle: 144252
Register Write to Reg: 0x0B Val: 0x00000000
In clock cycle: 144253
Register Write to Reg: 0x01 Val: 0x0048D01C
In clock cycle: 144254
Register Write to Reg: 0x01 Val: 0x00000000
In clock cycle: 144255
Register Write to Reg: 0x02 Val: 0x00000000
In clock cycle: 145270
Register Write to Reg: 0x02 Val: 0xFFFFFFFC
In clock cycle: 145270
Memory Write to Addr: 0x00000000 Val: 0x00000000
In clock cycle: 145272
Register Write to Reg: 0x0A Val: 0x1009E008
In clock cycle: 145273
Register Write to Reg: 0x0A Val: 0xFFFFFDC4
In clock cycle: 145274
Register Write to Reg: 0x0B Val: 0x1009E010
In clock cycle: 145275
Register Write to Reg: 0x0B Val: 0x00000000
In clock cycle: 145276
Register Write to Reg: 0x01 Val: 0x0048E01C
In clock cycle: 145277
Register Write to Reg: 0x01 Val: 0x00000000
In clock cycle: 145278
Register Write to Reg: 0x02 Val: 0x00000000
In clock cycle: 146293
Register Write to Reg: 0x02 Val: 0xFFFFFFFC
In clock cycle: 146293
Memory Write to Addr: 0x00000000 Val: 0x00000000
In clock cycle: 146295
Register Write to Reg: 0x0A Val: 0x1009F008
In clock cycle: 146296
Register Write to Reg: 0x0A Val: 0xFFFFFDC0
In clock cycle: 146297
Register Write to Reg: 0x0B Val: 0x1009F010
In clock cycle: 146298
Register Write to Reg: 0x0B Val: 0x00000000
In clock cycle: 146299
Register Write to Reg: 0x01 Val: 0x0048F01C
In clock cycle: 146300
Register Write to Reg: 0x01 Val: 0x00000000
In clock cycle: 146301
Register Write to Reg: 0x02 Val: 0x00000000
In clock cycle: 147316
Register Write to Reg: 0x02 Val: 0xFFFFFFFC
In clock cycle: 147316
Memory Write to Addr: 0x00000000 Val: 0x00000000
In clock cycle: 147318
Register Write to Reg: 0x0A Val: 0x100A0008
In clock cycle: 147319
Register Write to Reg: 0x0A Val: 0xFFFFFDBC
In clock cycle: 147320
Register Write to Reg: 0x0B Val: 0x100A0010
In clock cycle: 147321
Register Write to Reg: 0x0B Val: 0x00000000
In clock cycle: 147322
Register Write to Reg: 0x01 Val: 0x0049001C
In clock cycle: 147323
Register Write to Reg: 0x01 Val: 0x00000000
In clock cycle: 147324
Register Write to Reg: 0x02 Val: 0x00000000
In clock cycle: 148339
Register Write to Reg: 0x02 Val: 0xFFFFFFFC
In clock cycle: 148339
Memory Write to Addr: 0x00000000 Val: 0x00000000
In clock cycle: 148341
Register Write to Reg: 0x0A Val: 0x100A1008
In clock cycle: 148342
Register Write to Reg: 0x0A Val: 0xFFFFFDB8
In clock cycle: 148343
Register Write to Reg: 0x0B Val: 0x100A1010
In clock cycle: 148344
Register Write to Reg: 0x0B Val: 0x00000000
In clock cycle: 148345
Register Write to Reg: 0x01 Val: 0x0049101C
In clock cycle: 148346
Register Write to Reg: 0x01 Val: 0x00000000
In clock cycle: 148347
Register Write to Reg: 0x02 Val: 0x00000000
In clock cycle: 149362
Register Write to Reg: 0x02 Val: 0xFFFFFFFC
In clock cycle: 149362
Memory Write to Addr: 0x00000000 Val: 0x00000000
In clock cycle: 149364
Register Write to Reg: 0x0A Val: 0x100A2008
In clock cycle: 149365
Register Write to Reg: 0x0A Val: 0xFFFFFDB4
In clock cycle: 149366
Register Write to Reg: 0x0B Val: 0x100A2010
In clock cycle: 149367
Register Write to Reg: 0x0B Val: 0x00000000
In clock cycle: 149368
Register Write to Reg: 0x01 Val: 0x0049201C
In clock cycle: 149369
Register Write to Reg: 0x01 Val: 0x00000000
In clock cycle: 149370
Register Write to Reg: 0x02 Val: 0x00000000
In clock cycle: 150385
Register Write to Reg: 0x02 Val: 0xFFFFFFFC
In clock cycle: 150385
Memory Write to Addr: 0x00000000 Val: 0x00000000
In clock cycle: 150387
Register Write to Reg: 0x0A Val: 0x100A3008
In clock cycle: 150388
Register Write to Reg: 0x0A Val: 0xFFFFFDB0
In clock cycle: 150389
Register Write to Reg: 0x0B Val: 0x100A3010
In clock cycle: 150390
Register Write to Reg: 0x0B Val: 0x00000000
In clock cycle: 150391
Register Write to Reg: 0x01 Val: 0x0049301C
In clock cycle: 150392
Register Write to Reg: 0x01 Val: 0x00000000
In clock cycle: 150393
Register Write to Reg: 0x02 Val: 0x00000000
In clock cycle: 151408
Register Write to Reg: 0x02 Val: 0xFFFFFFFC
In clock cycle: 151408
Memory Write to Addr: 0x00000000 Val: 0x00000000
In clock cycle: 151410
Register Write to Reg: 0x0A Val: 0x100A4008
In clock cycle: 151411
Register Write to Reg: 0x0A Val: 0xFFFFFDAC
In clock cycle: 151412
Register Write to Reg: 0x0B Val: 0x100A4010
In clock cycle: 151413
Register Write to Reg: 0x0B Val: 0x00000000
In clock cycle: 151414
Register Write to Reg: 0x01 Val: 0x0049401C
In clock cycle: 151415
Register Write to Reg: 0x01 Val: 0x00000000
In clock cycle: 151416
Register Write to Reg: 0x02 Val: 0x00000000
In clock cycle: 152431
Register Write to Reg: 0x02 Val: 0xFFFFFFFC
In clock cycle: 152431
Memory Write to Addr: 0x00000000 Val: 0x00000000
In clock cycle: 152433
Register Write to Reg: 0x0A Val: 0x100A5008
In clock cycle: 152434
Register Write to Reg: 0x0A Val: 0xFFFFFDA8
In clock cycle: 152435
Register Write to Reg: 0x0B Val: 0x100A5010
In clock cycle: 152436
Register Write to Reg: 0x0B Val: 0x00000000
In clock cycle: 152437
Register Write to Reg: 0x01 Val: 0x0049501C
In clock cycle: 152438
Register Write to Reg: 0x01 Val: 0x00000000
In clock cycle: 152439
Register Write to Reg: 0x02 Val: 0x00000000
In clock cycle: 153454
Register Write to Reg: 0x02 Val: 0xFFFFFFFC
In clock cycle: 153454
Memory Write to Addr: 0x00000000 Val: 0x00000000
In clock cycle: 153456
Register Write to Reg: 0x0A Val: 0x100A6008
In clock cycle: 153457
Register Write to Reg: 0x0A Val: 0xFFFFFDA4
In clock cycle: 153458
Register Write to Reg: 0x0B Val: 0x100A6010
In clock cycle: 153459
Register Write to Reg: 0x0B Val: 0x00000000
In clock cycle: 153460
Register Write to Reg: 0x01 Val: 0x0049601C
In clock cycle: 153461
Register Write to Reg: 0x01 Val: 0x00000000
In clock cycle: 153462
Register Write to Reg: 0x02 Val: 0x00000000
In clock cycle: 154477
Register Write to Reg: 0x02 Val: 0xFFFFFFFC
In clock cycle: 154477
Memory Write to Addr: 0x00000000 Val: 0x00000000
In clock cycle: 154479
Register Write to Reg: 0x0A Val: 0x100A7008
In clock cycle: 154480
Register Write to Reg: 0x0A Val: 0xFFFFFDA0
In clock cycle: 154481
Register Write to Reg: 0x0B Val: 0x100A7010
In clock cycle: 154482
Register Write to Reg: 0x0B Val: 0x00000000
In clock cycle: 154483
Register Write to Reg: 0x01 Val: 0x0049701C
In clock cycle: 154484
Register Write to Reg: 0x01 Val: 0x00000000
In clock cycle: 154485
Register Write to Reg: 0x02 Val: 0x00000000
In clock cycle: 155500
Register Write to Reg: 0x02 Val: 0xFFFFFFFC
In clock cycle: 155500
Memory Write to Addr: 0x00000000 Val: 0x00000000
In clock cycle: 155502
Register Write to Reg: 0x0A Val: 0x100A8008
In clock cycle: 155503
Register Write to Reg: 0x0A Val: 0xFFFFFD9C
In clock cycle: 155504
Register Write to Reg: 0x0B Val: 0x100A8010
In clock cycle: 155505
Register Write to Reg: 0x0B Val: 0x00000000
In clock cycle: 155506
Register Write to Reg: 0x01 Val: 0x0049801C
In clock cycle: 155507
Register Write to Reg: 0x01 Val: 0x00000000
In clock cycle: 155508
Register Write to Reg: 0x02 Val: 0x00000000
In clock cycle: 156523
Register Write to Reg: 0x02 Val: 0xFFFFFFFC
In clock cycle: 156523
Memory Write to Addr: 0x00000000 Val: 0x00000000
In clock cycle: 156525
Register Write to Reg: 0x0A Val: 0x100A9008
In clock cycle: 156526
Register Write to Reg: 0x0A Val: 0xFFFFFD98
In clock cycle: 156527
Register Write to Reg: 0x0B Val: 0x100A9010
In clock cycle: 156528
Register Write to Reg: 0x0B Val: 0x00000000
In clock cycle: 156529
Register Write to Reg: 0x01 Val: 0x0049901C
In clock cycle: 156530
Register Write to Reg: 0x01 Val: 0x00000000
In clock cycle: 156531
Register Write to Reg: 0x02 Val: 0x00000000
In clock cycle: 157546
Register Write to Reg: 0x02 Val: 0xFFFFFFFC
In clock cycle: 157546
Memory Write to Addr: 0x00000000 Val: 0x00000000
In clock cycle: 157548
Register Write to Reg: 0x0A Val: 0x100AA008
In clock cycle: 157549
Register Write to Reg: 0x0A Val: 0xFFFFFD94
In clock cycle: 157550
Register Write to Reg: 0x0B Val: 0x100AA010
In clock cycle: 157551
Register Write to Reg: 0x0B Val: 0x00000000
In clock cycle: 157552
Register Write to Reg: 0x01 Val: 0x0049A01C
In clock cycle: 157553
Register Write to Reg: 0x01 Val: 0x00000000
In clock cycle: 157554
Register Write to Reg: 0x02 Val: 0x00000000
In clock cycle: 158569
Register Write to Reg: 0x02 Val: 0xFFFFFFFC
In clock cycle: 158569
Memory Write to Addr: 0x00000000 Val: 0x00000000
In clock cycle: 158571
Register Write to Reg: 0x0A Val: 0x100AB008
In clock cycle: 158572
Register Write to Reg: 0x0A Val: 0xFFFFFD90
In clock cycle: 158573
Register Write to Reg: 0x0B Val: 0x100AB010
In clock cycle: 158574
Register Write to Reg: 0x0B Val: 0x00000000
In clock cycle: 158575
Register Write to Reg: 0x01 Val: 0x0049B01C
In clock cycle: 158576
Register Write to Reg: 0x01 Val: 0x00000000
In clock cycle: 158577
Register Write to Reg: 0x02 Val: 0x00000000
In clock cycle: 159592
Register Write to Reg: 0x02 Val: 0xFFFFFFFC
In clock cycle: 159592
Memory Write to Addr: 0x00000000 Val: 0x00000000
In clock cycle: 159594
Register Write to Reg: 0x0A Val: 0x100AC008
In clock cycle: 159595
Register Write to Reg: 0x0A Val: 0xFFFFFD8C
In clock cycle: 159596
Register Write to Reg: 0x0B Val: 0x100AC010
In clock cycle: 159597
Register Write to Reg: 0x0B Val: 0x00000000
In clock cycle: 159598
Register Write to Reg: 0x01 Val: 0x0049C01C
In clock cycle: 159599
Register Write to Reg: 0x01 Val: 0x00000000
In clock cycle: 159600
Register Write to Reg: 0x02 Val: 0x00000000
In clock cycle: 160615
Register Write to Reg: 0x02 Val: 0xFFFFFFFC
In clock cycle: 160615
Memory Write to Addr: 0x00000000 Val: 0x00000000
In clock cycle: 160617
Register Write to Reg: 0x0A Val: 0x100AD008
In clock cycle: 160618
Register Write to Reg: 0x0A Val: 0xFFFFFD88
In clock cycle: 160619
Register Write to Reg: 0x0B Val: 0x100AD010
In clock cycle: 160620
Register Write to Reg: 0x0B Val: 0x00000000
In clock cycle: 160621
Register Write to Reg: 0x01 Val: 0x0049D01C
In clock cycle: 160622
Register Write to Reg: 0x01 Val: 0x00000000
In clock cycle: 160623
Register Write to Reg: 0x02 Val: 0x00000000
In clock cycle: 161638
Register Write to Reg: 0x02 Val: 0xFFFFFFFC
In clock cycle: 161638
Memory Write to Addr: 0x00000000 Val: 0x00000000
In clock cycle: 161640
Register Write to Reg: 0x0A Val: 0x100AE008
In clock cycle: 161641
Register Write to Reg: 0x0A Val: 0xFFFFFD84
In clock cycle: 161642
Register Write to Reg: 0x0B Val: 0x100AE010
In clock cycle: 161643
Register Write to Reg: 0x0B Val: 0x00000000
In clock cycle: 161644
Register Write to Reg: 0x01 Val: 0x0049E01C
In clock cycle: 161645
Register Write to Reg: 0x01 Val: 0x00000000
In clock cycle: 161646
Register Write to Reg: 0x02 Val: 0x00000000
In clock cycle: 162661
Register Write to Reg: 0x02 Val: 0xFFFFFFFC
In clock cycle: 162661
Memory Write to Addr: 0x00000000 Val: 0x00000000
In clock cycle: 162663
Register Write to Reg: 0x0A Val: 0x100AF008
In clock cycle: 162664
Register Write to Reg: 0x0A Val: 0xFFFFFD80
In clock cycle: 162665
Register Write to Reg: 0x0B Val: 0x100AF010
In clock cycle: 162666
Register Write to Reg: 0x0B Val: 0x00000000
In clock cycle: 162667
Register Write to Reg: 0x01 Val: 0x0049F01C
In clock cycle: 162668
Register Write to Reg: 0x01 Val: 0x00000000
In clock cycle: 162669
Register Write to Reg: 0x02 Val: 0x00000000
In clock cycle: 163684
Register Write to Reg: 0x02 Val: 0xFFFFFFFC
In clock cycle: 163684
Memory Write to Addr: 0x00000000 Val: 0x00000000
In clock cycle: 163686
Register Write to Reg: 0x0A Val: 0x100B0008
In clock cycle: 163687
Register Write to Reg: 0x0A Val: 0xFFFFFD7C
In clock cycle: 163688
Register Write to Reg: 0x0B Val: 0x100B0010
In clock cycle: 163689
Register Write to Reg: 0x0B Val: 0x00000000
In clock cycle: 163690
Register Write to Reg: 0x01 Val: 0x004A001C
In clock cycle: 163691
Register Write to Reg: 0x01 Val: 0x00000000
In clock cycle: 163692
Register Write to Reg: 0x02 Val: 0x00000000
In clock cycle: 164707
Register Write to Reg: 0x02 Val: 0xFFFFFFFC
In clock cycle: 164707
Memory Write to Addr: 0x00000000 Val: 0x00000000
In clock cycle: 164709
Register Write to Reg: 0x0A Val: 0x100B1008
In clock cycle: 164710
Register Write to Reg: 0x0A Val: 0xFFFFFD78
In clock cycle: 164711
Register Write to Reg: 0x0B Val: 0x100B1010
In clock cycle: 164712
Register Write to Reg: 0x0B Val: 0x00000000
In clock cycle: 164713
Register Write to Reg: 0x01 Val: 0x004A101C
In clock cycle: 164714
Register Write to Reg: 0x01 Val: 0x00000000
In clock cycle: 164715
Register Write to Reg: 0x02 Val: 0x00000000
In clock cycle: 165730
Register Write to Reg: 0x02 Val: 0xFFFFFFFC
In clock cycle: 165730
Memory Write to Addr: 0x00000000 Val: 0x00000000
In clock cycle: 165732
Register Write to Reg: 0x0A Val: 0x100B2008
In clock cycle: 165733
Register Write to Reg: 0x0A Val: 0xFFFFFD74
In clock cycle: 165734
Register Write to Reg: 0x0B Val: 0x100B2010
In clock cycle: 165735
Register Write to Reg: 0x0B Val: 0x00000000
In clock cycle: 165736
Register Write to Reg: 0x01 Val: 0x004A201C
In clock cycle: 165737
Register Write to Reg: 0x01 Val: 0x00000000
In clock cycle: 165738
Register Write to Reg: 0x02 Val: 0x00000000
In clock cycle: 166753
Register Write to Reg: 0x02 Val: 0xFFFFFFFC
In clock cycle: 166753
Memory Write to Addr: 0x00000000 Val: 0x00000000
In clock cycle: 166755
Register Write to Reg: 0x0A Val: 0x100B3008
In clock cycle: 166756
Register Write to Reg: 0x0A Val: 0xFFFFFD70
In clock cycle: 166757
Register Write to Reg: 0x0B Val: 0x100B3010
In clock cycle: 166758
Register Write to Reg: 0x0B Val: 0x00000000
In clock cycle: 166759
Register Write to Reg: 0x01 Val: 0x004A301C
In clock cycle: 166760
Register Write to Reg: 0x01 Val: 0x00000000
In clock cycle: 166761
Register Write to Reg: 0x02 Val: 0x00000000
In clock cycle: 167776
Register Write to Reg: 0x02 Val: 0xFFFFFFFC
In clock cycle: 167776
Memory Write to Addr: 0x00000000 Val: 0x00000000
In clock cycle: 167778
Register Write to Reg: 0x0A Val: 0x100B4008
In clock cycle: 167779
Register Write to Reg: 0x0A Val: 0xFFFFFD6C
In clock cycle: 167780
Register Write to Reg: 0x0B Val: 0x100B4010
In clock cycle: 167781
Register Write to Reg: 0x0B Val: 0x00000000
In clock cycle: 167782
Register Write to Reg: 0x01 Val: 0x004A401C
In clock cycle: 167783
Register Write to Reg: 0x01 Val: 0x00000000
In clock cycle: 167784
Register Write to Reg: 0x02 Val: 0x00000000
In clock cycle: 168799
Register Write to Reg: 0x02 Val: 0xFFFFFFFC
In clock cycle: 168799
Memory Write to Addr: 0x00000000 Val: 0x00000000
In clock cycle: 168801
Register Write to Reg: 0x0A Val: 0x100B5008
In clock cycle: 168802
Register Write to Reg: 0x0A Val: 0xFFFFFD68
In clock cycle: 168803
Register Write to Reg: 0x0B Val: 0x100B5010
In clock cycle: 168804
Register Write to Reg: 0x0B Val: 0x00000000
In clock cycle: 168805
Register Write to Reg: 0x01 Val: 0x004A501C
In clock cycle: 168806
Register Write to Reg: 0x01 Val: 0x00000000
In clock cycle: 168807
Register Write to Reg: 0x02 Val: 0x00000000
In clock cycle: 169822
Register Write to Reg: 0x02 Val: 0xFFFFFFFC
In clock cycle: 169822
Memory Write to Addr: 0x00000000 Val: 0x00000000
In clock cycle: 169824
Register Write to Reg: 0x0A Val: 0x100B6008
In clock cycle: 169825
Register Write to Reg: 0x0A Val: 0xFFFFFD64
In clock cycle: 169826
Register Write to Reg: 0x0B Val: 0x100B6010
In clock cycle: 169827
Register Write to Reg: 0x0B Val: 0x00000000
In clock cycle: 169828
Register Write to Reg: 0x01 Val: 0x004A601C
In clock cycle: 169829
Register Write to Reg: 0x01 Val: 0x00000000
In clock cycle: 169830
Register Write to Reg: 0x02 Val: 0x00000000
In clock cycle: 170845
Register Write to Reg: 0x02 Val: 0xFFFFFFFC
In clock cycle: 170845
Memory Write to Addr: 0x00000000 Val: 0x00000000
In clock cycle: 170847
Register Write to Reg: 0x0A Val: 0x100B7008
In clock cycle: 170848
Register Write to Reg: 0x0A Val: 0xFFFFFD60
In clock cycle: 170849
Register Write to Reg: 0x0B Val: 0x100B7010
In clock cycle: 170850
Register Write to Reg: 0x0B Val: 0x00000000
In clock cycle: 170851
Register Write to Reg: 0x01 Val: 0x004A701C
In clock cycle: 170852
Register Write to Reg: 0x01 Val: 0x00000000
In clock cycle: 170853
Register Write to Reg: 0x02 Val: 0x00000000
In clock cycle: 171868
Register Write to Reg: 0x02 Val: 0xFFFFFFFC
In clock cycle: 171868
Memory Write to Addr: 0x00000000 Val: 0x00000000
In clock cycle: 171870
Register Write to Reg: 0x0A Val: 0x100B8008
In clock cycle: 171871
Register Write to Reg: 0x0A Val: 0xFFFFFD5C
In clock cycle: 171872
Register Write to Reg: 0x0B Val: 0x100B8010
In clock cycle: 171873
Register Write to Reg: 0x0B Val: 0x00000000
In clock cycle: 171874
Register Write to Reg: 0x01 Val: 0x004A801C
In clock cycle: 171875
Register Write to Reg: 0x01 Val: 0x00000000
In clock cycle: 171876
Register Write to Reg: 0x02 Val: 0x00000000
In clock cycle: 172891
Register Write to Reg: 0x02 Val: 0xFFFFFFFC
In clock cycle: 172891
Memory Write to Addr: 0x00000000 Val: 0x00000000
In clock cycle: 172893
Register Write to Reg: 0x0A Val: 0x100B9008
In clock cycle: 172894
Register Write to Reg: 0x0A Val: 0xFFFFFD58
In clock cycle: 172895
Register Write to Reg: 0x0B Val: 0x100B9010
In clock cycle: 172896
Register Write to Reg: 0x0B Val: 0x00000000
In clock cycle: 172897
Register Write to Reg: 0x01 Val: 0x004A901C
In clock cycle: 172898
Register Write to Reg: 0x01 Val: 0x00000000
In clock cycle: 172899
Register Write to Reg: 0x02 Val: 0x00000000
In clock cycle: 173914
Register Write to Reg: 0x02 Val: 0xFFFFFFFC
In clock cycle: 173914
Memory Write to Addr: 0x00000000 Val: 0x00000000
In clock cycle: 173916
Register Write to Reg: 0x0A Val: 0x100BA008
In clock cycle: 173917
Register Write to Reg: 0x0A Val: 0xFFFFFD54
In clock cycle: 173918
Register Write to Reg: 0x0B Val: 0x100BA010
In clock cycle: 173919
Register Write to Reg: 0x0B Val: 0x00000000
In clock cycle: 173920
Register Write to Reg: 0x01 Val: 0x004AA01C
In clock cycle: 173921
Register Write to Reg: 0x01 Val: 0x00000000
In clock cycle: 173922
Register Write to Reg: 0x02 Val: 0x00000000
In clock cycle: 174937
Register Write to Reg: 0x02 Val: 0xFFFFFFFC
In clock cycle: 174937
Memory Write to Addr: 0x00000000 Val: 0x00000000
In clock cycle: 174939
Register Write to Reg: 0x0A Val: 0x100BB008
In clock cycle: 174940
Register Write to Reg: 0x0A Val: 0xFFFFFD50
In clock cycle: 174941
Register Write to Reg: 0x0B Val: 0x100BB010
In clock cycle: 174942
Register Write to Reg: 0x0B Val: 0x00000000
In clock cycle: 174943
Register Write to Reg: 0x01 Val: 0x004AB01C
In clock cycle: 174944
Register Write to Reg: 0x01 Val: 0x00000000
In clock cycle: 174945
Register Write to Reg: 0x02 Val: 0x00000000
In clock cycle: 175960
Register Write to Reg: 0x02 Val: 0xFFFFFFFC
In clock cycle: 175960
Memory Write to Addr: 0x00000000 Val: 0x00000000
In clock cycle: 175962
Register Write to Reg: 0x0A Val: 0x100BC008
In clock cycle: 175963
Register Write to Reg: 0x0A Val: 0xFFFFFD4C
In clock cycle: 175964
Register Write to Reg: 0x0B Val: 0x100BC010
In clock cycle: 175965
Register Write to Reg: 0x0B Val: 0x00000000
In clock cycle: 175966
Register Write to Reg: 0x01 Val: 0x004AC01C
In clock cycle: 175967
Register Write to Reg: 0x01 Val: 0x00000000
In clock cycle: 175968
Register Write to Reg: 0x02 Val: 0x00000000
In clock cycle: 176983
Register Write to Reg: 0x02 Val: 0xFFFFFFFC
In clock cycle: 176983
Memory Write to Addr: 0x00000000 Val: 0x00000000
In clock cycle: 176985
Register Write to Reg: 0x0A Val: 0x100BD008
In clock cycle: 176986
Register Write to Reg: 0x0A Val: 0xFFFFFD48
In clock cycle: 176987
Register Write to Reg: 0x0B Val: 0x100BD010
In clock cycle: 176988
Register Write to Reg: 0x0B Val: 0x00000000
In clock cycle: 176989
Register Write to Reg: 0x01 Val: 0x004AD01C
In clock cycle: 176990
Register Write to Reg: 0x01 Val: 0x00000000
In clock cycle: 176991
Register Write to Reg: 0x02 Val: 0x00000000
In clock cycle: 178006
Register Write to Reg: 0x02 Val: 0xFFFFFFFC
In clock cycle: 178006
Memory Write to Addr: 0x00000000 Val: 0x00000000
In clock cycle: 178008
Register Write to Reg: 0x0A Val: 0x100BE008
In clock cycle: 178009
Register Write to Reg: 0x0A Val: 0xFFFFFD44
In clock cycle: 178010
Register Write to Reg: 0x0B Val: 0x100BE010
In clock cycle: 178011
Register Write to Reg: 0x0B Val: 0x00000000
In clock cycle: 178012
Register Write to Reg: 0x01 Val: 0x004AE01C
In clock cycle: 178013
Register Write to Reg: 0x01 Val: 0x00000000
In clock cycle: 178014
Register Write to Reg: 0x02 Val: 0x00000000
In clock cycle: 179029
Register Write to Reg: 0x02 Val: 0xFFFFFFFC
In clock cycle: 179029
Memory Write to Addr: 0x00000000 Val: 0x00000000
In clock cycle: 179031
Register Write to Reg: 0x0A Val: 0x100BF008
In clock cycle: 179032
Register Write to Reg: 0x0A Val: 0xFFFFFD40
In clock cycle: 179033
Register Write to Reg: 0x0B Val: 0x100BF010
In clock cycle: 179034
Register Write to Reg: 0x0B Val: 0x00000000
In clock cycle: 179035
Register Write to Reg: 0x01 Val: 0x004AF01C
In clock cycle: 179036
Register Write to Reg: 0x01 Val: 0x00000000
In clock cycle: 179037
Register Write to Reg: 0x02 Val: 0x00000000
In clock cycle: 180052
Register Write to Reg: 0x02 Val: 0xFFFFFFFC
In clock cycle: 180052
Memory Write to Addr: 0x00000000 Val: 0x00000000
In clock cycle: 180054
Register Write to Reg: 0x0A Val: 0x100C0008
In clock cycle: 180055
Register Write to Reg: 0x0A Val: 0xFFFFFD3C
In clock cycle: 180056
Register Write to Reg: 0x0B Val: 0x100C0010
In clock cycle: 180057
Register Write to Reg: 0x0B Val: 0x00000000
In clock cycle: 180058
Register Write to Reg: 0x01 Val: 0x004B001C
In clock cycle: 180059
Register Write to Reg: 0x01 Val: 0x00000000
In clock cycle: 180060
Register Write to Reg: 0x02 Val: 0x00000000
In clock cycle: 181075
Register Write to Reg: 0x02 Val: 0xFFFFFFFC
In clock cycle: 181075
Memory Write to Addr: 0x00000000 Val: 0x00000000
In clock cycle: 181077
Register Write to Reg: 0x0A Val: 0x100C1008
In clock cycle: 181078
Register Write to Reg: 0x0A Val: 0xFFFFFD38
In clock cycle: 181079
Register Write to Reg: 0x0B Val: 0x100C1010
In clock cycle: 181080
Register Write to Reg: 0x0B Val: 0x00000000
In clock cycle: 181081
Register Write to Reg: 0x01 Val: 0x004B101C
In clock cycle: 181082
Register Write to Reg: 0x01 Val: 0x00000000
In clock cycle: 181083
Register Write to Reg: 0x02 Val: 0x00000000
In clock cycle: 182098
Register Write to Reg: 0x02 Val: 0xFFFFFFFC
In clock cycle: 182098
Memory Write to Addr: 0x00000000 Val: 0x00000000
In clock cycle: 182100
Register Write to Reg: 0x0A Val: 0x100C2008
In clock cycle: 182101
Register Write to Reg: 0x0A Val: 0xFFFFFD34
In clock cycle: 182102
Register Write to Reg: 0x0B Val: 0x100C2010
In clock cycle: 182103
Register Write to Reg: 0x0B Val: 0x00000000
In clock cycle: 182104
Register Write to Reg: 0x01 Val: 0x004B201C
In clock cycle: 182105
Register Write to Reg: 0x01 Val: 0x00000000
In clock cycle: 182106
Register Write to Reg: 0x02 Val: 0x00000000
In clock cycle: 183121
Register Write to Reg: 0x02 Val: 0xFFFFFFFC
In clock cycle: 183121
Memory Write to Addr: 0x00000000 Val: 0x00000000
In clock cycle: 183123
Register Write to Reg: 0x0A Val: 0x100C3008
In clock cycle: 183124
Register Write to Reg: 0x0A Val: 0xFFFFFD30
In clock cycle: 183125
Register Write to Reg: 0x0B Val: 0x100C3010
In clock cycle: 183126
Register Write to Reg: 0x0B Val: 0x00000000
In clock cycle: 183127
Register Write to Reg: 0x01 Val: 0x004B301C
In clock cycle: 183128
Register Write to Reg: 0x01 Val: 0x00000000
In clock cycle: 183129
Register Write to Reg: 0x02 Val: 0x00000000
In clock cycle: 184144
Register Write to Reg: 0x02 Val: 0xFFFFFFFC
In clock cycle: 184144
Memory Write to Addr: 0x00000000 Val: 0x00000000
In clock cycle: 184146
Register Write to Reg: 0x0A Val: 0x100C4008
In clock cycle: 184147
Register Write to Reg: 0x0A Val: 0xFFFFFD2C
In clock cycle: 184148
Register Write to Reg: 0x0B Val: 0x100C4010
In clock cycle: 184149
Register Write to Reg: 0x0B Val: 0x00000000
In clock cycle: 184150
Register Write to Reg: 0x01 Val: 0x004B401C
In clock cycle: 184151
Register Write to Reg: 0x01 Val: 0x00000000
In clock cycle: 184152
Register Write to Reg: 0x02 Val: 0x00000000
In clock cycle: 185167
Register Write to Reg: 0x02 Val: 0xFFFFFFFC
In clock cycle: 185167
Memory Write to Addr: 0x00000000 Val: 0x00000000
In clock cycle: 185169
Register Write to Reg: 0x0A Val: 0x100C5008
In clock cycle: 185170
Register Write to Reg: 0x0A Val: 0xFFFFFD28
In clock cycle: 185171
Register Write to Reg: 0x0B Val: 0x100C5010
In clock cycle: 185172
Register Write to Reg: 0x0B Val: 0x00000000
In clock cycle: 185173
Register Write to Reg: 0x01 Val: 0x004B501C
In clock cycle: 185174
Register Write to Reg: 0x01 Val: 0x00000000
In clock cycle: 185175
Register Write to Reg: 0x02 Val: 0x00000000
In clock cycle: 186190
Register Write to Reg: 0x02 Val: 0xFFFFFFFC
In clock cycle: 186190
Memory Write to Addr: 0x00000000 Val: 0x00000000
In clock cycle: 186192
Register Write to Reg: 0x0A Val: 0x100C6008
In clock cycle: 186193
Register Write to Reg: 0x0A Val: 0xFFFFFD24
In clock cycle: 186194
Register Write to Reg: 0x0B Val: 0x100C6010
In clock cycle: 186195
Register Write to Reg: 0x0B Val: 0x00000000
In clock cycle: 186196
Register Write to Reg: 0x01 Val: 0x004B601C
In clock cycle: 186197
Register Write to Reg: 0x01 Val: 0x00000000
In clock cycle: 186198
Register Write to Reg: 0x02 Val: 0x00000000
In clock cycle: 187213
Register Write to Reg: 0x02 Val: 0xFFFFFFFC
In clock cycle: 187213
Memory Write to Addr: 0x00000000 Val: 0x00000000
In clock cycle: 187215
Register Write to Reg: 0x0A Val: 0x100C7008
In clock cycle: 187216
Register Write to Reg: 0x0A Val: 0xFFFFFD20
In clock cycle: 187217
Register Write to Reg: 0x0B Val: 0x100C7010
In clock cycle: 187218
Register Write to Reg: 0x0B Val: 0x00000000
In clock cycle: 187219
Register Write to Reg: 0x01 Val: 0x004B701C
In clock cycle: 187220
Register Write to Reg: 0x01 Val: 0x00000000
In clock cycle: 187221
Register Write to Reg: 0x02 Val: 0x00000000
In clock cycle: 188236
Register Write to Reg: 0x02 Val: 0xFFFFFFFC
In clock cycle: 188236
Memory Write to Addr: 0x00000000 Val: 0x00000000
In clock cycle: 188238
Register Write to Reg: 0x0A Val: 0x100C8008
In clock cycle: 188239
Register Write to Reg: 0x0A Val: 0xFFFFFD1C
In clock cycle: 188240
Register Write to Reg: 0x0B Val: 0x100C8010
In clock cycle: 188241
Register Write to Reg: 0x0B Val: 0x00000000
In clock cycle: 188242
Register Write to Reg: 0x01 Val: 0x004B801C
In clock cycle: 188243
Register Write to Reg: 0x01 Val: 0x00000000
In clock cycle: 188244
Register Write to Reg: 0x02 Val: 0x00000000
In clock cycle: 189259
Register Write to Reg: 0x02 Val: 0xFFFFFFFC
In clock cycle: 189259
Memory Write to Addr: 0x00000000 Val: 0x00000000
In clock cycle: 189261
Register Write to Reg: 0x0A Val: 0x100C9008
In clock cycle: 189262
Register Write to Reg: 0x0A Val: 0xFFFFFD18
In clock cycle: 189263
Register Write to Reg: 0x0B Val: 0x100C9010
In clock cycle: 189264
Register Write to Reg: 0x0B Val: 0x00000000
In clock cycle: 189265
Register Write to Reg: 0x01 Val: 0x004B901C
In clock cycle: 189266
Register Write to Reg: 0x01 Val: 0x00000000
In clock cycle: 189267
Register Write to Reg: 0x02 Val: 0x00000000
In clock cycle: 190282
Register Write to Reg: 0x02 Val: 0xFFFFFFFC
In clock cycle: 190282
Memory Write to Addr: 0x00000000 Val: 0x00000000
In clock cycle: 190284
Register Write to Reg: 0x0A Val: 0x100CA008
In clock cycle: 190285
Register Write to Reg: 0x0A Val: 0xFFFFFD14
In clock cycle: 190286
Register Write to Reg: 0x0B Val: 0x100CA010
In clock cycle: 190287
Register Write to Reg: 0x0B Val: 0x00000000
In clock cycle: 190288
Register Write to Reg: 0x01 Val: 0x004BA01C
In clock cycle: 190289
Register Write to Reg: 0x01 Val: 0x00000000
In clock cycle: 190290
Register Write to Reg: 0x02 Val: 0x00000000
In clock cycle: 191305
Register Write to Reg: 0x02 Val: 0xFFFFFFFC
In clock cycle: 191305
Memory Write to Addr: 0x00000000 Val: 0x00000000
In clock cycle: 191307
Register Write to Reg: 0x0A Val: 0x100CB008
In clock cycle: 191308
Register Write to Reg: 0x0A Val: 0xFFFFFD10
In clock cycle: 191309
Register Write to Reg: 0x0B Val: 0x100CB010
In clock cycle: 191310
Register Write to Reg: 0x0B Val: 0x00000000
In clock cycle: 191311
Register Write to Reg: 0x01 Val: 0x004BB01C
In clock cycle: 191312
Register Write to Reg: 0x01 Val: 0x00000000
In clock cycle: 191313
Register Write to Reg: 0x02 Val: 0x00000000
In clock cycle: 192328
Register Write to Reg: 0x02 Val: 0xFFFFFFFC
In clock cycle: 192328
Memory Write to Addr: 0x00000000 Val: 0x00000000
In clock cycle: 192330
Register Write to Reg: 0x0A Val: 0x100CC008
In clock cycle: 192331
Register Write to Reg: 0x0A Val: 0xFFFFFD0C
In clock cycle: 192332
Register Write to Reg: 0x0B Val: 0x100CC010
In clock cycle: 192333
Register Write to Reg: 0x0B Val: 0x00000000
In clock cycle: 192334
Register Write to Reg: 0x01 Val: 0x004BC01C
In clock cycle: 192335
Register Write to Reg: 0x01 Val: 0x00000000
In clock cycle: 192336
Register Write to Reg: 0x02 Val: 0x00000000
In clock cycle: 193351
Register Write to Reg: 0x02 Val: 0xFFFFFFFC
In clock cycle: 193351
Memory Write to Addr: 0x00000000 Val: 0x00000000
In clock cycle: 193353
Register Write to Reg: 0x0A Val: 0x100CD008
In clock cycle: 193354
Register Write to Reg: 0x0A Val: 0xFFFFFD08
In clock cycle: 193355
Register Write to Reg: 0x0B Val: 0x100CD010
In clock cycle: 193356
Register Write to Reg: 0x0B Val: 0x00000000
In clock cycle: 193357
Register Write to Reg: 0x01 Val: 0x004BD01C
In clock cycle: 193358
Register Write to Reg: 0x01 Val: 0x00000000
In clock cycle: 193359
Register Write to Reg: 0x02 Val: 0x00000000
In clock cycle: 194374
Register Write to Reg: 0x02 Val: 0xFFFFFFFC
In clock cycle: 194374
Memory Write to Addr: 0x00000000 Val: 0x00000000
In clock cycle: 194376
Register Write to Reg: 0x0A Val: 0x100CE008
In clock cycle: 194377
Register Write to Reg: 0x0A Val: 0xFFFFFD04
In clock cycle: 194378
Register Write to Reg: 0x0B Val: 0x100CE010
In clock cycle: 194379
Register Write to Reg: 0x0B Val: 0x00000000
In clock cycle: 194380
Register Write to Reg: 0x01 Val: 0x004BE01C
In clock cycle: 194381
Register Write to Reg: 0x01 Val: 0x00000000
In clock cycle: 194382
Register Write to Reg: 0x02 Val: 0x00000000
In clock cycle: 195397
Register Write to Reg: 0x02 Val: 0xFFFFFFFC
In clock cycle: 195397
Memory Write to Addr: 0x00000000 Val: 0x00000000
In clock cycle: 195399
Register Write to Reg: 0x0A Val: 0x100CF008
In clock cycle: 195400
Register Write to Reg: 0x0A Val: 0xFFFFFD00
In clock cycle: 195401
Register Write to Reg: 0x0B Val: 0x100CF010
In clock cycle: 195402
Register Write to Reg: 0x0B Val: 0x00000000
In clock cycle: 195403
Register Write to Reg: 0x01 Val: 0x004BF01C
In clock cycle: 195404
Register Write to Reg: 0x01 Val: 0x00000000
In clock cycle: 195405
Register Write to Reg: 0x02 Val: 0x00000000
In clock cycle: 196420
Register Write to Reg: 0x02 Val: 0xFFFFFFFC
In clock cycle: 196420
Memory Write to Addr: 0x00000000 Val: 0x00000000
In clock cycle: 196422
Register Write to Reg: 0x0A Val: 0x100D0008
In clock cycle: 196423
Register Write to Reg: 0x0A Val: 0xFFFFFCFC
In clock cycle: 196424
Register Write to Reg: 0x0B Val: 0x100D0010
In clock cycle: 196425
Register Write to Reg: 0x0B Val: 0x00000000
In clock cycle: 196426
Register Write to Reg: 0x01 Val: 0x004C001C
In clock cycle: 196427
Register Write to Reg: 0x01 Val: 0x00000000
In clock cycle: 196428
Register Write to Reg: 0x02 Val: 0x00000000
In clock cycle: 197443
Register Write to Reg: 0x02 Val: 0xFFFFFFFC
In clock cycle: 197443
Memory Write to Addr: 0x00000000 Val: 0x00000000
In clock cycle: 197445
Register Write to Reg: 0x0A Val: 0x100D1008
In clock cycle: 197446
Register Write to Reg: 0x0A Val: 0xFFFFFCF8
In clock cycle: 197447
Register Write to Reg: 0x0B Val: 0x100D1010
In clock cycle: 197448
Register Write to Reg: 0x0B Val: 0x00000000
In clock cycle: 197449
Register Write to Reg: 0x01 Val: 0x004C101C
In clock cycle: 197450
Register Write to Reg: 0x01 Val: 0x00000000
In clock cycle: 197451
Register Write to Reg: 0x02 Val: 0x00000000
In clock cycle: 198466
Register Write to Reg: 0x02 Val: 0xFFFFFFFC
In clock cycle: 198466
Memory Write to Addr: 0x00000000 Val: 0x00000000
In clock cycle: 198468
Register Write to Reg: 0x0A Val: 0x100D2008
In clock cycle: 198469
Register Write to Reg: 0x0A Val: 0xFFFFFCF4
In clock cycle: 198470
Register Write to Reg: 0x0B Val: 0x100D2010
In clock cycle: 198471
Register Write to Reg: 0x0B Val: 0x00000000
In clock cycle: 198472
Register Write to Reg: 0x01 Val: 0x004C201C
In clock cycle: 198473
Register Write to Reg: 0x01 Val: 0x00000000
In clock cycle: 198474
Register Write to Reg: 0x02 Val: 0x00000000
In clock cycle: 199489
Register Write to Reg: 0x02 Val: 0xFFFFFFFC
In clock cycle: 199489
Memory Write to Addr: 0x00000000 Val: 0x00000000
In clock cycle: 199491
Register Write to Reg: 0x0A Val: 0x100D3008
In clock cycle: 199492
Register Write to Reg: 0x0A Val: 0xFFFFFCF0
In clock cycle: 199493
Register Write to Reg: 0x0B Val: 0x100D3010
In clock cycle: 199494
Register Write to Reg: 0x0B Val: 0x00000000
In clock cycle: 199495
Register Write to Reg: 0x01 Val: 0x004C301C
In clock cycle: 199496
Register Write to Reg: 0x01 Val: 0x00000000
In clock cycle: 199497
Register Write to Reg: 0x02 Val: 0x00000000
In clock cycle: 200512
Register Write to Reg: 0x02 Val: 0xFFFFFFFC
In clock cycle: 200512
Memory Write to Addr: 0x00000000 Val: 0x00000000
In clock cycle: 200514
Register Write to Reg: 0x0A Val: 0x100D4008
In clock cycle: 200515
Register Write to Reg: 0x0A Val: 0xFFFFFCEC
In clock cycle: 200516
Register Write to Reg: 0x0B Val: 0x100D4010
In clock cycle: 200517
Register Write to Reg: 0x0B Val: 0x00000000
In clock cycle: 200518
Register Write to Reg: 0x01 Val: 0x004C401C
In clock cycle: 200519
Register Write to Reg: 0x01 Val: 0x00000000
In clock cycle: 200520
Register Write to Reg: 0x02 Val: 0x00000000
In clock cycle: 201535
Register Write to Reg: 0x02 Val: 0xFFFFFFFC
In clock cycle: 201535
Memory Write to Addr: 0x00000000 Val: 0x00000000
In clock cycle: 201537
Register Write to Reg: 0x0A Val: 0x100D5008
In clock cycle: 201538
Register Write to Reg: 0x0A Val: 0xFFFFFCE8
In clock cycle: 201539
Register Write to Reg: 0x0B Val: 0x100D5010
In clock cycle: 201540
Register Write to Reg: 0x0B Val: 0x00000000
In clock cycle: 201541
Register Write to Reg: 0x01 Val: 0x004C501C
In clock cycle: 201542
Register Write to Reg: 0x01 Val: 0x00000000
In clock cycle: 201543
Register Write to Reg: 0x02 Val: 0x00000000
In clock cycle: 202558
Register Write to Reg: 0x02 Val: 0xFFFFFFFC
In clock cycle: 202558
Memory Write to Addr: 0x00000000 Val: 0x00000000
In clock cycle: 202560
Register Write to Reg: 0x0A Val: 0x100D6008
In clock cycle: 202561
Register Write to Reg: 0x0A Val: 0xFFFFFCE4
In clock cycle: 202562
Register Write to Reg: 0x0B Val: 0x100D6010
In clock cycle: 202563
Register Write to Reg: 0x0B Val: 0x00000000
In clock cycle: 202564
Register Write to Reg: 0x01 Val: 0x004C601C
In clock cycle: 202565
Register Write to Reg: 0x01 Val: 0x00000000
In clock cycle: 202566
Register Write to Reg: 0x02 Val: 0x00000000
In clock cycle: 203581
Register Write to Reg: 0x02 Val: 0xFFFFFFFC
In clock cycle: 203581
Memory Write to Addr: 0x00000000 Val: 0x00000000
In clock cycle: 203583
Register Write to Reg: 0x0A Val: 0x100D7008
In clock cycle: 203584
Register Write to Reg: 0x0A Val: 0xFFFFFCE0
In clock cycle: 203585
Register Write to Reg: 0x0B Val: 0x100D7010
In clock cycle: 203586
Register Write to Reg: 0x0B Val: 0x00000000
In clock cycle: 203587
Register Write to Reg: 0x01 Val: 0x004C701C
In clock cycle: 203588
Register Write to Reg: 0x01 Val: 0x00000000
In clock cycle: 203589
Register Write to Reg: 0x02 Val: 0x00000000
In clock cycle: 204604
Register Write to Reg: 0x02 Val: 0xFFFFFFFC
In clock cycle: 204604
Memory Write to Addr: 0x00000000 Val: 0x00000000
In clock cycle: 204606
Register Write to Reg: 0x0A Val: 0x100D8008
In clock cycle: 204607
Register Write to Reg: 0x0A Val: 0xFFFFFCDC
In clock cycle: 204608
Register Write to Reg: 0x0B Val: 0x100D8010
In clock cycle: 204609
Register Write to Reg: 0x0B Val: 0x00000000
In clock cycle: 204610
Register Write to Reg: 0x01 Val: 0x004C801C
In clock cycle: 204611
Register Write to Reg: 0x01 Val: 0x00000000
In clock cycle: 204612
Register Write to Reg: 0x02 Val: 0x00000000
In clock cycle: 205627
Register Write to Reg: 0x02 Val: 0xFFFFFFFC
In clock cycle: 205627
Memory Write to Addr: 0x00000000 Val: 0x00000000
In clock cycle: 205629
Register Write to Reg: 0x0A Val: 0x100D9008
In clock cycle: 205630
Register Write to Reg: 0x0A Val: 0xFFFFFCD8
In clock cycle: 205631
Register Write to Reg: 0x0B Val: 0x100D9010
In clock cycle: 205632
Register Write to Reg: 0x0B Val: 0x00000000
In clock cycle: 205633
Register Write to Reg: 0x01 Val: 0x004C901C
In clock cycle: 205634
Register Write to Reg: 0x01 Val: 0x00000000
In clock cycle: 205635
Register Write to Reg: 0x02 Val: 0x00000000
In clock cycle: 206650
Register Write to Reg: 0x02 Val: 0xFFFFFFFC
In clock cycle: 206650
Memory Write to Addr: 0x00000000 Val: 0x00000000
In clock cycle: 206652
Register Write to Reg: 0x0A Val: 0x100DA008
In clock cycle: 206653
Register Write to Reg: 0x0A Val: 0xFFFFFCD4
In clock cycle: 206654
Register Write to Reg: 0x0B Val: 0x100DA010
In clock cycle: 206655
Register Write to Reg: 0x0B Val: 0x00000000
In clock cycle: 206656
Register Write to Reg: 0x01 Val: 0x004CA01C
In clock cycle: 206657
Register Write to Reg: 0x01 Val: 0x00000000
In clock cycle: 206658
Register Write to Reg: 0x02 Val: 0x00000000
In clock cycle: 207673
Register Write to Reg: 0x02 Val: 0xFFFFFFFC
In clock cycle: 207673
Memory Write to Addr: 0x00000000 Val: 0x00000000
In clock cycle: 207675
Register Write to Reg: 0x0A Val: 0x100DB008
In clock cycle: 207676
Register Write to Reg: 0x0A Val: 0xFFFFFCD0
In clock cycle: 207677
Register Write to Reg: 0x0B Val: 0x100DB010
In clock cycle: 207678
Register Write to Reg: 0x0B Val: 0x00000000
In clock cycle: 207679
Register Write to Reg: 0x01 Val: 0x004CB01C
In clock cycle: 207680
Register Write to Reg: 0x01 Val: 0x00000000
In clock cycle: 207681
Register Write to Reg: 0x02 Val: 0x00000000
In clock cycle: 208696
Register Write to Reg: 0x02 Val: 0xFFFFFFFC
In clock cycle: 208696
Memory Write to Addr: 0x00000000 Val: 0x00000000
In clock cycle: 208698
Register Write to Reg: 0x0A Val: 0x100DC008
In clock cycle: 208699
Register Write to Reg: 0x0A Val: 0xFFFFFCCC
In clock cycle: 208700
Register Write to Reg: 0x0B Val: 0x100DC010
In clock cycle: 208701
Register Write to Reg: 0x0B Val: 0x00000000
In clock cycle: 208702
Register Write to Reg: 0x01 Val: 0x004CC01C
In clock cycle: 208703
Register Write to Reg: 0x01 Val: 0x00000000
In clock cycle: 208704
Register Write to Reg: 0x02 Val: 0x00000000
In clock cycle: 209719
Register Write to Reg: 0x02 Val: 0xFFFFFFFC
In clock cycle: 209719
Memory Write to Addr: 0x00000000 Val: 0x00000000
In clock cycle: 209721
Register Write to Reg: 0x0A Val: 0x100DD008
In clock cycle: 209722
Register Write to Reg: 0x0A Val: 0xFFFFFCC8
In clock cycle: 209723
Register Write to Reg: 0x0B Val: 0x100DD010
In clock cycle: 209724
Register Write to Reg: 0x0B Val: 0x00000000
In clock cycle: 209725
Register Write to Reg: 0x01 Val: 0x004CD01C
In clock cycle: 209726
Register Write to Reg: 0x01 Val: 0x00000000
In clock cycle: 209727
Register Write to Reg: 0x02 Val: 0x00000000
In clock cycle: 210742
Register Write to Reg: 0x02 Val: 0xFFFFFFFC
In clock cycle: 210742
Memory Write to Addr: 0x00000000 Val: 0x00000000
In clock cycle: 210744
Register Write to Reg: 0x0A Val: 0x100DE008
In clock cycle: 210745
Register Write to Reg: 0x0A Val: 0xFFFFFCC4
In clock cycle: 210746
Register Write to Reg: 0x0B Val: 0x100DE010
In clock cycle: 210747
Register Write to Reg: 0x0B Val: 0x00000000
In clock cycle: 210748
Register Write to Reg: 0x01 Val: 0x004CE01C
In clock cycle: 210749
Register Write to Reg: 0x01 Val: 0x00000000
In clock cycle: 210750
Register Write to Reg: 0x02 Val: 0x00000000
In clock cycle: 211765
Register Write to Reg: 0x02 Val: 0xFFFFFFFC
In clock cycle: 211765
Memory Write to Addr: 0x00000000 Val: 0x00000000
In clock cycle: 211767
Register Write to Reg: 0x0A Val: 0x100DF008
In clock cycle: 211768
Register Write to Reg: 0x0A Val: 0xFFFFFCC0
In clock cycle: 211769
Register Write to Reg: 0x0B Val: 0x100DF010
In clock cycle: 211770
Register Write to Reg: 0x0B Val: 0x00000000
In clock cycle: 211771
Register Write to Reg: 0x01 Val: 0x004CF01C
In clock cycle: 211772
Register Write to Reg: 0x01 Val: 0x00000000
In clock cycle: 211773
Register Write to Reg: 0x02 Val: 0x00000000
In clock cycle: 212788
Register Write to Reg: 0x02 Val: 0xFFFFFFFC
In clock cycle: 212788
Memory Write to Addr: 0x00000000 Val: 0x00000000
In clock cycle: 212790
Register Write to Reg: 0x0A Val: 0x100E0008
In clock cycle: 212791
Register Write to Reg: 0x0A Val: 0xFFFFFCBC
In clock cycle: 212792
Register Write to Reg: 0x0B Val: 0x100E0010
In clock cycle: 212793
Register Write to Reg: 0x0B Val: 0x00000000
In clock cycle: 212794
Register Write to Reg: 0x01 Val: 0x004D001C
In clock cycle: 212795
Register Write to Reg: 0x01 Val: 0x00000000
In clock cycle: 212796
Register Write to Reg: 0x02 Val: 0x00000000
In clock cycle: 213811
Register Write to Reg: 0x02 Val: 0xFFFFFFFC
In clock cycle: 213811
Memory Write to Addr: 0x00000000 Val: 0x00000000
In clock cycle: 213813
Register Write to Reg: 0x0A Val: 0x100E1008
In clock cycle: 213814
Register Write to Reg: 0x0A Val: 0xFFFFFCB8
In clock cycle: 213815
Register Write to Reg: 0x0B Val: 0x100E1010
In clock cycle: 213816
Register Write to Reg: 0x0B Val: 0x00000000
In clock cycle: 213817
Register Write to Reg: 0x01 Val: 0x004D101C
In clock cycle: 213818
Register Write to Reg: 0x01 Val: 0x00000000
In clock cycle: 213819
Register Write to Reg: 0x02 Val: 0x00000000
In clock cycle: 214834
Register Write to Reg: 0x02 Val: 0xFFFFFFFC
In clock cycle: 214834
Memory Write to Addr: 0x00000000 Val: 0x00000000
In clock cycle: 214836
Register Write to Reg: 0x0A Val: 0x100E2008
In clock cycle: 214837
Register Write to Reg: 0x0A Val: 0xFFFFFCB4
In clock cycle: 214838
Register Write to Reg: 0x0B Val: 0x100E2010
In clock cycle: 214839
Register Write to Reg: 0x0B Val: 0x00000000
In clock cycle: 214840
Register Write to Reg: 0x01 Val: 0x004D201C
In clock cycle: 214841
Register Write to Reg: 0x01 Val: 0x00000000
In clock cycle: 214842
Register Write to Reg: 0x02 Val: 0x00000000
In clock cycle: 215857
Register Write to Reg: 0x02 Val: 0xFFFFFFFC
In clock cycle: 215857
Memory Write to Addr: 0x00000000 Val: 0x00000000
In clock cycle: 215859
Register Write to Reg: 0x0A Val: 0x100E3008
In clock cycle: 215860
Register Write to Reg: 0x0A Val: 0xFFFFFCB0
In clock cycle: 215861
Register Write to Reg: 0x0B Val: 0x100E3010
In clock cycle: 215862
Register Write to Reg: 0x0B Val: 0x00000000
In clock cycle: 215863
Register Write to Reg: 0x01 Val: 0x004D301C
In clock cycle: 215864
Register Write to Reg: 0x01 Val: 0x00000000
In clock cycle: 215865
Register Write to Reg: 0x02 Val: 0x00000000
In clock cycle: 216880
Register Write to Reg: 0x02 Val: 0xFFFFFFFC
In clock cycle: 216880
Memory Write to Addr: 0x00000000 Val: 0x00000000
In clock cycle: 216882
Register Write to Reg: 0x0A Val: 0x100E4008
In clock cycle: 216883
Register Write to Reg: 0x0A Val: 0xFFFFFCAC
In clock cycle: 216884
Register Write to Reg: 0x0B Val: 0x100E4010
In clock cycle: 216885
Register Write to Reg: 0x0B Val: 0x00000000
In clock cycle: 216886
Register Write to Reg: 0x01 Val: 0x004D401C
In clock cycle: 216887
Register Write to Reg: 0x01 Val: 0x00000000
In clock cycle: 216888
Register Write to Reg: 0x02 Val: 0x00000000
In clock cycle: 217903
Register Write to Reg: 0x02 Val: 0xFFFFFFFC
In clock cycle: 217903
Memory Write to Addr: 0x00000000 Val: 0x00000000
In clock cycle: 217905
Register Write to Reg: 0x0A Val: 0x100E5008
In clock cycle: 217906
Register Write to Reg: 0x0A Val: 0xFFFFFCA8
In clock cycle: 217907
Register Write to Reg: 0x0B Val: 0x100E5010
In clock cycle: 217908
Register Write to Reg: 0x0B Val: 0x00000000
In clock cycle: 217909
Register Write to Reg: 0x01 Val: 0x004D501C
In clock cycle: 217910
Register Write to Reg: 0x01 Val: 0x00000000
In clock cycle: 217911
Register Write to Reg: 0x02 Val: 0x00000000
In clock cycle: 218926
Register Write to Reg: 0x02 Val: 0xFFFFFFFC
In clock cycle: 218926
Memory Write to Addr: 0x00000000 Val: 0x00000000
In clock cycle: 218928
Register Write to Reg: 0x0A Val: 0x100E6008
In clock cycle: 218929
Register Write to Reg: 0x0A Val: 0xFFFFFCA4
In clock cycle: 218930
Register Write to Reg: 0x0B Val: 0x100E6010
In clock cycle: 218931
Register Write to Reg: 0x0B Val: 0x00000000
In clock cycle: 218932
Register Write to Reg: 0x01 Val: 0x004D601C
In clock cycle: 218933
Register Write to Reg: 0x01 Val: 0x00000000
In clock cycle: 218934
Register Write to Reg: 0x02 Val: 0x00000000
In clock cycle: 219949
Register Write to Reg: 0x02 Val: 0xFFFFFFFC
In clock cycle: 219949
Memory Write to Addr: 0x00000000 Val: 0x00000000
In clock cycle: 219951
Register Write to Reg: 0x0A Val: 0x100E7008
In clock cycle: 219952
Register Write to Reg: 0x0A Val: 0xFFFFFCA0
In clock cycle: 219953
Register Write to Reg: 0x0B Val: 0x100E7010
In clock cycle: 219954
Register Write to Reg: 0x0B Val: 0x00000000
In clock cycle: 219955
Register Write to Reg: 0x01 Val: 0x004D701C
In clock cycle: 219956
Register Write to Reg: 0x01 Val: 0x00000000
In clock cycle: 219957
Register Write to Reg: 0x02 Val: 0x00000000
In clock cycle: 220972
Register Write to Reg: 0x02 Val: 0xFFFFFFFC
In clock cycle: 220972
Memory Write to Addr: 0x00000000 Val: 0x00000000
In clock cycle: 220974
Register Write to Reg: 0x0A Val: 0x100E8008
In clock cycle: 220975
Register Write to Reg: 0x0A Val: 0xFFFFFC9C
In clock cycle: 220976
Register Write to Reg: 0x0B Val: 0x100E8010
In clock cycle: 220977
Register Write to Reg: 0x0B Val: 0x00000000
In clock cycle: 220978
Register Write to Reg: 0x01 Val: 0x004D801C
In clock cycle: 220979
Register Write to Reg: 0x01 Val: 0x00000000
In clock cycle: 220980
Register Write to Reg: 0x02 Val: 0x00000000
In clock cycle: 221995
Register Write to Reg: 0x02 Val: 0xFFFFFFFC
In clock cycle: 221995
Memory Write to Addr: 0x00000000 Val: 0x00000000
In clock cycle: 221997
Register Write to Reg: 0x0A Val: 0x100E9008
In clock cycle: 221998
Register Write to Reg: 0x0A Val: 0xFFFFFC98
In clock cycle: 221999
Register Write to Reg: 0x0B Val: 0x100E9010
In clock cycle: 222000
Register Write to Reg: 0x0B Val: 0x00000000
In clock cycle: 222001
Register Write to Reg: 0x01 Val: 0x004D901C
In clock cycle: 222002
Register Write to Reg: 0x01 Val: 0x00000000
In clock cycle: 222003
Register Write to Reg: 0x02 Val: 0x00000000
In clock cycle: 223018
Register Write to Reg: 0x02 Val: 0xFFFFFFFC
In clock cycle: 223018
Memory Write to Addr: 0x00000000 Val: 0x00000000
In clock cycle: 223020
Register Write to Reg: 0x0A Val: 0x100EA008
In clock cycle: 223021
Register Write to Reg: 0x0A Val: 0xFFFFFC94
In clock cycle: 223022
Register Write to Reg: 0x0B Val: 0x100EA010
In clock cycle: 223023
Register Write to Reg: 0x0B Val: 0x00000000
In clock cycle: 223024
Register Write to Reg: 0x01 Val: 0x004DA01C
In clock cycle: 223025
Register Write to Reg: 0x01 Val: 0x00000000
In clock cycle: 223026
Register Write to Reg: 0x02 Val: 0x00000000
In clock cycle: 224041
Register Write to Reg: 0x02 Val: 0xFFFFFFFC
In clock cycle: 224041
Memory Write to Addr: 0x00000000 Val: 0x00000000
In clock cycle: 224043
Register Write to Reg: 0x0A Val: 0x100EB008
In clock cycle: 224044
Register Write to Reg: 0x0A Val: 0xFFFFFC90
In clock cycle: 224045
Register Write to Reg: 0x0B Val: 0x100EB010
In clock cycle: 224046
Register Write to Reg: 0x0B Val: 0x00000000
In clock cycle: 224047
Register Write to Reg: 0x01 Val: 0x004DB01C
In clock cycle: 224048
Register Write to Reg: 0x01 Val: 0x00000000
In clock cycle: 224049
Register Write to Reg: 0x02 Val: 0x00000000
In clock cycle: 225064
Register Write to Reg: 0x02 Val: 0xFFFFFFFC
In clock cycle: 225064
Memory Write to Addr: 0x00000000 Val: 0x00000000
In clock cycle: 225066
Register Write to Reg: 0x0A Val: 0x100EC008
In clock cycle: 225067
Register Write to Reg: 0x0A Val: 0xFFFFFC8C
In clock cycle: 225068
Register Write to Reg: 0x0B Val: 0x100EC010
In clock cycle: 225069
Register Write to Reg: 0x0B Val: 0x00000000
In clock cycle: 225070
Register Write to Reg: 0x01 Val: 0x004DC01C
In clock cycle: 225071
Register Write to Reg: 0x01 Val: 0x00000000
In clock cycle: 225072
Register Write to Reg: 0x02 Val: 0x00000000
In clock cycle: 226087
Register Write to Reg: 0x02 Val: 0xFFFFFFFC
In clock cycle: 226087
Memory Write to Addr: 0x00000000 Val: 0x00000000
In clock cycle: 226089
Register Write to Reg: 0x0A Val: 0x100ED008
In clock cycle: 226090
Register Write to Reg: 0x0A Val: 0xFFFFFC88
In clock cycle: 226091
Register Write to Reg: 0x0B Val: 0x100ED010
In clock cycle: 226092
Register Write to Reg: 0x0B Val: 0x00000000
In clock cycle: 226093
Register Write to Reg: 0x01 Val: 0x004DD01C
In clock cycle: 226094
Register Write to Reg: 0x01 Val: 0x00000000
In clock cycle: 226095
Register Write to Reg: 0x02 Val: 0x00000000
In clock cycle: 227110
Register Write to Reg: 0x02 Val: 0xFFFFFFFC
In clock cycle: 227110
Memory Write to Addr: 0x00000000 Val: 0x00000000
In clock cycle: 227112
Register Write to Reg: 0x0A Val: 0x100EE008
In clock cycle: 227113
Register Write to Reg: 0x0A Val: 0xFFFFFC84
In clock cycle: 227114
Register Write to Reg: 0x0B Val: 0x100EE010
In clock cycle: 227115
Register Write to Reg: 0x0B Val: 0x00000000
In clock cycle: 227116
Register Write to Reg: 0x01 Val: 0x004DE01C
In clock cycle: 227117
Register Write to Reg: 0x01 Val: 0x00000000
In clock cycle: 227118
Register Write to Reg: 0x02 Val: 0x00000000
In clock cycle: 228133
Register Write to Reg: 0x02 Val: 0xFFFFFFFC
In clock cycle: 228133
Memory Write to Addr: 0x00000000 Val: 0x00000000
In clock cycle: 228135
Register Write to Reg: 0x0A Val: 0x100EF008
In clock cycle: 228136
Register Write to Reg: 0x0A Val: 0xFFFFFC80
In clock cycle: 228137
Register Write to Reg: 0x0B Val: 0x100EF010
In clock cycle: 228138
Register Write to Reg: 0x0B Val: 0x00000000
In clock cycle: 228139
Register Write to Reg: 0x01 Val: 0x004DF01C
In clock cycle: 228140
Register Write to Reg: 0x01 Val: 0x00000000
In clock cycle: 228141
Register Write to Reg: 0x02 Val: 0x00000000
In clock cycle: 229156
Register Write to Reg: 0x02 Val: 0xFFFFFFFC
In clock cycle: 229156
Memory Write to Addr: 0x00000000 Val: 0x00000000
In clock cycle: 229158
Register Write to Reg: 0x0A Val: 0x100F0008
In clock cycle: 229159
Register Write to Reg: 0x0A Val: 0xFFFFFC7C
In clock cycle: 229160
Register Write to Reg: 0x0B Val: 0x100F0010
In clock cycle: 229161
Register Write to Reg: 0x0B Val: 0x00000000
In clock cycle: 229162
Register Write to Reg: 0x01 Val: 0x004E001C
In clock cycle: 229163
Register Write to Reg: 0x01 Val: 0x00000000
In clock cycle: 229164
Register Write to Reg: 0x02 Val: 0x00000000
In clock cycle: 230179
Register Write to Reg: 0x02 Val: 0xFFFFFFFC
In clock cycle: 230179
Memory Write to Addr: 0x00000000 Val: 0x00000000
In clock cycle: 230181
Register Write to Reg: 0x0A Val: 0x100F1008
In clock cycle: 230182
Register Write to Reg: 0x0A Val: 0xFFFFFC78
In clock cycle: 230183
Register Write to Reg: 0x0B Val: 0x100F1010
In clock cycle: 230184
Register Write to Reg: 0x0B Val: 0x00000000
In clock cycle: 230185
Register Write to Reg: 0x01 Val: 0x004E101C
In clock cycle: 230186
Register Write to Reg: 0x01 Val: 0x00000000
In clock cycle: 230187
Register Write to Reg: 0x02 Val: 0x00000000
In clock cycle: 231202
Register Write to Reg: 0x02 Val: 0xFFFFFFFC
In clock cycle: 231202
Memory Write to Addr: 0x00000000 Val: 0x00000000
In clock cycle: 231204
Register Write to Reg: 0x0A Val: 0x100F2008
In clock cycle: 231205
Register Write to Reg: 0x0A Val: 0xFFFFFC74
In clock cycle: 231206
Register Write to Reg: 0x0B Val: 0x100F2010
In clock cycle: 231207
Register Write to Reg: 0x0B Val: 0x00000000
In clock cycle: 231208
Register Write to Reg: 0x01 Val: 0x004E201C
In clock cycle: 231209
Register Write to Reg: 0x01 Val: 0x00000000
In clock cycle: 231210
Register Write to Reg: 0x02 Val: 0x00000000
In clock cycle: 232225
Register Write to Reg: 0x02 Val: 0xFFFFFFFC
In clock cycle: 232225
Memory Write to Addr: 0x00000000 Val: 0x00000000
In clock cycle: 232227
Register Write to Reg: 0x0A Val: 0x100F3008
In clock cycle: 232228
Register Write to Reg: 0x0A Val: 0xFFFFFC70
In clock cycle: 232229
Register Write to Reg: 0x0B Val: 0x100F3010
In clock cycle: 232230
Register Write to Reg: 0x0B Val: 0x00000000
In clock cycle: 232231
Register Write to Reg: 0x01 Val: 0x004E301C
In clock cycle: 232232
Register Write to Reg: 0x01 Val: 0x00000000
In clock cycle: 232233
Register Write to Reg: 0x02 Val: 0x00000000
In clock cycle: 233248
Register Write to Reg: 0x02 Val: 0xFFFFFFFC
In clock cycle: 233248
Memory Write to Addr: 0x00000000 Val: 0x00000000
In clock cycle: 233250
Register Write to Reg: 0x0A Val: 0x100F4008
In clock cycle: 233251
Register Write to Reg: 0x0A Val: 0xFFFFFC6C
In clock cycle: 233252
Register Write to Reg: 0x0B Val: 0x100F4010
In clock cycle: 233253
Register Write to Reg: 0x0B Val: 0x00000000
In clock cycle: 233254
Register Write to Reg: 0x01 Val: 0x004E401C
In clock cycle: 233255
Register Write to Reg: 0x01 Val: 0x00000000
In clock cycle: 233256
Register Write to Reg: 0x02 Val: 0x00000000
In clock cycle: 234271
Register Write to Reg: 0x02 Val: 0xFFFFFFFC
In clock cycle: 234271
Memory Write to Addr: 0x00000000 Val: 0x00000000
In clock cycle: 234273
Register Write to Reg: 0x0A Val: 0x100F5008
In clock cycle: 234274
Register Write to Reg: 0x0A Val: 0xFFFFFC68
In clock cycle: 234275
Register Write to Reg: 0x0B Val: 0x100F5010
In clock cycle: 234276
Register Write to Reg: 0x0B Val: 0x00000000
In clock cycle: 234277
Register Write to Reg: 0x01 Val: 0x004E501C
In clock cycle: 234278
Register Write to Reg: 0x01 Val: 0x00000000
In clock cycle: 234279
Register Write to Reg: 0x02 Val: 0x00000000
In clock cycle: 235294
Register Write to Reg: 0x02 Val: 0xFFFFFFFC
In clock cycle: 235294
Memory Write to Addr: 0x00000000 Val: 0x00000000
In clock cycle: 235296
Register Write to Reg: 0x0A Val: 0x100F6008
In clock cycle: 235297
Register Write to Reg: 0x0A Val: 0xFFFFFC64
In clock cycle: 235298
Register Write to Reg: 0x0B Val: 0x100F6010
In clock cycle: 235299
Register Write to Reg: 0x0B Val: 0x00000000
In clock cycle: 235300
Register Write to Reg: 0x01 Val: 0x004E601C
In clock cycle: 235301
Register Write to Reg: 0x01 Val: 0x00000000
In clock cycle: 235302
Register Write to Reg: 0x02 Val: 0x00000000
In clock cycle: 236317
Register Write to Reg: 0x02 Val: 0xFFFFFFFC
In clock cycle: 236317
Memory Write to Addr: 0x00000000 Val: 0x00000000
In clock cycle: 236319
Register Write to Reg: 0x0A Val: 0x100F7008
In clock cycle: 236320
Register Write to Reg: 0x0A Val: 0xFFFFFC60
In clock cycle: 236321
Register Write to Reg: 0x0B Val: 0x100F7010
In clock cycle: 236322
Register Write to Reg: 0x0B Val: 0x00000000
In clock cycle: 236323
Register Write to Reg: 0x01 Val: 0x004E701C
In clock cycle: 236324
Register Write to Reg: 0x01 Val: 0x00000000
In clock cycle: 236325
Register Write to Reg: 0x02 Val: 0x00000000
In clock cycle: 237340
Register Write to Reg: 0x02 Val: 0xFFFFFFFC
In clock cycle: 237340
Memory Write to Addr: 0x00000000 Val: 0x00000000
In clock cycle: 237342
Register Write to Reg: 0x0A Val: 0x100F8008
In clock cycle: 237343
Register Write to Reg: 0x0A Val: 0xFFFFFC5C
In clock cycle: 237344
Register Write to Reg: 0x0B Val: 0x100F8010
In clock cycle: 237345
Register Write to Reg: 0x0B Val: 0x00000000
In clock cycle: 237346
Register Write to Reg: 0x01 Val: 0x004E801C
In clock cycle: 237347
Register Write to Reg: 0x01 Val: 0x00000000
In clock cycle: 237348
Register Write to Reg: 0x02 Val: 0x00000000
In clock cycle: 238363
Register Write to Reg: 0x02 Val: 0xFFFFFFFC
In clock cycle: 238363
Memory Write to Addr: 0x00000000 Val: 0x00000000
In clock cycle: 238365
Register Write to Reg: 0x0A Val: 0x100F9008
In clock cycle: 238366
Register Write to Reg: 0x0A Val: 0xFFFFFC58
In clock cycle: 238367
Register Write to Reg: 0x0B Val: 0x100F9010
In clock cycle: 238368
Register Write to Reg: 0x0B Val: 0x00000000
In clock cycle: 238369
Register Write to Reg: 0x01 Val: 0x004E901C
In clock cycle: 238370
Register Write to Reg: 0x01 Val: 0x00000000
In clock cycle: 238371
Register Write to Reg: 0x02 Val: 0x00000000
In clock cycle: 239386
Register Write to Reg: 0x02 Val: 0xFFFFFFFC
In clock cycle: 239386
Memory Write to Addr: 0x00000000 Val: 0x00000000
In clock cycle: 239388
Register Write to Reg: 0x0A Val: 0x100FA008
In clock cycle: 239389
Register Write to Reg: 0x0A Val: 0xFFFFFC54
In clock cycle: 239390
Register Write to Reg: 0x0B Val: 0x100FA010
In clock cycle: 239391
Register Write to Reg: 0x0B Val: 0x00000000
In clock cycle: 239392
Register Write to Reg: 0x01 Val: 0x004EA01C
In clock cycle: 239393
Register Write to Reg: 0x01 Val: 0x00000000
In clock cycle: 239394
Register Write to Reg: 0x02 Val: 0x00000000
In clock cycle: 240409
Register Write to Reg: 0x02 Val: 0xFFFFFFFC
In clock cycle: 240409
Memory Write to Addr: 0x00000000 Val: 0x00000000
In clock cycle: 240411
Register Write to Reg: 0x0A Val: 0x100FB008
In clock cycle: 240412
Register Write to Reg: 0x0A Val: 0xFFFFFC50
In clock cycle: 240413
Register Write to Reg: 0x0B Val: 0x100FB010
In clock cycle: 240414
Register Write to Reg: 0x0B Val: 0x00000000
In clock cycle: 240415
Register Write to Reg: 0x01 Val: 0x004EB01C
In clock cycle: 240416
Register Write to Reg: 0x01 Val: 0x00000000
In clock cycle: 240417
Register Write to Reg: 0x02 Val: 0x00000000
In clock cycle: 241432
Register Write to Reg: 0x02 Val: 0xFFFFFFFC
In clock cycle: 241432
Memory Write to Addr: 0x00000000 Val: 0x00000000
In clock cycle: 241434
Register Write to Reg: 0x0A Val: 0x100FC008
In clock cycle: 241435
Register Write to Reg: 0x0A Val: 0xFFFFFC4C
In clock cycle: 241436
Register Write to Reg: 0x0B Val: 0x100FC010
In clock cycle: 241437
Register Write to Reg: 0x0B Val: 0x00000000
In clock cycle: 241438
Register Write to Reg: 0x01 Val: 0x004EC01C
In clock cycle: 241439
Register Write to Reg: 0x01 Val: 0x00000000
In clock cycle: 241440
Register Write to Reg: 0x02 Val: 0x00000000
In clock cycle: 242455
Register Write to Reg: 0x02 Val: 0xFFFFFFFC
In clock cycle: 242455
Memory Write to Addr: 0x00000000 Val: 0x00000000
In clock cycle: 242457
Register Write to Reg: 0x0A Val: 0x100FD008
In clock cycle: 242458
Register Write to Reg: 0x0A Val: 0xFFFFFC48
In clock cycle: 242459
Register Write to Reg: 0x0B Val: 0x100FD010
In clock cycle: 242460
Register Write to Reg: 0x0B Val: 0x00000000
In clock cycle: 242461
Register Write to Reg: 0x01 Val: 0x004ED01C
In clock cycle: 242462
Register Write to Reg: 0x01 Val: 0x00000000
In clock cycle: 242463
Register Write to Reg: 0x02 Val: 0x00000000
In clock cycle: 243478
Register Write to Reg: 0x02 Val: 0xFFFFFFFC
In clock cycle: 243478
Memory Write to Addr: 0x00000000 Val: 0x00000000
In clock cycle: 243480
Register Write to Reg: 0x0A Val: 0x100FE008
In clock cycle: 243481
Register Write to Reg: 0x0A Val: 0xFFFFFC44
In clock cycle: 243482
Register Write to Reg: 0x0B Val: 0x100FE010
In clock cycle: 243483
Register Write to Reg: 0x0B Val: 0x00000000
In clock cycle: 243484
Register Write to Reg: 0x01 Val: 0x004EE01C
In clock cycle: 243485
Register Write to Reg: 0x01 Val: 0x00000000
In clock cycle: 243486
Register Write to Reg: 0x02 Val: 0x00000000
In clock cycle: 244501
Register Write to Reg: 0x02 Val: 0xFFFFFFFC
In clock cycle: 244501
Memory Write to Addr: 0x00000000 Val: 0x00000000
In clock cycle: 244503
Register Write to Reg: 0x0A Val: 0x100FF008
In clock cycle: 244504
Register Write to Reg: 0x0A Val: 0xFFFFFC40
In clock cycle: 244505
Register Write to Reg: 0x0B Val: 0x100FF010
In clock cycle: 244506
Register Write to Reg: 0x0B Val: 0x00000000
In clock cycle: 244507
Register Write to Reg: 0x01 Val: 0x004EF01C
In clock cycle: 244508
Register Write to Reg: 0x01 Val: 0x00000000
In clock cycle: 244509
Register Write to Reg: 0x02 Val: 0x00000000
In clock cycle: 245524
Register Write to Reg: 0x02 Val: 0xFFFFFFFC
In clock cycle: 245524
Memory Write to Addr: 0x00000000 Val: 0x00000000
In clock cycle: 245526
Register Write to Reg: 0x0A Val: 0x10100008
In clock cycle: 245527
Register Write to Reg: 0x0A Val: 0xFFFFFC3C
In clock cycle: 245528
Register Write to Reg: 0x0B Val: 0x10100010
In clock cycle: 245529
Register Write to Reg: 0x0B Val: 0x00000000
In clock cycle: 245530
Register Write to Reg: 0x01 Val: 0x004F001C
In clock cycle: 245531
Register Write to Reg: 0x01 Val: 0x00000000
In clock cycle: 245532
Register Write to Reg: 0x02 Val: 0x00000000
In clock cycle: 246547
Register Write to Reg: 0x02 Val: 0xFFFFFFFC
In clock cycle: 246547
Memory Write to Addr: 0x00000000 Val: 0x00000000
In clock cycle: 246549
Register Write to Reg: 0x0A Val: 0x10101008
In clock cycle: 246550
Register Write to Reg: 0x0A Val: 0xFFFFFC38
In clock cycle: 246551
Register Write to Reg: 0x0B Val: 0x10101010
In clock cycle: 246552
Register Write to Reg: 0x0B Val: 0x00000000
In clock cycle: 246553
Register Write to Reg: 0x01 Val: 0x004F101C
In clock cycle: 246554
Register Write to Reg: 0x01 Val: 0x00000000
In clock cycle: 246555
Register Write to Reg: 0x02 Val: 0x00000000
In clock cycle: 247570
Register Write to Reg: 0x02 Val: 0xFFFFFFFC
In clock cycle: 247570
Memory Write to Addr: 0x00000000 Val: 0x00000000
In clock cycle: 247572
Register Write to Reg: 0x0A Val: 0x10102008
In clock cycle: 247573
Register Write to Reg: 0x0A Val: 0xFFFFFC34
In clock cycle: 247574
Register Write to Reg: 0x0B Val: 0x10102010
In clock cycle: 247575
Register Write to Reg: 0x0B Val: 0x00000000
In clock cycle: 247576
Register Write to Reg: 0x01 Val: 0x004F201C
In clock cycle: 247577
Register Write to Reg: 0x01 Val: 0x00000000
In clock cycle: 247578
Register Write to Reg: 0x02 Val: 0x00000000
In clock cycle: 248593
Register Write to Reg: 0x02 Val: 0xFFFFFFFC
In clock cycle: 248593
Memory Write to Addr: 0x00000000 Val: 0x00000000
In clock cycle: 248595
Register Write to Reg: 0x0A Val: 0x10103008
In clock cycle: 248596
Register Write to Reg: 0x0A Val: 0xFFFFFC30
In clock cycle: 248597
Register Write to Reg: 0x0B Val: 0x10103010
In clock cycle: 248598
Register Write to Reg: 0x0B Val: 0x00000000
In clock cycle: 248599
Register Write to Reg: 0x01 Val: 0x004F301C
In clock cycle: 248600
Register Write to Reg: 0x01 Val: 0x00000000
In clock cycle: 248601
Register Write to Reg: 0x02 Val: 0x00000000
In clock cycle: 249616
Register Write to Reg: 0x02 Val: 0xFFFFFFFC
In clock cycle: 249616
Memory Write to Addr: 0x00000000 Val: 0x00000000
In clock cycle: 249618
Register Write to Reg: 0x0A Val: 0x10104008
In clock cycle: 249619
Register Write to Reg: 0x0A Val: 0xFFFFFC2C
In clock cycle: 249620
Register Write to Reg: 0x0B Val: 0x10104010
In clock cycle: 249621
Register Write to Reg: 0x0B Val: 0x00000000
In clock cycle: 249622
Register Write to Reg: 0x01 Val: 0x004F401C
In clock cycle: 249623
Register Write to Reg: 0x01 Val: 0x00000000
In clock cycle: 249624
Register Write to Reg: 0x02 Val: 0x00000000
In clock cycle: 250639
Register Write to Reg: 0x02 Val: 0xFFFFFFFC
In clock cycle: 250639
Memory Write to Addr: 0x00000000 Val: 0x00000000
In clock cycle: 250641
Register Write to Reg: 0x0A Val: 0x10105008
In clock cycle: 250642
Register Write to Reg: 0x0A Val: 0xFFFFFC28
In clock cycle: 250643
Register Write to Reg: 0x0B Val: 0x10105010
In clock cycle: 250644
Register Write to Reg: 0x0B Val: 0x00000000
In clock cycle: 250645
Register Write to Reg: 0x01 Val: 0x004F501C
In clock cycle: 250646
Register Write to Reg: 0x01 Val: 0x00000000
In clock cycle: 250647
Register Write to Reg: 0x02 Val: 0x00000000
In clock cycle: 251662
Register Write to Reg: 0x02 Val: 0xFFFFFFFC
In clock cycle: 251662
Memory Write to Addr: 0x00000000 Val: 0x00000000
In clock cycle: 251664
Register Write to Reg: 0x0A Val: 0x10106008
In clock cycle: 251665
Register Write to Reg: 0x0A Val: 0xFFFFFC24
In clock cycle: 251666
Register Write to Reg: 0x0B Val: 0x10106010
In clock cycle: 251667
Register Write to Reg: 0x0B Val: 0x00000000
In clock cycle: 251668
Register Write to Reg: 0x01 Val: 0x004F601C
In clock cycle: 251669
Register Write to Reg: 0x01 Val: 0x00000000
In clock cycle: 251670
Register Write to Reg: 0x02 Val: 0x00000000
In clock cycle: 252685
Register Write to Reg: 0x02 Val: 0xFFFFFFFC
In clock cycle: 252685
Memory Write to Addr: 0x00000000 Val: 0x00000000
In clock cycle: 252687
Register Write to Reg: 0x0A Val: 0x10107008
In clock cycle: 252688
Register Write to Reg: 0x0A Val: 0xFFFFFC20
In clock cycle: 252689
Register Write to Reg: 0x0B Val: 0x10107010
In clock cycle: 252690
Register Write to Reg: 0x0B Val: 0x00000000
In clock cycle: 252691
Register Write to Reg: 0x01 Val: 0x004F701C
In clock cycle: 252692
Register Write to Reg: 0x01 Val: 0x00000000
In clock cycle: 252693
Register Write to Reg: 0x02 Val: 0x00000000
In clock cycle: 253708
Register Write to Reg: 0x02 Val: 0xFFFFFFFC
In clock cycle: 253708
Memory Write to Addr: 0x00000000 Val: 0x00000000
In clock cycle: 253710
Register Write to Reg: 0x0A Val: 0x10108008
In clock cycle: 253711
Register Write to Reg: 0x0A Val: 0xFFFFFC1C
In clock cycle: 253712
Register Write to Reg: 0x0B Val: 0x10108010
In clock cycle: 253713
Register Write to Reg: 0x0B Val: 0x00000000
In clock cycle: 253714
Register Write to Reg: 0x01 Val: 0x004F801C
In clock cycle: 253715
Register Write to Reg: 0x01 Val: 0x00000000
In clock cycle: 253716
Register Write to Reg: 0x02 Val: 0x00000000
In clock cycle: 254731
Register Write to Reg: 0x02 Val: 0xFFFFFFFC
In clock cycle: 254731
Memory Write to Addr: 0x00000000 Val: 0x00000000
In clock cycle: 254733
Register Write to Reg: 0x0A Val: 0x10109008
In clock cycle: 254734
Register Write to Reg: 0x0A Val: 0xFFFFFC18
In clock cycle: 254735
Register Write to Reg: 0x0B Val: 0x10109010
In clock cycle: 254736
Register Write to Reg: 0x0B Val: 0x00000000
In clock cycle: 254737
Register Write to Reg: 0x01 Val: 0x004F901C
In clock cycle: 254738
Register Write to Reg: 0x01 Val: 0x00000000
In clock cycle: 254739
Register Write to Reg: 0x02 Val: 0x00000000
In clock cycle: 255754
Register Write to Reg: 0x02 Val: 0xFFFFFFFC
In clock cycle: 255754
Memory Write to Addr: 0x00000000 Val: 0x00000000
In clock cycle: 255756
Register Write to Reg: 0x0A Val: 0x1010A008
In clock cycle: 255757
Register Write to Reg: 0x0A Val: 0xFFFFFC14
In clock cycle: 255758
Register Write to Reg: 0x0B Val: 0x1010A010
In clock cycle: 255759
Register Write to Reg: 0x0B Val: 0x00000000
In clock cycle: 255760
Register Write to Reg: 0x01 Val: 0x004FA01C
In clock cycle: 255761
Register Write to Reg: 0x01 Val: 0x00000000
In clock cycle: 255762
Register Write to Reg: 0x02 Val: 0x00000000
In clock cycle: 256777
Register Write to Reg: 0x02 Val: 0xFFFFFFFC
In clock cycle: 256777
Memory Write to Addr: 0x00000000 Val: 0x00000000
In clock cycle: 256779
Register Write to Reg: 0x0A Val: 0x1010B008
In clock cycle: 256780
Register Write to Reg: 0x0A Val: 0xFFFFFC10
In clock cycle: 256781
Register Write to Reg: 0x0B Val: 0x1010B010
In clock cycle: 256782
Register Write to Reg: 0x0B Val: 0x00000000
In clock cycle: 256783
Register Write to Reg: 0x01 Val: 0x004FB01C
In clock cycle: 256784
Register Write to Reg: 0x01 Val: 0x00000000
In clock cycle: 256785
Register Write to Reg: 0x02 Val: 0x00000000
In clock cycle: 257800
Register Write to Reg: 0x02 Val: 0xFFFFFFFC
In clock cycle: 257800
Memory Write to Addr: 0x00000000 Val: 0x00000000
In clock cycle: 257802
Register Write to Reg: 0x0A Val: 0x1010C008
In clock cycle: 257803
Register Write to Reg: 0x0A Val: 0xFFFFFC0C
In clock cycle: 257804
Register Write to Reg: 0x0B Val: 0x1010C010
In clock cycle: 257805
Register Write to Reg: 0x0B Val: 0x00000000
In clock cycle: 257806
Register Write to Reg: 0x01 Val: 0x004FC01C
In clock cycle: 257807
Register Write to Reg: 0x01 Val: 0x00000000
In clock cycle: 257808
Register Write to Reg: 0x02 Val: 0x00000000
In clock cycle: 258823
Register Write to Reg: 0x02 Val: 0xFFFFFFFC
In clock cycle: 258823
Memory Write to Addr: 0x00000000 Val: 0x00000000
In clock cycle: 258825
Register Write to Reg: 0x0A Val: 0x1010D008
In clock cycle: 258826
Register Write to Reg: 0x0A Val: 0xFFFFFC08
In clock cycle: 258827
Register Write to Reg: 0x0B Val: 0x1010D010
In clock cycle: 258828
Register Write to Reg: 0x0B Val: 0x00000000
In clock cycle: 258829
Register Write to Reg: 0x01 Val: 0x004FD01C
In clock cycle: 258830
Register Write to Reg: 0x01 Val: 0x00000000
In clock cycle: 258831
Register Write to Reg: 0x02 Val: 0x00000000
In clock cycle: 259846
Register Write to Reg: 0x02 Val: 0xFFFFFFFC
In clock cycle: 259846
Memory Write to Addr: 0x00000000 Val: 0x00000000
In clock cycle: 259848
Register Write to Reg: 0x0A Val: 0x1010E008
In clock cycle: 259849
Register Write to Reg: 0x0A Val: 0xFFFFFC04
In clock cycle: 259850
Register Write to Reg: 0x0B Val: 0x1010E010
In clock cycle: 259851
Register Write to Reg: 0x0B Val: 0x00000000
In clock cycle: 259852
Register Write to Reg: 0x01 Val: 0x004FE01C
In clock cycle: 259853
Register Write to Reg: 0x01 Val: 0x00000000
In clock cycle: 259854
Register Write to Reg: 0x02 Val: 0x00000000
In clock cycle: 260869
Register Write to Reg: 0x02 Val: 0xFFFFFFFC
In clock cycle: 260869
Memory Write to Addr: 0x00000000 Val: 0x00000000
In clock cycle: 260871
Register Write to Reg: 0x0A Val: 0x1010F008
In clock cycle: 260872
Register Write to Reg: 0x0A Val: 0xFFFFFC00
In clock cycle: 260873
Register Write to Reg: 0x0B Val: 0x1010F010
In clock cycle: 260874
Register Write to Reg: 0x0B Val: 0x00000000
In clock cycle: 260875
Register Write to Reg: 0x01 Val: 0x004FF01C
In clock cycle: 260876
Register Write to Reg: 0x01 Val: 0x00000000
In clock cycle: 260877
Register Write to Reg: 0x02 Val: 0x00000000
In clock cycle: 261892
Register Write to Reg: 0x02 Val: 0xFFFFFFFC
In clock cycle: 261892
Memory Write to Addr: 0x00000000 Val: 0x00000000
In clock cycle: 261894
Register Write to Reg: 0x0A Val: 0x10110008
In clock cycle: 261895
Register Write to Reg: 0x0A Val: 0xFFFFFBFC
In clock cycle: 261896
Register Write to Reg: 0x0B Val: 0x10110010
In clock cycle: 261897
Register Write to Reg: 0x0B Val: 0x00000000
In clock cycle: 261898
Register Write to Reg: 0x01 Val: 0x0050001C
In clock cycle: 261899
Register Write to Reg: 0x01 Val: 0x00000000
In clock cycle: 261900
Register Write to Reg: 0x02 Val: 0x00000000
In clock cycle: 262915
Register Write to Reg: 0x02 Val: 0xFFFFFFFC
In clock cycle: 262915
Memory Write to Addr: 0x00000000 Val: 0x00000000
In clock cycle: 262917
Register Write to Reg: 0x0A Val: 0x10111008
In clock cycle: 262918
Register Write to Reg: 0x0A Val: 0xFFFFFBF8
In clock cycle: 262919
Register Write to Reg: 0x0B Val: 0x10111010
In clock cycle: 262920
Register Write to Reg: 0x0B Val: 0x00000000
In clock cycle: 262921
Register Write to Reg: 0x01 Val: 0x0050101C
In clock cycle: 262922
Register Write to Reg: 0x01 Val: 0x00000000
In clock cycle: 262923
Register Write to Reg: 0x02 Val: 0x00000000
In clock cycle: 263938
Register Write to Reg: 0x02 Val: 0xFFFFFFFC
In clock cycle: 263938
Memory Write to Addr: 0x00000000 Val: 0x00000000
In clock cycle: 263940
Register Write to Reg: 0x0A Val: 0x10112008
In clock cycle: 263941
Register Write to Reg: 0x0A Val: 0xFFFFFBF4
In clock cycle: 263942
Register Write to Reg: 0x0B Val: 0x10112010
In clock cycle: 263943
Register Write to Reg: 0x0B Val: 0x00000000
In clock cycle: 263944
Register Write to Reg: 0x01 Val: 0x0050201C
In clock cycle: 263945
Register Write to Reg: 0x01 Val: 0x00000000
In clock cycle: 263946
Register Write to Reg: 0x02 Val: 0x00000000
In clock cycle: 264961
Register Write to Reg: 0x02 Val: 0xFFFFFFFC
In clock cycle: 264961
Memory Write to Addr: 0x00000000 Val: 0x00000000
In clock cycle: 264963
Register Write to Reg: 0x0A Val: 0x10113008
In clock cycle: 264964
Register Write to Reg: 0x0A Val: 0xFFFFFBF0
In clock cycle: 264965
Register Write to Reg: 0x0B Val: 0x10113010
In clock cycle: 264966
Register Write to Reg: 0x0B Val: 0x00000000
In clock cycle: 264967
Register Write to Reg: 0x01 Val: 0x0050301C
In clock cycle: 264968
Register Write to Reg: 0x01 Val: 0x00000000
In clock cycle: 264969
Register Write to Reg: 0x02 Val: 0x00000000
In clock cycle: 265984
Register Write to Reg: 0x02 Val: 0xFFFFFFFC
In clock cycle: 265984
Memory Write to Addr: 0x00000000 Val: 0x00000000
In clock cycle: 265986
Register Write to Reg: 0x0A Val: 0x10114008
In clock cycle: 265987
Register Write to Reg: 0x0A Val: 0xFFFFFBEC
In clock cycle: 265988
Register Write to Reg: 0x0B Val: 0x10114010
In clock cycle: 265989
Register Write to Reg: 0x0B Val: 0x00000000
In clock cycle: 265990
Register Write to Reg: 0x01 Val: 0x0050401C
In clock cycle: 265991
Register Write to Reg: 0x01 Val: 0x00000000
In clock cycle: 265992
Register Write to Reg: 0x02 Val: 0x00000000
In clock cycle: 267007
Register Write to Reg: 0x02 Val: 0xFFFFFFFC
In clock cycle: 267007
Memory Write to Addr: 0x00000000 Val: 0x00000000
In clock cycle: 267009
Register Write to Reg: 0x0A Val: 0x10115008
In clock cycle: 267010
Register Write to Reg: 0x0A Val: 0xFFFFFBE8
In clock cycle: 267011
Register Write to Reg: 0x0B Val: 0x10115010
In clock cycle: 267012
Register Write to Reg: 0x0B Val: 0x00000000
In clock cycle: 267013
Register Write to Reg: 0x01 Val: 0x0050501C
In clock cycle: 267014
Register Write to Reg: 0x01 Val: 0x00000000
In clock cycle: 267015
Register Write to Reg: 0x02 Val: 0x00000000
In clock cycle: 268030
Register Write to Reg: 0x02 Val: 0xFFFFFFFC
In clock cycle: 268030
Memory Write to Addr: 0x00000000 Val: 0x00000000
In clock cycle: 268032
Register Write to Reg: 0x0A Val: 0x10116008
In clock cycle: 268033
Register Write to Reg: 0x0A Val: 0xFFFFFBE4
In clock cycle: 268034
Register Write to Reg: 0x0B Val: 0x10116010
In clock cycle: 268035
Register Write to Reg: 0x0B Val: 0x00000000
In clock cycle: 268036
Register Write to Reg: 0x01 Val: 0x0050601C
In clock cycle: 268037
Register Write to Reg: 0x01 Val: 0x00000000
In clock cycle: 268038
Register Write to Reg: 0x02 Val: 0x00000000
In clock cycle: 269053
Register Write to Reg: 0x02 Val: 0xFFFFFFFC
In clock cycle: 269053
Memory Write to Addr: 0x00000000 Val: 0x00000000
In clock cycle: 269055
Register Write to Reg: 0x0A Val: 0x10117008
In clock cycle: 269056
Register Write to Reg: 0x0A Val: 0xFFFFFBE0
In clock cycle: 269057
Register Write to Reg: 0x0B Val: 0x10117010
In clock cycle: 269058
Register Write to Reg: 0x0B Val: 0x00000000
In clock cycle: 269059
Register Write to Reg: 0x01 Val: 0x0050701C
In clock cycle: 269060
Register Write to Reg: 0x01 Val: 0x00000000
In clock cycle: 269061
Register Write to Reg: 0x02 Val: 0x00000000
In clock cycle: 270076
Register Write to Reg: 0x02 Val: 0xFFFFFFFC
In clock cycle: 270076
Memory Write to Addr: 0x00000000 Val: 0x00000000
In clock cycle: 270078
Register Write to Reg: 0x0A Val: 0x10118008
In clock cycle: 270079
Register Write to Reg: 0x0A Val: 0xFFFFFBDC
In clock cycle: 270080
Register Write to Reg: 0x0B Val: 0x10118010
In clock cycle: 270081
Register Write to Reg: 0x0B Val: 0x00000000
In clock cycle: 270082
Register Write to Reg: 0x01 Val: 0x0050801C
In clock cycle: 270083
Register Write to Reg: 0x01 Val: 0x00000000
In clock cycle: 270084
Register Write to Reg: 0x02 Val: 0x00000000
In clock cycle: 271099
Register Write to Reg: 0x02 Val: 0xFFFFFFFC
In clock cycle: 271099
Memory Write to Addr: 0x00000000 Val: 0x00000000
In clock cycle: 271101
Register Write to Reg: 0x0A Val: 0x10119008
In clock cycle: 271102
Register Write to Reg: 0x0A Val: 0xFFFFFBD8
In clock cycle: 271103
Register Write to Reg: 0x0B Val: 0x10119010
In clock cycle: 271104
Register Write to Reg: 0x0B Val: 0x00000000
In clock cycle: 271105
Register Write to Reg: 0x01 Val: 0x0050901C
In clock cycle: 271106
Register Write to Reg: 0x01 Val: 0x00000000
In clock cycle: 271107
Register Write to Reg: 0x02 Val: 0x00000000
In clock cycle: 272122
Register Write to Reg: 0x02 Val: 0xFFFFFFFC
In clock cycle: 272122
Memory Write to Addr: 0x00000000 Val: 0x00000000
In clock cycle: 272124
Register Write to Reg: 0x0A Val: 0x1011A008
In clock cycle: 272125
Register Write to Reg: 0x0A Val: 0xFFFFFBD4
In clock cycle: 272126
Register Write to Reg: 0x0B Val: 0x1011A010
In clock cycle: 272127
Register Write to Reg: 0x0B Val: 0x00000000
In clock cycle: 272128
Register Write to Reg: 0x01 Val: 0x0050A01C
In clock cycle: 272129
Register Write to Reg: 0x01 Val: 0x00000000
In clock cycle: 272130
Register Write to Reg: 0x02 Val: 0x00000000
In clock cycle: 273145
Register Write to Reg: 0x02 Val: 0xFFFFFFFC
In clock cycle: 273145
Memory Write to Addr: 0x00000000 Val: 0x00000000
In clock cycle: 273147
Register Write to Reg: 0x0A Val: 0x1011B008
In clock cycle: 273148
Register Write to Reg: 0x0A Val: 0xFFFFFBD0
In clock cycle: 273149
Register Write to Reg: 0x0B Val: 0x1011B010
In clock cycle: 273150
Register Write to Reg: 0x0B Val: 0x00000000
In clock cycle: 273151
Register Write to Reg: 0x01 Val: 0x0050B01C
In clock cycle: 273152
Register Write to Reg: 0x01 Val: 0x00000000
In clock cycle: 273153
Register Write to Reg: 0x02 Val: 0x00000000
In clock cycle: 274168
Register Write to Reg: 0x02 Val: 0xFFFFFFFC
In clock cycle: 274168
Memory Write to Addr: 0x00000000 Val: 0x00000000
In clock cycle: 274170
Register Write to Reg: 0x0A Val: 0x1011C008
In clock cycle: 274171
Register Write to Reg: 0x0A Val: 0xFFFFFBCC
In clock cycle: 274172
Register Write to Reg: 0x0B Val: 0x1011C010
In clock cycle: 274173
Register Write to Reg: 0x0B Val: 0x00000000
In clock cycle: 274174
Register Write to Reg: 0x01 Val: 0x0050C01C
In clock cycle: 274175
Register Write to Reg: 0x01 Val: 0x00000000
In clock cycle: 274176
Register Write to Reg: 0x02 Val: 0x00000000
In clock cycle: 275191
Register Write to Reg: 0x02 Val: 0xFFFFFFFC
In clock cycle: 275191
Memory Write to Addr: 0x00000000 Val: 0x00000000
In clock cycle: 275193
Register Write to Reg: 0x0A Val: 0x1011D008
In clock cycle: 275194
Register Write to Reg: 0x0A Val: 0xFFFFFBC8
In clock cycle: 275195
Register Write to Reg: 0x0B Val: 0x1011D010
In clock cycle: 275196
Register Write to Reg: 0x0B Val: 0x00000000
In clock cycle: 275197
Register Write to Reg: 0x01 Val: 0x0050D01C
In clock cycle: 275198
Register Write to Reg: 0x01 Val: 0x00000000
In clock cycle: 275199
Register Write to Reg: 0x02 Val: 0x00000000
In clock cycle: 276214
Register Write to Reg: 0x02 Val: 0xFFFFFFFC
In clock cycle: 276214
Memory Write to Addr: 0x00000000 Val: 0x00000000
In clock cycle: 276216
Register Write to Reg: 0x0A Val: 0x1011E008
In clock cycle: 276217
Register Write to Reg: 0x0A Val: 0xFFFFFBC4
In clock cycle: 276218
Register Write to Reg: 0x0B Val: 0x1011E010
In clock cycle: 276219
Register Write to Reg: 0x0B Val: 0x00000000
In clock cycle: 276220
Register Write to Reg: 0x01 Val: 0x0050E01C
In clock cycle: 276221
Register Write to Reg: 0x01 Val: 0x00000000
In clock cycle: 276222
Register Write to Reg: 0x02 Val: 0x00000000
In clock cycle: 277237
Register Write to Reg: 0x02 Val: 0xFFFFFFFC
In clock cycle: 277237
Memory Write to Addr: 0x00000000 Val: 0x00000000
In clock cycle: 277239
Register Write to Reg: 0x0A Val: 0x1011F008
In clock cycle: 277240
Register Write to Reg: 0x0A Val: 0xFFFFFBC0
In clock cycle: 277241
Register Write to Reg: 0x0B Val: 0x1011F010
In clock cycle: 277242
Register Write to Reg: 0x0B Val: 0x00000000
In clock cycle: 277243
Register Write to Reg: 0x01 Val: 0x0050F01C
In clock cycle: 277244
Register Write to Reg: 0x01 Val: 0x00000000
In clock cycle: 277245
Register Write to Reg: 0x02 Val: 0x00000000
In clock cycle: 278260
Register Write to Reg: 0x02 Val: 0xFFFFFFFC
In clock cycle: 278260
Memory Write to Addr: 0x00000000 Val: 0x00000000
In clock cycle: 278262
Register Write to Reg: 0x0A Val: 0x10120008
In clock cycle: 278263
Register Write to Reg: 0x0A Val: 0xFFFFFBBC
In clock cycle: 278264
Register Write to Reg: 0x0B Val: 0x10120010
In clock cycle: 278265
Register Write to Reg: 0x0B Val: 0x00000000
In clock cycle: 278266
Register Write to Reg: 0x01 Val: 0x0051001C
In clock cycle: 278267
Register Write to Reg: 0x01 Val: 0x00000000
In clock cycle: 278268
Register Write to Reg: 0x02 Val: 0x00000000
In clock cycle: 279283
Register Write to Reg: 0x02 Val: 0xFFFFFFFC
In clock cycle: 279283
Memory Write to Addr: 0x00000000 Val: 0x00000000
In clock cycle: 279285
Register Write to Reg: 0x0A Val: 0x10121008
In clock cycle: 279286
Register Write to Reg: 0x0A Val: 0xFFFFFBB8
In clock cycle: 279287
Register Write to Reg: 0x0B Val: 0x10121010
In clock cycle: 279288
Register Write to Reg: 0x0B Val: 0x00000000
In clock cycle: 279289
Register Write to Reg: 0x01 Val: 0x0051101C
In clock cycle: 279290
Register Write to Reg: 0x01 Val: 0x00000000
In clock cycle: 279291
Register Write to Reg: 0x02 Val: 0x00000000
In clock cycle: 280306
Register Write to Reg: 0x02 Val: 0xFFFFFFFC
In clock cycle: 280306
Memory Write to Addr: 0x00000000 Val: 0x00000000
In clock cycle: 280308
Register Write to Reg: 0x0A Val: 0x10122008
In clock cycle: 280309
Register Write to Reg: 0x0A Val: 0xFFFFFBB4
In clock cycle: 280310
Register Write to Reg: 0x0B Val: 0x10122010
In clock cycle: 280311
Register Write to Reg: 0x0B Val: 0x00000000
In clock cycle: 280312
Register Write to Reg: 0x01 Val: 0x0051201C
In clock cycle: 280313
Register Write to Reg: 0x01 Val: 0x00000000
In clock cycle: 280314
Register Write to Reg: 0x02 Val: 0x00000000
In clock cycle: 281329
Register Write to Reg: 0x02 Val: 0xFFFFFFFC
In clock cycle: 281329
Memory Write to Addr: 0x00000000 Val: 0x00000000
In clock cycle: 281331
Register Write to Reg: 0x0A Val: 0x10123008
In clock cycle: 281332
Register Write to Reg: 0x0A Val: 0xFFFFFBB0
In clock cycle: 281333
Register Write to Reg: 0x0B Val: 0x10123010
In clock cycle: 281334
Register Write to Reg: 0x0B Val: 0x00000000
In clock cycle: 281335
Register Write to Reg: 0x01 Val: 0x0051301C
In clock cycle: 281336
Register Write to Reg: 0x01 Val: 0x00000000
In clock cycle: 281337
Register Write to Reg: 0x02 Val: 0x00000000
In clock cycle: 282352
Register Write to Reg: 0x02 Val: 0xFFFFFFFC
In clock cycle: 282352
Memory Write to Addr: 0x00000000 Val: 0x00000000
In clock cycle: 282354
Register Write to Reg: 0x0A Val: 0x10124008
In clock cycle: 282355
Register Write to Reg: 0x0A Val: 0xFFFFFBAC
In clock cycle: 282356
Register Write to Reg: 0x0B Val: 0x10124010
In clock cycle: 282357
Register Write to Reg: 0x0B Val: 0x00000000
In clock cycle: 282358
Register Write to Reg: 0x01 Val: 0x0051401C
In clock cycle: 282359
Register Write to Reg: 0x01 Val: 0x00000000
In clock cycle: 282360
Register Write to Reg: 0x02 Val: 0x00000000
In clock cycle: 283375
Register Write to Reg: 0x02 Val: 0xFFFFFFFC
In clock cycle: 283375
Memory Write to Addr: 0x00000000 Val: 0x00000000
In clock cycle: 283377
Register Write to Reg: 0x0A Val: 0x10125008
In clock cycle: 283378
Register Write to Reg: 0x0A Val: 0xFFFFFBA8
In clock cycle: 283379
Register Write to Reg: 0x0B Val: 0x10125010
In clock cycle: 283380
Register Write to Reg: 0x0B Val: 0x00000000
In clock cycle: 283381
Register Write to Reg: 0x01 Val: 0x0051501C
In clock cycle: 283382
Register Write to Reg: 0x01 Val: 0x00000000
In clock cycle: 283383
Register Write to Reg: 0x02 Val: 0x00000000
In clock cycle: 284398
Register Write to Reg: 0x02 Val: 0xFFFFFFFC
In clock cycle: 284398
Memory Write to Addr: 0x00000000 Val: 0x00000000
In clock cycle: 284400
Register Write to Reg: 0x0A Val: 0x10126008
In clock cycle: 284401
Register Write to Reg: 0x0A Val: 0xFFFFFBA4
In clock cycle: 284402
Register Write to Reg: 0x0B Val: 0x10126010
In clock cycle: 284403
Register Write to Reg: 0x0B Val: 0x00000000
In clock cycle: 284404
Register Write to Reg: 0x01 Val: 0x0051601C
In clock cycle: 284405
Register Write to Reg: 0x01 Val: 0x00000000
In clock cycle: 284406
Register Write to Reg: 0x02 Val: 0x00000000
In clock cycle: 285421
Register Write to Reg: 0x02 Val: 0xFFFFFFFC
In clock cycle: 285421
Memory Write to Addr: 0x00000000 Val: 0x00000000
In clock cycle: 285423
Register Write to Reg: 0x0A Val: 0x10127008
In clock cycle: 285424
Register Write to Reg: 0x0A Val: 0xFFFFFBA0
In clock cycle: 285425
Register Write to Reg: 0x0B Val: 0x10127010
In clock cycle: 285426
Register Write to Reg: 0x0B Val: 0x00000000
In clock cycle: 285427
Register Write to Reg: 0x01 Val: 0x0051701C
In clock cycle: 285428
Register Write to Reg: 0x01 Val: 0x00000000
In clock cycle: 285429
Register Write to Reg: 0x02 Val: 0x00000000
In clock cycle: 286444
Register Write to Reg: 0x02 Val: 0xFFFFFFFC
In clock cycle: 286444
Memory Write to Addr: 0x00000000 Val: 0x00000000
In clock cycle: 286446
Register Write to Reg: 0x0A Val: 0x10128008
In clock cycle: 286447
Register Write to Reg: 0x0A Val: 0xFFFFFB9C
In clock cycle: 286448
Register Write to Reg: 0x0B Val: 0x10128010
In clock cycle: 286449
Register Write to Reg: 0x0B Val: 0x00000000
In clock cycle: 286450
Register Write to Reg: 0x01 Val: 0x0051801C
In clock cycle: 286451
Register Write to Reg: 0x01 Val: 0x00000000
In clock cycle: 286452
Register Write to Reg: 0x02 Val: 0x00000000
In clock cycle: 287467
Register Write to Reg: 0x02 Val: 0xFFFFFFFC
In clock cycle: 287467
Memory Write to Addr: 0x00000000 Val: 0x00000000
In clock cycle: 287469
Register Write to Reg: 0x0A Val: 0x10129008
In clock cycle: 287470
Register Write to Reg: 0x0A Val: 0xFFFFFB98
In clock cycle: 287471
Register Write to Reg: 0x0B Val: 0x10129010
In clock cycle: 287472
Register Write to Reg: 0x0B Val: 0x00000000
In clock cycle: 287473
Register Write to Reg: 0x01 Val: 0x0051901C
In clock cycle: 287474
Register Write to Reg: 0x01 Val: 0x00000000
In clock cycle: 287475
Register Write to Reg: 0x02 Val: 0x00000000
In clock cycle: 288490
Register Write to Reg: 0x02 Val: 0xFFFFFFFC
In clock cycle: 288490
Memory Write to Addr: 0x00000000 Val: 0x00000000
In clock cycle: 288492
Register Write to Reg: 0x0A Val: 0x1012A008
In clock cycle: 288493
Register Write to Reg: 0x0A Val: 0xFFFFFB94
In clock cycle: 288494
Register Write to Reg: 0x0B Val: 0x1012A010
In clock cycle: 288495
Register Write to Reg: 0x0B Val: 0x00000000
In clock cycle: 288496
Register Write to Reg: 0x01 Val: 0x0051A01C
In clock cycle: 288497
Register Write to Reg: 0x01 Val: 0x00000000
In clock cycle: 288498
Register Write to Reg: 0x02 Val: 0x00000000
In clock cycle: 289513
Register Write to Reg: 0x02 Val: 0xFFFFFFFC
In clock cycle: 289513
Memory Write to Addr: 0x00000000 Val: 0x00000000
In clock cycle: 289515
Register Write to Reg: 0x0A Val: 0x1012B008
In clock cycle: 289516
Register Write to Reg: 0x0A Val: 0xFFFFFB90
In clock cycle: 289517
Register Write to Reg: 0x0B Val: 0x1012B010
In clock cycle: 289518
Register Write to Reg: 0x0B Val: 0x00000000
In clock cycle: 289519
Register Write to Reg: 0x01 Val: 0x0051B01C
In clock cycle: 289520
Register Write to Reg: 0x01 Val: 0x00000000
In clock cycle: 289521
Register Write to Reg: 0x02 Val: 0x00000000
In clock cycle: 290536
Register Write to Reg: 0x02 Val: 0xFFFFFFFC
In clock cycle: 290536
Memory Write to Addr: 0x00000000 Val: 0x00000000
In clock cycle: 290538
Register Write to Reg: 0x0A Val: 0x1012C008
In clock cycle: 290539
Register Write to Reg: 0x0A Val: 0xFFFFFB8C
In clock cycle: 290540
Register Write to Reg: 0x0B Val: 0x1012C010
In clock cycle: 290541
Register Write to Reg: 0x0B Val: 0x00000000
In clock cycle: 290542
Register Write to Reg: 0x01 Val: 0x0051C01C
In clock cycle: 290543
Register Write to Reg: 0x01 Val: 0x00000000
In clock cycle: 290544
Register Write to Reg: 0x02 Val: 0x00000000
In clock cycle: 291559
Register Write to Reg: 0x02 Val: 0xFFFFFFFC
In clock cycle: 291559
Memory Write to Addr: 0x00000000 Val: 0x00000000
In clock cycle: 291561
Register Write to Reg: 0x0A Val: 0x1012D008
In clock cycle: 291562
Register Write to Reg: 0x0A Val: 0xFFFFFB88
In clock cycle: 291563
Register Write to Reg: 0x0B Val: 0x1012D010
In clock cycle: 291564
Register Write to Reg: 0x0B Val: 0x00000000
In clock cycle: 291565
Register Write to Reg: 0x01 Val: 0x0051D01C
In clock cycle: 291566
Register Write to Reg: 0x01 Val: 0x00000000
In clock cycle: 291567
Register Write to Reg: 0x02 Val: 0x00000000
In clock cycle: 292582
Register Write to Reg: 0x02 Val: 0xFFFFFFFC
In clock cycle: 292582
Memory Write to Addr: 0x00000000 Val: 0x00000000
In clock cycle: 292584
Register Write to Reg: 0x0A Val: 0x1012E008
In clock cycle: 292585
Register Write to Reg: 0x0A Val: 0xFFFFFB84
In clock cycle: 292586
Register Write to Reg: 0x0B Val: 0x1012E010
In clock cycle: 292587
Register Write to Reg: 0x0B Val: 0x00000000
In clock cycle: 292588
Register Write to Reg: 0x01 Val: 0x0051E01C
In clock cycle: 292589
Register Write to Reg: 0x01 Val: 0x00000000
In clock cycle: 292590
Register Write to Reg: 0x02 Val: 0x00000000
In clock cycle: 293605
Register Write to Reg: 0x02 Val: 0xFFFFFFFC
In clock cycle: 293605
Memory Write to Addr: 0x00000000 Val: 0x00000000
In clock cycle: 293607
Register Write to Reg: 0x0A Val: 0x1012F008
In clock cycle: 293608
Register Write to Reg: 0x0A Val: 0xFFFFFB80
In clock cycle: 293609
Register Write to Reg: 0x0B Val: 0x1012F010
In clock cycle: 293610
Register Write to Reg: 0x0B Val: 0x00000000
In clock cycle: 293611
Register Write to Reg: 0x01 Val: 0x0051F01C
In clock cycle: 293612
Register Write to Reg: 0x01 Val: 0x00000000
In clock cycle: 293613
Register Write to Reg: 0x02 Val: 0x00000000
In clock cycle: 294628
Register Write to Reg: 0x02 Val: 0xFFFFFFFC
In clock cycle: 294628
Memory Write to Addr: 0x00000000 Val: 0x00000000
In clock cycle: 294630
Register Write to Reg: 0x0A Val: 0x10130008
In clock cycle: 294631
Register Write to Reg: 0x0A Val: 0xFFFFFB7C
In clock cycle: 294632
Register Write to Reg: 0x0B Val: 0x10130010
In clock cycle: 294633
Register Write to Reg: 0x0B Val: 0x00000000
In clock cycle: 294634
Register Write to Reg: 0x01 Val: 0x0052001C
In clock cycle: 294635
Register Write to Reg: 0x01 Val: 0x00000000
In clock cycle: 294636
Register Write to Reg: 0x02 Val: 0x00000000
In clock cycle: 295651
Register Write to Reg: 0x02 Val: 0xFFFFFFFC
In clock cycle: 295651
Memory Write to Addr: 0x00000000 Val: 0x00000000
In clock cycle: 295653
Register Write to Reg: 0x0A Val: 0x10131008
In clock cycle: 295654
Register Write to Reg: 0x0A Val: 0xFFFFFB78
In clock cycle: 295655
Register Write to Reg: 0x0B Val: 0x10131010
In clock cycle: 295656
Register Write to Reg: 0x0B Val: 0x00000000
In clock cycle: 295657
Register Write to Reg: 0x01 Val: 0x0052101C
In clock cycle: 295658
Register Write to Reg: 0x01 Val: 0x00000000
In clock cycle: 295659
Register Write to Reg: 0x02 Val: 0x00000000
In clock cycle: 296674
Register Write to Reg: 0x02 Val: 0xFFFFFFFC
In clock cycle: 296674
Memory Write to Addr: 0x00000000 Val: 0x00000000
In clock cycle: 296676
Register Write to Reg: 0x0A Val: 0x10132008
In clock cycle: 296677
Register Write to Reg: 0x0A Val: 0xFFFFFB74
In clock cycle: 296678
Register Write to Reg: 0x0B Val: 0x10132010
In clock cycle: 296679
Register Write to Reg: 0x0B Val: 0x00000000
In clock cycle: 296680
Register Write to Reg: 0x01 Val: 0x0052201C
In clock cycle: 296681
Register Write to Reg: 0x01 Val: 0x00000000
In clock cycle: 296682
Register Write to Reg: 0x02 Val: 0x00000000
In clock cycle: 297697
Register Write to Reg: 0x02 Val: 0xFFFFFFFC
In clock cycle: 297697
Memory Write to Addr: 0x00000000 Val: 0x00000000
In clock cycle: 297699
Register Write to Reg: 0x0A Val: 0x10133008
In clock cycle: 297700
Register Write to Reg: 0x0A Val: 0xFFFFFB70
In clock cycle: 297701
Register Write to Reg: 0x0B Val: 0x10133010
In clock cycle: 297702
Register Write to Reg: 0x0B Val: 0x00000000
In clock cycle: 297703
Register Write to Reg: 0x01 Val: 0x0052301C
In clock cycle: 297704
Register Write to Reg: 0x01 Val: 0x00000000
In clock cycle: 297705
Register Write to Reg: 0x02 Val: 0x00000000
In clock cycle: 298720
Register Write to Reg: 0x02 Val: 0xFFFFFFFC
In clock cycle: 298720
Memory Write to Addr: 0x00000000 Val: 0x00000000
In clock cycle: 298722
Register Write to Reg: 0x0A Val: 0x10134008
In clock cycle: 298723
Register Write to Reg: 0x0A Val: 0xFFFFFB6C
In clock cycle: 298724
Register Write to Reg: 0x0B Val: 0x10134010
In clock cycle: 298725
Register Write to Reg: 0x0B Val: 0x00000000
In clock cycle: 298726
Register Write to Reg: 0x01 Val: 0x0052401C
In clock cycle: 298727
Register Write to Reg: 0x01 Val: 0x00000000
In clock cycle: 298728
Register Write to Reg: 0x02 Val: 0x00000000
In clock cycle: 299743
Register Write to Reg: 0x02 Val: 0xFFFFFFFC
In clock cycle: 299743
Memory Write to Addr: 0x00000000 Val: 0x00000000
In clock cycle: 299745
Register Write to Reg: 0x0A Val: 0x10135008
In clock cycle: 299746
Register Write to Reg: 0x0A Val: 0xFFFFFB68
In clock cycle: 299747
Register Write to Reg: 0x0B Val: 0x10135010
In clock cycle: 299748
Register Write to Reg: 0x0B Val: 0x00000000
In clock cycle: 299749
Register Write to Reg: 0x01 Val: 0x0052501C
In clock cycle: 299750
Register Write to Reg: 0x01 Val: 0x00000000
In clock cycle: 299751
Register Write to Reg: 0x02 Val: 0x00000000
In clock cycle: 300766
Register Write to Reg: 0x02 Val: 0xFFFFFFFC
In clock cycle: 300766
Memory Write to Addr: 0x00000000 Val: 0x00000000
In clock cycle: 300768
Register Write to Reg: 0x0A Val: 0x10136008
In clock cycle: 300769
Register Write to Reg: 0x0A Val: 0xFFFFFB64
In clock cycle: 300770
Register Write to Reg: 0x0B Val: 0x10136010
In clock cycle: 300771
Register Write to Reg: 0x0B Val: 0x00000000
In clock cycle: 300772
Register Write to Reg: 0x01 Val: 0x0052601C
In clock cycle: 300773
Register Write to Reg: 0x01 Val: 0x00000000
In clock cycle: 300774
Register Write to Reg: 0x02 Val: 0x00000000
In clock cycle: 301789
Register Write to Reg: 0x02 Val: 0xFFFFFFFC
In clock cycle: 301789
Memory Write to Addr: 0x00000000 Val: 0x00000000
In clock cycle: 301791
Register Write to Reg: 0x0A Val: 0x10137008
In clock cycle: 301792
Register Write to Reg: 0x0A Val: 0xFFFFFB60
In clock cycle: 301793
Register Write to Reg: 0x0B Val: 0x10137010
In clock cycle: 301794
Register Write to Reg: 0x0B Val: 0x00000000
In clock cycle: 301795
Register Write to Reg: 0x01 Val: 0x0052701C
In clock cycle: 301796
Register Write to Reg: 0x01 Val: 0x00000000
In clock cycle: 301797
Register Write to Reg: 0x02 Val: 0x00000000
In clock cycle: 302812
Register Write to Reg: 0x02 Val: 0xFFFFFFFC
In clock cycle: 302812
Memory Write to Addr: 0x00000000 Val: 0x00000000
In clock cycle: 302814
Register Write to Reg: 0x0A Val: 0x10138008
In clock cycle: 302815
Register Write to Reg: 0x0A Val: 0xFFFFFB5C
In clock cycle: 302816
Register Write to Reg: 0x0B Val: 0x10138010
In clock cycle: 302817
Register Write to Reg: 0x0B Val: 0x00000000
In clock cycle: 302818
Register Write to Reg: 0x01 Val: 0x0052801C
In clock cycle: 302819
Register Write to Reg: 0x01 Val: 0x00000000
In clock cycle: 302820
Register Write to Reg: 0x02 Val: 0x00000000
In clock cycle: 303835
Register Write to Reg: 0x02 Val: 0xFFFFFFFC
In clock cycle: 303835
Memory Write to Addr: 0x00000000 Val: 0x00000000
In clock cycle: 303837
Register Write to Reg: 0x0A Val: 0x10139008
In clock cycle: 303838
Register Write to Reg: 0x0A Val: 0xFFFFFB58
In clock cycle: 303839
Register Write to Reg: 0x0B Val: 0x10139010
In clock cycle: 303840
Register Write to Reg: 0x0B Val: 0x00000000
In clock cycle: 303841
Register Write to Reg: 0x01 Val: 0x0052901C
In clock cycle: 303842
Register Write to Reg: 0x01 Val: 0x00000000
In clock cycle: 303843
Register Write to Reg: 0x02 Val: 0x00000000
In clock cycle: 304858
Register Write to Reg: 0x02 Val: 0xFFFFFFFC
In clock cycle: 304858
Memory Write to Addr: 0x00000000 Val: 0x00000000
In clock cycle: 304860
Register Write to Reg: 0x0A Val: 0x1013A008
In clock cycle: 304861
Register Write to Reg: 0x0A Val: 0xFFFFFB54
In clock cycle: 304862
Register Write to Reg: 0x0B Val: 0x1013A010
In clock cycle: 304863
Register Write to Reg: 0x0B Val: 0x00000000
In clock cycle: 304864
Register Write to Reg: 0x01 Val: 0x0052A01C
In clock cycle: 304865
Register Write to Reg: 0x01 Val: 0x00000000
In clock cycle: 304866
Register Write to Reg: 0x02 Val: 0x00000000
In clock cycle: 305881
Register Write to Reg: 0x02 Val: 0xFFFFFFFC
In clock cycle: 305881
Memory Write to Addr: 0x00000000 Val: 0x00000000
In clock cycle: 305883
Register Write to Reg: 0x0A Val: 0x1013B008
In clock cycle: 305884
Register Write to Reg: 0x0A Val: 0xFFFFFB50
In clock cycle: 305885
Register Write to Reg: 0x0B Val: 0x1013B010
In clock cycle: 305886
Register Write to Reg: 0x0B Val: 0x00000000
In clock cycle: 305887
Register Write to Reg: 0x01 Val: 0x0052B01C
In clock cycle: 305888
Register Write to Reg: 0x01 Val: 0x00000000
In clock cycle: 305889
Register Write to Reg: 0x02 Val: 0x00000000
In clock cycle: 306904
Register Write to Reg: 0x02 Val: 0xFFFFFFFC
In clock cycle: 306904
Memory Write to Addr: 0x00000000 Val: 0x00000000
In clock cycle: 306906
Register Write to Reg: 0x0A Val: 0x1013C008
In clock cycle: 306907
Register Write to Reg: 0x0A Val: 0xFFFFFB4C
In clock cycle: 306908
Register Write to Reg: 0x0B Val: 0x1013C010
In clock cycle: 306909
Register Write to Reg: 0x0B Val: 0x00000000
In clock cycle: 306910
Register Write to Reg: 0x01 Val: 0x0052C01C
In clock cycle: 306911
Register Write to Reg: 0x01 Val: 0x00000000
In clock cycle: 306912
Register Write to Reg: 0x02 Val: 0x00000000
In clock cycle: 307927
Register Write to Reg: 0x02 Val: 0xFFFFFFFC
In clock cycle: 307927
Memory Write to Addr: 0x00000000 Val: 0x00000000
In clock cycle: 307929
Register Write to Reg: 0x0A Val: 0x1013D008
In clock cycle: 307930
Register Write to Reg: 0x0A Val: 0xFFFFFB48
In clock cycle: 307931
Register Write to Reg: 0x0B Val: 0x1013D010
In clock cycle: 307932
Register Write to Reg: 0x0B Val: 0x00000000
In clock cycle: 307933
Register Write to Reg: 0x01 Val: 0x0052D01C
In clock cycle: 307934
Register Write to Reg: 0x01 Val: 0x00000000
In clock cycle: 307935
Register Write to Reg: 0x02 Val: 0x00000000
In clock cycle: 308950
Register Write to Reg: 0x02 Val: 0xFFFFFFFC
In clock cycle: 308950
Memory Write to Addr: 0x00000000 Val: 0x00000000
In clock cycle: 308952
Register Write to Reg: 0x0A Val: 0x1013E008
In clock cycle: 308953
Register Write to Reg: 0x0A Val: 0xFFFFFB44
In clock cycle: 308954
Register Write to Reg: 0x0B Val: 0x1013E010
In clock cycle: 308955
Register Write to Reg: 0x0B Val: 0x00000000
In clock cycle: 308956
Register Write to Reg: 0x01 Val: 0x0052E01C
In clock cycle: 308957
Register Write to Reg: 0x01 Val: 0x00000000
In clock cycle: 308958
Register Write to Reg: 0x02 Val: 0x00000000
In clock cycle: 309973
Register Write to Reg: 0x02 Val: 0xFFFFFFFC
In clock cycle: 309973
Memory Write to Addr: 0x00000000 Val: 0x00000000
In clock cycle: 309975
Register Write to Reg: 0x0A Val: 0x1013F008
In clock cycle: 309976
Register Write to Reg: 0x0A Val: 0xFFFFFB40
In clock cycle: 309977
Register Write to Reg: 0x0B Val: 0x1013F010
In clock cycle: 309978
Register Write to Reg: 0x0B Val: 0x00000000
In clock cycle: 309979
Register Write to Reg: 0x01 Val: 0x0052F01C
In clock cycle: 309980
Register Write to Reg: 0x01 Val: 0x00000000
In clock cycle: 309981
Register Write to Reg: 0x02 Val: 0x00000000
In clock cycle: 310996
Register Write to Reg: 0x02 Val: 0xFFFFFFFC
In clock cycle: 310996
Memory Write to Addr: 0x00000000 Val: 0x00000000
In clock cycle: 310998
Register Write to Reg: 0x0A Val: 0x10140008
In clock cycle: 310999
Register Write to Reg: 0x0A Val: 0xFFFFFB3C
In clock cycle: 311000
Register Write to Reg: 0x0B Val: 0x10140010
In clock cycle: 311001
Register Write to Reg: 0x0B Val: 0x00000000
In clock cycle: 311002
Register Write to Reg: 0x01 Val: 0x0053001C
In clock cycle: 311003
Register Write to Reg: 0x01 Val: 0x00000000
In clock cycle: 311004
Register Write to Reg: 0x02 Val: 0x00000000
In clock cycle: 312019
Register Write to Reg: 0x02 Val: 0xFFFFFFFC
In clock cycle: 312019
Memory Write to Addr: 0x00000000 Val: 0x00000000
In clock cycle: 312021
Register Write to Reg: 0x0A Val: 0x10141008
In clock cycle: 312022
Register Write to Reg: 0x0A Val: 0xFFFFFB38
In clock cycle: 312023
Register Write to Reg: 0x0B Val: 0x10141010
In clock cycle: 312024
Register Write to Reg: 0x0B Val: 0x00000000
In clock cycle: 312025
Register Write to Reg: 0x01 Val: 0x0053101C
In clock cycle: 312026
Register Write to Reg: 0x01 Val: 0x00000000
In clock cycle: 312027
Register Write to Reg: 0x02 Val: 0x00000000
In clock cycle: 313042
Register Write to Reg: 0x02 Val: 0xFFFFFFFC
In clock cycle: 313042
Memory Write to Addr: 0x00000000 Val: 0x00000000
In clock cycle: 313044
Register Write to Reg: 0x0A Val: 0x10142008
In clock cycle: 313045
Register Write to Reg: 0x0A Val: 0xFFFFFB34
In clock cycle: 313046
Register Write to Reg: 0x0B Val: 0x10142010
In clock cycle: 313047
Register Write to Reg: 0x0B Val: 0x00000000
In clock cycle: 313048
Register Write to Reg: 0x01 Val: 0x0053201C
In clock cycle: 313049
Register Write to Reg: 0x01 Val: 0x00000000
In clock cycle: 313050
Register Write to Reg: 0x02 Val: 0x00000000
In clock cycle: 314065
Register Write to Reg: 0x02 Val: 0xFFFFFFFC
In clock cycle: 314065
Memory Write to Addr: 0x00000000 Val: 0x00000000
In clock cycle: 314067
Register Write to Reg: 0x0A Val: 0x10143008
In clock cycle: 314068
Register Write to Reg: 0x0A Val: 0xFFFFFB30
In clock cycle: 314069
Register Write to Reg: 0x0B Val: 0x10143010
In clock cycle: 314070
Register Write to Reg: 0x0B Val: 0x00000000
In clock cycle: 314071
Register Write to Reg: 0x01 Val: 0x0053301C
In clock cycle: 314072
Register Write to Reg: 0x01 Val: 0x00000000
In clock cycle: 314073
Register Write to Reg: 0x02 Val: 0x00000000
In clock cycle: 315088
Register Write to Reg: 0x02 Val: 0xFFFFFFFC
In clock cycle: 315088
Memory Write to Addr: 0x00000000 Val: 0x00000000
In clock cycle: 315090
Register Write to Reg: 0x0A Val: 0x10144008
In clock cycle: 315091
Register Write to Reg: 0x0A Val: 0xFFFFFB2C
In clock cycle: 315092
Register Write to Reg: 0x0B Val: 0x10144010
In clock cycle: 315093
Register Write to Reg: 0x0B Val: 0x00000000
In clock cycle: 315094
Register Write to Reg: 0x01 Val: 0x0053401C
In clock cycle: 315095
Register Write to Reg: 0x01 Val: 0x00000000
In clock cycle: 315096
Register Write to Reg: 0x02 Val: 0x00000000
In clock cycle: 316111
Register Write to Reg: 0x02 Val: 0xFFFFFFFC
In clock cycle: 316111
Memory Write to Addr: 0x00000000 Val: 0x00000000
In clock cycle: 316113
Register Write to Reg: 0x0A Val: 0x10145008
In clock cycle: 316114
Register Write to Reg: 0x0A Val: 0xFFFFFB28
In clock cycle: 316115
Register Write to Reg: 0x0B Val: 0x10145010
In clock cycle: 316116
Register Write to Reg: 0x0B Val: 0x00000000
In clock cycle: 316117
Register Write to Reg: 0x01 Val: 0x0053501C
In clock cycle: 316118
Register Write to Reg: 0x01 Val: 0x00000000
In clock cycle: 316119
Register Write to Reg: 0x02 Val: 0x00000000
In clock cycle: 317134
Register Write to Reg: 0x02 Val: 0xFFFFFFFC
In clock cycle: 317134
Memory Write to Addr: 0x00000000 Val: 0x00000000
In clock cycle: 317136
Register Write to Reg: 0x0A Val: 0x10146008
In clock cycle: 317137
Register Write to Reg: 0x0A Val: 0xFFFFFB24
In clock cycle: 317138
Register Write to Reg: 0x0B Val: 0x10146010
In clock cycle: 317139
Register Write to Reg: 0x0B Val: 0x00000000
In clock cycle: 317140
Register Write to Reg: 0x01 Val: 0x0053601C
In clock cycle: 317141
Register Write to Reg: 0x01 Val: 0x00000000
In clock cycle: 317142
Register Write to Reg: 0x02 Val: 0x00000000
In clock cycle: 318157
Register Write to Reg: 0x02 Val: 0xFFFFFFFC
In clock cycle: 318157
Memory Write to Addr: 0x00000000 Val: 0x00000000
In clock cycle: 318159
Register Write to Reg: 0x0A Val: 0x10147008
In clock cycle: 318160
Register Write to Reg: 0x0A Val: 0xFFFFFB20
In clock cycle: 318161
Register Write to Reg: 0x0B Val: 0x10147010
In clock cycle: 318162
Register Write to Reg: 0x0B Val: 0x00000000
In clock cycle: 318163
Register Write to Reg: 0x01 Val: 0x0053701C
In clock cycle: 318164
Register Write to Reg: 0x01 Val: 0x00000000
In clock cycle: 318165
Register Write to Reg: 0x02 Val: 0x00000000
In clock cycle: 319180
Register Write to Reg: 0x02 Val: 0xFFFFFFFC
In clock cycle: 319180
Memory Write to Addr: 0x00000000 Val: 0x00000000
In clock cycle: 319182
Register Write to Reg: 0x0A Val: 0x10148008
In clock cycle: 319183
Register Write to Reg: 0x0A Val: 0xFFFFFB1C
In clock cycle: 319184
Register Write to Reg: 0x0B Val: 0x10148010
In clock cycle: 319185
Register Write to Reg: 0x0B Val: 0x00000000
In clock cycle: 319186
Register Write to Reg: 0x01 Val: 0x0053801C
In clock cycle: 319187
Register Write to Reg: 0x01 Val: 0x00000000
In clock cycle: 319188
Register Write to Reg: 0x02 Val: 0x00000000
In clock cycle: 320203
Register Write to Reg: 0x02 Val: 0xFFFFFFFC
In clock cycle: 320203
Memory Write to Addr: 0x00000000 Val: 0x00000000
In clock cycle: 320205
Register Write to Reg: 0x0A Val: 0x10149008
In clock cycle: 320206
Register Write to Reg: 0x0A Val: 0xFFFFFB18
In clock cycle: 320207
Register Write to Reg: 0x0B Val: 0x10149010
In clock cycle: 320208
Register Write to Reg: 0x0B Val: 0x00000000
In clock cycle: 320209
Register Write to Reg: 0x01 Val: 0x0053901C
In clock cycle: 320210
Register Write to Reg: 0x01 Val: 0x00000000
In clock cycle: 320211
Register Write to Reg: 0x02 Val: 0x00000000
In clock cycle: 321226
Register Write to Reg: 0x02 Val: 0xFFFFFFFC
In clock cycle: 321226
Memory Write to Addr: 0x00000000 Val: 0x00000000
In clock cycle: 321228
Register Write to Reg: 0x0A Val: 0x1014A008
In clock cycle: 321229
Register Write to Reg: 0x0A Val: 0xFFFFFB14
In clock cycle: 321230
Register Write to Reg: 0x0B Val: 0x1014A010
In clock cycle: 321231
Register Write to Reg: 0x0B Val: 0x00000000
In clock cycle: 321232
Register Write to Reg: 0x01 Val: 0x0053A01C
In clock cycle: 321233
Register Write to Reg: 0x01 Val: 0x00000000
In clock cycle: 321234
Register Write to Reg: 0x02 Val: 0x00000000
In clock cycle: 322249
Register Write to Reg: 0x02 Val: 0xFFFFFFFC
In clock cycle: 322249
Memory Write to Addr: 0x00000000 Val: 0x00000000
In clock cycle: 322251
Register Write to Reg: 0x0A Val: 0x1014B008
In clock cycle: 322252
Register Write to Reg: 0x0A Val: 0xFFFFFB10
In clock cycle: 322253
Register Write to Reg: 0x0B Val: 0x1014B010
In clock cycle: 322254
Register Write to Reg: 0x0B Val: 0x00000000
In clock cycle: 322255
Register Write to Reg: 0x01 Val: 0x0053B01C
In clock cycle: 322256
Register Write to Reg: 0x01 Val: 0x00000000
In clock cycle: 322257
Register Write to Reg: 0x02 Val: 0x00000000
In clock cycle: 323272
Register Write to Reg: 0x02 Val: 0xFFFFFFFC
In clock cycle: 323272
Memory Write to Addr: 0x00000000 Val: 0x00000000
In clock cycle: 323274
Register Write to Reg: 0x0A Val: 0x1014C008
In clock cycle: 323275
Register Write to Reg: 0x0A Val: 0xFFFFFB0C
In clock cycle: 323276
Register Write to Reg: 0x0B Val: 0x1014C010
In clock cycle: 323277
Register Write to Reg: 0x0B Val: 0x00000000
In clock cycle: 323278
Register Write to Reg: 0x01 Val: 0x0053C01C
In clock cycle: 323279
Register Write to Reg: 0x01 Val: 0x00000000
In clock cycle: 323280
Register Write to Reg: 0x02 Val: 0x00000000
In clock cycle: 324295
Register Write to Reg: 0x02 Val: 0xFFFFFFFC
In clock cycle: 324295
Memory Write to Addr: 0x00000000 Val: 0x00000000
In clock cycle: 324297
Register Write to Reg: 0x0A Val: 0x1014D008
In clock cycle: 324298
Register Write to Reg: 0x0A Val: 0xFFFFFB08
In clock cycle: 324299
Register Write to Reg: 0x0B Val: 0x1014D010
In clock cycle: 324300
Register Write to Reg: 0x0B Val: 0x00000000
In clock cycle: 324301
Register Write to Reg: 0x01 Val: 0x0053D01C
In clock cycle: 324302
Register Write to Reg: 0x01 Val: 0x00000000
In clock cycle: 324303
Register Write to Reg: 0x02 Val: 0x00000000
In clock cycle: 325318
Register Write to Reg: 0x02 Val: 0xFFFFFFFC
In clock cycle: 325318
Memory Write to Addr: 0x00000000 Val: 0x00000000
In clock cycle: 325320
Register Write to Reg: 0x0A Val: 0x1014E008
In clock cycle: 325321
Register Write to Reg: 0x0A Val: 0xFFFFFB04
In clock cycle: 325322
Register Write to Reg: 0x0B Val: 0x1014E010
In clock cycle: 325323
Register Write to Reg: 0x0B Val: 0x00000000
In clock cycle: 325324
Register Write to Reg: 0x01 Val: 0x0053E01C
In clock cycle: 325325
Register Write to Reg: 0x01 Val: 0x00000000
In clock cycle: 325326
Register Write to Reg: 0x02 Val: 0x00000000
In clock cycle: 326341
Register Write to Reg: 0x02 Val: 0xFFFFFFFC
In clock cycle: 326341
Memory Write to Addr: 0x00000000 Val: 0x00000000
In clock cycle: 326343
Register Write to Reg: 0x0A Val: 0x1014F008
In clock cycle: 326344
Register Write to Reg: 0x0A Val: 0xFFFFFB00
In clock cycle: 326345
Register Write to Reg: 0x0B Val: 0x1014F010
In clock cycle: 326346
Register Write to Reg: 0x0B Val: 0x00000000
In clock cycle: 326347
Register Write to Reg: 0x01 Val: 0x0053F01C
In clock cycle: 326348
Register Write to Reg: 0x01 Val: 0x00000000
In clock cycle: 326349
Register Write to Reg: 0x02 Val: 0x00000000
In clock cycle: 327364
Register Write to Reg: 0x02 Val: 0xFFFFFFFC
In clock cycle: 327364
Memory Write to Addr: 0x00000000 Val: 0x00000000
In clock cycle: 327366
Register Write to Reg: 0x0A Val: 0x10150008
In clock cycle: 327367
Register Write to Reg: 0x0A Val: 0xFFFFFAFC
In clock cycle: 327368
Register Write to Reg: 0x0B Val: 0x10150010
In clock cycle: 327369
Register Write to Reg: 0x0B Val: 0x00000000
In clock cycle: 327370
Register Write to Reg: 0x01 Val: 0x0054001C
In clock cycle: 327371
Register Write to Reg: 0x01 Val: 0x00000000
In clock cycle: 327372
Register Write to Reg: 0x02 Val: 0x00000000
In clock cycle: 328387
Register Write to Reg: 0x02 Val: 0xFFFFFFFC
In clock cycle: 328387
Memory Write to Addr: 0x00000000 Val: 0x00000000
In clock cycle: 328389
Register Write to Reg: 0x0A Val: 0x10151008
In clock cycle: 328390
Register Write to Reg: 0x0A Val: 0xFFFFFAF8
In clock cycle: 328391
Register Write to Reg: 0x0B Val: 0x10151010
In clock cycle: 328392
Register Write to Reg: 0x0B Val: 0x00000000
In clock cycle: 328393
Register Write to Reg: 0x01 Val: 0x0054101C
In clock cycle: 328394
Register Write to Reg: 0x01 Val: 0x00000000
In clock cycle: 328395
Register Write to Reg: 0x02 Val: 0x00000000
In clock cycle: 329410
Register Write to Reg: 0x02 Val: 0xFFFFFFFC
In clock cycle: 329410
Memory Write to Addr: 0x00000000 Val: 0x00000000
In clock cycle: 329412
Register Write to Reg: 0x0A Val: 0x10152008
In clock cycle: 329413
Register Write to Reg: 0x0A Val: 0xFFFFFAF4
In clock cycle: 329414
Register Write to Reg: 0x0B Val: 0x10152010
In clock cycle: 329415
Register Write to Reg: 0x0B Val: 0x00000000
In clock cycle: 329416
Register Write to Reg: 0x01 Val: 0x0054201C
In clock cycle: 329417
Register Write to Reg: 0x01 Val: 0x00000000
In clock cycle: 329418
Register Write to Reg: 0x02 Val: 0x00000000
In clock cycle: 330433
Register Write to Reg: 0x02 Val: 0xFFFFFFFC
In clock cycle: 330433
Memory Write to Addr: 0x00000000 Val: 0x00000000
In clock cycle: 330435
Register Write to Reg: 0x0A Val: 0x10153008
In clock cycle: 330436
Register Write to Reg: 0x0A Val: 0xFFFFFAF0
In clock cycle: 330437
Register Write to Reg: 0x0B Val: 0x10153010
In clock cycle: 330438
Register Write to Reg: 0x0B Val: 0x00000000
In clock cycle: 330439
Register Write to Reg: 0x01 Val: 0x0054301C
In clock cycle: 330440
Register Write to Reg: 0x01 Val: 0x00000000
In clock cycle: 330441
Register Write to Reg: 0x02 Val: 0x00000000
In clock cycle: 331456
Register Write to Reg: 0x02 Val: 0xFFFFFFFC
In clock cycle: 331456
Memory Write to Addr: 0x00000000 Val: 0x00000000
In clock cycle: 331458
Register Write to Reg: 0x0A Val: 0x10154008
In clock cycle: 331459
Register Write to Reg: 0x0A Val: 0xFFFFFAEC
In clock cycle: 331460
Register Write to Reg: 0x0B Val: 0x10154010
In clock cycle: 331461
Register Write to Reg: 0x0B Val: 0x00000000
In clock cycle: 331462
Register Write to Reg: 0x01 Val: 0x0054401C
In clock cycle: 331463
Register Write to Reg: 0x01 Val: 0x00000000
In clock cycle: 331464
Register Write to Reg: 0x02 Val: 0x00000000
In clock cycle: 332479
Register Write to Reg: 0x02 Val: 0xFFFFFFFC
In clock cycle: 332479
Memory Write to Addr: 0x00000000 Val: 0x00000000
In clock cycle: 332481
Register Write to Reg: 0x0A Val: 0x10155008
In clock cycle: 332482
Register Write to Reg: 0x0A Val: 0xFFFFFAE8
In clock cycle: 332483
Register Write to Reg: 0x0B Val: 0x10155010
In clock cycle: 332484
Register Write to Reg: 0x0B Val: 0x00000000
In clock cycle: 332485
Register Write to Reg: 0x01 Val: 0x0054501C
In clock cycle: 332486
Register Write to Reg: 0x01 Val: 0x00000000
In clock cycle: 332487
Register Write to Reg: 0x02 Val: 0x00000000
In clock cycle: 333502
Register Write to Reg: 0x02 Val: 0xFFFFFFFC
In clock cycle: 333502
Memory Write to Addr: 0x00000000 Val: 0x00000000
In clock cycle: 333504
Register Write to Reg: 0x0A Val: 0x10156008
In clock cycle: 333505
Register Write to Reg: 0x0A Val: 0xFFFFFAE4
In clock cycle: 333506
Register Write to Reg: 0x0B Val: 0x10156010
In clock cycle: 333507
Register Write to Reg: 0x0B Val: 0x00000000
In clock cycle: 333508
Register Write to Reg: 0x01 Val: 0x0054601C
In clock cycle: 333509
Register Write to Reg: 0x01 Val: 0x00000000
In clock cycle: 333510
Register Write to Reg: 0x02 Val: 0x00000000
In clock cycle: 334525
Register Write to Reg: 0x02 Val: 0xFFFFFFFC
In clock cycle: 334525
Memory Write to Addr: 0x00000000 Val: 0x00000000
In clock cycle: 334527
Register Write to Reg: 0x0A Val: 0x10157008
In clock cycle: 334528
Register Write to Reg: 0x0A Val: 0xFFFFFAE0
In clock cycle: 334529
Register Write to Reg: 0x0B Val: 0x10157010
In clock cycle: 334530
Register Write to Reg: 0x0B Val: 0x00000000
In clock cycle: 334531
Register Write to Reg: 0x01 Val: 0x0054701C
In clock cycle: 334532
Register Write to Reg: 0x01 Val: 0x00000000
In clock cycle: 334533
Register Write to Reg: 0x02 Val: 0x00000000
In clock cycle: 335548
Register Write to Reg: 0x02 Val: 0xFFFFFFFC
In clock cycle: 335548
Memory Write to Addr: 0x00000000 Val: 0x00000000
In clock cycle: 335550
Register Write to Reg: 0x0A Val: 0x10158008
In clock cycle: 335551
Register Write to Reg: 0x0A Val: 0xFFFFFADC
In clock cycle: 335552
Register Write to Reg: 0x0B Val: 0x10158010
In clock cycle: 335553
Register Write to Reg: 0x0B Val: 0x00000000
In clock cycle: 335554
Register Write to Reg: 0x01 Val: 0x0054801C
In clock cycle: 335555
Register Write to Reg: 0x01 Val: 0x00000000
In clock cycle: 335556
Register Write to Reg: 0x02 Val: 0x00000000
In clock cycle: 336571
Register Write to Reg: 0x02 Val: 0xFFFFFFFC
In clock cycle: 336571
Memory Write to Addr: 0x00000000 Val: 0x00000000
In clock cycle: 336573
Register Write to Reg: 0x0A Val: 0x10159008
In clock cycle: 336574
Register Write to Reg: 0x0A Val: 0xFFFFFAD8
In clock cycle: 336575
Register Write to Reg: 0x0B Val: 0x10159010
In clock cycle: 336576
Register Write to Reg: 0x0B Val: 0x00000000
In clock cycle: 336577
Register Write to Reg: 0x01 Val: 0x0054901C
In clock cycle: 336578
Register Write to Reg: 0x01 Val: 0x00000000
In clock cycle: 336579
Register Write to Reg: 0x02 Val: 0x00000000
In clock cycle: 337594
Register Write to Reg: 0x02 Val: 0xFFFFFFFC
In clock cycle: 337594
Memory Write to Addr: 0x00000000 Val: 0x00000000
In clock cycle: 337596
Register Write to Reg: 0x0A Val: 0x1015A008
In clock cycle: 337597
Register Write to Reg: 0x0A Val: 0xFFFFFAD4
In clock cycle: 337598
Register Write to Reg: 0x0B Val: 0x1015A010
In clock cycle: 337599
Register Write to Reg: 0x0B Val: 0x00000000
In clock cycle: 337600
Register Write to Reg: 0x01 Val: 0x0054A01C
In clock cycle: 337601
Register Write to Reg: 0x01 Val: 0x00000000
In clock cycle: 337602
Register Write to Reg: 0x02 Val: 0x00000000
In clock cycle: 338617
Register Write to Reg: 0x02 Val: 0xFFFFFFFC
In clock cycle: 338617
Memory Write to Addr: 0x00000000 Val: 0x00000000
In clock cycle: 338619
Register Write to Reg: 0x0A Val: 0x1015B008
In clock cycle: 338620
Register Write to Reg: 0x0A Val: 0xFFFFFAD0
In clock cycle: 338621
Register Write to Reg: 0x0B Val: 0x1015B010
In clock cycle: 338622
Register Write to Reg: 0x0B Val: 0x00000000
In clock cycle: 338623
Register Write to Reg: 0x01 Val: 0x0054B01C
In clock cycle: 338624
Register Write to Reg: 0x01 Val: 0x00000000
In clock cycle: 338625
Register Write to Reg: 0x02 Val: 0x00000000
In clock cycle: 339640
Register Write to Reg: 0x02 Val: 0xFFFFFFFC
In clock cycle: 339640
Memory Write to Addr: 0x00000000 Val: 0x00000000
In clock cycle: 339642
Register Write to Reg: 0x0A Val: 0x1015C008
In clock cycle: 339643
Register Write to Reg: 0x0A Val: 0xFFFFFACC
In clock cycle: 339644
Register Write to Reg: 0x0B Val: 0x1015C010
In clock cycle: 339645
Register Write to Reg: 0x0B Val: 0x00000000
In clock cycle: 339646
Register Write to Reg: 0x01 Val: 0x0054C01C
In clock cycle: 339647
Register Write to Reg: 0x01 Val: 0x00000000
In clock cycle: 339648
Register Write to Reg: 0x02 Val: 0x00000000
In clock cycle: 340663
Register Write to Reg: 0x02 Val: 0xFFFFFFFC
In clock cycle: 340663
Memory Write to Addr: 0x00000000 Val: 0x00000000
In clock cycle: 340665
Register Write to Reg: 0x0A Val: 0x1015D008
In clock cycle: 340666
Register Write to Reg: 0x0A Val: 0xFFFFFAC8
In clock cycle: 340667
Register Write to Reg: 0x0B Val: 0x1015D010
In clock cycle: 340668
Register Write to Reg: 0x0B Val: 0x00000000
In clock cycle: 340669
Register Write to Reg: 0x01 Val: 0x0054D01C
In clock cycle: 340670
Register Write to Reg: 0x01 Val: 0x00000000
In clock cycle: 340671
Register Write to Reg: 0x02 Val: 0x00000000
In clock cycle: 341686
Register Write to Reg: 0x02 Val: 0xFFFFFFFC
In clock cycle: 341686
Memory Write to Addr: 0x00000000 Val: 0x00000000
In clock cycle: 341688
Register Write to Reg: 0x0A Val: 0x1015E008
In clock cycle: 341689
Register Write to Reg: 0x0A Val: 0xFFFFFAC4
In clock cycle: 341690
Register Write to Reg: 0x0B Val: 0x1015E010
In clock cycle: 341691
Register Write to Reg: 0x0B Val: 0x00000000
In clock cycle: 341692
Register Write to Reg: 0x01 Val: 0x0054E01C
In clock cycle: 341693
Register Write to Reg: 0x01 Val: 0x00000000
In clock cycle: 341694
Register Write to Reg: 0x02 Val: 0x00000000
In clock cycle: 342709
Register Write to Reg: 0x02 Val: 0xFFFFFFFC
In clock cycle: 342709
Memory Write to Addr: 0x00000000 Val: 0x00000000
In clock cycle: 342711
Register Write to Reg: 0x0A Val: 0x1015F008
In clock cycle: 342712
Register Write to Reg: 0x0A Val: 0xFFFFFAC0
In clock cycle: 342713
Register Write to Reg: 0x0B Val: 0x1015F010
In clock cycle: 342714
Register Write to Reg: 0x0B Val: 0x00000000
In clock cycle: 342715
Register Write to Reg: 0x01 Val: 0x0054F01C
In clock cycle: 342716
Register Write to Reg: 0x01 Val: 0x00000000
In clock cycle: 342717
Register Write to Reg: 0x02 Val: 0x00000000
In clock cycle: 343732
Register Write to Reg: 0x02 Val: 0xFFFFFFFC
In clock cycle: 343732
Memory Write to Addr: 0x00000000 Val: 0x00000000
In clock cycle: 343734
Register Write to Reg: 0x0A Val: 0x10160008
In clock cycle: 343735
Register Write to Reg: 0x0A Val: 0xFFFFFABC
In clock cycle: 343736
Register Write to Reg: 0x0B Val: 0x10160010
In clock cycle: 343737
Register Write to Reg: 0x0B Val: 0x00000000
In clock cycle: 343738
Register Write to Reg: 0x01 Val: 0x0055001C
In clock cycle: 343739
Register Write to Reg: 0x01 Val: 0x00000000
In clock cycle: 343740
Register Write to Reg: 0x02 Val: 0x00000000
In clock cycle: 344755
Register Write to Reg: 0x02 Val: 0xFFFFFFFC
In clock cycle: 344755
Memory Write to Addr: 0x00000000 Val: 0x00000000
In clock cycle: 344757
Register Write to Reg: 0x0A Val: 0x10161008
In clock cycle: 344758
Register Write to Reg: 0x0A Val: 0xFFFFFAB8
In clock cycle: 344759
Register Write to Reg: 0x0B Val: 0x10161010
In clock cycle: 344760
Register Write to Reg: 0x0B Val: 0x00000000
In clock cycle: 344761
Register Write to Reg: 0x01 Val: 0x0055101C
In clock cycle: 344762
Register Write to Reg: 0x01 Val: 0x00000000
In clock cycle: 344763
Register Write to Reg: 0x02 Val: 0x00000000
In clock cycle: 345778
Register Write to Reg: 0x02 Val: 0xFFFFFFFC
In clock cycle: 345778
Memory Write to Addr: 0x00000000 Val: 0x00000000
In clock cycle: 345780
Register Write to Reg: 0x0A Val: 0x10162008
In clock cycle: 345781
Register Write to Reg: 0x0A Val: 0xFFFFFAB4
In clock cycle: 345782
Register Write to Reg: 0x0B Val: 0x10162010
In clock cycle: 345783
Register Write to Reg: 0x0B Val: 0x00000000
In clock cycle: 345784
Register Write to Reg: 0x01 Val: 0x0055201C
In clock cycle: 345785
Register Write to Reg: 0x01 Val: 0x00000000
In clock cycle: 345786
Register Write to Reg: 0x02 Val: 0x00000000
In clock cycle: 346801
Register Write to Reg: 0x02 Val: 0xFFFFFFFC
In clock cycle: 346801
Memory Write to Addr: 0x00000000 Val: 0x00000000
In clock cycle: 346803
Register Write to Reg: 0x0A Val: 0x10163008
In clock cycle: 346804
Register Write to Reg: 0x0A Val: 0xFFFFFAB0
In clock cycle: 346805
Register Write to Reg: 0x0B Val: 0x10163010
In clock cycle: 346806
Register Write to Reg: 0x0B Val: 0x00000000
In clock cycle: 346807
Register Write to Reg: 0x01 Val: 0x0055301C
In clock cycle: 346808
Register Write to Reg: 0x01 Val: 0x00000000
In clock cycle: 346809
Register Write to Reg: 0x02 Val: 0x00000000
In clock cycle: 347824
Register Write to Reg: 0x02 Val: 0xFFFFFFFC
In clock cycle: 347824
Memory Write to Addr: 0x00000000 Val: 0x00000000
In clock cycle: 347826
Register Write to Reg: 0x0A Val: 0x10164008
In clock cycle: 347827
Register Write to Reg: 0x0A Val: 0xFFFFFAAC
In clock cycle: 347828
Register Write to Reg: 0x0B Val: 0x10164010
In clock cycle: 347829
Register Write to Reg: 0x0B Val: 0x00000000
In clock cycle: 347830
Register Write to Reg: 0x01 Val: 0x0055401C
In clock cycle: 347831
Register Write to Reg: 0x01 Val: 0x00000000
In clock cycle: 347832
Register Write to Reg: 0x02 Val: 0x00000000
In clock cycle: 348847
Register Write to Reg: 0x02 Val: 0xFFFFFFFC
In clock cycle: 348847
Memory Write to Addr: 0x00000000 Val: 0x00000000
In clock cycle: 348849
Register Write to Reg: 0x0A Val: 0x10165008
In clock cycle: 348850
Register Write to Reg: 0x0A Val: 0xFFFFFAA8
In clock cycle: 348851
Register Write to Reg: 0x0B Val: 0x10165010
In clock cycle: 348852
Register Write to Reg: 0x0B Val: 0x00000000
In clock cycle: 348853
Register Write to Reg: 0x01 Val: 0x0055501C
In clock cycle: 348854
Register Write to Reg: 0x01 Val: 0x00000000
In clock cycle: 348855
Register Write to Reg: 0x02 Val: 0x00000000
In clock cycle: 349870
Register Write to Reg: 0x02 Val: 0xFFFFFFFC
In clock cycle: 349870
Memory Write to Addr: 0x00000000 Val: 0x00000000
In clock cycle: 349872
Register Write to Reg: 0x0A Val: 0x10166008
In clock cycle: 349873
Register Write to Reg: 0x0A Val: 0xFFFFFAA4
In clock cycle: 349874
Register Write to Reg: 0x0B Val: 0x10166010
In clock cycle: 349875
Register Write to Reg: 0x0B Val: 0x00000000
In clock cycle: 349876
Register Write to Reg: 0x01 Val: 0x0055601C
In clock cycle: 349877
Register Write to Reg: 0x01 Val: 0x00000000
In clock cycle: 349878
Register Write to Reg: 0x02 Val: 0x00000000
In clock cycle: 350893
Register Write to Reg: 0x02 Val: 0xFFFFFFFC
In clock cycle: 350893
Memory Write to Addr: 0x00000000 Val: 0x00000000
In clock cycle: 350895
Register Write to Reg: 0x0A Val: 0x10167008
In clock cycle: 350896
Register Write to Reg: 0x0A Val: 0xFFFFFAA0
In clock cycle: 350897
Register Write to Reg: 0x0B Val: 0x10167010
In clock cycle: 350898
Register Write to Reg: 0x0B Val: 0x00000000
In clock cycle: 350899
Register Write to Reg: 0x01 Val: 0x0055701C
In clock cycle: 350900
Register Write to Reg: 0x01 Val: 0x00000000
In clock cycle: 350901
Register Write to Reg: 0x02 Val: 0x00000000
In clock cycle: 351916
Register Write to Reg: 0x02 Val: 0xFFFFFFFC
In clock cycle: 351916
Memory Write to Addr: 0x00000000 Val: 0x00000000
In clock cycle: 351918
Register Write to Reg: 0x0A Val: 0x10168008
In clock cycle: 351919
Register Write to Reg: 0x0A Val: 0xFFFFFA9C
In clock cycle: 351920
Register Write to Reg: 0x0B Val: 0x10168010
In clock cycle: 351921
Register Write to Reg: 0x0B Val: 0x00000000
In clock cycle: 351922
Register Write to Reg: 0x01 Val: 0x0055801C
In clock cycle: 351923
Register Write to Reg: 0x01 Val: 0x00000000
In clock cycle: 351924
Register Write to Reg: 0x02 Val: 0x00000000
In clock cycle: 352939
Register Write to Reg: 0x02 Val: 0xFFFFFFFC
In clock cycle: 352939
Memory Write to Addr: 0x00000000 Val: 0x00000000
In clock cycle: 352941
Register Write to Reg: 0x0A Val: 0x10169008
In clock cycle: 352942
Register Write to Reg: 0x0A Val: 0xFFFFFA98
In clock cycle: 352943
Register Write to Reg: 0x0B Val: 0x10169010
In clock cycle: 352944
Register Write to Reg: 0x0B Val: 0x00000000
In clock cycle: 352945
Register Write to Reg: 0x01 Val: 0x0055901C
In clock cycle: 352946
Register Write to Reg: 0x01 Val: 0x00000000
In clock cycle: 352947
Register Write to Reg: 0x02 Val: 0x00000000
In clock cycle: 353962
Register Write to Reg: 0x02 Val: 0xFFFFFFFC
In clock cycle: 353962
Memory Write to Addr: 0x00000000 Val: 0x00000000
In clock cycle: 353964
Register Write to Reg: 0x0A Val: 0x1016A008
In clock cycle: 353965
Register Write to Reg: 0x0A Val: 0xFFFFFA94
In clock cycle: 353966
Register Write to Reg: 0x0B Val: 0x1016A010
In clock cycle: 353967
Register Write to Reg: 0x0B Val: 0x00000000
In clock cycle: 353968
Register Write to Reg: 0x01 Val: 0x0055A01C
In clock cycle: 353969
Register Write to Reg: 0x01 Val: 0x00000000
In clock cycle: 353970
Register Write to Reg: 0x02 Val: 0x00000000
In clock cycle: 354985
Register Write to Reg: 0x02 Val: 0xFFFFFFFC
In clock cycle: 354985
Memory Write to Addr: 0x00000000 Val: 0x00000000
In clock cycle: 354987
Register Write to Reg: 0x0A Val: 0x1016B008
In clock cycle: 354988
Register Write to Reg: 0x0A Val: 0xFFFFFA90
In clock cycle: 354989
Register Write to Reg: 0x0B Val: 0x1016B010
In clock cycle: 354990
Register Write to Reg: 0x0B Val: 0x00000000
In clock cycle: 354991
Register Write to Reg: 0x01 Val: 0x0055B01C
In clock cycle: 354992
Register Write to Reg: 0x01 Val: 0x00000000
In clock cycle: 354993
Register Write to Reg: 0x02 Val: 0x00000000
In clock cycle: 356008
Register Write to Reg: 0x02 Val: 0xFFFFFFFC
In clock cycle: 356008
Memory Write to Addr: 0x00000000 Val: 0x00000000
In clock cycle: 356010
Register Write to Reg: 0x0A Val: 0x1016C008
In clock cycle: 356011
Register Write to Reg: 0x0A Val: 0xFFFFFA8C
In clock cycle: 356012
Register Write to Reg: 0x0B Val: 0x1016C010
In clock cycle: 356013
Register Write to Reg: 0x0B Val: 0x00000000
In clock cycle: 356014
Register Write to Reg: 0x01 Val: 0x0055C01C
In clock cycle: 356015
Register Write to Reg: 0x01 Val: 0x00000000
In clock cycle: 356016
Register Write to Reg: 0x02 Val: 0x00000000
In clock cycle: 357031
Register Write to Reg: 0x02 Val: 0xFFFFFFFC
In clock cycle: 357031
Memory Write to Addr: 0x00000000 Val: 0x00000000
In clock cycle: 357033
Register Write to Reg: 0x0A Val: 0x1016D008
In clock cycle: 357034
Register Write to Reg: 0x0A Val: 0xFFFFFA88
In clock cycle: 357035
Register Write to Reg: 0x0B Val: 0x1016D010
In clock cycle: 357036
Register Write to Reg: 0x0B Val: 0x00000000
In clock cycle: 357037
Register Write to Reg: 0x01 Val: 0x0055D01C
In clock cycle: 357038
Register Write to Reg: 0x01 Val: 0x00000000
In clock cycle: 357039
Register Write to Reg: 0x02 Val: 0x00000000
In clock cycle: 358054
Register Write to Reg: 0x02 Val: 0xFFFFFFFC
In clock cycle: 358054
Memory Write to Addr: 0x00000000 Val: 0x00000000
In clock cycle: 358056
Register Write to Reg: 0x0A Val: 0x1016E008
In clock cycle: 358057
Register Write to Reg: 0x0A Val: 0xFFFFFA84
In clock cycle: 358058
Register Write to Reg: 0x0B Val: 0x1016E010
In clock cycle: 358059
Register Write to Reg: 0x0B Val: 0x00000000
In clock cycle: 358060
Register Write to Reg: 0x01 Val: 0x0055E01C
In clock cycle: 358061
Register Write to Reg: 0x01 Val: 0x00000000
In clock cycle: 358062
Register Write to Reg: 0x02 Val: 0x00000000
In clock cycle: 359077
Register Write to Reg: 0x02 Val: 0xFFFFFFFC
In clock cycle: 359077
Memory Write to Addr: 0x00000000 Val: 0x00000000
In clock cycle: 359079
Register Write to Reg: 0x0A Val: 0x1016F008
In clock cycle: 359080
Register Write to Reg: 0x0A Val: 0xFFFFFA80
In clock cycle: 359081
Register Write to Reg: 0x0B Val: 0x1016F010
In clock cycle: 359082
Register Write to Reg: 0x0B Val: 0x00000000
In clock cycle: 359083
Register Write to Reg: 0x01 Val: 0x0055F01C
In clock cycle: 359084
Register Write to Reg: 0x01 Val: 0x00000000
In clock cycle: 359085
Register Write to Reg: 0x02 Val: 0x00000000
In clock cycle: 360100
Register Write to Reg: 0x02 Val: 0xFFFFFFFC
In clock cycle: 360100
Memory Write to Addr: 0x00000000 Val: 0x00000000
In clock cycle: 360102
Register Write to Reg: 0x0A Val: 0x10170008
In clock cycle: 360103
Register Write to Reg: 0x0A Val: 0xFFFFFA7C
In clock cycle: 360104
Register Write to Reg: 0x0B Val: 0x10170010
In clock cycle: 360105
Register Write to Reg: 0x0B Val: 0x00000000
In clock cycle: 360106
Register Write to Reg: 0x01 Val: 0x0056001C
In clock cycle: 360107
Register Write to Reg: 0x01 Val: 0x00000000
In clock cycle: 360108
Register Write to Reg: 0x02 Val: 0x00000000
In clock cycle: 361123
Register Write to Reg: 0x02 Val: 0xFFFFFFFC
In clock cycle: 361123
Memory Write to Addr: 0x00000000 Val: 0x00000000
In clock cycle: 361125
Register Write to Reg: 0x0A Val: 0x10171008
In clock cycle: 361126
Register Write to Reg: 0x0A Val: 0xFFFFFA78
In clock cycle: 361127
Register Write to Reg: 0x0B Val: 0x10171010
In clock cycle: 361128
Register Write to Reg: 0x0B Val: 0x00000000
In clock cycle: 361129
Register Write to Reg: 0x01 Val: 0x0056101C
In clock cycle: 361130
Register Write to Reg: 0x01 Val: 0x00000000
In clock cycle: 361131
Register Write to Reg: 0x02 Val: 0x00000000
In clock cycle: 362146
Register Write to Reg: 0x02 Val: 0xFFFFFFFC
In clock cycle: 362146
Memory Write to Addr: 0x00000000 Val: 0x00000000
In clock cycle: 362148
Register Write to Reg: 0x0A Val: 0x10172008
In clock cycle: 362149
Register Write to Reg: 0x0A Val: 0xFFFFFA74
In clock cycle: 362150
Register Write to Reg: 0x0B Val: 0x10172010
In clock cycle: 362151
Register Write to Reg: 0x0B Val: 0x00000000
In clock cycle: 362152
Register Write to Reg: 0x01 Val: 0x0056201C
In clock cycle: 362153
Register Write to Reg: 0x01 Val: 0x00000000
In clock cycle: 362154
Register Write to Reg: 0x02 Val: 0x00000000
In clock cycle: 363169
Register Write to Reg: 0x02 Val: 0xFFFFFFFC
In clock cycle: 363169
Memory Write to Addr: 0x00000000 Val: 0x00000000
In clock cycle: 363171
Register Write to Reg: 0x0A Val: 0x10173008
In clock cycle: 363172
Register Write to Reg: 0x0A Val: 0xFFFFFA70
In clock cycle: 363173
Register Write to Reg: 0x0B Val: 0x10173010
In clock cycle: 363174
Register Write to Reg: 0x0B Val: 0x00000000
In clock cycle: 363175
Register Write to Reg: 0x01 Val: 0x0056301C
In clock cycle: 363176
Register Write to Reg: 0x01 Val: 0x00000000
In clock cycle: 363177
Register Write to Reg: 0x02 Val: 0x00000000
In clock cycle: 364192
Register Write to Reg: 0x02 Val: 0xFFFFFFFC
In clock cycle: 364192
Memory Write to Addr: 0x00000000 Val: 0x00000000
In clock cycle: 364194
Register Write to Reg: 0x0A Val: 0x10174008
In clock cycle: 364195
Register Write to Reg: 0x0A Val: 0xFFFFFA6C
In clock cycle: 364196
Register Write to Reg: 0x0B Val: 0x10174010
In clock cycle: 364197
Register Write to Reg: 0x0B Val: 0x00000000
In clock cycle: 364198
Register Write to Reg: 0x01 Val: 0x0056401C
In clock cycle: 364199
Register Write to Reg: 0x01 Val: 0x00000000
In clock cycle: 364200
Register Write to Reg: 0x02 Val: 0x00000000
In clock cycle: 365215
Register Write to Reg: 0x02 Val: 0xFFFFFFFC
In clock cycle: 365215
Memory Write to Addr: 0x00000000 Val: 0x00000000
In clock cycle: 365217
Register Write to Reg: 0x0A Val: 0x10175008
In clock cycle: 365218
Register Write to Reg: 0x0A Val: 0xFFFFFA68
In clock cycle: 365219
Register Write to Reg: 0x0B Val: 0x10175010
In clock cycle: 365220
Register Write to Reg: 0x0B Val: 0x00000000
In clock cycle: 365221
Register Write to Reg: 0x01 Val: 0x0056501C
In clock cycle: 365222
Register Write to Reg: 0x01 Val: 0x00000000
In clock cycle: 365223
Register Write to Reg: 0x02 Val: 0x00000000
In clock cycle: 366238
Register Write to Reg: 0x02 Val: 0xFFFFFFFC
In clock cycle: 366238
Memory Write to Addr: 0x00000000 Val: 0x00000000
In clock cycle: 366240
Register Write to Reg: 0x0A Val: 0x10176008
In clock cycle: 366241
Register Write to Reg: 0x0A Val: 0xFFFFFA64
In clock cycle: 366242
Register Write to Reg: 0x0B Val: 0x10176010
In clock cycle: 366243
Register Write to Reg: 0x0B Val: 0x00000000
In clock cycle: 366244
Register Write to Reg: 0x01 Val: 0x0056601C
In clock cycle: 366245
Register Write to Reg: 0x01 Val: 0x00000000
In clock cycle: 366246
Register Write to Reg: 0x02 Val: 0x00000000
In clock cycle: 367261
Register Write to Reg: 0x02 Val: 0xFFFFFFFC
In clock cycle: 367261
Memory Write to Addr: 0x00000000 Val: 0x00000000
In clock cycle: 367263
Register Write to Reg: 0x0A Val: 0x10177008
In clock cycle: 367264
Register Write to Reg: 0x0A Val: 0xFFFFFA60
In clock cycle: 367265
Register Write to Reg: 0x0B Val: 0x10177010
In clock cycle: 367266
Register Write to Reg: 0x0B Val: 0x00000000
In clock cycle: 367267
Register Write to Reg: 0x01 Val: 0x0056701C
In clock cycle: 367268
Register Write to Reg: 0x01 Val: 0x00000000
In clock cycle: 367269
Register Write to Reg: 0x02 Val: 0x00000000
In clock cycle: 368284
Register Write to Reg: 0x02 Val: 0xFFFFFFFC
In clock cycle: 368284
Memory Write to Addr: 0x00000000 Val: 0x00000000
In clock cycle: 368286
Register Write to Reg: 0x0A Val: 0x10178008
In clock cycle: 368287
Register Write to Reg: 0x0A Val: 0xFFFFFA5C
In clock cycle: 368288
Register Write to Reg: 0x0B Val: 0x10178010
In clock cycle: 368289
Register Write to Reg: 0x0B Val: 0x00000000
In clock cycle: 368290
Register Write to Reg: 0x01 Val: 0x0056801C
In clock cycle: 368291
Register Write to Reg: 0x01 Val: 0x00000000
In clock cycle: 368292
Register Write to Reg: 0x02 Val: 0x00000000
In clock cycle: 369307
Register Write to Reg: 0x02 Val: 0xFFFFFFFC
In clock cycle: 369307
Memory Write to Addr: 0x00000000 Val: 0x00000000
In clock cycle: 369309
Register Write to Reg: 0x0A Val: 0x10179008
In clock cycle: 369310
Register Write to Reg: 0x0A Val: 0xFFFFFA58
In clock cycle: 369311
Register Write to Reg: 0x0B Val: 0x10179010
In clock cycle: 369312
Register Write to Reg: 0x0B Val: 0x00000000
In clock cycle: 369313
Register Write to Reg: 0x01 Val: 0x0056901C
In clock cycle: 369314
Register Write to Reg: 0x01 Val: 0x00000000
In clock cycle: 369315
Register Write to Reg: 0x02 Val: 0x00000000
In clock cycle: 370330
Register Write to Reg: 0x02 Val: 0xFFFFFFFC
In clock cycle: 370330
Memory Write to Addr: 0x00000000 Val: 0x00000000
In clock cycle: 370332
Register Write to Reg: 0x0A Val: 0x1017A008
In clock cycle: 370333
Register Write to Reg: 0x0A Val: 0xFFFFFA54
In clock cycle: 370334
Register Write to Reg: 0x0B Val: 0x1017A010
In clock cycle: 370335
Register Write to Reg: 0x0B Val: 0x00000000
In clock cycle: 370336
Register Write to Reg: 0x01 Val: 0x0056A01C
In clock cycle: 370337
Register Write to Reg: 0x01 Val: 0x00000000
In clock cycle: 370338
Register Write to Reg: 0x02 Val: 0x00000000
In clock cycle: 371353
Register Write to Reg: 0x02 Val: 0xFFFFFFFC
In clock cycle: 371353
Memory Write to Addr: 0x00000000 Val: 0x00000000
In clock cycle: 371355
Register Write to Reg: 0x0A Val: 0x1017B008
In clock cycle: 371356
Register Write to Reg: 0x0A Val: 0xFFFFFA50
In clock cycle: 371357
Register Write to Reg: 0x0B Val: 0x1017B010
In clock cycle: 371358
Register Write to Reg: 0x0B Val: 0x00000000
In clock cycle: 371359
Register Write to Reg: 0x01 Val: 0x0056B01C
In clock cycle: 371360
Register Write to Reg: 0x01 Val: 0x00000000
In clock cycle: 371361
Register Write to Reg: 0x02 Val: 0x00000000
In clock cycle: 372376
Register Write to Reg: 0x02 Val: 0xFFFFFFFC
In clock cycle: 372376
Memory Write to Addr: 0x00000000 Val: 0x00000000
In clock cycle: 372378
Register Write to Reg: 0x0A Val: 0x1017C008
In clock cycle: 372379
Register Write to Reg: 0x0A Val: 0xFFFFFA4C
In clock cycle: 372380
Register Write to Reg: 0x0B Val: 0x1017C010
In clock cycle: 372381
Register Write to Reg: 0x0B Val: 0x00000000
In clock cycle: 372382
Register Write to Reg: 0x01 Val: 0x0056C01C
In clock cycle: 372383
Register Write to Reg: 0x01 Val: 0x00000000
In clock cycle: 372384
Register Write to Reg: 0x02 Val: 0x00000000
In clock cycle: 373399
Register Write to Reg: 0x02 Val: 0xFFFFFFFC
In clock cycle: 373399
Memory Write to Addr: 0x00000000 Val: 0x00000000
In clock cycle: 373401
Register Write to Reg: 0x0A Val: 0x1017D008
In clock cycle: 373402
Register Write to Reg: 0x0A Val: 0xFFFFFA48
In clock cycle: 373403
Register Write to Reg: 0x0B Val: 0x1017D010
In clock cycle: 373404
Register Write to Reg: 0x0B Val: 0x00000000
In clock cycle: 373405
Register Write to Reg: 0x01 Val: 0x0056D01C
In clock cycle: 373406
Register Write to Reg: 0x01 Val: 0x00000000
In clock cycle: 373407
Register Write to Reg: 0x02 Val: 0x00000000
In clock cycle: 374422
Register Write to Reg: 0x02 Val: 0xFFFFFFFC
In clock cycle: 374422
Memory Write to Addr: 0x00000000 Val: 0x00000000
In clock cycle: 374424
Register Write to Reg: 0x0A Val: 0x1017E008
In clock cycle: 374425
Register Write to Reg: 0x0A Val: 0xFFFFFA44
In clock cycle: 374426
Register Write to Reg: 0x0B Val: 0x1017E010
In clock cycle: 374427
Register Write to Reg: 0x0B Val: 0x00000000
In clock cycle: 374428
Register Write to Reg: 0x01 Val: 0x0056E01C
In clock cycle: 374429
Register Write to Reg: 0x01 Val: 0x00000000
In clock cycle: 374430
Register Write to Reg: 0x02 Val: 0x00000000
In clock cycle: 375445
Register Write to Reg: 0x02 Val: 0xFFFFFFFC
In clock cycle: 375445
Memory Write to Addr: 0x00000000 Val: 0x00000000
In clock cycle: 375447
Register Write to Reg: 0x0A Val: 0x1017F008
In clock cycle: 375448
Register Write to Reg: 0x0A Val: 0xFFFFFA40
In clock cycle: 375449
Register Write to Reg: 0x0B Val: 0x1017F010
In clock cycle: 375450
Register Write to Reg: 0x0B Val: 0x00000000
In clock cycle: 375451
Register Write to Reg: 0x01 Val: 0x0056F01C
In clock cycle: 375452
Register Write to Reg: 0x01 Val: 0x00000000
In clock cycle: 375453
Register Write to Reg: 0x02 Val: 0x00000000
In clock cycle: 376468
Register Write to Reg: 0x02 Val: 0xFFFFFFFC
In clock cycle: 376468
Memory Write to Addr: 0x00000000 Val: 0x00000000
In clock cycle: 376470
Register Write to Reg: 0x0A Val: 0x10180008
In clock cycle: 376471
Register Write to Reg: 0x0A Val: 0xFFFFFA3C
In clock cycle: 376472
Register Write to Reg: 0x0B Val: 0x10180010
In clock cycle: 376473
Register Write to Reg: 0x0B Val: 0x00000000
In clock cycle: 376474
Register Write to Reg: 0x01 Val: 0x0057001C
In clock cycle: 376475
Register Write to Reg: 0x01 Val: 0x00000000
In clock cycle: 376476
Register Write to Reg: 0x02 Val: 0x00000000
In clock cycle: 377491
Register Write to Reg: 0x02 Val: 0xFFFFFFFC
In clock cycle: 377491
Memory Write to Addr: 0x00000000 Val: 0x00000000
In clock cycle: 377493
Register Write to Reg: 0x0A Val: 0x10181008
In clock cycle: 377494
Register Write to Reg: 0x0A Val: 0xFFFFFA38
In clock cycle: 377495
Register Write to Reg: 0x0B Val: 0x10181010
In clock cycle: 377496
Register Write to Reg: 0x0B Val: 0x00000000
In clock cycle: 377497
Register Write to Reg: 0x01 Val: 0x0057101C
In clock cycle: 377498
Register Write to Reg: 0x01 Val: 0x00000000
In clock cycle: 377499
Register Write to Reg: 0x02 Val: 0x00000000
In clock cycle: 378514
Register Write to Reg: 0x02 Val: 0xFFFFFFFC
In clock cycle: 378514
Memory Write to Addr: 0x00000000 Val: 0x00000000
In clock cycle: 378516
Register Write to Reg: 0x0A Val: 0x10182008
In clock cycle: 378517
Register Write to Reg: 0x0A Val: 0xFFFFFA34
In clock cycle: 378518
Register Write to Reg: 0x0B Val: 0x10182010
In clock cycle: 378519
Register Write to Reg: 0x0B Val: 0x00000000
In clock cycle: 378520
Register Write to Reg: 0x01 Val: 0x0057201C
In clock cycle: 378521
Register Write to Reg: 0x01 Val: 0x00000000
In clock cycle: 378522
Register Write to Reg: 0x02 Val: 0x00000000
In clock cycle: 379537
Register Write to Reg: 0x02 Val: 0xFFFFFFFC
In clock cycle: 379537
Memory Write to Addr: 0x00000000 Val: 0x00000000
In clock cycle: 379539
Register Write to Reg: 0x0A Val: 0x10183008
In clock cycle: 379540
Register Write to Reg: 0x0A Val: 0xFFFFFA30
In clock cycle: 379541
Register Write to Reg: 0x0B Val: 0x10183010
In clock cycle: 379542
Register Write to Reg: 0x0B Val: 0x00000000
In clock cycle: 379543
Register Write to Reg: 0x01 Val: 0x0057301C
In clock cycle: 379544
Register Write to Reg: 0x01 Val: 0x00000000
In clock cycle: 379545
Register Write to Reg: 0x02 Val: 0x00000000
In clock cycle: 380560
Register Write to Reg: 0x02 Val: 0xFFFFFFFC
In clock cycle: 380560
Memory Write to Addr: 0x00000000 Val: 0x00000000
In clock cycle: 380562
Register Write to Reg: 0x0A Val: 0x10184008
In clock cycle: 380563
Register Write to Reg: 0x0A Val: 0xFFFFFA2C
In clock cycle: 380564
Register Write to Reg: 0x0B Val: 0x10184010
In clock cycle: 380565
Register Write to Reg: 0x0B Val: 0x00000000
In clock cycle: 380566
Register Write to Reg: 0x01 Val: 0x0057401C
In clock cycle: 380567
Register Write to Reg: 0x01 Val: 0x00000000
In clock cycle: 380568
Register Write to Reg: 0x02 Val: 0x00000000
In clock cycle: 381583
Register Write to Reg: 0x02 Val: 0xFFFFFFFC
In clock cycle: 381583
Memory Write to Addr: 0x00000000 Val: 0x00000000
In clock cycle: 381585
Register Write to Reg: 0x0A Val: 0x10185008
In clock cycle: 381586
Register Write to Reg: 0x0A Val: 0xFFFFFA28
In clock cycle: 381587
Register Write to Reg: 0x0B Val: 0x10185010
In clock cycle: 381588
Register Write to Reg: 0x0B Val: 0x00000000
In clock cycle: 381589
Register Write to Reg: 0x01 Val: 0x0057501C
In clock cycle: 381590
Register Write to Reg: 0x01 Val: 0x00000000
In clock cycle: 381591
Register Write to Reg: 0x02 Val: 0x00000000
In clock cycle: 382606
Register Write to Reg: 0x02 Val: 0xFFFFFFFC
In clock cycle: 382606
Memory Write to Addr: 0x00000000 Val: 0x00000000
In clock cycle: 382608
Register Write to Reg: 0x0A Val: 0x10186008
In clock cycle: 382609
Register Write to Reg: 0x0A Val: 0xFFFFFA24
In clock cycle: 382610
Register Write to Reg: 0x0B Val: 0x10186010
In clock cycle: 382611
Register Write to Reg: 0x0B Val: 0x00000000
In clock cycle: 382612
Register Write to Reg: 0x01 Val: 0x0057601C
In clock cycle: 382613
Register Write to Reg: 0x01 Val: 0x00000000
In clock cycle: 382614
Register Write to Reg: 0x02 Val: 0x00000000
In clock cycle: 383629
Register Write to Reg: 0x02 Val: 0xFFFFFFFC
In clock cycle: 383629
Memory Write to Addr: 0x00000000 Val: 0x00000000
In clock cycle: 383631
Register Write to Reg: 0x0A Val: 0x10187008
In clock cycle: 383632
Register Write to Reg: 0x0A Val: 0xFFFFFA20
In clock cycle: 383633
Register Write to Reg: 0x0B Val: 0x10187010
In clock cycle: 383634
Register Write to Reg: 0x0B Val: 0x00000000
In clock cycle: 383635
Register Write to Reg: 0x01 Val: 0x0057701C
In clock cycle: 383636
Register Write to Reg: 0x01 Val: 0x00000000
In clock cycle: 383637
Register Write to Reg: 0x02 Val: 0x00000000
In clock cycle: 384652
Register Write to Reg: 0x02 Val: 0xFFFFFFFC
In clock cycle: 384652
Memory Write to Addr: 0x00000000 Val: 0x00000000
In clock cycle: 384654
Register Write to Reg: 0x0A Val: 0x10188008
In clock cycle: 384655
Register Write to Reg: 0x0A Val: 0xFFFFFA1C
In clock cycle: 384656
Register Write to Reg: 0x0B Val: 0x10188010
In clock cycle: 384657
Register Write to Reg: 0x0B Val: 0x00000000
In clock cycle: 384658
Register Write to Reg: 0x01 Val: 0x0057801C
In clock cycle: 384659
Register Write to Reg: 0x01 Val: 0x00000000
In clock cycle: 384660
Register Write to Reg: 0x02 Val: 0x00000000
In clock cycle: 385675
Register Write to Reg: 0x02 Val: 0xFFFFFFFC
In clock cycle: 385675
Memory Write to Addr: 0x00000000 Val: 0x00000000
In clock cycle: 385677
Register Write to Reg: 0x0A Val: 0x10189008
In clock cycle: 385678
Register Write to Reg: 0x0A Val: 0xFFFFFA18
In clock cycle: 385679
Register Write to Reg: 0x0B Val: 0x10189010
In clock cycle: 385680
Register Write to Reg: 0x0B Val: 0x00000000
In clock cycle: 385681
Register Write to Reg: 0x01 Val: 0x0057901C
In clock cycle: 385682
Register Write to Reg: 0x01 Val: 0x00000000
In clock cycle: 385683
Register Write to Reg: 0x02 Val: 0x00000000
In clock cycle: 386698
Register Write to Reg: 0x02 Val: 0xFFFFFFFC
In clock cycle: 386698
Memory Write to Addr: 0x00000000 Val: 0x00000000
In clock cycle: 386700
Register Write to Reg: 0x0A Val: 0x1018A008
In clock cycle: 386701
Register Write to Reg: 0x0A Val: 0xFFFFFA14
In clock cycle: 386702
Register Write to Reg: 0x0B Val: 0x1018A010
In clock cycle: 386703
Register Write to Reg: 0x0B Val: 0x00000000
In clock cycle: 386704
Register Write to Reg: 0x01 Val: 0x0057A01C
In clock cycle: 386705
Register Write to Reg: 0x01 Val: 0x00000000
In clock cycle: 386706
Register Write to Reg: 0x02 Val: 0x00000000
In clock cycle: 387721
Register Write to Reg: 0x02 Val: 0xFFFFFFFC
In clock cycle: 387721
Memory Write to Addr: 0x00000000 Val: 0x00000000
In clock cycle: 387723
Register Write to Reg: 0x0A Val: 0x1018B008
In clock cycle: 387724
Register Write to Reg: 0x0A Val: 0xFFFFFA10
In clock cycle: 387725
Register Write to Reg: 0x0B Val: 0x1018B010
In clock cycle: 387726
Register Write to Reg: 0x0B Val: 0x00000000
In clock cycle: 387727
Register Write to Reg: 0x01 Val: 0x0057B01C
In clock cycle: 387728
Register Write to Reg: 0x01 Val: 0x00000000
In clock cycle: 387729
Register Write to Reg: 0x02 Val: 0x00000000
In clock cycle: 388744
Register Write to Reg: 0x02 Val: 0xFFFFFFFC
In clock cycle: 388744
Memory Write to Addr: 0x00000000 Val: 0x00000000
In clock cycle: 388746
Register Write to Reg: 0x0A Val: 0x1018C008
In clock cycle: 388747
Register Write to Reg: 0x0A Val: 0xFFFFFA0C
In clock cycle: 388748
Register Write to Reg: 0x0B Val: 0x1018C010
In clock cycle: 388749
Register Write to Reg: 0x0B Val: 0x00000000
In clock cycle: 388750
Register Write to Reg: 0x01 Val: 0x0057C01C
In clock cycle: 388751
Register Write to Reg: 0x01 Val: 0x00000000
In clock cycle: 388752
Register Write to Reg: 0x02 Val: 0x00000000
In clock cycle: 389767
Register Write to Reg: 0x02 Val: 0xFFFFFFFC
In clock cycle: 389767
Memory Write to Addr: 0x00000000 Val: 0x00000000
In clock cycle: 389769
Register Write to Reg: 0x0A Val: 0x1018D008
In clock cycle: 389770
Register Write to Reg: 0x0A Val: 0xFFFFFA08
In clock cycle: 389771
Register Write to Reg: 0x0B Val: 0x1018D010
In clock cycle: 389772
Register Write to Reg: 0x0B Val: 0x00000000
In clock cycle: 389773
Register Write to Reg: 0x01 Val: 0x0057D01C
In clock cycle: 389774
Register Write to Reg: 0x01 Val: 0x00000000
In clock cycle: 389775
Register Write to Reg: 0x02 Val: 0x00000000
In clock cycle: 390790
Register Write to Reg: 0x02 Val: 0xFFFFFFFC
In clock cycle: 390790
Memory Write to Addr: 0x00000000 Val: 0x00000000
In clock cycle: 390792
Register Write to Reg: 0x0A Val: 0x1018E008
In clock cycle: 390793
Register Write to Reg: 0x0A Val: 0xFFFFFA04
In clock cycle: 390794
Register Write to Reg: 0x0B Val: 0x1018E010
In clock cycle: 390795
Register Write to Reg: 0x0B Val: 0x00000000
In clock cycle: 390796
Register Write to Reg: 0x01 Val: 0x0057E01C
In clock cycle: 390797
Register Write to Reg: 0x01 Val: 0x00000000
In clock cycle: 390798
Register Write to Reg: 0x02 Val: 0x00000000
In clock cycle: 391813
Register Write to Reg: 0x02 Val: 0xFFFFFFFC
In clock cycle: 391813
Memory Write to Addr: 0x00000000 Val: 0x00000000
In clock cycle: 391815
Register Write to Reg: 0x0A Val: 0x1018F008
In clock cycle: 391816
Register Write to Reg: 0x0A Val: 0xFFFFFA00
In clock cycle: 391817
Register Write to Reg: 0x0B Val: 0x1018F010
In clock cycle: 391818
Register Write to Reg: 0x0B Val: 0x00000000
In clock cycle: 391819
Register Write to Reg: 0x01 Val: 0x0057F01C
In clock cycle: 391820
Register Write to Reg: 0x01 Val: 0x00000000
In clock cycle: 391821
Register Write to Reg: 0x02 Val: 0x00000000
In clock cycle: 392836
Register Write to Reg: 0x02 Val: 0xFFFFFFFC
In clock cycle: 392836
Memory Write to Addr: 0x00000000 Val: 0x00000000
In clock cycle: 392838
Register Write to Reg: 0x0A Val: 0x10190008
In clock cycle: 392839
Register Write to Reg: 0x0A Val: 0xFFFFF9FC
In clock cycle: 392840
Register Write to Reg: 0x0B Val: 0x10190010
In clock cycle: 392841
Register Write to Reg: 0x0B Val: 0x00000000
In clock cycle: 392842
Register Write to Reg: 0x01 Val: 0x0058001C
In clock cycle: 392843
Register Write to Reg: 0x01 Val: 0x00000000
In clock cycle: 392844
Register Write to Reg: 0x02 Val: 0x00000000
In clock cycle: 393859
Register Write to Reg: 0x02 Val: 0xFFFFFFFC
In clock cycle: 393859
Memory Write to Addr: 0x00000000 Val: 0x00000000
In clock cycle: 393861
Register Write to Reg: 0x0A Val: 0x10191008
In clock cycle: 393862
Register Write to Reg: 0x0A Val: 0xFFFFF9F8
In clock cycle: 393863
Register Write to Reg: 0x0B Val: 0x10191010
In clock cycle: 393864
Register Write to Reg: 0x0B Val: 0x00000000
In clock cycle: 393865
Register Write to Reg: 0x01 Val: 0x0058101C
In clock cycle: 393866
Register Write to Reg: 0x01 Val: 0x00000000
In clock cycle: 393867
Register Write to Reg: 0x02 Val: 0x00000000
In clock cycle: 394882
Register Write to Reg: 0x02 Val: 0xFFFFFFFC
In clock cycle: 394882
Memory Write to Addr: 0x00000000 Val: 0x00000000
In clock cycle: 394884
Register Write to Reg: 0x0A Val: 0x10192008
In clock cycle: 394885
Register Write to Reg: 0x0A Val: 0xFFFFF9F4
In clock cycle: 394886
Register Write to Reg: 0x0B Val: 0x10192010
In clock cycle: 394887
Register Write to Reg: 0x0B Val: 0x00000000
In clock cycle: 394888
Register Write to Reg: 0x01 Val: 0x0058201C
In clock cycle: 394889
Register Write to Reg: 0x01 Val: 0x00000000
In clock cycle: 394890
Register Write to Reg: 0x02 Val: 0x00000000
In clock cycle: 395905
Register Write to Reg: 0x02 Val: 0xFFFFFFFC
In clock cycle: 395905
Memory Write to Addr: 0x00000000 Val: 0x00000000
In clock cycle: 395907
Register Write to Reg: 0x0A Val: 0x10193008
In clock cycle: 395908
Register Write to Reg: 0x0A Val: 0xFFFFF9F0
In clock cycle: 395909
Register Write to Reg: 0x0B Val: 0x10193010
In clock cycle: 395910
Register Write to Reg: 0x0B Val: 0x00000000
In clock cycle: 395911
Register Write to Reg: 0x01 Val: 0x0058301C
In clock cycle: 395912
Register Write to Reg: 0x01 Val: 0x00000000
In clock cycle: 395913
Register Write to Reg: 0x02 Val: 0x00000000
In clock cycle: 396928
Register Write to Reg: 0x02 Val: 0xFFFFFFFC
In clock cycle: 396928
Memory Write to Addr: 0x00000000 Val: 0x00000000
In clock cycle: 396930
Register Write to Reg: 0x0A Val: 0x10194008
In clock cycle: 396931
Register Write to Reg: 0x0A Val: 0xFFFFF9EC
In clock cycle: 396932
Register Write to Reg: 0x0B Val: 0x10194010
In clock cycle: 396933
Register Write to Reg: 0x0B Val: 0x00000000
In clock cycle: 396934
Register Write to Reg: 0x01 Val: 0x0058401C
In clock cycle: 396935
Register Write to Reg: 0x01 Val: 0x00000000
In clock cycle: 396936
Register Write to Reg: 0x02 Val: 0x00000000
In clock cycle: 397951
Register Write to Reg: 0x02 Val: 0xFFFFFFFC
In clock cycle: 397951
Memory Write to Addr: 0x00000000 Val: 0x00000000
In clock cycle: 397953
Register Write to Reg: 0x0A Val: 0x10195008
In clock cycle: 397954
Register Write to Reg: 0x0A Val: 0xFFFFF9E8
In clock cycle: 397955
Register Write to Reg: 0x0B Val: 0x10195010
In clock cycle: 397956
Register Write to Reg: 0x0B Val: 0x00000000
In clock cycle: 397957
Register Write to Reg: 0x01 Val: 0x0058501C
In clock cycle: 397958
Register Write to Reg: 0x01 Val: 0x00000000
In clock cycle: 397959
Register Write to Reg: 0x02 Val: 0x00000000
In clock cycle: 398974
Register Write to Reg: 0x02 Val: 0xFFFFFFFC
In clock cycle: 398974
Memory Write to Addr: 0x00000000 Val: 0x00000000
In clock cycle: 398976
Register Write to Reg: 0x0A Val: 0x10196008
In clock cycle: 398977
Register Write to Reg: 0x0A Val: 0xFFFFF9E4
In clock cycle: 398978
Register Write to Reg: 0x0B Val: 0x10196010
In clock cycle: 398979
Register Write to Reg: 0x0B Val: 0x00000000
In clock cycle: 398980
Register Write to Reg: 0x01 Val: 0x0058601C
In clock cycle: 398981
Register Write to Reg: 0x01 Val: 0x00000000
In clock cycle: 398982
Register Write to Reg: 0x02 Val: 0x00000000
In clock cycle: 399997
Register Write to Reg: 0x02 Val: 0xFFFFFFFC
In clock cycle: 399997
Memory Write to Addr: 0x00000000 Val: 0x00000000
In clock cycle: 399999
Register Write to Reg: 0x0A Val: 0x10197008
In clock cycle: 400000
Register Write to Reg: 0x0A Val: 0xFFFFF9E0
In clock cycle: 400001
Register Write to Reg: 0x0B Val: 0x10197010
In clock cycle: 400002
Register Write to Reg: 0x0B Val: 0x00000000
In clock cycle: 400003
Register Write to Reg: 0x01 Val: 0x0058701C
In clock cycle: 400004
Register Write to Reg: 0x01 Val: 0x00000000
In clock cycle: 400005
Register Write to Reg: 0x02 Val: 0x00000000
In clock cycle: 401020
Register Write to Reg: 0x02 Val: 0xFFFFFFFC
In clock cycle: 401020
Memory Write to Addr: 0x00000000 Val: 0x00000000
In clock cycle: 401022
Register Write to Reg: 0x0A Val: 0x10198008
In clock cycle: 401023
Register Write to Reg: 0x0A Val: 0xFFFFF9DC
In clock cycle: 401024
Register Write to Reg: 0x0B Val: 0x10198010
In clock cycle: 401025
Register Write to Reg: 0x0B Val: 0x00000000
In clock cycle: 401026
Register Write to Reg: 0x01 Val: 0x0058801C
In clock cycle: 401027
Register Write to Reg: 0x01 Val: 0x00000000
In clock cycle: 401028
Register Write to Reg: 0x02 Val: 0x00000000
In clock cycle: 402043
Register Write to Reg: 0x02 Val: 0xFFFFFFFC
In clock cycle: 402043
Memory Write to Addr: 0x00000000 Val: 0x00000000
In clock cycle: 402045
Register Write to Reg: 0x0A Val: 0x10199008
In clock cycle: 402046
Register Write to Reg: 0x0A Val: 0xFFFFF9D8
In clock cycle: 402047
Register Write to Reg: 0x0B Val: 0x10199010
In clock cycle: 402048
Register Write to Reg: 0x0B Val: 0x00000000
In clock cycle: 402049
Register Write to Reg: 0x01 Val: 0x0058901C
In clock cycle: 402050
Register Write to Reg: 0x01 Val: 0x00000000
In clock cycle: 402051
Register Write to Reg: 0x02 Val: 0x00000000
In clock cycle: 403066
Register Write to Reg: 0x02 Val: 0xFFFFFFFC
In clock cycle: 403066
Memory Write to Addr: 0x00000000 Val: 0x00000000
In clock cycle: 403068
Register Write to Reg: 0x0A Val: 0x1019A008
In clock cycle: 403069
Register Write to Reg: 0x0A Val: 0xFFFFF9D4
In clock cycle: 403070
Register Write to Reg: 0x0B Val: 0x1019A010
In clock cycle: 403071
Register Write to Reg: 0x0B Val: 0x00000000
In clock cycle: 403072
Register Write to Reg: 0x01 Val: 0x0058A01C
In clock cycle: 403073
Register Write to Reg: 0x01 Val: 0x00000000
In clock cycle: 403074
Register Write to Reg: 0x02 Val: 0x00000000
In clock cycle: 404089
Register Write to Reg: 0x02 Val: 0xFFFFFFFC
In clock cycle: 404089
Memory Write to Addr: 0x00000000 Val: 0x00000000
In clock cycle: 404091
Register Write to Reg: 0x0A Val: 0x1019B008
In clock cycle: 404092
Register Write to Reg: 0x0A Val: 0xFFFFF9D0
In clock cycle: 404093
Register Write to Reg: 0x0B Val: 0x1019B010
In clock cycle: 404094
Register Write to Reg: 0x0B Val: 0x00000000
In clock cycle: 404095
Register Write to Reg: 0x01 Val: 0x0058B01C
In clock cycle: 404096
Register Write to Reg: 0x01 Val: 0x00000000
In clock cycle: 404097
Register Write to Reg: 0x02 Val: 0x00000000
In clock cycle: 405112
Register Write to Reg: 0x02 Val: 0xFFFFFFFC
In clock cycle: 405112
Memory Write to Addr: 0x00000000 Val: 0x00000000
In clock cycle: 405114
Register Write to Reg: 0x0A Val: 0x1019C008
In clock cycle: 405115
Register Write to Reg: 0x0A Val: 0xFFFFF9CC
In clock cycle: 405116
Register Write to Reg: 0x0B Val: 0x1019C010
In clock cycle: 405117
Register Write to Reg: 0x0B Val: 0x00000000
In clock cycle: 405118
Register Write to Reg: 0x01 Val: 0x0058C01C
In clock cycle: 405119
Register Write to Reg: 0x01 Val: 0x00000000
In clock cycle: 405120
Register Write to Reg: 0x02 Val: 0x00000000
In clock cycle: 406135
Register Write to Reg: 0x02 Val: 0xFFFFFFFC
In clock cycle: 406135
Memory Write to Addr: 0x00000000 Val: 0x00000000
In clock cycle: 406137
Register Write to Reg: 0x0A Val: 0x1019D008
In clock cycle: 406138
Register Write to Reg: 0x0A Val: 0xFFFFF9C8
In clock cycle: 406139
Register Write to Reg: 0x0B Val: 0x1019D010
In clock cycle: 406140
Register Write to Reg: 0x0B Val: 0x00000000
In clock cycle: 406141
Register Write to Reg: 0x01 Val: 0x0058D01C
In clock cycle: 406142
Register Write to Reg: 0x01 Val: 0x00000000
In clock cycle: 406143
Register Write to Reg: 0x02 Val: 0x00000000
In clock cycle: 407158
Register Write to Reg: 0x02 Val: 0xFFFFFFFC
In clock cycle: 407158
Memory Write to Addr: 0x00000000 Val: 0x00000000
In clock cycle: 407160
Register Write to Reg: 0x0A Val: 0x1019E008
In clock cycle: 407161
Register Write to Reg: 0x0A Val: 0xFFFFF9C4
In clock cycle: 407162
Register Write to Reg: 0x0B Val: 0x1019E010
In clock cycle: 407163
Register Write to Reg: 0x0B Val: 0x00000000
In clock cycle: 407164
Register Write to Reg: 0x01 Val: 0x0058E01C
In clock cycle: 407165
Register Write to Reg: 0x01 Val: 0x00000000
In clock cycle: 407166
Register Write to Reg: 0x02 Val: 0x00000000
In clock cycle: 408181
Register Write to Reg: 0x02 Val: 0xFFFFFFFC
In clock cycle: 408181
Memory Write to Addr: 0x00000000 Val: 0x00000000
In clock cycle: 408183
Register Write to Reg: 0x0A Val: 0x1019F008
In clock cycle: 408184
Register Write to Reg: 0x0A Val: 0xFFFFF9C0
In clock cycle: 408185
Register Write to Reg: 0x0B Val: 0x1019F010
In clock cycle: 408186
Register Write to Reg: 0x0B Val: 0x00000000
In clock cycle: 408187
Register Write to Reg: 0x01 Val: 0x0058F01C
In clock cycle: 408188
Register Write to Reg: 0x01 Val: 0x00000000
In clock cycle: 408189
Register Write to Reg: 0x02 Val: 0x00000000
In clock cycle: 409204
Register Write to Reg: 0x02 Val: 0xFFFFFFFC
In clock cycle: 409204
Memory Write to Addr: 0x00000000 Val: 0x00000000
In clock cycle: 409206
Register Write to Reg: 0x0A Val: 0x101A0008
In clock cycle: 409207
Register Write to Reg: 0x0A Val: 0xFFFFF9BC
In clock cycle: 409208
Register Write to Reg: 0x0B Val: 0x101A0010
In clock cycle: 409209
Register Write to Reg: 0x0B Val: 0x00000000
In clock cycle: 409210
Register Write to Reg: 0x01 Val: 0x0059001C
In clock cycle: 409211
Register Write to Reg: 0x01 Val: 0x00000000
In clock cycle: 409212
Register Write to Reg: 0x02 Val: 0x00000000
In clock cycle: 410227
Register Write to Reg: 0x02 Val: 0xFFFFFFFC
In clock cycle: 410227
Memory Write to Addr: 0x00000000 Val: 0x00000000
In clock cycle: 410229
Register Write to Reg: 0x0A Val: 0x101A1008
In clock cycle: 410230
Register Write to Reg: 0x0A Val: 0xFFFFF9B8
In clock cycle: 410231
Register Write to Reg: 0x0B Val: 0x101A1010
In clock cycle: 410232
Register Write to Reg: 0x0B Val: 0x00000000
In clock cycle: 410233
Register Write to Reg: 0x01 Val: 0x0059101C
In clock cycle: 410234
Register Write to Reg: 0x01 Val: 0x00000000
In clock cycle: 410235
Register Write to Reg: 0x02 Val: 0x00000000
In clock cycle: 411250
Register Write to Reg: 0x02 Val: 0xFFFFFFFC
In clock cycle: 411250
Memory Write to Addr: 0x00000000 Val: 0x00000000
In clock cycle: 411252
Register Write to Reg: 0x0A Val: 0x101A2008
In clock cycle: 411253
Register Write to Reg: 0x0A Val: 0xFFFFF9B4
In clock cycle: 411254
Register Write to Reg: 0x0B Val: 0x101A2010
In clock cycle: 411255
Register Write to Reg: 0x0B Val: 0x00000000
In clock cycle: 411256
Register Write to Reg: 0x01 Val: 0x0059201C
In clock cycle: 411257
Register Write to Reg: 0x01 Val: 0x00000000
In clock cycle: 411258
Register Write to Reg: 0x02 Val: 0x00000000
In clock cycle: 412273
Register Write to Reg: 0x02 Val: 0xFFFFFFFC
In clock cycle: 412273
Memory Write to Addr: 0x00000000 Val: 0x00000000
In clock cycle: 412275
Register Write to Reg: 0x0A Val: 0x101A3008
In clock cycle: 412276
Register Write to Reg: 0x0A Val: 0xFFFFF9B0
In clock cycle: 412277
Register Write to Reg: 0x0B Val: 0x101A3010
In clock cycle: 412278
Register Write to Reg: 0x0B Val: 0x00000000
In clock cycle: 412279
Register Write to Reg: 0x01 Val: 0x0059301C
In clock cycle: 412280
Register Write to Reg: 0x01 Val: 0x00000000
In clock cycle: 412281
Register Write to Reg: 0x02 Val: 0x00000000
In clock cycle: 413296
Register Write to Reg: 0x02 Val: 0xFFFFFFFC
In clock cycle: 413296
Memory Write to Addr: 0x00000000 Val: 0x00000000
In clock cycle: 413298
Register Write to Reg: 0x0A Val: 0x101A4008
In clock cycle: 413299
Register Write to Reg: 0x0A Val: 0xFFFFF9AC
In clock cycle: 413300
Register Write to Reg: 0x0B Val: 0x101A4010
In clock cycle: 413301
Register Write to Reg: 0x0B Val: 0x00000000
In clock cycle: 413302
Register Write to Reg: 0x01 Val: 0x0059401C
In clock cycle: 413303
Register Write to Reg: 0x01 Val: 0x00000000
In clock cycle: 413304
Register Write to Reg: 0x02 Val: 0x00000000
In clock cycle: 414319
Register Write to Reg: 0x02 Val: 0xFFFFFFFC
In clock cycle: 414319
Memory Write to Addr: 0x00000000 Val: 0x00000000
In clock cycle: 414321
Register Write to Reg: 0x0A Val: 0x101A5008
In clock cycle: 414322
Register Write to Reg: 0x0A Val: 0xFFFFF9A8
In clock cycle: 414323
Register Write to Reg: 0x0B Val: 0x101A5010
In clock cycle: 414324
Register Write to Reg: 0x0B Val: 0x00000000
In clock cycle: 414325
Register Write to Reg: 0x01 Val: 0x0059501C
In clock cycle: 414326
Register Write to Reg: 0x01 Val: 0x00000000
In clock cycle: 414327
Register Write to Reg: 0x02 Val: 0x00000000
In clock cycle: 415342
Register Write to Reg: 0x02 Val: 0xFFFFFFFC
In clock cycle: 415342
Memory Write to Addr: 0x00000000 Val: 0x00000000
In clock cycle: 415344
Register Write to Reg: 0x0A Val: 0x101A6008
In clock cycle: 415345
Register Write to Reg: 0x0A Val: 0xFFFFF9A4
In clock cycle: 415346
Register Write to Reg: 0x0B Val: 0x101A6010
In clock cycle: 415347
Register Write to Reg: 0x0B Val: 0x00000000
In clock cycle: 415348
Register Write to Reg: 0x01 Val: 0x0059601C
In clock cycle: 415349
Register Write to Reg: 0x01 Val: 0x00000000
In clock cycle: 415350
Register Write to Reg: 0x02 Val: 0x00000000
In clock cycle: 416365
Register Write to Reg: 0x02 Val: 0xFFFFFFFC
In clock cycle: 416365
Memory Write to Addr: 0x00000000 Val: 0x00000000
In clock cycle: 416367
Register Write to Reg: 0x0A Val: 0x101A7008
In clock cycle: 416368
Register Write to Reg: 0x0A Val: 0xFFFFF9A0
In clock cycle: 416369
Register Write to Reg: 0x0B Val: 0x101A7010
In clock cycle: 416370
Register Write to Reg: 0x0B Val: 0x00000000
In clock cycle: 416371
Register Write to Reg: 0x01 Val: 0x0059701C
In clock cycle: 416372
Register Write to Reg: 0x01 Val: 0x00000000
In clock cycle: 416373
Register Write to Reg: 0x02 Val: 0x00000000
In clock cycle: 417388
Register Write to Reg: 0x02 Val: 0xFFFFFFFC
In clock cycle: 417388
Memory Write to Addr: 0x00000000 Val: 0x00000000
In clock cycle: 417390
Register Write to Reg: 0x0A Val: 0x101A8008
In clock cycle: 417391
Register Write to Reg: 0x0A Val: 0xFFFFF99C
In clock cycle: 417392
Register Write to Reg: 0x0B Val: 0x101A8010
In clock cycle: 417393
Register Write to Reg: 0x0B Val: 0x00000000
In clock cycle: 417394
Register Write to Reg: 0x01 Val: 0x0059801C
In clock cycle: 417395
Register Write to Reg: 0x01 Val: 0x00000000
In clock cycle: 417396
Register Write to Reg: 0x02 Val: 0x00000000
In clock cycle: 418411
Register Write to Reg: 0x02 Val: 0xFFFFFFFC
In clock cycle: 418411
Memory Write to Addr: 0x00000000 Val: 0x00000000
In clock cycle: 418413
Register Write to Reg: 0x0A Val: 0x101A9008
In clock cycle: 418414
Register Write to Reg: 0x0A Val: 0xFFFFF998
In clock cycle: 418415
Register Write to Reg: 0x0B Val: 0x101A9010
In clock cycle: 418416
Register Write to Reg: 0x0B Val: 0x00000000
In clock cycle: 418417
Register Write to Reg: 0x01 Val: 0x0059901C
In clock cycle: 418418
Register Write to Reg: 0x01 Val: 0x00000000
In clock cycle: 418419
Register Write to Reg: 0x02 Val: 0x00000000
In clock cycle: 419434
Register Write to Reg: 0x02 Val: 0xFFFFFFFC
In clock cycle: 419434
Memory Write to Addr: 0x00000000 Val: 0x00000000
In clock cycle: 419436
Register Write to Reg: 0x0A Val: 0x101AA008
In clock cycle: 419437
Register Write to Reg: 0x0A Val: 0xFFFFF994
In clock cycle: 419438
Register Write to Reg: 0x0B Val: 0x101AA010
In clock cycle: 419439
Register Write to Reg: 0x0B Val: 0x00000000
In clock cycle: 419440
Register Write to Reg: 0x01 Val: 0x0059A01C
In clock cycle: 419441
Register Write to Reg: 0x01 Val: 0x00000000
In clock cycle: 419442
Register Write to Reg: 0x02 Val: 0x00000000
In clock cycle: 420457
Register Write to Reg: 0x02 Val: 0xFFFFFFFC
In clock cycle: 420457
Memory Write to Addr: 0x00000000 Val: 0x00000000
In clock cycle: 420459
Register Write to Reg: 0x0A Val: 0x101AB008
In clock cycle: 420460
Register Write to Reg: 0x0A Val: 0xFFFFF990
In clock cycle: 420461
Register Write to Reg: 0x0B Val: 0x101AB010
In clock cycle: 420462
Register Write to Reg: 0x0B Val: 0x00000000
In clock cycle: 420463
Register Write to Reg: 0x01 Val: 0x0059B01C
In clock cycle: 420464
Register Write to Reg: 0x01 Val: 0x00000000
In clock cycle: 420465
Register Write to Reg: 0x02 Val: 0x00000000
In clock cycle: 421480
Register Write to Reg: 0x02 Val: 0xFFFFFFFC
In clock cycle: 421480
Memory Write to Addr: 0x00000000 Val: 0x00000000
In clock cycle: 421482
Register Write to Reg: 0x0A Val: 0x101AC008
In clock cycle: 421483
Register Write to Reg: 0x0A Val: 0xFFFFF98C
In clock cycle: 421484
Register Write to Reg: 0x0B Val: 0x101AC010
In clock cycle: 421485
Register Write to Reg: 0x0B Val: 0x00000000
In clock cycle: 421486
Register Write to Reg: 0x01 Val: 0x0059C01C
In clock cycle: 421487
Register Write to Reg: 0x01 Val: 0x00000000
In clock cycle: 421488
Register Write to Reg: 0x02 Val: 0x00000000
In clock cycle: 422503
Register Write to Reg: 0x02 Val: 0xFFFFFFFC
In clock cycle: 422503
Memory Write to Addr: 0x00000000 Val: 0x00000000
In clock cycle: 422505
Register Write to Reg: 0x0A Val: 0x101AD008
In clock cycle: 422506
Register Write to Reg: 0x0A Val: 0xFFFFF988
In clock cycle: 422507
Register Write to Reg: 0x0B Val: 0x101AD010
In clock cycle: 422508
Register Write to Reg: 0x0B Val: 0x00000000
In clock cycle: 422509
Register Write to Reg: 0x01 Val: 0x0059D01C
In clock cycle: 422510
Register Write to Reg: 0x01 Val: 0x00000000
In clock cycle: 422511
Register Write to Reg: 0x02 Val: 0x00000000
In clock cycle: 423526
Register Write to Reg: 0x02 Val: 0xFFFFFFFC
In clock cycle: 423526
Memory Write to Addr: 0x00000000 Val: 0x00000000
In clock cycle: 423528
Register Write to Reg: 0x0A Val: 0x101AE008
In clock cycle: 423529
Register Write to Reg: 0x0A Val: 0xFFFFF984
In clock cycle: 423530
Register Write to Reg: 0x0B Val: 0x101AE010
In clock cycle: 423531
Register Write to Reg: 0x0B Val: 0x00000000
In clock cycle: 423532
Register Write to Reg: 0x01 Val: 0x0059E01C
In clock cycle: 423533
Register Write to Reg: 0x01 Val: 0x00000000
In clock cycle: 423534
Register Write to Reg: 0x02 Val: 0x00000000
In clock cycle: 424549
Register Write to Reg: 0x02 Val: 0xFFFFFFFC
In clock cycle: 424549
Memory Write to Addr: 0x00000000 Val: 0x00000000
In clock cycle: 424551
Register Write to Reg: 0x0A Val: 0x101AF008
In clock cycle: 424552
Register Write to Reg: 0x0A Val: 0xFFFFF980
In clock cycle: 424553
Register Write to Reg: 0x0B Val: 0x101AF010
In clock cycle: 424554
Register Write to Reg: 0x0B Val: 0x00000000
In clock cycle: 424555
Register Write to Reg: 0x01 Val: 0x0059F01C
In clock cycle: 424556
Register Write to Reg: 0x01 Val: 0x00000000
In clock cycle: 424557
Register Write to Reg: 0x02 Val: 0x00000000
In clock cycle: 425572
Register Write to Reg: 0x02 Val: 0xFFFFFFFC
In clock cycle: 425572
Memory Write to Addr: 0x00000000 Val: 0x00000000
In clock cycle: 425574
Register Write to Reg: 0x0A Val: 0x101B0008
In clock cycle: 425575
Register Write to Reg: 0x0A Val: 0xFFFFF97C
In clock cycle: 425576
Register Write to Reg: 0x0B Val: 0x101B0010
In clock cycle: 425577
Register Write to Reg: 0x0B Val: 0x00000000
In clock cycle: 425578
Register Write to Reg: 0x01 Val: 0x005A001C
In clock cycle: 425579
Register Write to Reg: 0x01 Val: 0x00000000
In clock cycle: 425580
Register Write to Reg: 0x02 Val: 0x00000000
In clock cycle: 426595
Register Write to Reg: 0x02 Val: 0xFFFFFFFC
In clock cycle: 426595
Memory Write to Addr: 0x00000000 Val: 0x00000000
In clock cycle: 426597
Register Write to Reg: 0x0A Val: 0x101B1008
In clock cycle: 426598
Register Write to Reg: 0x0A Val: 0xFFFFF978
In clock cycle: 426599
Register Write to Reg: 0x0B Val: 0x101B1010
In clock cycle: 426600
Register Write to Reg: 0x0B Val: 0x00000000
In clock cycle: 426601
Register Write to Reg: 0x01 Val: 0x005A101C
In clock cycle: 426602
Register Write to Reg: 0x01 Val: 0x00000000
In clock cycle: 426603
Register Write to Reg: 0x02 Val: 0x00000000
In clock cycle: 427618
Register Write to Reg: 0x02 Val: 0xFFFFFFFC
In clock cycle: 427618
Memory Write to Addr: 0x00000000 Val: 0x00000000
In clock cycle: 427620
Register Write to Reg: 0x0A Val: 0x101B2008
In clock cycle: 427621
Register Write to Reg: 0x0A Val: 0xFFFFF974
In clock cycle: 427622
Register Write to Reg: 0x0B Val: 0x101B2010
In clock cycle: 427623
Register Write to Reg: 0x0B Val: 0x00000000
In clock cycle: 427624
Register Write to Reg: 0x01 Val: 0x005A201C
In clock cycle: 427625
Register Write to Reg: 0x01 Val: 0x00000000
In clock cycle: 427626
Register Write to Reg: 0x02 Val: 0x00000000
In clock cycle: 428641
Register Write to Reg: 0x02 Val: 0xFFFFFFFC
In clock cycle: 428641
Memory Write to Addr: 0x00000000 Val: 0x00000000
In clock cycle: 428643
Register Write to Reg: 0x0A Val: 0x101B3008
In clock cycle: 428644
Register Write to Reg: 0x0A Val: 0xFFFFF970
In clock cycle: 428645
Register Write to Reg: 0x0B Val: 0x101B3010
In clock cycle: 428646
Register Write to Reg: 0x0B Val: 0x00000000
In clock cycle: 428647
Register Write to Reg: 0x01 Val: 0x005A301C
In clock cycle: 428648
Register Write to Reg: 0x01 Val: 0x00000000
In clock cycle: 428649
Register Write to Reg: 0x02 Val: 0x00000000
In clock cycle: 429664
Register Write to Reg: 0x02 Val: 0xFFFFFFFC
In clock cycle: 429664
Memory Write to Addr: 0x00000000 Val: 0x00000000
In clock cycle: 429666
Register Write to Reg: 0x0A Val: 0x101B4008
In clock cycle: 429667
Register Write to Reg: 0x0A Val: 0xFFFFF96C
In clock cycle: 429668
Register Write to Reg: 0x0B Val: 0x101B4010
In clock cycle: 429669
Register Write to Reg: 0x0B Val: 0x00000000
In clock cycle: 429670
Register Write to Reg: 0x01 Val: 0x005A401C
In clock cycle: 429671
Register Write to Reg: 0x01 Val: 0x00000000
In clock cycle: 429672
Register Write to Reg: 0x02 Val: 0x00000000
In clock cycle: 430687
Register Write to Reg: 0x02 Val: 0xFFFFFFFC
In clock cycle: 430687
Memory Write to Addr: 0x00000000 Val: 0x00000000
In clock cycle: 430689
Register Write to Reg: 0x0A Val: 0x101B5008
In clock cycle: 430690
Register Write to Reg: 0x0A Val: 0xFFFFF968
In clock cycle: 430691
Register Write to Reg: 0x0B Val: 0x101B5010
In clock cycle: 430692
Register Write to Reg: 0x0B Val: 0x00000000
In clock cycle: 430693
Register Write to Reg: 0x01 Val: 0x005A501C
In clock cycle: 430694
Register Write to Reg: 0x01 Val: 0x00000000
In clock cycle: 430695
Register Write to Reg: 0x02 Val: 0x00000000
In clock cycle: 431710
Register Write to Reg: 0x02 Val: 0xFFFFFFFC
In clock cycle: 431710
Memory Write to Addr: 0x00000000 Val: 0x00000000
In clock cycle: 431712
Register Write to Reg: 0x0A Val: 0x101B6008
In clock cycle: 431713
Register Write to Reg: 0x0A Val: 0xFFFFF964
In clock cycle: 431714
Register Write to Reg: 0x0B Val: 0x101B6010
In clock cycle: 431715
Register Write to Reg: 0x0B Val: 0x00000000
In clock cycle: 431716
Register Write to Reg: 0x01 Val: 0x005A601C
In clock cycle: 431717
Register Write to Reg: 0x01 Val: 0x00000000
In clock cycle: 431718
Register Write to Reg: 0x02 Val: 0x00000000
In clock cycle: 432733
Register Write to Reg: 0x02 Val: 0xFFFFFFFC
In clock cycle: 432733
Memory Write to Addr: 0x00000000 Val: 0x00000000
In clock cycle: 432735
Register Write to Reg: 0x0A Val: 0x101B7008
In clock cycle: 432736
Register Write to Reg: 0x0A Val: 0xFFFFF960
In clock cycle: 432737
Register Write to Reg: 0x0B Val: 0x101B7010
In clock cycle: 432738
Register Write to Reg: 0x0B Val: 0x00000000
In clock cycle: 432739
Register Write to Reg: 0x01 Val: 0x005A701C
In clock cycle: 432740
Register Write to Reg: 0x01 Val: 0x00000000
In clock cycle: 432741
Register Write to Reg: 0x02 Val: 0x00000000
In clock cycle: 433756
Register Write to Reg: 0x02 Val: 0xFFFFFFFC
In clock cycle: 433756
Memory Write to Addr: 0x00000000 Val: 0x00000000
In clock cycle: 433758
Register Write to Reg: 0x0A Val: 0x101B8008
In clock cycle: 433759
Register Write to Reg: 0x0A Val: 0xFFFFF95C
In clock cycle: 433760
Register Write to Reg: 0x0B Val: 0x101B8010
In clock cycle: 433761
Register Write to Reg: 0x0B Val: 0x00000000
In clock cycle: 433762
Register Write to Reg: 0x01 Val: 0x005A801C
In clock cycle: 433763
Register Write to Reg: 0x01 Val: 0x00000000
In clock cycle: 433764
Register Write to Reg: 0x02 Val: 0x00000000
In clock cycle: 434779
Register Write to Reg: 0x02 Val: 0xFFFFFFFC
In clock cycle: 434779
Memory Write to Addr: 0x00000000 Val: 0x00000000
In clock cycle: 434781
Register Write to Reg: 0x0A Val: 0x101B9008
In clock cycle: 434782
Register Write to Reg: 0x0A Val: 0xFFFFF958
In clock cycle: 434783
Register Write to Reg: 0x0B Val: 0x101B9010
In clock cycle: 434784
Register Write to Reg: 0x0B Val: 0x00000000
In clock cycle: 434785
Register Write to Reg: 0x01 Val: 0x005A901C
In clock cycle: 434786
Register Write to Reg: 0x01 Val: 0x00000000
In clock cycle: 434787
Register Write to Reg: 0x02 Val: 0x00000000
In clock cycle: 435802
Register Write to Reg: 0x02 Val: 0xFFFFFFFC
In clock cycle: 435802
Memory Write to Addr: 0x00000000 Val: 0x00000000
In clock cycle: 435804
Register Write to Reg: 0x0A Val: 0x101BA008
In clock cycle: 435805
Register Write to Reg: 0x0A Val: 0xFFFFF954
In clock cycle: 435806
Register Write to Reg: 0x0B Val: 0x101BA010
In clock cycle: 435807
Register Write to Reg: 0x0B Val: 0x00000000
In clock cycle: 435808
Register Write to Reg: 0x01 Val: 0x005AA01C
In clock cycle: 435809
Register Write to Reg: 0x01 Val: 0x00000000
In clock cycle: 435810
Register Write to Reg: 0x02 Val: 0x00000000
In clock cycle: 436825
Register Write to Reg: 0x02 Val: 0xFFFFFFFC
In clock cycle: 436825
Memory Write to Addr: 0x00000000 Val: 0x00000000
In clock cycle: 436827
Register Write to Reg: 0x0A Val: 0x101BB008
In clock cycle: 436828
Register Write to Reg: 0x0A Val: 0xFFFFF950
In clock cycle: 436829
Register Write to Reg: 0x0B Val: 0x101BB010
In clock cycle: 436830
Register Write to Reg: 0x0B Val: 0x00000000
In clock cycle: 436831
Register Write to Reg: 0x01 Val: 0x005AB01C
In clock cycle: 436832
Register Write to Reg: 0x01 Val: 0x00000000
In clock cycle: 436833
Register Write to Reg: 0x02 Val: 0x00000000
In clock cycle: 437848
Register Write to Reg: 0x02 Val: 0xFFFFFFFC
In clock cycle: 437848
Memory Write to Addr: 0x00000000 Val: 0x00000000
In clock cycle: 437850
Register Write to Reg: 0x0A Val: 0x101BC008
In clock cycle: 437851
Register Write to Reg: 0x0A Val: 0xFFFFF94C
In clock cycle: 437852
Register Write to Reg: 0x0B Val: 0x101BC010
In clock cycle: 437853
Register Write to Reg: 0x0B Val: 0x00000000
In clock cycle: 437854
Register Write to Reg: 0x01 Val: 0x005AC01C
In clock cycle: 437855
Register Write to Reg: 0x01 Val: 0x00000000
In clock cycle: 437856
Register Write to Reg: 0x02 Val: 0x00000000
In clock cycle: 438871
Register Write to Reg: 0x02 Val: 0xFFFFFFFC
In clock cycle: 438871
Memory Write to Addr: 0x00000000 Val: 0x00000000
In clock cycle: 438873
Register Write to Reg: 0x0A Val: 0x101BD008
In clock cycle: 438874
Register Write to Reg: 0x0A Val: 0xFFFFF948
In clock cycle: 438875
Register Write to Reg: 0x0B Val: 0x101BD010
In clock cycle: 438876
Register Write to Reg: 0x0B Val: 0x00000000
In clock cycle: 438877
Register Write to Reg: 0x01 Val: 0x005AD01C
In clock cycle: 438878
Register Write to Reg: 0x01 Val: 0x00000000
In clock cycle: 438879
Register Write to Reg: 0x02 Val: 0x00000000
In clock cycle: 439894
Register Write to Reg: 0x02 Val: 0xFFFFFFFC
In clock cycle: 439894
Memory Write to Addr: 0x00000000 Val: 0x00000000
In clock cycle: 439896
Register Write to Reg: 0x0A Val: 0x101BE008
In clock cycle: 439897
Register Write to Reg: 0x0A Val: 0xFFFFF944
In clock cycle: 439898
Register Write to Reg: 0x0B Val: 0x101BE010
In clock cycle: 439899
Register Write to Reg: 0x0B Val: 0x00000000
In clock cycle: 439900
Register Write to Reg: 0x01 Val: 0x005AE01C
In clock cycle: 439901
Register Write to Reg: 0x01 Val: 0x00000000
In clock cycle: 439902
Register Write to Reg: 0x02 Val: 0x00000000
In clock cycle: 440917
Register Write to Reg: 0x02 Val: 0xFFFFFFFC
In clock cycle: 440917
Memory Write to Addr: 0x00000000 Val: 0x00000000
In clock cycle: 440919
Register Write to Reg: 0x0A Val: 0x101BF008
In clock cycle: 440920
Register Write to Reg: 0x0A Val: 0xFFFFF940
In clock cycle: 440921
Register Write to Reg: 0x0B Val: 0x101BF010
In clock cycle: 440922
Register Write to Reg: 0x0B Val: 0x00000000
In clock cycle: 440923
Register Write to Reg: 0x01 Val: 0x005AF01C
In clock cycle: 440924
Register Write to Reg: 0x01 Val: 0x00000000
In clock cycle: 440925
Register Write to Reg: 0x02 Val: 0x00000000
In clock cycle: 441940
Register Write to Reg: 0x02 Val: 0xFFFFFFFC
In clock cycle: 441940
Memory Write to Addr: 0x00000000 Val: 0x00000000
In clock cycle: 441942
Register Write to Reg: 0x0A Val: 0x101C0008
In clock cycle: 441943
Register Write to Reg: 0x0A Val: 0xFFFFF93C
In clock cycle: 441944
Register Write to Reg: 0x0B Val: 0x101C0010
In clock cycle: 441945
Register Write to Reg: 0x0B Val: 0x00000000
In clock cycle: 441946
Register Write to Reg: 0x01 Val: 0x005B001C
In clock cycle: 441947
Register Write to Reg: 0x01 Val: 0x00000000
In clock cycle: 441948
Register Write to Reg: 0x02 Val: 0x00000000
In clock cycle: 442963
Register Write to Reg: 0x02 Val: 0xFFFFFFFC
In clock cycle: 442963
Memory Write to Addr: 0x00000000 Val: 0x00000000
In clock cycle: 442965
Register Write to Reg: 0x0A Val: 0x101C1008
In clock cycle: 442966
Register Write to Reg: 0x0A Val: 0xFFFFF938
In clock cycle: 442967
Register Write to Reg: 0x0B Val: 0x101C1010
In clock cycle: 442968
Register Write to Reg: 0x0B Val: 0x00000000
In clock cycle: 442969
Register Write to Reg: 0x01 Val: 0x005B101C
In clock cycle: 442970
Register Write to Reg: 0x01 Val: 0x00000000
In clock cycle: 442971
Register Write to Reg: 0x02 Val: 0x00000000
In clock cycle: 443986
Register Write to Reg: 0x02 Val: 0xFFFFFFFC
In clock cycle: 443986
Memory Write to Addr: 0x00000000 Val: 0x00000000
In clock cycle: 443988
Register Write to Reg: 0x0A Val: 0x101C2008
In clock cycle: 443989
Register Write to Reg: 0x0A Val: 0xFFFFF934
In clock cycle: 443990
Register Write to Reg: 0x0B Val: 0x101C2010
In clock cycle: 443991
Register Write to Reg: 0x0B Val: 0x00000000
In clock cycle: 443992
Register Write to Reg: 0x01 Val: 0x005B201C
In clock cycle: 443993
Register Write to Reg: 0x01 Val: 0x00000000
In clock cycle: 443994
Register Write to Reg: 0x02 Val: 0x00000000
In clock cycle: 445009
Register Write to Reg: 0x02 Val: 0xFFFFFFFC
In clock cycle: 445009
Memory Write to Addr: 0x00000000 Val: 0x00000000
In clock cycle: 445011
Register Write to Reg: 0x0A Val: 0x101C3008
In clock cycle: 445012
Register Write to Reg: 0x0A Val: 0xFFFFF930
In clock cycle: 445013
Register Write to Reg: 0x0B Val: 0x101C3010
In clock cycle: 445014
Register Write to Reg: 0x0B Val: 0x00000000
In clock cycle: 445015
Register Write to Reg: 0x01 Val: 0x005B301C
In clock cycle: 445016
Register Write to Reg: 0x01 Val: 0x00000000
In clock cycle: 445017
Register Write to Reg: 0x02 Val: 0x00000000
In clock cycle: 446032
Register Write to Reg: 0x02 Val: 0xFFFFFFFC
In clock cycle: 446032
Memory Write to Addr: 0x00000000 Val: 0x00000000
In clock cycle: 446034
Register Write to Reg: 0x0A Val: 0x101C4008
In clock cycle: 446035
Register Write to Reg: 0x0A Val: 0xFFFFF92C
In clock cycle: 446036
Register Write to Reg: 0x0B Val: 0x101C4010
In clock cycle: 446037
Register Write to Reg: 0x0B Val: 0x00000000
In clock cycle: 446038
Register Write to Reg: 0x01 Val: 0x005B401C
In clock cycle: 446039
Register Write to Reg: 0x01 Val: 0x00000000
In clock cycle: 446040
Register Write to Reg: 0x02 Val: 0x00000000
In clock cycle: 447055
Register Write to Reg: 0x02 Val: 0xFFFFFFFC
In clock cycle: 447055
Memory Write to Addr: 0x00000000 Val: 0x00000000
In clock cycle: 447057
Register Write to Reg: 0x0A Val: 0x101C5008
In clock cycle: 447058
Register Write to Reg: 0x0A Val: 0xFFFFF928
In clock cycle: 447059
Register Write to Reg: 0x0B Val: 0x101C5010
In clock cycle: 447060
Register Write to Reg: 0x0B Val: 0x00000000
In clock cycle: 447061
Register Write to Reg: 0x01 Val: 0x005B501C
In clock cycle: 447062
Register Write to Reg: 0x01 Val: 0x00000000
In clock cycle: 447063
Register Write to Reg: 0x02 Val: 0x00000000
In clock cycle: 448078
Register Write to Reg: 0x02 Val: 0xFFFFFFFC
In clock cycle: 448078
Memory Write to Addr: 0x00000000 Val: 0x00000000
In clock cycle: 448080
Register Write to Reg: 0x0A Val: 0x101C6008
In clock cycle: 448081
Register Write to Reg: 0x0A Val: 0xFFFFF924
In clock cycle: 448082
Register Write to Reg: 0x0B Val: 0x101C6010
In clock cycle: 448083
Register Write to Reg: 0x0B Val: 0x00000000
In clock cycle: 448084
Register Write to Reg: 0x01 Val: 0x005B601C
In clock cycle: 448085
Register Write to Reg: 0x01 Val: 0x00000000
In clock cycle: 448086
Register Write to Reg: 0x02 Val: 0x00000000
In clock cycle: 449101
Register Write to Reg: 0x02 Val: 0xFFFFFFFC
In clock cycle: 449101
Memory Write to Addr: 0x00000000 Val: 0x00000000
In clock cycle: 449103
Register Write to Reg: 0x0A Val: 0x101C7008
In clock cycle: 449104
Register Write to Reg: 0x0A Val: 0xFFFFF920
In clock cycle: 449105
Register Write to Reg: 0x0B Val: 0x101C7010
In clock cycle: 449106
Register Write to Reg: 0x0B Val: 0x00000000
In clock cycle: 449107
Register Write to Reg: 0x01 Val: 0x005B701C
In clock cycle: 449108
Register Write to Reg: 0x01 Val: 0x00000000
In clock cycle: 449109
Register Write to Reg: 0x02 Val: 0x00000000
In clock cycle: 450124
Register Write to Reg: 0x02 Val: 0xFFFFFFFC
In clock cycle: 450124
Memory Write to Addr: 0x00000000 Val: 0x00000000
In clock cycle: 450126
Register Write to Reg: 0x0A Val: 0x101C8008
In clock cycle: 450127
Register Write to Reg: 0x0A Val: 0xFFFFF91C
In clock cycle: 450128
Register Write to Reg: 0x0B Val: 0x101C8010
In clock cycle: 450129
Register Write to Reg: 0x0B Val: 0x00000000
In clock cycle: 450130
Register Write to Reg: 0x01 Val: 0x005B801C
In clock cycle: 450131
Register Write to Reg: 0x01 Val: 0x00000000
In clock cycle: 450132
Register Write to Reg: 0x02 Val: 0x00000000
In clock cycle: 451147
Register Write to Reg: 0x02 Val: 0xFFFFFFFC
In clock cycle: 451147
Memory Write to Addr: 0x00000000 Val: 0x00000000
In clock cycle: 451149
Register Write to Reg: 0x0A Val: 0x101C9008
In clock cycle: 451150
Register Write to Reg: 0x0A Val: 0xFFFFF918
In clock cycle: 451151
Register Write to Reg: 0x0B Val: 0x101C9010
In clock cycle: 451152
Register Write to Reg: 0x0B Val: 0x00000000
In clock cycle: 451153
Register Write to Reg: 0x01 Val: 0x005B901C
In clock cycle: 451154
Register Write to Reg: 0x01 Val: 0x00000000
In clock cycle: 451155
Register Write to Reg: 0x02 Val: 0x00000000
In clock cycle: 452170
Register Write to Reg: 0x02 Val: 0xFFFFFFFC
In clock cycle: 452170
Memory Write to Addr: 0x00000000 Val: 0x00000000
In clock cycle: 452172
Register Write to Reg: 0x0A Val: 0x101CA008
In clock cycle: 452173
Register Write to Reg: 0x0A Val: 0xFFFFF914
In clock cycle: 452174
Register Write to Reg: 0x0B Val: 0x101CA010
In clock cycle: 452175
Register Write to Reg: 0x0B Val: 0x00000000
In clock cycle: 452176
Register Write to Reg: 0x01 Val: 0x005BA01C
In clock cycle: 452177
Register Write to Reg: 0x01 Val: 0x00000000
In clock cycle: 452178
Register Write to Reg: 0x02 Val: 0x00000000
In clock cycle: 453193
Register Write to Reg: 0x02 Val: 0xFFFFFFFC
In clock cycle: 453193
Memory Write to Addr: 0x00000000 Val: 0x00000000
In clock cycle: 453195
Register Write to Reg: 0x0A Val: 0x101CB008
In clock cycle: 453196
Register Write to Reg: 0x0A Val: 0xFFFFF910
In clock cycle: 453197
Register Write to Reg: 0x0B Val: 0x101CB010
In clock cycle: 453198
Register Write to Reg: 0x0B Val: 0x00000000
In clock cycle: 453199
Register Write to Reg: 0x01 Val: 0x005BB01C
In clock cycle: 453200
Register Write to Reg: 0x01 Val: 0x00000000
In clock cycle: 453201
Register Write to Reg: 0x02 Val: 0x00000000
In clock cycle: 454216
Register Write to Reg: 0x02 Val: 0xFFFFFFFC
In clock cycle: 454216
Memory Write to Addr: 0x00000000 Val: 0x00000000
In clock cycle: 454218
Register Write to Reg: 0x0A Val: 0x101CC008
In clock cycle: 454219
Register Write to Reg: 0x0A Val: 0xFFFFF90C
In clock cycle: 454220
Register Write to Reg: 0x0B Val: 0x101CC010
In clock cycle: 454221
Register Write to Reg: 0x0B Val: 0x00000000
In clock cycle: 454222
Register Write to Reg: 0x01 Val: 0x005BC01C
In clock cycle: 454223
Register Write to Reg: 0x01 Val: 0x00000000
In clock cycle: 454224
Register Write to Reg: 0x02 Val: 0x00000000
In clock cycle: 455239
Register Write to Reg: 0x02 Val: 0xFFFFFFFC
In clock cycle: 455239
Memory Write to Addr: 0x00000000 Val: 0x00000000
In clock cycle: 455241
Register Write to Reg: 0x0A Val: 0x101CD008
In clock cycle: 455242
Register Write to Reg: 0x0A Val: 0xFFFFF908
In clock cycle: 455243
Register Write to Reg: 0x0B Val: 0x101CD010
In clock cycle: 455244
Register Write to Reg: 0x0B Val: 0x00000000
In clock cycle: 455245
Register Write to Reg: 0x01 Val: 0x005BD01C
In clock cycle: 455246
Register Write to Reg: 0x01 Val: 0x00000000
In clock cycle: 455247
Register Write to Reg: 0x02 Val: 0x00000000
In clock cycle: 456262
Register Write to Reg: 0x02 Val: 0xFFFFFFFC
In clock cycle: 456262
Memory Write to Addr: 0x00000000 Val: 0x00000000
In clock cycle: 456264
Register Write to Reg: 0x0A Val: 0x101CE008
In clock cycle: 456265
Register Write to Reg: 0x0A Val: 0xFFFFF904
In clock cycle: 456266
Register Write to Reg: 0x0B Val: 0x101CE010
In clock cycle: 456267
Register Write to Reg: 0x0B Val: 0x00000000
In clock cycle: 456268
Register Write to Reg: 0x01 Val: 0x005BE01C
In clock cycle: 456269
Register Write to Reg: 0x01 Val: 0x00000000
In clock cycle: 456270
Register Write to Reg: 0x02 Val: 0x00000000
In clock cycle: 457285
Register Write to Reg: 0x02 Val: 0xFFFFFFFC
In clock cycle: 457285
Memory Write to Addr: 0x00000000 Val: 0x00000000
In clock cycle: 457287
Register Write to Reg: 0x0A Val: 0x101CF008
In clock cycle: 457288
Register Write to Reg: 0x0A Val: 0xFFFFF900
In clock cycle: 457289
Register Write to Reg: 0x0B Val: 0x101CF010
In clock cycle: 457290
Register Write to Reg: 0x0B Val: 0x00000000
In clock cycle: 457291
Register Write to Reg: 0x01 Val: 0x005BF01C
In clock cycle: 457292
Register Write to Reg: 0x01 Val: 0x00000000
In clock cycle: 457293
Register Write to Reg: 0x02 Val: 0x00000000
In clock cycle: 458308
Register Write to Reg: 0x02 Val: 0xFFFFFFFC
In clock cycle: 458308
Memory Write to Addr: 0x00000000 Val: 0x00000000
In clock cycle: 458310
Register Write to Reg: 0x0A Val: 0x101D0008
In clock cycle: 458311
Register Write to Reg: 0x0A Val: 0xFFFFF8FC
In clock cycle: 458312
Register Write to Reg: 0x0B Val: 0x101D0010
In clock cycle: 458313
Register Write to Reg: 0x0B Val: 0x00000000
In clock cycle: 458314
Register Write to Reg: 0x01 Val: 0x005C001C
In clock cycle: 458315
Register Write to Reg: 0x01 Val: 0x00000000
In clock cycle: 458316
Register Write to Reg: 0x02 Val: 0x00000000
In clock cycle: 459331
Register Write to Reg: 0x02 Val: 0xFFFFFFFC
In clock cycle: 459331
Memory Write to Addr: 0x00000000 Val: 0x00000000
In clock cycle: 459333
Register Write to Reg: 0x0A Val: 0x101D1008
In clock cycle: 459334
Register Write to Reg: 0x0A Val: 0xFFFFF8F8
In clock cycle: 459335
Register Write to Reg: 0x0B Val: 0x101D1010
In clock cycle: 459336
Register Write to Reg: 0x0B Val: 0x00000000
In clock cycle: 459337
Register Write to Reg: 0x01 Val: 0x005C101C
In clock cycle: 459338
Register Write to Reg: 0x01 Val: 0x00000000
In clock cycle: 459339
Register Write to Reg: 0x02 Val: 0x00000000
In clock cycle: 460354
Register Write to Reg: 0x02 Val: 0xFFFFFFFC
In clock cycle: 460354
Memory Write to Addr: 0x00000000 Val: 0x00000000
In clock cycle: 460356
Register Write to Reg: 0x0A Val: 0x101D2008
In clock cycle: 460357
Register Write to Reg: 0x0A Val: 0xFFFFF8F4
In clock cycle: 460358
Register Write to Reg: 0x0B Val: 0x101D2010
In clock cycle: 460359
Register Write to Reg: 0x0B Val: 0x00000000
In clock cycle: 460360
Register Write to Reg: 0x01 Val: 0x005C201C
In clock cycle: 460361
Register Write to Reg: 0x01 Val: 0x00000000
In clock cycle: 460362
Register Write to Reg: 0x02 Val: 0x00000000
In clock cycle: 461377
Register Write to Reg: 0x02 Val: 0xFFFFFFFC
In clock cycle: 461377
Memory Write to Addr: 0x00000000 Val: 0x00000000
In clock cycle: 461379
Register Write to Reg: 0x0A Val: 0x101D3008
In clock cycle: 461380
Register Write to Reg: 0x0A Val: 0xFFFFF8F0
In clock cycle: 461381
Register Write to Reg: 0x0B Val: 0x101D3010
In clock cycle: 461382
Register Write to Reg: 0x0B Val: 0x00000000
In clock cycle: 461383
Register Write to Reg: 0x01 Val: 0x005C301C
In clock cycle: 461384
Register Write to Reg: 0x01 Val: 0x00000000
In clock cycle: 461385
Register Write to Reg: 0x02 Val: 0x00000000
In clock cycle: 462400
Register Write to Reg: 0x02 Val: 0xFFFFFFFC
In clock cycle: 462400
Memory Write to Addr: 0x00000000 Val: 0x00000000
In clock cycle: 462402
Register Write to Reg: 0x0A Val: 0x101D4008
In clock cycle: 462403
Register Write to Reg: 0x0A Val: 0xFFFFF8EC
In clock cycle: 462404
Register Write to Reg: 0x0B Val: 0x101D4010
In clock cycle: 462405
Register Write to Reg: 0x0B Val: 0x00000000
In clock cycle: 462406
Register Write to Reg: 0x01 Val: 0x005C401C
In clock cycle: 462407
Register Write to Reg: 0x01 Val: 0x00000000
In clock cycle: 462408
Register Write to Reg: 0x02 Val: 0x00000000
In clock cycle: 463423
Register Write to Reg: 0x02 Val: 0xFFFFFFFC
In clock cycle: 463423
Memory Write to Addr: 0x00000000 Val: 0x00000000
In clock cycle: 463425
Register Write to Reg: 0x0A Val: 0x101D5008
In clock cycle: 463426
Register Write to Reg: 0x0A Val: 0xFFFFF8E8
In clock cycle: 463427
Register Write to Reg: 0x0B Val: 0x101D5010
In clock cycle: 463428
Register Write to Reg: 0x0B Val: 0x00000000
In clock cycle: 463429
Register Write to Reg: 0x01 Val: 0x005C501C
In clock cycle: 463430
Register Write to Reg: 0x01 Val: 0x00000000
In clock cycle: 463431
Register Write to Reg: 0x02 Val: 0x00000000
In clock cycle: 464446
Register Write to Reg: 0x02 Val: 0xFFFFFFFC
In clock cycle: 464446
Memory Write to Addr: 0x00000000 Val: 0x00000000
In clock cycle: 464448
Register Write to Reg: 0x0A Val: 0x101D6008
In clock cycle: 464449
Register Write to Reg: 0x0A Val: 0xFFFFF8E4
In clock cycle: 464450
Register Write to Reg: 0x0B Val: 0x101D6010
In clock cycle: 464451
Register Write to Reg: 0x0B Val: 0x00000000
In clock cycle: 464452
Register Write to Reg: 0x01 Val: 0x005C601C
In clock cycle: 464453
Register Write to Reg: 0x01 Val: 0x00000000
In clock cycle: 464454
Register Write to Reg: 0x02 Val: 0x00000000
In clock cycle: 465469
Register Write to Reg: 0x02 Val: 0xFFFFFFFC
In clock cycle: 465469
Memory Write to Addr: 0x00000000 Val: 0x00000000
In clock cycle: 465471
Register Write to Reg: 0x0A Val: 0x101D7008
In clock cycle: 465472
Register Write to Reg: 0x0A Val: 0xFFFFF8E0
In clock cycle: 465473
Register Write to Reg: 0x0B Val: 0x101D7010
In clock cycle: 465474
Register Write to Reg: 0x0B Val: 0x00000000
In clock cycle: 465475
Register Write to Reg: 0x01 Val: 0x005C701C
In clock cycle: 465476
Register Write to Reg: 0x01 Val: 0x00000000
In clock cycle: 465477
Register Write to Reg: 0x02 Val: 0x00000000
In clock cycle: 466492
Register Write to Reg: 0x02 Val: 0xFFFFFFFC
In clock cycle: 466492
Memory Write to Addr: 0x00000000 Val: 0x00000000
In clock cycle: 466494
Register Write to Reg: 0x0A Val: 0x101D8008
In clock cycle: 466495
Register Write to Reg: 0x0A Val: 0xFFFFF8DC
In clock cycle: 466496
Register Write to Reg: 0x0B Val: 0x101D8010
In clock cycle: 466497
Register Write to Reg: 0x0B Val: 0x00000000
In clock cycle: 466498
Register Write to Reg: 0x01 Val: 0x005C801C
In clock cycle: 466499
Register Write to Reg: 0x01 Val: 0x00000000
In clock cycle: 466500
Register Write to Reg: 0x02 Val: 0x00000000
In clock cycle: 467515
Register Write to Reg: 0x02 Val: 0xFFFFFFFC
In clock cycle: 467515
Memory Write to Addr: 0x00000000 Val: 0x00000000
In clock cycle: 467517
Register Write to Reg: 0x0A Val: 0x101D9008
In clock cycle: 467518
Register Write to Reg: 0x0A Val: 0xFFFFF8D8
In clock cycle: 467519
Register Write to Reg: 0x0B Val: 0x101D9010
In clock cycle: 467520
Register Write to Reg: 0x0B Val: 0x00000000
In clock cycle: 467521
Register Write to Reg: 0x01 Val: 0x005C901C
In clock cycle: 467522
Register Write to Reg: 0x01 Val: 0x00000000
In clock cycle: 467523
Register Write to Reg: 0x02 Val: 0x00000000
In clock cycle: 468538
Register Write to Reg: 0x02 Val: 0xFFFFFFFC
In clock cycle: 468538
Memory Write to Addr: 0x00000000 Val: 0x00000000
In clock cycle: 468540
Register Write to Reg: 0x0A Val: 0x101DA008
In clock cycle: 468541
Register Write to Reg: 0x0A Val: 0xFFFFF8D4
In clock cycle: 468542
Register Write to Reg: 0x0B Val: 0x101DA010
In clock cycle: 468543
Register Write to Reg: 0x0B Val: 0x00000000
In clock cycle: 468544
Register Write to Reg: 0x01 Val: 0x005CA01C
In clock cycle: 468545
Register Write to Reg: 0x01 Val: 0x00000000
In clock cycle: 468546
Register Write to Reg: 0x02 Val: 0x00000000
In clock cycle: 469561
Register Write to Reg: 0x02 Val: 0xFFFFFFFC
In clock cycle: 469561
Memory Write to Addr: 0x00000000 Val: 0x00000000
In clock cycle: 469563
Register Write to Reg: 0x0A Val: 0x101DB008
In clock cycle: 469564
Register Write to Reg: 0x0A Val: 0xFFFFF8D0
In clock cycle: 469565
Register Write to Reg: 0x0B Val: 0x101DB010
In clock cycle: 469566
Register Write to Reg: 0x0B Val: 0x00000000
In clock cycle: 469567
Register Write to Reg: 0x01 Val: 0x005CB01C
In clock cycle: 469568
Register Write to Reg: 0x01 Val: 0x00000000
In clock cycle: 469569
Register Write to Reg: 0x02 Val: 0x00000000
In clock cycle: 470584
Register Write to Reg: 0x02 Val: 0xFFFFFFFC
In clock cycle: 470584
Memory Write to Addr: 0x00000000 Val: 0x00000000
In clock cycle: 470586
Register Write to Reg: 0x0A Val: 0x101DC008
In clock cycle: 470587
Register Write to Reg: 0x0A Val: 0xFFFFF8CC
In clock cycle: 470588
Register Write to Reg: 0x0B Val: 0x101DC010
In clock cycle: 470589
Register Write to Reg: 0x0B Val: 0x00000000
In clock cycle: 470590
Register Write to Reg: 0x01 Val: 0x005CC01C
In clock cycle: 470591
Register Write to Reg: 0x01 Val: 0x00000000
In clock cycle: 470592
Register Write to Reg: 0x02 Val: 0x00000000
In clock cycle: 471607
Register Write to Reg: 0x02 Val: 0xFFFFFFFC
In clock cycle: 471607
Memory Write to Addr: 0x00000000 Val: 0x00000000
In clock cycle: 471609
Register Write to Reg: 0x0A Val: 0x101DD008
In clock cycle: 471610
Register Write to Reg: 0x0A Val: 0xFFFFF8C8
In clock cycle: 471611
Register Write to Reg: 0x0B Val: 0x101DD010
In clock cycle: 471612
Register Write to Reg: 0x0B Val: 0x00000000
In clock cycle: 471613
Register Write to Reg: 0x01 Val: 0x005CD01C
In clock cycle: 471614
Register Write to Reg: 0x01 Val: 0x00000000
In clock cycle: 471615
Register Write to Reg: 0x02 Val: 0x00000000
In clock cycle: 472630
Register Write to Reg: 0x02 Val: 0xFFFFFFFC
In clock cycle: 472630
Memory Write to Addr: 0x00000000 Val: 0x00000000
In clock cycle: 472632
Register Write to Reg: 0x0A Val: 0x101DE008
In clock cycle: 472633
Register Write to Reg: 0x0A Val: 0xFFFFF8C4
In clock cycle: 472634
Register Write to Reg: 0x0B Val: 0x101DE010
In clock cycle: 472635
Register Write to Reg: 0x0B Val: 0x00000000
In clock cycle: 472636
Register Write to Reg: 0x01 Val: 0x005CE01C
In clock cycle: 472637
Register Write to Reg: 0x01 Val: 0x00000000
In clock cycle: 472638
Register Write to Reg: 0x02 Val: 0x00000000
In clock cycle: 473653
Register Write to Reg: 0x02 Val: 0xFFFFFFFC
In clock cycle: 473653
Memory Write to Addr: 0x00000000 Val: 0x00000000
In clock cycle: 473655
Register Write to Reg: 0x0A Val: 0x101DF008
In clock cycle: 473656
Register Write to Reg: 0x0A Val: 0xFFFFF8C0
In clock cycle: 473657
Register Write to Reg: 0x0B Val: 0x101DF010
In clock cycle: 473658
Register Write to Reg: 0x0B Val: 0x00000000
In clock cycle: 473659
Register Write to Reg: 0x01 Val: 0x005CF01C
In clock cycle: 473660
Register Write to Reg: 0x01 Val: 0x00000000
In clock cycle: 473661
Register Write to Reg: 0x02 Val: 0x00000000
In clock cycle: 474676
Register Write to Reg: 0x02 Val: 0xFFFFFFFC
In clock cycle: 474676
Memory Write to Addr: 0x00000000 Val: 0x00000000
In clock cycle: 474678
Register Write to Reg: 0x0A Val: 0x101E0008
In clock cycle: 474679
Register Write to Reg: 0x0A Val: 0xFFFFF8BC
In clock cycle: 474680
Register Write to Reg: 0x0B Val: 0x101E0010
In clock cycle: 474681
Register Write to Reg: 0x0B Val: 0x00000000
In clock cycle: 474682
Register Write to Reg: 0x01 Val: 0x005D001C
In clock cycle: 474683
Register Write to Reg: 0x01 Val: 0x00000000
In clock cycle: 474684
Register Write to Reg: 0x02 Val: 0x00000000
In clock cycle: 475699
Register Write to Reg: 0x02 Val: 0xFFFFFFFC
In clock cycle: 475699
Memory Write to Addr: 0x00000000 Val: 0x00000000
In clock cycle: 475701
Register Write to Reg: 0x0A Val: 0x101E1008
In clock cycle: 475702
Register Write to Reg: 0x0A Val: 0xFFFFF8B8
In clock cycle: 475703
Register Write to Reg: 0x0B Val: 0x101E1010
In clock cycle: 475704
Register Write to Reg: 0x0B Val: 0x00000000
In clock cycle: 475705
Register Write to Reg: 0x01 Val: 0x005D101C
In clock cycle: 475706
Register Write to Reg: 0x01 Val: 0x00000000
In clock cycle: 475707
Register Write to Reg: 0x02 Val: 0x00000000
In clock cycle: 476722
Register Write to Reg: 0x02 Val: 0xFFFFFFFC
In clock cycle: 476722
Memory Write to Addr: 0x00000000 Val: 0x00000000
In clock cycle: 476724
Register Write to Reg: 0x0A Val: 0x101E2008
In clock cycle: 476725
Register Write to Reg: 0x0A Val: 0xFFFFF8B4
In clock cycle: 476726
Register Write to Reg: 0x0B Val: 0x101E2010
In clock cycle: 476727
Register Write to Reg: 0x0B Val: 0x00000000
In clock cycle: 476728
Register Write to Reg: 0x01 Val: 0x005D201C
In clock cycle: 476729
Register Write to Reg: 0x01 Val: 0x00000000
In clock cycle: 476730
Register Write to Reg: 0x02 Val: 0x00000000
In clock cycle: 477745
Register Write to Reg: 0x02 Val: 0xFFFFFFFC
In clock cycle: 477745
Memory Write to Addr: 0x00000000 Val: 0x00000000
In clock cycle: 477747
Register Write to Reg: 0x0A Val: 0x101E3008
In clock cycle: 477748
Register Write to Reg: 0x0A Val: 0xFFFFF8B0
In clock cycle: 477749
Register Write to Reg: 0x0B Val: 0x101E3010
In clock cycle: 477750
Register Write to Reg: 0x0B Val: 0x00000000
In clock cycle: 477751
Register Write to Reg: 0x01 Val: 0x005D301C
In clock cycle: 477752
Register Write to Reg: 0x01 Val: 0x00000000
In clock cycle: 477753
Register Write to Reg: 0x02 Val: 0x00000000
In clock cycle: 478768
Register Write to Reg: 0x02 Val: 0xFFFFFFFC
In clock cycle: 478768
Memory Write to Addr: 0x00000000 Val: 0x00000000
In clock cycle: 478770
Register Write to Reg: 0x0A Val: 0x101E4008
In clock cycle: 478771
Register Write to Reg: 0x0A Val: 0xFFFFF8AC
In clock cycle: 478772
Register Write to Reg: 0x0B Val: 0x101E4010
In clock cycle: 478773
Register Write to Reg: 0x0B Val: 0x00000000
In clock cycle: 478774
Register Write to Reg: 0x01 Val: 0x005D401C
In clock cycle: 478775
Register Write to Reg: 0x01 Val: 0x00000000
In clock cycle: 478776
Register Write to Reg: 0x02 Val: 0x00000000
In clock cycle: 479791
Register Write to Reg: 0x02 Val: 0xFFFFFFFC
In clock cycle: 479791
Memory Write to Addr: 0x00000000 Val: 0x00000000
In clock cycle: 479793
Register Write to Reg: 0x0A Val: 0x101E5008
In clock cycle: 479794
Register Write to Reg: 0x0A Val: 0xFFFFF8A8
In clock cycle: 479795
Register Write to Reg: 0x0B Val: 0x101E5010
In clock cycle: 479796
Register Write to Reg: 0x0B Val: 0x00000000
In clock cycle: 479797
Register Write to Reg: 0x01 Val: 0x005D501C
In clock cycle: 479798
Register Write to Reg: 0x01 Val: 0x00000000
In clock cycle: 479799
Register Write to Reg: 0x02 Val: 0x00000000
In clock cycle: 480814
Register Write to Reg: 0x02 Val: 0xFFFFFFFC
In clock cycle: 480814
Memory Write to Addr: 0x00000000 Val: 0x00000000
In clock cycle: 480816
Register Write to Reg: 0x0A Val: 0x101E6008
In clock cycle: 480817
Register Write to Reg: 0x0A Val: 0xFFFFF8A4
In clock cycle: 480818
Register Write to Reg: 0x0B Val: 0x101E6010
In clock cycle: 480819
Register Write to Reg: 0x0B Val: 0x00000000
In clock cycle: 480820
Register Write to Reg: 0x01 Val: 0x005D601C
In clock cycle: 480821
Register Write to Reg: 0x01 Val: 0x00000000
In clock cycle: 480822
Register Write to Reg: 0x02 Val: 0x00000000
In clock cycle: 481837
Register Write to Reg: 0x02 Val: 0xFFFFFFFC
In clock cycle: 481837
Memory Write to Addr: 0x00000000 Val: 0x00000000
In clock cycle: 481839
Register Write to Reg: 0x0A Val: 0x101E7008
In clock cycle: 481840
Register Write to Reg: 0x0A Val: 0xFFFFF8A0
In clock cycle: 481841
Register Write to Reg: 0x0B Val: 0x101E7010
In clock cycle: 481842
Register Write to Reg: 0x0B Val: 0x00000000
In clock cycle: 481843
Register Write to Reg: 0x01 Val: 0x005D701C
In clock cycle: 481844
Register Write to Reg: 0x01 Val: 0x00000000
In clock cycle: 481845
Register Write to Reg: 0x02 Val: 0x00000000
In clock cycle: 482860
Register Write to Reg: 0x02 Val: 0xFFFFFFFC
In clock cycle: 482860
Memory Write to Addr: 0x00000000 Val: 0x00000000
In clock cycle: 482862
Register Write to Reg: 0x0A Val: 0x101E8008
In clock cycle: 482863
Register Write to Reg: 0x0A Val: 0xFFFFF89C
In clock cycle: 482864
Register Write to Reg: 0x0B Val: 0x101E8010
In clock cycle: 482865
Register Write to Reg: 0x0B Val: 0x00000000
In clock cycle: 482866
Register Write to Reg: 0x01 Val: 0x005D801C
In clock cycle: 482867
Register Write to Reg: 0x01 Val: 0x00000000
In clock cycle: 482868
Register Write to Reg: 0x02 Val: 0x00000000
In clock cycle: 483883
Register Write to Reg: 0x02 Val: 0xFFFFFFFC
In clock cycle: 483883
Memory Write to Addr: 0x00000000 Val: 0x00000000
In clock cycle: 483885
Register Write to Reg: 0x0A Val: 0x101E9008
In clock cycle: 483886
Register Write to Reg: 0x0A Val: 0xFFFFF898
In clock cycle: 483887
Register Write to Reg: 0x0B Val: 0x101E9010
In clock cycle: 483888
Register Write to Reg: 0x0B Val: 0x00000000
In clock cycle: 483889
Register Write to Reg: 0x01 Val: 0x005D901C
In clock cycle: 483890
Register Write to Reg: 0x01 Val: 0x00000000
In clock cycle: 483891
Register Write to Reg: 0x02 Val: 0x00000000
In clock cycle: 484906
Register Write to Reg: 0x02 Val: 0xFFFFFFFC
In clock cycle: 484906
Memory Write to Addr: 0x00000000 Val: 0x00000000
In clock cycle: 484908
Register Write to Reg: 0x0A Val: 0x101EA008
In clock cycle: 484909
Register Write to Reg: 0x0A Val: 0xFFFFF894
In clock cycle: 484910
Register Write to Reg: 0x0B Val: 0x101EA010
In clock cycle: 484911
Register Write to Reg: 0x0B Val: 0x00000000
In clock cycle: 484912
Register Write to Reg: 0x01 Val: 0x005DA01C
In clock cycle: 484913
Register Write to Reg: 0x01 Val: 0x00000000
In clock cycle: 484914
Register Write to Reg: 0x02 Val: 0x00000000
In clock cycle: 485929
Register Write to Reg: 0x02 Val: 0xFFFFFFFC
In clock cycle: 485929
Memory Write to Addr: 0x00000000 Val: 0x00000000
In clock cycle: 485931
Register Write to Reg: 0x0A Val: 0x101EB008
In clock cycle: 485932
Register Write to Reg: 0x0A Val: 0xFFFFF890
In clock cycle: 485933
Register Write to Reg: 0x0B Val: 0x101EB010
In clock cycle: 485934
Register Write to Reg: 0x0B Val: 0x00000000
In clock cycle: 485935
Register Write to Reg: 0x01 Val: 0x005DB01C
In clock cycle: 485936
Register Write to Reg: 0x01 Val: 0x00000000
In clock cycle: 485937
Register Write to Reg: 0x02 Val: 0x00000000
In clock cycle: 486952
Register Write to Reg: 0x02 Val: 0xFFFFFFFC
In clock cycle: 486952
Memory Write to Addr: 0x00000000 Val: 0x00000000
In clock cycle: 486954
Register Write to Reg: 0x0A Val: 0x101EC008
In clock cycle: 486955
Register Write to Reg: 0x0A Val: 0xFFFFF88C
In clock cycle: 486956
Register Write to Reg: 0x0B Val: 0x101EC010
In clock cycle: 486957
Register Write to Reg: 0x0B Val: 0x00000000
In clock cycle: 486958
Register Write to Reg: 0x01 Val: 0x005DC01C
In clock cycle: 486959
Register Write to Reg: 0x01 Val: 0x00000000
In clock cycle: 486960
Register Write to Reg: 0x02 Val: 0x00000000
In clock cycle: 487975
Register Write to Reg: 0x02 Val: 0xFFFFFFFC
In clock cycle: 487975
Memory Write to Addr: 0x00000000 Val: 0x00000000
In clock cycle: 487977
Register Write to Reg: 0x0A Val: 0x101ED008
In clock cycle: 487978
Register Write to Reg: 0x0A Val: 0xFFFFF888
In clock cycle: 487979
Register Write to Reg: 0x0B Val: 0x101ED010
In clock cycle: 487980
Register Write to Reg: 0x0B Val: 0x00000000
In clock cycle: 487981
Register Write to Reg: 0x01 Val: 0x005DD01C
In clock cycle: 487982
Register Write to Reg: 0x01 Val: 0x00000000
In clock cycle: 487983
Register Write to Reg: 0x02 Val: 0x00000000
In clock cycle: 488998
Register Write to Reg: 0x02 Val: 0xFFFFFFFC
In clock cycle: 488998
Memory Write to Addr: 0x00000000 Val: 0x00000000
In clock cycle: 489000
Register Write to Reg: 0x0A Val: 0x101EE008
In clock cycle: 489001
Register Write to Reg: 0x0A Val: 0xFFFFF884
In clock cycle: 489002
Register Write to Reg: 0x0B Val: 0x101EE010
In clock cycle: 489003
Register Write to Reg: 0x0B Val: 0x00000000
In clock cycle: 489004
Register Write to Reg: 0x01 Val: 0x005DE01C
In clock cycle: 489005
Register Write to Reg: 0x01 Val: 0x00000000
In clock cycle: 489006
Register Write to Reg: 0x02 Val: 0x00000000
In clock cycle: 490021
Register Write to Reg: 0x02 Val: 0xFFFFFFFC
In clock cycle: 490021
Memory Write to Addr: 0x00000000 Val: 0x00000000
In clock cycle: 490023
Register Write to Reg: 0x0A Val: 0x101EF008
In clock cycle: 490024
Register Write to Reg: 0x0A Val: 0xFFFFF880
In clock cycle: 490025
Register Write to Reg: 0x0B Val: 0x101EF010
In clock cycle: 490026
Register Write to Reg: 0x0B Val: 0x00000000
In clock cycle: 490027
Register Write to Reg: 0x01 Val: 0x005DF01C
In clock cycle: 490028
Register Write to Reg: 0x01 Val: 0x00000000
In clock cycle: 490029
Register Write to Reg: 0x02 Val: 0x00000000
In clock cycle: 491044
Register Write to Reg: 0x02 Val: 0xFFFFFFFC
In clock cycle: 491044
Memory Write to Addr: 0x00000000 Val: 0x00000000
In clock cycle: 491046
Register Write to Reg: 0x0A Val: 0x101F0008
In clock cycle: 491047
Register Write to Reg: 0x0A Val: 0xFFFFF87C
In clock cycle: 491048
Register Write to Reg: 0x0B Val: 0x101F0010
In clock cycle: 491049
Register Write to Reg: 0x0B Val: 0x00000000
In clock cycle: 491050
Register Write to Reg: 0x01 Val: 0x005E001C
In clock cycle: 491051
Register Write to Reg: 0x01 Val: 0x00000000
In clock cycle: 491052
Register Write to Reg: 0x02 Val: 0x00000000
In clock cycle: 492067
Register Write to Reg: 0x02 Val: 0xFFFFFFFC
In clock cycle: 492067
Memory Write to Addr: 0x00000000 Val: 0x00000000
In clock cycle: 492069
Register Write to Reg: 0x0A Val: 0x101F1008
In clock cycle: 492070
Register Write to Reg: 0x0A Val: 0xFFFFF878
In clock cycle: 492071
Register Write to Reg: 0x0B Val: 0x101F1010
In clock cycle: 492072
Register Write to Reg: 0x0B Val: 0x00000000
In clock cycle: 492073
Register Write to Reg: 0x01 Val: 0x005E101C
In clock cycle: 492074
Register Write to Reg: 0x01 Val: 0x00000000
In clock cycle: 492075
Register Write to Reg: 0x02 Val: 0x00000000
In clock cycle: 493090
Register Write to Reg: 0x02 Val: 0xFFFFFFFC
In clock cycle: 493090
Memory Write to Addr: 0x00000000 Val: 0x00000000
In clock cycle: 493092
Register Write to Reg: 0x0A Val: 0x101F2008
In clock cycle: 493093
Register Write to Reg: 0x0A Val: 0xFFFFF874
In clock cycle: 493094
Register Write to Reg: 0x0B Val: 0x101F2010
In clock cycle: 493095
Register Write to Reg: 0x0B Val: 0x00000000
In clock cycle: 493096
Register Write to Reg: 0x01 Val: 0x005E201C
In clock cycle: 493097
Register Write to Reg: 0x01 Val: 0x00000000
In clock cycle: 493098
Register Write to Reg: 0x02 Val: 0x00000000
In clock cycle: 494113
Register Write to Reg: 0x02 Val: 0xFFFFFFFC
In clock cycle: 494113
Memory Write to Addr: 0x00000000 Val: 0x00000000
In clock cycle: 494115
Register Write to Reg: 0x0A Val: 0x101F3008
In clock cycle: 494116
Register Write to Reg: 0x0A Val: 0xFFFFF870
In clock cycle: 494117
Register Write to Reg: 0x0B Val: 0x101F3010
In clock cycle: 494118
Register Write to Reg: 0x0B Val: 0x00000000
In clock cycle: 494119
Register Write to Reg: 0x01 Val: 0x005E301C
In clock cycle: 494120
Register Write to Reg: 0x01 Val: 0x00000000
In clock cycle: 494121
Register Write to Reg: 0x02 Val: 0x00000000
In clock cycle: 495136
Register Write to Reg: 0x02 Val: 0xFFFFFFFC
In clock cycle: 495136
Memory Write to Addr: 0x00000000 Val: 0x00000000
In clock cycle: 495138
Register Write to Reg: 0x0A Val: 0x101F4008
In clock cycle: 495139
Register Write to Reg: 0x0A Val: 0xFFFFF86C
In clock cycle: 495140
Register Write to Reg: 0x0B Val: 0x101F4010
In clock cycle: 495141
Register Write to Reg: 0x0B Val: 0x00000000
In clock cycle: 495142
Register Write to Reg: 0x01 Val: 0x005E401C
In clock cycle: 495143
Register Write to Reg: 0x01 Val: 0x00000000
In clock cycle: 495144
Register Write to Reg: 0x02 Val: 0x00000000
In clock cycle: 496159
Register Write to Reg: 0x02 Val: 0xFFFFFFFC
In clock cycle: 496159
Memory Write to Addr: 0x00000000 Val: 0x00000000
In clock cycle: 496161
Register Write to Reg: 0x0A Val: 0x101F5008
In clock cycle: 496162
Register Write to Reg: 0x0A Val: 0xFFFFF868
In clock cycle: 496163
Register Write to Reg: 0x0B Val: 0x101F5010
In clock cycle: 496164
Register Write to Reg: 0x0B Val: 0x00000000
In clock cycle: 496165
Register Write to Reg: 0x01 Val: 0x005E501C
In clock cycle: 496166
Register Write to Reg: 0x01 Val: 0x00000000
In clock cycle: 496167
Register Write to Reg: 0x02 Val: 0x00000000
In clock cycle: 497182
Register Write to Reg: 0x02 Val: 0xFFFFFFFC
In clock cycle: 497182
Memory Write to Addr: 0x00000000 Val: 0x00000000
In clock cycle: 497184
Register Write to Reg: 0x0A Val: 0x101F6008
In clock cycle: 497185
Register Write to Reg: 0x0A Val: 0xFFFFF864
In clock cycle: 497186
Register Write to Reg: 0x0B Val: 0x101F6010
In clock cycle: 497187
Register Write to Reg: 0x0B Val: 0x00000000
In clock cycle: 497188
Register Write to Reg: 0x01 Val: 0x005E601C
In clock cycle: 497189
Register Write to Reg: 0x01 Val: 0x00000000
In clock cycle: 497190
Register Write to Reg: 0x02 Val: 0x00000000
In clock cycle: 498205
Register Write to Reg: 0x02 Val: 0xFFFFFFFC
In clock cycle: 498205
Memory Write to Addr: 0x00000000 Val: 0x00000000
In clock cycle: 498207
Register Write to Reg: 0x0A Val: 0x101F7008
In clock cycle: 498208
Register Write to Reg: 0x0A Val: 0xFFFFF860
In clock cycle: 498209
Register Write to Reg: 0x0B Val: 0x101F7010
In clock cycle: 498210
Register Write to Reg: 0x0B Val: 0x00000000
In clock cycle: 498211
Register Write to Reg: 0x01 Val: 0x005E701C
In clock cycle: 498212
Register Write to Reg: 0x01 Val: 0x00000000
In clock cycle: 498213
Register Write to Reg: 0x02 Val: 0x00000000
In clock cycle: 499228
Register Write to Reg: 0x02 Val: 0xFFFFFFFC
In clock cycle: 499228
Memory Write to Addr: 0x00000000 Val: 0x00000000
In clock cycle: 499230
Register Write to Reg: 0x0A Val: 0x101F8008
In clock cycle: 499231
Register Write to Reg: 0x0A Val: 0xFFFFF85C
In clock cycle: 499232
Register Write to Reg: 0x0B Val: 0x101F8010
In clock cycle: 499233
Register Write to Reg: 0x0B Val: 0x00000000
In clock cycle: 499234
Register Write to Reg: 0x01 Val: 0x005E801C
In clock cycle: 499235
Register Write to Reg: 0x01 Val: 0x00000000
In clock cycle: 499236
Register Write to Reg: 0x02 Val: 0x00000000
