Timing Analyzer report for toolflow
Sun May 24 18:33:29 2026
Quartus Prime Version 20.1.1 Build 720 11/11/2020 SJ Standard Edition


---------------------
; Table of Contents ;
---------------------
  1. Legal Notice
  2. Timing Analyzer Summary
  3. Parallel Compilation
  4. SDC File List
  5. Clocks
  6. Slow 1200mV 85C Model Fmax Summary
  7. Timing Closure Recommendations
  8. Slow 1200mV 85C Model Setup Summary
  9. Slow 1200mV 85C Model Hold Summary
 10. Slow 1200mV 85C Model Recovery Summary
 11. Slow 1200mV 85C Model Removal Summary
 12. Slow 1200mV 85C Model Minimum Pulse Width Summary
 13. Slow 1200mV 85C Model Setup: 'iCLK'
 14. Slow 1200mV 85C Model Hold: 'iCLK'
 15. Slow 1200mV 85C Model Metastability Summary
 16. Slow 1200mV 0C Model Fmax Summary
 17. Slow 1200mV 0C Model Setup Summary
 18. Slow 1200mV 0C Model Hold Summary
 19. Slow 1200mV 0C Model Recovery Summary
 20. Slow 1200mV 0C Model Removal Summary
 21. Slow 1200mV 0C Model Minimum Pulse Width Summary
 22. Slow 1200mV 0C Model Setup: 'iCLK'
 23. Slow 1200mV 0C Model Hold: 'iCLK'
 24. Slow 1200mV 0C Model Metastability Summary
 25. Fast 1200mV 0C Model Setup Summary
 26. Fast 1200mV 0C Model Hold Summary
 27. Fast 1200mV 0C Model Recovery Summary
 28. Fast 1200mV 0C Model Removal Summary
 29. Fast 1200mV 0C Model Minimum Pulse Width Summary
 30. Fast 1200mV 0C Model Setup: 'iCLK'
 31. Fast 1200mV 0C Model Hold: 'iCLK'
 32. Fast 1200mV 0C Model Metastability Summary
 33. Multicorner Timing Analysis Summary
 34. Board Trace Model Assignments
 35. Input Transition Times
 36. Signal Integrity Metrics (Slow 1200mv 0c Model)
 37. Signal Integrity Metrics (Slow 1200mv 85c Model)
 38. Signal Integrity Metrics (Fast 1200mv 0c Model)
 39. Setup Transfers
 40. Hold Transfers
 41. Report TCCS
 42. Report RSKM
 43. Unconstrained Paths Summary
 44. Clock Status Summary
 45. Unconstrained Input Ports
 46. Unconstrained Output Ports
 47. Unconstrained Input Ports
 48. Unconstrained Output Ports
 49. Timing Analyzer Messages



----------------
; Legal Notice ;
----------------
Copyright (C) 2020  Intel Corporation. All rights reserved.
Your use of Intel Corporation's design tools, logic functions 
and other software and tools, and any partner logic 
functions, and any output files from any of the foregoing 
(including device programming or simulation files), and any 
associated documentation or information are expressly subject 
to the terms and conditions of the Intel Program License 
Subscription Agreement, the Intel Quartus Prime License Agreement,
the Intel FPGA IP License Agreement, or other applicable license
agreement, including, without limitation, that your use is for
the sole purpose of programming logic devices manufactured by
Intel and sold by Intel or its authorized distributors.  Please
refer to the applicable agreement for further details, at
https://fpgasoftware.intel.com/eula.



+---------------------------------------------------------------------------------+
; Timing Analyzer Summary                                                         ;
+-----------------------+---------------------------------------------------------+
; Quartus Prime Version ; Version 20.1.1 Build 720 11/11/2020 SJ Standard Edition ;
; Timing Analyzer       ; Legacy Timing Analyzer                                  ;
; Revision Name         ; toolflow                                                ;
; Device Family         ; Cyclone IV E                                            ;
; Device Name           ; EP4CE115F29C7                                           ;
; Timing Models         ; Final                                                   ;
; Delay Model           ; Combined                                                ;
; Rise/Fall Delays      ; Enabled                                                 ;
+-----------------------+---------------------------------------------------------+


+------------------------------------------+
; Parallel Compilation                     ;
+----------------------------+-------------+
; Processors                 ; Number      ;
+----------------------------+-------------+
; Number detected on machine ; 20          ;
; Maximum allowed            ; 12          ;
;                            ;             ;
; Average used               ; 1.74        ;
; Maximum used               ; 12          ;
;                            ;             ;
; Usage by Processor         ; % Time Used ;
;     Processor 1            ; 100.0%      ;
;     Processor 2            ;  30.7%      ;
;     Processor 3            ;   6.8%      ;
;     Processor 4            ;   6.5%      ;
;     Processors 5-12        ;   3.7%      ;
+----------------------------+-------------+


+---------------------------------------------------+
; SDC File List                                     ;
+---------------+--------+--------------------------+
; SDC File Path ; Status ; Read at                  ;
+---------------+--------+--------------------------+
; toolflow.sdc  ; OK     ; Sun May 24 18:33:11 2026 ;
+---------------+--------+--------------------------+


+----------------------------------------------------------------------------------------------------------------------------------------------------------------------------------+
; Clocks                                                                                                                                                                           ;
+------------+------+--------+-----------+-------+--------+------------+-----------+-------------+-------+--------+-----------+------------+----------+--------+--------+----------+
; Clock Name ; Type ; Period ; Frequency ; Rise  ; Fall   ; Duty Cycle ; Divide by ; Multiply by ; Phase ; Offset ; Edge List ; Edge Shift ; Inverted ; Master ; Source ; Targets  ;
+------------+------+--------+-----------+-------+--------+------------+-----------+-------------+-------+--------+-----------+------------+----------+--------+--------+----------+
; iCLK       ; Base ; 20.000 ; 50.0 MHz  ; 0.000 ; 10.000 ;            ;           ;             ;       ;        ;           ;            ;          ;        ;        ; { iCLK } ;
+------------+------+--------+-----------+-------+--------+------------+-----------+-------------+-------+--------+-----------+------------+----------+--------+--------+----------+


+-------------------------------------------------+
; Slow 1200mV 85C Model Fmax Summary              ;
+-----------+-----------------+------------+------+
; Fmax      ; Restricted Fmax ; Clock Name ; Note ;
+-----------+-----------------+------------+------+
; 47.46 MHz ; 47.46 MHz       ; iCLK       ;      ;
+-----------+-----------------+------------+------+
This panel reports FMAX for every clock in the design, regardless of the user-specified clock periods.  FMAX is only computed for paths where the source and destination registers or ports are driven by the same clock.  Paths of different clocks, including generated clocks, are ignored.  For paths between a clock and its inversion, FMAX is computed as if the rising and falling edges are scaled along with FMAX, such that the duty cycle (in terms of a percentage) is maintained. Altera recommends that you always use clock constraints and other slack reports for sign-off analysis.


----------------------------------
; Timing Closure Recommendations ;
----------------------------------
HTML report is unavailable in plain text report export.


+-------------------------------------+
; Slow 1200mV 85C Model Setup Summary ;
+-------+--------+--------------------+
; Clock ; Slack  ; End Point TNS      ;
+-------+--------+--------------------+
; iCLK  ; -1.071 ; -58.037            ;
+-------+--------+--------------------+


+------------------------------------+
; Slow 1200mV 85C Model Hold Summary ;
+-------+-------+--------------------+
; Clock ; Slack ; End Point TNS      ;
+-------+-------+--------------------+
; iCLK  ; 0.383 ; 0.000              ;
+-------+-------+--------------------+


------------------------------------------
; Slow 1200mV 85C Model Recovery Summary ;
------------------------------------------
No paths to report.


-----------------------------------------
; Slow 1200mV 85C Model Removal Summary ;
-----------------------------------------
No paths to report.


+---------------------------------------------------+
; Slow 1200mV 85C Model Minimum Pulse Width Summary ;
+-------+-------+-----------------------------------+
; Clock ; Slack ; End Point TNS                     ;
+-------+-------+-----------------------------------+
; iCLK  ; 9.741 ; 0.000                             ;
+-------+-------+-----------------------------------+


+--------------------------------------------------------------------------------------------------------------------------------------------------------------------------------------------------------------------------------------------------------------------------+
; Slow 1200mV 85C Model Setup: 'iCLK'                                                                                                                                                                                                                                      ;
+--------+---------------------------------------------------------------------------------------------+---------------------------------------------------------------------------------------------+--------------+-------------+--------------+------------+------------+
; Slack  ; From Node                                                                                   ; To Node                                                                                     ; Launch Clock ; Latch Clock ; Relationship ; Clock Skew ; Data Delay ;
+--------+---------------------------------------------------------------------------------------------+---------------------------------------------------------------------------------------------+--------------+-------------+--------------+------------+------------+
; -1.071 ; IDEX_PipelineRegister:IDEX_REG|register_NBit:REG_Instr|dffg:\G_Register_NBit:19:REGI|s_Q    ; sw_fetch_unit:F_UNIT_SW|branch_predictor:BP|bht:BHT_INST|s_table[5][1]                      ; iCLK         ; iCLK        ; 20.000       ; 0.275      ; 21.344     ;
; -1.071 ; IDEX_PipelineRegister:IDEX_REG|register_NBit:REG_Instr|dffg:\G_Register_NBit:19:REGI|s_Q    ; sw_fetch_unit:F_UNIT_SW|branch_predictor:BP|bht:BHT_INST|s_table[5][0]                      ; iCLK         ; iCLK        ; 20.000       ; 0.275      ; 21.344     ;
; -1.062 ; IDEX_PipelineRegister:IDEX_REG|register_NBit:REG_Instr|dffg:\G_Register_NBit:18:REGI|s_Q    ; sw_fetch_unit:F_UNIT_SW|branch_predictor:BP|bht:BHT_INST|s_table[5][1]                      ; iCLK         ; iCLK        ; 20.000       ; 0.275      ; 21.335     ;
; -1.062 ; IDEX_PipelineRegister:IDEX_REG|register_NBit:REG_Instr|dffg:\G_Register_NBit:18:REGI|s_Q    ; sw_fetch_unit:F_UNIT_SW|branch_predictor:BP|bht:BHT_INST|s_table[5][0]                      ; iCLK         ; iCLK        ; 20.000       ; 0.275      ; 21.335     ;
; -1.019 ; MEMWB_PipelineRegister:MEMWB_REG|register_NBit:REG_DMemOut|dffg:\G_Register_NBit:0:REGI|s_Q ; sw_fetch_unit:F_UNIT_SW|branch_predictor:BP|bht:BHT_INST|s_table[5][1]                      ; iCLK         ; iCLK        ; 20.000       ; 0.260      ; 21.277     ;
; -1.019 ; MEMWB_PipelineRegister:MEMWB_REG|register_NBit:REG_DMemOut|dffg:\G_Register_NBit:0:REGI|s_Q ; sw_fetch_unit:F_UNIT_SW|branch_predictor:BP|bht:BHT_INST|s_table[5][0]                      ; iCLK         ; iCLK        ; 20.000       ; 0.260      ; 21.277     ;
; -1.014 ; MEMWB_PipelineRegister:MEMWB_REG|register_NBit:REG_rd|dffg:\G_Register_NBit:4:REGI|s_Q      ; sw_fetch_unit:F_UNIT_SW|branch_predictor:BP|bht:BHT_INST|s_table[5][1]                      ; iCLK         ; iCLK        ; 20.000       ; 0.275      ; 21.287     ;
; -1.014 ; MEMWB_PipelineRegister:MEMWB_REG|register_NBit:REG_rd|dffg:\G_Register_NBit:4:REGI|s_Q      ; sw_fetch_unit:F_UNIT_SW|branch_predictor:BP|bht:BHT_INST|s_table[5][0]                      ; iCLK         ; iCLK        ; 20.000       ; 0.275      ; 21.287     ;
; -1.001 ; IDEX_PipelineRegister:IDEX_REG|register_NBit:REG_Instr|dffg:\G_Register_NBit:19:REGI|s_Q    ; sw_fetch_unit:F_UNIT_SW|branch_predictor:BP|bht:BHT_INST|s_table[21][1]                     ; iCLK         ; iCLK        ; 20.000       ; 0.307      ; 21.306     ;
; -1.001 ; IDEX_PipelineRegister:IDEX_REG|register_NBit:REG_Instr|dffg:\G_Register_NBit:19:REGI|s_Q    ; sw_fetch_unit:F_UNIT_SW|branch_predictor:BP|bht:BHT_INST|s_table[21][0]                     ; iCLK         ; iCLK        ; 20.000       ; 0.307      ; 21.306     ;
; -0.992 ; IDEX_PipelineRegister:IDEX_REG|register_NBit:REG_Instr|dffg:\G_Register_NBit:18:REGI|s_Q    ; sw_fetch_unit:F_UNIT_SW|branch_predictor:BP|bht:BHT_INST|s_table[21][1]                     ; iCLK         ; iCLK        ; 20.000       ; 0.307      ; 21.297     ;
; -0.992 ; IDEX_PipelineRegister:IDEX_REG|register_NBit:REG_Instr|dffg:\G_Register_NBit:18:REGI|s_Q    ; sw_fetch_unit:F_UNIT_SW|branch_predictor:BP|bht:BHT_INST|s_table[21][0]                     ; iCLK         ; iCLK        ; 20.000       ; 0.307      ; 21.297     ;
; -0.987 ; IDEX_PipelineRegister:IDEX_REG|register_NBit:REG_Instr|dffg:\G_Register_NBit:15:REGI|s_Q    ; sw_fetch_unit:F_UNIT_SW|branch_predictor:BP|bht:BHT_INST|s_table[5][1]                      ; iCLK         ; iCLK        ; 20.000       ; 0.277      ; 21.262     ;
; -0.987 ; IDEX_PipelineRegister:IDEX_REG|register_NBit:REG_Instr|dffg:\G_Register_NBit:15:REGI|s_Q    ; sw_fetch_unit:F_UNIT_SW|branch_predictor:BP|bht:BHT_INST|s_table[5][0]                      ; iCLK         ; iCLK        ; 20.000       ; 0.277      ; 21.262     ;
; -0.949 ; MEMWB_PipelineRegister:MEMWB_REG|register_NBit:REG_DMemOut|dffg:\G_Register_NBit:0:REGI|s_Q ; sw_fetch_unit:F_UNIT_SW|branch_predictor:BP|bht:BHT_INST|s_table[21][1]                     ; iCLK         ; iCLK        ; 20.000       ; 0.292      ; 21.239     ;
; -0.949 ; MEMWB_PipelineRegister:MEMWB_REG|register_NBit:REG_DMemOut|dffg:\G_Register_NBit:0:REGI|s_Q ; sw_fetch_unit:F_UNIT_SW|branch_predictor:BP|bht:BHT_INST|s_table[21][0]                     ; iCLK         ; iCLK        ; 20.000       ; 0.292      ; 21.239     ;
; -0.944 ; MEMWB_PipelineRegister:MEMWB_REG|register_NBit:REG_rd|dffg:\G_Register_NBit:4:REGI|s_Q      ; sw_fetch_unit:F_UNIT_SW|branch_predictor:BP|bht:BHT_INST|s_table[21][1]                     ; iCLK         ; iCLK        ; 20.000       ; 0.307      ; 21.249     ;
; -0.944 ; MEMWB_PipelineRegister:MEMWB_REG|register_NBit:REG_rd|dffg:\G_Register_NBit:4:REGI|s_Q      ; sw_fetch_unit:F_UNIT_SW|branch_predictor:BP|bht:BHT_INST|s_table[21][0]                     ; iCLK         ; iCLK        ; 20.000       ; 0.307      ; 21.249     ;
; -0.937 ; IDEX_PipelineRegister:IDEX_REG|register_NBit:REG_Instr|dffg:\G_Register_NBit:19:REGI|s_Q    ; sw_fetch_unit:F_UNIT_SW|pc_register:PC_REG|dffg:\GEN_TOP:29:DFF_i|s_Q                       ; iCLK         ; iCLK        ; 20.000       ; -0.090     ; 20.845     ;
; -0.937 ; IDEX_PipelineRegister:IDEX_REG|register_NBit:REG_Instr|dffg:\G_Register_NBit:19:REGI|s_Q    ; IFID_PipelineRegister:IFID_REG|register_NBit:REG_PC|dffg:\G_Register_NBit:29:REGI|s_Q       ; iCLK         ; iCLK        ; 20.000       ; -0.090     ; 20.845     ;
; -0.937 ; IDEX_PipelineRegister:IDEX_REG|register_NBit:REG_Instr|dffg:\G_Register_NBit:19:REGI|s_Q    ; IFID_PipelineRegister:IFID_REG|register_NBit:REG_PC|dffg:\G_Register_NBit:31:REGI|s_Q       ; iCLK         ; iCLK        ; 20.000       ; -0.090     ; 20.845     ;
; -0.937 ; IDEX_PipelineRegister:IDEX_REG|register_NBit:REG_Instr|dffg:\G_Register_NBit:19:REGI|s_Q    ; IFID_PipelineRegister:IFID_REG|register_NBit:REG_PC_Plus4|dffg:\G_Register_NBit:17:REGI|s_Q ; iCLK         ; iCLK        ; 20.000       ; -0.090     ; 20.845     ;
; -0.928 ; IDEX_PipelineRegister:IDEX_REG|register_NBit:REG_Instr|dffg:\G_Register_NBit:18:REGI|s_Q    ; sw_fetch_unit:F_UNIT_SW|pc_register:PC_REG|dffg:\GEN_TOP:29:DFF_i|s_Q                       ; iCLK         ; iCLK        ; 20.000       ; -0.090     ; 20.836     ;
; -0.928 ; IDEX_PipelineRegister:IDEX_REG|register_NBit:REG_Instr|dffg:\G_Register_NBit:18:REGI|s_Q    ; IFID_PipelineRegister:IFID_REG|register_NBit:REG_PC|dffg:\G_Register_NBit:29:REGI|s_Q       ; iCLK         ; iCLK        ; 20.000       ; -0.090     ; 20.836     ;
; -0.928 ; IDEX_PipelineRegister:IDEX_REG|register_NBit:REG_Instr|dffg:\G_Register_NBit:18:REGI|s_Q    ; IFID_PipelineRegister:IFID_REG|register_NBit:REG_PC|dffg:\G_Register_NBit:31:REGI|s_Q       ; iCLK         ; iCLK        ; 20.000       ; -0.090     ; 20.836     ;
; -0.928 ; IDEX_PipelineRegister:IDEX_REG|register_NBit:REG_Instr|dffg:\G_Register_NBit:18:REGI|s_Q    ; IFID_PipelineRegister:IFID_REG|register_NBit:REG_PC_Plus4|dffg:\G_Register_NBit:17:REGI|s_Q ; iCLK         ; iCLK        ; 20.000       ; -0.090     ; 20.836     ;
; -0.917 ; IDEX_PipelineRegister:IDEX_REG|register_NBit:REG_Instr|dffg:\G_Register_NBit:15:REGI|s_Q    ; sw_fetch_unit:F_UNIT_SW|branch_predictor:BP|bht:BHT_INST|s_table[21][1]                     ; iCLK         ; iCLK        ; 20.000       ; 0.309      ; 21.224     ;
; -0.917 ; IDEX_PipelineRegister:IDEX_REG|register_NBit:REG_Instr|dffg:\G_Register_NBit:15:REGI|s_Q    ; sw_fetch_unit:F_UNIT_SW|branch_predictor:BP|bht:BHT_INST|s_table[21][0]                     ; iCLK         ; iCLK        ; 20.000       ; 0.309      ; 21.224     ;
; -0.906 ; EXMEM_PipelineRegister:EXMEM_REG|register_NBit:REG_rd|dffg:\G_Register_NBit:1:REGI|s_Q      ; sw_fetch_unit:F_UNIT_SW|branch_predictor:BP|bht:BHT_INST|s_table[5][1]                      ; iCLK         ; iCLK        ; 20.000       ; 0.275      ; 21.179     ;
; -0.906 ; EXMEM_PipelineRegister:EXMEM_REG|register_NBit:REG_rd|dffg:\G_Register_NBit:1:REGI|s_Q      ; sw_fetch_unit:F_UNIT_SW|branch_predictor:BP|bht:BHT_INST|s_table[5][0]                      ; iCLK         ; iCLK        ; 20.000       ; 0.275      ; 21.179     ;
; -0.880 ; MEMWB_PipelineRegister:MEMWB_REG|register_NBit:REG_rd|dffg:\G_Register_NBit:4:REGI|s_Q      ; sw_fetch_unit:F_UNIT_SW|pc_register:PC_REG|dffg:\GEN_TOP:29:DFF_i|s_Q                       ; iCLK         ; iCLK        ; 20.000       ; -0.090     ; 20.788     ;
; -0.880 ; MEMWB_PipelineRegister:MEMWB_REG|register_NBit:REG_rd|dffg:\G_Register_NBit:4:REGI|s_Q      ; IFID_PipelineRegister:IFID_REG|register_NBit:REG_PC|dffg:\G_Register_NBit:29:REGI|s_Q       ; iCLK         ; iCLK        ; 20.000       ; -0.090     ; 20.788     ;
; -0.880 ; MEMWB_PipelineRegister:MEMWB_REG|register_NBit:REG_rd|dffg:\G_Register_NBit:4:REGI|s_Q      ; IFID_PipelineRegister:IFID_REG|register_NBit:REG_PC|dffg:\G_Register_NBit:31:REGI|s_Q       ; iCLK         ; iCLK        ; 20.000       ; -0.090     ; 20.788     ;
; -0.880 ; MEMWB_PipelineRegister:MEMWB_REG|register_NBit:REG_rd|dffg:\G_Register_NBit:4:REGI|s_Q      ; IFID_PipelineRegister:IFID_REG|register_NBit:REG_PC_Plus4|dffg:\G_Register_NBit:17:REGI|s_Q ; iCLK         ; iCLK        ; 20.000       ; -0.090     ; 20.788     ;
; -0.863 ; EXMEM_PipelineRegister:EXMEM_REG|register_NBit:REG_rd|dffg:\G_Register_NBit:2:REGI|s_Q      ; sw_fetch_unit:F_UNIT_SW|branch_predictor:BP|bht:BHT_INST|s_table[5][1]                      ; iCLK         ; iCLK        ; 20.000       ; 0.275      ; 21.136     ;
; -0.863 ; EXMEM_PipelineRegister:EXMEM_REG|register_NBit:REG_rd|dffg:\G_Register_NBit:2:REGI|s_Q      ; sw_fetch_unit:F_UNIT_SW|branch_predictor:BP|bht:BHT_INST|s_table[5][0]                      ; iCLK         ; iCLK        ; 20.000       ; 0.275      ; 21.136     ;
; -0.861 ; MEMWB_PipelineRegister:MEMWB_REG|register_NBit:REG_DMemOut|dffg:\G_Register_NBit:0:REGI|s_Q ; sw_fetch_unit:F_UNIT_SW|pc_register:PC_REG|dffg:\GEN_TOP:29:DFF_i|s_Q                       ; iCLK         ; iCLK        ; 20.000       ; -0.081     ; 20.778     ;
; -0.861 ; MEMWB_PipelineRegister:MEMWB_REG|register_NBit:REG_DMemOut|dffg:\G_Register_NBit:0:REGI|s_Q ; IFID_PipelineRegister:IFID_REG|register_NBit:REG_PC|dffg:\G_Register_NBit:29:REGI|s_Q       ; iCLK         ; iCLK        ; 20.000       ; -0.081     ; 20.778     ;
; -0.861 ; MEMWB_PipelineRegister:MEMWB_REG|register_NBit:REG_DMemOut|dffg:\G_Register_NBit:0:REGI|s_Q ; IFID_PipelineRegister:IFID_REG|register_NBit:REG_PC|dffg:\G_Register_NBit:31:REGI|s_Q       ; iCLK         ; iCLK        ; 20.000       ; -0.081     ; 20.778     ;
; -0.861 ; MEMWB_PipelineRegister:MEMWB_REG|register_NBit:REG_DMemOut|dffg:\G_Register_NBit:0:REGI|s_Q ; IFID_PipelineRegister:IFID_REG|register_NBit:REG_PC_Plus4|dffg:\G_Register_NBit:17:REGI|s_Q ; iCLK         ; iCLK        ; 20.000       ; -0.081     ; 20.778     ;
; -0.855 ; EXMEM_PipelineRegister:EXMEM_REG|register_NBit:REG_rd|dffg:\G_Register_NBit:0:REGI|s_Q      ; sw_fetch_unit:F_UNIT_SW|branch_predictor:BP|bht:BHT_INST|s_table[5][1]                      ; iCLK         ; iCLK        ; 20.000       ; 0.275      ; 21.128     ;
; -0.855 ; EXMEM_PipelineRegister:EXMEM_REG|register_NBit:REG_rd|dffg:\G_Register_NBit:0:REGI|s_Q      ; sw_fetch_unit:F_UNIT_SW|branch_predictor:BP|bht:BHT_INST|s_table[5][0]                      ; iCLK         ; iCLK        ; 20.000       ; 0.275      ; 21.128     ;
; -0.853 ; IDEX_PipelineRegister:IDEX_REG|register_NBit:REG_Instr|dffg:\G_Register_NBit:15:REGI|s_Q    ; sw_fetch_unit:F_UNIT_SW|pc_register:PC_REG|dffg:\GEN_TOP:29:DFF_i|s_Q                       ; iCLK         ; iCLK        ; 20.000       ; -0.088     ; 20.763     ;
; -0.853 ; IDEX_PipelineRegister:IDEX_REG|register_NBit:REG_Instr|dffg:\G_Register_NBit:15:REGI|s_Q    ; IFID_PipelineRegister:IFID_REG|register_NBit:REG_PC|dffg:\G_Register_NBit:29:REGI|s_Q       ; iCLK         ; iCLK        ; 20.000       ; -0.088     ; 20.763     ;
; -0.853 ; IDEX_PipelineRegister:IDEX_REG|register_NBit:REG_Instr|dffg:\G_Register_NBit:15:REGI|s_Q    ; IFID_PipelineRegister:IFID_REG|register_NBit:REG_PC|dffg:\G_Register_NBit:31:REGI|s_Q       ; iCLK         ; iCLK        ; 20.000       ; -0.088     ; 20.763     ;
; -0.853 ; IDEX_PipelineRegister:IDEX_REG|register_NBit:REG_Instr|dffg:\G_Register_NBit:15:REGI|s_Q    ; IFID_PipelineRegister:IFID_REG|register_NBit:REG_PC_Plus4|dffg:\G_Register_NBit:17:REGI|s_Q ; iCLK         ; iCLK        ; 20.000       ; -0.088     ; 20.763     ;
; -0.839 ; IDEX_PipelineRegister:IDEX_REG|register_NBit:REG_Instr|dffg:\G_Register_NBit:20:REGI|s_Q    ; sw_fetch_unit:F_UNIT_SW|branch_predictor:BP|bht:BHT_INST|s_table[5][1]                      ; iCLK         ; iCLK        ; 20.000       ; 0.272      ; 21.109     ;
; -0.839 ; IDEX_PipelineRegister:IDEX_REG|register_NBit:REG_Instr|dffg:\G_Register_NBit:20:REGI|s_Q    ; sw_fetch_unit:F_UNIT_SW|branch_predictor:BP|bht:BHT_INST|s_table[5][0]                      ; iCLK         ; iCLK        ; 20.000       ; 0.272      ; 21.109     ;
; -0.836 ; EXMEM_PipelineRegister:EXMEM_REG|register_NBit:REG_rd|dffg:\G_Register_NBit:1:REGI|s_Q      ; sw_fetch_unit:F_UNIT_SW|branch_predictor:BP|bht:BHT_INST|s_table[21][1]                     ; iCLK         ; iCLK        ; 20.000       ; 0.307      ; 21.141     ;
; -0.836 ; EXMEM_PipelineRegister:EXMEM_REG|register_NBit:REG_rd|dffg:\G_Register_NBit:1:REGI|s_Q      ; sw_fetch_unit:F_UNIT_SW|branch_predictor:BP|bht:BHT_INST|s_table[21][0]                     ; iCLK         ; iCLK        ; 20.000       ; 0.307      ; 21.141     ;
; -0.794 ; IDEX_PipelineRegister:IDEX_REG|register_NBit:REG_Instr|dffg:\G_Register_NBit:19:REGI|s_Q    ; IFID_PipelineRegister:IFID_REG|register_NBit:REG_Instr|dffg:\G_Register_NBit:5:REGI|s_Q     ; iCLK         ; iCLK        ; 20.000       ; -0.088     ; 20.704     ;
; -0.794 ; IDEX_PipelineRegister:IDEX_REG|register_NBit:REG_Instr|dffg:\G_Register_NBit:19:REGI|s_Q    ; IFID_PipelineRegister:IFID_REG|register_NBit:REG_Instr|dffg:\G_Register_NBit:20:REGI|s_Q    ; iCLK         ; iCLK        ; 20.000       ; -0.088     ; 20.704     ;
; -0.794 ; IDEX_PipelineRegister:IDEX_REG|register_NBit:REG_Instr|dffg:\G_Register_NBit:19:REGI|s_Q    ; IFID_PipelineRegister:IFID_REG|register_NBit:REG_Instr|dffg:\G_Register_NBit:29:REGI|s_Q    ; iCLK         ; iCLK        ; 20.000       ; -0.088     ; 20.704     ;
; -0.793 ; EXMEM_PipelineRegister:EXMEM_REG|register_NBit:REG_rd|dffg:\G_Register_NBit:2:REGI|s_Q      ; sw_fetch_unit:F_UNIT_SW|branch_predictor:BP|bht:BHT_INST|s_table[21][1]                     ; iCLK         ; iCLK        ; 20.000       ; 0.307      ; 21.098     ;
; -0.793 ; EXMEM_PipelineRegister:EXMEM_REG|register_NBit:REG_rd|dffg:\G_Register_NBit:2:REGI|s_Q      ; sw_fetch_unit:F_UNIT_SW|branch_predictor:BP|bht:BHT_INST|s_table[21][0]                     ; iCLK         ; iCLK        ; 20.000       ; 0.307      ; 21.098     ;
; -0.792 ; MEMWB_PipelineRegister:MEMWB_REG|register_NBit:REG_Ctrl|dffg:\G_Register_NBit:1:REGI|s_Q    ; sw_fetch_unit:F_UNIT_SW|branch_predictor:BP|bht:BHT_INST|s_table[5][1]                      ; iCLK         ; iCLK        ; 20.000       ; 0.247      ; 21.037     ;
; -0.792 ; MEMWB_PipelineRegister:MEMWB_REG|register_NBit:REG_Ctrl|dffg:\G_Register_NBit:1:REGI|s_Q    ; sw_fetch_unit:F_UNIT_SW|branch_predictor:BP|bht:BHT_INST|s_table[5][0]                      ; iCLK         ; iCLK        ; 20.000       ; 0.247      ; 21.037     ;
; -0.785 ; EXMEM_PipelineRegister:EXMEM_REG|register_NBit:REG_rd|dffg:\G_Register_NBit:0:REGI|s_Q      ; sw_fetch_unit:F_UNIT_SW|branch_predictor:BP|bht:BHT_INST|s_table[21][1]                     ; iCLK         ; iCLK        ; 20.000       ; 0.307      ; 21.090     ;
; -0.785 ; EXMEM_PipelineRegister:EXMEM_REG|register_NBit:REG_rd|dffg:\G_Register_NBit:0:REGI|s_Q      ; sw_fetch_unit:F_UNIT_SW|branch_predictor:BP|bht:BHT_INST|s_table[21][0]                     ; iCLK         ; iCLK        ; 20.000       ; 0.307      ; 21.090     ;
; -0.785 ; IDEX_PipelineRegister:IDEX_REG|register_NBit:REG_Instr|dffg:\G_Register_NBit:18:REGI|s_Q    ; IFID_PipelineRegister:IFID_REG|register_NBit:REG_Instr|dffg:\G_Register_NBit:5:REGI|s_Q     ; iCLK         ; iCLK        ; 20.000       ; -0.088     ; 20.695     ;
; -0.785 ; IDEX_PipelineRegister:IDEX_REG|register_NBit:REG_Instr|dffg:\G_Register_NBit:18:REGI|s_Q    ; IFID_PipelineRegister:IFID_REG|register_NBit:REG_Instr|dffg:\G_Register_NBit:20:REGI|s_Q    ; iCLK         ; iCLK        ; 20.000       ; -0.088     ; 20.695     ;
; -0.785 ; IDEX_PipelineRegister:IDEX_REG|register_NBit:REG_Instr|dffg:\G_Register_NBit:18:REGI|s_Q    ; IFID_PipelineRegister:IFID_REG|register_NBit:REG_Instr|dffg:\G_Register_NBit:29:REGI|s_Q    ; iCLK         ; iCLK        ; 20.000       ; -0.088     ; 20.695     ;
; -0.785 ; EXMEM_PipelineRegister:EXMEM_REG|register_NBit:REG_rd|dffg:\G_Register_NBit:3:REGI|s_Q      ; sw_fetch_unit:F_UNIT_SW|branch_predictor:BP|bht:BHT_INST|s_table[5][1]                      ; iCLK         ; iCLK        ; 20.000       ; 0.275      ; 21.058     ;
; -0.785 ; EXMEM_PipelineRegister:EXMEM_REG|register_NBit:REG_rd|dffg:\G_Register_NBit:3:REGI|s_Q      ; sw_fetch_unit:F_UNIT_SW|branch_predictor:BP|bht:BHT_INST|s_table[5][0]                      ; iCLK         ; iCLK        ; 20.000       ; 0.275      ; 21.058     ;
; -0.784 ; IDEX_PipelineRegister:IDEX_REG|register_NBit:REG_Instr|dffg:\G_Register_NBit:16:REGI|s_Q    ; sw_fetch_unit:F_UNIT_SW|branch_predictor:BP|bht:BHT_INST|s_table[5][1]                      ; iCLK         ; iCLK        ; 20.000       ; 0.258      ; 21.040     ;
; -0.784 ; IDEX_PipelineRegister:IDEX_REG|register_NBit:REG_Instr|dffg:\G_Register_NBit:16:REGI|s_Q    ; sw_fetch_unit:F_UNIT_SW|branch_predictor:BP|bht:BHT_INST|s_table[5][0]                      ; iCLK         ; iCLK        ; 20.000       ; 0.258      ; 21.040     ;
; -0.772 ; EXMEM_PipelineRegister:EXMEM_REG|register_NBit:REG_rd|dffg:\G_Register_NBit:1:REGI|s_Q      ; sw_fetch_unit:F_UNIT_SW|pc_register:PC_REG|dffg:\GEN_TOP:29:DFF_i|s_Q                       ; iCLK         ; iCLK        ; 20.000       ; -0.090     ; 20.680     ;
; -0.772 ; EXMEM_PipelineRegister:EXMEM_REG|register_NBit:REG_rd|dffg:\G_Register_NBit:1:REGI|s_Q      ; IFID_PipelineRegister:IFID_REG|register_NBit:REG_PC|dffg:\G_Register_NBit:29:REGI|s_Q       ; iCLK         ; iCLK        ; 20.000       ; -0.090     ; 20.680     ;
; -0.772 ; EXMEM_PipelineRegister:EXMEM_REG|register_NBit:REG_rd|dffg:\G_Register_NBit:1:REGI|s_Q      ; IFID_PipelineRegister:IFID_REG|register_NBit:REG_PC|dffg:\G_Register_NBit:31:REGI|s_Q       ; iCLK         ; iCLK        ; 20.000       ; -0.090     ; 20.680     ;
; -0.772 ; EXMEM_PipelineRegister:EXMEM_REG|register_NBit:REG_rd|dffg:\G_Register_NBit:1:REGI|s_Q      ; IFID_PipelineRegister:IFID_REG|register_NBit:REG_PC_Plus4|dffg:\G_Register_NBit:17:REGI|s_Q ; iCLK         ; iCLK        ; 20.000       ; -0.090     ; 20.680     ;
; -0.772 ; IDEX_PipelineRegister:IDEX_REG|register_NBit:REG_Instr|dffg:\G_Register_NBit:17:REGI|s_Q    ; sw_fetch_unit:F_UNIT_SW|branch_predictor:BP|bht:BHT_INST|s_table[5][1]                      ; iCLK         ; iCLK        ; 20.000       ; 0.273      ; 21.043     ;
; -0.772 ; IDEX_PipelineRegister:IDEX_REG|register_NBit:REG_Instr|dffg:\G_Register_NBit:17:REGI|s_Q    ; sw_fetch_unit:F_UNIT_SW|branch_predictor:BP|bht:BHT_INST|s_table[5][0]                      ; iCLK         ; iCLK        ; 20.000       ; 0.273      ; 21.043     ;
; -0.769 ; IDEX_PipelineRegister:IDEX_REG|register_NBit:REG_Instr|dffg:\G_Register_NBit:20:REGI|s_Q    ; sw_fetch_unit:F_UNIT_SW|branch_predictor:BP|bht:BHT_INST|s_table[21][1]                     ; iCLK         ; iCLK        ; 20.000       ; 0.304      ; 21.071     ;
; -0.769 ; IDEX_PipelineRegister:IDEX_REG|register_NBit:REG_Instr|dffg:\G_Register_NBit:20:REGI|s_Q    ; sw_fetch_unit:F_UNIT_SW|branch_predictor:BP|bht:BHT_INST|s_table[21][0]                     ; iCLK         ; iCLK        ; 20.000       ; 0.304      ; 21.071     ;
; -0.742 ; MEMWB_PipelineRegister:MEMWB_REG|register_NBit:REG_DMemOut|dffg:\G_Register_NBit:0:REGI|s_Q ; IFID_PipelineRegister:IFID_REG|register_NBit:REG_Instr|dffg:\G_Register_NBit:5:REGI|s_Q     ; iCLK         ; iCLK        ; 20.000       ; -0.103     ; 20.637     ;
; -0.742 ; MEMWB_PipelineRegister:MEMWB_REG|register_NBit:REG_DMemOut|dffg:\G_Register_NBit:0:REGI|s_Q ; IFID_PipelineRegister:IFID_REG|register_NBit:REG_Instr|dffg:\G_Register_NBit:20:REGI|s_Q    ; iCLK         ; iCLK        ; 20.000       ; -0.103     ; 20.637     ;
; -0.742 ; MEMWB_PipelineRegister:MEMWB_REG|register_NBit:REG_DMemOut|dffg:\G_Register_NBit:0:REGI|s_Q ; IFID_PipelineRegister:IFID_REG|register_NBit:REG_Instr|dffg:\G_Register_NBit:29:REGI|s_Q    ; iCLK         ; iCLK        ; 20.000       ; -0.103     ; 20.637     ;
; -0.737 ; MEMWB_PipelineRegister:MEMWB_REG|register_NBit:REG_rd|dffg:\G_Register_NBit:4:REGI|s_Q      ; IFID_PipelineRegister:IFID_REG|register_NBit:REG_Instr|dffg:\G_Register_NBit:5:REGI|s_Q     ; iCLK         ; iCLK        ; 20.000       ; -0.088     ; 20.647     ;
; -0.737 ; MEMWB_PipelineRegister:MEMWB_REG|register_NBit:REG_rd|dffg:\G_Register_NBit:4:REGI|s_Q      ; IFID_PipelineRegister:IFID_REG|register_NBit:REG_Instr|dffg:\G_Register_NBit:20:REGI|s_Q    ; iCLK         ; iCLK        ; 20.000       ; -0.088     ; 20.647     ;
; -0.737 ; MEMWB_PipelineRegister:MEMWB_REG|register_NBit:REG_rd|dffg:\G_Register_NBit:4:REGI|s_Q      ; IFID_PipelineRegister:IFID_REG|register_NBit:REG_Instr|dffg:\G_Register_NBit:29:REGI|s_Q    ; iCLK         ; iCLK        ; 20.000       ; -0.088     ; 20.647     ;
; -0.731 ; IDEX_PipelineRegister:IDEX_REG|register_NBit:REG_Instr|dffg:\G_Register_NBit:19:REGI|s_Q    ; sw_fetch_unit:F_UNIT_SW|branch_predictor:BP|btb:BTB_INST|s_targets[12][26]                  ; iCLK         ; iCLK        ; 20.000       ; 0.307      ; 21.036     ;
; -0.729 ; EXMEM_PipelineRegister:EXMEM_REG|register_NBit:REG_rd|dffg:\G_Register_NBit:2:REGI|s_Q      ; sw_fetch_unit:F_UNIT_SW|pc_register:PC_REG|dffg:\GEN_TOP:29:DFF_i|s_Q                       ; iCLK         ; iCLK        ; 20.000       ; -0.090     ; 20.637     ;
; -0.729 ; EXMEM_PipelineRegister:EXMEM_REG|register_NBit:REG_rd|dffg:\G_Register_NBit:2:REGI|s_Q      ; IFID_PipelineRegister:IFID_REG|register_NBit:REG_PC|dffg:\G_Register_NBit:29:REGI|s_Q       ; iCLK         ; iCLK        ; 20.000       ; -0.090     ; 20.637     ;
; -0.729 ; EXMEM_PipelineRegister:EXMEM_REG|register_NBit:REG_rd|dffg:\G_Register_NBit:2:REGI|s_Q      ; IFID_PipelineRegister:IFID_REG|register_NBit:REG_PC|dffg:\G_Register_NBit:31:REGI|s_Q       ; iCLK         ; iCLK        ; 20.000       ; -0.090     ; 20.637     ;
; -0.729 ; EXMEM_PipelineRegister:EXMEM_REG|register_NBit:REG_rd|dffg:\G_Register_NBit:2:REGI|s_Q      ; IFID_PipelineRegister:IFID_REG|register_NBit:REG_PC_Plus4|dffg:\G_Register_NBit:17:REGI|s_Q ; iCLK         ; iCLK        ; 20.000       ; -0.090     ; 20.637     ;
; -0.724 ; IDEX_PipelineRegister:IDEX_REG|register_NBit:REG_Instr|dffg:\G_Register_NBit:19:REGI|s_Q    ; sw_fetch_unit:F_UNIT_SW|branch_predictor:BP|bht:BHT_INST|s_table[4][1]                      ; iCLK         ; iCLK        ; 20.000       ; 0.294      ; 21.016     ;
; -0.724 ; IDEX_PipelineRegister:IDEX_REG|register_NBit:REG_Instr|dffg:\G_Register_NBit:19:REGI|s_Q    ; sw_fetch_unit:F_UNIT_SW|branch_predictor:BP|bht:BHT_INST|s_table[4][0]                      ; iCLK         ; iCLK        ; 20.000       ; 0.294      ; 21.016     ;
; -0.722 ; IDEX_PipelineRegister:IDEX_REG|register_NBit:REG_Instr|dffg:\G_Register_NBit:18:REGI|s_Q    ; sw_fetch_unit:F_UNIT_SW|branch_predictor:BP|btb:BTB_INST|s_targets[12][26]                  ; iCLK         ; iCLK        ; 20.000       ; 0.307      ; 21.027     ;
; -0.722 ; MEMWB_PipelineRegister:MEMWB_REG|register_NBit:REG_Ctrl|dffg:\G_Register_NBit:1:REGI|s_Q    ; sw_fetch_unit:F_UNIT_SW|branch_predictor:BP|bht:BHT_INST|s_table[21][1]                     ; iCLK         ; iCLK        ; 20.000       ; 0.279      ; 20.999     ;
; -0.722 ; MEMWB_PipelineRegister:MEMWB_REG|register_NBit:REG_Ctrl|dffg:\G_Register_NBit:1:REGI|s_Q    ; sw_fetch_unit:F_UNIT_SW|branch_predictor:BP|bht:BHT_INST|s_table[21][0]                     ; iCLK         ; iCLK        ; 20.000       ; 0.279      ; 20.999     ;
; -0.721 ; EXMEM_PipelineRegister:EXMEM_REG|register_NBit:REG_rd|dffg:\G_Register_NBit:0:REGI|s_Q      ; sw_fetch_unit:F_UNIT_SW|pc_register:PC_REG|dffg:\GEN_TOP:29:DFF_i|s_Q                       ; iCLK         ; iCLK        ; 20.000       ; -0.090     ; 20.629     ;
; -0.721 ; EXMEM_PipelineRegister:EXMEM_REG|register_NBit:REG_rd|dffg:\G_Register_NBit:0:REGI|s_Q      ; IFID_PipelineRegister:IFID_REG|register_NBit:REG_PC|dffg:\G_Register_NBit:29:REGI|s_Q       ; iCLK         ; iCLK        ; 20.000       ; -0.090     ; 20.629     ;
; -0.721 ; EXMEM_PipelineRegister:EXMEM_REG|register_NBit:REG_rd|dffg:\G_Register_NBit:0:REGI|s_Q      ; IFID_PipelineRegister:IFID_REG|register_NBit:REG_PC|dffg:\G_Register_NBit:31:REGI|s_Q       ; iCLK         ; iCLK        ; 20.000       ; -0.090     ; 20.629     ;
; -0.721 ; EXMEM_PipelineRegister:EXMEM_REG|register_NBit:REG_rd|dffg:\G_Register_NBit:0:REGI|s_Q      ; IFID_PipelineRegister:IFID_REG|register_NBit:REG_PC_Plus4|dffg:\G_Register_NBit:17:REGI|s_Q ; iCLK         ; iCLK        ; 20.000       ; -0.090     ; 20.629     ;
; -0.715 ; IDEX_PipelineRegister:IDEX_REG|register_NBit:REG_Instr|dffg:\G_Register_NBit:18:REGI|s_Q    ; sw_fetch_unit:F_UNIT_SW|branch_predictor:BP|bht:BHT_INST|s_table[4][1]                      ; iCLK         ; iCLK        ; 20.000       ; 0.294      ; 21.007     ;
; -0.715 ; IDEX_PipelineRegister:IDEX_REG|register_NBit:REG_Instr|dffg:\G_Register_NBit:18:REGI|s_Q    ; sw_fetch_unit:F_UNIT_SW|branch_predictor:BP|bht:BHT_INST|s_table[4][0]                      ; iCLK         ; iCLK        ; 20.000       ; 0.294      ; 21.007     ;
; -0.715 ; EXMEM_PipelineRegister:EXMEM_REG|register_NBit:REG_rd|dffg:\G_Register_NBit:3:REGI|s_Q      ; sw_fetch_unit:F_UNIT_SW|branch_predictor:BP|bht:BHT_INST|s_table[21][1]                     ; iCLK         ; iCLK        ; 20.000       ; 0.307      ; 21.020     ;
; -0.715 ; EXMEM_PipelineRegister:EXMEM_REG|register_NBit:REG_rd|dffg:\G_Register_NBit:3:REGI|s_Q      ; sw_fetch_unit:F_UNIT_SW|branch_predictor:BP|bht:BHT_INST|s_table[21][0]                     ; iCLK         ; iCLK        ; 20.000       ; 0.307      ; 21.020     ;
; -0.714 ; IDEX_PipelineRegister:IDEX_REG|register_NBit:REG_Instr|dffg:\G_Register_NBit:16:REGI|s_Q    ; sw_fetch_unit:F_UNIT_SW|branch_predictor:BP|bht:BHT_INST|s_table[21][1]                     ; iCLK         ; iCLK        ; 20.000       ; 0.290      ; 21.002     ;
; -0.714 ; IDEX_PipelineRegister:IDEX_REG|register_NBit:REG_Instr|dffg:\G_Register_NBit:16:REGI|s_Q    ; sw_fetch_unit:F_UNIT_SW|branch_predictor:BP|bht:BHT_INST|s_table[21][0]                     ; iCLK         ; iCLK        ; 20.000       ; 0.290      ; 21.002     ;
+--------+---------------------------------------------------------------------------------------------+---------------------------------------------------------------------------------------------+--------------+-------------+--------------+------------+------------+


+---------------------------------------------------------------------------------------------------------------------------------------------------------------------------------------------------------------------------------------------------------------------------------+
; Slow 1200mV 85C Model Hold: 'iCLK'                                                                                                                                                                                                                                              ;
+-------+-------------------------------------------------------------------------------------------------+-------------------------------------------------------------------------------------------------+--------------+-------------+--------------+------------+------------+
; Slack ; From Node                                                                                       ; To Node                                                                                         ; Launch Clock ; Latch Clock ; Relationship ; Clock Skew ; Data Delay ;
+-------+-------------------------------------------------------------------------------------------------+-------------------------------------------------------------------------------------------------+--------------+-------------+--------------+------------+------------+
; 0.383 ; IDEX_PipelineRegister:IDEX_REG|register_NBit:REG_pred_taken|dffg:\G_Register_NBit:0:REGI|s_Q    ; IDEX_PipelineRegister:IDEX_REG|register_NBit:REG_pred_taken|dffg:\G_Register_NBit:0:REGI|s_Q    ; iCLK         ; iCLK        ; 0.000        ; 0.100      ; 0.669      ;
; 0.401 ; sw_fetch_unit:F_UNIT_SW|branch_predictor:BP|btb:BTB_INST|s_valid[15]                            ; sw_fetch_unit:F_UNIT_SW|branch_predictor:BP|btb:BTB_INST|s_valid[15]                            ; iCLK         ; iCLK        ; 0.000        ; 0.082      ; 0.669      ;
; 0.401 ; sw_fetch_unit:F_UNIT_SW|branch_predictor:BP|btb:BTB_INST|s_valid[14]                            ; sw_fetch_unit:F_UNIT_SW|branch_predictor:BP|btb:BTB_INST|s_valid[14]                            ; iCLK         ; iCLK        ; 0.000        ; 0.082      ; 0.669      ;
; 0.401 ; sw_fetch_unit:F_UNIT_SW|branch_predictor:BP|btb:BTB_INST|s_valid[13]                            ; sw_fetch_unit:F_UNIT_SW|branch_predictor:BP|btb:BTB_INST|s_valid[13]                            ; iCLK         ; iCLK        ; 0.000        ; 0.082      ; 0.669      ;
; 0.401 ; sw_fetch_unit:F_UNIT_SW|branch_predictor:BP|btb:BTB_INST|s_valid[12]                            ; sw_fetch_unit:F_UNIT_SW|branch_predictor:BP|btb:BTB_INST|s_valid[12]                            ; iCLK         ; iCLK        ; 0.000        ; 0.082      ; 0.669      ;
; 0.401 ; sw_fetch_unit:F_UNIT_SW|branch_predictor:BP|btb:BTB_INST|s_valid[4]                             ; sw_fetch_unit:F_UNIT_SW|branch_predictor:BP|btb:BTB_INST|s_valid[4]                             ; iCLK         ; iCLK        ; 0.000        ; 0.082      ; 0.669      ;
; 0.401 ; sw_fetch_unit:F_UNIT_SW|branch_predictor:BP|btb:BTB_INST|s_valid[6]                             ; sw_fetch_unit:F_UNIT_SW|branch_predictor:BP|btb:BTB_INST|s_valid[6]                             ; iCLK         ; iCLK        ; 0.000        ; 0.082      ; 0.669      ;
; 0.401 ; sw_fetch_unit:F_UNIT_SW|branch_predictor:BP|btb:BTB_INST|s_valid[7]                             ; sw_fetch_unit:F_UNIT_SW|branch_predictor:BP|btb:BTB_INST|s_valid[7]                             ; iCLK         ; iCLK        ; 0.000        ; 0.082      ; 0.669      ;
; 0.401 ; sw_fetch_unit:F_UNIT_SW|branch_predictor:BP|btb:BTB_INST|s_valid[5]                             ; sw_fetch_unit:F_UNIT_SW|branch_predictor:BP|btb:BTB_INST|s_valid[5]                             ; iCLK         ; iCLK        ; 0.000        ; 0.082      ; 0.669      ;
; 0.402 ; sw_fetch_unit:F_UNIT_SW|branch_predictor:BP|btb:BTB_INST|s_valid[0]                             ; sw_fetch_unit:F_UNIT_SW|branch_predictor:BP|btb:BTB_INST|s_valid[0]                             ; iCLK         ; iCLK        ; 0.000        ; 0.081      ; 0.669      ;
; 0.402 ; sw_fetch_unit:F_UNIT_SW|branch_predictor:BP|btb:BTB_INST|s_valid[2]                             ; sw_fetch_unit:F_UNIT_SW|branch_predictor:BP|btb:BTB_INST|s_valid[2]                             ; iCLK         ; iCLK        ; 0.000        ; 0.081      ; 0.669      ;
; 0.402 ; sw_fetch_unit:F_UNIT_SW|branch_predictor:BP|btb:BTB_INST|s_valid[3]                             ; sw_fetch_unit:F_UNIT_SW|branch_predictor:BP|btb:BTB_INST|s_valid[3]                             ; iCLK         ; iCLK        ; 0.000        ; 0.081      ; 0.669      ;
; 0.402 ; sw_fetch_unit:F_UNIT_SW|branch_predictor:BP|btb:BTB_INST|s_valid[1]                             ; sw_fetch_unit:F_UNIT_SW|branch_predictor:BP|btb:BTB_INST|s_valid[1]                             ; iCLK         ; iCLK        ; 0.000        ; 0.081      ; 0.669      ;
; 0.402 ; sw_fetch_unit:F_UNIT_SW|branch_predictor:BP|btb:BTB_INST|s_valid[10]                            ; sw_fetch_unit:F_UNIT_SW|branch_predictor:BP|btb:BTB_INST|s_valid[10]                            ; iCLK         ; iCLK        ; 0.000        ; 0.081      ; 0.669      ;
; 0.402 ; sw_fetch_unit:F_UNIT_SW|branch_predictor:BP|btb:BTB_INST|s_valid[11]                            ; sw_fetch_unit:F_UNIT_SW|branch_predictor:BP|btb:BTB_INST|s_valid[11]                            ; iCLK         ; iCLK        ; 0.000        ; 0.081      ; 0.669      ;
; 0.402 ; sw_fetch_unit:F_UNIT_SW|branch_predictor:BP|btb:BTB_INST|s_valid[8]                             ; sw_fetch_unit:F_UNIT_SW|branch_predictor:BP|btb:BTB_INST|s_valid[8]                             ; iCLK         ; iCLK        ; 0.000        ; 0.081      ; 0.669      ;
; 0.402 ; sw_fetch_unit:F_UNIT_SW|branch_predictor:BP|btb:BTB_INST|s_valid[9]                             ; sw_fetch_unit:F_UNIT_SW|branch_predictor:BP|btb:BTB_INST|s_valid[9]                             ; iCLK         ; iCLK        ; 0.000        ; 0.081      ; 0.669      ;
; 0.436 ; IDEX_PipelineRegister:IDEX_REG|register_NBit:REG_PC_Plus4|dffg:\G_Register_NBit:19:REGI|s_Q     ; EXMEM_PipelineRegister:EXMEM_REG|register_NBit:REG_PC_Plus4|dffg:\G_Register_NBit:19:REGI|s_Q   ; iCLK         ; iCLK        ; 0.000        ; 0.082      ; 0.704      ;
; 0.449 ; IDEX_PipelineRegister:IDEX_REG|register_NBit:REG_PC_Plus4|dffg:\G_Register_NBit:20:REGI|s_Q     ; EXMEM_PipelineRegister:EXMEM_REG|register_NBit:REG_PC_Plus4|dffg:\G_Register_NBit:20:REGI|s_Q   ; iCLK         ; iCLK        ; 0.000        ; 0.082      ; 0.717      ;
; 0.451 ; IDEX_PipelineRegister:IDEX_REG|register_NBit:REG_PC_Plus4|dffg:\G_Register_NBit:4:REGI|s_Q      ; EXMEM_PipelineRegister:EXMEM_REG|register_NBit:REG_PC_Plus4|dffg:\G_Register_NBit:4:REGI|s_Q    ; iCLK         ; iCLK        ; 0.000        ; 0.081      ; 0.718      ;
; 0.465 ; sw_fetch_unit:F_UNIT_SW|pc_register:PC_REG|dffg:\GEN_TOP:29:DFF_i|s_Q                           ; IFID_PipelineRegister:IFID_REG|register_NBit:REG_PC|dffg:\G_Register_NBit:29:REGI|s_Q           ; iCLK         ; iCLK        ; 0.000        ; 0.081      ; 0.732      ;
; 0.562 ; IDEX_PipelineRegister:IDEX_REG|register_NBit:REG_pred_taken|dffg:\G_Register_NBit:0:REGI|s_Q    ; IDEX_PipelineRegister:IDEX_REG|register_NBit:REG_PC_Plus4|dffg:\G_Register_NBit:7:REGI|s_Q      ; iCLK         ; iCLK        ; 0.000        ; 0.100      ; 0.848      ;
; 0.564 ; IDEX_PipelineRegister:IDEX_REG|register_NBit:REG_pred_taken|dffg:\G_Register_NBit:0:REGI|s_Q    ; IDEX_PipelineRegister:IDEX_REG|register_NBit:REG_Instr|dffg:\G_Register_NBit:7:REGI|s_Q         ; iCLK         ; iCLK        ; 0.000        ; 0.100      ; 0.850      ;
; 0.616 ; EXMEM_PipelineRegister:EXMEM_REG|register_NBit:REG_rd|dffg:\G_Register_NBit:0:REGI|s_Q          ; MEMWB_PipelineRegister:MEMWB_REG|register_NBit:REG_rd|dffg:\G_Register_NBit:0:REGI|s_Q          ; iCLK         ; iCLK        ; 0.000        ; 0.080      ; 0.882      ;
; 0.630 ; EXMEM_PipelineRegister:EXMEM_REG|register_NBit:REG_rd|dffg:\G_Register_NBit:4:REGI|s_Q          ; MEMWB_PipelineRegister:MEMWB_REG|register_NBit:REG_rd|dffg:\G_Register_NBit:4:REGI|s_Q          ; iCLK         ; iCLK        ; 0.000        ; 0.080      ; 0.896      ;
; 0.631 ; EXMEM_PipelineRegister:EXMEM_REG|register_NBit:REG_rd|dffg:\G_Register_NBit:2:REGI|s_Q          ; MEMWB_PipelineRegister:MEMWB_REG|register_NBit:REG_rd|dffg:\G_Register_NBit:2:REGI|s_Q          ; iCLK         ; iCLK        ; 0.000        ; 0.080      ; 0.897      ;
; 0.655 ; IDEX_PipelineRegister:IDEX_REG|register_NBit:REG_PC_Plus4|dffg:\G_Register_NBit:17:REGI|s_Q     ; sw_fetch_unit:F_UNIT_SW|pc_register:PC_REG|dffg:\GEN_BOTTOM:17:DFF_i|s_Q                        ; iCLK         ; iCLK        ; 0.000        ; 0.476      ; 1.317      ;
; 0.660 ; sw_fetch_unit:F_UNIT_SW|pc_register:PC_REG|dffg:\GEN_BOTTOM:19:DFF_i|s_Q                        ; IFID_PipelineRegister:IFID_REG|register_NBit:REG_PC|dffg:\G_Register_NBit:19:REGI|s_Q           ; iCLK         ; iCLK        ; 0.000        ; 0.082      ; 0.928      ;
; 0.660 ; sw_fetch_unit:F_UNIT_SW|pc_register:PC_REG|dffg:\GEN_TOP:23:DFF_i|s_Q                           ; IFID_PipelineRegister:IFID_REG|register_NBit:REG_PC|dffg:\G_Register_NBit:23:REGI|s_Q           ; iCLK         ; iCLK        ; 0.000        ; 0.099      ; 0.945      ;
; 0.665 ; sw_fetch_unit:F_UNIT_SW|pc_register:PC_REG|dffg:\GEN_BOTTOM:15:DFF_i|s_Q                        ; IFID_PipelineRegister:IFID_REG|register_NBit:REG_PC|dffg:\G_Register_NBit:15:REGI|s_Q           ; iCLK         ; iCLK        ; 0.000        ; 0.082      ; 0.933      ;
; 0.685 ; IDEX_PipelineRegister:IDEX_REG|register_NBit:REG_PC_Plus4|dffg:\G_Register_NBit:17:REGI|s_Q     ; EXMEM_PipelineRegister:EXMEM_REG|register_NBit:REG_PC_Plus4|dffg:\G_Register_NBit:17:REGI|s_Q   ; iCLK         ; iCLK        ; 0.000        ; 0.522      ; 1.393      ;
; 0.686 ; sw_fetch_unit:F_UNIT_SW|pc_register:PC_REG|dffg:\GEN_TOP:25:DFF_i|s_Q                           ; IFID_PipelineRegister:IFID_REG|register_NBit:REG_PC|dffg:\G_Register_NBit:25:REGI|s_Q           ; iCLK         ; iCLK        ; 0.000        ; 0.097      ; 0.969      ;
; 0.703 ; sw_fetch_unit:F_UNIT_SW|pc_register:PC_REG|dffg:\GEN_BOTTOM:21:DFF_i|s_Q                        ; IFID_PipelineRegister:IFID_REG|register_NBit:REG_PC|dffg:\G_Register_NBit:21:REGI|s_Q           ; iCLK         ; iCLK        ; 0.000        ; 0.100      ; 0.989      ;
; 0.773 ; MEMWB_PipelineRegister:MEMWB_REG|register_NBit:REG_ALU_Result|dffg:\G_Register_NBit:2:REGI|s_Q  ; IDEX_PipelineRegister:IDEX_REG|register_NBit:REG_rs2|dffg:\G_Register_NBit:2:REGI|s_Q           ; iCLK         ; iCLK        ; 0.000        ; 0.098      ; 1.057      ;
; 0.800 ; EXMEM_PipelineRegister:EXMEM_REG|register_NBit:REG_PC_Plus4|dffg:\G_Register_NBit:9:REGI|s_Q    ; MEMWB_PipelineRegister:MEMWB_REG|register_NBit:REG_PC_Plus4|dffg:\G_Register_NBit:9:REGI|s_Q    ; iCLK         ; iCLK        ; 0.000        ; 0.084      ; 1.070      ;
; 0.829 ; IDEX_PipelineRegister:IDEX_REG|register_NBit:REG_PC_Plus4|dffg:\G_Register_NBit:9:REGI|s_Q      ; EXMEM_PipelineRegister:EXMEM_REG|register_NBit:REG_PC_Plus4|dffg:\G_Register_NBit:9:REGI|s_Q    ; iCLK         ; iCLK        ; 0.000        ; -0.298     ; 0.717      ;
; 0.833 ; IDEX_PipelineRegister:IDEX_REG|register_NBit:REG_PC_Plus4|dffg:\G_Register_NBit:27:REGI|s_Q     ; EXMEM_PipelineRegister:EXMEM_REG|register_NBit:REG_PC_Plus4|dffg:\G_Register_NBit:27:REGI|s_Q   ; iCLK         ; iCLK        ; 0.000        ; 0.067      ; 1.086      ;
; 0.840 ; IDEX_PipelineRegister:IDEX_REG|register_NBit:REG_rs2|dffg:\G_Register_NBit:7:REGI|s_Q           ; EXMEM_PipelineRegister:EXMEM_REG|register_NBit:REG_rs2|dffg:\G_Register_NBit:7:REGI|s_Q         ; iCLK         ; iCLK        ; 0.000        ; -0.333     ; 0.693      ;
; 0.865 ; IDEX_PipelineRegister:IDEX_REG|register_NBit:REG_Instr|dffg:\G_Register_NBit:13:REGI|s_Q        ; EXMEM_PipelineRegister:EXMEM_REG|register_NBit:REG_Instr|dffg:\G_Register_NBit:13:REGI|s_Q      ; iCLK         ; iCLK        ; 0.000        ; -0.333     ; 0.718      ;
; 0.866 ; IDEX_PipelineRegister:IDEX_REG|register_NBit:REG_Instr|dffg:\G_Register_NBit:14:REGI|s_Q        ; EXMEM_PipelineRegister:EXMEM_REG|register_NBit:REG_Instr|dffg:\G_Register_NBit:14:REGI|s_Q      ; iCLK         ; iCLK        ; 0.000        ; -0.333     ; 0.719      ;
; 0.872 ; IFID_PipelineRegister:IFID_REG|register_NBit:REG_PC_Plus4|dffg:\G_Register_NBit:21:REGI|s_Q     ; IDEX_PipelineRegister:IDEX_REG|register_NBit:REG_PC_Plus4|dffg:\G_Register_NBit:21:REGI|s_Q     ; iCLK         ; iCLK        ; 0.000        ; 0.543      ; 1.601      ;
; 0.891 ; MEMWB_PipelineRegister:MEMWB_REG|register_NBit:REG_ALU_Result|dffg:\G_Register_NBit:15:REGI|s_Q ; IDEX_PipelineRegister:IDEX_REG|register_NBit:REG_rs2|dffg:\G_Register_NBit:15:REGI|s_Q          ; iCLK         ; iCLK        ; 0.000        ; 0.100      ; 1.177      ;
; 0.892 ; IDEX_PipelineRegister:IDEX_REG|register_NBit:REG_PC_Plus4|dffg:\G_Register_NBit:24:REGI|s_Q     ; EXMEM_PipelineRegister:EXMEM_REG|register_NBit:REG_PC_Plus4|dffg:\G_Register_NBit:24:REGI|s_Q   ; iCLK         ; iCLK        ; 0.000        ; -0.361     ; 0.717      ;
; 0.895 ; IFID_PipelineRegister:IFID_REG|register_NBit:REG_PC_Plus4|dffg:\G_Register_NBit:15:REGI|s_Q     ; IDEX_PipelineRegister:IDEX_REG|register_NBit:REG_PC_Plus4|dffg:\G_Register_NBit:15:REGI|s_Q     ; iCLK         ; iCLK        ; 0.000        ; 0.082      ; 1.163      ;
; 0.909 ; MEMWB_PipelineRegister:MEMWB_REG|register_NBit:REG_ALU_Result|dffg:\G_Register_NBit:18:REGI|s_Q ; IDEX_PipelineRegister:IDEX_REG|register_NBit:REG_rs2|dffg:\G_Register_NBit:18:REGI|s_Q          ; iCLK         ; iCLK        ; 0.000        ; 0.081      ; 1.176      ;
; 0.914 ; IFID_PipelineRegister:IFID_REG|register_NBit:REG_PC_Plus4|dffg:\G_Register_NBit:23:REGI|s_Q     ; IDEX_PipelineRegister:IDEX_REG|register_NBit:REG_PC_Plus4|dffg:\G_Register_NBit:23:REGI|s_Q     ; iCLK         ; iCLK        ; 0.000        ; 0.065      ; 1.165      ;
; 0.922 ; IDEX_PipelineRegister:IDEX_REG|register_NBit:REG_PC_Plus4|dffg:\G_Register_NBit:15:REGI|s_Q     ; EXMEM_PipelineRegister:EXMEM_REG|register_NBit:REG_PC_Plus4|dffg:\G_Register_NBit:15:REGI|s_Q   ; iCLK         ; iCLK        ; 0.000        ; 0.094      ; 1.202      ;
; 0.947 ; MEMWB_PipelineRegister:MEMWB_REG|register_NBit:REG_ALU_Result|dffg:\G_Register_NBit:30:REGI|s_Q ; IDEX_PipelineRegister:IDEX_REG|register_NBit:REG_rs1|dffg:\G_Register_NBit:30:REGI|s_Q          ; iCLK         ; iCLK        ; 0.000        ; 0.083      ; 1.216      ;
; 0.954 ; IDEX_PipelineRegister:IDEX_REG|register_NBit:REG_PC_Plus4|dffg:\G_Register_NBit:23:REGI|s_Q     ; sw_fetch_unit:F_UNIT_SW|pc_register:PC_REG|dffg:\GEN_TOP:23:DFF_i|s_Q                           ; iCLK         ; iCLK        ; 0.000        ; 0.131      ; 1.271      ;
; 0.963 ; IFID_PipelineRegister:IFID_REG|register_NBit:REG_PC_Plus4|dffg:\G_Register_NBit:18:REGI|s_Q     ; IDEX_PipelineRegister:IDEX_REG|register_NBit:REG_PC_Plus4|dffg:\G_Register_NBit:18:REGI|s_Q     ; iCLK         ; iCLK        ; 0.000        ; 0.508      ; 1.657      ;
; 0.964 ; IDEX_PipelineRegister:IDEX_REG|register_NBit:REG_rs2|dffg:\G_Register_NBit:11:REGI|s_Q          ; EXMEM_PipelineRegister:EXMEM_REG|register_NBit:REG_rs2|dffg:\G_Register_NBit:11:REGI|s_Q        ; iCLK         ; iCLK        ; 0.000        ; -0.333     ; 0.817      ;
; 0.967 ; IDEX_PipelineRegister:IDEX_REG|register_NBit:REG_rs2|dffg:\G_Register_NBit:31:REGI|s_Q          ; EXMEM_PipelineRegister:EXMEM_REG|register_NBit:REG_rs2|dffg:\G_Register_NBit:31:REGI|s_Q        ; iCLK         ; iCLK        ; 0.000        ; -0.334     ; 0.819      ;
; 0.982 ; IFID_PipelineRegister:IFID_REG|register_NBit:REG_PC_Plus4|dffg:\G_Register_NBit:3:REGI|s_Q      ; IDEX_PipelineRegister:IDEX_REG|register_NBit:REG_PC_Plus4|dffg:\G_Register_NBit:3:REGI|s_Q      ; iCLK         ; iCLK        ; 0.000        ; 0.081      ; 1.249      ;
; 0.983 ; EXMEM_PipelineRegister:EXMEM_REG|register_NBit:REG_ALU_Result|dffg:\G_Register_NBit:25:REGI|s_Q ; MEMWB_PipelineRegister:MEMWB_REG|register_NBit:REG_ALU_Result|dffg:\G_Register_NBit:25:REGI|s_Q ; iCLK         ; iCLK        ; 0.000        ; 0.098      ; 1.267      ;
; 0.984 ; IFID_PipelineRegister:IFID_REG|register_NBit:REG_PC_Plus4|dffg:\G_Register_NBit:4:REGI|s_Q      ; IDEX_PipelineRegister:IDEX_REG|register_NBit:REG_PC_Plus4|dffg:\G_Register_NBit:4:REGI|s_Q      ; iCLK         ; iCLK        ; 0.000        ; 0.081      ; 1.251      ;
; 1.008 ; IDEX_PipelineRegister:IDEX_REG|register_NBit:REG_PC_Plus4|dffg:\G_Register_NBit:12:REGI|s_Q     ; sw_fetch_unit:F_UNIT_SW|pc_register:PC_REG|dffg:\GEN_BOTTOM:12:DFF_i|s_Q                        ; iCLK         ; iCLK        ; 0.000        ; 0.544      ; 1.738      ;
; 1.012 ; EXMEM_PipelineRegister:EXMEM_REG|register_NBit:REG_PC_Plus4|dffg:\G_Register_NBit:0:REGI|s_Q    ; MEMWB_PipelineRegister:MEMWB_REG|register_NBit:REG_PC_Plus4|dffg:\G_Register_NBit:0:REGI|s_Q    ; iCLK         ; iCLK        ; 0.000        ; -0.332     ; 0.866      ;
; 1.013 ; EXMEM_PipelineRegister:EXMEM_REG|register_NBit:REG_PC_Plus4|dffg:\G_Register_NBit:1:REGI|s_Q    ; MEMWB_PipelineRegister:MEMWB_REG|register_NBit:REG_PC_Plus4|dffg:\G_Register_NBit:1:REGI|s_Q    ; iCLK         ; iCLK        ; 0.000        ; -0.333     ; 0.866      ;
; 1.014 ; EXMEM_PipelineRegister:EXMEM_REG|register_NBit:REG_PC_Plus4|dffg:\G_Register_NBit:17:REGI|s_Q   ; MEMWB_PipelineRegister:MEMWB_REG|register_NBit:REG_PC_Plus4|dffg:\G_Register_NBit:17:REGI|s_Q   ; iCLK         ; iCLK        ; 0.000        ; -0.332     ; 0.868      ;
; 1.021 ; sw_fetch_unit:F_UNIT_SW|pc_register:PC_REG|dffg:\GEN_TOP:27:DFF_i|s_Q                           ; IFID_PipelineRegister:IFID_REG|register_NBit:REG_PC_Plus4|dffg:\G_Register_NBit:27:REGI|s_Q     ; iCLK         ; iCLK        ; 0.000        ; 0.082      ; 1.289      ;
; 1.025 ; IDEX_PipelineRegister:IDEX_REG|register_NBit:REG_rs2|dffg:\G_Register_NBit:3:REGI|s_Q           ; EXMEM_PipelineRegister:EXMEM_REG|register_NBit:REG_rs2|dffg:\G_Register_NBit:3:REGI|s_Q         ; iCLK         ; iCLK        ; 0.000        ; 0.081      ; 1.292      ;
; 1.028 ; EXMEM_PipelineRegister:EXMEM_REG|register_NBit:REG_ALU_Result|dffg:\G_Register_NBit:13:REGI|s_Q ; MEMWB_PipelineRegister:MEMWB_REG|register_NBit:REG_ALU_Result|dffg:\G_Register_NBit:13:REGI|s_Q ; iCLK         ; iCLK        ; 0.000        ; 0.077      ; 1.291      ;
; 1.029 ; IDEX_PipelineRegister:IDEX_REG|register_NBit:REG_PC_Plus4|dffg:\G_Register_NBit:23:REGI|s_Q     ; EXMEM_PipelineRegister:EXMEM_REG|register_NBit:REG_PC_Plus4|dffg:\G_Register_NBit:23:REGI|s_Q   ; iCLK         ; iCLK        ; 0.000        ; -0.312     ; 0.903      ;
; 1.032 ; MEMWB_PipelineRegister:MEMWB_REG|register_NBit:REG_ALU_Result|dffg:\G_Register_NBit:31:REGI|s_Q ; IDEX_PipelineRegister:IDEX_REG|register_NBit:REG_rs2|dffg:\G_Register_NBit:31:REGI|s_Q          ; iCLK         ; iCLK        ; 0.000        ; 0.098      ; 1.316      ;
; 1.042 ; EXMEM_PipelineRegister:EXMEM_REG|register_NBit:REG_ALU_Result|dffg:\G_Register_NBit:17:REGI|s_Q ; MEMWB_PipelineRegister:MEMWB_REG|register_NBit:REG_ALU_Result|dffg:\G_Register_NBit:17:REGI|s_Q ; iCLK         ; iCLK        ; 0.000        ; -0.332     ; 0.896      ;
; 1.042 ; EXMEM_PipelineRegister:EXMEM_REG|register_NBit:REG_PC_Plus4|dffg:\G_Register_NBit:5:REGI|s_Q    ; MEMWB_PipelineRegister:MEMWB_REG|register_NBit:REG_PC_Plus4|dffg:\G_Register_NBit:5:REGI|s_Q    ; iCLK         ; iCLK        ; 0.000        ; -0.362     ; 0.866      ;
; 1.047 ; IDEX_PipelineRegister:IDEX_REG|register_NBit:REG_PC_Plus4|dffg:\G_Register_NBit:27:REGI|s_Q     ; sw_fetch_unit:F_UNIT_SW|pc_register:PC_REG|dffg:\GEN_TOP:27:DFF_i|s_Q                           ; iCLK         ; iCLK        ; 0.000        ; 0.082      ; 1.315      ;
; 1.049 ; IDEX_PipelineRegister:IDEX_REG|register_NBit:REG_PC_Plus4|dffg:\G_Register_NBit:15:REGI|s_Q     ; sw_fetch_unit:F_UNIT_SW|pc_register:PC_REG|dffg:\GEN_BOTTOM:15:DFF_i|s_Q                        ; iCLK         ; iCLK        ; 0.000        ; 0.082      ; 1.317      ;
; 1.051 ; IDEX_PipelineRegister:IDEX_REG|register_NBit:REG_PC_Plus4|dffg:\G_Register_NBit:28:REGI|s_Q     ; EXMEM_PipelineRegister:EXMEM_REG|register_NBit:REG_PC_Plus4|dffg:\G_Register_NBit:28:REGI|s_Q   ; iCLK         ; iCLK        ; 0.000        ; 0.082      ; 1.319      ;
; 1.052 ; EXMEM_PipelineRegister:EXMEM_REG|register_NBit:REG_PC_Plus4|dffg:\G_Register_NBit:3:REGI|s_Q    ; MEMWB_PipelineRegister:MEMWB_REG|register_NBit:REG_PC_Plus4|dffg:\G_Register_NBit:3:REGI|s_Q    ; iCLK         ; iCLK        ; 0.000        ; 0.083      ; 1.321      ;
; 1.055 ; EXMEM_PipelineRegister:EXMEM_REG|register_NBit:REG_ALU_Result|dffg:\G_Register_NBit:14:REGI|s_Q ; MEMWB_PipelineRegister:MEMWB_REG|register_NBit:REG_ALU_Result|dffg:\G_Register_NBit:14:REGI|s_Q ; iCLK         ; iCLK        ; 0.000        ; 0.080      ; 1.321      ;
; 1.058 ; EXMEM_PipelineRegister:EXMEM_REG|register_NBit:REG_ALU_Result|dffg:\G_Register_NBit:16:REGI|s_Q ; MEMWB_PipelineRegister:MEMWB_REG|register_NBit:REG_ALU_Result|dffg:\G_Register_NBit:16:REGI|s_Q ; iCLK         ; iCLK        ; 0.000        ; -0.362     ; 0.882      ;
; 1.059 ; sw_fetch_unit:F_UNIT_SW|pc_register:PC_REG|dffg:DFF_22|s_Q                                      ; IFID_PipelineRegister:IFID_REG|register_NBit:REG_PC|dffg:\G_Register_NBit:22:REGI|s_Q           ; iCLK         ; iCLK        ; 0.000        ; 0.078      ; 1.323      ;
; 1.059 ; EXMEM_PipelineRegister:EXMEM_REG|register_NBit:REG_rd|dffg:\G_Register_NBit:1:REGI|s_Q          ; MEMWB_PipelineRegister:MEMWB_REG|register_NBit:REG_rd|dffg:\G_Register_NBit:1:REGI|s_Q          ; iCLK         ; iCLK        ; 0.000        ; 0.083      ; 1.328      ;
; 1.059 ; EXMEM_PipelineRegister:EXMEM_REG|register_NBit:REG_PC_Plus4|dffg:\G_Register_NBit:18:REGI|s_Q   ; MEMWB_PipelineRegister:MEMWB_REG|register_NBit:REG_PC_Plus4|dffg:\G_Register_NBit:18:REGI|s_Q   ; iCLK         ; iCLK        ; 0.000        ; 0.565      ; 1.810      ;
; 1.063 ; IDEX_PipelineRegister:IDEX_REG|register_NBit:REG_PC_Plus4|dffg:\G_Register_NBit:10:REGI|s_Q     ; EXMEM_PipelineRegister:EXMEM_REG|register_NBit:REG_PC_Plus4|dffg:\G_Register_NBit:10:REGI|s_Q   ; iCLK         ; iCLK        ; 0.000        ; -0.361     ; 0.888      ;
; 1.065 ; IDEX_PipelineRegister:IDEX_REG|register_NBit:REG_rs2|dffg:\G_Register_NBit:4:REGI|s_Q           ; EXMEM_PipelineRegister:EXMEM_REG|register_NBit:REG_rs2|dffg:\G_Register_NBit:4:REGI|s_Q         ; iCLK         ; iCLK        ; 0.000        ; -0.333     ; 0.918      ;
; 1.065 ; EXMEM_PipelineRegister:EXMEM_REG|register_NBit:REG_ALU_Result|dffg:\G_Register_NBit:26:REGI|s_Q ; MEMWB_PipelineRegister:MEMWB_REG|register_NBit:REG_ALU_Result|dffg:\G_Register_NBit:26:REGI|s_Q ; iCLK         ; iCLK        ; 0.000        ; -0.363     ; 0.888      ;
; 1.066 ; EXMEM_PipelineRegister:EXMEM_REG|register_NBit:REG_ALU_Result|dffg:\G_Register_NBit:23:REGI|s_Q ; MEMWB_PipelineRegister:MEMWB_REG|register_NBit:REG_ALU_Result|dffg:\G_Register_NBit:23:REGI|s_Q ; iCLK         ; iCLK        ; 0.000        ; -0.363     ; 0.889      ;
; 1.069 ; EXMEM_PipelineRegister:EXMEM_REG|register_NBit:REG_ALU_Result|dffg:\G_Register_NBit:18:REGI|s_Q ; MEMWB_PipelineRegister:MEMWB_REG|register_NBit:REG_ALU_Result|dffg:\G_Register_NBit:18:REGI|s_Q ; iCLK         ; iCLK        ; 0.000        ; -0.362     ; 0.893      ;
; 1.072 ; EXMEM_PipelineRegister:EXMEM_REG|register_NBit:REG_ALU_Result|dffg:\G_Register_NBit:22:REGI|s_Q ; MEMWB_PipelineRegister:MEMWB_REG|register_NBit:REG_ALU_Result|dffg:\G_Register_NBit:22:REGI|s_Q ; iCLK         ; iCLK        ; 0.000        ; -0.362     ; 0.896      ;
; 1.086 ; IFID_PipelineRegister:IFID_REG|register_NBit:REG_PC|dffg:\G_Register_NBit:29:REGI|s_Q           ; IDEX_PipelineRegister:IDEX_REG|register_NBit:REG_PC|dffg:\G_Register_NBit:29:REGI|s_Q           ; iCLK         ; iCLK        ; 0.000        ; 0.082      ; 1.354      ;
; 1.094 ; IDEX_PipelineRegister:IDEX_REG|register_NBit:REG_rs2|dffg:\G_Register_NBit:15:REGI|s_Q          ; EXMEM_PipelineRegister:EXMEM_REG|register_NBit:REG_rs2|dffg:\G_Register_NBit:15:REGI|s_Q        ; iCLK         ; iCLK        ; 0.000        ; -0.362     ; 0.918      ;
; 1.103 ; sw_fetch_unit:F_UNIT_SW|pc_register:PC_REG|dffg:\GEN_BOTTOM:19:DFF_i|s_Q                        ; IFID_PipelineRegister:IFID_REG|register_NBit:REG_PC_Plus4|dffg:\G_Register_NBit:20:REGI|s_Q     ; iCLK         ; iCLK        ; 0.000        ; 0.577      ; 1.866      ;
; 1.103 ; IFID_PipelineRegister:IFID_REG|register_NBit:REG_PC_Plus4|dffg:\G_Register_NBit:19:REGI|s_Q     ; IDEX_PipelineRegister:IDEX_REG|register_NBit:REG_PC_Plus4|dffg:\G_Register_NBit:19:REGI|s_Q     ; iCLK         ; iCLK        ; 0.000        ; 0.082      ; 1.371      ;
; 1.103 ; IFID_PipelineRegister:IFID_REG|register_NBit:REG_PC_Plus4|dffg:\G_Register_NBit:27:REGI|s_Q     ; IDEX_PipelineRegister:IDEX_REG|register_NBit:REG_PC_Plus4|dffg:\G_Register_NBit:27:REGI|s_Q     ; iCLK         ; iCLK        ; 0.000        ; 0.082      ; 1.371      ;
; 1.107 ; IDEX_PipelineRegister:IDEX_REG|register_NBit:REG_rs2|dffg:\G_Register_NBit:2:REGI|s_Q           ; EXMEM_PipelineRegister:EXMEM_REG|register_NBit:REG_rs2|dffg:\G_Register_NBit:2:REGI|s_Q         ; iCLK         ; iCLK        ; 0.000        ; -0.332     ; 0.961      ;
; 1.107 ; IDEX_PipelineRegister:IDEX_REG|register_NBit:REG_rs2|dffg:\G_Register_NBit:13:REGI|s_Q          ; EXMEM_PipelineRegister:EXMEM_REG|register_NBit:REG_rs2|dffg:\G_Register_NBit:13:REGI|s_Q        ; iCLK         ; iCLK        ; 0.000        ; -0.333     ; 0.960      ;
; 1.111 ; MEMWB_PipelineRegister:MEMWB_REG|register_NBit:REG_PC_Plus4|dffg:\G_Register_NBit:2:REGI|s_Q    ; IDEX_PipelineRegister:IDEX_REG|register_NBit:REG_rs2|dffg:\G_Register_NBit:2:REGI|s_Q           ; iCLK         ; iCLK        ; 0.000        ; 0.098      ; 1.395      ;
; 1.118 ; IDEX_PipelineRegister:IDEX_REG|register_NBit:REG_PC_Plus4|dffg:\G_Register_NBit:20:REGI|s_Q     ; sw_fetch_unit:F_UNIT_SW|pc_register:PC_REG|dffg:\GEN_BOTTOM:20:DFF_i|s_Q                        ; iCLK         ; iCLK        ; 0.000        ; 0.545      ; 1.849      ;
; 1.122 ; IDEX_PipelineRegister:IDEX_REG|register_NBit:REG_pred_taken|dffg:\G_Register_NBit:0:REGI|s_Q    ; IFID_PipelineRegister:IFID_REG|register_NBit:REG_pred_taken|dffg:\G_Register_NBit:0:REGI|s_Q    ; iCLK         ; iCLK        ; 0.000        ; 0.066      ; 1.374      ;
; 1.124 ; IFID_PipelineRegister:IFID_REG|register_NBit:REG_PC_Plus4|dffg:\G_Register_NBit:28:REGI|s_Q     ; IDEX_PipelineRegister:IDEX_REG|register_NBit:REG_PC_Plus4|dffg:\G_Register_NBit:28:REGI|s_Q     ; iCLK         ; iCLK        ; 0.000        ; 0.082      ; 1.392      ;
; 1.125 ; MEMWB_PipelineRegister:MEMWB_REG|register_NBit:REG_PC_Plus4|dffg:\G_Register_NBit:3:REGI|s_Q    ; IDEX_PipelineRegister:IDEX_REG|register_NBit:REG_rs2|dffg:\G_Register_NBit:3:REGI|s_Q           ; iCLK         ; iCLK        ; 0.000        ; 0.081      ; 1.392      ;
; 1.125 ; sw_fetch_unit:F_UNIT_SW|pc_register:PC_REG|dffg:\GEN_TOP:26:DFF_i|s_Q                           ; IFID_PipelineRegister:IFID_REG|register_NBit:REG_PC_Plus4|dffg:\G_Register_NBit:26:REGI|s_Q     ; iCLK         ; iCLK        ; 0.000        ; 0.097      ; 1.408      ;
; 1.144 ; IFID_PipelineRegister:IFID_REG|register_NBit:REG_PC|dffg:\G_Register_NBit:31:REGI|s_Q           ; IDEX_PipelineRegister:IDEX_REG|register_NBit:REG_PC|dffg:\G_Register_NBit:31:REGI|s_Q           ; iCLK         ; iCLK        ; 0.000        ; 0.081      ; 1.411      ;
; 1.145 ; sw_fetch_unit:F_UNIT_SW|pc_register:PC_REG|dffg:\GEN_BOTTOM:13:DFF_i|s_Q                        ; IFID_PipelineRegister:IFID_REG|register_NBit:REG_PC|dffg:\G_Register_NBit:13:REGI|s_Q           ; iCLK         ; iCLK        ; 0.000        ; -0.361     ; 0.970      ;
; 1.151 ; EXMEM_PipelineRegister:EXMEM_REG|register_NBit:REG_rs2|dffg:\G_Register_NBit:13:REGI|s_Q        ; mem:DMem|ram~27544                                                                              ; iCLK         ; iCLK        ; 0.000        ; 0.063      ; 1.400      ;
; 1.151 ; IDEX_PipelineRegister:IDEX_REG|register_NBit:REG_PC_Plus4|dffg:\G_Register_NBit:29:REGI|s_Q     ; EXMEM_PipelineRegister:EXMEM_REG|register_NBit:REG_PC_Plus4|dffg:\G_Register_NBit:29:REGI|s_Q   ; iCLK         ; iCLK        ; 0.000        ; 0.499      ; 1.836      ;
; 1.152 ; EXMEM_PipelineRegister:EXMEM_REG|register_NBit:REG_rs2|dffg:\G_Register_NBit:13:REGI|s_Q        ; mem:DMem|ram~27288                                                                              ; iCLK         ; iCLK        ; 0.000        ; 0.063      ; 1.401      ;
; 1.156 ; IFID_PipelineRegister:IFID_REG|register_NBit:REG_pred_taken|dffg:\G_Register_NBit:0:REGI|s_Q    ; IDEX_PipelineRegister:IDEX_REG|register_NBit:REG_pred_taken|dffg:\G_Register_NBit:0:REGI|s_Q    ; iCLK         ; iCLK        ; 0.000        ; 0.133      ; 1.475      ;
+-------+-------------------------------------------------------------------------------------------------+-------------------------------------------------------------------------------------------------+--------------+-------------+--------------+------------+------------+


-----------------------------------------------
; Slow 1200mV 85C Model Metastability Summary ;
-----------------------------------------------
No synchronizer chains to report.


+-------------------------------------------------+
; Slow 1200mV 0C Model Fmax Summary               ;
+-----------+-----------------+------------+------+
; Fmax      ; Restricted Fmax ; Clock Name ; Note ;
+-----------+-----------------+------------+------+
; 51.42 MHz ; 51.42 MHz       ; iCLK       ;      ;
+-----------+-----------------+------------+------+
This panel reports FMAX for every clock in the design, regardless of the user-specified clock periods.  FMAX is only computed for paths where the source and destination registers or ports are driven by the same clock.  Paths of different clocks, including generated clocks, are ignored.  For paths between a clock and its inversion, FMAX is computed as if the rising and falling edges are scaled along with FMAX, such that the duty cycle (in terms of a percentage) is maintained. Altera recommends that you always use clock constraints and other slack reports for sign-off analysis.


+------------------------------------+
; Slow 1200mV 0C Model Setup Summary ;
+-------+-------+--------------------+
; Clock ; Slack ; End Point TNS      ;
+-------+-------+--------------------+
; iCLK  ; 0.554 ; 0.000              ;
+-------+-------+--------------------+


+-----------------------------------+
; Slow 1200mV 0C Model Hold Summary ;
+-------+-------+-------------------+
; Clock ; Slack ; End Point TNS     ;
+-------+-------+-------------------+
; iCLK  ; 0.336 ; 0.000             ;
+-------+-------+-------------------+


-----------------------------------------
; Slow 1200mV 0C Model Recovery Summary ;
-----------------------------------------
No paths to report.


----------------------------------------
; Slow 1200mV 0C Model Removal Summary ;
----------------------------------------
No paths to report.


+--------------------------------------------------+
; Slow 1200mV 0C Model Minimum Pulse Width Summary ;
+-------+-------+----------------------------------+
; Clock ; Slack ; End Point TNS                    ;
+-------+-------+----------------------------------+
; iCLK  ; 9.770 ; 0.000                            ;
+-------+-------+----------------------------------+


+-------------------------------------------------------------------------------------------------------------------------------------------------------------------------------------------------------------------------------------------------------------------------+
; Slow 1200mV 0C Model Setup: 'iCLK'                                                                                                                                                                                                                                      ;
+-------+---------------------------------------------------------------------------------------------+---------------------------------------------------------------------------------------------+--------------+-------------+--------------+------------+------------+
; Slack ; From Node                                                                                   ; To Node                                                                                     ; Launch Clock ; Latch Clock ; Relationship ; Clock Skew ; Data Delay ;
+-------+---------------------------------------------------------------------------------------------+---------------------------------------------------------------------------------------------+--------------+-------------+--------------+------------+------------+
; 0.554 ; IDEX_PipelineRegister:IDEX_REG|register_NBit:REG_Instr|dffg:\G_Register_NBit:19:REGI|s_Q    ; sw_fetch_unit:F_UNIT_SW|branch_predictor:BP|bht:BHT_INST|s_table[5][1]                      ; iCLK         ; iCLK        ; 20.000       ; 0.255      ; 19.700     ;
; 0.554 ; IDEX_PipelineRegister:IDEX_REG|register_NBit:REG_Instr|dffg:\G_Register_NBit:19:REGI|s_Q    ; sw_fetch_unit:F_UNIT_SW|branch_predictor:BP|bht:BHT_INST|s_table[5][0]                      ; iCLK         ; iCLK        ; 20.000       ; 0.255      ; 19.700     ;
; 0.563 ; IDEX_PipelineRegister:IDEX_REG|register_NBit:REG_Instr|dffg:\G_Register_NBit:18:REGI|s_Q    ; sw_fetch_unit:F_UNIT_SW|branch_predictor:BP|bht:BHT_INST|s_table[5][1]                      ; iCLK         ; iCLK        ; 20.000       ; 0.255      ; 19.691     ;
; 0.563 ; IDEX_PipelineRegister:IDEX_REG|register_NBit:REG_Instr|dffg:\G_Register_NBit:18:REGI|s_Q    ; sw_fetch_unit:F_UNIT_SW|branch_predictor:BP|bht:BHT_INST|s_table[5][0]                      ; iCLK         ; iCLK        ; 20.000       ; 0.255      ; 19.691     ;
; 0.620 ; IDEX_PipelineRegister:IDEX_REG|register_NBit:REG_Instr|dffg:\G_Register_NBit:19:REGI|s_Q    ; sw_fetch_unit:F_UNIT_SW|branch_predictor:BP|bht:BHT_INST|s_table[21][1]                     ; iCLK         ; iCLK        ; 20.000       ; 0.287      ; 19.666     ;
; 0.620 ; IDEX_PipelineRegister:IDEX_REG|register_NBit:REG_Instr|dffg:\G_Register_NBit:19:REGI|s_Q    ; sw_fetch_unit:F_UNIT_SW|branch_predictor:BP|bht:BHT_INST|s_table[21][0]                     ; iCLK         ; iCLK        ; 20.000       ; 0.287      ; 19.666     ;
; 0.629 ; IDEX_PipelineRegister:IDEX_REG|register_NBit:REG_Instr|dffg:\G_Register_NBit:18:REGI|s_Q    ; sw_fetch_unit:F_UNIT_SW|branch_predictor:BP|bht:BHT_INST|s_table[21][1]                     ; iCLK         ; iCLK        ; 20.000       ; 0.287      ; 19.657     ;
; 0.629 ; IDEX_PipelineRegister:IDEX_REG|register_NBit:REG_Instr|dffg:\G_Register_NBit:18:REGI|s_Q    ; sw_fetch_unit:F_UNIT_SW|branch_predictor:BP|bht:BHT_INST|s_table[21][0]                     ; iCLK         ; iCLK        ; 20.000       ; 0.287      ; 19.657     ;
; 0.635 ; IDEX_PipelineRegister:IDEX_REG|register_NBit:REG_Instr|dffg:\G_Register_NBit:15:REGI|s_Q    ; sw_fetch_unit:F_UNIT_SW|branch_predictor:BP|bht:BHT_INST|s_table[5][1]                      ; iCLK         ; iCLK        ; 20.000       ; 0.257      ; 19.621     ;
; 0.635 ; IDEX_PipelineRegister:IDEX_REG|register_NBit:REG_Instr|dffg:\G_Register_NBit:15:REGI|s_Q    ; sw_fetch_unit:F_UNIT_SW|branch_predictor:BP|bht:BHT_INST|s_table[5][0]                      ; iCLK         ; iCLK        ; 20.000       ; 0.257      ; 19.621     ;
; 0.661 ; MEMWB_PipelineRegister:MEMWB_REG|register_NBit:REG_rd|dffg:\G_Register_NBit:4:REGI|s_Q      ; sw_fetch_unit:F_UNIT_SW|branch_predictor:BP|bht:BHT_INST|s_table[5][1]                      ; iCLK         ; iCLK        ; 20.000       ; 0.255      ; 19.593     ;
; 0.661 ; MEMWB_PipelineRegister:MEMWB_REG|register_NBit:REG_rd|dffg:\G_Register_NBit:4:REGI|s_Q      ; sw_fetch_unit:F_UNIT_SW|branch_predictor:BP|bht:BHT_INST|s_table[5][0]                      ; iCLK         ; iCLK        ; 20.000       ; 0.255      ; 19.593     ;
; 0.666 ; IDEX_PipelineRegister:IDEX_REG|register_NBit:REG_Instr|dffg:\G_Register_NBit:19:REGI|s_Q    ; sw_fetch_unit:F_UNIT_SW|pc_register:PC_REG|dffg:\GEN_TOP:29:DFF_i|s_Q                       ; iCLK         ; iCLK        ; 20.000       ; -0.079     ; 19.254     ;
; 0.666 ; IDEX_PipelineRegister:IDEX_REG|register_NBit:REG_Instr|dffg:\G_Register_NBit:19:REGI|s_Q    ; IFID_PipelineRegister:IFID_REG|register_NBit:REG_PC|dffg:\G_Register_NBit:29:REGI|s_Q       ; iCLK         ; iCLK        ; 20.000       ; -0.079     ; 19.254     ;
; 0.666 ; IDEX_PipelineRegister:IDEX_REG|register_NBit:REG_Instr|dffg:\G_Register_NBit:19:REGI|s_Q    ; IFID_PipelineRegister:IFID_REG|register_NBit:REG_PC|dffg:\G_Register_NBit:31:REGI|s_Q       ; iCLK         ; iCLK        ; 20.000       ; -0.079     ; 19.254     ;
; 0.666 ; IDEX_PipelineRegister:IDEX_REG|register_NBit:REG_Instr|dffg:\G_Register_NBit:19:REGI|s_Q    ; IFID_PipelineRegister:IFID_REG|register_NBit:REG_PC_Plus4|dffg:\G_Register_NBit:17:REGI|s_Q ; iCLK         ; iCLK        ; 20.000       ; -0.079     ; 19.254     ;
; 0.675 ; IDEX_PipelineRegister:IDEX_REG|register_NBit:REG_Instr|dffg:\G_Register_NBit:18:REGI|s_Q    ; sw_fetch_unit:F_UNIT_SW|pc_register:PC_REG|dffg:\GEN_TOP:29:DFF_i|s_Q                       ; iCLK         ; iCLK        ; 20.000       ; -0.079     ; 19.245     ;
; 0.675 ; IDEX_PipelineRegister:IDEX_REG|register_NBit:REG_Instr|dffg:\G_Register_NBit:18:REGI|s_Q    ; IFID_PipelineRegister:IFID_REG|register_NBit:REG_PC|dffg:\G_Register_NBit:29:REGI|s_Q       ; iCLK         ; iCLK        ; 20.000       ; -0.079     ; 19.245     ;
; 0.675 ; IDEX_PipelineRegister:IDEX_REG|register_NBit:REG_Instr|dffg:\G_Register_NBit:18:REGI|s_Q    ; IFID_PipelineRegister:IFID_REG|register_NBit:REG_PC|dffg:\G_Register_NBit:31:REGI|s_Q       ; iCLK         ; iCLK        ; 20.000       ; -0.079     ; 19.245     ;
; 0.675 ; IDEX_PipelineRegister:IDEX_REG|register_NBit:REG_Instr|dffg:\G_Register_NBit:18:REGI|s_Q    ; IFID_PipelineRegister:IFID_REG|register_NBit:REG_PC_Plus4|dffg:\G_Register_NBit:17:REGI|s_Q ; iCLK         ; iCLK        ; 20.000       ; -0.079     ; 19.245     ;
; 0.694 ; MEMWB_PipelineRegister:MEMWB_REG|register_NBit:REG_DMemOut|dffg:\G_Register_NBit:0:REGI|s_Q ; sw_fetch_unit:F_UNIT_SW|branch_predictor:BP|bht:BHT_INST|s_table[5][1]                      ; iCLK         ; iCLK        ; 20.000       ; 0.240      ; 19.545     ;
; 0.694 ; MEMWB_PipelineRegister:MEMWB_REG|register_NBit:REG_DMemOut|dffg:\G_Register_NBit:0:REGI|s_Q ; sw_fetch_unit:F_UNIT_SW|branch_predictor:BP|bht:BHT_INST|s_table[5][0]                      ; iCLK         ; iCLK        ; 20.000       ; 0.240      ; 19.545     ;
; 0.701 ; IDEX_PipelineRegister:IDEX_REG|register_NBit:REG_Instr|dffg:\G_Register_NBit:15:REGI|s_Q    ; sw_fetch_unit:F_UNIT_SW|branch_predictor:BP|bht:BHT_INST|s_table[21][1]                     ; iCLK         ; iCLK        ; 20.000       ; 0.289      ; 19.587     ;
; 0.701 ; IDEX_PipelineRegister:IDEX_REG|register_NBit:REG_Instr|dffg:\G_Register_NBit:15:REGI|s_Q    ; sw_fetch_unit:F_UNIT_SW|branch_predictor:BP|bht:BHT_INST|s_table[21][0]                     ; iCLK         ; iCLK        ; 20.000       ; 0.289      ; 19.587     ;
; 0.727 ; MEMWB_PipelineRegister:MEMWB_REG|register_NBit:REG_rd|dffg:\G_Register_NBit:4:REGI|s_Q      ; sw_fetch_unit:F_UNIT_SW|branch_predictor:BP|bht:BHT_INST|s_table[21][1]                     ; iCLK         ; iCLK        ; 20.000       ; 0.287      ; 19.559     ;
; 0.727 ; MEMWB_PipelineRegister:MEMWB_REG|register_NBit:REG_rd|dffg:\G_Register_NBit:4:REGI|s_Q      ; sw_fetch_unit:F_UNIT_SW|branch_predictor:BP|bht:BHT_INST|s_table[21][0]                     ; iCLK         ; iCLK        ; 20.000       ; 0.287      ; 19.559     ;
; 0.747 ; IDEX_PipelineRegister:IDEX_REG|register_NBit:REG_Instr|dffg:\G_Register_NBit:15:REGI|s_Q    ; sw_fetch_unit:F_UNIT_SW|pc_register:PC_REG|dffg:\GEN_TOP:29:DFF_i|s_Q                       ; iCLK         ; iCLK        ; 20.000       ; -0.077     ; 19.175     ;
; 0.747 ; IDEX_PipelineRegister:IDEX_REG|register_NBit:REG_Instr|dffg:\G_Register_NBit:15:REGI|s_Q    ; IFID_PipelineRegister:IFID_REG|register_NBit:REG_PC|dffg:\G_Register_NBit:29:REGI|s_Q       ; iCLK         ; iCLK        ; 20.000       ; -0.077     ; 19.175     ;
; 0.747 ; IDEX_PipelineRegister:IDEX_REG|register_NBit:REG_Instr|dffg:\G_Register_NBit:15:REGI|s_Q    ; IFID_PipelineRegister:IFID_REG|register_NBit:REG_PC|dffg:\G_Register_NBit:31:REGI|s_Q       ; iCLK         ; iCLK        ; 20.000       ; -0.077     ; 19.175     ;
; 0.747 ; IDEX_PipelineRegister:IDEX_REG|register_NBit:REG_Instr|dffg:\G_Register_NBit:15:REGI|s_Q    ; IFID_PipelineRegister:IFID_REG|register_NBit:REG_PC_Plus4|dffg:\G_Register_NBit:17:REGI|s_Q ; iCLK         ; iCLK        ; 20.000       ; -0.077     ; 19.175     ;
; 0.760 ; MEMWB_PipelineRegister:MEMWB_REG|register_NBit:REG_DMemOut|dffg:\G_Register_NBit:0:REGI|s_Q ; sw_fetch_unit:F_UNIT_SW|branch_predictor:BP|bht:BHT_INST|s_table[21][1]                     ; iCLK         ; iCLK        ; 20.000       ; 0.272      ; 19.511     ;
; 0.760 ; MEMWB_PipelineRegister:MEMWB_REG|register_NBit:REG_DMemOut|dffg:\G_Register_NBit:0:REGI|s_Q ; sw_fetch_unit:F_UNIT_SW|branch_predictor:BP|bht:BHT_INST|s_table[21][0]                     ; iCLK         ; iCLK        ; 20.000       ; 0.272      ; 19.511     ;
; 0.773 ; MEMWB_PipelineRegister:MEMWB_REG|register_NBit:REG_rd|dffg:\G_Register_NBit:4:REGI|s_Q      ; sw_fetch_unit:F_UNIT_SW|pc_register:PC_REG|dffg:\GEN_TOP:29:DFF_i|s_Q                       ; iCLK         ; iCLK        ; 20.000       ; -0.079     ; 19.147     ;
; 0.773 ; MEMWB_PipelineRegister:MEMWB_REG|register_NBit:REG_rd|dffg:\G_Register_NBit:4:REGI|s_Q      ; IFID_PipelineRegister:IFID_REG|register_NBit:REG_PC|dffg:\G_Register_NBit:29:REGI|s_Q       ; iCLK         ; iCLK        ; 20.000       ; -0.079     ; 19.147     ;
; 0.773 ; MEMWB_PipelineRegister:MEMWB_REG|register_NBit:REG_rd|dffg:\G_Register_NBit:4:REGI|s_Q      ; IFID_PipelineRegister:IFID_REG|register_NBit:REG_PC|dffg:\G_Register_NBit:31:REGI|s_Q       ; iCLK         ; iCLK        ; 20.000       ; -0.079     ; 19.147     ;
; 0.773 ; MEMWB_PipelineRegister:MEMWB_REG|register_NBit:REG_rd|dffg:\G_Register_NBit:4:REGI|s_Q      ; IFID_PipelineRegister:IFID_REG|register_NBit:REG_PC_Plus4|dffg:\G_Register_NBit:17:REGI|s_Q ; iCLK         ; iCLK        ; 20.000       ; -0.079     ; 19.147     ;
; 0.801 ; EXMEM_PipelineRegister:EXMEM_REG|register_NBit:REG_rd|dffg:\G_Register_NBit:1:REGI|s_Q      ; sw_fetch_unit:F_UNIT_SW|branch_predictor:BP|bht:BHT_INST|s_table[5][1]                      ; iCLK         ; iCLK        ; 20.000       ; 0.255      ; 19.453     ;
; 0.801 ; EXMEM_PipelineRegister:EXMEM_REG|register_NBit:REG_rd|dffg:\G_Register_NBit:1:REGI|s_Q      ; sw_fetch_unit:F_UNIT_SW|branch_predictor:BP|bht:BHT_INST|s_table[5][0]                      ; iCLK         ; iCLK        ; 20.000       ; 0.255      ; 19.453     ;
; 0.820 ; IDEX_PipelineRegister:IDEX_REG|register_NBit:REG_Instr|dffg:\G_Register_NBit:19:REGI|s_Q    ; IFID_PipelineRegister:IFID_REG|register_NBit:REG_Instr|dffg:\G_Register_NBit:5:REGI|s_Q     ; iCLK         ; iCLK        ; 20.000       ; -0.072     ; 19.107     ;
; 0.820 ; IDEX_PipelineRegister:IDEX_REG|register_NBit:REG_Instr|dffg:\G_Register_NBit:19:REGI|s_Q    ; IFID_PipelineRegister:IFID_REG|register_NBit:REG_Instr|dffg:\G_Register_NBit:20:REGI|s_Q    ; iCLK         ; iCLK        ; 20.000       ; -0.072     ; 19.107     ;
; 0.820 ; IDEX_PipelineRegister:IDEX_REG|register_NBit:REG_Instr|dffg:\G_Register_NBit:19:REGI|s_Q    ; IFID_PipelineRegister:IFID_REG|register_NBit:REG_Instr|dffg:\G_Register_NBit:29:REGI|s_Q    ; iCLK         ; iCLK        ; 20.000       ; -0.072     ; 19.107     ;
; 0.821 ; IDEX_PipelineRegister:IDEX_REG|register_NBit:REG_Instr|dffg:\G_Register_NBit:16:REGI|s_Q    ; sw_fetch_unit:F_UNIT_SW|branch_predictor:BP|bht:BHT_INST|s_table[5][1]                      ; iCLK         ; iCLK        ; 20.000       ; 0.236      ; 19.414     ;
; 0.821 ; IDEX_PipelineRegister:IDEX_REG|register_NBit:REG_Instr|dffg:\G_Register_NBit:16:REGI|s_Q    ; sw_fetch_unit:F_UNIT_SW|branch_predictor:BP|bht:BHT_INST|s_table[5][0]                      ; iCLK         ; iCLK        ; 20.000       ; 0.236      ; 19.414     ;
; 0.822 ; EXMEM_PipelineRegister:EXMEM_REG|register_NBit:REG_rd|dffg:\G_Register_NBit:3:REGI|s_Q      ; sw_fetch_unit:F_UNIT_SW|branch_predictor:BP|bht:BHT_INST|s_table[5][1]                      ; iCLK         ; iCLK        ; 20.000       ; 0.255      ; 19.432     ;
; 0.822 ; EXMEM_PipelineRegister:EXMEM_REG|register_NBit:REG_rd|dffg:\G_Register_NBit:3:REGI|s_Q      ; sw_fetch_unit:F_UNIT_SW|branch_predictor:BP|bht:BHT_INST|s_table[5][0]                      ; iCLK         ; iCLK        ; 20.000       ; 0.255      ; 19.432     ;
; 0.827 ; IDEX_PipelineRegister:IDEX_REG|register_NBit:REG_Instr|dffg:\G_Register_NBit:17:REGI|s_Q    ; sw_fetch_unit:F_UNIT_SW|branch_predictor:BP|bht:BHT_INST|s_table[5][1]                      ; iCLK         ; iCLK        ; 20.000       ; 0.254      ; 19.426     ;
; 0.827 ; IDEX_PipelineRegister:IDEX_REG|register_NBit:REG_Instr|dffg:\G_Register_NBit:17:REGI|s_Q    ; sw_fetch_unit:F_UNIT_SW|branch_predictor:BP|bht:BHT_INST|s_table[5][0]                      ; iCLK         ; iCLK        ; 20.000       ; 0.254      ; 19.426     ;
; 0.827 ; MEMWB_PipelineRegister:MEMWB_REG|register_NBit:REG_DMemOut|dffg:\G_Register_NBit:0:REGI|s_Q ; sw_fetch_unit:F_UNIT_SW|pc_register:PC_REG|dffg:\GEN_TOP:29:DFF_i|s_Q                       ; iCLK         ; iCLK        ; 20.000       ; -0.073     ; 19.099     ;
; 0.827 ; MEMWB_PipelineRegister:MEMWB_REG|register_NBit:REG_DMemOut|dffg:\G_Register_NBit:0:REGI|s_Q ; IFID_PipelineRegister:IFID_REG|register_NBit:REG_PC|dffg:\G_Register_NBit:29:REGI|s_Q       ; iCLK         ; iCLK        ; 20.000       ; -0.073     ; 19.099     ;
; 0.827 ; MEMWB_PipelineRegister:MEMWB_REG|register_NBit:REG_DMemOut|dffg:\G_Register_NBit:0:REGI|s_Q ; IFID_PipelineRegister:IFID_REG|register_NBit:REG_PC|dffg:\G_Register_NBit:31:REGI|s_Q       ; iCLK         ; iCLK        ; 20.000       ; -0.073     ; 19.099     ;
; 0.827 ; MEMWB_PipelineRegister:MEMWB_REG|register_NBit:REG_DMemOut|dffg:\G_Register_NBit:0:REGI|s_Q ; IFID_PipelineRegister:IFID_REG|register_NBit:REG_PC_Plus4|dffg:\G_Register_NBit:17:REGI|s_Q ; iCLK         ; iCLK        ; 20.000       ; -0.073     ; 19.099     ;
; 0.829 ; IDEX_PipelineRegister:IDEX_REG|register_NBit:REG_Instr|dffg:\G_Register_NBit:18:REGI|s_Q    ; IFID_PipelineRegister:IFID_REG|register_NBit:REG_Instr|dffg:\G_Register_NBit:5:REGI|s_Q     ; iCLK         ; iCLK        ; 20.000       ; -0.072     ; 19.098     ;
; 0.829 ; IDEX_PipelineRegister:IDEX_REG|register_NBit:REG_Instr|dffg:\G_Register_NBit:18:REGI|s_Q    ; IFID_PipelineRegister:IFID_REG|register_NBit:REG_Instr|dffg:\G_Register_NBit:20:REGI|s_Q    ; iCLK         ; iCLK        ; 20.000       ; -0.072     ; 19.098     ;
; 0.829 ; IDEX_PipelineRegister:IDEX_REG|register_NBit:REG_Instr|dffg:\G_Register_NBit:18:REGI|s_Q    ; IFID_PipelineRegister:IFID_REG|register_NBit:REG_Instr|dffg:\G_Register_NBit:29:REGI|s_Q    ; iCLK         ; iCLK        ; 20.000       ; -0.072     ; 19.098     ;
; 0.856 ; IDEX_PipelineRegister:IDEX_REG|register_NBit:REG_Instr|dffg:\G_Register_NBit:19:REGI|s_Q    ; sw_fetch_unit:F_UNIT_SW|branch_predictor:BP|btb:BTB_INST|s_targets[12][26]                  ; iCLK         ; iCLK        ; 20.000       ; 0.282      ; 19.425     ;
; 0.865 ; IDEX_PipelineRegister:IDEX_REG|register_NBit:REG_Instr|dffg:\G_Register_NBit:18:REGI|s_Q    ; sw_fetch_unit:F_UNIT_SW|branch_predictor:BP|btb:BTB_INST|s_targets[12][26]                  ; iCLK         ; iCLK        ; 20.000       ; 0.282      ; 19.416     ;
; 0.867 ; EXMEM_PipelineRegister:EXMEM_REG|register_NBit:REG_rd|dffg:\G_Register_NBit:1:REGI|s_Q      ; sw_fetch_unit:F_UNIT_SW|branch_predictor:BP|bht:BHT_INST|s_table[21][1]                     ; iCLK         ; iCLK        ; 20.000       ; 0.287      ; 19.419     ;
; 0.867 ; EXMEM_PipelineRegister:EXMEM_REG|register_NBit:REG_rd|dffg:\G_Register_NBit:1:REGI|s_Q      ; sw_fetch_unit:F_UNIT_SW|branch_predictor:BP|bht:BHT_INST|s_table[21][0]                     ; iCLK         ; iCLK        ; 20.000       ; 0.287      ; 19.419     ;
; 0.871 ; MEMWB_PipelineRegister:MEMWB_REG|register_NBit:REG_Ctrl|dffg:\G_Register_NBit:1:REGI|s_Q    ; sw_fetch_unit:F_UNIT_SW|branch_predictor:BP|bht:BHT_INST|s_table[5][1]                      ; iCLK         ; iCLK        ; 20.000       ; 0.230      ; 19.358     ;
; 0.871 ; MEMWB_PipelineRegister:MEMWB_REG|register_NBit:REG_Ctrl|dffg:\G_Register_NBit:1:REGI|s_Q    ; sw_fetch_unit:F_UNIT_SW|branch_predictor:BP|bht:BHT_INST|s_table[5][0]                      ; iCLK         ; iCLK        ; 20.000       ; 0.230      ; 19.358     ;
; 0.887 ; IDEX_PipelineRegister:IDEX_REG|register_NBit:REG_Instr|dffg:\G_Register_NBit:16:REGI|s_Q    ; sw_fetch_unit:F_UNIT_SW|branch_predictor:BP|bht:BHT_INST|s_table[21][1]                     ; iCLK         ; iCLK        ; 20.000       ; 0.268      ; 19.380     ;
; 0.887 ; IDEX_PipelineRegister:IDEX_REG|register_NBit:REG_Instr|dffg:\G_Register_NBit:16:REGI|s_Q    ; sw_fetch_unit:F_UNIT_SW|branch_predictor:BP|bht:BHT_INST|s_table[21][0]                     ; iCLK         ; iCLK        ; 20.000       ; 0.268      ; 19.380     ;
; 0.888 ; IDEX_PipelineRegister:IDEX_REG|register_NBit:REG_Instr|dffg:\G_Register_NBit:20:REGI|s_Q    ; sw_fetch_unit:F_UNIT_SW|branch_predictor:BP|bht:BHT_INST|s_table[5][1]                      ; iCLK         ; iCLK        ; 20.000       ; 0.253      ; 19.364     ;
; 0.888 ; IDEX_PipelineRegister:IDEX_REG|register_NBit:REG_Instr|dffg:\G_Register_NBit:20:REGI|s_Q    ; sw_fetch_unit:F_UNIT_SW|branch_predictor:BP|bht:BHT_INST|s_table[5][0]                      ; iCLK         ; iCLK        ; 20.000       ; 0.253      ; 19.364     ;
; 0.888 ; EXMEM_PipelineRegister:EXMEM_REG|register_NBit:REG_rd|dffg:\G_Register_NBit:3:REGI|s_Q      ; sw_fetch_unit:F_UNIT_SW|branch_predictor:BP|bht:BHT_INST|s_table[21][1]                     ; iCLK         ; iCLK        ; 20.000       ; 0.287      ; 19.398     ;
; 0.888 ; EXMEM_PipelineRegister:EXMEM_REG|register_NBit:REG_rd|dffg:\G_Register_NBit:3:REGI|s_Q      ; sw_fetch_unit:F_UNIT_SW|branch_predictor:BP|bht:BHT_INST|s_table[21][0]                     ; iCLK         ; iCLK        ; 20.000       ; 0.287      ; 19.398     ;
; 0.892 ; IDEX_PipelineRegister:IDEX_REG|register_NBit:REG_Instr|dffg:\G_Register_NBit:19:REGI|s_Q    ; sw_fetch_unit:F_UNIT_SW|branch_predictor:BP|bht:BHT_INST|s_table[4][1]                      ; iCLK         ; iCLK        ; 20.000       ; 0.277      ; 19.384     ;
; 0.892 ; IDEX_PipelineRegister:IDEX_REG|register_NBit:REG_Instr|dffg:\G_Register_NBit:19:REGI|s_Q    ; sw_fetch_unit:F_UNIT_SW|branch_predictor:BP|bht:BHT_INST|s_table[4][0]                      ; iCLK         ; iCLK        ; 20.000       ; 0.277      ; 19.384     ;
; 0.893 ; IDEX_PipelineRegister:IDEX_REG|register_NBit:REG_Instr|dffg:\G_Register_NBit:17:REGI|s_Q    ; sw_fetch_unit:F_UNIT_SW|branch_predictor:BP|bht:BHT_INST|s_table[21][1]                     ; iCLK         ; iCLK        ; 20.000       ; 0.286      ; 19.392     ;
; 0.893 ; IDEX_PipelineRegister:IDEX_REG|register_NBit:REG_Instr|dffg:\G_Register_NBit:17:REGI|s_Q    ; sw_fetch_unit:F_UNIT_SW|branch_predictor:BP|bht:BHT_INST|s_table[21][0]                     ; iCLK         ; iCLK        ; 20.000       ; 0.286      ; 19.392     ;
; 0.901 ; IDEX_PipelineRegister:IDEX_REG|register_NBit:REG_Instr|dffg:\G_Register_NBit:15:REGI|s_Q    ; IFID_PipelineRegister:IFID_REG|register_NBit:REG_Instr|dffg:\G_Register_NBit:5:REGI|s_Q     ; iCLK         ; iCLK        ; 20.000       ; -0.070     ; 19.028     ;
; 0.901 ; IDEX_PipelineRegister:IDEX_REG|register_NBit:REG_Instr|dffg:\G_Register_NBit:15:REGI|s_Q    ; IFID_PipelineRegister:IFID_REG|register_NBit:REG_Instr|dffg:\G_Register_NBit:20:REGI|s_Q    ; iCLK         ; iCLK        ; 20.000       ; -0.070     ; 19.028     ;
; 0.901 ; IDEX_PipelineRegister:IDEX_REG|register_NBit:REG_Instr|dffg:\G_Register_NBit:15:REGI|s_Q    ; IFID_PipelineRegister:IFID_REG|register_NBit:REG_Instr|dffg:\G_Register_NBit:29:REGI|s_Q    ; iCLK         ; iCLK        ; 20.000       ; -0.070     ; 19.028     ;
; 0.901 ; IDEX_PipelineRegister:IDEX_REG|register_NBit:REG_Instr|dffg:\G_Register_NBit:18:REGI|s_Q    ; sw_fetch_unit:F_UNIT_SW|branch_predictor:BP|bht:BHT_INST|s_table[4][1]                      ; iCLK         ; iCLK        ; 20.000       ; 0.277      ; 19.375     ;
; 0.901 ; IDEX_PipelineRegister:IDEX_REG|register_NBit:REG_Instr|dffg:\G_Register_NBit:18:REGI|s_Q    ; sw_fetch_unit:F_UNIT_SW|branch_predictor:BP|bht:BHT_INST|s_table[4][0]                      ; iCLK         ; iCLK        ; 20.000       ; 0.277      ; 19.375     ;
; 0.913 ; EXMEM_PipelineRegister:EXMEM_REG|register_NBit:REG_rd|dffg:\G_Register_NBit:1:REGI|s_Q      ; sw_fetch_unit:F_UNIT_SW|pc_register:PC_REG|dffg:\GEN_TOP:29:DFF_i|s_Q                       ; iCLK         ; iCLK        ; 20.000       ; -0.079     ; 19.007     ;
; 0.913 ; EXMEM_PipelineRegister:EXMEM_REG|register_NBit:REG_rd|dffg:\G_Register_NBit:1:REGI|s_Q      ; IFID_PipelineRegister:IFID_REG|register_NBit:REG_PC|dffg:\G_Register_NBit:29:REGI|s_Q       ; iCLK         ; iCLK        ; 20.000       ; -0.079     ; 19.007     ;
; 0.913 ; EXMEM_PipelineRegister:EXMEM_REG|register_NBit:REG_rd|dffg:\G_Register_NBit:1:REGI|s_Q      ; IFID_PipelineRegister:IFID_REG|register_NBit:REG_PC|dffg:\G_Register_NBit:31:REGI|s_Q       ; iCLK         ; iCLK        ; 20.000       ; -0.079     ; 19.007     ;
; 0.913 ; EXMEM_PipelineRegister:EXMEM_REG|register_NBit:REG_rd|dffg:\G_Register_NBit:1:REGI|s_Q      ; IFID_PipelineRegister:IFID_REG|register_NBit:REG_PC_Plus4|dffg:\G_Register_NBit:17:REGI|s_Q ; iCLK         ; iCLK        ; 20.000       ; -0.079     ; 19.007     ;
; 0.927 ; MEMWB_PipelineRegister:MEMWB_REG|register_NBit:REG_rd|dffg:\G_Register_NBit:4:REGI|s_Q      ; IFID_PipelineRegister:IFID_REG|register_NBit:REG_Instr|dffg:\G_Register_NBit:5:REGI|s_Q     ; iCLK         ; iCLK        ; 20.000       ; -0.072     ; 19.000     ;
; 0.927 ; MEMWB_PipelineRegister:MEMWB_REG|register_NBit:REG_rd|dffg:\G_Register_NBit:4:REGI|s_Q      ; IFID_PipelineRegister:IFID_REG|register_NBit:REG_Instr|dffg:\G_Register_NBit:20:REGI|s_Q    ; iCLK         ; iCLK        ; 20.000       ; -0.072     ; 19.000     ;
; 0.927 ; MEMWB_PipelineRegister:MEMWB_REG|register_NBit:REG_rd|dffg:\G_Register_NBit:4:REGI|s_Q      ; IFID_PipelineRegister:IFID_REG|register_NBit:REG_Instr|dffg:\G_Register_NBit:29:REGI|s_Q    ; iCLK         ; iCLK        ; 20.000       ; -0.072     ; 19.000     ;
; 0.930 ; EXMEM_PipelineRegister:EXMEM_REG|register_NBit:REG_rd|dffg:\G_Register_NBit:2:REGI|s_Q      ; sw_fetch_unit:F_UNIT_SW|branch_predictor:BP|bht:BHT_INST|s_table[5][1]                      ; iCLK         ; iCLK        ; 20.000       ; 0.255      ; 19.324     ;
; 0.930 ; EXMEM_PipelineRegister:EXMEM_REG|register_NBit:REG_rd|dffg:\G_Register_NBit:2:REGI|s_Q      ; sw_fetch_unit:F_UNIT_SW|branch_predictor:BP|bht:BHT_INST|s_table[5][0]                      ; iCLK         ; iCLK        ; 20.000       ; 0.255      ; 19.324     ;
; 0.934 ; EXMEM_PipelineRegister:EXMEM_REG|register_NBit:REG_rd|dffg:\G_Register_NBit:3:REGI|s_Q      ; sw_fetch_unit:F_UNIT_SW|pc_register:PC_REG|dffg:\GEN_TOP:29:DFF_i|s_Q                       ; iCLK         ; iCLK        ; 20.000       ; -0.079     ; 18.986     ;
; 0.934 ; EXMEM_PipelineRegister:EXMEM_REG|register_NBit:REG_rd|dffg:\G_Register_NBit:3:REGI|s_Q      ; IFID_PipelineRegister:IFID_REG|register_NBit:REG_PC|dffg:\G_Register_NBit:29:REGI|s_Q       ; iCLK         ; iCLK        ; 20.000       ; -0.079     ; 18.986     ;
; 0.934 ; EXMEM_PipelineRegister:EXMEM_REG|register_NBit:REG_rd|dffg:\G_Register_NBit:3:REGI|s_Q      ; IFID_PipelineRegister:IFID_REG|register_NBit:REG_PC|dffg:\G_Register_NBit:31:REGI|s_Q       ; iCLK         ; iCLK        ; 20.000       ; -0.079     ; 18.986     ;
; 0.934 ; EXMEM_PipelineRegister:EXMEM_REG|register_NBit:REG_rd|dffg:\G_Register_NBit:3:REGI|s_Q      ; IFID_PipelineRegister:IFID_REG|register_NBit:REG_PC_Plus4|dffg:\G_Register_NBit:17:REGI|s_Q ; iCLK         ; iCLK        ; 20.000       ; -0.079     ; 18.986     ;
; 0.937 ; IDEX_PipelineRegister:IDEX_REG|register_NBit:REG_Instr|dffg:\G_Register_NBit:15:REGI|s_Q    ; sw_fetch_unit:F_UNIT_SW|branch_predictor:BP|btb:BTB_INST|s_targets[12][26]                  ; iCLK         ; iCLK        ; 20.000       ; 0.284      ; 19.346     ;
; 0.937 ; MEMWB_PipelineRegister:MEMWB_REG|register_NBit:REG_Ctrl|dffg:\G_Register_NBit:1:REGI|s_Q    ; sw_fetch_unit:F_UNIT_SW|branch_predictor:BP|bht:BHT_INST|s_table[21][1]                     ; iCLK         ; iCLK        ; 20.000       ; 0.262      ; 19.324     ;
; 0.937 ; MEMWB_PipelineRegister:MEMWB_REG|register_NBit:REG_Ctrl|dffg:\G_Register_NBit:1:REGI|s_Q    ; sw_fetch_unit:F_UNIT_SW|branch_predictor:BP|bht:BHT_INST|s_table[21][0]                     ; iCLK         ; iCLK        ; 20.000       ; 0.262      ; 19.324     ;
; 0.939 ; IDEX_PipelineRegister:IDEX_REG|register_NBit:REG_Instr|dffg:\G_Register_NBit:17:REGI|s_Q    ; sw_fetch_unit:F_UNIT_SW|pc_register:PC_REG|dffg:\GEN_TOP:29:DFF_i|s_Q                       ; iCLK         ; iCLK        ; 20.000       ; -0.080     ; 18.980     ;
; 0.939 ; IDEX_PipelineRegister:IDEX_REG|register_NBit:REG_Instr|dffg:\G_Register_NBit:17:REGI|s_Q    ; IFID_PipelineRegister:IFID_REG|register_NBit:REG_PC|dffg:\G_Register_NBit:29:REGI|s_Q       ; iCLK         ; iCLK        ; 20.000       ; -0.080     ; 18.980     ;
; 0.939 ; IDEX_PipelineRegister:IDEX_REG|register_NBit:REG_Instr|dffg:\G_Register_NBit:17:REGI|s_Q    ; IFID_PipelineRegister:IFID_REG|register_NBit:REG_PC|dffg:\G_Register_NBit:31:REGI|s_Q       ; iCLK         ; iCLK        ; 20.000       ; -0.080     ; 18.980     ;
; 0.939 ; IDEX_PipelineRegister:IDEX_REG|register_NBit:REG_Instr|dffg:\G_Register_NBit:17:REGI|s_Q    ; IFID_PipelineRegister:IFID_REG|register_NBit:REG_PC_Plus4|dffg:\G_Register_NBit:17:REGI|s_Q ; iCLK         ; iCLK        ; 20.000       ; -0.080     ; 18.980     ;
; 0.947 ; EXMEM_PipelineRegister:EXMEM_REG|register_NBit:REG_rd|dffg:\G_Register_NBit:0:REGI|s_Q      ; sw_fetch_unit:F_UNIT_SW|branch_predictor:BP|bht:BHT_INST|s_table[5][1]                      ; iCLK         ; iCLK        ; 20.000       ; 0.255      ; 19.307     ;
; 0.947 ; EXMEM_PipelineRegister:EXMEM_REG|register_NBit:REG_rd|dffg:\G_Register_NBit:0:REGI|s_Q      ; sw_fetch_unit:F_UNIT_SW|branch_predictor:BP|bht:BHT_INST|s_table[5][0]                      ; iCLK         ; iCLK        ; 20.000       ; 0.255      ; 19.307     ;
; 0.950 ; IDEX_PipelineRegister:IDEX_REG|register_NBit:REG_Instr|dffg:\G_Register_NBit:19:REGI|s_Q    ; sw_fetch_unit:F_UNIT_SW|branch_predictor:BP|btb:BTB_INST|s_targets[12][30]                  ; iCLK         ; iCLK        ; 20.000       ; 0.312      ; 19.361     ;
; 0.954 ; IDEX_PipelineRegister:IDEX_REG|register_NBit:REG_Instr|dffg:\G_Register_NBit:20:REGI|s_Q    ; sw_fetch_unit:F_UNIT_SW|branch_predictor:BP|bht:BHT_INST|s_table[21][1]                     ; iCLK         ; iCLK        ; 20.000       ; 0.285      ; 19.330     ;
; 0.954 ; IDEX_PipelineRegister:IDEX_REG|register_NBit:REG_Instr|dffg:\G_Register_NBit:20:REGI|s_Q    ; sw_fetch_unit:F_UNIT_SW|branch_predictor:BP|bht:BHT_INST|s_table[21][0]                     ; iCLK         ; iCLK        ; 20.000       ; 0.285      ; 19.330     ;
+-------+---------------------------------------------------------------------------------------------+---------------------------------------------------------------------------------------------+--------------+-------------+--------------+------------+------------+


+---------------------------------------------------------------------------------------------------------------------------------------------------------------------------------------------------------------------------------------------------------------------------------+
; Slow 1200mV 0C Model Hold: 'iCLK'                                                                                                                                                                                                                                               ;
+-------+-------------------------------------------------------------------------------------------------+-------------------------------------------------------------------------------------------------+--------------+-------------+--------------+------------+------------+
; Slack ; From Node                                                                                       ; To Node                                                                                         ; Launch Clock ; Latch Clock ; Relationship ; Clock Skew ; Data Delay ;
+-------+-------------------------------------------------------------------------------------------------+-------------------------------------------------------------------------------------------------+--------------+-------------+--------------+------------+------------+
; 0.336 ; IDEX_PipelineRegister:IDEX_REG|register_NBit:REG_pred_taken|dffg:\G_Register_NBit:0:REGI|s_Q    ; IDEX_PipelineRegister:IDEX_REG|register_NBit:REG_pred_taken|dffg:\G_Register_NBit:0:REGI|s_Q    ; iCLK         ; iCLK        ; 0.000        ; 0.090      ; 0.597      ;
; 0.353 ; sw_fetch_unit:F_UNIT_SW|branch_predictor:BP|btb:BTB_INST|s_valid[15]                            ; sw_fetch_unit:F_UNIT_SW|branch_predictor:BP|btb:BTB_INST|s_valid[15]                            ; iCLK         ; iCLK        ; 0.000        ; 0.073      ; 0.597      ;
; 0.353 ; sw_fetch_unit:F_UNIT_SW|branch_predictor:BP|btb:BTB_INST|s_valid[14]                            ; sw_fetch_unit:F_UNIT_SW|branch_predictor:BP|btb:BTB_INST|s_valid[14]                            ; iCLK         ; iCLK        ; 0.000        ; 0.073      ; 0.597      ;
; 0.353 ; sw_fetch_unit:F_UNIT_SW|branch_predictor:BP|btb:BTB_INST|s_valid[13]                            ; sw_fetch_unit:F_UNIT_SW|branch_predictor:BP|btb:BTB_INST|s_valid[13]                            ; iCLK         ; iCLK        ; 0.000        ; 0.073      ; 0.597      ;
; 0.353 ; sw_fetch_unit:F_UNIT_SW|branch_predictor:BP|btb:BTB_INST|s_valid[12]                            ; sw_fetch_unit:F_UNIT_SW|branch_predictor:BP|btb:BTB_INST|s_valid[12]                            ; iCLK         ; iCLK        ; 0.000        ; 0.073      ; 0.597      ;
; 0.353 ; sw_fetch_unit:F_UNIT_SW|branch_predictor:BP|btb:BTB_INST|s_valid[4]                             ; sw_fetch_unit:F_UNIT_SW|branch_predictor:BP|btb:BTB_INST|s_valid[4]                             ; iCLK         ; iCLK        ; 0.000        ; 0.073      ; 0.597      ;
; 0.353 ; sw_fetch_unit:F_UNIT_SW|branch_predictor:BP|btb:BTB_INST|s_valid[6]                             ; sw_fetch_unit:F_UNIT_SW|branch_predictor:BP|btb:BTB_INST|s_valid[6]                             ; iCLK         ; iCLK        ; 0.000        ; 0.073      ; 0.597      ;
; 0.353 ; sw_fetch_unit:F_UNIT_SW|branch_predictor:BP|btb:BTB_INST|s_valid[7]                             ; sw_fetch_unit:F_UNIT_SW|branch_predictor:BP|btb:BTB_INST|s_valid[7]                             ; iCLK         ; iCLK        ; 0.000        ; 0.073      ; 0.597      ;
; 0.353 ; sw_fetch_unit:F_UNIT_SW|branch_predictor:BP|btb:BTB_INST|s_valid[5]                             ; sw_fetch_unit:F_UNIT_SW|branch_predictor:BP|btb:BTB_INST|s_valid[5]                             ; iCLK         ; iCLK        ; 0.000        ; 0.073      ; 0.597      ;
; 0.354 ; sw_fetch_unit:F_UNIT_SW|branch_predictor:BP|btb:BTB_INST|s_valid[0]                             ; sw_fetch_unit:F_UNIT_SW|branch_predictor:BP|btb:BTB_INST|s_valid[0]                             ; iCLK         ; iCLK        ; 0.000        ; 0.072      ; 0.597      ;
; 0.354 ; sw_fetch_unit:F_UNIT_SW|branch_predictor:BP|btb:BTB_INST|s_valid[2]                             ; sw_fetch_unit:F_UNIT_SW|branch_predictor:BP|btb:BTB_INST|s_valid[2]                             ; iCLK         ; iCLK        ; 0.000        ; 0.072      ; 0.597      ;
; 0.354 ; sw_fetch_unit:F_UNIT_SW|branch_predictor:BP|btb:BTB_INST|s_valid[3]                             ; sw_fetch_unit:F_UNIT_SW|branch_predictor:BP|btb:BTB_INST|s_valid[3]                             ; iCLK         ; iCLK        ; 0.000        ; 0.072      ; 0.597      ;
; 0.354 ; sw_fetch_unit:F_UNIT_SW|branch_predictor:BP|btb:BTB_INST|s_valid[1]                             ; sw_fetch_unit:F_UNIT_SW|branch_predictor:BP|btb:BTB_INST|s_valid[1]                             ; iCLK         ; iCLK        ; 0.000        ; 0.072      ; 0.597      ;
; 0.354 ; sw_fetch_unit:F_UNIT_SW|branch_predictor:BP|btb:BTB_INST|s_valid[10]                            ; sw_fetch_unit:F_UNIT_SW|branch_predictor:BP|btb:BTB_INST|s_valid[10]                            ; iCLK         ; iCLK        ; 0.000        ; 0.072      ; 0.597      ;
; 0.354 ; sw_fetch_unit:F_UNIT_SW|branch_predictor:BP|btb:BTB_INST|s_valid[11]                            ; sw_fetch_unit:F_UNIT_SW|branch_predictor:BP|btb:BTB_INST|s_valid[11]                            ; iCLK         ; iCLK        ; 0.000        ; 0.072      ; 0.597      ;
; 0.354 ; sw_fetch_unit:F_UNIT_SW|branch_predictor:BP|btb:BTB_INST|s_valid[8]                             ; sw_fetch_unit:F_UNIT_SW|branch_predictor:BP|btb:BTB_INST|s_valid[8]                             ; iCLK         ; iCLK        ; 0.000        ; 0.072      ; 0.597      ;
; 0.354 ; sw_fetch_unit:F_UNIT_SW|branch_predictor:BP|btb:BTB_INST|s_valid[9]                             ; sw_fetch_unit:F_UNIT_SW|branch_predictor:BP|btb:BTB_INST|s_valid[9]                             ; iCLK         ; iCLK        ; 0.000        ; 0.072      ; 0.597      ;
; 0.403 ; IDEX_PipelineRegister:IDEX_REG|register_NBit:REG_PC_Plus4|dffg:\G_Register_NBit:19:REGI|s_Q     ; EXMEM_PipelineRegister:EXMEM_REG|register_NBit:REG_PC_Plus4|dffg:\G_Register_NBit:19:REGI|s_Q   ; iCLK         ; iCLK        ; 0.000        ; 0.073      ; 0.647      ;
; 0.415 ; IDEX_PipelineRegister:IDEX_REG|register_NBit:REG_PC_Plus4|dffg:\G_Register_NBit:4:REGI|s_Q      ; EXMEM_PipelineRegister:EXMEM_REG|register_NBit:REG_PC_Plus4|dffg:\G_Register_NBit:4:REGI|s_Q    ; iCLK         ; iCLK        ; 0.000        ; 0.073      ; 0.659      ;
; 0.415 ; IDEX_PipelineRegister:IDEX_REG|register_NBit:REG_PC_Plus4|dffg:\G_Register_NBit:20:REGI|s_Q     ; EXMEM_PipelineRegister:EXMEM_REG|register_NBit:REG_PC_Plus4|dffg:\G_Register_NBit:20:REGI|s_Q   ; iCLK         ; iCLK        ; 0.000        ; 0.073      ; 0.659      ;
; 0.427 ; sw_fetch_unit:F_UNIT_SW|pc_register:PC_REG|dffg:\GEN_TOP:29:DFF_i|s_Q                           ; IFID_PipelineRegister:IFID_REG|register_NBit:REG_PC|dffg:\G_Register_NBit:29:REGI|s_Q           ; iCLK         ; iCLK        ; 0.000        ; 0.073      ; 0.671      ;
; 0.509 ; IDEX_PipelineRegister:IDEX_REG|register_NBit:REG_pred_taken|dffg:\G_Register_NBit:0:REGI|s_Q    ; IDEX_PipelineRegister:IDEX_REG|register_NBit:REG_PC_Plus4|dffg:\G_Register_NBit:7:REGI|s_Q      ; iCLK         ; iCLK        ; 0.000        ; 0.090      ; 0.770      ;
; 0.511 ; IDEX_PipelineRegister:IDEX_REG|register_NBit:REG_pred_taken|dffg:\G_Register_NBit:0:REGI|s_Q    ; IDEX_PipelineRegister:IDEX_REG|register_NBit:REG_Instr|dffg:\G_Register_NBit:7:REGI|s_Q         ; iCLK         ; iCLK        ; 0.000        ; 0.090      ; 0.772      ;
; 0.564 ; EXMEM_PipelineRegister:EXMEM_REG|register_NBit:REG_rd|dffg:\G_Register_NBit:0:REGI|s_Q          ; MEMWB_PipelineRegister:MEMWB_REG|register_NBit:REG_rd|dffg:\G_Register_NBit:0:REGI|s_Q          ; iCLK         ; iCLK        ; 0.000        ; 0.072      ; 0.807      ;
; 0.576 ; EXMEM_PipelineRegister:EXMEM_REG|register_NBit:REG_rd|dffg:\G_Register_NBit:2:REGI|s_Q          ; MEMWB_PipelineRegister:MEMWB_REG|register_NBit:REG_rd|dffg:\G_Register_NBit:2:REGI|s_Q          ; iCLK         ; iCLK        ; 0.000        ; 0.072      ; 0.819      ;
; 0.576 ; EXMEM_PipelineRegister:EXMEM_REG|register_NBit:REG_rd|dffg:\G_Register_NBit:4:REGI|s_Q          ; MEMWB_PipelineRegister:MEMWB_REG|register_NBit:REG_rd|dffg:\G_Register_NBit:4:REGI|s_Q          ; iCLK         ; iCLK        ; 0.000        ; 0.072      ; 0.819      ;
; 0.601 ; IDEX_PipelineRegister:IDEX_REG|register_NBit:REG_PC_Plus4|dffg:\G_Register_NBit:17:REGI|s_Q     ; sw_fetch_unit:F_UNIT_SW|pc_register:PC_REG|dffg:\GEN_BOTTOM:17:DFF_i|s_Q                        ; iCLK         ; iCLK        ; 0.000        ; 0.434      ; 1.206      ;
; 0.605 ; sw_fetch_unit:F_UNIT_SW|pc_register:PC_REG|dffg:\GEN_BOTTOM:19:DFF_i|s_Q                        ; IFID_PipelineRegister:IFID_REG|register_NBit:REG_PC|dffg:\G_Register_NBit:19:REGI|s_Q           ; iCLK         ; iCLK        ; 0.000        ; 0.073      ; 0.849      ;
; 0.607 ; sw_fetch_unit:F_UNIT_SW|pc_register:PC_REG|dffg:\GEN_TOP:23:DFF_i|s_Q                           ; IFID_PipelineRegister:IFID_REG|register_NBit:REG_PC|dffg:\G_Register_NBit:23:REGI|s_Q           ; iCLK         ; iCLK        ; 0.000        ; 0.089      ; 0.867      ;
; 0.609 ; sw_fetch_unit:F_UNIT_SW|pc_register:PC_REG|dffg:\GEN_BOTTOM:15:DFF_i|s_Q                        ; IFID_PipelineRegister:IFID_REG|register_NBit:REG_PC|dffg:\G_Register_NBit:15:REGI|s_Q           ; iCLK         ; iCLK        ; 0.000        ; 0.073      ; 0.853      ;
; 0.633 ; sw_fetch_unit:F_UNIT_SW|pc_register:PC_REG|dffg:\GEN_TOP:25:DFF_i|s_Q                           ; IFID_PipelineRegister:IFID_REG|register_NBit:REG_PC|dffg:\G_Register_NBit:25:REGI|s_Q           ; iCLK         ; iCLK        ; 0.000        ; 0.087      ; 0.891      ;
; 0.643 ; IDEX_PipelineRegister:IDEX_REG|register_NBit:REG_PC_Plus4|dffg:\G_Register_NBit:17:REGI|s_Q     ; EXMEM_PipelineRegister:EXMEM_REG|register_NBit:REG_PC_Plus4|dffg:\G_Register_NBit:17:REGI|s_Q   ; iCLK         ; iCLK        ; 0.000        ; 0.474      ; 1.288      ;
; 0.644 ; sw_fetch_unit:F_UNIT_SW|pc_register:PC_REG|dffg:\GEN_BOTTOM:21:DFF_i|s_Q                        ; IFID_PipelineRegister:IFID_REG|register_NBit:REG_PC|dffg:\G_Register_NBit:21:REGI|s_Q           ; iCLK         ; iCLK        ; 0.000        ; 0.090      ; 0.905      ;
; 0.688 ; MEMWB_PipelineRegister:MEMWB_REG|register_NBit:REG_ALU_Result|dffg:\G_Register_NBit:2:REGI|s_Q  ; IDEX_PipelineRegister:IDEX_REG|register_NBit:REG_rs2|dffg:\G_Register_NBit:2:REGI|s_Q           ; iCLK         ; iCLK        ; 0.000        ; 0.087      ; 0.946      ;
; 0.746 ; EXMEM_PipelineRegister:EXMEM_REG|register_NBit:REG_PC_Plus4|dffg:\G_Register_NBit:9:REGI|s_Q    ; MEMWB_PipelineRegister:MEMWB_REG|register_NBit:REG_PC_Plus4|dffg:\G_Register_NBit:9:REGI|s_Q    ; iCLK         ; iCLK        ; 0.000        ; 0.075      ; 0.992      ;
; 0.754 ; IFID_PipelineRegister:IFID_REG|register_NBit:REG_PC_Plus4|dffg:\G_Register_NBit:21:REGI|s_Q     ; IDEX_PipelineRegister:IDEX_REG|register_NBit:REG_PC_Plus4|dffg:\G_Register_NBit:21:REGI|s_Q     ; iCLK         ; iCLK        ; 0.000        ; 0.498      ; 1.423      ;
; 0.761 ; IDEX_PipelineRegister:IDEX_REG|register_NBit:REG_PC_Plus4|dffg:\G_Register_NBit:9:REGI|s_Q      ; EXMEM_PipelineRegister:EXMEM_REG|register_NBit:REG_PC_Plus4|dffg:\G_Register_NBit:9:REGI|s_Q    ; iCLK         ; iCLK        ; 0.000        ; -0.274     ; 0.658      ;
; 0.772 ; IDEX_PipelineRegister:IDEX_REG|register_NBit:REG_PC_Plus4|dffg:\G_Register_NBit:27:REGI|s_Q     ; EXMEM_PipelineRegister:EXMEM_REG|register_NBit:REG_PC_Plus4|dffg:\G_Register_NBit:27:REGI|s_Q   ; iCLK         ; iCLK        ; 0.000        ; 0.061      ; 1.004      ;
; 0.774 ; IDEX_PipelineRegister:IDEX_REG|register_NBit:REG_rs2|dffg:\G_Register_NBit:7:REGI|s_Q           ; EXMEM_PipelineRegister:EXMEM_REG|register_NBit:REG_rs2|dffg:\G_Register_NBit:7:REGI|s_Q         ; iCLK         ; iCLK        ; 0.000        ; -0.308     ; 0.637      ;
; 0.797 ; IDEX_PipelineRegister:IDEX_REG|register_NBit:REG_Instr|dffg:\G_Register_NBit:13:REGI|s_Q        ; EXMEM_PipelineRegister:EXMEM_REG|register_NBit:REG_Instr|dffg:\G_Register_NBit:13:REGI|s_Q      ; iCLK         ; iCLK        ; 0.000        ; -0.308     ; 0.660      ;
; 0.798 ; IDEX_PipelineRegister:IDEX_REG|register_NBit:REG_Instr|dffg:\G_Register_NBit:14:REGI|s_Q        ; EXMEM_PipelineRegister:EXMEM_REG|register_NBit:REG_Instr|dffg:\G_Register_NBit:14:REGI|s_Q      ; iCLK         ; iCLK        ; 0.000        ; -0.308     ; 0.661      ;
; 0.811 ; MEMWB_PipelineRegister:MEMWB_REG|register_NBit:REG_ALU_Result|dffg:\G_Register_NBit:15:REGI|s_Q ; IDEX_PipelineRegister:IDEX_REG|register_NBit:REG_rs2|dffg:\G_Register_NBit:15:REGI|s_Q          ; iCLK         ; iCLK        ; 0.000        ; 0.090      ; 1.072      ;
; 0.824 ; IFID_PipelineRegister:IFID_REG|register_NBit:REG_PC_Plus4|dffg:\G_Register_NBit:15:REGI|s_Q     ; IDEX_PipelineRegister:IDEX_REG|register_NBit:REG_PC_Plus4|dffg:\G_Register_NBit:15:REGI|s_Q     ; iCLK         ; iCLK        ; 0.000        ; 0.073      ; 1.068      ;
; 0.824 ; IDEX_PipelineRegister:IDEX_REG|register_NBit:REG_PC_Plus4|dffg:\G_Register_NBit:24:REGI|s_Q     ; EXMEM_PipelineRegister:EXMEM_REG|register_NBit:REG_PC_Plus4|dffg:\G_Register_NBit:24:REGI|s_Q   ; iCLK         ; iCLK        ; 0.000        ; -0.336     ; 0.659      ;
; 0.827 ; MEMWB_PipelineRegister:MEMWB_REG|register_NBit:REG_ALU_Result|dffg:\G_Register_NBit:18:REGI|s_Q ; IDEX_PipelineRegister:IDEX_REG|register_NBit:REG_rs2|dffg:\G_Register_NBit:18:REGI|s_Q          ; iCLK         ; iCLK        ; 0.000        ; 0.073      ; 1.071      ;
; 0.837 ; IDEX_PipelineRegister:IDEX_REG|register_NBit:REG_PC_Plus4|dffg:\G_Register_NBit:15:REGI|s_Q     ; EXMEM_PipelineRegister:EXMEM_REG|register_NBit:REG_PC_Plus4|dffg:\G_Register_NBit:15:REGI|s_Q   ; iCLK         ; iCLK        ; 0.000        ; 0.080      ; 1.088      ;
; 0.838 ; MEMWB_PipelineRegister:MEMWB_REG|register_NBit:REG_ALU_Result|dffg:\G_Register_NBit:30:REGI|s_Q ; IDEX_PipelineRegister:IDEX_REG|register_NBit:REG_rs1|dffg:\G_Register_NBit:30:REGI|s_Q          ; iCLK         ; iCLK        ; 0.000        ; 0.074      ; 1.083      ;
; 0.844 ; IFID_PipelineRegister:IFID_REG|register_NBit:REG_PC_Plus4|dffg:\G_Register_NBit:23:REGI|s_Q     ; IDEX_PipelineRegister:IDEX_REG|register_NBit:REG_PC_Plus4|dffg:\G_Register_NBit:23:REGI|s_Q     ; iCLK         ; iCLK        ; 0.000        ; 0.055      ; 1.070      ;
; 0.874 ; IDEX_PipelineRegister:IDEX_REG|register_NBit:REG_PC_Plus4|dffg:\G_Register_NBit:23:REGI|s_Q     ; sw_fetch_unit:F_UNIT_SW|pc_register:PC_REG|dffg:\GEN_TOP:23:DFF_i|s_Q                           ; iCLK         ; iCLK        ; 0.000        ; 0.122      ; 1.167      ;
; 0.885 ; IDEX_PipelineRegister:IDEX_REG|register_NBit:REG_rs2|dffg:\G_Register_NBit:11:REGI|s_Q          ; EXMEM_PipelineRegister:EXMEM_REG|register_NBit:REG_rs2|dffg:\G_Register_NBit:11:REGI|s_Q        ; iCLK         ; iCLK        ; 0.000        ; -0.308     ; 0.748      ;
; 0.889 ; IDEX_PipelineRegister:IDEX_REG|register_NBit:REG_rs2|dffg:\G_Register_NBit:31:REGI|s_Q          ; EXMEM_PipelineRegister:EXMEM_REG|register_NBit:REG_rs2|dffg:\G_Register_NBit:31:REGI|s_Q        ; iCLK         ; iCLK        ; 0.000        ; -0.310     ; 0.750      ;
; 0.892 ; IFID_PipelineRegister:IFID_REG|register_NBit:REG_PC_Plus4|dffg:\G_Register_NBit:18:REGI|s_Q     ; IDEX_PipelineRegister:IDEX_REG|register_NBit:REG_PC_Plus4|dffg:\G_Register_NBit:18:REGI|s_Q     ; iCLK         ; iCLK        ; 0.000        ; 0.462      ; 1.525      ;
; 0.903 ; IFID_PipelineRegister:IFID_REG|register_NBit:REG_PC_Plus4|dffg:\G_Register_NBit:3:REGI|s_Q      ; IDEX_PipelineRegister:IDEX_REG|register_NBit:REG_PC_Plus4|dffg:\G_Register_NBit:3:REGI|s_Q      ; iCLK         ; iCLK        ; 0.000        ; 0.073      ; 1.147      ;
; 0.904 ; IFID_PipelineRegister:IFID_REG|register_NBit:REG_PC_Plus4|dffg:\G_Register_NBit:4:REGI|s_Q      ; IDEX_PipelineRegister:IDEX_REG|register_NBit:REG_PC_Plus4|dffg:\G_Register_NBit:4:REGI|s_Q      ; iCLK         ; iCLK        ; 0.000        ; 0.073      ; 1.148      ;
; 0.909 ; IDEX_PipelineRegister:IDEX_REG|register_NBit:REG_PC_Plus4|dffg:\G_Register_NBit:12:REGI|s_Q     ; sw_fetch_unit:F_UNIT_SW|pc_register:PC_REG|dffg:\GEN_BOTTOM:12:DFF_i|s_Q                        ; iCLK         ; iCLK        ; 0.000        ; 0.499      ; 1.579      ;
; 0.911 ; EXMEM_PipelineRegister:EXMEM_REG|register_NBit:REG_ALU_Result|dffg:\G_Register_NBit:25:REGI|s_Q ; MEMWB_PipelineRegister:MEMWB_REG|register_NBit:REG_ALU_Result|dffg:\G_Register_NBit:25:REGI|s_Q ; iCLK         ; iCLK        ; 0.000        ; 0.087      ; 1.169      ;
; 0.920 ; MEMWB_PipelineRegister:MEMWB_REG|register_NBit:REG_ALU_Result|dffg:\G_Register_NBit:31:REGI|s_Q ; IDEX_PipelineRegister:IDEX_REG|register_NBit:REG_rs2|dffg:\G_Register_NBit:31:REGI|s_Q          ; iCLK         ; iCLK        ; 0.000        ; 0.088      ; 1.179      ;
; 0.920 ; sw_fetch_unit:F_UNIT_SW|pc_register:PC_REG|dffg:\GEN_TOP:27:DFF_i|s_Q                           ; IFID_PipelineRegister:IFID_REG|register_NBit:REG_PC_Plus4|dffg:\G_Register_NBit:27:REGI|s_Q     ; iCLK         ; iCLK        ; 0.000        ; 0.072      ; 1.163      ;
; 0.928 ; EXMEM_PipelineRegister:EXMEM_REG|register_NBit:REG_PC_Plus4|dffg:\G_Register_NBit:0:REGI|s_Q    ; MEMWB_PipelineRegister:MEMWB_REG|register_NBit:REG_PC_Plus4|dffg:\G_Register_NBit:0:REGI|s_Q    ; iCLK         ; iCLK        ; 0.000        ; -0.308     ; 0.791      ;
; 0.928 ; EXMEM_PipelineRegister:EXMEM_REG|register_NBit:REG_PC_Plus4|dffg:\G_Register_NBit:1:REGI|s_Q    ; MEMWB_PipelineRegister:MEMWB_REG|register_NBit:REG_PC_Plus4|dffg:\G_Register_NBit:1:REGI|s_Q    ; iCLK         ; iCLK        ; 0.000        ; -0.308     ; 0.791      ;
; 0.930 ; EXMEM_PipelineRegister:EXMEM_REG|register_NBit:REG_PC_Plus4|dffg:\G_Register_NBit:17:REGI|s_Q   ; MEMWB_PipelineRegister:MEMWB_REG|register_NBit:REG_PC_Plus4|dffg:\G_Register_NBit:17:REGI|s_Q   ; iCLK         ; iCLK        ; 0.000        ; -0.308     ; 0.793      ;
; 0.941 ; IDEX_PipelineRegister:IDEX_REG|register_NBit:REG_PC_Plus4|dffg:\G_Register_NBit:23:REGI|s_Q     ; EXMEM_PipelineRegister:EXMEM_REG|register_NBit:REG_PC_Plus4|dffg:\G_Register_NBit:23:REGI|s_Q   ; iCLK         ; iCLK        ; 0.000        ; -0.285     ; 0.827      ;
; 0.944 ; IDEX_PipelineRegister:IDEX_REG|register_NBit:REG_rs2|dffg:\G_Register_NBit:3:REGI|s_Q           ; EXMEM_PipelineRegister:EXMEM_REG|register_NBit:REG_rs2|dffg:\G_Register_NBit:3:REGI|s_Q         ; iCLK         ; iCLK        ; 0.000        ; 0.072      ; 1.187      ;
; 0.956 ; EXMEM_PipelineRegister:EXMEM_REG|register_NBit:REG_ALU_Result|dffg:\G_Register_NBit:17:REGI|s_Q ; MEMWB_PipelineRegister:MEMWB_REG|register_NBit:REG_ALU_Result|dffg:\G_Register_NBit:17:REGI|s_Q ; iCLK         ; iCLK        ; 0.000        ; -0.308     ; 0.819      ;
; 0.957 ; EXMEM_PipelineRegister:EXMEM_REG|register_NBit:REG_PC_Plus4|dffg:\G_Register_NBit:5:REGI|s_Q    ; MEMWB_PipelineRegister:MEMWB_REG|register_NBit:REG_PC_Plus4|dffg:\G_Register_NBit:5:REGI|s_Q    ; iCLK         ; iCLK        ; 0.000        ; -0.337     ; 0.791      ;
; 0.962 ; IDEX_PipelineRegister:IDEX_REG|register_NBit:REG_PC_Plus4|dffg:\G_Register_NBit:27:REGI|s_Q     ; sw_fetch_unit:F_UNIT_SW|pc_register:PC_REG|dffg:\GEN_TOP:27:DFF_i|s_Q                           ; iCLK         ; iCLK        ; 0.000        ; 0.072      ; 1.205      ;
; 0.963 ; IDEX_PipelineRegister:IDEX_REG|register_NBit:REG_PC_Plus4|dffg:\G_Register_NBit:15:REGI|s_Q     ; sw_fetch_unit:F_UNIT_SW|pc_register:PC_REG|dffg:\GEN_BOTTOM:15:DFF_i|s_Q                        ; iCLK         ; iCLK        ; 0.000        ; 0.073      ; 1.207      ;
; 0.963 ; IDEX_PipelineRegister:IDEX_REG|register_NBit:REG_PC_Plus4|dffg:\G_Register_NBit:28:REGI|s_Q     ; EXMEM_PipelineRegister:EXMEM_REG|register_NBit:REG_PC_Plus4|dffg:\G_Register_NBit:28:REGI|s_Q   ; iCLK         ; iCLK        ; 0.000        ; 0.072      ; 1.206      ;
; 0.964 ; EXMEM_PipelineRegister:EXMEM_REG|register_NBit:REG_ALU_Result|dffg:\G_Register_NBit:13:REGI|s_Q ; MEMWB_PipelineRegister:MEMWB_REG|register_NBit:REG_ALU_Result|dffg:\G_Register_NBit:13:REGI|s_Q ; iCLK         ; iCLK        ; 0.000        ; 0.068      ; 1.203      ;
; 0.968 ; sw_fetch_unit:F_UNIT_SW|pc_register:PC_REG|dffg:DFF_22|s_Q                                      ; IFID_PipelineRegister:IFID_REG|register_NBit:REG_PC|dffg:\G_Register_NBit:22:REGI|s_Q           ; iCLK         ; iCLK        ; 0.000        ; 0.069      ; 1.208      ;
; 0.972 ; EXMEM_PipelineRegister:EXMEM_REG|register_NBit:REG_rd|dffg:\G_Register_NBit:1:REGI|s_Q          ; MEMWB_PipelineRegister:MEMWB_REG|register_NBit:REG_rd|dffg:\G_Register_NBit:1:REGI|s_Q          ; iCLK         ; iCLK        ; 0.000        ; 0.074      ; 1.217      ;
; 0.973 ; EXMEM_PipelineRegister:EXMEM_REG|register_NBit:REG_ALU_Result|dffg:\G_Register_NBit:16:REGI|s_Q ; MEMWB_PipelineRegister:MEMWB_REG|register_NBit:REG_ALU_Result|dffg:\G_Register_NBit:16:REGI|s_Q ; iCLK         ; iCLK        ; 0.000        ; -0.337     ; 0.807      ;
; 0.976 ; IDEX_PipelineRegister:IDEX_REG|register_NBit:REG_PC_Plus4|dffg:\G_Register_NBit:10:REGI|s_Q     ; EXMEM_PipelineRegister:EXMEM_REG|register_NBit:REG_PC_Plus4|dffg:\G_Register_NBit:10:REGI|s_Q   ; iCLK         ; iCLK        ; 0.000        ; -0.336     ; 0.811      ;
; 0.978 ; IDEX_PipelineRegister:IDEX_REG|register_NBit:REG_rs2|dffg:\G_Register_NBit:4:REGI|s_Q           ; EXMEM_PipelineRegister:EXMEM_REG|register_NBit:REG_rs2|dffg:\G_Register_NBit:4:REGI|s_Q         ; iCLK         ; iCLK        ; 0.000        ; -0.308     ; 0.841      ;
; 0.978 ; EXMEM_PipelineRegister:EXMEM_REG|register_NBit:REG_ALU_Result|dffg:\G_Register_NBit:26:REGI|s_Q ; MEMWB_PipelineRegister:MEMWB_REG|register_NBit:REG_ALU_Result|dffg:\G_Register_NBit:26:REGI|s_Q ; iCLK         ; iCLK        ; 0.000        ; -0.338     ; 0.811      ;
; 0.979 ; EXMEM_PipelineRegister:EXMEM_REG|register_NBit:REG_ALU_Result|dffg:\G_Register_NBit:23:REGI|s_Q ; MEMWB_PipelineRegister:MEMWB_REG|register_NBit:REG_ALU_Result|dffg:\G_Register_NBit:23:REGI|s_Q ; iCLK         ; iCLK        ; 0.000        ; -0.338     ; 0.812      ;
; 0.981 ; EXMEM_PipelineRegister:EXMEM_REG|register_NBit:REG_PC_Plus4|dffg:\G_Register_NBit:3:REGI|s_Q    ; MEMWB_PipelineRegister:MEMWB_REG|register_NBit:REG_PC_Plus4|dffg:\G_Register_NBit:3:REGI|s_Q    ; iCLK         ; iCLK        ; 0.000        ; 0.074      ; 1.226      ;
; 0.982 ; EXMEM_PipelineRegister:EXMEM_REG|register_NBit:REG_ALU_Result|dffg:\G_Register_NBit:18:REGI|s_Q ; MEMWB_PipelineRegister:MEMWB_REG|register_NBit:REG_ALU_Result|dffg:\G_Register_NBit:18:REGI|s_Q ; iCLK         ; iCLK        ; 0.000        ; -0.337     ; 0.816      ;
; 0.984 ; EXMEM_PipelineRegister:EXMEM_REG|register_NBit:REG_ALU_Result|dffg:\G_Register_NBit:22:REGI|s_Q ; MEMWB_PipelineRegister:MEMWB_REG|register_NBit:REG_ALU_Result|dffg:\G_Register_NBit:22:REGI|s_Q ; iCLK         ; iCLK        ; 0.000        ; -0.337     ; 0.818      ;
; 0.988 ; EXMEM_PipelineRegister:EXMEM_REG|register_NBit:REG_ALU_Result|dffg:\G_Register_NBit:14:REGI|s_Q ; MEMWB_PipelineRegister:MEMWB_REG|register_NBit:REG_ALU_Result|dffg:\G_Register_NBit:14:REGI|s_Q ; iCLK         ; iCLK        ; 0.000        ; 0.071      ; 1.230      ;
; 0.990 ; EXMEM_PipelineRegister:EXMEM_REG|register_NBit:REG_PC_Plus4|dffg:\G_Register_NBit:18:REGI|s_Q   ; MEMWB_PipelineRegister:MEMWB_REG|register_NBit:REG_PC_Plus4|dffg:\G_Register_NBit:18:REGI|s_Q   ; iCLK         ; iCLK        ; 0.000        ; 0.518      ; 1.679      ;
; 0.992 ; MEMWB_PipelineRegister:MEMWB_REG|register_NBit:REG_PC_Plus4|dffg:\G_Register_NBit:2:REGI|s_Q    ; IDEX_PipelineRegister:IDEX_REG|register_NBit:REG_rs2|dffg:\G_Register_NBit:2:REGI|s_Q           ; iCLK         ; iCLK        ; 0.000        ; 0.087      ; 1.250      ;
; 1.005 ; MEMWB_PipelineRegister:MEMWB_REG|register_NBit:REG_PC_Plus4|dffg:\G_Register_NBit:3:REGI|s_Q    ; IDEX_PipelineRegister:IDEX_REG|register_NBit:REG_rs2|dffg:\G_Register_NBit:3:REGI|s_Q           ; iCLK         ; iCLK        ; 0.000        ; 0.072      ; 1.248      ;
; 1.007 ; IDEX_PipelineRegister:IDEX_REG|register_NBit:REG_rs2|dffg:\G_Register_NBit:15:REGI|s_Q          ; EXMEM_PipelineRegister:EXMEM_REG|register_NBit:REG_rs2|dffg:\G_Register_NBit:15:REGI|s_Q        ; iCLK         ; iCLK        ; 0.000        ; -0.337     ; 0.841      ;
; 1.010 ; IFID_PipelineRegister:IFID_REG|register_NBit:REG_PC|dffg:\G_Register_NBit:29:REGI|s_Q           ; IDEX_PipelineRegister:IDEX_REG|register_NBit:REG_PC|dffg:\G_Register_NBit:29:REGI|s_Q           ; iCLK         ; iCLK        ; 0.000        ; 0.075      ; 1.256      ;
; 1.011 ; IFID_PipelineRegister:IFID_REG|register_NBit:REG_PC_Plus4|dffg:\G_Register_NBit:19:REGI|s_Q     ; IDEX_PipelineRegister:IDEX_REG|register_NBit:REG_PC_Plus4|dffg:\G_Register_NBit:19:REGI|s_Q     ; iCLK         ; iCLK        ; 0.000        ; 0.073      ; 1.255      ;
; 1.012 ; IFID_PipelineRegister:IFID_REG|register_NBit:REG_PC_Plus4|dffg:\G_Register_NBit:27:REGI|s_Q     ; IDEX_PipelineRegister:IDEX_REG|register_NBit:REG_PC_Plus4|dffg:\G_Register_NBit:27:REGI|s_Q     ; iCLK         ; iCLK        ; 0.000        ; 0.072      ; 1.255      ;
; 1.013 ; IDEX_PipelineRegister:IDEX_REG|register_NBit:REG_rs2|dffg:\G_Register_NBit:13:REGI|s_Q          ; EXMEM_PipelineRegister:EXMEM_REG|register_NBit:REG_rs2|dffg:\G_Register_NBit:13:REGI|s_Q        ; iCLK         ; iCLK        ; 0.000        ; -0.308     ; 0.876      ;
; 1.017 ; IDEX_PipelineRegister:IDEX_REG|register_NBit:REG_PC_Plus4|dffg:\G_Register_NBit:20:REGI|s_Q     ; sw_fetch_unit:F_UNIT_SW|pc_register:PC_REG|dffg:\GEN_BOTTOM:20:DFF_i|s_Q                        ; iCLK         ; iCLK        ; 0.000        ; 0.500      ; 1.688      ;
; 1.018 ; sw_fetch_unit:F_UNIT_SW|pc_register:PC_REG|dffg:\GEN_BOTTOM:19:DFF_i|s_Q                        ; IFID_PipelineRegister:IFID_REG|register_NBit:REG_PC_Plus4|dffg:\G_Register_NBit:20:REGI|s_Q     ; iCLK         ; iCLK        ; 0.000        ; 0.532      ; 1.721      ;
; 1.019 ; IDEX_PipelineRegister:IDEX_REG|register_NBit:REG_rs2|dffg:\G_Register_NBit:2:REGI|s_Q           ; EXMEM_PipelineRegister:EXMEM_REG|register_NBit:REG_rs2|dffg:\G_Register_NBit:2:REGI|s_Q         ; iCLK         ; iCLK        ; 0.000        ; -0.308     ; 0.882      ;
; 1.026 ; IDEX_PipelineRegister:IDEX_REG|register_NBit:REG_pred_taken|dffg:\G_Register_NBit:0:REGI|s_Q    ; IFID_PipelineRegister:IFID_REG|register_NBit:REG_pred_taken|dffg:\G_Register_NBit:0:REGI|s_Q    ; iCLK         ; iCLK        ; 0.000        ; 0.055      ; 1.252      ;
; 1.031 ; sw_fetch_unit:F_UNIT_SW|pc_register:PC_REG|dffg:\GEN_TOP:26:DFF_i|s_Q                           ; IFID_PipelineRegister:IFID_REG|register_NBit:REG_PC_Plus4|dffg:\G_Register_NBit:26:REGI|s_Q     ; iCLK         ; iCLK        ; 0.000        ; 0.087      ; 1.289      ;
; 1.035 ; IFID_PipelineRegister:IFID_REG|register_NBit:REG_PC_Plus4|dffg:\G_Register_NBit:28:REGI|s_Q     ; IDEX_PipelineRegister:IDEX_REG|register_NBit:REG_PC_Plus4|dffg:\G_Register_NBit:28:REGI|s_Q     ; iCLK         ; iCLK        ; 0.000        ; 0.072      ; 1.278      ;
; 1.049 ; IDEX_PipelineRegister:IDEX_REG|register_NBit:REG_PC_Plus4|dffg:\G_Register_NBit:29:REGI|s_Q     ; EXMEM_PipelineRegister:EXMEM_REG|register_NBit:REG_PC_Plus4|dffg:\G_Register_NBit:29:REGI|s_Q   ; iCLK         ; iCLK        ; 0.000        ; 0.453      ; 1.673      ;
; 1.053 ; sw_fetch_unit:F_UNIT_SW|pc_register:PC_REG|dffg:\GEN_BOTTOM:13:DFF_i|s_Q                        ; IFID_PipelineRegister:IFID_REG|register_NBit:REG_PC|dffg:\G_Register_NBit:13:REGI|s_Q           ; iCLK         ; iCLK        ; 0.000        ; -0.336     ; 0.888      ;
; 1.054 ; EXMEM_PipelineRegister:EXMEM_REG|register_NBit:REG_PC_Plus4|dffg:\G_Register_NBit:15:REGI|s_Q   ; MEMWB_PipelineRegister:MEMWB_REG|register_NBit:REG_PC_Plus4|dffg:\G_Register_NBit:15:REGI|s_Q   ; iCLK         ; iCLK        ; 0.000        ; 0.488      ; 1.713      ;
; 1.058 ; IFID_PipelineRegister:IFID_REG|register_NBit:REG_pred_taken|dffg:\G_Register_NBit:0:REGI|s_Q    ; IDEX_PipelineRegister:IDEX_REG|register_NBit:REG_pred_taken|dffg:\G_Register_NBit:0:REGI|s_Q    ; iCLK         ; iCLK        ; 0.000        ; 0.123      ; 1.352      ;
; 1.062 ; IFID_PipelineRegister:IFID_REG|register_NBit:REG_PC|dffg:\G_Register_NBit:31:REGI|s_Q           ; IDEX_PipelineRegister:IDEX_REG|register_NBit:REG_PC|dffg:\G_Register_NBit:31:REGI|s_Q           ; iCLK         ; iCLK        ; 0.000        ; 0.073      ; 1.306      ;
; 1.066 ; sw_fetch_unit:F_UNIT_SW|pc_register:PC_REG|dffg:\GEN_TOP:25:DFF_i|s_Q                           ; IFID_PipelineRegister:IFID_REG|register_NBit:REG_PC_Plus4|dffg:\G_Register_NBit:26:REGI|s_Q     ; iCLK         ; iCLK        ; 0.000        ; 0.087      ; 1.324      ;
+-------+-------------------------------------------------------------------------------------------------+-------------------------------------------------------------------------------------------------+--------------+-------------+--------------+------------+------------+


----------------------------------------------
; Slow 1200mV 0C Model Metastability Summary ;
----------------------------------------------
No synchronizer chains to report.


+------------------------------------+
; Fast 1200mV 0C Model Setup Summary ;
+-------+-------+--------------------+
; Clock ; Slack ; End Point TNS      ;
+-------+-------+--------------------+
; iCLK  ; 9.584 ; 0.000              ;
+-------+-------+--------------------+


+-----------------------------------+
; Fast 1200mV 0C Model Hold Summary ;
+-------+-------+-------------------+
; Clock ; Slack ; End Point TNS     ;
+-------+-------+-------------------+
; iCLK  ; 0.172 ; 0.000             ;
+-------+-------+-------------------+


-----------------------------------------
; Fast 1200mV 0C Model Recovery Summary ;
-----------------------------------------
No paths to report.


----------------------------------------
; Fast 1200mV 0C Model Removal Summary ;
----------------------------------------
No paths to report.


+--------------------------------------------------+
; Fast 1200mV 0C Model Minimum Pulse Width Summary ;
+-------+-------+----------------------------------+
; Clock ; Slack ; End Point TNS                    ;
+-------+-------+----------------------------------+
; iCLK  ; 9.407 ; 0.000                            ;
+-------+-------+----------------------------------+


+-------------------------------------------------------------------------------------------------------------------------------------------------------------------------------------------------------------------------------------------------------------------------+
; Fast 1200mV 0C Model Setup: 'iCLK'                                                                                                                                                                                                                                      ;
+-------+---------------------------------------------------------------------------------------------+---------------------------------------------------------------------------------------------+--------------+-------------+--------------+------------+------------+
; Slack ; From Node                                                                                   ; To Node                                                                                     ; Launch Clock ; Latch Clock ; Relationship ; Clock Skew ; Data Delay ;
+-------+---------------------------------------------------------------------------------------------+---------------------------------------------------------------------------------------------+--------------+-------------+--------------+------------+------------+
; 9.584 ; MEMWB_PipelineRegister:MEMWB_REG|register_NBit:REG_DMemOut|dffg:\G_Register_NBit:0:REGI|s_Q ; sw_fetch_unit:F_UNIT_SW|branch_predictor:BP|bht:BHT_INST|s_table[5][1]                      ; iCLK         ; iCLK        ; 20.000       ; 0.110      ; 10.513     ;
; 9.584 ; MEMWB_PipelineRegister:MEMWB_REG|register_NBit:REG_DMemOut|dffg:\G_Register_NBit:0:REGI|s_Q ; sw_fetch_unit:F_UNIT_SW|branch_predictor:BP|bht:BHT_INST|s_table[5][0]                      ; iCLK         ; iCLK        ; 20.000       ; 0.110      ; 10.513     ;
; 9.607 ; IDEX_PipelineRegister:IDEX_REG|register_NBit:REG_Instr|dffg:\G_Register_NBit:19:REGI|s_Q    ; sw_fetch_unit:F_UNIT_SW|branch_predictor:BP|bht:BHT_INST|s_table[5][1]                      ; iCLK         ; iCLK        ; 20.000       ; 0.120      ; 10.500     ;
; 9.607 ; IDEX_PipelineRegister:IDEX_REG|register_NBit:REG_Instr|dffg:\G_Register_NBit:19:REGI|s_Q    ; sw_fetch_unit:F_UNIT_SW|branch_predictor:BP|bht:BHT_INST|s_table[5][0]                      ; iCLK         ; iCLK        ; 20.000       ; 0.120      ; 10.500     ;
; 9.607 ; IDEX_PipelineRegister:IDEX_REG|register_NBit:REG_Instr|dffg:\G_Register_NBit:18:REGI|s_Q    ; sw_fetch_unit:F_UNIT_SW|branch_predictor:BP|bht:BHT_INST|s_table[5][1]                      ; iCLK         ; iCLK        ; 20.000       ; 0.120      ; 10.500     ;
; 9.607 ; IDEX_PipelineRegister:IDEX_REG|register_NBit:REG_Instr|dffg:\G_Register_NBit:18:REGI|s_Q    ; sw_fetch_unit:F_UNIT_SW|branch_predictor:BP|bht:BHT_INST|s_table[5][0]                      ; iCLK         ; iCLK        ; 20.000       ; 0.120      ; 10.500     ;
; 9.614 ; IDEX_PipelineRegister:IDEX_REG|register_NBit:REG_Instr|dffg:\G_Register_NBit:15:REGI|s_Q    ; sw_fetch_unit:F_UNIT_SW|branch_predictor:BP|bht:BHT_INST|s_table[5][1]                      ; iCLK         ; iCLK        ; 20.000       ; 0.122      ; 10.495     ;
; 9.614 ; IDEX_PipelineRegister:IDEX_REG|register_NBit:REG_Instr|dffg:\G_Register_NBit:15:REGI|s_Q    ; sw_fetch_unit:F_UNIT_SW|branch_predictor:BP|bht:BHT_INST|s_table[5][0]                      ; iCLK         ; iCLK        ; 20.000       ; 0.122      ; 10.495     ;
; 9.625 ; MEMWB_PipelineRegister:MEMWB_REG|register_NBit:REG_DMemOut|dffg:\G_Register_NBit:0:REGI|s_Q ; sw_fetch_unit:F_UNIT_SW|branch_predictor:BP|bht:BHT_INST|s_table[21][1]                     ; iCLK         ; iCLK        ; 20.000       ; 0.125      ; 10.487     ;
; 9.625 ; MEMWB_PipelineRegister:MEMWB_REG|register_NBit:REG_DMemOut|dffg:\G_Register_NBit:0:REGI|s_Q ; sw_fetch_unit:F_UNIT_SW|branch_predictor:BP|bht:BHT_INST|s_table[21][0]                     ; iCLK         ; iCLK        ; 20.000       ; 0.125      ; 10.487     ;
; 9.648 ; IDEX_PipelineRegister:IDEX_REG|register_NBit:REG_Instr|dffg:\G_Register_NBit:19:REGI|s_Q    ; sw_fetch_unit:F_UNIT_SW|branch_predictor:BP|bht:BHT_INST|s_table[21][1]                     ; iCLK         ; iCLK        ; 20.000       ; 0.135      ; 10.474     ;
; 9.648 ; IDEX_PipelineRegister:IDEX_REG|register_NBit:REG_Instr|dffg:\G_Register_NBit:19:REGI|s_Q    ; sw_fetch_unit:F_UNIT_SW|branch_predictor:BP|bht:BHT_INST|s_table[21][0]                     ; iCLK         ; iCLK        ; 20.000       ; 0.135      ; 10.474     ;
; 9.648 ; IDEX_PipelineRegister:IDEX_REG|register_NBit:REG_Instr|dffg:\G_Register_NBit:18:REGI|s_Q    ; sw_fetch_unit:F_UNIT_SW|branch_predictor:BP|bht:BHT_INST|s_table[21][1]                     ; iCLK         ; iCLK        ; 20.000       ; 0.135      ; 10.474     ;
; 9.648 ; IDEX_PipelineRegister:IDEX_REG|register_NBit:REG_Instr|dffg:\G_Register_NBit:18:REGI|s_Q    ; sw_fetch_unit:F_UNIT_SW|branch_predictor:BP|bht:BHT_INST|s_table[21][0]                     ; iCLK         ; iCLK        ; 20.000       ; 0.135      ; 10.474     ;
; 9.655 ; IDEX_PipelineRegister:IDEX_REG|register_NBit:REG_Instr|dffg:\G_Register_NBit:15:REGI|s_Q    ; sw_fetch_unit:F_UNIT_SW|branch_predictor:BP|bht:BHT_INST|s_table[21][1]                     ; iCLK         ; iCLK        ; 20.000       ; 0.137      ; 10.469     ;
; 9.655 ; IDEX_PipelineRegister:IDEX_REG|register_NBit:REG_Instr|dffg:\G_Register_NBit:15:REGI|s_Q    ; sw_fetch_unit:F_UNIT_SW|branch_predictor:BP|bht:BHT_INST|s_table[21][0]                     ; iCLK         ; iCLK        ; 20.000       ; 0.137      ; 10.469     ;
; 9.667 ; IDEX_PipelineRegister:IDEX_REG|register_NBit:REG_Instr|dffg:\G_Register_NBit:16:REGI|s_Q    ; sw_fetch_unit:F_UNIT_SW|branch_predictor:BP|bht:BHT_INST|s_table[5][1]                      ; iCLK         ; iCLK        ; 20.000       ; 0.107      ; 10.427     ;
; 9.667 ; IDEX_PipelineRegister:IDEX_REG|register_NBit:REG_Instr|dffg:\G_Register_NBit:16:REGI|s_Q    ; sw_fetch_unit:F_UNIT_SW|branch_predictor:BP|bht:BHT_INST|s_table[5][0]                      ; iCLK         ; iCLK        ; 20.000       ; 0.107      ; 10.427     ;
; 9.677 ; MEMWB_PipelineRegister:MEMWB_REG|register_NBit:REG_rd|dffg:\G_Register_NBit:4:REGI|s_Q      ; sw_fetch_unit:F_UNIT_SW|branch_predictor:BP|bht:BHT_INST|s_table[5][1]                      ; iCLK         ; iCLK        ; 20.000       ; 0.120      ; 10.430     ;
; 9.677 ; MEMWB_PipelineRegister:MEMWB_REG|register_NBit:REG_rd|dffg:\G_Register_NBit:4:REGI|s_Q      ; sw_fetch_unit:F_UNIT_SW|branch_predictor:BP|bht:BHT_INST|s_table[5][0]                      ; iCLK         ; iCLK        ; 20.000       ; 0.120      ; 10.430     ;
; 9.682 ; MEMWB_PipelineRegister:MEMWB_REG|register_NBit:REG_DMemOut|dffg:\G_Register_NBit:0:REGI|s_Q ; sw_fetch_unit:F_UNIT_SW|pc_register:PC_REG|dffg:\GEN_TOP:29:DFF_i|s_Q                       ; iCLK         ; iCLK        ; 20.000       ; -0.041     ; 10.264     ;
; 9.682 ; MEMWB_PipelineRegister:MEMWB_REG|register_NBit:REG_DMemOut|dffg:\G_Register_NBit:0:REGI|s_Q ; IFID_PipelineRegister:IFID_REG|register_NBit:REG_PC|dffg:\G_Register_NBit:29:REGI|s_Q       ; iCLK         ; iCLK        ; 20.000       ; -0.041     ; 10.264     ;
; 9.682 ; MEMWB_PipelineRegister:MEMWB_REG|register_NBit:REG_DMemOut|dffg:\G_Register_NBit:0:REGI|s_Q ; IFID_PipelineRegister:IFID_REG|register_NBit:REG_PC|dffg:\G_Register_NBit:31:REGI|s_Q       ; iCLK         ; iCLK        ; 20.000       ; -0.041     ; 10.264     ;
; 9.682 ; MEMWB_PipelineRegister:MEMWB_REG|register_NBit:REG_DMemOut|dffg:\G_Register_NBit:0:REGI|s_Q ; IFID_PipelineRegister:IFID_REG|register_NBit:REG_PC_Plus4|dffg:\G_Register_NBit:17:REGI|s_Q ; iCLK         ; iCLK        ; 20.000       ; -0.041     ; 10.264     ;
; 9.690 ; IDEX_PipelineRegister:IDEX_REG|register_NBit:REG_Instr|dffg:\G_Register_NBit:19:REGI|s_Q    ; sw_fetch_unit:F_UNIT_SW|pc_register:PC_REG|dffg:\GEN_TOP:29:DFF_i|s_Q                       ; iCLK         ; iCLK        ; 20.000       ; -0.046     ; 10.251     ;
; 9.690 ; IDEX_PipelineRegister:IDEX_REG|register_NBit:REG_Instr|dffg:\G_Register_NBit:19:REGI|s_Q    ; IFID_PipelineRegister:IFID_REG|register_NBit:REG_PC|dffg:\G_Register_NBit:29:REGI|s_Q       ; iCLK         ; iCLK        ; 20.000       ; -0.046     ; 10.251     ;
; 9.690 ; IDEX_PipelineRegister:IDEX_REG|register_NBit:REG_Instr|dffg:\G_Register_NBit:19:REGI|s_Q    ; IFID_PipelineRegister:IFID_REG|register_NBit:REG_PC|dffg:\G_Register_NBit:31:REGI|s_Q       ; iCLK         ; iCLK        ; 20.000       ; -0.046     ; 10.251     ;
; 9.690 ; IDEX_PipelineRegister:IDEX_REG|register_NBit:REG_Instr|dffg:\G_Register_NBit:19:REGI|s_Q    ; IFID_PipelineRegister:IFID_REG|register_NBit:REG_PC_Plus4|dffg:\G_Register_NBit:17:REGI|s_Q ; iCLK         ; iCLK        ; 20.000       ; -0.046     ; 10.251     ;
; 9.690 ; IDEX_PipelineRegister:IDEX_REG|register_NBit:REG_Instr|dffg:\G_Register_NBit:18:REGI|s_Q    ; sw_fetch_unit:F_UNIT_SW|pc_register:PC_REG|dffg:\GEN_TOP:29:DFF_i|s_Q                       ; iCLK         ; iCLK        ; 20.000       ; -0.046     ; 10.251     ;
; 9.690 ; IDEX_PipelineRegister:IDEX_REG|register_NBit:REG_Instr|dffg:\G_Register_NBit:18:REGI|s_Q    ; IFID_PipelineRegister:IFID_REG|register_NBit:REG_PC|dffg:\G_Register_NBit:29:REGI|s_Q       ; iCLK         ; iCLK        ; 20.000       ; -0.046     ; 10.251     ;
; 9.690 ; IDEX_PipelineRegister:IDEX_REG|register_NBit:REG_Instr|dffg:\G_Register_NBit:18:REGI|s_Q    ; IFID_PipelineRegister:IFID_REG|register_NBit:REG_PC|dffg:\G_Register_NBit:31:REGI|s_Q       ; iCLK         ; iCLK        ; 20.000       ; -0.046     ; 10.251     ;
; 9.690 ; IDEX_PipelineRegister:IDEX_REG|register_NBit:REG_Instr|dffg:\G_Register_NBit:18:REGI|s_Q    ; IFID_PipelineRegister:IFID_REG|register_NBit:REG_PC_Plus4|dffg:\G_Register_NBit:17:REGI|s_Q ; iCLK         ; iCLK        ; 20.000       ; -0.046     ; 10.251     ;
; 9.691 ; MEMWB_PipelineRegister:MEMWB_REG|register_NBit:REG_Ctrl|dffg:\G_Register_NBit:1:REGI|s_Q    ; sw_fetch_unit:F_UNIT_SW|branch_predictor:BP|bht:BHT_INST|s_table[5][1]                      ; iCLK         ; iCLK        ; 20.000       ; 0.104      ; 10.400     ;
; 9.691 ; MEMWB_PipelineRegister:MEMWB_REG|register_NBit:REG_Ctrl|dffg:\G_Register_NBit:1:REGI|s_Q    ; sw_fetch_unit:F_UNIT_SW|branch_predictor:BP|bht:BHT_INST|s_table[5][0]                      ; iCLK         ; iCLK        ; 20.000       ; 0.104      ; 10.400     ;
; 9.696 ; EXMEM_PipelineRegister:EXMEM_REG|register_NBit:REG_rd|dffg:\G_Register_NBit:1:REGI|s_Q      ; sw_fetch_unit:F_UNIT_SW|branch_predictor:BP|bht:BHT_INST|s_table[5][1]                      ; iCLK         ; iCLK        ; 20.000       ; 0.120      ; 10.411     ;
; 9.696 ; EXMEM_PipelineRegister:EXMEM_REG|register_NBit:REG_rd|dffg:\G_Register_NBit:1:REGI|s_Q      ; sw_fetch_unit:F_UNIT_SW|branch_predictor:BP|bht:BHT_INST|s_table[5][0]                      ; iCLK         ; iCLK        ; 20.000       ; 0.120      ; 10.411     ;
; 9.697 ; IDEX_PipelineRegister:IDEX_REG|register_NBit:REG_Instr|dffg:\G_Register_NBit:15:REGI|s_Q    ; sw_fetch_unit:F_UNIT_SW|pc_register:PC_REG|dffg:\GEN_TOP:29:DFF_i|s_Q                       ; iCLK         ; iCLK        ; 20.000       ; -0.044     ; 10.246     ;
; 9.697 ; IDEX_PipelineRegister:IDEX_REG|register_NBit:REG_Instr|dffg:\G_Register_NBit:15:REGI|s_Q    ; IFID_PipelineRegister:IFID_REG|register_NBit:REG_PC|dffg:\G_Register_NBit:29:REGI|s_Q       ; iCLK         ; iCLK        ; 20.000       ; -0.044     ; 10.246     ;
; 9.697 ; IDEX_PipelineRegister:IDEX_REG|register_NBit:REG_Instr|dffg:\G_Register_NBit:15:REGI|s_Q    ; IFID_PipelineRegister:IFID_REG|register_NBit:REG_PC|dffg:\G_Register_NBit:31:REGI|s_Q       ; iCLK         ; iCLK        ; 20.000       ; -0.044     ; 10.246     ;
; 9.697 ; IDEX_PipelineRegister:IDEX_REG|register_NBit:REG_Instr|dffg:\G_Register_NBit:15:REGI|s_Q    ; IFID_PipelineRegister:IFID_REG|register_NBit:REG_PC_Plus4|dffg:\G_Register_NBit:17:REGI|s_Q ; iCLK         ; iCLK        ; 20.000       ; -0.044     ; 10.246     ;
; 9.708 ; IDEX_PipelineRegister:IDEX_REG|register_NBit:REG_Instr|dffg:\G_Register_NBit:16:REGI|s_Q    ; sw_fetch_unit:F_UNIT_SW|branch_predictor:BP|bht:BHT_INST|s_table[21][1]                     ; iCLK         ; iCLK        ; 20.000       ; 0.122      ; 10.401     ;
; 9.708 ; IDEX_PipelineRegister:IDEX_REG|register_NBit:REG_Instr|dffg:\G_Register_NBit:16:REGI|s_Q    ; sw_fetch_unit:F_UNIT_SW|branch_predictor:BP|bht:BHT_INST|s_table[21][0]                     ; iCLK         ; iCLK        ; 20.000       ; 0.122      ; 10.401     ;
; 9.718 ; MEMWB_PipelineRegister:MEMWB_REG|register_NBit:REG_rd|dffg:\G_Register_NBit:4:REGI|s_Q      ; sw_fetch_unit:F_UNIT_SW|branch_predictor:BP|bht:BHT_INST|s_table[21][1]                     ; iCLK         ; iCLK        ; 20.000       ; 0.135      ; 10.404     ;
; 9.718 ; MEMWB_PipelineRegister:MEMWB_REG|register_NBit:REG_rd|dffg:\G_Register_NBit:4:REGI|s_Q      ; sw_fetch_unit:F_UNIT_SW|branch_predictor:BP|bht:BHT_INST|s_table[21][0]                     ; iCLK         ; iCLK        ; 20.000       ; 0.135      ; 10.404     ;
; 9.728 ; EXMEM_PipelineRegister:EXMEM_REG|register_NBit:REG_rd|dffg:\G_Register_NBit:3:REGI|s_Q      ; sw_fetch_unit:F_UNIT_SW|branch_predictor:BP|bht:BHT_INST|s_table[5][1]                      ; iCLK         ; iCLK        ; 20.000       ; 0.120      ; 10.379     ;
; 9.728 ; EXMEM_PipelineRegister:EXMEM_REG|register_NBit:REG_rd|dffg:\G_Register_NBit:3:REGI|s_Q      ; sw_fetch_unit:F_UNIT_SW|branch_predictor:BP|bht:BHT_INST|s_table[5][0]                      ; iCLK         ; iCLK        ; 20.000       ; 0.120      ; 10.379     ;
; 9.731 ; IDEX_PipelineRegister:IDEX_REG|register_NBit:REG_Instr|dffg:\G_Register_NBit:20:REGI|s_Q    ; sw_fetch_unit:F_UNIT_SW|branch_predictor:BP|bht:BHT_INST|s_table[5][1]                      ; iCLK         ; iCLK        ; 20.000       ; 0.118      ; 10.374     ;
; 9.731 ; IDEX_PipelineRegister:IDEX_REG|register_NBit:REG_Instr|dffg:\G_Register_NBit:20:REGI|s_Q    ; sw_fetch_unit:F_UNIT_SW|branch_predictor:BP|bht:BHT_INST|s_table[5][0]                      ; iCLK         ; iCLK        ; 20.000       ; 0.118      ; 10.374     ;
; 9.732 ; MEMWB_PipelineRegister:MEMWB_REG|register_NBit:REG_Ctrl|dffg:\G_Register_NBit:1:REGI|s_Q    ; sw_fetch_unit:F_UNIT_SW|branch_predictor:BP|bht:BHT_INST|s_table[21][1]                     ; iCLK         ; iCLK        ; 20.000       ; 0.119      ; 10.374     ;
; 9.732 ; MEMWB_PipelineRegister:MEMWB_REG|register_NBit:REG_Ctrl|dffg:\G_Register_NBit:1:REGI|s_Q    ; sw_fetch_unit:F_UNIT_SW|branch_predictor:BP|bht:BHT_INST|s_table[21][0]                     ; iCLK         ; iCLK        ; 20.000       ; 0.119      ; 10.374     ;
; 9.734 ; EXMEM_PipelineRegister:EXMEM_REG|register_NBit:REG_rd|dffg:\G_Register_NBit:2:REGI|s_Q      ; sw_fetch_unit:F_UNIT_SW|branch_predictor:BP|bht:BHT_INST|s_table[5][1]                      ; iCLK         ; iCLK        ; 20.000       ; 0.120      ; 10.373     ;
; 9.734 ; EXMEM_PipelineRegister:EXMEM_REG|register_NBit:REG_rd|dffg:\G_Register_NBit:2:REGI|s_Q      ; sw_fetch_unit:F_UNIT_SW|branch_predictor:BP|bht:BHT_INST|s_table[5][0]                      ; iCLK         ; iCLK        ; 20.000       ; 0.120      ; 10.373     ;
; 9.736 ; IDEX_PipelineRegister:IDEX_REG|register_NBit:REG_Instr|dffg:\G_Register_NBit:17:REGI|s_Q    ; sw_fetch_unit:F_UNIT_SW|branch_predictor:BP|bht:BHT_INST|s_table[5][1]                      ; iCLK         ; iCLK        ; 20.000       ; 0.118      ; 10.369     ;
; 9.736 ; IDEX_PipelineRegister:IDEX_REG|register_NBit:REG_Instr|dffg:\G_Register_NBit:17:REGI|s_Q    ; sw_fetch_unit:F_UNIT_SW|branch_predictor:BP|bht:BHT_INST|s_table[5][0]                      ; iCLK         ; iCLK        ; 20.000       ; 0.118      ; 10.369     ;
; 9.737 ; EXMEM_PipelineRegister:EXMEM_REG|register_NBit:REG_rd|dffg:\G_Register_NBit:1:REGI|s_Q      ; sw_fetch_unit:F_UNIT_SW|branch_predictor:BP|bht:BHT_INST|s_table[21][1]                     ; iCLK         ; iCLK        ; 20.000       ; 0.135      ; 10.385     ;
; 9.737 ; EXMEM_PipelineRegister:EXMEM_REG|register_NBit:REG_rd|dffg:\G_Register_NBit:1:REGI|s_Q      ; sw_fetch_unit:F_UNIT_SW|branch_predictor:BP|bht:BHT_INST|s_table[21][0]                     ; iCLK         ; iCLK        ; 20.000       ; 0.135      ; 10.385     ;
; 9.739 ; EXMEM_PipelineRegister:EXMEM_REG|register_NBit:REG_rd|dffg:\G_Register_NBit:0:REGI|s_Q      ; sw_fetch_unit:F_UNIT_SW|branch_predictor:BP|bht:BHT_INST|s_table[5][1]                      ; iCLK         ; iCLK        ; 20.000       ; 0.120      ; 10.368     ;
; 9.739 ; EXMEM_PipelineRegister:EXMEM_REG|register_NBit:REG_rd|dffg:\G_Register_NBit:0:REGI|s_Q      ; sw_fetch_unit:F_UNIT_SW|branch_predictor:BP|bht:BHT_INST|s_table[5][0]                      ; iCLK         ; iCLK        ; 20.000       ; 0.120      ; 10.368     ;
; 9.760 ; MEMWB_PipelineRegister:MEMWB_REG|register_NBit:REG_rd|dffg:\G_Register_NBit:4:REGI|s_Q      ; sw_fetch_unit:F_UNIT_SW|pc_register:PC_REG|dffg:\GEN_TOP:29:DFF_i|s_Q                       ; iCLK         ; iCLK        ; 20.000       ; -0.046     ; 10.181     ;
; 9.760 ; MEMWB_PipelineRegister:MEMWB_REG|register_NBit:REG_rd|dffg:\G_Register_NBit:4:REGI|s_Q      ; IFID_PipelineRegister:IFID_REG|register_NBit:REG_PC|dffg:\G_Register_NBit:29:REGI|s_Q       ; iCLK         ; iCLK        ; 20.000       ; -0.046     ; 10.181     ;
; 9.760 ; MEMWB_PipelineRegister:MEMWB_REG|register_NBit:REG_rd|dffg:\G_Register_NBit:4:REGI|s_Q      ; IFID_PipelineRegister:IFID_REG|register_NBit:REG_PC|dffg:\G_Register_NBit:31:REGI|s_Q       ; iCLK         ; iCLK        ; 20.000       ; -0.046     ; 10.181     ;
; 9.760 ; MEMWB_PipelineRegister:MEMWB_REG|register_NBit:REG_rd|dffg:\G_Register_NBit:4:REGI|s_Q      ; IFID_PipelineRegister:IFID_REG|register_NBit:REG_PC_Plus4|dffg:\G_Register_NBit:17:REGI|s_Q ; iCLK         ; iCLK        ; 20.000       ; -0.046     ; 10.181     ;
; 9.765 ; IDEX_PipelineRegister:IDEX_REG|register_NBit:REG_Instr|dffg:\G_Register_NBit:16:REGI|s_Q    ; sw_fetch_unit:F_UNIT_SW|pc_register:PC_REG|dffg:\GEN_TOP:29:DFF_i|s_Q                       ; iCLK         ; iCLK        ; 20.000       ; -0.044     ; 10.178     ;
; 9.765 ; IDEX_PipelineRegister:IDEX_REG|register_NBit:REG_Instr|dffg:\G_Register_NBit:16:REGI|s_Q    ; IFID_PipelineRegister:IFID_REG|register_NBit:REG_PC|dffg:\G_Register_NBit:29:REGI|s_Q       ; iCLK         ; iCLK        ; 20.000       ; -0.044     ; 10.178     ;
; 9.765 ; IDEX_PipelineRegister:IDEX_REG|register_NBit:REG_Instr|dffg:\G_Register_NBit:16:REGI|s_Q    ; IFID_PipelineRegister:IFID_REG|register_NBit:REG_PC|dffg:\G_Register_NBit:31:REGI|s_Q       ; iCLK         ; iCLK        ; 20.000       ; -0.044     ; 10.178     ;
; 9.765 ; IDEX_PipelineRegister:IDEX_REG|register_NBit:REG_Instr|dffg:\G_Register_NBit:16:REGI|s_Q    ; IFID_PipelineRegister:IFID_REG|register_NBit:REG_PC_Plus4|dffg:\G_Register_NBit:17:REGI|s_Q ; iCLK         ; iCLK        ; 20.000       ; -0.044     ; 10.178     ;
; 9.766 ; MEMWB_PipelineRegister:MEMWB_REG|register_NBit:REG_DMemOut|dffg:\G_Register_NBit:0:REGI|s_Q ; sw_fetch_unit:F_UNIT_SW|branch_predictor:BP|btb:BTB_INST|s_targets[12][26]                  ; iCLK         ; iCLK        ; 20.000       ; 0.121      ; 10.342     ;
; 9.769 ; EXMEM_PipelineRegister:EXMEM_REG|register_NBit:REG_rd|dffg:\G_Register_NBit:3:REGI|s_Q      ; sw_fetch_unit:F_UNIT_SW|branch_predictor:BP|bht:BHT_INST|s_table[21][1]                     ; iCLK         ; iCLK        ; 20.000       ; 0.135      ; 10.353     ;
; 9.769 ; EXMEM_PipelineRegister:EXMEM_REG|register_NBit:REG_rd|dffg:\G_Register_NBit:3:REGI|s_Q      ; sw_fetch_unit:F_UNIT_SW|branch_predictor:BP|bht:BHT_INST|s_table[21][0]                     ; iCLK         ; iCLK        ; 20.000       ; 0.135      ; 10.353     ;
; 9.772 ; IDEX_PipelineRegister:IDEX_REG|register_NBit:REG_Instr|dffg:\G_Register_NBit:20:REGI|s_Q    ; sw_fetch_unit:F_UNIT_SW|branch_predictor:BP|bht:BHT_INST|s_table[21][1]                     ; iCLK         ; iCLK        ; 20.000       ; 0.133      ; 10.348     ;
; 9.772 ; IDEX_PipelineRegister:IDEX_REG|register_NBit:REG_Instr|dffg:\G_Register_NBit:20:REGI|s_Q    ; sw_fetch_unit:F_UNIT_SW|branch_predictor:BP|bht:BHT_INST|s_table[21][0]                     ; iCLK         ; iCLK        ; 20.000       ; 0.133      ; 10.348     ;
; 9.772 ; MEMWB_PipelineRegister:MEMWB_REG|register_NBit:REG_DMemOut|dffg:\G_Register_NBit:0:REGI|s_Q ; IFID_PipelineRegister:IFID_REG|register_NBit:REG_Instr|dffg:\G_Register_NBit:11:REGI|s_Q    ; iCLK         ; iCLK        ; 20.000       ; 0.120      ; 10.335     ;
; 9.773 ; MEMWB_PipelineRegister:MEMWB_REG|register_NBit:REG_DMemOut|dffg:\G_Register_NBit:0:REGI|s_Q ; sw_fetch_unit:F_UNIT_SW|branch_predictor:BP|bht:BHT_INST|s_table[4][1]                      ; iCLK         ; iCLK        ; 20.000       ; 0.117      ; 10.331     ;
; 9.775 ; EXMEM_PipelineRegister:EXMEM_REG|register_NBit:REG_rd|dffg:\G_Register_NBit:2:REGI|s_Q      ; sw_fetch_unit:F_UNIT_SW|branch_predictor:BP|bht:BHT_INST|s_table[21][1]                     ; iCLK         ; iCLK        ; 20.000       ; 0.135      ; 10.347     ;
; 9.775 ; EXMEM_PipelineRegister:EXMEM_REG|register_NBit:REG_rd|dffg:\G_Register_NBit:2:REGI|s_Q      ; sw_fetch_unit:F_UNIT_SW|branch_predictor:BP|bht:BHT_INST|s_table[21][0]                     ; iCLK         ; iCLK        ; 20.000       ; 0.135      ; 10.347     ;
; 9.775 ; MEMWB_PipelineRegister:MEMWB_REG|register_NBit:REG_DMemOut|dffg:\G_Register_NBit:0:REGI|s_Q ; IFID_PipelineRegister:IFID_REG|register_NBit:REG_Instr|dffg:\G_Register_NBit:5:REGI|s_Q     ; iCLK         ; iCLK        ; 20.000       ; -0.040     ; 10.172     ;
; 9.775 ; MEMWB_PipelineRegister:MEMWB_REG|register_NBit:REG_DMemOut|dffg:\G_Register_NBit:0:REGI|s_Q ; IFID_PipelineRegister:IFID_REG|register_NBit:REG_Instr|dffg:\G_Register_NBit:20:REGI|s_Q    ; iCLK         ; iCLK        ; 20.000       ; -0.040     ; 10.172     ;
; 9.775 ; MEMWB_PipelineRegister:MEMWB_REG|register_NBit:REG_DMemOut|dffg:\G_Register_NBit:0:REGI|s_Q ; IFID_PipelineRegister:IFID_REG|register_NBit:REG_Instr|dffg:\G_Register_NBit:29:REGI|s_Q    ; iCLK         ; iCLK        ; 20.000       ; -0.040     ; 10.172     ;
; 9.777 ; IDEX_PipelineRegister:IDEX_REG|register_NBit:REG_Instr|dffg:\G_Register_NBit:17:REGI|s_Q    ; sw_fetch_unit:F_UNIT_SW|branch_predictor:BP|bht:BHT_INST|s_table[21][1]                     ; iCLK         ; iCLK        ; 20.000       ; 0.133      ; 10.343     ;
; 9.777 ; IDEX_PipelineRegister:IDEX_REG|register_NBit:REG_Instr|dffg:\G_Register_NBit:17:REGI|s_Q    ; sw_fetch_unit:F_UNIT_SW|branch_predictor:BP|bht:BHT_INST|s_table[21][0]                     ; iCLK         ; iCLK        ; 20.000       ; 0.133      ; 10.343     ;
; 9.779 ; EXMEM_PipelineRegister:EXMEM_REG|register_NBit:REG_rd|dffg:\G_Register_NBit:1:REGI|s_Q      ; sw_fetch_unit:F_UNIT_SW|pc_register:PC_REG|dffg:\GEN_TOP:29:DFF_i|s_Q                       ; iCLK         ; iCLK        ; 20.000       ; -0.046     ; 10.162     ;
; 9.779 ; EXMEM_PipelineRegister:EXMEM_REG|register_NBit:REG_rd|dffg:\G_Register_NBit:1:REGI|s_Q      ; IFID_PipelineRegister:IFID_REG|register_NBit:REG_PC|dffg:\G_Register_NBit:29:REGI|s_Q       ; iCLK         ; iCLK        ; 20.000       ; -0.046     ; 10.162     ;
; 9.779 ; EXMEM_PipelineRegister:EXMEM_REG|register_NBit:REG_rd|dffg:\G_Register_NBit:1:REGI|s_Q      ; IFID_PipelineRegister:IFID_REG|register_NBit:REG_PC|dffg:\G_Register_NBit:31:REGI|s_Q       ; iCLK         ; iCLK        ; 20.000       ; -0.046     ; 10.162     ;
; 9.779 ; EXMEM_PipelineRegister:EXMEM_REG|register_NBit:REG_rd|dffg:\G_Register_NBit:1:REGI|s_Q      ; IFID_PipelineRegister:IFID_REG|register_NBit:REG_PC_Plus4|dffg:\G_Register_NBit:17:REGI|s_Q ; iCLK         ; iCLK        ; 20.000       ; -0.046     ; 10.162     ;
; 9.779 ; MEMWB_PipelineRegister:MEMWB_REG|register_NBit:REG_DMemOut|dffg:\G_Register_NBit:0:REGI|s_Q ; IFID_PipelineRegister:IFID_REG|register_NBit:REG_Instr|dffg:\G_Register_NBit:28:REGI|s_Q    ; iCLK         ; iCLK        ; 20.000       ; 0.129      ; 10.337     ;
; 9.780 ; EXMEM_PipelineRegister:EXMEM_REG|register_NBit:REG_rd|dffg:\G_Register_NBit:0:REGI|s_Q      ; sw_fetch_unit:F_UNIT_SW|branch_predictor:BP|bht:BHT_INST|s_table[21][1]                     ; iCLK         ; iCLK        ; 20.000       ; 0.135      ; 10.342     ;
; 9.780 ; EXMEM_PipelineRegister:EXMEM_REG|register_NBit:REG_rd|dffg:\G_Register_NBit:0:REGI|s_Q      ; sw_fetch_unit:F_UNIT_SW|branch_predictor:BP|bht:BHT_INST|s_table[21][0]                     ; iCLK         ; iCLK        ; 20.000       ; 0.135      ; 10.342     ;
; 9.787 ; MEMWB_PipelineRegister:MEMWB_REG|register_NBit:REG_DMemOut|dffg:\G_Register_NBit:0:REGI|s_Q ; sw_fetch_unit:F_UNIT_SW|branch_predictor:BP|btb:BTB_INST|s_targets[12][30]                  ; iCLK         ; iCLK        ; 20.000       ; 0.162      ; 10.362     ;
; 9.789 ; MEMWB_PipelineRegister:MEMWB_REG|register_NBit:REG_Ctrl|dffg:\G_Register_NBit:1:REGI|s_Q    ; sw_fetch_unit:F_UNIT_SW|pc_register:PC_REG|dffg:\GEN_TOP:29:DFF_i|s_Q                       ; iCLK         ; iCLK        ; 20.000       ; -0.047     ; 10.151     ;
; 9.789 ; MEMWB_PipelineRegister:MEMWB_REG|register_NBit:REG_Ctrl|dffg:\G_Register_NBit:1:REGI|s_Q    ; IFID_PipelineRegister:IFID_REG|register_NBit:REG_PC|dffg:\G_Register_NBit:29:REGI|s_Q       ; iCLK         ; iCLK        ; 20.000       ; -0.047     ; 10.151     ;
; 9.789 ; MEMWB_PipelineRegister:MEMWB_REG|register_NBit:REG_Ctrl|dffg:\G_Register_NBit:1:REGI|s_Q    ; IFID_PipelineRegister:IFID_REG|register_NBit:REG_PC|dffg:\G_Register_NBit:31:REGI|s_Q       ; iCLK         ; iCLK        ; 20.000       ; -0.047     ; 10.151     ;
; 9.789 ; MEMWB_PipelineRegister:MEMWB_REG|register_NBit:REG_Ctrl|dffg:\G_Register_NBit:1:REGI|s_Q    ; IFID_PipelineRegister:IFID_REG|register_NBit:REG_PC_Plus4|dffg:\G_Register_NBit:17:REGI|s_Q ; iCLK         ; iCLK        ; 20.000       ; -0.047     ; 10.151     ;
; 9.791 ; MEMWB_PipelineRegister:MEMWB_REG|register_NBit:REG_DMemOut|dffg:\G_Register_NBit:0:REGI|s_Q ; sw_fetch_unit:F_UNIT_SW|branch_predictor:BP|bht:BHT_INST|s_table[4][0]                      ; iCLK         ; iCLK        ; 20.000       ; 0.117      ; 10.313     ;
; 9.795 ; IDEX_PipelineRegister:IDEX_REG|register_NBit:REG_Instr|dffg:\G_Register_NBit:19:REGI|s_Q    ; IFID_PipelineRegister:IFID_REG|register_NBit:REG_Instr|dffg:\G_Register_NBit:11:REGI|s_Q    ; iCLK         ; iCLK        ; 20.000       ; 0.130      ; 10.322     ;
; 9.795 ; IDEX_PipelineRegister:IDEX_REG|register_NBit:REG_Instr|dffg:\G_Register_NBit:19:REGI|s_Q    ; sw_fetch_unit:F_UNIT_SW|branch_predictor:BP|btb:BTB_INST|s_targets[12][30]                  ; iCLK         ; iCLK        ; 20.000       ; 0.157      ; 10.349     ;
; 9.795 ; IDEX_PipelineRegister:IDEX_REG|register_NBit:REG_Instr|dffg:\G_Register_NBit:18:REGI|s_Q    ; IFID_PipelineRegister:IFID_REG|register_NBit:REG_Instr|dffg:\G_Register_NBit:11:REGI|s_Q    ; iCLK         ; iCLK        ; 20.000       ; 0.130      ; 10.322     ;
; 9.795 ; IDEX_PipelineRegister:IDEX_REG|register_NBit:REG_Instr|dffg:\G_Register_NBit:18:REGI|s_Q    ; sw_fetch_unit:F_UNIT_SW|branch_predictor:BP|btb:BTB_INST|s_targets[12][30]                  ; iCLK         ; iCLK        ; 20.000       ; 0.157      ; 10.349     ;
; 9.796 ; IDEX_PipelineRegister:IDEX_REG|register_NBit:REG_Instr|dffg:\G_Register_NBit:19:REGI|s_Q    ; sw_fetch_unit:F_UNIT_SW|branch_predictor:BP|bht:BHT_INST|s_table[4][1]                      ; iCLK         ; iCLK        ; 20.000       ; 0.127      ; 10.318     ;
; 9.796 ; IDEX_PipelineRegister:IDEX_REG|register_NBit:REG_Instr|dffg:\G_Register_NBit:18:REGI|s_Q    ; sw_fetch_unit:F_UNIT_SW|branch_predictor:BP|bht:BHT_INST|s_table[4][1]                      ; iCLK         ; iCLK        ; 20.000       ; 0.127      ; 10.318     ;
; 9.798 ; IDEX_PipelineRegister:IDEX_REG|register_NBit:REG_Instr|dffg:\G_Register_NBit:19:REGI|s_Q    ; IFID_PipelineRegister:IFID_REG|register_NBit:REG_Instr|dffg:\G_Register_NBit:5:REGI|s_Q     ; iCLK         ; iCLK        ; 20.000       ; -0.030     ; 10.159     ;
+-------+---------------------------------------------------------------------------------------------+---------------------------------------------------------------------------------------------+--------------+-------------+--------------+------------+------------+


+---------------------------------------------------------------------------------------------------------------------------------------------------------------------------------------------------------------------------------------------------------------------------------+
; Fast 1200mV 0C Model Hold: 'iCLK'                                                                                                                                                                                                                                               ;
+-------+-------------------------------------------------------------------------------------------------+-------------------------------------------------------------------------------------------------+--------------+-------------+--------------+------------+------------+
; Slack ; From Node                                                                                       ; To Node                                                                                         ; Launch Clock ; Latch Clock ; Relationship ; Clock Skew ; Data Delay ;
+-------+-------------------------------------------------------------------------------------------------+-------------------------------------------------------------------------------------------------+--------------+-------------+--------------+------------+------------+
; 0.172 ; IDEX_PipelineRegister:IDEX_REG|register_NBit:REG_pred_taken|dffg:\G_Register_NBit:0:REGI|s_Q    ; IDEX_PipelineRegister:IDEX_REG|register_NBit:REG_pred_taken|dffg:\G_Register_NBit:0:REGI|s_Q    ; iCLK         ; iCLK        ; 0.000        ; 0.051      ; 0.307      ;
; 0.181 ; sw_fetch_unit:F_UNIT_SW|branch_predictor:BP|btb:BTB_INST|s_valid[15]                            ; sw_fetch_unit:F_UNIT_SW|branch_predictor:BP|btb:BTB_INST|s_valid[15]                            ; iCLK         ; iCLK        ; 0.000        ; 0.042      ; 0.307      ;
; 0.181 ; sw_fetch_unit:F_UNIT_SW|branch_predictor:BP|btb:BTB_INST|s_valid[14]                            ; sw_fetch_unit:F_UNIT_SW|branch_predictor:BP|btb:BTB_INST|s_valid[14]                            ; iCLK         ; iCLK        ; 0.000        ; 0.042      ; 0.307      ;
; 0.181 ; sw_fetch_unit:F_UNIT_SW|branch_predictor:BP|btb:BTB_INST|s_valid[13]                            ; sw_fetch_unit:F_UNIT_SW|branch_predictor:BP|btb:BTB_INST|s_valid[13]                            ; iCLK         ; iCLK        ; 0.000        ; 0.042      ; 0.307      ;
; 0.181 ; sw_fetch_unit:F_UNIT_SW|branch_predictor:BP|btb:BTB_INST|s_valid[12]                            ; sw_fetch_unit:F_UNIT_SW|branch_predictor:BP|btb:BTB_INST|s_valid[12]                            ; iCLK         ; iCLK        ; 0.000        ; 0.042      ; 0.307      ;
; 0.181 ; sw_fetch_unit:F_UNIT_SW|branch_predictor:BP|btb:BTB_INST|s_valid[0]                             ; sw_fetch_unit:F_UNIT_SW|branch_predictor:BP|btb:BTB_INST|s_valid[0]                             ; iCLK         ; iCLK        ; 0.000        ; 0.042      ; 0.307      ;
; 0.181 ; sw_fetch_unit:F_UNIT_SW|branch_predictor:BP|btb:BTB_INST|s_valid[2]                             ; sw_fetch_unit:F_UNIT_SW|branch_predictor:BP|btb:BTB_INST|s_valid[2]                             ; iCLK         ; iCLK        ; 0.000        ; 0.042      ; 0.307      ;
; 0.181 ; sw_fetch_unit:F_UNIT_SW|branch_predictor:BP|btb:BTB_INST|s_valid[3]                             ; sw_fetch_unit:F_UNIT_SW|branch_predictor:BP|btb:BTB_INST|s_valid[3]                             ; iCLK         ; iCLK        ; 0.000        ; 0.042      ; 0.307      ;
; 0.181 ; sw_fetch_unit:F_UNIT_SW|branch_predictor:BP|btb:BTB_INST|s_valid[1]                             ; sw_fetch_unit:F_UNIT_SW|branch_predictor:BP|btb:BTB_INST|s_valid[1]                             ; iCLK         ; iCLK        ; 0.000        ; 0.042      ; 0.307      ;
; 0.181 ; sw_fetch_unit:F_UNIT_SW|branch_predictor:BP|btb:BTB_INST|s_valid[10]                            ; sw_fetch_unit:F_UNIT_SW|branch_predictor:BP|btb:BTB_INST|s_valid[10]                            ; iCLK         ; iCLK        ; 0.000        ; 0.042      ; 0.307      ;
; 0.181 ; sw_fetch_unit:F_UNIT_SW|branch_predictor:BP|btb:BTB_INST|s_valid[11]                            ; sw_fetch_unit:F_UNIT_SW|branch_predictor:BP|btb:BTB_INST|s_valid[11]                            ; iCLK         ; iCLK        ; 0.000        ; 0.042      ; 0.307      ;
; 0.181 ; sw_fetch_unit:F_UNIT_SW|branch_predictor:BP|btb:BTB_INST|s_valid[8]                             ; sw_fetch_unit:F_UNIT_SW|branch_predictor:BP|btb:BTB_INST|s_valid[8]                             ; iCLK         ; iCLK        ; 0.000        ; 0.042      ; 0.307      ;
; 0.181 ; sw_fetch_unit:F_UNIT_SW|branch_predictor:BP|btb:BTB_INST|s_valid[9]                             ; sw_fetch_unit:F_UNIT_SW|branch_predictor:BP|btb:BTB_INST|s_valid[9]                             ; iCLK         ; iCLK        ; 0.000        ; 0.042      ; 0.307      ;
; 0.181 ; sw_fetch_unit:F_UNIT_SW|branch_predictor:BP|btb:BTB_INST|s_valid[4]                             ; sw_fetch_unit:F_UNIT_SW|branch_predictor:BP|btb:BTB_INST|s_valid[4]                             ; iCLK         ; iCLK        ; 0.000        ; 0.042      ; 0.307      ;
; 0.181 ; sw_fetch_unit:F_UNIT_SW|branch_predictor:BP|btb:BTB_INST|s_valid[6]                             ; sw_fetch_unit:F_UNIT_SW|branch_predictor:BP|btb:BTB_INST|s_valid[6]                             ; iCLK         ; iCLK        ; 0.000        ; 0.042      ; 0.307      ;
; 0.181 ; sw_fetch_unit:F_UNIT_SW|branch_predictor:BP|btb:BTB_INST|s_valid[7]                             ; sw_fetch_unit:F_UNIT_SW|branch_predictor:BP|btb:BTB_INST|s_valid[7]                             ; iCLK         ; iCLK        ; 0.000        ; 0.042      ; 0.307      ;
; 0.181 ; sw_fetch_unit:F_UNIT_SW|branch_predictor:BP|btb:BTB_INST|s_valid[5]                             ; sw_fetch_unit:F_UNIT_SW|branch_predictor:BP|btb:BTB_INST|s_valid[5]                             ; iCLK         ; iCLK        ; 0.000        ; 0.042      ; 0.307      ;
; 0.193 ; IDEX_PipelineRegister:IDEX_REG|register_NBit:REG_PC_Plus4|dffg:\G_Register_NBit:19:REGI|s_Q     ; EXMEM_PipelineRegister:EXMEM_REG|register_NBit:REG_PC_Plus4|dffg:\G_Register_NBit:19:REGI|s_Q   ; iCLK         ; iCLK        ; 0.000        ; 0.042      ; 0.319      ;
; 0.198 ; IDEX_PipelineRegister:IDEX_REG|register_NBit:REG_PC_Plus4|dffg:\G_Register_NBit:20:REGI|s_Q     ; EXMEM_PipelineRegister:EXMEM_REG|register_NBit:REG_PC_Plus4|dffg:\G_Register_NBit:20:REGI|s_Q   ; iCLK         ; iCLK        ; 0.000        ; 0.043      ; 0.325      ;
; 0.199 ; IDEX_PipelineRegister:IDEX_REG|register_NBit:REG_PC_Plus4|dffg:\G_Register_NBit:4:REGI|s_Q      ; EXMEM_PipelineRegister:EXMEM_REG|register_NBit:REG_PC_Plus4|dffg:\G_Register_NBit:4:REGI|s_Q    ; iCLK         ; iCLK        ; 0.000        ; 0.042      ; 0.325      ;
; 0.207 ; sw_fetch_unit:F_UNIT_SW|pc_register:PC_REG|dffg:\GEN_TOP:29:DFF_i|s_Q                           ; IFID_PipelineRegister:IFID_REG|register_NBit:REG_PC|dffg:\G_Register_NBit:29:REGI|s_Q           ; iCLK         ; iCLK        ; 0.000        ; 0.041      ; 0.332      ;
; 0.260 ; IDEX_PipelineRegister:IDEX_REG|register_NBit:REG_pred_taken|dffg:\G_Register_NBit:0:REGI|s_Q    ; IDEX_PipelineRegister:IDEX_REG|register_NBit:REG_PC_Plus4|dffg:\G_Register_NBit:7:REGI|s_Q      ; iCLK         ; iCLK        ; 0.000        ; 0.051      ; 0.395      ;
; 0.261 ; IDEX_PipelineRegister:IDEX_REG|register_NBit:REG_pred_taken|dffg:\G_Register_NBit:0:REGI|s_Q    ; IDEX_PipelineRegister:IDEX_REG|register_NBit:REG_Instr|dffg:\G_Register_NBit:7:REGI|s_Q         ; iCLK         ; iCLK        ; 0.000        ; 0.051      ; 0.396      ;
; 0.273 ; EXMEM_PipelineRegister:EXMEM_REG|register_NBit:REG_rd|dffg:\G_Register_NBit:0:REGI|s_Q          ; MEMWB_PipelineRegister:MEMWB_REG|register_NBit:REG_rd|dffg:\G_Register_NBit:0:REGI|s_Q          ; iCLK         ; iCLK        ; 0.000        ; 0.041      ; 0.398      ;
; 0.279 ; EXMEM_PipelineRegister:EXMEM_REG|register_NBit:REG_rd|dffg:\G_Register_NBit:2:REGI|s_Q          ; MEMWB_PipelineRegister:MEMWB_REG|register_NBit:REG_rd|dffg:\G_Register_NBit:2:REGI|s_Q          ; iCLK         ; iCLK        ; 0.000        ; 0.041      ; 0.404      ;
; 0.279 ; EXMEM_PipelineRegister:EXMEM_REG|register_NBit:REG_rd|dffg:\G_Register_NBit:4:REGI|s_Q          ; MEMWB_PipelineRegister:MEMWB_REG|register_NBit:REG_rd|dffg:\G_Register_NBit:4:REGI|s_Q          ; iCLK         ; iCLK        ; 0.000        ; 0.041      ; 0.404      ;
; 0.289 ; IDEX_PipelineRegister:IDEX_REG|register_NBit:REG_PC_Plus4|dffg:\G_Register_NBit:17:REGI|s_Q     ; sw_fetch_unit:F_UNIT_SW|pc_register:PC_REG|dffg:\GEN_BOTTOM:17:DFF_i|s_Q                        ; iCLK         ; iCLK        ; 0.000        ; 0.227      ; 0.600      ;
; 0.299 ; sw_fetch_unit:F_UNIT_SW|pc_register:PC_REG|dffg:\GEN_TOP:23:DFF_i|s_Q                           ; IFID_PipelineRegister:IFID_REG|register_NBit:REG_PC|dffg:\G_Register_NBit:23:REGI|s_Q           ; iCLK         ; iCLK        ; 0.000        ; 0.050      ; 0.433      ;
; 0.302 ; sw_fetch_unit:F_UNIT_SW|pc_register:PC_REG|dffg:\GEN_BOTTOM:19:DFF_i|s_Q                        ; IFID_PipelineRegister:IFID_REG|register_NBit:REG_PC|dffg:\G_Register_NBit:19:REGI|s_Q           ; iCLK         ; iCLK        ; 0.000        ; 0.042      ; 0.428      ;
; 0.306 ; sw_fetch_unit:F_UNIT_SW|pc_register:PC_REG|dffg:\GEN_BOTTOM:15:DFF_i|s_Q                        ; IFID_PipelineRegister:IFID_REG|register_NBit:REG_PC|dffg:\G_Register_NBit:15:REGI|s_Q           ; iCLK         ; iCLK        ; 0.000        ; 0.043      ; 0.433      ;
; 0.307 ; IDEX_PipelineRegister:IDEX_REG|register_NBit:REG_PC_Plus4|dffg:\G_Register_NBit:17:REGI|s_Q     ; EXMEM_PipelineRegister:EXMEM_REG|register_NBit:REG_PC_Plus4|dffg:\G_Register_NBit:17:REGI|s_Q   ; iCLK         ; iCLK        ; 0.000        ; 0.249      ; 0.640      ;
; 0.316 ; sw_fetch_unit:F_UNIT_SW|pc_register:PC_REG|dffg:\GEN_TOP:25:DFF_i|s_Q                           ; IFID_PipelineRegister:IFID_REG|register_NBit:REG_PC|dffg:\G_Register_NBit:25:REGI|s_Q           ; iCLK         ; iCLK        ; 0.000        ; 0.050      ; 0.450      ;
; 0.323 ; sw_fetch_unit:F_UNIT_SW|pc_register:PC_REG|dffg:\GEN_BOTTOM:21:DFF_i|s_Q                        ; IFID_PipelineRegister:IFID_REG|register_NBit:REG_PC|dffg:\G_Register_NBit:21:REGI|s_Q           ; iCLK         ; iCLK        ; 0.000        ; 0.051      ; 0.458      ;
; 0.343 ; EXMEM_PipelineRegister:EXMEM_REG|register_NBit:REG_PC_Plus4|dffg:\G_Register_NBit:9:REGI|s_Q    ; MEMWB_PipelineRegister:MEMWB_REG|register_NBit:REG_PC_Plus4|dffg:\G_Register_NBit:9:REGI|s_Q    ; iCLK         ; iCLK        ; 0.000        ; 0.043      ; 0.470      ;
; 0.349 ; MEMWB_PipelineRegister:MEMWB_REG|register_NBit:REG_ALU_Result|dffg:\G_Register_NBit:2:REGI|s_Q  ; IDEX_PipelineRegister:IDEX_REG|register_NBit:REG_rs2|dffg:\G_Register_NBit:2:REGI|s_Q           ; iCLK         ; iCLK        ; 0.000        ; 0.049      ; 0.482      ;
; 0.365 ; IDEX_PipelineRegister:IDEX_REG|register_NBit:REG_PC_Plus4|dffg:\G_Register_NBit:27:REGI|s_Q     ; EXMEM_PipelineRegister:EXMEM_REG|register_NBit:REG_PC_Plus4|dffg:\G_Register_NBit:27:REGI|s_Q   ; iCLK         ; iCLK        ; 0.000        ; 0.032      ; 0.481      ;
; 0.375 ; IFID_PipelineRegister:IFID_REG|register_NBit:REG_PC_Plus4|dffg:\G_Register_NBit:21:REGI|s_Q     ; IDEX_PipelineRegister:IDEX_REG|register_NBit:REG_PC_Plus4|dffg:\G_Register_NBit:21:REGI|s_Q     ; iCLK         ; iCLK        ; 0.000        ; 0.255      ; 0.714      ;
; 0.378 ; IDEX_PipelineRegister:IDEX_REG|register_NBit:REG_PC_Plus4|dffg:\G_Register_NBit:9:REGI|s_Q      ; EXMEM_PipelineRegister:EXMEM_REG|register_NBit:REG_PC_Plus4|dffg:\G_Register_NBit:9:REGI|s_Q    ; iCLK         ; iCLK        ; 0.000        ; -0.137     ; 0.325      ;
; 0.382 ; IDEX_PipelineRegister:IDEX_REG|register_NBit:REG_rs2|dffg:\G_Register_NBit:7:REGI|s_Q           ; EXMEM_PipelineRegister:EXMEM_REG|register_NBit:REG_rs2|dffg:\G_Register_NBit:7:REGI|s_Q         ; iCLK         ; iCLK        ; 0.000        ; -0.153     ; 0.313      ;
; 0.395 ; IDEX_PipelineRegister:IDEX_REG|register_NBit:REG_Instr|dffg:\G_Register_NBit:13:REGI|s_Q        ; EXMEM_PipelineRegister:EXMEM_REG|register_NBit:REG_Instr|dffg:\G_Register_NBit:13:REGI|s_Q      ; iCLK         ; iCLK        ; 0.000        ; -0.153     ; 0.326      ;
; 0.396 ; IDEX_PipelineRegister:IDEX_REG|register_NBit:REG_Instr|dffg:\G_Register_NBit:14:REGI|s_Q        ; EXMEM_PipelineRegister:EXMEM_REG|register_NBit:REG_Instr|dffg:\G_Register_NBit:14:REGI|s_Q      ; iCLK         ; iCLK        ; 0.000        ; -0.153     ; 0.327      ;
; 0.397 ; IFID_PipelineRegister:IFID_REG|register_NBit:REG_PC_Plus4|dffg:\G_Register_NBit:15:REGI|s_Q     ; IDEX_PipelineRegister:IDEX_REG|register_NBit:REG_PC_Plus4|dffg:\G_Register_NBit:15:REGI|s_Q     ; iCLK         ; iCLK        ; 0.000        ; 0.043      ; 0.524      ;
; 0.400 ; MEMWB_PipelineRegister:MEMWB_REG|register_NBit:REG_ALU_Result|dffg:\G_Register_NBit:15:REGI|s_Q ; IDEX_PipelineRegister:IDEX_REG|register_NBit:REG_rs2|dffg:\G_Register_NBit:15:REGI|s_Q          ; iCLK         ; iCLK        ; 0.000        ; 0.051      ; 0.535      ;
; 0.404 ; IDEX_PipelineRegister:IDEX_REG|register_NBit:REG_PC_Plus4|dffg:\G_Register_NBit:24:REGI|s_Q     ; EXMEM_PipelineRegister:EXMEM_REG|register_NBit:REG_PC_Plus4|dffg:\G_Register_NBit:24:REGI|s_Q   ; iCLK         ; iCLK        ; 0.000        ; -0.162     ; 0.326      ;
; 0.407 ; IFID_PipelineRegister:IFID_REG|register_NBit:REG_PC_Plus4|dffg:\G_Register_NBit:23:REGI|s_Q     ; IDEX_PipelineRegister:IDEX_REG|register_NBit:REG_PC_Plus4|dffg:\G_Register_NBit:23:REGI|s_Q     ; iCLK         ; iCLK        ; 0.000        ; 0.035      ; 0.526      ;
; 0.408 ; MEMWB_PipelineRegister:MEMWB_REG|register_NBit:REG_ALU_Result|dffg:\G_Register_NBit:18:REGI|s_Q ; IDEX_PipelineRegister:IDEX_REG|register_NBit:REG_rs2|dffg:\G_Register_NBit:18:REGI|s_Q          ; iCLK         ; iCLK        ; 0.000        ; 0.042      ; 0.534      ;
; 0.410 ; IDEX_PipelineRegister:IDEX_REG|register_NBit:REG_PC_Plus4|dffg:\G_Register_NBit:15:REGI|s_Q     ; EXMEM_PipelineRegister:EXMEM_REG|register_NBit:REG_PC_Plus4|dffg:\G_Register_NBit:15:REGI|s_Q   ; iCLK         ; iCLK        ; 0.000        ; 0.047      ; 0.541      ;
; 0.427 ; IFID_PipelineRegister:IFID_REG|register_NBit:REG_PC_Plus4|dffg:\G_Register_NBit:18:REGI|s_Q     ; IDEX_PipelineRegister:IDEX_REG|register_NBit:REG_PC_Plus4|dffg:\G_Register_NBit:18:REGI|s_Q     ; iCLK         ; iCLK        ; 0.000        ; 0.241      ; 0.752      ;
; 0.429 ; MEMWB_PipelineRegister:MEMWB_REG|register_NBit:REG_ALU_Result|dffg:\G_Register_NBit:30:REGI|s_Q ; IDEX_PipelineRegister:IDEX_REG|register_NBit:REG_rs1|dffg:\G_Register_NBit:30:REGI|s_Q          ; iCLK         ; iCLK        ; 0.000        ; 0.043      ; 0.556      ;
; 0.431 ; IDEX_PipelineRegister:IDEX_REG|register_NBit:REG_PC_Plus4|dffg:\G_Register_NBit:23:REGI|s_Q     ; sw_fetch_unit:F_UNIT_SW|pc_register:PC_REG|dffg:\GEN_TOP:23:DFF_i|s_Q                           ; iCLK         ; iCLK        ; 0.000        ; 0.064      ; 0.579      ;
; 0.431 ; EXMEM_PipelineRegister:EXMEM_REG|register_NBit:REG_ALU_Result|dffg:\G_Register_NBit:25:REGI|s_Q ; MEMWB_PipelineRegister:MEMWB_REG|register_NBit:REG_ALU_Result|dffg:\G_Register_NBit:25:REGI|s_Q ; iCLK         ; iCLK        ; 0.000        ; 0.049      ; 0.564      ;
; 0.441 ; IFID_PipelineRegister:IFID_REG|register_NBit:REG_PC_Plus4|dffg:\G_Register_NBit:3:REGI|s_Q      ; IDEX_PipelineRegister:IDEX_REG|register_NBit:REG_PC_Plus4|dffg:\G_Register_NBit:3:REGI|s_Q      ; iCLK         ; iCLK        ; 0.000        ; 0.042      ; 0.567      ;
; 0.442 ; IDEX_PipelineRegister:IDEX_REG|register_NBit:REG_rs2|dffg:\G_Register_NBit:11:REGI|s_Q          ; EXMEM_PipelineRegister:EXMEM_REG|register_NBit:REG_rs2|dffg:\G_Register_NBit:11:REGI|s_Q        ; iCLK         ; iCLK        ; 0.000        ; -0.153     ; 0.373      ;
; 0.443 ; IDEX_PipelineRegister:IDEX_REG|register_NBit:REG_PC_Plus4|dffg:\G_Register_NBit:12:REGI|s_Q     ; sw_fetch_unit:F_UNIT_SW|pc_register:PC_REG|dffg:\GEN_BOTTOM:12:DFF_i|s_Q                        ; iCLK         ; iCLK        ; 0.000        ; 0.256      ; 0.783      ;
; 0.443 ; IDEX_PipelineRegister:IDEX_REG|register_NBit:REG_rs2|dffg:\G_Register_NBit:31:REGI|s_Q          ; EXMEM_PipelineRegister:EXMEM_REG|register_NBit:REG_rs2|dffg:\G_Register_NBit:31:REGI|s_Q        ; iCLK         ; iCLK        ; 0.000        ; -0.153     ; 0.374      ;
; 0.444 ; IFID_PipelineRegister:IFID_REG|register_NBit:REG_PC_Plus4|dffg:\G_Register_NBit:4:REGI|s_Q      ; IDEX_PipelineRegister:IDEX_REG|register_NBit:REG_PC_Plus4|dffg:\G_Register_NBit:4:REGI|s_Q      ; iCLK         ; iCLK        ; 0.000        ; 0.042      ; 0.570      ;
; 0.451 ; IDEX_PipelineRegister:IDEX_REG|register_NBit:REG_PC_Plus4|dffg:\G_Register_NBit:28:REGI|s_Q     ; EXMEM_PipelineRegister:EXMEM_REG|register_NBit:REG_PC_Plus4|dffg:\G_Register_NBit:28:REGI|s_Q   ; iCLK         ; iCLK        ; 0.000        ; 0.042      ; 0.577      ;
; 0.455 ; EXMEM_PipelineRegister:EXMEM_REG|register_NBit:REG_ALU_Result|dffg:\G_Register_NBit:13:REGI|s_Q ; MEMWB_PipelineRegister:MEMWB_REG|register_NBit:REG_ALU_Result|dffg:\G_Register_NBit:13:REGI|s_Q ; iCLK         ; iCLK        ; 0.000        ; 0.044      ; 0.583      ;
; 0.456 ; EXMEM_PipelineRegister:EXMEM_REG|register_NBit:REG_PC_Plus4|dffg:\G_Register_NBit:0:REGI|s_Q    ; MEMWB_PipelineRegister:MEMWB_REG|register_NBit:REG_PC_Plus4|dffg:\G_Register_NBit:0:REGI|s_Q    ; iCLK         ; iCLK        ; 0.000        ; -0.153     ; 0.387      ;
; 0.456 ; EXMEM_PipelineRegister:EXMEM_REG|register_NBit:REG_PC_Plus4|dffg:\G_Register_NBit:1:REGI|s_Q    ; MEMWB_PipelineRegister:MEMWB_REG|register_NBit:REG_PC_Plus4|dffg:\G_Register_NBit:1:REGI|s_Q    ; iCLK         ; iCLK        ; 0.000        ; -0.153     ; 0.387      ;
; 0.458 ; EXMEM_PipelineRegister:EXMEM_REG|register_NBit:REG_PC_Plus4|dffg:\G_Register_NBit:17:REGI|s_Q   ; MEMWB_PipelineRegister:MEMWB_REG|register_NBit:REG_PC_Plus4|dffg:\G_Register_NBit:17:REGI|s_Q   ; iCLK         ; iCLK        ; 0.000        ; -0.153     ; 0.389      ;
; 0.459 ; EXMEM_PipelineRegister:EXMEM_REG|register_NBit:REG_rd|dffg:\G_Register_NBit:1:REGI|s_Q          ; MEMWB_PipelineRegister:MEMWB_REG|register_NBit:REG_rd|dffg:\G_Register_NBit:1:REGI|s_Q          ; iCLK         ; iCLK        ; 0.000        ; 0.043      ; 0.586      ;
; 0.462 ; EXMEM_PipelineRegister:EXMEM_REG|register_NBit:REG_ALU_Result|dffg:\G_Register_NBit:14:REGI|s_Q ; MEMWB_PipelineRegister:MEMWB_REG|register_NBit:REG_ALU_Result|dffg:\G_Register_NBit:14:REGI|s_Q ; iCLK         ; iCLK        ; 0.000        ; 0.047      ; 0.593      ;
; 0.462 ; IDEX_PipelineRegister:IDEX_REG|register_NBit:REG_rs2|dffg:\G_Register_NBit:3:REGI|s_Q           ; EXMEM_PipelineRegister:EXMEM_REG|register_NBit:REG_rs2|dffg:\G_Register_NBit:3:REGI|s_Q         ; iCLK         ; iCLK        ; 0.000        ; 0.041      ; 0.587      ;
; 0.463 ; IDEX_PipelineRegister:IDEX_REG|register_NBit:REG_PC_Plus4|dffg:\G_Register_NBit:23:REGI|s_Q     ; EXMEM_PipelineRegister:EXMEM_REG|register_NBit:REG_PC_Plus4|dffg:\G_Register_NBit:23:REGI|s_Q   ; iCLK         ; iCLK        ; 0.000        ; -0.146     ; 0.401      ;
; 0.465 ; sw_fetch_unit:F_UNIT_SW|pc_register:PC_REG|dffg:\GEN_TOP:27:DFF_i|s_Q                           ; IFID_PipelineRegister:IFID_REG|register_NBit:REG_PC_Plus4|dffg:\G_Register_NBit:27:REGI|s_Q     ; iCLK         ; iCLK        ; 0.000        ; 0.042      ; 0.591      ;
; 0.466 ; EXMEM_PipelineRegister:EXMEM_REG|register_NBit:REG_PC_Plus4|dffg:\G_Register_NBit:5:REGI|s_Q    ; MEMWB_PipelineRegister:MEMWB_REG|register_NBit:REG_PC_Plus4|dffg:\G_Register_NBit:5:REGI|s_Q    ; iCLK         ; iCLK        ; 0.000        ; -0.163     ; 0.387      ;
; 0.466 ; EXMEM_PipelineRegister:EXMEM_REG|register_NBit:REG_PC_Plus4|dffg:\G_Register_NBit:3:REGI|s_Q    ; MEMWB_PipelineRegister:MEMWB_REG|register_NBit:REG_PC_Plus4|dffg:\G_Register_NBit:3:REGI|s_Q    ; iCLK         ; iCLK        ; 0.000        ; 0.043      ; 0.593      ;
; 0.471 ; MEMWB_PipelineRegister:MEMWB_REG|register_NBit:REG_ALU_Result|dffg:\G_Register_NBit:31:REGI|s_Q ; IDEX_PipelineRegister:IDEX_REG|register_NBit:REG_rs2|dffg:\G_Register_NBit:31:REGI|s_Q          ; iCLK         ; iCLK        ; 0.000        ; 0.049      ; 0.604      ;
; 0.473 ; EXMEM_PipelineRegister:EXMEM_REG|register_NBit:REG_ALU_Result|dffg:\G_Register_NBit:17:REGI|s_Q ; MEMWB_PipelineRegister:MEMWB_REG|register_NBit:REG_ALU_Result|dffg:\G_Register_NBit:17:REGI|s_Q ; iCLK         ; iCLK        ; 0.000        ; -0.153     ; 0.404      ;
; 0.474 ; IDEX_PipelineRegister:IDEX_REG|register_NBit:REG_PC_Plus4|dffg:\G_Register_NBit:15:REGI|s_Q     ; sw_fetch_unit:F_UNIT_SW|pc_register:PC_REG|dffg:\GEN_BOTTOM:15:DFF_i|s_Q                        ; iCLK         ; iCLK        ; 0.000        ; 0.043      ; 0.601      ;
; 0.475 ; IDEX_PipelineRegister:IDEX_REG|register_NBit:REG_PC_Plus4|dffg:\G_Register_NBit:27:REGI|s_Q     ; sw_fetch_unit:F_UNIT_SW|pc_register:PC_REG|dffg:\GEN_TOP:27:DFF_i|s_Q                           ; iCLK         ; iCLK        ; 0.000        ; 0.042      ; 0.601      ;
; 0.476 ; IFID_PipelineRegister:IFID_REG|register_NBit:REG_PC|dffg:\G_Register_NBit:29:REGI|s_Q           ; IDEX_PipelineRegister:IDEX_REG|register_NBit:REG_PC|dffg:\G_Register_NBit:29:REGI|s_Q           ; iCLK         ; iCLK        ; 0.000        ; 0.043      ; 0.603      ;
; 0.478 ; EXMEM_PipelineRegister:EXMEM_REG|register_NBit:REG_ALU_Result|dffg:\G_Register_NBit:16:REGI|s_Q ; MEMWB_PipelineRegister:MEMWB_REG|register_NBit:REG_ALU_Result|dffg:\G_Register_NBit:16:REGI|s_Q ; iCLK         ; iCLK        ; 0.000        ; -0.164     ; 0.398      ;
; 0.478 ; IDEX_PipelineRegister:IDEX_REG|register_NBit:REG_PC_Plus4|dffg:\G_Register_NBit:10:REGI|s_Q     ; EXMEM_PipelineRegister:EXMEM_REG|register_NBit:REG_PC_Plus4|dffg:\G_Register_NBit:10:REGI|s_Q   ; iCLK         ; iCLK        ; 0.000        ; -0.163     ; 0.399      ;
; 0.480 ; EXMEM_PipelineRegister:EXMEM_REG|register_NBit:REG_ALU_Result|dffg:\G_Register_NBit:26:REGI|s_Q ; MEMWB_PipelineRegister:MEMWB_REG|register_NBit:REG_ALU_Result|dffg:\G_Register_NBit:26:REGI|s_Q ; iCLK         ; iCLK        ; 0.000        ; -0.165     ; 0.399      ;
; 0.480 ; EXMEM_PipelineRegister:EXMEM_REG|register_NBit:REG_ALU_Result|dffg:\G_Register_NBit:18:REGI|s_Q ; MEMWB_PipelineRegister:MEMWB_REG|register_NBit:REG_ALU_Result|dffg:\G_Register_NBit:18:REGI|s_Q ; iCLK         ; iCLK        ; 0.000        ; -0.163     ; 0.401      ;
; 0.481 ; EXMEM_PipelineRegister:EXMEM_REG|register_NBit:REG_ALU_Result|dffg:\G_Register_NBit:23:REGI|s_Q ; MEMWB_PipelineRegister:MEMWB_REG|register_NBit:REG_ALU_Result|dffg:\G_Register_NBit:23:REGI|s_Q ; iCLK         ; iCLK        ; 0.000        ; -0.165     ; 0.400      ;
; 0.481 ; EXMEM_PipelineRegister:EXMEM_REG|register_NBit:REG_ALU_Result|dffg:\G_Register_NBit:22:REGI|s_Q ; MEMWB_PipelineRegister:MEMWB_REG|register_NBit:REG_ALU_Result|dffg:\G_Register_NBit:22:REGI|s_Q ; iCLK         ; iCLK        ; 0.000        ; -0.163     ; 0.402      ;
; 0.482 ; sw_fetch_unit:F_UNIT_SW|pc_register:PC_REG|dffg:DFF_22|s_Q                                      ; IFID_PipelineRegister:IFID_REG|register_NBit:REG_PC|dffg:\G_Register_NBit:22:REGI|s_Q           ; iCLK         ; iCLK        ; 0.000        ; 0.037      ; 0.603      ;
; 0.488 ; IDEX_PipelineRegister:IDEX_REG|register_NBit:REG_rs2|dffg:\G_Register_NBit:4:REGI|s_Q           ; EXMEM_PipelineRegister:EXMEM_REG|register_NBit:REG_rs2|dffg:\G_Register_NBit:4:REGI|s_Q         ; iCLK         ; iCLK        ; 0.000        ; -0.153     ; 0.419      ;
; 0.496 ; EXMEM_PipelineRegister:EXMEM_REG|register_NBit:REG_PC_Plus4|dffg:\G_Register_NBit:18:REGI|s_Q   ; MEMWB_PipelineRegister:MEMWB_REG|register_NBit:REG_PC_Plus4|dffg:\G_Register_NBit:18:REGI|s_Q   ; iCLK         ; iCLK        ; 0.000        ; 0.269      ; 0.849      ;
; 0.498 ; IDEX_PipelineRegister:IDEX_REG|register_NBit:REG_rs2|dffg:\G_Register_NBit:15:REGI|s_Q          ; EXMEM_PipelineRegister:EXMEM_REG|register_NBit:REG_rs2|dffg:\G_Register_NBit:15:REGI|s_Q        ; iCLK         ; iCLK        ; 0.000        ; -0.163     ; 0.419      ;
; 0.500 ; IFID_PipelineRegister:IFID_REG|register_NBit:REG_PC_Plus4|dffg:\G_Register_NBit:27:REGI|s_Q     ; IDEX_PipelineRegister:IDEX_REG|register_NBit:REG_PC_Plus4|dffg:\G_Register_NBit:27:REGI|s_Q     ; iCLK         ; iCLK        ; 0.000        ; 0.042      ; 0.626      ;
; 0.500 ; IFID_PipelineRegister:IFID_REG|register_NBit:REG_PC_Plus4|dffg:\G_Register_NBit:19:REGI|s_Q     ; IDEX_PipelineRegister:IDEX_REG|register_NBit:REG_PC_Plus4|dffg:\G_Register_NBit:19:REGI|s_Q     ; iCLK         ; iCLK        ; 0.000        ; 0.042      ; 0.626      ;
; 0.500 ; MEMWB_PipelineRegister:MEMWB_REG|register_NBit:REG_PC_Plus4|dffg:\G_Register_NBit:2:REGI|s_Q    ; IDEX_PipelineRegister:IDEX_REG|register_NBit:REG_rs2|dffg:\G_Register_NBit:2:REGI|s_Q           ; iCLK         ; iCLK        ; 0.000        ; 0.049      ; 0.633      ;
; 0.503 ; sw_fetch_unit:F_UNIT_SW|pc_register:PC_REG|dffg:\GEN_BOTTOM:19:DFF_i|s_Q                        ; IFID_PipelineRegister:IFID_REG|register_NBit:REG_PC_Plus4|dffg:\G_Register_NBit:20:REGI|s_Q     ; iCLK         ; iCLK        ; 0.000        ; 0.278      ; 0.865      ;
; 0.506 ; IDEX_PipelineRegister:IDEX_REG|register_NBit:REG_PC_Plus4|dffg:\G_Register_NBit:20:REGI|s_Q     ; sw_fetch_unit:F_UNIT_SW|pc_register:PC_REG|dffg:\GEN_BOTTOM:20:DFF_i|s_Q                        ; iCLK         ; iCLK        ; 0.000        ; 0.257      ; 0.847      ;
; 0.506 ; MEMWB_PipelineRegister:MEMWB_REG|register_NBit:REG_PC_Plus4|dffg:\G_Register_NBit:3:REGI|s_Q    ; IDEX_PipelineRegister:IDEX_REG|register_NBit:REG_rs2|dffg:\G_Register_NBit:3:REGI|s_Q           ; iCLK         ; iCLK        ; 0.000        ; 0.041      ; 0.631      ;
; 0.509 ; IFID_PipelineRegister:IFID_REG|register_NBit:REG_PC_Plus4|dffg:\G_Register_NBit:28:REGI|s_Q     ; IDEX_PipelineRegister:IDEX_REG|register_NBit:REG_PC_Plus4|dffg:\G_Register_NBit:28:REGI|s_Q     ; iCLK         ; iCLK        ; 0.000        ; 0.042      ; 0.635      ;
; 0.511 ; sw_fetch_unit:F_UNIT_SW|pc_register:PC_REG|dffg:\GEN_TOP:26:DFF_i|s_Q                           ; IFID_PipelineRegister:IFID_REG|register_NBit:REG_PC_Plus4|dffg:\G_Register_NBit:26:REGI|s_Q     ; iCLK         ; iCLK        ; 0.000        ; 0.050      ; 0.645      ;
; 0.511 ; IFID_PipelineRegister:IFID_REG|register_NBit:REG_PC|dffg:\G_Register_NBit:31:REGI|s_Q           ; IDEX_PipelineRegister:IDEX_REG|register_NBit:REG_PC|dffg:\G_Register_NBit:31:REGI|s_Q           ; iCLK         ; iCLK        ; 0.000        ; 0.041      ; 0.636      ;
; 0.512 ; IDEX_PipelineRegister:IDEX_REG|register_NBit:REG_rs2|dffg:\G_Register_NBit:2:REGI|s_Q           ; EXMEM_PipelineRegister:EXMEM_REG|register_NBit:REG_rs2|dffg:\G_Register_NBit:2:REGI|s_Q         ; iCLK         ; iCLK        ; 0.000        ; -0.153     ; 0.443      ;
; 0.514 ; IDEX_PipelineRegister:IDEX_REG|register_NBit:REG_rs2|dffg:\G_Register_NBit:13:REGI|s_Q          ; EXMEM_PipelineRegister:EXMEM_REG|register_NBit:REG_rs2|dffg:\G_Register_NBit:13:REGI|s_Q        ; iCLK         ; iCLK        ; 0.000        ; -0.153     ; 0.445      ;
; 0.521 ; IDEX_PipelineRegister:IDEX_REG|register_NBit:REG_rs2|dffg:\G_Register_NBit:12:REGI|s_Q          ; EXMEM_PipelineRegister:EXMEM_REG|register_NBit:REG_rs2|dffg:\G_Register_NBit:12:REGI|s_Q        ; iCLK         ; iCLK        ; 0.000        ; 0.041      ; 0.646      ;
; 0.521 ; EXMEM_PipelineRegister:EXMEM_REG|register_NBit:REG_PC_Plus4|dffg:\G_Register_NBit:12:REGI|s_Q   ; MEMWB_PipelineRegister:MEMWB_REG|register_NBit:REG_PC_Plus4|dffg:\G_Register_NBit:12:REGI|s_Q   ; iCLK         ; iCLK        ; 0.000        ; -0.135     ; 0.470      ;
; 0.522 ; IDEX_PipelineRegister:IDEX_REG|register_NBit:REG_pred_taken|dffg:\G_Register_NBit:0:REGI|s_Q    ; IFID_PipelineRegister:IFID_REG|register_NBit:REG_pred_taken|dffg:\G_Register_NBit:0:REGI|s_Q    ; iCLK         ; iCLK        ; 0.000        ; 0.036      ; 0.642      ;
; 0.525 ; IFID_PipelineRegister:IFID_REG|register_NBit:REG_pred_taken|dffg:\G_Register_NBit:0:REGI|s_Q    ; IDEX_PipelineRegister:IDEX_REG|register_NBit:REG_pred_taken|dffg:\G_Register_NBit:0:REGI|s_Q    ; iCLK         ; iCLK        ; 0.000        ; 0.065      ; 0.674      ;
; 0.526 ; sw_fetch_unit:F_UNIT_SW|pc_register:PC_REG|dffg:\GEN_BOTTOM:13:DFF_i|s_Q                        ; IFID_PipelineRegister:IFID_REG|register_NBit:REG_PC|dffg:\G_Register_NBit:13:REGI|s_Q           ; iCLK         ; iCLK        ; 0.000        ; -0.163     ; 0.447      ;
; 0.530 ; EXMEM_PipelineRegister:EXMEM_REG|register_NBit:REG_rs2|dffg:\G_Register_NBit:13:REGI|s_Q        ; mem:DMem|ram~27544                                                                              ; iCLK         ; iCLK        ; 0.000        ; 0.027      ; 0.641      ;
+-------+-------------------------------------------------------------------------------------------------+-------------------------------------------------------------------------------------------------+--------------+-------------+--------------+------------+------------+


----------------------------------------------
; Fast 1200mV 0C Model Metastability Summary ;
----------------------------------------------
No synchronizer chains to report.


+-------------------------------------------------------------------------------+
; Multicorner Timing Analysis Summary                                           ;
+------------------+---------+-------+----------+---------+---------------------+
; Clock            ; Setup   ; Hold  ; Recovery ; Removal ; Minimum Pulse Width ;
+------------------+---------+-------+----------+---------+---------------------+
; Worst-case Slack ; -1.071  ; 0.172 ; N/A      ; N/A     ; 9.407               ;
;  iCLK            ; -1.071  ; 0.172 ; N/A      ; N/A     ; 9.407               ;
; Design-wide TNS  ; -58.037 ; 0.0   ; 0.0      ; 0.0     ; 0.0                 ;
;  iCLK            ; -58.037 ; 0.000 ; N/A      ; N/A     ; 0.000               ;
+------------------+---------+-------+----------+---------+---------------------+


+------------------------------------------------------------------------------------------------------------------------------------------------------------------------------------------------------------------------------------------------------------------------------------------------------------------------------------------------------------------------------------------------------------------+
; Board Trace Model Assignments                                                                                                                                                                                                                                                                                                                                                                                    ;
+---------------+--------------+-------------------+-------------------------+-------------------------+---------------+---------------------+----------------+------------------+--------+------------------+------------------------+------------------------+--------------+---------------+-----------------+-------+---------------------+--------------------+---------------+-----------------+-------------+
; Pin           ; I/O Standard ; Near Tline Length ; Near Tline L per Length ; Near Tline C per Length ; Near Series R ; Near Differential R ; Near Pull-up R ; Near Pull-down R ; Near C ; Far Tline Length ; Far Tline L per Length ; Far Tline C per Length ; Far Series R ; Far Pull-up R ; Far Pull-down R ; Far C ; Termination Voltage ; Far Differential R ; EBD File Name ; EBD Signal Name ; EBD Far-end ;
+---------------+--------------+-------------------+-------------------------+-------------------------+---------------+---------------------+----------------+------------------+--------+------------------+------------------------+------------------------+--------------+---------------+-----------------+-------+---------------------+--------------------+---------------+-----------------+-------------+
; oALUOut[0]    ; 2.5 V        ; 0 in              ; 0 H/in                  ; 0 F/in                  ; short         ; -                   ; open           ; open             ; open   ; 0 in             ; 0 H/in                 ; 0 F/in                 ; short        ; open          ; open            ; open  ; 0 V                 ; -                  ; n/a           ; n/a             ; n/a         ;
; oALUOut[1]    ; 2.5 V        ; 0 in              ; 0 H/in                  ; 0 F/in                  ; short         ; -                   ; open           ; open             ; open   ; 0 in             ; 0 H/in                 ; 0 F/in                 ; short        ; open          ; open            ; open  ; 0 V                 ; -                  ; n/a           ; n/a             ; n/a         ;
; oALUOut[2]    ; 2.5 V        ; 0 in              ; 0 H/in                  ; 0 F/in                  ; short         ; -                   ; open           ; open             ; open   ; 0 in             ; 0 H/in                 ; 0 F/in                 ; short        ; open          ; open            ; open  ; 0 V                 ; -                  ; n/a           ; n/a             ; n/a         ;
; oALUOut[3]    ; 2.5 V        ; 0 in              ; 0 H/in                  ; 0 F/in                  ; short         ; -                   ; open           ; open             ; open   ; 0 in             ; 0 H/in                 ; 0 F/in                 ; short        ; open          ; open            ; open  ; 0 V                 ; -                  ; n/a           ; n/a             ; n/a         ;
; oALUOut[4]    ; 2.5 V        ; 0 in              ; 0 H/in                  ; 0 F/in                  ; short         ; -                   ; open           ; open             ; open   ; 0 in             ; 0 H/in                 ; 0 F/in                 ; short        ; open          ; open            ; open  ; 0 V                 ; -                  ; n/a           ; n/a             ; n/a         ;
; oALUOut[5]    ; 2.5 V        ; 0 in              ; 0 H/in                  ; 0 F/in                  ; short         ; -                   ; open           ; open             ; open   ; 0 in             ; 0 H/in                 ; 0 F/in                 ; short        ; open          ; open            ; open  ; 0 V                 ; -                  ; n/a           ; n/a             ; n/a         ;
; oALUOut[6]    ; 2.5 V        ; 0 in              ; 0 H/in                  ; 0 F/in                  ; short         ; -                   ; open           ; open             ; open   ; 0 in             ; 0 H/in                 ; 0 F/in                 ; short        ; open          ; open            ; open  ; 0 V                 ; -                  ; n/a           ; n/a             ; n/a         ;
; oALUOut[7]    ; 2.5 V        ; 0 in              ; 0 H/in                  ; 0 F/in                  ; short         ; -                   ; open           ; open             ; open   ; 0 in             ; 0 H/in                 ; 0 F/in                 ; short        ; open          ; open            ; open  ; 0 V                 ; -                  ; n/a           ; n/a             ; n/a         ;
; oALUOut[8]    ; 2.5 V        ; 0 in              ; 0 H/in                  ; 0 F/in                  ; short         ; -                   ; open           ; open             ; open   ; 0 in             ; 0 H/in                 ; 0 F/in                 ; short        ; open          ; open            ; open  ; 0 V                 ; -                  ; n/a           ; n/a             ; n/a         ;
; oALUOut[9]    ; 2.5 V        ; 0 in              ; 0 H/in                  ; 0 F/in                  ; short         ; -                   ; open           ; open             ; open   ; 0 in             ; 0 H/in                 ; 0 F/in                 ; short        ; open          ; open            ; open  ; 0 V                 ; -                  ; n/a           ; n/a             ; n/a         ;
; oALUOut[10]   ; 2.5 V        ; 0 in              ; 0 H/in                  ; 0 F/in                  ; short         ; -                   ; open           ; open             ; open   ; 0 in             ; 0 H/in                 ; 0 F/in                 ; short        ; open          ; open            ; open  ; 0 V                 ; -                  ; n/a           ; n/a             ; n/a         ;
; oALUOut[11]   ; 2.5 V        ; 0 in              ; 0 H/in                  ; 0 F/in                  ; short         ; -                   ; open           ; open             ; open   ; 0 in             ; 0 H/in                 ; 0 F/in                 ; short        ; open          ; open            ; open  ; 0 V                 ; -                  ; n/a           ; n/a             ; n/a         ;
; oALUOut[12]   ; 2.5 V        ; 0 in              ; 0 H/in                  ; 0 F/in                  ; short         ; -                   ; open           ; open             ; open   ; 0 in             ; 0 H/in                 ; 0 F/in                 ; short        ; open          ; open            ; open  ; 0 V                 ; -                  ; n/a           ; n/a             ; n/a         ;
; oALUOut[13]   ; 2.5 V        ; 0 in              ; 0 H/in                  ; 0 F/in                  ; short         ; -                   ; open           ; open             ; open   ; 0 in             ; 0 H/in                 ; 0 F/in                 ; short        ; open          ; open            ; open  ; 0 V                 ; -                  ; n/a           ; n/a             ; n/a         ;
; oALUOut[14]   ; 2.5 V        ; 0 in              ; 0 H/in                  ; 0 F/in                  ; short         ; -                   ; open           ; open             ; open   ; 0 in             ; 0 H/in                 ; 0 F/in                 ; short        ; open          ; open            ; open  ; 0 V                 ; -                  ; n/a           ; n/a             ; n/a         ;
; oALUOut[15]   ; 2.5 V        ; 0 in              ; 0 H/in                  ; 0 F/in                  ; short         ; -                   ; open           ; open             ; open   ; 0 in             ; 0 H/in                 ; 0 F/in                 ; short        ; open          ; open            ; open  ; 0 V                 ; -                  ; n/a           ; n/a             ; n/a         ;
; oALUOut[16]   ; 2.5 V        ; 0 in              ; 0 H/in                  ; 0 F/in                  ; short         ; -                   ; open           ; open             ; open   ; 0 in             ; 0 H/in                 ; 0 F/in                 ; short        ; open          ; open            ; open  ; 0 V                 ; -                  ; n/a           ; n/a             ; n/a         ;
; oALUOut[17]   ; 2.5 V        ; 0 in              ; 0 H/in                  ; 0 F/in                  ; short         ; -                   ; open           ; open             ; open   ; 0 in             ; 0 H/in                 ; 0 F/in                 ; short        ; open          ; open            ; open  ; 0 V                 ; -                  ; n/a           ; n/a             ; n/a         ;
; oALUOut[18]   ; 2.5 V        ; 0 in              ; 0 H/in                  ; 0 F/in                  ; short         ; -                   ; open           ; open             ; open   ; 0 in             ; 0 H/in                 ; 0 F/in                 ; short        ; open          ; open            ; open  ; 0 V                 ; -                  ; n/a           ; n/a             ; n/a         ;
; oALUOut[19]   ; 2.5 V        ; 0 in              ; 0 H/in                  ; 0 F/in                  ; short         ; -                   ; open           ; open             ; open   ; 0 in             ; 0 H/in                 ; 0 F/in                 ; short        ; open          ; open            ; open  ; 0 V                 ; -                  ; n/a           ; n/a             ; n/a         ;
; oALUOut[20]   ; 2.5 V        ; 0 in              ; 0 H/in                  ; 0 F/in                  ; short         ; -                   ; open           ; open             ; open   ; 0 in             ; 0 H/in                 ; 0 F/in                 ; short        ; open          ; open            ; open  ; 0 V                 ; -                  ; n/a           ; n/a             ; n/a         ;
; oALUOut[21]   ; 2.5 V        ; 0 in              ; 0 H/in                  ; 0 F/in                  ; short         ; -                   ; open           ; open             ; open   ; 0 in             ; 0 H/in                 ; 0 F/in                 ; short        ; open          ; open            ; open  ; 0 V                 ; -                  ; n/a           ; n/a             ; n/a         ;
; oALUOut[22]   ; 2.5 V        ; 0 in              ; 0 H/in                  ; 0 F/in                  ; short         ; -                   ; open           ; open             ; open   ; 0 in             ; 0 H/in                 ; 0 F/in                 ; short        ; open          ; open            ; open  ; 0 V                 ; -                  ; n/a           ; n/a             ; n/a         ;
; oALUOut[23]   ; 2.5 V        ; 0 in              ; 0 H/in                  ; 0 F/in                  ; short         ; -                   ; open           ; open             ; open   ; 0 in             ; 0 H/in                 ; 0 F/in                 ; short        ; open          ; open            ; open  ; 0 V                 ; -                  ; n/a           ; n/a             ; n/a         ;
; oALUOut[24]   ; 2.5 V        ; 0 in              ; 0 H/in                  ; 0 F/in                  ; short         ; -                   ; open           ; open             ; open   ; 0 in             ; 0 H/in                 ; 0 F/in                 ; short        ; open          ; open            ; open  ; 0 V                 ; -                  ; n/a           ; n/a             ; n/a         ;
; oALUOut[25]   ; 2.5 V        ; 0 in              ; 0 H/in                  ; 0 F/in                  ; short         ; -                   ; open           ; open             ; open   ; 0 in             ; 0 H/in                 ; 0 F/in                 ; short        ; open          ; open            ; open  ; 0 V                 ; -                  ; n/a           ; n/a             ; n/a         ;
; oALUOut[26]   ; 2.5 V        ; 0 in              ; 0 H/in                  ; 0 F/in                  ; short         ; -                   ; open           ; open             ; open   ; 0 in             ; 0 H/in                 ; 0 F/in                 ; short        ; open          ; open            ; open  ; 0 V                 ; -                  ; n/a           ; n/a             ; n/a         ;
; oALUOut[27]   ; 2.5 V        ; 0 in              ; 0 H/in                  ; 0 F/in                  ; short         ; -                   ; open           ; open             ; open   ; 0 in             ; 0 H/in                 ; 0 F/in                 ; short        ; open          ; open            ; open  ; 0 V                 ; -                  ; n/a           ; n/a             ; n/a         ;
; oALUOut[28]   ; 2.5 V        ; 0 in              ; 0 H/in                  ; 0 F/in                  ; short         ; -                   ; open           ; open             ; open   ; 0 in             ; 0 H/in                 ; 0 F/in                 ; short        ; open          ; open            ; open  ; 0 V                 ; -                  ; n/a           ; n/a             ; n/a         ;
; oALUOut[29]   ; 2.5 V        ; 0 in              ; 0 H/in                  ; 0 F/in                  ; short         ; -                   ; open           ; open             ; open   ; 0 in             ; 0 H/in                 ; 0 F/in                 ; short        ; open          ; open            ; open  ; 0 V                 ; -                  ; n/a           ; n/a             ; n/a         ;
; oALUOut[30]   ; 2.5 V        ; 0 in              ; 0 H/in                  ; 0 F/in                  ; short         ; -                   ; open           ; open             ; open   ; 0 in             ; 0 H/in                 ; 0 F/in                 ; short        ; open          ; open            ; open  ; 0 V                 ; -                  ; n/a           ; n/a             ; n/a         ;
; oALUOut[31]   ; 2.5 V        ; 0 in              ; 0 H/in                  ; 0 F/in                  ; short         ; -                   ; open           ; open             ; open   ; 0 in             ; 0 H/in                 ; 0 F/in                 ; short        ; open          ; open            ; open  ; 0 V                 ; -                  ; n/a           ; n/a             ; n/a         ;
; ~ALTERA_DCLK~ ; 2.5 V        ; 0 in              ; 0 H/in                  ; 0 F/in                  ; short         ; -                   ; open           ; open             ; open   ; 0 in             ; 0 H/in                 ; 0 F/in                 ; short        ; open          ; open            ; open  ; 0 V                 ; -                  ; n/a           ; n/a             ; n/a         ;
; ~ALTERA_nCEO~ ; 2.5 V        ; 0 in              ; 0 H/in                  ; 0 F/in                  ; short         ; -                   ; open           ; open             ; open   ; 0 in             ; 0 H/in                 ; 0 F/in                 ; short        ; open          ; open            ; open  ; 0 V                 ; -                  ; n/a           ; n/a             ; n/a         ;
+---------------+--------------+-------------------+-------------------------+-------------------------+---------------+---------------------+----------------+------------------+--------+------------------+------------------------+------------------------+--------------+---------------+-----------------+-------+---------------------+--------------------+---------------+-----------------+-------------+


+----------------------------------------------------------------------------+
; Input Transition Times                                                     ;
+-------------------------+--------------+-----------------+-----------------+
; Pin                     ; I/O Standard ; 10-90 Rise Time ; 90-10 Fall Time ;
+-------------------------+--------------+-----------------+-----------------+
; iInstAddr[0]            ; 2.5 V        ; 2000 ps         ; 2000 ps         ;
; iInstAddr[1]            ; 2.5 V        ; 2000 ps         ; 2000 ps         ;
; iInstAddr[12]           ; 2.5 V        ; 2000 ps         ; 2000 ps         ;
; iInstAddr[13]           ; 2.5 V        ; 2000 ps         ; 2000 ps         ;
; iInstAddr[14]           ; 2.5 V        ; 2000 ps         ; 2000 ps         ;
; iInstAddr[15]           ; 2.5 V        ; 2000 ps         ; 2000 ps         ;
; iInstAddr[16]           ; 2.5 V        ; 2000 ps         ; 2000 ps         ;
; iInstAddr[17]           ; 2.5 V        ; 2000 ps         ; 2000 ps         ;
; iInstAddr[18]           ; 2.5 V        ; 2000 ps         ; 2000 ps         ;
; iInstAddr[19]           ; 2.5 V        ; 2000 ps         ; 2000 ps         ;
; iInstAddr[20]           ; 2.5 V        ; 2000 ps         ; 2000 ps         ;
; iInstAddr[21]           ; 2.5 V        ; 2000 ps         ; 2000 ps         ;
; iInstAddr[22]           ; 2.5 V        ; 2000 ps         ; 2000 ps         ;
; iInstAddr[23]           ; 2.5 V        ; 2000 ps         ; 2000 ps         ;
; iInstAddr[24]           ; 2.5 V        ; 2000 ps         ; 2000 ps         ;
; iInstAddr[25]           ; 2.5 V        ; 2000 ps         ; 2000 ps         ;
; iInstAddr[26]           ; 2.5 V        ; 2000 ps         ; 2000 ps         ;
; iInstAddr[27]           ; 2.5 V        ; 2000 ps         ; 2000 ps         ;
; iInstAddr[28]           ; 2.5 V        ; 2000 ps         ; 2000 ps         ;
; iInstAddr[29]           ; 2.5 V        ; 2000 ps         ; 2000 ps         ;
; iInstAddr[30]           ; 2.5 V        ; 2000 ps         ; 2000 ps         ;
; iInstAddr[31]           ; 2.5 V        ; 2000 ps         ; 2000 ps         ;
; iCLK                    ; 2.5 V        ; 2000 ps         ; 2000 ps         ;
; iRST                    ; 2.5 V        ; 2000 ps         ; 2000 ps         ;
; iInstAddr[8]            ; 2.5 V        ; 2000 ps         ; 2000 ps         ;
; iInstLd                 ; 2.5 V        ; 2000 ps         ; 2000 ps         ;
; iInstAddr[9]            ; 2.5 V        ; 2000 ps         ; 2000 ps         ;
; iInstAddr[5]            ; 2.5 V        ; 2000 ps         ; 2000 ps         ;
; iInstAddr[4]            ; 2.5 V        ; 2000 ps         ; 2000 ps         ;
; iInstAddr[7]            ; 2.5 V        ; 2000 ps         ; 2000 ps         ;
; iInstAddr[6]            ; 2.5 V        ; 2000 ps         ; 2000 ps         ;
; iInstAddr[2]            ; 2.5 V        ; 2000 ps         ; 2000 ps         ;
; iInstAddr[3]            ; 2.5 V        ; 2000 ps         ; 2000 ps         ;
; iInstAddr[10]           ; 2.5 V        ; 2000 ps         ; 2000 ps         ;
; iInstAddr[11]           ; 2.5 V        ; 2000 ps         ; 2000 ps         ;
; iInstExt[16]            ; 2.5 V        ; 2000 ps         ; 2000 ps         ;
; iInstExt[15]            ; 2.5 V        ; 2000 ps         ; 2000 ps         ;
; iInstExt[18]            ; 2.5 V        ; 2000 ps         ; 2000 ps         ;
; iInstExt[17]            ; 2.5 V        ; 2000 ps         ; 2000 ps         ;
; iInstExt[19]            ; 2.5 V        ; 2000 ps         ; 2000 ps         ;
; iInstExt[21]            ; 2.5 V        ; 2000 ps         ; 2000 ps         ;
; iInstExt[20]            ; 2.5 V        ; 2000 ps         ; 2000 ps         ;
; iInstExt[23]            ; 2.5 V        ; 2000 ps         ; 2000 ps         ;
; iInstExt[22]            ; 2.5 V        ; 2000 ps         ; 2000 ps         ;
; iInstExt[24]            ; 2.5 V        ; 2000 ps         ; 2000 ps         ;
; iInstExt[2]             ; 2.5 V        ; 2000 ps         ; 2000 ps         ;
; iInstExt[4]             ; 2.5 V        ; 2000 ps         ; 2000 ps         ;
; iInstExt[0]             ; 2.5 V        ; 2000 ps         ; 2000 ps         ;
; iInstExt[1]             ; 2.5 V        ; 2000 ps         ; 2000 ps         ;
; iInstExt[3]             ; 2.5 V        ; 2000 ps         ; 2000 ps         ;
; iInstExt[6]             ; 2.5 V        ; 2000 ps         ; 2000 ps         ;
; iInstExt[5]             ; 2.5 V        ; 2000 ps         ; 2000 ps         ;
; iInstExt[31]            ; 2.5 V        ; 2000 ps         ; 2000 ps         ;
; iInstExt[30]            ; 2.5 V        ; 2000 ps         ; 2000 ps         ;
; iInstExt[29]            ; 2.5 V        ; 2000 ps         ; 2000 ps         ;
; iInstExt[28]            ; 2.5 V        ; 2000 ps         ; 2000 ps         ;
; iInstExt[27]            ; 2.5 V        ; 2000 ps         ; 2000 ps         ;
; iInstExt[26]            ; 2.5 V        ; 2000 ps         ; 2000 ps         ;
; iInstExt[25]            ; 2.5 V        ; 2000 ps         ; 2000 ps         ;
; iInstExt[14]            ; 2.5 V        ; 2000 ps         ; 2000 ps         ;
; iInstExt[13]            ; 2.5 V        ; 2000 ps         ; 2000 ps         ;
; iInstExt[12]            ; 2.5 V        ; 2000 ps         ; 2000 ps         ;
; iInstExt[9]             ; 2.5 V        ; 2000 ps         ; 2000 ps         ;
; iInstExt[8]             ; 2.5 V        ; 2000 ps         ; 2000 ps         ;
; iInstExt[7]             ; 2.5 V        ; 2000 ps         ; 2000 ps         ;
; iInstExt[10]            ; 2.5 V        ; 2000 ps         ; 2000 ps         ;
; iInstExt[11]            ; 2.5 V        ; 2000 ps         ; 2000 ps         ;
; ~ALTERA_ASDO_DATA1~     ; 2.5 V        ; 2000 ps         ; 2000 ps         ;
; ~ALTERA_FLASH_nCE_nCSO~ ; 2.5 V        ; 2000 ps         ; 2000 ps         ;
; ~ALTERA_DATA0~          ; 2.5 V        ; 2000 ps         ; 2000 ps         ;
+-------------------------+--------------+-----------------+-----------------+


+--------------------------------------------------------------------------------------------------------------------------------------------------------------------------------------------------------------------------------------------------------------------------------------------------------------------------------------------------------------------------------------------------------------------------------------------------------------------------------------------------------------------------------------------------------------------------------------------------------------------------------------------------------------------------------------------+
; Signal Integrity Metrics (Slow 1200mv 0c Model)                                                                                                                                                                                                                                                                                                                                                                                                                                                                                                                                                                                                                                            ;
+---------------+--------------+---------------------+---------------------+------------------------------+------------------------------+---------------------+---------------------+--------------------------------------+--------------------------------------+-----------------------------+-----------------------------+----------------------------+----------------------------+-----------------------------+-----------------------------+--------------------+--------------------+-------------------------------------+-------------------------------------+----------------------------+----------------------------+---------------------------+---------------------------+
; Pin           ; I/O Standard ; Board Delay on Rise ; Board Delay on Fall ; Steady State Voh at FPGA Pin ; Steady State Vol at FPGA Pin ; Voh Max at FPGA Pin ; Vol Min at FPGA Pin ; Ringback Voltage on Rise at FPGA Pin ; Ringback Voltage on Fall at FPGA Pin ; 10-90 Rise Time at FPGA Pin ; 90-10 Fall Time at FPGA Pin ; Monotonic Rise at FPGA Pin ; Monotonic Fall at FPGA Pin ; Steady State Voh at Far-end ; Steady State Vol at Far-end ; Voh Max at Far-end ; Vol Min at Far-end ; Ringback Voltage on Rise at Far-end ; Ringback Voltage on Fall at Far-end ; 10-90 Rise Time at Far-end ; 90-10 Fall Time at Far-end ; Monotonic Rise at Far-end ; Monotonic Fall at Far-end ;
+---------------+--------------+---------------------+---------------------+------------------------------+------------------------------+---------------------+---------------------+--------------------------------------+--------------------------------------+-----------------------------+-----------------------------+----------------------------+----------------------------+-----------------------------+-----------------------------+--------------------+--------------------+-------------------------------------+-------------------------------------+----------------------------+----------------------------+---------------------------+---------------------------+
; oALUOut[0]    ; 2.5 V        ; 0 s                 ; 0 s                 ; 2.32 V                       ; 3.07e-09 V                   ; 2.37 V              ; -0.00994 V          ; 0.186 V                              ; 0.028 V                              ; 4.98e-10 s                  ; 4.96e-10 s                  ; Yes                        ; Yes                        ; 2.32 V                      ; 3.07e-09 V                  ; 2.37 V             ; -0.00994 V         ; 0.186 V                             ; 0.028 V                             ; 4.98e-10 s                 ; 4.96e-10 s                 ; Yes                       ; Yes                       ;
; oALUOut[1]    ; 2.5 V        ; 0 s                 ; 0 s                 ; 2.32 V                       ; 3.07e-09 V                   ; 2.38 V              ; -0.0144 V           ; 0.227 V                              ; 0.024 V                              ; 3.14e-10 s                  ; 3.39e-10 s                  ; Yes                        ; Yes                        ; 2.32 V                      ; 3.07e-09 V                  ; 2.38 V             ; -0.0144 V          ; 0.227 V                             ; 0.024 V                             ; 3.14e-10 s                 ; 3.39e-10 s                 ; Yes                       ; Yes                       ;
; oALUOut[2]    ; 2.5 V        ; 0 s                 ; 0 s                 ; 2.32 V                       ; 3.07e-09 V                   ; 2.37 V              ; -0.00994 V          ; 0.186 V                              ; 0.028 V                              ; 4.98e-10 s                  ; 4.96e-10 s                  ; Yes                        ; Yes                        ; 2.32 V                      ; 3.07e-09 V                  ; 2.37 V             ; -0.00994 V         ; 0.186 V                             ; 0.028 V                             ; 4.98e-10 s                 ; 4.96e-10 s                 ; Yes                       ; Yes                       ;
; oALUOut[3]    ; 2.5 V        ; 0 s                 ; 0 s                 ; 2.32 V                       ; 4.49e-09 V                   ; 2.38 V              ; -0.00552 V          ; 0.096 V                              ; 0.019 V                              ; 4.18e-10 s                  ; 3.59e-10 s                  ; No                         ; Yes                        ; 2.32 V                      ; 4.49e-09 V                  ; 2.38 V             ; -0.00552 V         ; 0.096 V                             ; 0.019 V                             ; 4.18e-10 s                 ; 3.59e-10 s                 ; No                        ; Yes                       ;
; oALUOut[4]    ; 2.5 V        ; 0 s                 ; 0 s                 ; 2.32 V                       ; 4.49e-09 V                   ; 2.38 V              ; -0.00552 V          ; 0.096 V                              ; 0.019 V                              ; 4.18e-10 s                  ; 3.59e-10 s                  ; No                         ; Yes                        ; 2.32 V                      ; 4.49e-09 V                  ; 2.38 V             ; -0.00552 V         ; 0.096 V                             ; 0.019 V                             ; 4.18e-10 s                 ; 3.59e-10 s                 ; No                        ; Yes                       ;
; oALUOut[5]    ; 2.5 V        ; 0 s                 ; 0 s                 ; 2.32 V                       ; 3.07e-09 V                   ; 2.33 V              ; -0.00496 V          ; 0.223 V                              ; 0.086 V                              ; 2.9e-09 s                   ; 2.73e-09 s                  ; Yes                        ; Yes                        ; 2.32 V                      ; 3.07e-09 V                  ; 2.33 V             ; -0.00496 V         ; 0.223 V                             ; 0.086 V                             ; 2.9e-09 s                  ; 2.73e-09 s                 ; Yes                       ; Yes                       ;
; oALUOut[6]    ; 2.5 V        ; 0 s                 ; 0 s                 ; 2.32 V                       ; 3.07e-09 V                   ; 2.37 V              ; -0.00994 V          ; 0.186 V                              ; 0.028 V                              ; 4.98e-10 s                  ; 4.96e-10 s                  ; Yes                        ; Yes                        ; 2.32 V                      ; 3.07e-09 V                  ; 2.37 V             ; -0.00994 V         ; 0.186 V                             ; 0.028 V                             ; 4.98e-10 s                 ; 4.96e-10 s                 ; Yes                       ; Yes                       ;
; oALUOut[7]    ; 2.5 V        ; 0 s                 ; 0 s                 ; 2.32 V                       ; 4.49e-09 V                   ; 2.38 V              ; -0.00552 V          ; 0.096 V                              ; 0.019 V                              ; 4.18e-10 s                  ; 3.59e-10 s                  ; No                         ; Yes                        ; 2.32 V                      ; 4.49e-09 V                  ; 2.38 V             ; -0.00552 V         ; 0.096 V                             ; 0.019 V                             ; 4.18e-10 s                 ; 3.59e-10 s                 ; No                        ; Yes                       ;
; oALUOut[8]    ; 2.5 V        ; 0 s                 ; 0 s                 ; 2.32 V                       ; 3.07e-09 V                   ; 2.37 V              ; -0.00994 V          ; 0.186 V                              ; 0.028 V                              ; 4.98e-10 s                  ; 4.96e-10 s                  ; Yes                        ; Yes                        ; 2.32 V                      ; 3.07e-09 V                  ; 2.37 V             ; -0.00994 V         ; 0.186 V                             ; 0.028 V                             ; 4.98e-10 s                 ; 4.96e-10 s                 ; Yes                       ; Yes                       ;
; oALUOut[9]    ; 2.5 V        ; 0 s                 ; 0 s                 ; 2.32 V                       ; 3.07e-09 V                   ; 2.37 V              ; -0.00994 V          ; 0.186 V                              ; 0.028 V                              ; 4.98e-10 s                  ; 4.96e-10 s                  ; Yes                        ; Yes                        ; 2.32 V                      ; 3.07e-09 V                  ; 2.37 V             ; -0.00994 V         ; 0.186 V                             ; 0.028 V                             ; 4.98e-10 s                 ; 4.96e-10 s                 ; Yes                       ; Yes                       ;
; oALUOut[10]   ; 2.5 V        ; 0 s                 ; 0 s                 ; 2.32 V                       ; 4.49e-09 V                   ; 2.38 V              ; -0.00552 V          ; 0.096 V                              ; 0.019 V                              ; 4.18e-10 s                  ; 3.59e-10 s                  ; No                         ; Yes                        ; 2.32 V                      ; 4.49e-09 V                  ; 2.38 V             ; -0.00552 V         ; 0.096 V                             ; 0.019 V                             ; 4.18e-10 s                 ; 3.59e-10 s                 ; No                        ; Yes                       ;
; oALUOut[11]   ; 2.5 V        ; 0 s                 ; 0 s                 ; 2.32 V                       ; 4.49e-09 V                   ; 2.38 V              ; -0.00552 V          ; 0.096 V                              ; 0.019 V                              ; 4.18e-10 s                  ; 3.59e-10 s                  ; No                         ; Yes                        ; 2.32 V                      ; 4.49e-09 V                  ; 2.38 V             ; -0.00552 V         ; 0.096 V                             ; 0.019 V                             ; 4.18e-10 s                 ; 3.59e-10 s                 ; No                        ; Yes                       ;
; oALUOut[12]   ; 2.5 V        ; 0 s                 ; 0 s                 ; 2.32 V                       ; 4.49e-09 V                   ; 2.38 V              ; -0.00552 V          ; 0.096 V                              ; 0.019 V                              ; 4.18e-10 s                  ; 3.59e-10 s                  ; No                         ; Yes                        ; 2.32 V                      ; 4.49e-09 V                  ; 2.38 V             ; -0.00552 V         ; 0.096 V                             ; 0.019 V                             ; 4.18e-10 s                 ; 3.59e-10 s                 ; No                        ; Yes                       ;
; oALUOut[13]   ; 2.5 V        ; 0 s                 ; 0 s                 ; 2.32 V                       ; 3.07e-09 V                   ; 2.37 V              ; -0.00994 V          ; 0.186 V                              ; 0.028 V                              ; 4.98e-10 s                  ; 4.96e-10 s                  ; Yes                        ; Yes                        ; 2.32 V                      ; 3.07e-09 V                  ; 2.37 V             ; -0.00994 V         ; 0.186 V                             ; 0.028 V                             ; 4.98e-10 s                 ; 4.96e-10 s                 ; Yes                       ; Yes                       ;
; oALUOut[14]   ; 2.5 V        ; 0 s                 ; 0 s                 ; 2.32 V                       ; 3.07e-09 V                   ; 2.37 V              ; -0.00994 V          ; 0.186 V                              ; 0.028 V                              ; 4.98e-10 s                  ; 4.96e-10 s                  ; Yes                        ; Yes                        ; 2.32 V                      ; 3.07e-09 V                  ; 2.37 V             ; -0.00994 V         ; 0.186 V                             ; 0.028 V                             ; 4.98e-10 s                 ; 4.96e-10 s                 ; Yes                       ; Yes                       ;
; oALUOut[15]   ; 2.5 V        ; 0 s                 ; 0 s                 ; 2.32 V                       ; 3.07e-09 V                   ; 2.37 V              ; -0.00994 V          ; 0.186 V                              ; 0.028 V                              ; 4.98e-10 s                  ; 4.96e-10 s                  ; Yes                        ; Yes                        ; 2.32 V                      ; 3.07e-09 V                  ; 2.37 V             ; -0.00994 V         ; 0.186 V                             ; 0.028 V                             ; 4.98e-10 s                 ; 4.96e-10 s                 ; Yes                       ; Yes                       ;
; oALUOut[16]   ; 2.5 V        ; 0 s                 ; 0 s                 ; 2.32 V                       ; 3.07e-09 V                   ; 2.37 V              ; -0.00994 V          ; 0.186 V                              ; 0.028 V                              ; 4.98e-10 s                  ; 4.96e-10 s                  ; Yes                        ; Yes                        ; 2.32 V                      ; 3.07e-09 V                  ; 2.37 V             ; -0.00994 V         ; 0.186 V                             ; 0.028 V                             ; 4.98e-10 s                 ; 4.96e-10 s                 ; Yes                       ; Yes                       ;
; oALUOut[17]   ; 2.5 V        ; 0 s                 ; 0 s                 ; 2.32 V                       ; 3.07e-09 V                   ; 2.37 V              ; -0.00994 V          ; 0.186 V                              ; 0.028 V                              ; 4.98e-10 s                  ; 4.96e-10 s                  ; Yes                        ; Yes                        ; 2.32 V                      ; 3.07e-09 V                  ; 2.37 V             ; -0.00994 V         ; 0.186 V                             ; 0.028 V                             ; 4.98e-10 s                 ; 4.96e-10 s                 ; Yes                       ; Yes                       ;
; oALUOut[18]   ; 2.5 V        ; 0 s                 ; 0 s                 ; 2.32 V                       ; 3.07e-09 V                   ; 2.37 V              ; -0.00994 V          ; 0.186 V                              ; 0.028 V                              ; 4.98e-10 s                  ; 4.96e-10 s                  ; Yes                        ; Yes                        ; 2.32 V                      ; 3.07e-09 V                  ; 2.37 V             ; -0.00994 V         ; 0.186 V                             ; 0.028 V                             ; 4.98e-10 s                 ; 4.96e-10 s                 ; Yes                       ; Yes                       ;
; oALUOut[19]   ; 2.5 V        ; 0 s                 ; 0 s                 ; 2.32 V                       ; 4.49e-09 V                   ; 2.38 V              ; -0.00552 V          ; 0.096 V                              ; 0.019 V                              ; 4.18e-10 s                  ; 3.59e-10 s                  ; No                         ; Yes                        ; 2.32 V                      ; 4.49e-09 V                  ; 2.38 V             ; -0.00552 V         ; 0.096 V                             ; 0.019 V                             ; 4.18e-10 s                 ; 3.59e-10 s                 ; No                        ; Yes                       ;
; oALUOut[20]   ; 2.5 V        ; 0 s                 ; 0 s                 ; 2.32 V                       ; 4.49e-09 V                   ; 2.38 V              ; -0.00552 V          ; 0.096 V                              ; 0.019 V                              ; 4.18e-10 s                  ; 3.59e-10 s                  ; No                         ; Yes                        ; 2.32 V                      ; 4.49e-09 V                  ; 2.38 V             ; -0.00552 V         ; 0.096 V                             ; 0.019 V                             ; 4.18e-10 s                 ; 3.59e-10 s                 ; No                        ; Yes                       ;
; oALUOut[21]   ; 2.5 V        ; 0 s                 ; 0 s                 ; 2.32 V                       ; 4.49e-09 V                   ; 2.38 V              ; -0.00552 V          ; 0.096 V                              ; 0.019 V                              ; 4.18e-10 s                  ; 3.59e-10 s                  ; No                         ; Yes                        ; 2.32 V                      ; 4.49e-09 V                  ; 2.38 V             ; -0.00552 V         ; 0.096 V                             ; 0.019 V                             ; 4.18e-10 s                 ; 3.59e-10 s                 ; No                        ; Yes                       ;
; oALUOut[22]   ; 2.5 V        ; 0 s                 ; 0 s                 ; 2.32 V                       ; 3.07e-09 V                   ; 2.37 V              ; -0.00994 V          ; 0.186 V                              ; 0.028 V                              ; 4.98e-10 s                  ; 4.96e-10 s                  ; Yes                        ; Yes                        ; 2.32 V                      ; 3.07e-09 V                  ; 2.37 V             ; -0.00994 V         ; 0.186 V                             ; 0.028 V                             ; 4.98e-10 s                 ; 4.96e-10 s                 ; Yes                       ; Yes                       ;
; oALUOut[23]   ; 2.5 V        ; 0 s                 ; 0 s                 ; 2.32 V                       ; 3.07e-09 V                   ; 2.37 V              ; -0.00994 V          ; 0.186 V                              ; 0.028 V                              ; 4.98e-10 s                  ; 4.96e-10 s                  ; Yes                        ; Yes                        ; 2.32 V                      ; 3.07e-09 V                  ; 2.37 V             ; -0.00994 V         ; 0.186 V                             ; 0.028 V                             ; 4.98e-10 s                 ; 4.96e-10 s                 ; Yes                       ; Yes                       ;
; oALUOut[24]   ; 2.5 V        ; 0 s                 ; 0 s                 ; 2.32 V                       ; 3.07e-09 V                   ; 2.37 V              ; -0.00994 V          ; 0.186 V                              ; 0.028 V                              ; 4.98e-10 s                  ; 4.96e-10 s                  ; Yes                        ; Yes                        ; 2.32 V                      ; 3.07e-09 V                  ; 2.37 V             ; -0.00994 V         ; 0.186 V                             ; 0.028 V                             ; 4.98e-10 s                 ; 4.96e-10 s                 ; Yes                       ; Yes                       ;
; oALUOut[25]   ; 2.5 V        ; 0 s                 ; 0 s                 ; 2.32 V                       ; 3.07e-09 V                   ; 2.37 V              ; -0.00994 V          ; 0.186 V                              ; 0.028 V                              ; 4.98e-10 s                  ; 4.96e-10 s                  ; Yes                        ; Yes                        ; 2.32 V                      ; 3.07e-09 V                  ; 2.37 V             ; -0.00994 V         ; 0.186 V                             ; 0.028 V                             ; 4.98e-10 s                 ; 4.96e-10 s                 ; Yes                       ; Yes                       ;
; oALUOut[26]   ; 2.5 V        ; 0 s                 ; 0 s                 ; 2.32 V                       ; 3.07e-09 V                   ; 2.38 V              ; -0.0144 V           ; 0.227 V                              ; 0.024 V                              ; 3.14e-10 s                  ; 3.39e-10 s                  ; Yes                        ; Yes                        ; 2.32 V                      ; 3.07e-09 V                  ; 2.38 V             ; -0.0144 V          ; 0.227 V                             ; 0.024 V                             ; 3.14e-10 s                 ; 3.39e-10 s                 ; Yes                       ; Yes                       ;
; oALUOut[27]   ; 2.5 V        ; 0 s                 ; 0 s                 ; 2.32 V                       ; 3.07e-09 V                   ; 2.37 V              ; -0.00994 V          ; 0.186 V                              ; 0.028 V                              ; 4.98e-10 s                  ; 4.96e-10 s                  ; Yes                        ; Yes                        ; 2.32 V                      ; 3.07e-09 V                  ; 2.37 V             ; -0.00994 V         ; 0.186 V                             ; 0.028 V                             ; 4.98e-10 s                 ; 4.96e-10 s                 ; Yes                       ; Yes                       ;
; oALUOut[28]   ; 2.5 V        ; 0 s                 ; 0 s                 ; 2.32 V                       ; 3.07e-09 V                   ; 2.37 V              ; -0.00994 V          ; 0.186 V                              ; 0.028 V                              ; 4.98e-10 s                  ; 4.96e-10 s                  ; Yes                        ; Yes                        ; 2.32 V                      ; 3.07e-09 V                  ; 2.37 V             ; -0.00994 V         ; 0.186 V                             ; 0.028 V                             ; 4.98e-10 s                 ; 4.96e-10 s                 ; Yes                       ; Yes                       ;
; oALUOut[29]   ; 2.5 V        ; 0 s                 ; 0 s                 ; 2.32 V                       ; 3.07e-09 V                   ; 2.37 V              ; -0.00994 V          ; 0.186 V                              ; 0.028 V                              ; 4.98e-10 s                  ; 4.96e-10 s                  ; Yes                        ; Yes                        ; 2.32 V                      ; 3.07e-09 V                  ; 2.37 V             ; -0.00994 V         ; 0.186 V                             ; 0.028 V                             ; 4.98e-10 s                 ; 4.96e-10 s                 ; Yes                       ; Yes                       ;
; oALUOut[30]   ; 2.5 V        ; 0 s                 ; 0 s                 ; 2.32 V                       ; 3.07e-09 V                   ; 2.37 V              ; -0.00994 V          ; 0.186 V                              ; 0.028 V                              ; 4.98e-10 s                  ; 4.96e-10 s                  ; Yes                        ; Yes                        ; 2.32 V                      ; 3.07e-09 V                  ; 2.37 V             ; -0.00994 V         ; 0.186 V                             ; 0.028 V                             ; 4.98e-10 s                 ; 4.96e-10 s                 ; Yes                       ; Yes                       ;
; oALUOut[31]   ; 2.5 V        ; 0 s                 ; 0 s                 ; 2.32 V                       ; 3.07e-09 V                   ; 2.37 V              ; -0.00994 V          ; 0.186 V                              ; 0.028 V                              ; 4.98e-10 s                  ; 4.96e-10 s                  ; Yes                        ; Yes                        ; 2.32 V                      ; 3.07e-09 V                  ; 2.37 V             ; -0.00994 V         ; 0.186 V                             ; 0.028 V                             ; 4.98e-10 s                 ; 4.96e-10 s                 ; Yes                       ; Yes                       ;
; ~ALTERA_DCLK~ ; 2.5 V        ; 0 s                 ; 0 s                 ; 2.32 V                       ; 2.67e-09 V                   ; 2.38 V              ; -0.0485 V           ; 0.167 V                              ; 0.096 V                              ; 2.95e-10 s                  ; 2.73e-10 s                  ; Yes                        ; Yes                        ; 2.32 V                      ; 2.67e-09 V                  ; 2.38 V             ; -0.0485 V          ; 0.167 V                             ; 0.096 V                             ; 2.95e-10 s                 ; 2.73e-10 s                 ; Yes                       ; Yes                       ;
; ~ALTERA_nCEO~ ; 2.5 V        ; 0 s                 ; 0 s                 ; 2.32 V                       ; 4.18e-09 V                   ; 2.38 V              ; -0.00483 V          ; 0.152 V                              ; 0.012 V                              ; 4.81e-10 s                  ; 6.29e-10 s                  ; Yes                        ; Yes                        ; 2.32 V                      ; 4.18e-09 V                  ; 2.38 V             ; -0.00483 V         ; 0.152 V                             ; 0.012 V                             ; 4.81e-10 s                 ; 6.29e-10 s                 ; Yes                       ; Yes                       ;
+---------------+--------------+---------------------+---------------------+------------------------------+------------------------------+---------------------+---------------------+--------------------------------------+--------------------------------------+-----------------------------+-----------------------------+----------------------------+----------------------------+-----------------------------+-----------------------------+--------------------+--------------------+-------------------------------------+-------------------------------------+----------------------------+----------------------------+---------------------------+---------------------------+


+--------------------------------------------------------------------------------------------------------------------------------------------------------------------------------------------------------------------------------------------------------------------------------------------------------------------------------------------------------------------------------------------------------------------------------------------------------------------------------------------------------------------------------------------------------------------------------------------------------------------------------------------------------------------------------------------+
; Signal Integrity Metrics (Slow 1200mv 85c Model)                                                                                                                                                                                                                                                                                                                                                                                                                                                                                                                                                                                                                                           ;
+---------------+--------------+---------------------+---------------------+------------------------------+------------------------------+---------------------+---------------------+--------------------------------------+--------------------------------------+-----------------------------+-----------------------------+----------------------------+----------------------------+-----------------------------+-----------------------------+--------------------+--------------------+-------------------------------------+-------------------------------------+----------------------------+----------------------------+---------------------------+---------------------------+
; Pin           ; I/O Standard ; Board Delay on Rise ; Board Delay on Fall ; Steady State Voh at FPGA Pin ; Steady State Vol at FPGA Pin ; Voh Max at FPGA Pin ; Vol Min at FPGA Pin ; Ringback Voltage on Rise at FPGA Pin ; Ringback Voltage on Fall at FPGA Pin ; 10-90 Rise Time at FPGA Pin ; 90-10 Fall Time at FPGA Pin ; Monotonic Rise at FPGA Pin ; Monotonic Fall at FPGA Pin ; Steady State Voh at Far-end ; Steady State Vol at Far-end ; Voh Max at Far-end ; Vol Min at Far-end ; Ringback Voltage on Rise at Far-end ; Ringback Voltage on Fall at Far-end ; 10-90 Rise Time at Far-end ; 90-10 Fall Time at Far-end ; Monotonic Rise at Far-end ; Monotonic Fall at Far-end ;
+---------------+--------------+---------------------+---------------------+------------------------------+------------------------------+---------------------+---------------------+--------------------------------------+--------------------------------------+-----------------------------+-----------------------------+----------------------------+----------------------------+-----------------------------+-----------------------------+--------------------+--------------------+-------------------------------------+-------------------------------------+----------------------------+----------------------------+---------------------------+---------------------------+
; oALUOut[0]    ; 2.5 V        ; 0 s                 ; 0 s                 ; 2.32 V                       ; 4.67e-07 V                   ; 2.35 V              ; -0.00942 V          ; 0.116 V                              ; 0.033 V                              ; 6.66e-10 s                  ; 6.27e-10 s                  ; Yes                        ; Yes                        ; 2.32 V                      ; 4.67e-07 V                  ; 2.35 V             ; -0.00942 V         ; 0.116 V                             ; 0.033 V                             ; 6.66e-10 s                 ; 6.27e-10 s                 ; Yes                       ; Yes                       ;
; oALUOut[1]    ; 2.5 V        ; 0 s                 ; 0 s                 ; 2.32 V                       ; 4.67e-07 V                   ; 2.36 V              ; -0.00552 V          ; 0.11 V                               ; 0.007 V                              ; 4.54e-10 s                  ; 4.35e-10 s                  ; Yes                        ; Yes                        ; 2.32 V                      ; 4.67e-07 V                  ; 2.36 V             ; -0.00552 V         ; 0.11 V                              ; 0.007 V                             ; 4.54e-10 s                 ; 4.35e-10 s                 ; Yes                       ; Yes                       ;
; oALUOut[2]    ; 2.5 V        ; 0 s                 ; 0 s                 ; 2.32 V                       ; 4.67e-07 V                   ; 2.35 V              ; -0.00942 V          ; 0.116 V                              ; 0.033 V                              ; 6.66e-10 s                  ; 6.27e-10 s                  ; Yes                        ; Yes                        ; 2.32 V                      ; 4.67e-07 V                  ; 2.35 V             ; -0.00942 V         ; 0.116 V                             ; 0.033 V                             ; 6.66e-10 s                 ; 6.27e-10 s                 ; Yes                       ; Yes                       ;
; oALUOut[3]    ; 2.5 V        ; 0 s                 ; 0 s                 ; 2.32 V                       ; 6.92e-07 V                   ; 2.35 V              ; -0.00996 V          ; 0.121 V                              ; 0.03 V                               ; 4.64e-10 s                  ; 4.47e-10 s                  ; Yes                        ; Yes                        ; 2.32 V                      ; 6.92e-07 V                  ; 2.35 V             ; -0.00996 V         ; 0.121 V                             ; 0.03 V                              ; 4.64e-10 s                 ; 4.47e-10 s                 ; Yes                       ; Yes                       ;
; oALUOut[4]    ; 2.5 V        ; 0 s                 ; 0 s                 ; 2.32 V                       ; 6.92e-07 V                   ; 2.35 V              ; -0.00996 V          ; 0.121 V                              ; 0.03 V                               ; 4.64e-10 s                  ; 4.47e-10 s                  ; Yes                        ; Yes                        ; 2.32 V                      ; 6.92e-07 V                  ; 2.35 V             ; -0.00996 V         ; 0.121 V                             ; 0.03 V                              ; 4.64e-10 s                 ; 4.47e-10 s                 ; Yes                       ; Yes                       ;
; oALUOut[5]    ; 2.5 V        ; 0 s                 ; 0 s                 ; 2.32 V                       ; 4.67e-07 V                   ; 2.33 V              ; -0.00269 V          ; 0.13 V                               ; 0.055 V                              ; 3.54e-09 s                  ; 3.29e-09 s                  ; Yes                        ; Yes                        ; 2.32 V                      ; 4.67e-07 V                  ; 2.33 V             ; -0.00269 V         ; 0.13 V                              ; 0.055 V                             ; 3.54e-09 s                 ; 3.29e-09 s                 ; Yes                       ; Yes                       ;
; oALUOut[6]    ; 2.5 V        ; 0 s                 ; 0 s                 ; 2.32 V                       ; 4.67e-07 V                   ; 2.35 V              ; -0.00942 V          ; 0.116 V                              ; 0.033 V                              ; 6.66e-10 s                  ; 6.27e-10 s                  ; Yes                        ; Yes                        ; 2.32 V                      ; 4.67e-07 V                  ; 2.35 V             ; -0.00942 V         ; 0.116 V                             ; 0.033 V                             ; 6.66e-10 s                 ; 6.27e-10 s                 ; Yes                       ; Yes                       ;
; oALUOut[7]    ; 2.5 V        ; 0 s                 ; 0 s                 ; 2.32 V                       ; 6.92e-07 V                   ; 2.35 V              ; -0.00996 V          ; 0.121 V                              ; 0.03 V                               ; 4.64e-10 s                  ; 4.47e-10 s                  ; Yes                        ; Yes                        ; 2.32 V                      ; 6.92e-07 V                  ; 2.35 V             ; -0.00996 V         ; 0.121 V                             ; 0.03 V                              ; 4.64e-10 s                 ; 4.47e-10 s                 ; Yes                       ; Yes                       ;
; oALUOut[8]    ; 2.5 V        ; 0 s                 ; 0 s                 ; 2.32 V                       ; 4.67e-07 V                   ; 2.35 V              ; -0.00942 V          ; 0.116 V                              ; 0.033 V                              ; 6.66e-10 s                  ; 6.27e-10 s                  ; Yes                        ; Yes                        ; 2.32 V                      ; 4.67e-07 V                  ; 2.35 V             ; -0.00942 V         ; 0.116 V                             ; 0.033 V                             ; 6.66e-10 s                 ; 6.27e-10 s                 ; Yes                       ; Yes                       ;
; oALUOut[9]    ; 2.5 V        ; 0 s                 ; 0 s                 ; 2.32 V                       ; 4.67e-07 V                   ; 2.35 V              ; -0.00942 V          ; 0.116 V                              ; 0.033 V                              ; 6.66e-10 s                  ; 6.27e-10 s                  ; Yes                        ; Yes                        ; 2.32 V                      ; 4.67e-07 V                  ; 2.35 V             ; -0.00942 V         ; 0.116 V                             ; 0.033 V                             ; 6.66e-10 s                 ; 6.27e-10 s                 ; Yes                       ; Yes                       ;
; oALUOut[10]   ; 2.5 V        ; 0 s                 ; 0 s                 ; 2.32 V                       ; 6.92e-07 V                   ; 2.35 V              ; -0.00996 V          ; 0.121 V                              ; 0.03 V                               ; 4.64e-10 s                  ; 4.47e-10 s                  ; Yes                        ; Yes                        ; 2.32 V                      ; 6.92e-07 V                  ; 2.35 V             ; -0.00996 V         ; 0.121 V                             ; 0.03 V                              ; 4.64e-10 s                 ; 4.47e-10 s                 ; Yes                       ; Yes                       ;
; oALUOut[11]   ; 2.5 V        ; 0 s                 ; 0 s                 ; 2.32 V                       ; 6.92e-07 V                   ; 2.35 V              ; -0.00996 V          ; 0.121 V                              ; 0.03 V                               ; 4.64e-10 s                  ; 4.47e-10 s                  ; Yes                        ; Yes                        ; 2.32 V                      ; 6.92e-07 V                  ; 2.35 V             ; -0.00996 V         ; 0.121 V                             ; 0.03 V                              ; 4.64e-10 s                 ; 4.47e-10 s                 ; Yes                       ; Yes                       ;
; oALUOut[12]   ; 2.5 V        ; 0 s                 ; 0 s                 ; 2.32 V                       ; 6.92e-07 V                   ; 2.35 V              ; -0.00996 V          ; 0.121 V                              ; 0.03 V                               ; 4.64e-10 s                  ; 4.47e-10 s                  ; Yes                        ; Yes                        ; 2.32 V                      ; 6.92e-07 V                  ; 2.35 V             ; -0.00996 V         ; 0.121 V                             ; 0.03 V                              ; 4.64e-10 s                 ; 4.47e-10 s                 ; Yes                       ; Yes                       ;
; oALUOut[13]   ; 2.5 V        ; 0 s                 ; 0 s                 ; 2.32 V                       ; 4.67e-07 V                   ; 2.35 V              ; -0.00942 V          ; 0.116 V                              ; 0.033 V                              ; 6.66e-10 s                  ; 6.27e-10 s                  ; Yes                        ; Yes                        ; 2.32 V                      ; 4.67e-07 V                  ; 2.35 V             ; -0.00942 V         ; 0.116 V                             ; 0.033 V                             ; 6.66e-10 s                 ; 6.27e-10 s                 ; Yes                       ; Yes                       ;
; oALUOut[14]   ; 2.5 V        ; 0 s                 ; 0 s                 ; 2.32 V                       ; 4.67e-07 V                   ; 2.35 V              ; -0.00942 V          ; 0.116 V                              ; 0.033 V                              ; 6.66e-10 s                  ; 6.27e-10 s                  ; Yes                        ; Yes                        ; 2.32 V                      ; 4.67e-07 V                  ; 2.35 V             ; -0.00942 V         ; 0.116 V                             ; 0.033 V                             ; 6.66e-10 s                 ; 6.27e-10 s                 ; Yes                       ; Yes                       ;
; oALUOut[15]   ; 2.5 V        ; 0 s                 ; 0 s                 ; 2.32 V                       ; 4.67e-07 V                   ; 2.35 V              ; -0.00942 V          ; 0.116 V                              ; 0.033 V                              ; 6.66e-10 s                  ; 6.27e-10 s                  ; Yes                        ; Yes                        ; 2.32 V                      ; 4.67e-07 V                  ; 2.35 V             ; -0.00942 V         ; 0.116 V                             ; 0.033 V                             ; 6.66e-10 s                 ; 6.27e-10 s                 ; Yes                       ; Yes                       ;
; oALUOut[16]   ; 2.5 V        ; 0 s                 ; 0 s                 ; 2.32 V                       ; 4.67e-07 V                   ; 2.35 V              ; -0.00942 V          ; 0.116 V                              ; 0.033 V                              ; 6.66e-10 s                  ; 6.27e-10 s                  ; Yes                        ; Yes                        ; 2.32 V                      ; 4.67e-07 V                  ; 2.35 V             ; -0.00942 V         ; 0.116 V                             ; 0.033 V                             ; 6.66e-10 s                 ; 6.27e-10 s                 ; Yes                       ; Yes                       ;
; oALUOut[17]   ; 2.5 V        ; 0 s                 ; 0 s                 ; 2.32 V                       ; 4.67e-07 V                   ; 2.35 V              ; -0.00942 V          ; 0.116 V                              ; 0.033 V                              ; 6.66e-10 s                  ; 6.27e-10 s                  ; Yes                        ; Yes                        ; 2.32 V                      ; 4.67e-07 V                  ; 2.35 V             ; -0.00942 V         ; 0.116 V                             ; 0.033 V                             ; 6.66e-10 s                 ; 6.27e-10 s                 ; Yes                       ; Yes                       ;
; oALUOut[18]   ; 2.5 V        ; 0 s                 ; 0 s                 ; 2.32 V                       ; 4.67e-07 V                   ; 2.35 V              ; -0.00942 V          ; 0.116 V                              ; 0.033 V                              ; 6.66e-10 s                  ; 6.27e-10 s                  ; Yes                        ; Yes                        ; 2.32 V                      ; 4.67e-07 V                  ; 2.35 V             ; -0.00942 V         ; 0.116 V                             ; 0.033 V                             ; 6.66e-10 s                 ; 6.27e-10 s                 ; Yes                       ; Yes                       ;
; oALUOut[19]   ; 2.5 V        ; 0 s                 ; 0 s                 ; 2.32 V                       ; 6.92e-07 V                   ; 2.35 V              ; -0.00996 V          ; 0.121 V                              ; 0.03 V                               ; 4.64e-10 s                  ; 4.47e-10 s                  ; Yes                        ; Yes                        ; 2.32 V                      ; 6.92e-07 V                  ; 2.35 V             ; -0.00996 V         ; 0.121 V                             ; 0.03 V                              ; 4.64e-10 s                 ; 4.47e-10 s                 ; Yes                       ; Yes                       ;
; oALUOut[20]   ; 2.5 V        ; 0 s                 ; 0 s                 ; 2.32 V                       ; 6.92e-07 V                   ; 2.35 V              ; -0.00996 V          ; 0.121 V                              ; 0.03 V                               ; 4.64e-10 s                  ; 4.47e-10 s                  ; Yes                        ; Yes                        ; 2.32 V                      ; 6.92e-07 V                  ; 2.35 V             ; -0.00996 V         ; 0.121 V                             ; 0.03 V                              ; 4.64e-10 s                 ; 4.47e-10 s                 ; Yes                       ; Yes                       ;
; oALUOut[21]   ; 2.5 V        ; 0 s                 ; 0 s                 ; 2.32 V                       ; 6.92e-07 V                   ; 2.35 V              ; -0.00996 V          ; 0.121 V                              ; 0.03 V                               ; 4.64e-10 s                  ; 4.47e-10 s                  ; Yes                        ; Yes                        ; 2.32 V                      ; 6.92e-07 V                  ; 2.35 V             ; -0.00996 V         ; 0.121 V                             ; 0.03 V                              ; 4.64e-10 s                 ; 4.47e-10 s                 ; Yes                       ; Yes                       ;
; oALUOut[22]   ; 2.5 V        ; 0 s                 ; 0 s                 ; 2.32 V                       ; 4.67e-07 V                   ; 2.35 V              ; -0.00942 V          ; 0.116 V                              ; 0.033 V                              ; 6.66e-10 s                  ; 6.27e-10 s                  ; Yes                        ; Yes                        ; 2.32 V                      ; 4.67e-07 V                  ; 2.35 V             ; -0.00942 V         ; 0.116 V                             ; 0.033 V                             ; 6.66e-10 s                 ; 6.27e-10 s                 ; Yes                       ; Yes                       ;
; oALUOut[23]   ; 2.5 V        ; 0 s                 ; 0 s                 ; 2.32 V                       ; 4.67e-07 V                   ; 2.35 V              ; -0.00942 V          ; 0.116 V                              ; 0.033 V                              ; 6.66e-10 s                  ; 6.27e-10 s                  ; Yes                        ; Yes                        ; 2.32 V                      ; 4.67e-07 V                  ; 2.35 V             ; -0.00942 V         ; 0.116 V                             ; 0.033 V                             ; 6.66e-10 s                 ; 6.27e-10 s                 ; Yes                       ; Yes                       ;
; oALUOut[24]   ; 2.5 V        ; 0 s                 ; 0 s                 ; 2.32 V                       ; 4.67e-07 V                   ; 2.35 V              ; -0.00942 V          ; 0.116 V                              ; 0.033 V                              ; 6.66e-10 s                  ; 6.27e-10 s                  ; Yes                        ; Yes                        ; 2.32 V                      ; 4.67e-07 V                  ; 2.35 V             ; -0.00942 V         ; 0.116 V                             ; 0.033 V                             ; 6.66e-10 s                 ; 6.27e-10 s                 ; Yes                       ; Yes                       ;
; oALUOut[25]   ; 2.5 V        ; 0 s                 ; 0 s                 ; 2.32 V                       ; 4.67e-07 V                   ; 2.35 V              ; -0.00942 V          ; 0.116 V                              ; 0.033 V                              ; 6.66e-10 s                  ; 6.27e-10 s                  ; Yes                        ; Yes                        ; 2.32 V                      ; 4.67e-07 V                  ; 2.35 V             ; -0.00942 V         ; 0.116 V                             ; 0.033 V                             ; 6.66e-10 s                 ; 6.27e-10 s                 ; Yes                       ; Yes                       ;
; oALUOut[26]   ; 2.5 V        ; 0 s                 ; 0 s                 ; 2.32 V                       ; 4.67e-07 V                   ; 2.36 V              ; -0.00552 V          ; 0.11 V                               ; 0.007 V                              ; 4.54e-10 s                  ; 4.35e-10 s                  ; Yes                        ; Yes                        ; 2.32 V                      ; 4.67e-07 V                  ; 2.36 V             ; -0.00552 V         ; 0.11 V                              ; 0.007 V                             ; 4.54e-10 s                 ; 4.35e-10 s                 ; Yes                       ; Yes                       ;
; oALUOut[27]   ; 2.5 V        ; 0 s                 ; 0 s                 ; 2.32 V                       ; 4.67e-07 V                   ; 2.35 V              ; -0.00942 V          ; 0.116 V                              ; 0.033 V                              ; 6.66e-10 s                  ; 6.27e-10 s                  ; Yes                        ; Yes                        ; 2.32 V                      ; 4.67e-07 V                  ; 2.35 V             ; -0.00942 V         ; 0.116 V                             ; 0.033 V                             ; 6.66e-10 s                 ; 6.27e-10 s                 ; Yes                       ; Yes                       ;
; oALUOut[28]   ; 2.5 V        ; 0 s                 ; 0 s                 ; 2.32 V                       ; 4.67e-07 V                   ; 2.35 V              ; -0.00942 V          ; 0.116 V                              ; 0.033 V                              ; 6.66e-10 s                  ; 6.27e-10 s                  ; Yes                        ; Yes                        ; 2.32 V                      ; 4.67e-07 V                  ; 2.35 V             ; -0.00942 V         ; 0.116 V                             ; 0.033 V                             ; 6.66e-10 s                 ; 6.27e-10 s                 ; Yes                       ; Yes                       ;
; oALUOut[29]   ; 2.5 V        ; 0 s                 ; 0 s                 ; 2.32 V                       ; 4.67e-07 V                   ; 2.35 V              ; -0.00942 V          ; 0.116 V                              ; 0.033 V                              ; 6.66e-10 s                  ; 6.27e-10 s                  ; Yes                        ; Yes                        ; 2.32 V                      ; 4.67e-07 V                  ; 2.35 V             ; -0.00942 V         ; 0.116 V                             ; 0.033 V                             ; 6.66e-10 s                 ; 6.27e-10 s                 ; Yes                       ; Yes                       ;
; oALUOut[30]   ; 2.5 V        ; 0 s                 ; 0 s                 ; 2.32 V                       ; 4.67e-07 V                   ; 2.35 V              ; -0.00942 V          ; 0.116 V                              ; 0.033 V                              ; 6.66e-10 s                  ; 6.27e-10 s                  ; Yes                        ; Yes                        ; 2.32 V                      ; 4.67e-07 V                  ; 2.35 V             ; -0.00942 V         ; 0.116 V                             ; 0.033 V                             ; 6.66e-10 s                 ; 6.27e-10 s                 ; Yes                       ; Yes                       ;
; oALUOut[31]   ; 2.5 V        ; 0 s                 ; 0 s                 ; 2.32 V                       ; 4.67e-07 V                   ; 2.35 V              ; -0.00942 V          ; 0.116 V                              ; 0.033 V                              ; 6.66e-10 s                  ; 6.27e-10 s                  ; Yes                        ; Yes                        ; 2.32 V                      ; 4.67e-07 V                  ; 2.35 V             ; -0.00942 V         ; 0.116 V                             ; 0.033 V                             ; 6.66e-10 s                 ; 6.27e-10 s                 ; Yes                       ; Yes                       ;
; ~ALTERA_DCLK~ ; 2.5 V        ; 0 s                 ; 0 s                 ; 2.32 V                       ; 3.75e-07 V                   ; 2.35 V              ; -0.0109 V           ; 0.084 V                              ; 0.027 V                              ; 4.31e-10 s                  ; 3.61e-10 s                  ; Yes                        ; Yes                        ; 2.32 V                      ; 3.75e-07 V                  ; 2.35 V             ; -0.0109 V          ; 0.084 V                             ; 0.027 V                             ; 4.31e-10 s                 ; 3.61e-10 s                 ; Yes                       ; Yes                       ;
; ~ALTERA_nCEO~ ; 2.5 V        ; 0 s                 ; 0 s                 ; 2.32 V                       ; 6.15e-07 V                   ; 2.35 V              ; -0.00712 V          ; 0.093 V                              ; 0.02 V                               ; 6.21e-10 s                  ; 7.9e-10 s                   ; Yes                        ; Yes                        ; 2.32 V                      ; 6.15e-07 V                  ; 2.35 V             ; -0.00712 V         ; 0.093 V                             ; 0.02 V                              ; 6.21e-10 s                 ; 7.9e-10 s                  ; Yes                       ; Yes                       ;
+---------------+--------------+---------------------+---------------------+------------------------------+------------------------------+---------------------+---------------------+--------------------------------------+--------------------------------------+-----------------------------+-----------------------------+----------------------------+----------------------------+-----------------------------+-----------------------------+--------------------+--------------------+-------------------------------------+-------------------------------------+----------------------------+----------------------------+---------------------------+---------------------------+


+--------------------------------------------------------------------------------------------------------------------------------------------------------------------------------------------------------------------------------------------------------------------------------------------------------------------------------------------------------------------------------------------------------------------------------------------------------------------------------------------------------------------------------------------------------------------------------------------------------------------------------------------------------------------------------------------+
; Signal Integrity Metrics (Fast 1200mv 0c Model)                                                                                                                                                                                                                                                                                                                                                                                                                                                                                                                                                                                                                                            ;
+---------------+--------------+---------------------+---------------------+------------------------------+------------------------------+---------------------+---------------------+--------------------------------------+--------------------------------------+-----------------------------+-----------------------------+----------------------------+----------------------------+-----------------------------+-----------------------------+--------------------+--------------------+-------------------------------------+-------------------------------------+----------------------------+----------------------------+---------------------------+---------------------------+
; Pin           ; I/O Standard ; Board Delay on Rise ; Board Delay on Fall ; Steady State Voh at FPGA Pin ; Steady State Vol at FPGA Pin ; Voh Max at FPGA Pin ; Vol Min at FPGA Pin ; Ringback Voltage on Rise at FPGA Pin ; Ringback Voltage on Fall at FPGA Pin ; 10-90 Rise Time at FPGA Pin ; 90-10 Fall Time at FPGA Pin ; Monotonic Rise at FPGA Pin ; Monotonic Fall at FPGA Pin ; Steady State Voh at Far-end ; Steady State Vol at Far-end ; Voh Max at Far-end ; Vol Min at Far-end ; Ringback Voltage on Rise at Far-end ; Ringback Voltage on Fall at Far-end ; 10-90 Rise Time at Far-end ; 90-10 Fall Time at Far-end ; Monotonic Rise at Far-end ; Monotonic Fall at Far-end ;
+---------------+--------------+---------------------+---------------------+------------------------------+------------------------------+---------------------+---------------------+--------------------------------------+--------------------------------------+-----------------------------+-----------------------------+----------------------------+----------------------------+-----------------------------+-----------------------------+--------------------+--------------------+-------------------------------------+-------------------------------------+----------------------------+----------------------------+---------------------------+---------------------------+
; oALUOut[0]    ; 2.5 V        ; 0 s                 ; 0 s                 ; 2.62 V                       ; 2.74e-08 V                   ; 2.71 V              ; -0.0317 V           ; 0.148 V                              ; 0.064 V                              ; 4.51e-10 s                  ; 4.15e-10 s                  ; No                         ; Yes                        ; 2.62 V                      ; 2.74e-08 V                  ; 2.71 V             ; -0.0317 V          ; 0.148 V                             ; 0.064 V                             ; 4.51e-10 s                 ; 4.15e-10 s                 ; No                        ; Yes                       ;
; oALUOut[1]    ; 2.5 V        ; 0 s                 ; 0 s                 ; 2.62 V                       ; 2.74e-08 V                   ; 2.73 V              ; -0.0384 V           ; 0.169 V                              ; 0.089 V                              ; 2.7e-10 s                   ; 2.62e-10 s                  ; Yes                        ; Yes                        ; 2.62 V                      ; 2.74e-08 V                  ; 2.73 V             ; -0.0384 V          ; 0.169 V                             ; 0.089 V                             ; 2.7e-10 s                  ; 2.62e-10 s                 ; Yes                       ; Yes                       ;
; oALUOut[2]    ; 2.5 V        ; 0 s                 ; 0 s                 ; 2.62 V                       ; 2.74e-08 V                   ; 2.71 V              ; -0.0317 V           ; 0.148 V                              ; 0.064 V                              ; 4.51e-10 s                  ; 4.15e-10 s                  ; No                         ; Yes                        ; 2.62 V                      ; 2.74e-08 V                  ; 2.71 V             ; -0.0317 V          ; 0.148 V                             ; 0.064 V                             ; 4.51e-10 s                 ; 4.15e-10 s                 ; No                        ; Yes                       ;
; oALUOut[3]    ; 2.5 V        ; 0 s                 ; 0 s                 ; 2.62 V                       ; 4.05e-08 V                   ; 2.72 V              ; -0.0349 V           ; 0.173 V                              ; 0.1 V                                ; 2.72e-10 s                  ; 2.69e-10 s                  ; Yes                        ; Yes                        ; 2.62 V                      ; 4.05e-08 V                  ; 2.72 V             ; -0.0349 V          ; 0.173 V                             ; 0.1 V                               ; 2.72e-10 s                 ; 2.69e-10 s                 ; Yes                       ; Yes                       ;
; oALUOut[4]    ; 2.5 V        ; 0 s                 ; 0 s                 ; 2.62 V                       ; 4.05e-08 V                   ; 2.72 V              ; -0.0349 V           ; 0.173 V                              ; 0.1 V                                ; 2.72e-10 s                  ; 2.69e-10 s                  ; Yes                        ; Yes                        ; 2.62 V                      ; 4.05e-08 V                  ; 2.72 V             ; -0.0349 V          ; 0.173 V                             ; 0.1 V                               ; 2.72e-10 s                 ; 2.69e-10 s                 ; Yes                       ; Yes                       ;
; oALUOut[5]    ; 2.5 V        ; 0 s                 ; 0 s                 ; 2.62 V                       ; 2.74e-08 V                   ; 2.64 V              ; -0.0117 V           ; 0.202 V                              ; 0.176 V                              ; 2.38e-09 s                  ; 2.22e-09 s                  ; No                         ; Yes                        ; 2.62 V                      ; 2.74e-08 V                  ; 2.64 V             ; -0.0117 V          ; 0.202 V                             ; 0.176 V                             ; 2.38e-09 s                 ; 2.22e-09 s                 ; No                        ; Yes                       ;
; oALUOut[6]    ; 2.5 V        ; 0 s                 ; 0 s                 ; 2.62 V                       ; 2.74e-08 V                   ; 2.71 V              ; -0.0317 V           ; 0.148 V                              ; 0.064 V                              ; 4.51e-10 s                  ; 4.15e-10 s                  ; No                         ; Yes                        ; 2.62 V                      ; 2.74e-08 V                  ; 2.71 V             ; -0.0317 V          ; 0.148 V                             ; 0.064 V                             ; 4.51e-10 s                 ; 4.15e-10 s                 ; No                        ; Yes                       ;
; oALUOut[7]    ; 2.5 V        ; 0 s                 ; 0 s                 ; 2.62 V                       ; 4.05e-08 V                   ; 2.72 V              ; -0.0349 V           ; 0.173 V                              ; 0.1 V                                ; 2.72e-10 s                  ; 2.69e-10 s                  ; Yes                        ; Yes                        ; 2.62 V                      ; 4.05e-08 V                  ; 2.72 V             ; -0.0349 V          ; 0.173 V                             ; 0.1 V                               ; 2.72e-10 s                 ; 2.69e-10 s                 ; Yes                       ; Yes                       ;
; oALUOut[8]    ; 2.5 V        ; 0 s                 ; 0 s                 ; 2.62 V                       ; 2.74e-08 V                   ; 2.71 V              ; -0.0317 V           ; 0.148 V                              ; 0.064 V                              ; 4.51e-10 s                  ; 4.15e-10 s                  ; No                         ; Yes                        ; 2.62 V                      ; 2.74e-08 V                  ; 2.71 V             ; -0.0317 V          ; 0.148 V                             ; 0.064 V                             ; 4.51e-10 s                 ; 4.15e-10 s                 ; No                        ; Yes                       ;
; oALUOut[9]    ; 2.5 V        ; 0 s                 ; 0 s                 ; 2.62 V                       ; 2.74e-08 V                   ; 2.71 V              ; -0.0317 V           ; 0.148 V                              ; 0.064 V                              ; 4.51e-10 s                  ; 4.15e-10 s                  ; No                         ; Yes                        ; 2.62 V                      ; 2.74e-08 V                  ; 2.71 V             ; -0.0317 V          ; 0.148 V                             ; 0.064 V                             ; 4.51e-10 s                 ; 4.15e-10 s                 ; No                        ; Yes                       ;
; oALUOut[10]   ; 2.5 V        ; 0 s                 ; 0 s                 ; 2.62 V                       ; 4.05e-08 V                   ; 2.72 V              ; -0.0349 V           ; 0.173 V                              ; 0.1 V                                ; 2.72e-10 s                  ; 2.69e-10 s                  ; Yes                        ; Yes                        ; 2.62 V                      ; 4.05e-08 V                  ; 2.72 V             ; -0.0349 V          ; 0.173 V                             ; 0.1 V                               ; 2.72e-10 s                 ; 2.69e-10 s                 ; Yes                       ; Yes                       ;
; oALUOut[11]   ; 2.5 V        ; 0 s                 ; 0 s                 ; 2.62 V                       ; 4.05e-08 V                   ; 2.72 V              ; -0.0349 V           ; 0.173 V                              ; 0.1 V                                ; 2.72e-10 s                  ; 2.69e-10 s                  ; Yes                        ; Yes                        ; 2.62 V                      ; 4.05e-08 V                  ; 2.72 V             ; -0.0349 V          ; 0.173 V                             ; 0.1 V                               ; 2.72e-10 s                 ; 2.69e-10 s                 ; Yes                       ; Yes                       ;
; oALUOut[12]   ; 2.5 V        ; 0 s                 ; 0 s                 ; 2.62 V                       ; 4.05e-08 V                   ; 2.72 V              ; -0.0349 V           ; 0.173 V                              ; 0.1 V                                ; 2.72e-10 s                  ; 2.69e-10 s                  ; Yes                        ; Yes                        ; 2.62 V                      ; 4.05e-08 V                  ; 2.72 V             ; -0.0349 V          ; 0.173 V                             ; 0.1 V                               ; 2.72e-10 s                 ; 2.69e-10 s                 ; Yes                       ; Yes                       ;
; oALUOut[13]   ; 2.5 V        ; 0 s                 ; 0 s                 ; 2.62 V                       ; 2.74e-08 V                   ; 2.71 V              ; -0.0317 V           ; 0.148 V                              ; 0.064 V                              ; 4.51e-10 s                  ; 4.15e-10 s                  ; No                         ; Yes                        ; 2.62 V                      ; 2.74e-08 V                  ; 2.71 V             ; -0.0317 V          ; 0.148 V                             ; 0.064 V                             ; 4.51e-10 s                 ; 4.15e-10 s                 ; No                        ; Yes                       ;
; oALUOut[14]   ; 2.5 V        ; 0 s                 ; 0 s                 ; 2.62 V                       ; 2.74e-08 V                   ; 2.71 V              ; -0.0317 V           ; 0.148 V                              ; 0.064 V                              ; 4.51e-10 s                  ; 4.15e-10 s                  ; No                         ; Yes                        ; 2.62 V                      ; 2.74e-08 V                  ; 2.71 V             ; -0.0317 V          ; 0.148 V                             ; 0.064 V                             ; 4.51e-10 s                 ; 4.15e-10 s                 ; No                        ; Yes                       ;
; oALUOut[15]   ; 2.5 V        ; 0 s                 ; 0 s                 ; 2.62 V                       ; 2.74e-08 V                   ; 2.71 V              ; -0.0317 V           ; 0.148 V                              ; 0.064 V                              ; 4.51e-10 s                  ; 4.15e-10 s                  ; No                         ; Yes                        ; 2.62 V                      ; 2.74e-08 V                  ; 2.71 V             ; -0.0317 V          ; 0.148 V                             ; 0.064 V                             ; 4.51e-10 s                 ; 4.15e-10 s                 ; No                        ; Yes                       ;
; oALUOut[16]   ; 2.5 V        ; 0 s                 ; 0 s                 ; 2.62 V                       ; 2.74e-08 V                   ; 2.71 V              ; -0.0317 V           ; 0.148 V                              ; 0.064 V                              ; 4.51e-10 s                  ; 4.15e-10 s                  ; No                         ; Yes                        ; 2.62 V                      ; 2.74e-08 V                  ; 2.71 V             ; -0.0317 V          ; 0.148 V                             ; 0.064 V                             ; 4.51e-10 s                 ; 4.15e-10 s                 ; No                        ; Yes                       ;
; oALUOut[17]   ; 2.5 V        ; 0 s                 ; 0 s                 ; 2.62 V                       ; 2.74e-08 V                   ; 2.71 V              ; -0.0317 V           ; 0.148 V                              ; 0.064 V                              ; 4.51e-10 s                  ; 4.15e-10 s                  ; No                         ; Yes                        ; 2.62 V                      ; 2.74e-08 V                  ; 2.71 V             ; -0.0317 V          ; 0.148 V                             ; 0.064 V                             ; 4.51e-10 s                 ; 4.15e-10 s                 ; No                        ; Yes                       ;
; oALUOut[18]   ; 2.5 V        ; 0 s                 ; 0 s                 ; 2.62 V                       ; 2.74e-08 V                   ; 2.71 V              ; -0.0317 V           ; 0.148 V                              ; 0.064 V                              ; 4.51e-10 s                  ; 4.15e-10 s                  ; No                         ; Yes                        ; 2.62 V                      ; 2.74e-08 V                  ; 2.71 V             ; -0.0317 V          ; 0.148 V                             ; 0.064 V                             ; 4.51e-10 s                 ; 4.15e-10 s                 ; No                        ; Yes                       ;
; oALUOut[19]   ; 2.5 V        ; 0 s                 ; 0 s                 ; 2.62 V                       ; 4.05e-08 V                   ; 2.72 V              ; -0.0349 V           ; 0.173 V                              ; 0.1 V                                ; 2.72e-10 s                  ; 2.69e-10 s                  ; Yes                        ; Yes                        ; 2.62 V                      ; 4.05e-08 V                  ; 2.72 V             ; -0.0349 V          ; 0.173 V                             ; 0.1 V                               ; 2.72e-10 s                 ; 2.69e-10 s                 ; Yes                       ; Yes                       ;
; oALUOut[20]   ; 2.5 V        ; 0 s                 ; 0 s                 ; 2.62 V                       ; 4.05e-08 V                   ; 2.72 V              ; -0.0349 V           ; 0.173 V                              ; 0.1 V                                ; 2.72e-10 s                  ; 2.69e-10 s                  ; Yes                        ; Yes                        ; 2.62 V                      ; 4.05e-08 V                  ; 2.72 V             ; -0.0349 V          ; 0.173 V                             ; 0.1 V                               ; 2.72e-10 s                 ; 2.69e-10 s                 ; Yes                       ; Yes                       ;
; oALUOut[21]   ; 2.5 V        ; 0 s                 ; 0 s                 ; 2.62 V                       ; 4.05e-08 V                   ; 2.72 V              ; -0.0349 V           ; 0.173 V                              ; 0.1 V                                ; 2.72e-10 s                  ; 2.69e-10 s                  ; Yes                        ; Yes                        ; 2.62 V                      ; 4.05e-08 V                  ; 2.72 V             ; -0.0349 V          ; 0.173 V                             ; 0.1 V                               ; 2.72e-10 s                 ; 2.69e-10 s                 ; Yes                       ; Yes                       ;
; oALUOut[22]   ; 2.5 V        ; 0 s                 ; 0 s                 ; 2.62 V                       ; 2.74e-08 V                   ; 2.71 V              ; -0.0317 V           ; 0.148 V                              ; 0.064 V                              ; 4.51e-10 s                  ; 4.15e-10 s                  ; No                         ; Yes                        ; 2.62 V                      ; 2.74e-08 V                  ; 2.71 V             ; -0.0317 V          ; 0.148 V                             ; 0.064 V                             ; 4.51e-10 s                 ; 4.15e-10 s                 ; No                        ; Yes                       ;
; oALUOut[23]   ; 2.5 V        ; 0 s                 ; 0 s                 ; 2.62 V                       ; 2.74e-08 V                   ; 2.71 V              ; -0.0317 V           ; 0.148 V                              ; 0.064 V                              ; 4.51e-10 s                  ; 4.15e-10 s                  ; No                         ; Yes                        ; 2.62 V                      ; 2.74e-08 V                  ; 2.71 V             ; -0.0317 V          ; 0.148 V                             ; 0.064 V                             ; 4.51e-10 s                 ; 4.15e-10 s                 ; No                        ; Yes                       ;
; oALUOut[24]   ; 2.5 V        ; 0 s                 ; 0 s                 ; 2.62 V                       ; 2.74e-08 V                   ; 2.71 V              ; -0.0317 V           ; 0.148 V                              ; 0.064 V                              ; 4.51e-10 s                  ; 4.15e-10 s                  ; No                         ; Yes                        ; 2.62 V                      ; 2.74e-08 V                  ; 2.71 V             ; -0.0317 V          ; 0.148 V                             ; 0.064 V                             ; 4.51e-10 s                 ; 4.15e-10 s                 ; No                        ; Yes                       ;
; oALUOut[25]   ; 2.5 V        ; 0 s                 ; 0 s                 ; 2.62 V                       ; 2.74e-08 V                   ; 2.71 V              ; -0.0317 V           ; 0.148 V                              ; 0.064 V                              ; 4.51e-10 s                  ; 4.15e-10 s                  ; No                         ; Yes                        ; 2.62 V                      ; 2.74e-08 V                  ; 2.71 V             ; -0.0317 V          ; 0.148 V                             ; 0.064 V                             ; 4.51e-10 s                 ; 4.15e-10 s                 ; No                        ; Yes                       ;
; oALUOut[26]   ; 2.5 V        ; 0 s                 ; 0 s                 ; 2.62 V                       ; 2.74e-08 V                   ; 2.73 V              ; -0.0384 V           ; 0.169 V                              ; 0.089 V                              ; 2.7e-10 s                   ; 2.62e-10 s                  ; Yes                        ; Yes                        ; 2.62 V                      ; 2.74e-08 V                  ; 2.73 V             ; -0.0384 V          ; 0.169 V                             ; 0.089 V                             ; 2.7e-10 s                  ; 2.62e-10 s                 ; Yes                       ; Yes                       ;
; oALUOut[27]   ; 2.5 V        ; 0 s                 ; 0 s                 ; 2.62 V                       ; 2.74e-08 V                   ; 2.71 V              ; -0.0317 V           ; 0.148 V                              ; 0.064 V                              ; 4.51e-10 s                  ; 4.15e-10 s                  ; No                         ; Yes                        ; 2.62 V                      ; 2.74e-08 V                  ; 2.71 V             ; -0.0317 V          ; 0.148 V                             ; 0.064 V                             ; 4.51e-10 s                 ; 4.15e-10 s                 ; No                        ; Yes                       ;
; oALUOut[28]   ; 2.5 V        ; 0 s                 ; 0 s                 ; 2.62 V                       ; 2.74e-08 V                   ; 2.71 V              ; -0.0317 V           ; 0.148 V                              ; 0.064 V                              ; 4.51e-10 s                  ; 4.15e-10 s                  ; No                         ; Yes                        ; 2.62 V                      ; 2.74e-08 V                  ; 2.71 V             ; -0.0317 V          ; 0.148 V                             ; 0.064 V                             ; 4.51e-10 s                 ; 4.15e-10 s                 ; No                        ; Yes                       ;
; oALUOut[29]   ; 2.5 V        ; 0 s                 ; 0 s                 ; 2.62 V                       ; 2.74e-08 V                   ; 2.71 V              ; -0.0317 V           ; 0.148 V                              ; 0.064 V                              ; 4.51e-10 s                  ; 4.15e-10 s                  ; No                         ; Yes                        ; 2.62 V                      ; 2.74e-08 V                  ; 2.71 V             ; -0.0317 V          ; 0.148 V                             ; 0.064 V                             ; 4.51e-10 s                 ; 4.15e-10 s                 ; No                        ; Yes                       ;
; oALUOut[30]   ; 2.5 V        ; 0 s                 ; 0 s                 ; 2.62 V                       ; 2.74e-08 V                   ; 2.71 V              ; -0.0317 V           ; 0.148 V                              ; 0.064 V                              ; 4.51e-10 s                  ; 4.15e-10 s                  ; No                         ; Yes                        ; 2.62 V                      ; 2.74e-08 V                  ; 2.71 V             ; -0.0317 V          ; 0.148 V                             ; 0.064 V                             ; 4.51e-10 s                 ; 4.15e-10 s                 ; No                        ; Yes                       ;
; oALUOut[31]   ; 2.5 V        ; 0 s                 ; 0 s                 ; 2.62 V                       ; 2.74e-08 V                   ; 2.71 V              ; -0.0317 V           ; 0.148 V                              ; 0.064 V                              ; 4.51e-10 s                  ; 4.15e-10 s                  ; No                         ; Yes                        ; 2.62 V                      ; 2.74e-08 V                  ; 2.71 V             ; -0.0317 V          ; 0.148 V                             ; 0.064 V                             ; 4.51e-10 s                 ; 4.15e-10 s                 ; No                        ; Yes                       ;
; ~ALTERA_DCLK~ ; 2.5 V        ; 0 s                 ; 0 s                 ; 2.62 V                       ; 2.22e-08 V                   ; 2.74 V              ; -0.06 V             ; 0.158 V                              ; 0.08 V                               ; 2.68e-10 s                  ; 2.19e-10 s                  ; Yes                        ; Yes                        ; 2.62 V                      ; 2.22e-08 V                  ; 2.74 V             ; -0.06 V            ; 0.158 V                             ; 0.08 V                              ; 2.68e-10 s                 ; 2.19e-10 s                 ; Yes                       ; Yes                       ;
; ~ALTERA_nCEO~ ; 2.5 V        ; 0 s                 ; 0 s                 ; 2.62 V                       ; 3.54e-08 V                   ; 2.7 V               ; -0.00943 V          ; 0.276 V                              ; 0.035 V                              ; 3.19e-10 s                  ; 4.99e-10 s                  ; No                         ; Yes                        ; 2.62 V                      ; 3.54e-08 V                  ; 2.7 V              ; -0.00943 V         ; 0.276 V                             ; 0.035 V                             ; 3.19e-10 s                 ; 4.99e-10 s                 ; No                        ; Yes                       ;
+---------------+--------------+---------------------+---------------------+------------------------------+------------------------------+---------------------+---------------------+--------------------------------------+--------------------------------------+-----------------------------+-----------------------------+----------------------------+----------------------------+-----------------------------+-----------------------------+--------------------+--------------------+-------------------------------------+-------------------------------------+----------------------------+----------------------------+---------------------------+---------------------------+


+--------------------------------------------------------------------+
; Setup Transfers                                                    ;
+------------+----------+-----------+----------+----------+----------+
; From Clock ; To Clock ; RR Paths  ; FR Paths ; RF Paths ; FF Paths ;
+------------+----------+-----------+----------+----------+----------+
; iCLK       ; iCLK     ; 976638862 ; 0        ; 0        ; 0        ;
+------------+----------+-----------+----------+----------+----------+
Entries labeled "false path" only account for clock-to-clock false paths and not path-based false paths. As a result, actual path counts may be lower than reported.


+--------------------------------------------------------------------+
; Hold Transfers                                                     ;
+------------+----------+-----------+----------+----------+----------+
; From Clock ; To Clock ; RR Paths  ; FR Paths ; RF Paths ; FF Paths ;
+------------+----------+-----------+----------+----------+----------+
; iCLK       ; iCLK     ; 976638862 ; 0        ; 0        ; 0        ;
+------------+----------+-----------+----------+----------+----------+
Entries labeled "false path" only account for clock-to-clock false paths and not path-based false paths. As a result, actual path counts may be lower than reported.


---------------
; Report TCCS ;
---------------
No dedicated SERDES Transmitter circuitry present in device or used in design


---------------
; Report RSKM ;
---------------
No non-DPA dedicated SERDES Receiver circuitry present in device or used in design


+---------------------------------------------------+
; Unconstrained Paths Summary                       ;
+---------------------------------+--------+--------+
; Property                        ; Setup  ; Hold   ;
+---------------------------------+--------+--------+
; Illegal Clocks                  ; 0      ; 0      ;
; Unconstrained Clocks            ; 0      ; 0      ;
; Unconstrained Input Ports       ; 44     ; 44     ;
; Unconstrained Input Port Paths  ; 396168 ; 396168 ;
; Unconstrained Output Ports      ; 32     ; 32     ;
; Unconstrained Output Port Paths ; 8266   ; 8266   ;
+---------------------------------+--------+--------+


+-------------------------------------+
; Clock Status Summary                ;
+--------+-------+------+-------------+
; Target ; Clock ; Type ; Status      ;
+--------+-------+------+-------------+
; iCLK   ; iCLK  ; Base ; Constrained ;
+--------+-------+------+-------------+


+------------------------------------------------------------------------------------------------------+
; Unconstrained Input Ports                                                                            ;
+---------------+--------------------------------------------------------------------------------------+
; Input Port    ; Comment                                                                              ;
+---------------+--------------------------------------------------------------------------------------+
; iInstAddr[2]  ; No input delay, min/max delays, false-path exceptions, or max skew assignments found ;
; iInstAddr[3]  ; No input delay, min/max delays, false-path exceptions, or max skew assignments found ;
; iInstAddr[4]  ; No input delay, min/max delays, false-path exceptions, or max skew assignments found ;
; iInstAddr[5]  ; No input delay, min/max delays, false-path exceptions, or max skew assignments found ;
; iInstAddr[6]  ; No input delay, min/max delays, false-path exceptions, or max skew assignments found ;
; iInstAddr[7]  ; No input delay, min/max delays, false-path exceptions, or max skew assignments found ;
; iInstAddr[8]  ; No input delay, min/max delays, false-path exceptions, or max skew assignments found ;
; iInstAddr[9]  ; No input delay, min/max delays, false-path exceptions, or max skew assignments found ;
; iInstAddr[10] ; No input delay, min/max delays, false-path exceptions, or max skew assignments found ;
; iInstAddr[11] ; No input delay, min/max delays, false-path exceptions, or max skew assignments found ;
; iInstExt[0]   ; No input delay, min/max delays, false-path exceptions, or max skew assignments found ;
; iInstExt[1]   ; No input delay, min/max delays, false-path exceptions, or max skew assignments found ;
; iInstExt[2]   ; No input delay, min/max delays, false-path exceptions, or max skew assignments found ;
; iInstExt[3]   ; No input delay, min/max delays, false-path exceptions, or max skew assignments found ;
; iInstExt[4]   ; No input delay, min/max delays, false-path exceptions, or max skew assignments found ;
; iInstExt[5]   ; No input delay, min/max delays, false-path exceptions, or max skew assignments found ;
; iInstExt[6]   ; No input delay, min/max delays, false-path exceptions, or max skew assignments found ;
; iInstExt[7]   ; No input delay, min/max delays, false-path exceptions, or max skew assignments found ;
; iInstExt[8]   ; No input delay, min/max delays, false-path exceptions, or max skew assignments found ;
; iInstExt[9]   ; No input delay, min/max delays, false-path exceptions, or max skew assignments found ;
; iInstExt[10]  ; No input delay, min/max delays, false-path exceptions, or max skew assignments found ;
; iInstExt[11]  ; No input delay, min/max delays, false-path exceptions, or max skew assignments found ;
; iInstExt[12]  ; No input delay, min/max delays, false-path exceptions, or max skew assignments found ;
; iInstExt[13]  ; No input delay, min/max delays, false-path exceptions, or max skew assignments found ;
; iInstExt[14]  ; No input delay, min/max delays, false-path exceptions, or max skew assignments found ;
; iInstExt[15]  ; No input delay, min/max delays, false-path exceptions, or max skew assignments found ;
; iInstExt[16]  ; No input delay, min/max delays, false-path exceptions, or max skew assignments found ;
; iInstExt[17]  ; No input delay, min/max delays, false-path exceptions, or max skew assignments found ;
; iInstExt[18]  ; No input delay, min/max delays, false-path exceptions, or max skew assignments found ;
; iInstExt[19]  ; No input delay, min/max delays, false-path exceptions, or max skew assignments found ;
; iInstExt[20]  ; No input delay, min/max delays, false-path exceptions, or max skew assignments found ;
; iInstExt[21]  ; No input delay, min/max delays, false-path exceptions, or max skew assignments found ;
; iInstExt[22]  ; No input delay, min/max delays, false-path exceptions, or max skew assignments found ;
; iInstExt[23]  ; No input delay, min/max delays, false-path exceptions, or max skew assignments found ;
; iInstExt[24]  ; No input delay, min/max delays, false-path exceptions, or max skew assignments found ;
; iInstExt[25]  ; No input delay, min/max delays, false-path exceptions, or max skew assignments found ;
; iInstExt[26]  ; No input delay, min/max delays, false-path exceptions, or max skew assignments found ;
; iInstExt[27]  ; No input delay, min/max delays, false-path exceptions, or max skew assignments found ;
; iInstExt[28]  ; No input delay, min/max delays, false-path exceptions, or max skew assignments found ;
; iInstExt[29]  ; No input delay, min/max delays, false-path exceptions, or max skew assignments found ;
; iInstExt[30]  ; No input delay, min/max delays, false-path exceptions, or max skew assignments found ;
; iInstExt[31]  ; No input delay, min/max delays, false-path exceptions, or max skew assignments found ;
; iInstLd       ; No input delay, min/max delays, false-path exceptions, or max skew assignments found ;
; iRST          ; No input delay, min/max delays, false-path exceptions, or max skew assignments found ;
+---------------+--------------------------------------------------------------------------------------+


+-----------------------------------------------------------------------------------------------------+
; Unconstrained Output Ports                                                                          ;
+-------------+---------------------------------------------------------------------------------------+
; Output Port ; Comment                                                                               ;
+-------------+---------------------------------------------------------------------------------------+
; oALUOut[0]  ; No output delay, min/max delays, false-path exceptions, or max skew assignments found ;
; oALUOut[1]  ; No output delay, min/max delays, false-path exceptions, or max skew assignments found ;
; oALUOut[2]  ; No output delay, min/max delays, false-path exceptions, or max skew assignments found ;
; oALUOut[3]  ; No output delay, min/max delays, false-path exceptions, or max skew assignments found ;
; oALUOut[4]  ; No output delay, min/max delays, false-path exceptions, or max skew assignments found ;
; oALUOut[5]  ; No output delay, min/max delays, false-path exceptions, or max skew assignments found ;
; oALUOut[6]  ; No output delay, min/max delays, false-path exceptions, or max skew assignments found ;
; oALUOut[7]  ; No output delay, min/max delays, false-path exceptions, or max skew assignments found ;
; oALUOut[8]  ; No output delay, min/max delays, false-path exceptions, or max skew assignments found ;
; oALUOut[9]  ; No output delay, min/max delays, false-path exceptions, or max skew assignments found ;
; oALUOut[10] ; No output delay, min/max delays, false-path exceptions, or max skew assignments found ;
; oALUOut[11] ; No output delay, min/max delays, false-path exceptions, or max skew assignments found ;
; oALUOut[12] ; No output delay, min/max delays, false-path exceptions, or max skew assignments found ;
; oALUOut[13] ; No output delay, min/max delays, false-path exceptions, or max skew assignments found ;
; oALUOut[14] ; No output delay, min/max delays, false-path exceptions, or max skew assignments found ;
; oALUOut[15] ; No output delay, min/max delays, false-path exceptions, or max skew assignments found ;
; oALUOut[16] ; No output delay, min/max delays, false-path exceptions, or max skew assignments found ;
; oALUOut[17] ; No output delay, min/max delays, false-path exceptions, or max skew assignments found ;
; oALUOut[18] ; No output delay, min/max delays, false-path exceptions, or max skew assignments found ;
; oALUOut[19] ; No output delay, min/max delays, false-path exceptions, or max skew assignments found ;
; oALUOut[20] ; No output delay, min/max delays, false-path exceptions, or max skew assignments found ;
; oALUOut[21] ; No output delay, min/max delays, false-path exceptions, or max skew assignments found ;
; oALUOut[22] ; No output delay, min/max delays, false-path exceptions, or max skew assignments found ;
; oALUOut[23] ; No output delay, min/max delays, false-path exceptions, or max skew assignments found ;
; oALUOut[24] ; No output delay, min/max delays, false-path exceptions, or max skew assignments found ;
; oALUOut[25] ; No output delay, min/max delays, false-path exceptions, or max skew assignments found ;
; oALUOut[26] ; No output delay, min/max delays, false-path exceptions, or max skew assignments found ;
; oALUOut[27] ; No output delay, min/max delays, false-path exceptions, or max skew assignments found ;
; oALUOut[28] ; No output delay, min/max delays, false-path exceptions, or max skew assignments found ;
; oALUOut[29] ; No output delay, min/max delays, false-path exceptions, or max skew assignments found ;
; oALUOut[30] ; No output delay, min/max delays, false-path exceptions, or max skew assignments found ;
; oALUOut[31] ; No output delay, min/max delays, false-path exceptions, or max skew assignments found ;
+-------------+---------------------------------------------------------------------------------------+


+------------------------------------------------------------------------------------------------------+
; Unconstrained Input Ports                                                                            ;
+---------------+--------------------------------------------------------------------------------------+
; Input Port    ; Comment                                                                              ;
+---------------+--------------------------------------------------------------------------------------+
; iInstAddr[2]  ; No input delay, min/max delays, false-path exceptions, or max skew assignments found ;
; iInstAddr[3]  ; No input delay, min/max delays, false-path exceptions, or max skew assignments found ;
; iInstAddr[4]  ; No input delay, min/max delays, false-path exceptions, or max skew assignments found ;
; iInstAddr[5]  ; No input delay, min/max delays, false-path exceptions, or max skew assignments found ;
; iInstAddr[6]  ; No input delay, min/max delays, false-path exceptions, or max skew assignments found ;
; iInstAddr[7]  ; No input delay, min/max delays, false-path exceptions, or max skew assignments found ;
; iInstAddr[8]  ; No input delay, min/max delays, false-path exceptions, or max skew assignments found ;
; iInstAddr[9]  ; No input delay, min/max delays, false-path exceptions, or max skew assignments found ;
; iInstAddr[10] ; No input delay, min/max delays, false-path exceptions, or max skew assignments found ;
; iInstAddr[11] ; No input delay, min/max delays, false-path exceptions, or max skew assignments found ;
; iInstExt[0]   ; No input delay, min/max delays, false-path exceptions, or max skew assignments found ;
; iInstExt[1]   ; No input delay, min/max delays, false-path exceptions, or max skew assignments found ;
; iInstExt[2]   ; No input delay, min/max delays, false-path exceptions, or max skew assignments found ;
; iInstExt[3]   ; No input delay, min/max delays, false-path exceptions, or max skew assignments found ;
; iInstExt[4]   ; No input delay, min/max delays, false-path exceptions, or max skew assignments found ;
; iInstExt[5]   ; No input delay, min/max delays, false-path exceptions, or max skew assignments found ;
; iInstExt[6]   ; No input delay, min/max delays, false-path exceptions, or max skew assignments found ;
; iInstExt[7]   ; No input delay, min/max delays, false-path exceptions, or max skew assignments found ;
; iInstExt[8]   ; No input delay, min/max delays, false-path exceptions, or max skew assignments found ;
; iInstExt[9]   ; No input delay, min/max delays, false-path exceptions, or max skew assignments found ;
; iInstExt[10]  ; No input delay, min/max delays, false-path exceptions, or max skew assignments found ;
; iInstExt[11]  ; No input delay, min/max delays, false-path exceptions, or max skew assignments found ;
; iInstExt[12]  ; No input delay, min/max delays, false-path exceptions, or max skew assignments found ;
; iInstExt[13]  ; No input delay, min/max delays, false-path exceptions, or max skew assignments found ;
; iInstExt[14]  ; No input delay, min/max delays, false-path exceptions, or max skew assignments found ;
; iInstExt[15]  ; No input delay, min/max delays, false-path exceptions, or max skew assignments found ;
; iInstExt[16]  ; No input delay, min/max delays, false-path exceptions, or max skew assignments found ;
; iInstExt[17]  ; No input delay, min/max delays, false-path exceptions, or max skew assignments found ;
; iInstExt[18]  ; No input delay, min/max delays, false-path exceptions, or max skew assignments found ;
; iInstExt[19]  ; No input delay, min/max delays, false-path exceptions, or max skew assignments found ;
; iInstExt[20]  ; No input delay, min/max delays, false-path exceptions, or max skew assignments found ;
; iInstExt[21]  ; No input delay, min/max delays, false-path exceptions, or max skew assignments found ;
; iInstExt[22]  ; No input delay, min/max delays, false-path exceptions, or max skew assignments found ;
; iInstExt[23]  ; No input delay, min/max delays, false-path exceptions, or max skew assignments found ;
; iInstExt[24]  ; No input delay, min/max delays, false-path exceptions, or max skew assignments found ;
; iInstExt[25]  ; No input delay, min/max delays, false-path exceptions, or max skew assignments found ;
; iInstExt[26]  ; No input delay, min/max delays, false-path exceptions, or max skew assignments found ;
; iInstExt[27]  ; No input delay, min/max delays, false-path exceptions, or max skew assignments found ;
; iInstExt[28]  ; No input delay, min/max delays, false-path exceptions, or max skew assignments found ;
; iInstExt[29]  ; No input delay, min/max delays, false-path exceptions, or max skew assignments found ;
; iInstExt[30]  ; No input delay, min/max delays, false-path exceptions, or max skew assignments found ;
; iInstExt[31]  ; No input delay, min/max delays, false-path exceptions, or max skew assignments found ;
; iInstLd       ; No input delay, min/max delays, false-path exceptions, or max skew assignments found ;
; iRST          ; No input delay, min/max delays, false-path exceptions, or max skew assignments found ;
+---------------+--------------------------------------------------------------------------------------+


+-----------------------------------------------------------------------------------------------------+
; Unconstrained Output Ports                                                                          ;
+-------------+---------------------------------------------------------------------------------------+
; Output Port ; Comment                                                                               ;
+-------------+---------------------------------------------------------------------------------------+
; oALUOut[0]  ; No output delay, min/max delays, false-path exceptions, or max skew assignments found ;
; oALUOut[1]  ; No output delay, min/max delays, false-path exceptions, or max skew assignments found ;
; oALUOut[2]  ; No output delay, min/max delays, false-path exceptions, or max skew assignments found ;
; oALUOut[3]  ; No output delay, min/max delays, false-path exceptions, or max skew assignments found ;
; oALUOut[4]  ; No output delay, min/max delays, false-path exceptions, or max skew assignments found ;
; oALUOut[5]  ; No output delay, min/max delays, false-path exceptions, or max skew assignments found ;
; oALUOut[6]  ; No output delay, min/max delays, false-path exceptions, or max skew assignments found ;
; oALUOut[7]  ; No output delay, min/max delays, false-path exceptions, or max skew assignments found ;
; oALUOut[8]  ; No output delay, min/max delays, false-path exceptions, or max skew assignments found ;
; oALUOut[9]  ; No output delay, min/max delays, false-path exceptions, or max skew assignments found ;
; oALUOut[10] ; No output delay, min/max delays, false-path exceptions, or max skew assignments found ;
; oALUOut[11] ; No output delay, min/max delays, false-path exceptions, or max skew assignments found ;
; oALUOut[12] ; No output delay, min/max delays, false-path exceptions, or max skew assignments found ;
; oALUOut[13] ; No output delay, min/max delays, false-path exceptions, or max skew assignments found ;
; oALUOut[14] ; No output delay, min/max delays, false-path exceptions, or max skew assignments found ;
; oALUOut[15] ; No output delay, min/max delays, false-path exceptions, or max skew assignments found ;
; oALUOut[16] ; No output delay, min/max delays, false-path exceptions, or max skew assignments found ;
; oALUOut[17] ; No output delay, min/max delays, false-path exceptions, or max skew assignments found ;
; oALUOut[18] ; No output delay, min/max delays, false-path exceptions, or max skew assignments found ;
; oALUOut[19] ; No output delay, min/max delays, false-path exceptions, or max skew assignments found ;
; oALUOut[20] ; No output delay, min/max delays, false-path exceptions, or max skew assignments found ;
; oALUOut[21] ; No output delay, min/max delays, false-path exceptions, or max skew assignments found ;
; oALUOut[22] ; No output delay, min/max delays, false-path exceptions, or max skew assignments found ;
; oALUOut[23] ; No output delay, min/max delays, false-path exceptions, or max skew assignments found ;
; oALUOut[24] ; No output delay, min/max delays, false-path exceptions, or max skew assignments found ;
; oALUOut[25] ; No output delay, min/max delays, false-path exceptions, or max skew assignments found ;
; oALUOut[26] ; No output delay, min/max delays, false-path exceptions, or max skew assignments found ;
; oALUOut[27] ; No output delay, min/max delays, false-path exceptions, or max skew assignments found ;
; oALUOut[28] ; No output delay, min/max delays, false-path exceptions, or max skew assignments found ;
; oALUOut[29] ; No output delay, min/max delays, false-path exceptions, or max skew assignments found ;
; oALUOut[30] ; No output delay, min/max delays, false-path exceptions, or max skew assignments found ;
; oALUOut[31] ; No output delay, min/max delays, false-path exceptions, or max skew assignments found ;
+-------------+---------------------------------------------------------------------------------------+


+--------------------------+
; Timing Analyzer Messages ;
+--------------------------+
Info: *******************************************************************
Info: Running Quartus Prime Timing Analyzer
    Info: Version 20.1.1 Build 720 11/11/2020 SJ Standard Edition
    Info: Copyright (C) 2020  Intel Corporation. All rights reserved.
    Info: Your use of Intel Corporation's design tools, logic functions 
    Info: and other software and tools, and any partner logic 
    Info: functions, and any output files from any of the foregoing 
    Info: (including device programming or simulation files), and any 
    Info: associated documentation or information are expressly subject 
    Info: to the terms and conditions of the Intel Program License 
    Info: Subscription Agreement, the Intel Quartus Prime License Agreement,
    Info: the Intel FPGA IP License Agreement, or other applicable license
    Info: agreement, including, without limitation, that your use is for
    Info: the sole purpose of programming logic devices manufactured by
    Info: Intel and sold by Intel or its authorized distributors.  Please
    Info: refer to the applicable agreement for further details, at
    Info: https://fpgasoftware.intel.com/eula.
    Info: Processing started: Sun May 24 18:33:06 2026
Info: Command: quartus_sta --sdc=toolflow.sdc toolflow --do_report_timing
Info: qsta_default_script.tcl version: #1
Warning (18236): Number of processors has not been specified which may cause overloading on shared machines.  Set the global assignment NUM_PARALLEL_PROCESSORS in your QSF to an appropriate value for best performance.
Info (20030): Parallel compilation is enabled and will use 12 of the 12 processors detected
Info (21076): High junction temperature operating condition is not set. Assuming a default value of '85'.
Info (21076): Low junction temperature operating condition is not set. Assuming a default value of '0'.
Info (332104): Reading SDC File: 'toolflow.sdc'
Info: Found TIMING_ANALYZER_REPORT_SCRIPT_INCLUDE_DEFAULT_ANALYSIS = ON
Info: Analyzing Slow 1200mV 85C Model
Critical Warning (332148): Timing requirements not met
    Info (11105): For recommendations on closing timing, run Report Timing Closure Recommendations in the Timing Analyzer.
Info (332146): Worst-case setup slack is -1.071
    Info (332119):     Slack       End Point TNS Clock 
    Info (332119): ========= =================== =====================
    Info (332119):    -1.071             -58.037 iCLK 
Info (332146): Worst-case hold slack is 0.383
    Info (332119):     Slack       End Point TNS Clock 
    Info (332119): ========= =================== =====================
    Info (332119):     0.383               0.000 iCLK 
Info (332140): No Recovery paths to report
Info (332140): No Removal paths to report
Info (332146): Worst-case minimum pulse width slack is 9.741
    Info (332119):     Slack       End Point TNS Clock 
    Info (332119): ========= =================== =====================
    Info (332119):     9.741               0.000 iCLK 
Info (332115): Report Timing: Found 1 setup paths (1 violated).  Worst case slack is -1.071
    Info (332115): -to_clock [get_clocks {iCLK}]
    Info (332115): -setup
    Info (332115): -stdout
Info (332115): Path #1: Setup slack is -1.071 (VIOLATED)
    Info (332115): ===================================================================
    Info (332115): From Node    : IDEX_PipelineRegister:IDEX_REG|register_NBit:REG_Instr|dffg:\G_Register_NBit:19:REGI|s_Q
    Info (332115): To Node      : sw_fetch_unit:F_UNIT_SW|branch_predictor:BP|bht:BHT_INST|s_table[5][1]
    Info (332115): Launch Clock : iCLK
    Info (332115): Latch Clock  : iCLK
    Info (332115): 
    Info (332115): Data Arrival Path:
    Info (332115): 
    Info (332115): Total (ns)  Incr (ns)     Type  Element
    Info (332115): ==========  ========= ==  ====  ===================================
    Info (332115):      0.000      0.000           launch edge time
    Info (332115):      3.080      3.080  R        clock network delay
    Info (332115):      3.312      0.232     uTco  IDEX_PipelineRegister:IDEX_REG|register_NBit:REG_Instr|dffg:\G_Register_NBit:19:REGI|s_Q
    Info (332115):      3.312      0.000 FF  CELL  IDEX_REG|REG_Instr|\G_Register_NBit:19:REGI|s_Q|q
    Info (332115):      3.844      0.532 FF    IC  FORWARDING|s_WB_match_rs1~2|dataa
    Info (332115):      4.256      0.412 FR  CELL  FORWARDING|s_WB_match_rs1~2|combout
    Info (332115):      4.923      0.667 RR    IC  FORWARDING|s_WB_match_rs1~3|dataa
    Info (332115):      5.281      0.358 RR  CELL  FORWARDING|s_WB_match_rs1~3|combout
    Info (332115):      5.481      0.200 RR    IC  FWD_MUX_A|MUX_012|\G_NBit_MUX:0:MUXI|last_or|o_F~0|datac
    Info (332115):      5.768      0.287 RR  CELL  FWD_MUX_A|MUX_012|\G_NBit_MUX:0:MUXI|last_or|o_F~0|combout
    Info (332115):      6.580      0.812 RR    IC  FWD_MUX_A|MUX_012|\G_NBit_MUX:1:MUXI|last_or|o_F~1|datac
    Info (332115):      6.865      0.285 RR  CELL  FWD_MUX_A|MUX_012|\G_NBit_MUX:1:MUXI|last_or|o_F~1|combout
    Info (332115):      7.099      0.234 RR    IC  LUI_MUX|\G_NBit_MUX:1:MUXI|w0And|o_F|datad
    Info (332115):      7.254      0.155 RR  CELL  LUI_MUX|\G_NBit_MUX:1:MUXI|w0And|o_F|combout
    Info (332115):      8.001      0.747 RR    IC  ALU|SUBBER_INST|ADDER|BLK0|c_out~0|dataa
    Info (332115):      8.438      0.437 RF  CELL  ALU|SUBBER_INST|ADDER|BLK0|c_out~0|combout
    Info (332115):      8.665      0.227 FF    IC  ALU|SUBBER_INST|ADDER|BLK0|c_out~1|datad
    Info (332115):      8.815      0.150 FR  CELL  ALU|SUBBER_INST|ADDER|BLK0|c_out~1|combout
    Info (332115):      9.042      0.227 RR    IC  ALU|SUBBER_INST|ADDER|BLK0|c_out~2|datad
    Info (332115):      9.197      0.155 RR  CELL  ALU|SUBBER_INST|ADDER|BLK0|c_out~2|combout
    Info (332115):      9.424      0.227 RR    IC  ALU|SUBBER_INST|ADDER|BLK1|s_C2~0|datad
    Info (332115):      9.579      0.155 RR  CELL  ALU|SUBBER_INST|ADDER|BLK1|s_C2~0|combout
    Info (332115):      9.805      0.226 RR    IC  ALU|SUBBER_INST|ADDER|BLK1|c_out~1|datad
    Info (332115):      9.960      0.155 RR  CELL  ALU|SUBBER_INST|ADDER|BLK1|c_out~1|combout
    Info (332115):     10.167      0.207 RR    IC  ALU|SUBBER_INST|ADDER|BLK1|c_out~2|datad
    Info (332115):     10.322      0.155 RR  CELL  ALU|SUBBER_INST|ADDER|BLK1|c_out~2|combout
    Info (332115):     10.545      0.223 RR    IC  ALU|SUBBER_INST|ADDER|BLK2|c_out~1|datac
    Info (332115):     10.832      0.287 RR  CELL  ALU|SUBBER_INST|ADDER|BLK2|c_out~1|combout
    Info (332115):     11.037      0.205 RR    IC  ALU|SUBBER_INST|ADDER|BLK2|c_out~2|datad
    Info (332115):     11.192      0.155 RR  CELL  ALU|SUBBER_INST|ADDER|BLK2|c_out~2|combout
    Info (332115):     11.420      0.228 RR    IC  ALU|SUBBER_INST|ADDER|BLK2|c_out~3|datad
    Info (332115):     11.575      0.155 RR  CELL  ALU|SUBBER_INST|ADDER|BLK2|c_out~3|combout
    Info (332115):     11.812      0.237 RR    IC  ALU|SUBBER_INST|ADDER|BLK3|c_out~1|datad
    Info (332115):     11.967      0.155 RR  CELL  ALU|SUBBER_INST|ADDER|BLK3|c_out~1|combout
    Info (332115):     12.170      0.203 RR    IC  ALU|SUBBER_INST|ADDER|BLK3|c_out~2|datad
    Info (332115):     12.325      0.155 RR  CELL  ALU|SUBBER_INST|ADDER|BLK3|c_out~2|combout
    Info (332115):     12.723      0.398 RR    IC  ALU|SUBBER_INST|ADDER|BLK4|s_C2~2|datad
    Info (332115):     12.878      0.155 RR  CELL  ALU|SUBBER_INST|ADDER|BLK4|s_C2~2|combout
    Info (332115):     13.103      0.225 RR    IC  ALU|SUBBER_INST|ADDER|BLK5|s_C2~2|datad
    Info (332115):     13.258      0.155 RR  CELL  ALU|SUBBER_INST|ADDER|BLK5|s_C2~2|combout
    Info (332115):     13.462      0.204 RR    IC  ALU|SUBBER_INST|ADDER|BLK5|s_C2~3|datad
    Info (332115):     13.617      0.155 RR  CELL  ALU|SUBBER_INST|ADDER|BLK5|s_C2~3|combout
    Info (332115):     13.876      0.259 RR    IC  ALU|SUBBER_INST|ADDER|BLK6|s_C2~2|datad
    Info (332115):     14.031      0.155 RR  CELL  ALU|SUBBER_INST|ADDER|BLK6|s_C2~2|combout
    Info (332115):     14.236      0.205 RR    IC  ALU|SUBBER_INST|ADDER|BLK6|s_C2~3|datad
    Info (332115):     14.391      0.155 RR  CELL  ALU|SUBBER_INST|ADDER|BLK6|s_C2~3|combout
    Info (332115):     14.625      0.234 RR    IC  ALU|SUBBER_INST|ADDER|BLK7|s_C2~0|datad
    Info (332115):     14.780      0.155 RR  CELL  ALU|SUBBER_INST|ADDER|BLK7|s_C2~0|combout
    Info (332115):     14.983      0.203 RR    IC  ALU|SUBBER_INST|ADDER|BLK7|s_C2~1|datac
    Info (332115):     15.270      0.287 RR  CELL  ALU|SUBBER_INST|ADDER|BLK7|s_C2~1|combout
    Info (332115):     15.494      0.224 RR    IC  ALU|Mux1~13|datac
    Info (332115):     15.764      0.270 RF  CELL  ALU|Mux1~13|combout
    Info (332115):     15.998      0.234 FF    IC  ALU|Mux1~15|datac
    Info (332115):     16.279      0.281 FF  CELL  ALU|Mux1~15|combout
    Info (332115):     16.506      0.227 FF    IC  ALU|Mux1~16|datad
    Info (332115):     16.656      0.150 FR  CELL  ALU|Mux1~16|combout
    Info (332115):     16.860      0.204 RR    IC  ALU|Mux1~17|datad
    Info (332115):     17.015      0.155 RR  CELL  ALU|Mux1~17|combout
    Info (332115):     17.220      0.205 RR    IC  ALU|Mux1~18|datad
    Info (332115):     17.375      0.155 RR  CELL  ALU|Mux1~18|combout
    Info (332115):     17.577      0.202 RR    IC  ALU|Mux1~19|datad
    Info (332115):     17.732      0.155 RR  CELL  ALU|Mux1~19|combout
    Info (332115):     18.366      0.634 RR    IC  ALU|Mux1~20|datad
    Info (332115):     18.521      0.155 RR  CELL  ALU|Mux1~20|combout
    Info (332115):     18.724      0.203 RR    IC  ALU|Mux1~21|datad
    Info (332115):     18.863      0.139 RF  CELL  ALU|Mux1~21|combout
    Info (332115):     19.119      0.256 FF    IC  BRANCH_COND|Mux0~14|datac
    Info (332115):     19.399      0.280 FF  CELL  BRANCH_COND|Mux0~14|combout
    Info (332115):     19.626      0.227 FF    IC  BRANCH_COND|Mux0~13|datad
    Info (332115):     19.751      0.125 FF  CELL  BRANCH_COND|Mux0~13|combout
    Info (332115):     19.989      0.238 FF    IC  F_UNIT_SW|BP|BHT_INST|Decoder0~1|datad
    Info (332115):     20.139      0.150 FR  CELL  F_UNIT_SW|BP|BHT_INST|Decoder0~1|combout
    Info (332115):     20.343      0.204 RR    IC  F_UNIT_SW|BP|BHT_INST|Decoder0~2|datad
    Info (332115):     20.498      0.155 RR  CELL  F_UNIT_SW|BP|BHT_INST|Decoder0~2|combout
    Info (332115):     20.703      0.205 RR    IC  F_UNIT_SW|BP|BHT_INST|Decoder0~3|datad
    Info (332115):     20.842      0.139 RF  CELL  F_UNIT_SW|BP|BHT_INST|Decoder0~3|combout
    Info (332115):     23.350      2.508 FF    IC  F_UNIT_SW|BP|BHT_INST|s_table~11|datad
    Info (332115):     23.475      0.125 FF  CELL  F_UNIT_SW|BP|BHT_INST|s_table~11|combout
    Info (332115):     23.745      0.270 FF    IC  F_UNIT_SW|BP|BHT_INST|s_table[5][1]|ena
    Info (332115):     24.424      0.679 FF  CELL  sw_fetch_unit:F_UNIT_SW|branch_predictor:BP|bht:BHT_INST|s_table[5][1]
    Info (332115): 
    Info (332115): Data Required Path:
    Info (332115): 
    Info (332115): Total (ns)  Incr (ns)     Type  Element
    Info (332115): ==========  ========= ==  ====  ===================================
    Info (332115):     20.000     20.000           latch edge time
    Info (332115):     23.347      3.347  R        clock network delay
    Info (332115):     23.355      0.008           clock pessimism removed
    Info (332115):     23.335     -0.020           clock uncertainty
    Info (332115):     23.353      0.018     uTsu  sw_fetch_unit:F_UNIT_SW|branch_predictor:BP|bht:BHT_INST|s_table[5][1]
    Info (332115): 
    Info (332115): Data Arrival Time  :    24.424
    Info (332115): Data Required Time :    23.353
    Info (332115): Slack              :    -1.071 (VIOLATED)
    Info (332115): ===================================================================
    Info (332115): 
Info (332115): Report Timing: Found 1 hold paths (0 violated).  Worst case slack is 0.383
    Info (332115): -to_clock [get_clocks {iCLK}]
    Info (332115): -hold
    Info (332115): -stdout
Info (332115): Path #1: Hold slack is 0.383 
    Info (332115): ===================================================================
    Info (332115): From Node    : IDEX_PipelineRegister:IDEX_REG|register_NBit:REG_pred_taken|dffg:\G_Register_NBit:0:REGI|s_Q
    Info (332115): To Node      : IDEX_PipelineRegister:IDEX_REG|register_NBit:REG_pred_taken|dffg:\G_Register_NBit:0:REGI|s_Q
    Info (332115): Launch Clock : iCLK
    Info (332115): Latch Clock  : iCLK
    Info (332115): 
    Info (332115): Data Arrival Path:
    Info (332115): 
    Info (332115): Total (ns)  Incr (ns)     Type  Element
    Info (332115): ==========  ========= ==  ====  ===================================
    Info (332115):      0.000      0.000           launch edge time
    Info (332115):      3.439      3.439  R        clock network delay
    Info (332115):      3.671      0.232     uTco  IDEX_PipelineRegister:IDEX_REG|register_NBit:REG_pred_taken|dffg:\G_Register_NBit:0:REGI|s_Q
    Info (332115):      3.671      0.000 FF  CELL  IDEX_REG|REG_pred_taken|\G_Register_NBit:0:REGI|s_Q|q
    Info (332115):      3.671      0.000 FF    IC  IDEX_REG|REG_pred_taken|\G_Register_NBit:0:REGI|s_Q~2|datac
    Info (332115):      4.032      0.361 FF  CELL  IDEX_REG|REG_pred_taken|\G_Register_NBit:0:REGI|s_Q~2|combout
    Info (332115):      4.032      0.000 FF    IC  IDEX_REG|REG_pred_taken|\G_Register_NBit:0:REGI|s_Q|d
    Info (332115):      4.108      0.076 FF  CELL  IDEX_PipelineRegister:IDEX_REG|register_NBit:REG_pred_taken|dffg:\G_Register_NBit:0:REGI|s_Q
    Info (332115): 
    Info (332115): Data Required Path:
    Info (332115): 
    Info (332115): Total (ns)  Incr (ns)     Type  Element
    Info (332115): ==========  ========= ==  ====  ===================================
    Info (332115):      0.000      0.000           latch edge time
    Info (332115):      3.571      3.571  R        clock network delay
    Info (332115):      3.539     -0.032           clock pessimism removed
    Info (332115):      3.539      0.000           clock uncertainty
    Info (332115):      3.725      0.186      uTh  IDEX_PipelineRegister:IDEX_REG|register_NBit:REG_pred_taken|dffg:\G_Register_NBit:0:REGI|s_Q
    Info (332115): 
    Info (332115): Data Arrival Time  :     4.108
    Info (332115): Data Required Time :     3.725
    Info (332115): Slack              :     0.383 
    Info (332115): ===================================================================
    Info (332115): 
Info: Analyzing Slow 1200mV 0C Model
Info (334003): Started post-fitting delay annotation
Info (334004): Delay annotation completed successfully
Info (332146): Worst-case setup slack is 0.554
    Info (332119):     Slack       End Point TNS Clock 
    Info (332119): ========= =================== =====================
    Info (332119):     0.554               0.000 iCLK 
Info (332146): Worst-case hold slack is 0.336
    Info (332119):     Slack       End Point TNS Clock 
    Info (332119): ========= =================== =====================
    Info (332119):     0.336               0.000 iCLK 
Info (332140): No Recovery paths to report
Info (332140): No Removal paths to report
Info (332146): Worst-case minimum pulse width slack is 9.770
    Info (332119):     Slack       End Point TNS Clock 
    Info (332119): ========= =================== =====================
    Info (332119):     9.770               0.000 iCLK 
Info (332115): Report Timing: Found 1 setup paths (0 violated).  Worst case slack is 0.554
    Info (332115): -to_clock [get_clocks {iCLK}]
    Info (332115): -setup
    Info (332115): -stdout
Info (332115): Path #1: Setup slack is 0.554 
    Info (332115): ===================================================================
    Info (332115): From Node    : IDEX_PipelineRegister:IDEX_REG|register_NBit:REG_Instr|dffg:\G_Register_NBit:19:REGI|s_Q
    Info (332115): To Node      : sw_fetch_unit:F_UNIT_SW|branch_predictor:BP|bht:BHT_INST|s_table[5][1]
    Info (332115): Launch Clock : iCLK
    Info (332115): Latch Clock  : iCLK
    Info (332115): 
    Info (332115): Data Arrival Path:
    Info (332115): 
    Info (332115): Total (ns)  Incr (ns)     Type  Element
    Info (332115): ==========  ========= ==  ====  ===================================
    Info (332115):      0.000      0.000           launch edge time
    Info (332115):      2.792      2.792  R        clock network delay
    Info (332115):      3.005      0.213     uTco  IDEX_PipelineRegister:IDEX_REG|register_NBit:REG_Instr|dffg:\G_Register_NBit:19:REGI|s_Q
    Info (332115):      3.005      0.000 FF  CELL  IDEX_REG|REG_Instr|\G_Register_NBit:19:REGI|s_Q|q
    Info (332115):      3.478      0.473 FF    IC  FORWARDING|s_WB_match_rs1~2|dataa
    Info (332115):      3.847      0.369 FR  CELL  FORWARDING|s_WB_match_rs1~2|combout
    Info (332115):      4.485      0.638 RR    IC  FORWARDING|s_WB_match_rs1~3|dataa
    Info (332115):      4.813      0.328 RR  CELL  FORWARDING|s_WB_match_rs1~3|combout
    Info (332115):      4.997      0.184 RR    IC  FWD_MUX_A|MUX_012|\G_NBit_MUX:0:MUXI|last_or|o_F~0|datac
    Info (332115):      5.262      0.265 RR  CELL  FWD_MUX_A|MUX_012|\G_NBit_MUX:0:MUXI|last_or|o_F~0|combout
    Info (332115):      6.015      0.753 RR    IC  FWD_MUX_A|MUX_012|\G_NBit_MUX:1:MUXI|last_or|o_F~1|datac
    Info (332115):      6.278      0.263 RR  CELL  FWD_MUX_A|MUX_012|\G_NBit_MUX:1:MUXI|last_or|o_F~1|combout
    Info (332115):      6.493      0.215 RR    IC  LUI_MUX|\G_NBit_MUX:1:MUXI|w0And|o_F|datad
    Info (332115):      6.637      0.144 RR  CELL  LUI_MUX|\G_NBit_MUX:1:MUXI|w0And|o_F|combout
    Info (332115):      7.343      0.706 RR    IC  ALU|SUBBER_INST|ADDER|BLK0|c_out~0|dataa
    Info (332115):      7.737      0.394 RF  CELL  ALU|SUBBER_INST|ADDER|BLK0|c_out~0|combout
    Info (332115):      7.943      0.206 FF    IC  ALU|SUBBER_INST|ADDER|BLK0|c_out~1|datad
    Info (332115):      8.077      0.134 FR  CELL  ALU|SUBBER_INST|ADDER|BLK0|c_out~1|combout
    Info (332115):      8.287      0.210 RR    IC  ALU|SUBBER_INST|ADDER|BLK0|c_out~2|datad
    Info (332115):      8.431      0.144 RR  CELL  ALU|SUBBER_INST|ADDER|BLK0|c_out~2|combout
    Info (332115):      8.640      0.209 RR    IC  ALU|SUBBER_INST|ADDER|BLK1|s_C2~0|datad
    Info (332115):      8.784      0.144 RR  CELL  ALU|SUBBER_INST|ADDER|BLK1|s_C2~0|combout
    Info (332115):      8.992      0.208 RR    IC  ALU|SUBBER_INST|ADDER|BLK1|c_out~1|datad
    Info (332115):      9.136      0.144 RR  CELL  ALU|SUBBER_INST|ADDER|BLK1|c_out~1|combout
    Info (332115):      9.327      0.191 RR    IC  ALU|SUBBER_INST|ADDER|BLK1|c_out~2|datad
    Info (332115):      9.471      0.144 RR  CELL  ALU|SUBBER_INST|ADDER|BLK1|c_out~2|combout
    Info (332115):      9.676      0.205 RR    IC  ALU|SUBBER_INST|ADDER|BLK2|c_out~1|datac
    Info (332115):      9.941      0.265 RR  CELL  ALU|SUBBER_INST|ADDER|BLK2|c_out~1|combout
    Info (332115):     10.130      0.189 RR    IC  ALU|SUBBER_INST|ADDER|BLK2|c_out~2|datad
    Info (332115):     10.274      0.144 RR  CELL  ALU|SUBBER_INST|ADDER|BLK2|c_out~2|combout
    Info (332115):     10.484      0.210 RR    IC  ALU|SUBBER_INST|ADDER|BLK2|c_out~3|datad
    Info (332115):     10.628      0.144 RR  CELL  ALU|SUBBER_INST|ADDER|BLK2|c_out~3|combout
    Info (332115):     10.846      0.218 RR    IC  ALU|SUBBER_INST|ADDER|BLK3|c_out~1|datad
    Info (332115):     10.990      0.144 RR  CELL  ALU|SUBBER_INST|ADDER|BLK3|c_out~1|combout
    Info (332115):     11.177      0.187 RR    IC  ALU|SUBBER_INST|ADDER|BLK3|c_out~2|datad
    Info (332115):     11.321      0.144 RR  CELL  ALU|SUBBER_INST|ADDER|BLK3|c_out~2|combout
    Info (332115):     11.696      0.375 RR    IC  ALU|SUBBER_INST|ADDER|BLK4|s_C2~2|datad
    Info (332115):     11.840      0.144 RR  CELL  ALU|SUBBER_INST|ADDER|BLK4|s_C2~2|combout
    Info (332115):     12.048      0.208 RR    IC  ALU|SUBBER_INST|ADDER|BLK5|s_C2~2|datad
    Info (332115):     12.192      0.144 RR  CELL  ALU|SUBBER_INST|ADDER|BLK5|s_C2~2|combout
    Info (332115):     12.380      0.188 RR    IC  ALU|SUBBER_INST|ADDER|BLK5|s_C2~3|datad
    Info (332115):     12.524      0.144 RR  CELL  ALU|SUBBER_INST|ADDER|BLK5|s_C2~3|combout
    Info (332115):     12.760      0.236 RR    IC  ALU|SUBBER_INST|ADDER|BLK6|s_C2~2|datad
    Info (332115):     12.904      0.144 RR  CELL  ALU|SUBBER_INST|ADDER|BLK6|s_C2~2|combout
    Info (332115):     13.093      0.189 RR    IC  ALU|SUBBER_INST|ADDER|BLK6|s_C2~3|datad
    Info (332115):     13.237      0.144 RR  CELL  ALU|SUBBER_INST|ADDER|BLK6|s_C2~3|combout
    Info (332115):     13.452      0.215 RR    IC  ALU|SUBBER_INST|ADDER|BLK7|s_C2~0|datad
    Info (332115):     13.596      0.144 RR  CELL  ALU|SUBBER_INST|ADDER|BLK7|s_C2~0|combout
    Info (332115):     13.783      0.187 RR    IC  ALU|SUBBER_INST|ADDER|BLK7|s_C2~1|datac
    Info (332115):     14.048      0.265 RR  CELL  ALU|SUBBER_INST|ADDER|BLK7|s_C2~1|combout
    Info (332115):     14.253      0.205 RR    IC  ALU|Mux1~13|datac
    Info (332115):     14.498      0.245 RF  CELL  ALU|Mux1~13|combout
    Info (332115):     14.711      0.213 FF    IC  ALU|Mux1~15|datac
    Info (332115):     14.963      0.252 FF  CELL  ALU|Mux1~15|combout
    Info (332115):     15.170      0.207 FF    IC  ALU|Mux1~16|datad
    Info (332115):     15.304      0.134 FR  CELL  ALU|Mux1~16|combout
    Info (332115):     15.492      0.188 RR    IC  ALU|Mux1~17|datad
    Info (332115):     15.636      0.144 RR  CELL  ALU|Mux1~17|combout
    Info (332115):     15.825      0.189 RR    IC  ALU|Mux1~18|datad
    Info (332115):     15.969      0.144 RR  CELL  ALU|Mux1~18|combout
    Info (332115):     16.155      0.186 RR    IC  ALU|Mux1~19|datad
    Info (332115):     16.299      0.144 RR  CELL  ALU|Mux1~19|combout
    Info (332115):     16.900      0.601 RR    IC  ALU|Mux1~20|datad
    Info (332115):     17.044      0.144 RR  CELL  ALU|Mux1~20|combout
    Info (332115):     17.231      0.187 RR    IC  ALU|Mux1~21|datad
    Info (332115):     17.375      0.144 RR  CELL  ALU|Mux1~21|combout
    Info (332115):     17.582      0.207 RR    IC  BRANCH_COND|Mux0~14|datac
    Info (332115):     17.847      0.265 RR  CELL  BRANCH_COND|Mux0~14|combout
    Info (332115):     18.035      0.188 RR    IC  BRANCH_COND|Mux0~13|datad
    Info (332115):     18.160      0.125 RF  CELL  BRANCH_COND|Mux0~13|combout
    Info (332115):     18.376      0.216 FF    IC  F_UNIT_SW|BP|BHT_INST|Decoder0~1|datad
    Info (332115):     18.510      0.134 FR  CELL  F_UNIT_SW|BP|BHT_INST|Decoder0~1|combout
    Info (332115):     18.698      0.188 RR    IC  F_UNIT_SW|BP|BHT_INST|Decoder0~2|datad
    Info (332115):     18.842      0.144 RR  CELL  F_UNIT_SW|BP|BHT_INST|Decoder0~2|combout
    Info (332115):     19.031      0.189 RR    IC  F_UNIT_SW|BP|BHT_INST|Decoder0~3|datad
    Info (332115):     19.175      0.144 RR  CELL  F_UNIT_SW|BP|BHT_INST|Decoder0~3|combout
    Info (332115):     21.470      2.295 RR    IC  F_UNIT_SW|BP|BHT_INST|s_table~11|datad
    Info (332115):     21.614      0.144 RR  CELL  F_UNIT_SW|BP|BHT_INST|s_table~11|combout
    Info (332115):     21.839      0.225 RR    IC  F_UNIT_SW|BP|BHT_INST|s_table[5][1]|ena
    Info (332115):     22.492      0.653 RR  CELL  sw_fetch_unit:F_UNIT_SW|branch_predictor:BP|bht:BHT_INST|s_table[5][1]
    Info (332115): 
    Info (332115): Data Required Path:
    Info (332115): 
    Info (332115): Total (ns)  Incr (ns)     Type  Element
    Info (332115): ==========  ========= ==  ====  ===================================
    Info (332115):     20.000     20.000           latch edge time
    Info (332115):     23.040      3.040  R        clock network delay
    Info (332115):     23.047      0.007           clock pessimism removed
    Info (332115):     23.027     -0.020           clock uncertainty
    Info (332115):     23.046      0.019     uTsu  sw_fetch_unit:F_UNIT_SW|branch_predictor:BP|bht:BHT_INST|s_table[5][1]
    Info (332115): 
    Info (332115): Data Arrival Time  :    22.492
    Info (332115): Data Required Time :    23.046
    Info (332115): Slack              :     0.554 
    Info (332115): ===================================================================
    Info (332115): 
Info (332115): Report Timing: Found 1 hold paths (0 violated).  Worst case slack is 0.336
    Info (332115): -to_clock [get_clocks {iCLK}]
    Info (332115): -hold
    Info (332115): -stdout
Info (332115): Path #1: Hold slack is 0.336 
    Info (332115): ===================================================================
    Info (332115): From Node    : IDEX_PipelineRegister:IDEX_REG|register_NBit:REG_pred_taken|dffg:\G_Register_NBit:0:REGI|s_Q
    Info (332115): To Node      : IDEX_PipelineRegister:IDEX_REG|register_NBit:REG_pred_taken|dffg:\G_Register_NBit:0:REGI|s_Q
    Info (332115): Launch Clock : iCLK
    Info (332115): Latch Clock  : iCLK
    Info (332115): 
    Info (332115): Data Arrival Path:
    Info (332115): 
    Info (332115): Total (ns)  Incr (ns)     Type  Element
    Info (332115): ==========  ========= ==  ====  ===================================
    Info (332115):      0.000      0.000           launch edge time
    Info (332115):      3.129      3.129  R        clock network delay
    Info (332115):      3.342      0.213     uTco  IDEX_PipelineRegister:IDEX_REG|register_NBit:REG_pred_taken|dffg:\G_Register_NBit:0:REGI|s_Q
    Info (332115):      3.342      0.000 FF  CELL  IDEX_REG|REG_pred_taken|\G_Register_NBit:0:REGI|s_Q|q
    Info (332115):      3.342      0.000 FF    IC  IDEX_REG|REG_pred_taken|\G_Register_NBit:0:REGI|s_Q~2|datac
    Info (332115):      3.661      0.319 FF  CELL  IDEX_REG|REG_pred_taken|\G_Register_NBit:0:REGI|s_Q~2|combout
    Info (332115):      3.661      0.000 FF    IC  IDEX_REG|REG_pred_taken|\G_Register_NBit:0:REGI|s_Q|d
    Info (332115):      3.726      0.065 FF  CELL  IDEX_PipelineRegister:IDEX_REG|register_NBit:REG_pred_taken|dffg:\G_Register_NBit:0:REGI|s_Q
    Info (332115): 
    Info (332115): Data Required Path:
    Info (332115): 
    Info (332115): Total (ns)  Incr (ns)     Type  Element
    Info (332115): ==========  ========= ==  ====  ===================================
    Info (332115):      0.000      0.000           latch edge time
    Info (332115):      3.247      3.247  R        clock network delay
    Info (332115):      3.219     -0.028           clock pessimism removed
    Info (332115):      3.219      0.000           clock uncertainty
    Info (332115):      3.390      0.171      uTh  IDEX_PipelineRegister:IDEX_REG|register_NBit:REG_pred_taken|dffg:\G_Register_NBit:0:REGI|s_Q
    Info (332115): 
    Info (332115): Data Arrival Time  :     3.726
    Info (332115): Data Required Time :     3.390
    Info (332115): Slack              :     0.336 
    Info (332115): ===================================================================
    Info (332115): 
Info: Analyzing Fast 1200mV 0C Model
Info (332146): Worst-case setup slack is 9.584
    Info (332119):     Slack       End Point TNS Clock 
    Info (332119): ========= =================== =====================
    Info (332119):     9.584               0.000 iCLK 
Info (332146): Worst-case hold slack is 0.172
    Info (332119):     Slack       End Point TNS Clock 
    Info (332119): ========= =================== =====================
    Info (332119):     0.172               0.000 iCLK 
Info (332140): No Recovery paths to report
Info (332140): No Removal paths to report
Info (332146): Worst-case minimum pulse width slack is 9.407
    Info (332119):     Slack       End Point TNS Clock 
    Info (332119): ========= =================== =====================
    Info (332119):     9.407               0.000 iCLK 
Info (332115): Report Timing: Found 1 setup paths (0 violated).  Worst case slack is 9.584
    Info (332115): -to_clock [get_clocks {iCLK}]
    Info (332115): -setup
    Info (332115): -stdout
Info (332115): Path #1: Setup slack is 9.584 
    Info (332115): ===================================================================
    Info (332115): From Node    : MEMWB_PipelineRegister:MEMWB_REG|register_NBit:REG_DMemOut|dffg:\G_Register_NBit:0:REGI|s_Q
    Info (332115): To Node      : sw_fetch_unit:F_UNIT_SW|branch_predictor:BP|bht:BHT_INST|s_table[5][1]
    Info (332115): Launch Clock : iCLK
    Info (332115): Latch Clock  : iCLK
    Info (332115): 
    Info (332115): Data Arrival Path:
    Info (332115): 
    Info (332115): Total (ns)  Incr (ns)     Type  Element
    Info (332115): ==========  ========= ==  ====  ===================================
    Info (332115):      0.000      0.000           launch edge time
    Info (332115):      1.648      1.648  R        clock network delay
    Info (332115):      1.753      0.105     uTco  MEMWB_PipelineRegister:MEMWB_REG|register_NBit:REG_DMemOut|dffg:\G_Register_NBit:0:REGI|s_Q
    Info (332115):      1.753      0.000 FF  CELL  MEMWB_REG|REG_DMemOut|\G_Register_NBit:0:REGI|s_Q|q
    Info (332115):      2.413      0.660 FF    IC  Mux71~0|dataa
    Info (332115):      2.617      0.204 FF  CELL  Mux71~0|combout
    Info (332115):      2.753      0.136 FF    IC  IDEX_REG|REG_rs1|\G_Register_NBit:0:REGI|s_Q~0|dataa
    Info (332115):      2.926      0.173 FF  CELL  IDEX_REG|REG_rs1|\G_Register_NBit:0:REGI|s_Q~0|combout
    Info (332115):      3.324      0.398 FF    IC  FWD_MUX_A|MUX_012|\G_NBit_MUX:0:MUXI|last_or|o_F~1|datac
    Info (332115):      3.457      0.133 FF  CELL  FWD_MUX_A|MUX_012|\G_NBit_MUX:0:MUXI|last_or|o_F~1|combout
    Info (332115):      3.577      0.120 FF    IC  LUI_MUX|\G_NBit_MUX:0:MUXI|w0And|o_F~0|datad
    Info (332115):      3.640      0.063 FF  CELL  LUI_MUX|\G_NBit_MUX:0:MUXI|w0And|o_F~0|combout
    Info (332115):      4.004      0.364 FF    IC  LUI_MUX|\G_NBit_MUX:0:MUXI|w0And|o_F~1|datad
    Info (332115):      4.067      0.063 FF  CELL  LUI_MUX|\G_NBit_MUX:0:MUXI|w0And|o_F~1|combout
    Info (332115):      4.201      0.134 FF    IC  ALU|SUBBER_INST|ADDER|BLK0|c_out~0|datac
    Info (332115):      4.320      0.119 FR  CELL  ALU|SUBBER_INST|ADDER|BLK0|c_out~0|combout
    Info (332115):      4.410      0.090 RR    IC  ALU|SUBBER_INST|ADDER|BLK0|c_out~1|datad
    Info (332115):      4.476      0.066 RF  CELL  ALU|SUBBER_INST|ADDER|BLK0|c_out~1|combout
    Info (332115):      4.596      0.120 FF    IC  ALU|SUBBER_INST|ADDER|BLK0|c_out~2|datad
    Info (332115):      4.659      0.063 FF  CELL  ALU|SUBBER_INST|ADDER|BLK0|c_out~2|combout
    Info (332115):      4.778      0.119 FF    IC  ALU|SUBBER_INST|ADDER|BLK1|s_C2~0|datad
    Info (332115):      4.841      0.063 FF  CELL  ALU|SUBBER_INST|ADDER|BLK1|s_C2~0|combout
    Info (332115):      4.960      0.119 FF    IC  ALU|SUBBER_INST|ADDER|BLK1|c_out~1|datad
    Info (332115):      5.023      0.063 FF  CELL  ALU|SUBBER_INST|ADDER|BLK1|c_out~1|combout
    Info (332115):      5.134      0.111 FF    IC  ALU|SUBBER_INST|ADDER|BLK1|c_out~2|datad
    Info (332115):      5.197      0.063 FF  CELL  ALU|SUBBER_INST|ADDER|BLK1|c_out~2|combout
    Info (332115):      5.318      0.121 FF    IC  ALU|SUBBER_INST|ADDER|BLK2|c_out~1|datac
    Info (332115):      5.451      0.133 FF  CELL  ALU|SUBBER_INST|ADDER|BLK2|c_out~1|combout
    Info (332115):      5.561      0.110 FF    IC  ALU|SUBBER_INST|ADDER|BLK2|c_out~2|datad
    Info (332115):      5.624      0.063 FF  CELL  ALU|SUBBER_INST|ADDER|BLK2|c_out~2|combout
    Info (332115):      5.745      0.121 FF    IC  ALU|SUBBER_INST|ADDER|BLK2|c_out~3|datad
    Info (332115):      5.808      0.063 FF  CELL  ALU|SUBBER_INST|ADDER|BLK2|c_out~3|combout
    Info (332115):      5.936      0.128 FF    IC  ALU|SUBBER_INST|ADDER|BLK3|c_out~1|datad
    Info (332115):      5.999      0.063 FF  CELL  ALU|SUBBER_INST|ADDER|BLK3|c_out~1|combout
    Info (332115):      6.106      0.107 FF    IC  ALU|SUBBER_INST|ADDER|BLK3|c_out~2|datad
    Info (332115):      6.169      0.063 FF  CELL  ALU|SUBBER_INST|ADDER|BLK3|c_out~2|combout
    Info (332115):      6.380      0.211 FF    IC  ALU|SUBBER_INST|ADDER|BLK4|s_C2~2|datad
    Info (332115):      6.443      0.063 FF  CELL  ALU|SUBBER_INST|ADDER|BLK4|s_C2~2|combout
    Info (332115):      6.561      0.118 FF    IC  ALU|SUBBER_INST|ADDER|BLK5|s_C2~2|datad
    Info (332115):      6.624      0.063 FF  CELL  ALU|SUBBER_INST|ADDER|BLK5|s_C2~2|combout
    Info (332115):      6.733      0.109 FF    IC  ALU|SUBBER_INST|ADDER|BLK5|s_C2~3|datad
    Info (332115):      6.796      0.063 FF  CELL  ALU|SUBBER_INST|ADDER|BLK5|s_C2~3|combout
    Info (332115):      6.934      0.138 FF    IC  ALU|SUBBER_INST|ADDER|BLK6|s_C2~2|datad
    Info (332115):      6.997      0.063 FF  CELL  ALU|SUBBER_INST|ADDER|BLK6|s_C2~2|combout
    Info (332115):      7.106      0.109 FF    IC  ALU|SUBBER_INST|ADDER|BLK6|s_C2~3|datad
    Info (332115):      7.169      0.063 FF  CELL  ALU|SUBBER_INST|ADDER|BLK6|s_C2~3|combout
    Info (332115):      7.293      0.124 FF    IC  ALU|SUBBER_INST|ADDER|BLK7|s_C2~0|datad
    Info (332115):      7.356      0.063 FF  CELL  ALU|SUBBER_INST|ADDER|BLK7|s_C2~0|combout
    Info (332115):      7.469      0.113 FF    IC  ALU|SUBBER_INST|ADDER|BLK7|s_C2~1|datac
    Info (332115):      7.602      0.133 FF  CELL  ALU|SUBBER_INST|ADDER|BLK7|s_C2~1|combout
    Info (332115):      7.724      0.122 FF    IC  ALU|Mux1~13|datac
    Info (332115):      7.857      0.133 FF  CELL  ALU|Mux1~13|combout
    Info (332115):      7.968      0.111 FF    IC  ALU|Mux1~15|datac
    Info (332115):      8.101      0.133 FF  CELL  ALU|Mux1~15|combout
    Info (332115):      8.209      0.108 FF    IC  ALU|Mux1~16|datad
    Info (332115):      8.281      0.072 FR  CELL  ALU|Mux1~16|combout
    Info (332115):      8.371      0.090 RR    IC  ALU|Mux1~17|datad
    Info (332115):      8.439      0.068 RR  CELL  ALU|Mux1~17|combout
    Info (332115):      8.531      0.092 RR    IC  ALU|Mux1~18|datad
    Info (332115):      8.599      0.068 RR  CELL  ALU|Mux1~18|combout
    Info (332115):      8.688      0.089 RR    IC  ALU|Mux1~19|datad
    Info (332115):      8.754      0.066 RF  CELL  ALU|Mux1~19|combout
    Info (332115):      9.063      0.309 FF    IC  ALU|Mux1~20|datad
    Info (332115):      9.126      0.063 FF  CELL  ALU|Mux1~20|combout
    Info (332115):      9.233      0.107 FF    IC  ALU|Mux1~21|datad
    Info (332115):      9.296      0.063 FF  CELL  ALU|Mux1~21|combout
    Info (332115):      9.419      0.123 FF    IC  BRANCH_COND|Mux0~14|datac
    Info (332115):      9.552      0.133 FF  CELL  BRANCH_COND|Mux0~14|combout
    Info (332115):      9.659      0.107 FF    IC  BRANCH_COND|Mux0~13|datad
    Info (332115):      9.731      0.072 FR  CELL  BRANCH_COND|Mux0~13|combout
    Info (332115):      9.826      0.095 RR    IC  F_UNIT_SW|BP|BHT_INST|Decoder0~1|datad
    Info (332115):      9.892      0.066 RF  CELL  F_UNIT_SW|BP|BHT_INST|Decoder0~1|combout
    Info (332115):      9.999      0.107 FF    IC  F_UNIT_SW|BP|BHT_INST|Decoder0~2|datad
    Info (332115):     10.062      0.063 FF  CELL  F_UNIT_SW|BP|BHT_INST|Decoder0~2|combout
    Info (332115):     10.171      0.109 FF    IC  F_UNIT_SW|BP|BHT_INST|Decoder0~3|datad
    Info (332115):     10.234      0.063 FF  CELL  F_UNIT_SW|BP|BHT_INST|Decoder0~3|combout
    Info (332115):     11.644      1.410 FF    IC  F_UNIT_SW|BP|BHT_INST|s_table~11|datad
    Info (332115):     11.707      0.063 FF  CELL  F_UNIT_SW|BP|BHT_INST|s_table~11|combout
    Info (332115):     11.838      0.131 FF    IC  F_UNIT_SW|BP|BHT_INST|s_table[5][1]|ena
    Info (332115):     12.161      0.323 FF  CELL  sw_fetch_unit:F_UNIT_SW|branch_predictor:BP|bht:BHT_INST|s_table[5][1]
    Info (332115): 
    Info (332115): Data Required Path:
    Info (332115): 
    Info (332115): Total (ns)  Incr (ns)     Type  Element
    Info (332115): ==========  ========= ==  ====  ===================================
    Info (332115):     20.000     20.000           latch edge time
    Info (332115):     21.753      1.753  R        clock network delay
    Info (332115):     21.758      0.005           clock pessimism removed
    Info (332115):     21.738     -0.020           clock uncertainty
    Info (332115):     21.745      0.007     uTsu  sw_fetch_unit:F_UNIT_SW|branch_predictor:BP|bht:BHT_INST|s_table[5][1]
    Info (332115): 
    Info (332115): Data Arrival Time  :    12.161
    Info (332115): Data Required Time :    21.745
    Info (332115): Slack              :     9.584 
    Info (332115): ===================================================================
    Info (332115): 
Info (332115): Report Timing: Found 1 hold paths (0 violated).  Worst case slack is 0.172
    Info (332115): -to_clock [get_clocks {iCLK}]
    Info (332115): -hold
    Info (332115): -stdout
Info (332115): Path #1: Hold slack is 0.172 
    Info (332115): ===================================================================
    Info (332115): From Node    : IDEX_PipelineRegister:IDEX_REG|register_NBit:REG_pred_taken|dffg:\G_Register_NBit:0:REGI|s_Q
    Info (332115): To Node      : IDEX_PipelineRegister:IDEX_REG|register_NBit:REG_pred_taken|dffg:\G_Register_NBit:0:REGI|s_Q
    Info (332115): Launch Clock : iCLK
    Info (332115): Latch Clock  : iCLK
    Info (332115): 
    Info (332115): Data Arrival Path:
    Info (332115): 
    Info (332115): Total (ns)  Incr (ns)     Type  Element
    Info (332115): ==========  ========= ==  ====  ===================================
    Info (332115):      0.000      0.000           launch edge time
    Info (332115):      1.807      1.807  R        clock network delay
    Info (332115):      1.912      0.105     uTco  IDEX_PipelineRegister:IDEX_REG|register_NBit:REG_pred_taken|dffg:\G_Register_NBit:0:REGI|s_Q
    Info (332115):      1.912      0.000 RR  CELL  IDEX_REG|REG_pred_taken|\G_Register_NBit:0:REGI|s_Q|q
    Info (332115):      1.912      0.000 RR    IC  IDEX_REG|REG_pred_taken|\G_Register_NBit:0:REGI|s_Q~2|datac
    Info (332115):      2.083      0.171 RR  CELL  IDEX_REG|REG_pred_taken|\G_Register_NBit:0:REGI|s_Q~2|combout
    Info (332115):      2.083      0.000 RR    IC  IDEX_REG|REG_pred_taken|\G_Register_NBit:0:REGI|s_Q|d
    Info (332115):      2.114      0.031 RR  CELL  IDEX_PipelineRegister:IDEX_REG|register_NBit:REG_pred_taken|dffg:\G_Register_NBit:0:REGI|s_Q
    Info (332115): 
    Info (332115): Data Required Path:
    Info (332115): 
    Info (332115): Total (ns)  Incr (ns)     Type  Element
    Info (332115): ==========  ========= ==  ====  ===================================
    Info (332115):      0.000      0.000           latch edge time
    Info (332115):      1.878      1.878  R        clock network delay
    Info (332115):      1.858     -0.020           clock pessimism removed
    Info (332115):      1.858      0.000           clock uncertainty
    Info (332115):      1.942      0.084      uTh  IDEX_PipelineRegister:IDEX_REG|register_NBit:REG_pred_taken|dffg:\G_Register_NBit:0:REGI|s_Q
    Info (332115): 
    Info (332115): Data Arrival Time  :     2.114
    Info (332115): Data Required Time :     1.942
    Info (332115): Slack              :     0.172 
    Info (332115): ===================================================================
    Info (332115): 
Info (332102): Design is not fully constrained for setup requirements
Info (332102): Design is not fully constrained for hold requirements
Info: Quartus Prime Timing Analyzer was successful. 0 errors, 2 warnings
    Info: Peak virtual memory: 1805 megabytes
    Info: Processing ended: Sun May 24 18:33:29 2026
    Info: Elapsed time: 00:00:23
    Info: Total CPU time (on all processors): 00:00:34


