In clock cycle: 4
Register Write to Reg: 0x02 Val: 0x80000000
In clock cycle: 5
Register Write to Reg: 0x02 Val: 0x7FFFFFFC
In clock cycle: 6
Register Write to Reg: 0x08 Val: 0x10010008
In clock cycle: 7
Register Write to Reg: 0x08 Val: 0x10010004
In clock cycle: 8
Register Write to Reg: 0x05 Val: 0x10010010
In clock cycle: 9
Register Write to Reg: 0x05 Val: 0x10010000
In clock cycle: 10
Register Write to Reg: 0x09 Val: 0x0000000C
In clock cycle: 11
Register Write to Reg: 0x0A Val: 0x10010004
In clock cycle: 12
Register Write to Reg: 0x0B Val: 0x0000000C
In clock cycle: 13
Register Write to Reg: 0x01 Val: 0x00400028
In clock cycle: 15
Register Write to Reg: 0x00 Val: 0x00000000
In clock cycle: 16
Register Write to Reg: 0x05 Val: 0x00000001
In clock cycle: 18
Register Write to Reg: 0x02 Val: 0x7FFFFFEC
In clock cycle: 18
Memory Write to Addr: 0x7FFFFFF8 Val: 0x00400028
In clock cycle: 19
Memory Write to Addr: 0x7FFFFFF4 Val: 0x10010004
In clock cycle: 20
Memory Write to Addr: 0x7FFFFFF0 Val: 0x0000000C
In clock cycle: 22
Register Write to Reg: 0x05 Val: 0x00000006
In clock cycle: 23
Register Write to Reg: 0x0B Val: 0x00000006
In clock cycle: 24
Register Write to Reg: 0x01 Val: 0x00400054
In clock cycle: 26
Register Write to Reg: 0x00 Val: 0x00000000
In clock cycle: 27
Register Write to Reg: 0x05 Val: 0x00000001
In clock cycle: 29
Register Write to Reg: 0x02 Val: 0x7FFFFFDC
In clock cycle: 29
Memory Write to Addr: 0x7FFFFFE8 Val: 0x00400054
In clock cycle: 30
Memory Write to Addr: 0x7FFFFFE4 Val: 0x10010004
In clock cycle: 31
Memory Write to Addr: 0x7FFFFFE0 Val: 0x00000006
In clock cycle: 33
Register Write to Reg: 0x05 Val: 0x00000003
In clock cycle: 34
Register Write to Reg: 0x0B Val: 0x00000003
In clock cycle: 35
Register Write to Reg: 0x01 Val: 0x00400054
In clock cycle: 37
Register Write to Reg: 0x00 Val: 0x00000000
In clock cycle: 38
Register Write to Reg: 0x05 Val: 0x00000001
In clock cycle: 40
Register Write to Reg: 0x02 Val: 0x7FFFFFCC
In clock cycle: 40
Memory Write to Addr: 0x7FFFFFD8 Val: 0x00400054
In clock cycle: 41
Memory Write to Addr: 0x7FFFFFD4 Val: 0x10010004
In clock cycle: 42
Memory Write to Addr: 0x7FFFFFD0 Val: 0x00000003
In clock cycle: 44
Register Write to Reg: 0x05 Val: 0x00000001
In clock cycle: 45
Register Write to Reg: 0x0B Val: 0x00000001
In clock cycle: 46
Register Write to Reg: 0x01 Val: 0x00400054
In clock cycle: 48
Register Write to Reg: 0x00 Val: 0x00000000
In clock cycle: 49
Register Write to Reg: 0x05 Val: 0x00000001
In clock cycle: 52
Register Write to Reg: 0x00 Val: 0x00000000
In clock cycle: 53
Register Write to Reg: 0x00 Val: 0x00400088
In clock cycle: 55
Register Write to Reg: 0x00 Val: 0x00000000
In clock cycle: 56
Register Write to Reg: 0x0A Val: 0x10010004
In clock cycle: 57
Register Write to Reg: 0x0B Val: 0x00000003
In clock cycle: 59
Register Write to Reg: 0x05 Val: 0x00000001
In clock cycle: 60
Register Write to Reg: 0x06 Val: 0x00000004
In clock cycle: 61
Register Write to Reg: 0x0A Val: 0x10010008
In clock cycle: 62
Register Write to Reg: 0x0B Val: 0x00000002
In clock cycle: 63
Register Write to Reg: 0x01 Val: 0x00400070
In clock cycle: 65
Register Write to Reg: 0x00 Val: 0x00000000
In clock cycle: 66
Register Write to Reg: 0x05 Val: 0x00000001
In clock cycle: 68
Register Write to Reg: 0x02 Val: 0x7FFFFFBC
In clock cycle: 68
Memory Write to Addr: 0x7FFFFFC8 Val: 0x00400070
In clock cycle: 69
Memory Write to Addr: 0x7FFFFFC4 Val: 0x10010008
In clock cycle: 70
Memory Write to Addr: 0x7FFFFFC0 Val: 0x00000002
In clock cycle: 72
Register Write to Reg: 0x05 Val: 0x00000001
In clock cycle: 73
Register Write to Reg: 0x0B Val: 0x00000001
In clock cycle: 74
Register Write to Reg: 0x01 Val: 0x00400054
In clock cycle: 76
Register Write to Reg: 0x00 Val: 0x00000000
In clock cycle: 77
Register Write to Reg: 0x05 Val: 0x00000001
In clock cycle: 80
Register Write to Reg: 0x00 Val: 0x00000000
In clock cycle: 81
Register Write to Reg: 0x00 Val: 0x00400088
In clock cycle: 83
Register Write to Reg: 0x00 Val: 0x00000000
In clock cycle: 84
Register Write to Reg: 0x0A Val: 0x10010008
In clock cycle: 85
Register Write to Reg: 0x0B Val: 0x00000002
In clock cycle: 87
Register Write to Reg: 0x05 Val: 0x00000001
In clock cycle: 88
Register Write to Reg: 0x06 Val: 0x00000004
In clock cycle: 89
Register Write to Reg: 0x0A Val: 0x1001000C
In clock cycle: 90
Register Write to Reg: 0x0B Val: 0x00000001
In clock cycle: 91
Register Write to Reg: 0x01 Val: 0x00400070
In clock cycle: 93
Register Write to Reg: 0x00 Val: 0x00000000
In clock cycle: 94
Register Write to Reg: 0x05 Val: 0x00000001
In clock cycle: 97
Register Write to Reg: 0x00 Val: 0x00000000
In clock cycle: 98
Register Write to Reg: 0x00 Val: 0x00400088
In clock cycle: 100
Register Write to Reg: 0x00 Val: 0x00000000
In clock cycle: 101
Register Write to Reg: 0x0A Val: 0x10010008
In clock cycle: 102
Register Write to Reg: 0x0B Val: 0x00000002
In clock cycle: 103
Register Write to Reg: 0x01 Val: 0x0040007C
In clock cycle: 105
Register Write to Reg: 0x00 Val: 0x00000000
In clock cycle: 106
Register Write to Reg: 0x02 Val: 0x7FFFFF9C
In clock cycle: 106
Memory Write to Addr: 0x7FFFFFB8 Val: 0x0040007C
In clock cycle: 107
Memory Write to Addr: 0x7FFFFFB4 Val: 0x10010004
In clock cycle: 108
Memory Write to Addr: 0x7FFFFFB0 Val: 0x0000000C
In clock cycle: 109
Memory Write to Addr: 0x7FFFFFAC Val: 0x00000000
In clock cycle: 110
Memory Write to Addr: 0x7FFFFFA8 Val: 0x10010008
In clock cycle: 111
Memory Write to Addr: 0x7FFFFFA4 Val: 0x00000002
In clock cycle: 113
Register Write to Reg: 0x08 Val: 0x00000001
In clock cycle: 114
Register Write to Reg: 0x12 Val: 0x00000002
In clock cycle: 115
Register Write to Reg: 0x05 Val: 0x00000000
In clock cycle: 116
Register Write to Reg: 0x06 Val: 0x00000001
In clock cycle: 117
Register Write to Reg: 0x07 Val: 0x00000000
In clock cycle: 118
Register Write to Reg: 0x09 Val: 0x100100B8
In clock cycle: 119
Register Write to Reg: 0x09 Val: 0x10010034
In clock cycle: 122
Register Write to Reg: 0x1E Val: 0x00000000
In clock cycle: 123
Register Write to Reg: 0x1E Val: 0x10010008
In clock cycle: 124
Register Write to Reg: 0x1C Val: 0x0000000C
In clock cycle: 125
Register Write to Reg: 0x1E Val: 0x00000004
In clock cycle: 126
Register Write to Reg: 0x1E Val: 0x1001000C
In clock cycle: 127
Register Write to Reg: 0x1D Val: 0x0000000A
In clock cycle: 130
Register Write to Reg: 0x1E Val: 0x00000000
In clock cycle: 131
Register Write to Reg: 0x1E Val: 0x10010034
In clock cycle: 131
Memory Write to Addr: 0x10010034 Val: 0x0000000A
In clock cycle: 133
Register Write to Reg: 0x06 Val: 0x00000002
In clock cycle: 134
Register Write to Reg: 0x00 Val: 0x004000F8
In clock cycle: 136
Register Write to Reg: 0x00 Val: 0x00000000
In clock cycle: 137
Register Write to Reg: 0x07 Val: 0x00000001
In clock cycle: 138
Register Write to Reg: 0x00 Val: 0x00400110
In clock cycle: 140
Register Write to Reg: 0x00 Val: 0x00000000
In clock cycle: 144
Register Write to Reg: 0x00 Val: 0x00000000
In clock cycle: 146
Register Write to Reg: 0x1E Val: 0x00000000
In clock cycle: 147
Register Write to Reg: 0x1E Val: 0x10010008
In clock cycle: 148
Register Write to Reg: 0x1C Val: 0x0000000C
In clock cycle: 149
Register Write to Reg: 0x1E Val: 0x00000004
In clock cycle: 150
Register Write to Reg: 0x1E Val: 0x10010038
In clock cycle: 150
Memory Write to Addr: 0x10010038 Val: 0x0000000C
In clock cycle: 152
Register Write to Reg: 0x05 Val: 0x00000001
In clock cycle: 153
Register Write to Reg: 0x07 Val: 0x00000002
In clock cycle: 154
Register Write to Reg: 0x00 Val: 0x00400138
In clock cycle: 156
Register Write to Reg: 0x00 Val: 0x00000000
In clock cycle: 159
Register Write to Reg: 0x00 Val: 0x00000000
In clock cycle: 160
Register Write to Reg: 0x05 Val: 0x00000000
In clock cycle: 162
Register Write to Reg: 0x1E Val: 0x00000000
In clock cycle: 163
Register Write to Reg: 0x1F Val: 0x10010034
In clock cycle: 164
Register Write to Reg: 0x1C Val: 0x0000000A
In clock cycle: 165
Register Write to Reg: 0x1F Val: 0x10010008
In clock cycle: 165
Memory Write to Addr: 0x10010008 Val: 0x0000000A
In clock cycle: 167
Register Write to Reg: 0x05 Val: 0x00000001
In clock cycle: 168
Register Write to Reg: 0x00 Val: 0x00400184
In clock cycle: 170
Register Write to Reg: 0x00 Val: 0x00000000
In clock cycle: 172
Register Write to Reg: 0x1E Val: 0x00000004
In clock cycle: 173
Register Write to Reg: 0x1F Val: 0x10010038
In clock cycle: 174
Register Write to Reg: 0x1C Val: 0x0000000C
In clock cycle: 175
Register Write to Reg: 0x1F Val: 0x1001000C
In clock cycle: 175
Memory Write to Addr: 0x1001000C Val: 0x0000000C
In clock cycle: 177
Register Write to Reg: 0x05 Val: 0x00000002
In clock cycle: 178
Register Write to Reg: 0x00 Val: 0x00400184
In clock cycle: 180
Register Write to Reg: 0x00 Val: 0x00000000
In clock cycle: 183
Register Write to Reg: 0x00 Val: 0x00000000
In clock cycle: 184
Register Write to Reg: 0x0A Val: 0x10010008
In clock cycle: 185
Register Write to Reg: 0x0B Val: 0x00000002
In clock cycle: 186
Register Write to Reg: 0x01 Val: 0x0040007C
In clock cycle: 187
Register Write to Reg: 0x08 Val: 0x10010004
In clock cycle: 188
Register Write to Reg: 0x09 Val: 0x0000000C
In clock cycle: 189
Register Write to Reg: 0x12 Val: 0x00000000
In clock cycle: 190
Register Write to Reg: 0x02 Val: 0x7FFFFFBC
In clock cycle: 191
Register Write to Reg: 0x00 Val: 0x004001A4
In clock cycle: 193
Register Write to Reg: 0x00 Val: 0x00000000
In clock cycle: 194
Register Write to Reg: 0x01 Val: 0x00400070
In clock cycle: 195
Register Write to Reg: 0x02 Val: 0x7FFFFFCC
In clock cycle: 196
Register Write to Reg: 0x00 Val: 0x00400088
In clock cycle: 198
Register Write to Reg: 0x00 Val: 0x00000000
In clock cycle: 199
Register Write to Reg: 0x0A Val: 0x10010004
In clock cycle: 200
Register Write to Reg: 0x0B Val: 0x00000003
In clock cycle: 201
Register Write to Reg: 0x01 Val: 0x0040007C
In clock cycle: 203
Register Write to Reg: 0x00 Val: 0x00000000
In clock cycle: 204
Register Write to Reg: 0x02 Val: 0x7FFFFFAC
In clock cycle: 204
Memory Write to Addr: 0x7FFFFFC8 Val: 0x0040007C
In clock cycle: 205
Memory Write to Addr: 0x7FFFFFC4 Val: 0x10010004
In clock cycle: 206
Memory Write to Addr: 0x7FFFFFC0 Val: 0x0000000C
In clock cycle: 207
Memory Write to Addr: 0x7FFFFFBC Val: 0x00000000
In clock cycle: 208
Memory Write to Addr: 0x7FFFFFB8 Val: 0x10010004
In clock cycle: 209
Memory Write to Addr: 0x7FFFFFB4 Val: 0x00000003
In clock cycle: 211
Register Write to Reg: 0x08 Val: 0x00000001
In clock cycle: 212
Register Write to Reg: 0x12 Val: 0x00000003
In clock cycle: 213
Register Write to Reg: 0x05 Val: 0x00000000
In clock cycle: 214
Register Write to Reg: 0x06 Val: 0x00000001
In clock cycle: 215
Register Write to Reg: 0x07 Val: 0x00000000
In clock cycle: 216
Register Write to Reg: 0x09 Val: 0x100100B8
In clock cycle: 217
Register Write to Reg: 0x09 Val: 0x10010034
In clock cycle: 220
Register Write to Reg: 0x1E Val: 0x00000000
In clock cycle: 221
Register Write to Reg: 0x1E Val: 0x10010004
In clock cycle: 222
Register Write to Reg: 0x1C Val: 0x00000041
In clock cycle: 223
Register Write to Reg: 0x1E Val: 0x00000004
In clock cycle: 224
Register Write to Reg: 0x1E Val: 0x10010008
In clock cycle: 225
Register Write to Reg: 0x1D Val: 0x0000000A
In clock cycle: 228
Register Write to Reg: 0x1E Val: 0x00000000
In clock cycle: 229
Register Write to Reg: 0x1E Val: 0x10010034
In clock cycle: 229
Memory Write to Addr: 0x10010034 Val: 0x0000000A
In clock cycle: 231
Register Write to Reg: 0x06 Val: 0x00000002
In clock cycle: 232
Register Write to Reg: 0x00 Val: 0x004000F8
In clock cycle: 234
Register Write to Reg: 0x00 Val: 0x00000000
In clock cycle: 235
Register Write to Reg: 0x07 Val: 0x00000001
In clock cycle: 236
Register Write to Reg: 0x00 Val: 0x00400110
In clock cycle: 238
Register Write to Reg: 0x00 Val: 0x00000000
In clock cycle: 241
Register Write to Reg: 0x1E Val: 0x00000000
In clock cycle: 242
Register Write to Reg: 0x1E Val: 0x10010004
In clock cycle: 243
Register Write to Reg: 0x1C Val: 0x00000041
In clock cycle: 244
Register Write to Reg: 0x1E Val: 0x00000008
In clock cycle: 245
Register Write to Reg: 0x1E Val: 0x1001000C
In clock cycle: 246
Register Write to Reg: 0x1D Val: 0x0000000C
In clock cycle: 249
Register Write to Reg: 0x1E Val: 0x00000004
In clock cycle: 250
Register Write to Reg: 0x1E Val: 0x10010038
In clock cycle: 250
Memory Write to Addr: 0x10010038 Val: 0x0000000C
In clock cycle: 252
Register Write to Reg: 0x06 Val: 0x00000003
In clock cycle: 253
Register Write to Reg: 0x00 Val: 0x004000F8
In clock cycle: 255
Register Write to Reg: 0x00 Val: 0x00000000
In clock cycle: 256
Register Write to Reg: 0x07 Val: 0x00000002
In clock cycle: 257
Register Write to Reg: 0x00 Val: 0x00400110
In clock cycle: 259
Register Write to Reg: 0x00 Val: 0x00000000
In clock cycle: 263
Register Write to Reg: 0x00 Val: 0x00000000
In clock cycle: 265
Register Write to Reg: 0x1E Val: 0x00000000
In clock cycle: 266
Register Write to Reg: 0x1E Val: 0x10010004
In clock cycle: 267
Register Write to Reg: 0x1C Val: 0x00000041
In clock cycle: 268
Register Write to Reg: 0x1E Val: 0x00000008
In clock cycle: 269
Register Write to Reg: 0x1E Val: 0x1001003C
In clock cycle: 269
Memory Write to Addr: 0x1001003C Val: 0x00000041
In clock cycle: 271
Register Write to Reg: 0x05 Val: 0x00000001
In clock cycle: 272
Register Write to Reg: 0x07 Val: 0x00000003
In clock cycle: 273
Register Write to Reg: 0x00 Val: 0x00400138
In clock cycle: 275
Register Write to Reg: 0x00 Val: 0x00000000
In clock cycle: 278
Register Write to Reg: 0x00 Val: 0x00000000
In clock cycle: 279
Register Write to Reg: 0x05 Val: 0x00000000
In clock cycle: 281
Register Write to Reg: 0x1E Val: 0x00000000
In clock cycle: 282
Register Write to Reg: 0x1F Val: 0x10010034
In clock cycle: 283
Register Write to Reg: 0x1C Val: 0x0000000A
In clock cycle: 284
Register Write to Reg: 0x1F Val: 0x10010004
In clock cycle: 284
Memory Write to Addr: 0x10010004 Val: 0x0000000A
In clock cycle: 286
Register Write to Reg: 0x05 Val: 0x00000001
In clock cycle: 287
Register Write to Reg: 0x00 Val: 0x00400184
In clock cycle: 289
Register Write to Reg: 0x00 Val: 0x00000000
In clock cycle: 291
Register Write to Reg: 0x1E Val: 0x00000004
In clock cycle: 292
Register Write to Reg: 0x1F Val: 0x10010038
In clock cycle: 293
Register Write to Reg: 0x1C Val: 0x0000000C
In clock cycle: 294
Register Write to Reg: 0x1F Val: 0x10010008
In clock cycle: 294
Memory Write to Addr: 0x10010008 Val: 0x0000000C
In clock cycle: 296
Register Write to Reg: 0x05 Val: 0x00000002
In clock cycle: 297
Register Write to Reg: 0x00 Val: 0x00400184
In clock cycle: 299
Register Write to Reg: 0x00 Val: 0x00000000
In clock cycle: 301
Register Write to Reg: 0x1E Val: 0x00000008
In clock cycle: 302
Register Write to Reg: 0x1F Val: 0x1001003C
In clock cycle: 303
Register Write to Reg: 0x1C Val: 0x00000041
In clock cycle: 304
Register Write to Reg: 0x1F Val: 0x1001000C
In clock cycle: 304
Memory Write to Addr: 0x1001000C Val: 0x00000041
In clock cycle: 306
Register Write to Reg: 0x05 Val: 0x00000003
In clock cycle: 307
Register Write to Reg: 0x00 Val: 0x00400184
In clock cycle: 309
Register Write to Reg: 0x00 Val: 0x00000000
In clock cycle: 312
Register Write to Reg: 0x00 Val: 0x00000000
In clock cycle: 313
Register Write to Reg: 0x0A Val: 0x10010004
In clock cycle: 314
Register Write to Reg: 0x0B Val: 0x00000003
In clock cycle: 315
Register Write to Reg: 0x01 Val: 0x0040007C
In clock cycle: 316
Register Write to Reg: 0x08 Val: 0x10010004
In clock cycle: 317
Register Write to Reg: 0x09 Val: 0x0000000C
In clock cycle: 318
Register Write to Reg: 0x12 Val: 0x00000000
In clock cycle: 319
Register Write to Reg: 0x02 Val: 0x7FFFFFCC
In clock cycle: 320
Register Write to Reg: 0x00 Val: 0x004001A4
In clock cycle: 322
Register Write to Reg: 0x00 Val: 0x00000000
In clock cycle: 323
Register Write to Reg: 0x01 Val: 0x00400054
In clock cycle: 324
Register Write to Reg: 0x02 Val: 0x7FFFFFDC
In clock cycle: 325
Register Write to Reg: 0x00 Val: 0x00400088
In clock cycle: 327
Register Write to Reg: 0x00 Val: 0x00000000
In clock cycle: 328
Register Write to Reg: 0x0A Val: 0x10010004
In clock cycle: 329
Register Write to Reg: 0x0B Val: 0x00000006
In clock cycle: 331
Register Write to Reg: 0x05 Val: 0x00000003
In clock cycle: 332
Register Write to Reg: 0x06 Val: 0x0000000C
In clock cycle: 333
Register Write to Reg: 0x0A Val: 0x10010010
In clock cycle: 334
Register Write to Reg: 0x0B Val: 0x00000003
In clock cycle: 335
Register Write to Reg: 0x01 Val: 0x00400070
In clock cycle: 337
Register Write to Reg: 0x00 Val: 0x00000000
In clock cycle: 338
Register Write to Reg: 0x05 Val: 0x00000001
In clock cycle: 340
Register Write to Reg: 0x02 Val: 0x7FFFFFCC
In clock cycle: 340
Memory Write to Addr: 0x7FFFFFD8 Val: 0x00400070
In clock cycle: 341
Memory Write to Addr: 0x7FFFFFD4 Val: 0x10010010
In clock cycle: 342
Memory Write to Addr: 0x7FFFFFD0 Val: 0x00000003
In clock cycle: 344
Register Write to Reg: 0x05 Val: 0x00000001
In clock cycle: 345
Register Write to Reg: 0x0B Val: 0x00000001
In clock cycle: 346
Register Write to Reg: 0x01 Val: 0x00400054
In clock cycle: 348
Register Write to Reg: 0x00 Val: 0x00000000
In clock cycle: 349
Register Write to Reg: 0x05 Val: 0x00000001
In clock cycle: 352
Register Write to Reg: 0x00 Val: 0x00000000
In clock cycle: 353
Register Write to Reg: 0x00 Val: 0x00400088
In clock cycle: 355
Register Write to Reg: 0x00 Val: 0x00000000
In clock cycle: 356
Register Write to Reg: 0x0A Val: 0x10010010
In clock cycle: 357
Register Write to Reg: 0x0B Val: 0x00000003
In clock cycle: 359
Register Write to Reg: 0x05 Val: 0x00000001
In clock cycle: 360
Register Write to Reg: 0x06 Val: 0x00000004
In clock cycle: 361
Register Write to Reg: 0x0A Val: 0x10010014
In clock cycle: 362
Register Write to Reg: 0x0B Val: 0x00000002
In clock cycle: 363
Register Write to Reg: 0x01 Val: 0x00400070
In clock cycle: 365
Register Write to Reg: 0x00 Val: 0x00000000
In clock cycle: 366
Register Write to Reg: 0x05 Val: 0x00000001
In clock cycle: 368
Register Write to Reg: 0x02 Val: 0x7FFFFFBC
In clock cycle: 368
Memory Write to Addr: 0x7FFFFFC8 Val: 0x00400070
In clock cycle: 369
Memory Write to Addr: 0x7FFFFFC4 Val: 0x10010014
In clock cycle: 370
Memory Write to Addr: 0x7FFFFFC0 Val: 0x00000002
In clock cycle: 372
Register Write to Reg: 0x05 Val: 0x00000001
In clock cycle: 373
Register Write to Reg: 0x0B Val: 0x00000001
In clock cycle: 374
Register Write to Reg: 0x01 Val: 0x00400054
In clock cycle: 376
Register Write to Reg: 0x00 Val: 0x00000000
In clock cycle: 377
Register Write to Reg: 0x05 Val: 0x00000001
In clock cycle: 380
Register Write to Reg: 0x00 Val: 0x00000000
In clock cycle: 381
Register Write to Reg: 0x00 Val: 0x00400088
In clock cycle: 383
Register Write to Reg: 0x00 Val: 0x00000000
In clock cycle: 384
Register Write to Reg: 0x0A Val: 0x10010014
In clock cycle: 385
Register Write to Reg: 0x0B Val: 0x00000002
In clock cycle: 387
Register Write to Reg: 0x05 Val: 0x00000001
In clock cycle: 388
Register Write to Reg: 0x06 Val: 0x00000004
In clock cycle: 389
Register Write to Reg: 0x0A Val: 0x10010018
In clock cycle: 390
Register Write to Reg: 0x0B Val: 0x00000001
In clock cycle: 391
Register Write to Reg: 0x01 Val: 0x00400070
In clock cycle: 393
Register Write to Reg: 0x00 Val: 0x00000000
In clock cycle: 394
Register Write to Reg: 0x05 Val: 0x00000001
In clock cycle: 397
Register Write to Reg: 0x00 Val: 0x00000000
In clock cycle: 398
Register Write to Reg: 0x00 Val: 0x00400088
In clock cycle: 400
Register Write to Reg: 0x00 Val: 0x00000000
In clock cycle: 401
Register Write to Reg: 0x0A Val: 0x10010014
In clock cycle: 402
Register Write to Reg: 0x0B Val: 0x00000002
In clock cycle: 403
Register Write to Reg: 0x01 Val: 0x0040007C
In clock cycle: 405
Register Write to Reg: 0x00 Val: 0x00000000
In clock cycle: 406
Register Write to Reg: 0x02 Val: 0x7FFFFF9C
In clock cycle: 406
Memory Write to Addr: 0x7FFFFFB8 Val: 0x0040007C
In clock cycle: 407
Memory Write to Addr: 0x7FFFFFB4 Val: 0x10010004
In clock cycle: 408
Memory Write to Addr: 0x7FFFFFB0 Val: 0x0000000C
In clock cycle: 409
Memory Write to Addr: 0x7FFFFFAC Val: 0x00000000
In clock cycle: 410
Memory Write to Addr: 0x7FFFFFA8 Val: 0x10010014
In clock cycle: 411
Memory Write to Addr: 0x7FFFFFA4 Val: 0x00000002
In clock cycle: 413
Register Write to Reg: 0x08 Val: 0x00000001
In clock cycle: 414
Register Write to Reg: 0x12 Val: 0x00000002
In clock cycle: 415
Register Write to Reg: 0x05 Val: 0x00000000
In clock cycle: 416
Register Write to Reg: 0x06 Val: 0x00000001
In clock cycle: 417
Register Write to Reg: 0x07 Val: 0x00000000
In clock cycle: 418
Register Write to Reg: 0x09 Val: 0x100100B8
In clock cycle: 419
Register Write to Reg: 0x09 Val: 0x10010034
In clock cycle: 422
Register Write to Reg: 0x1E Val: 0x00000000
In clock cycle: 423
Register Write to Reg: 0x1E Val: 0x10010014
In clock cycle: 424
Register Write to Reg: 0x1C Val: 0x0000000B
In clock cycle: 425
Register Write to Reg: 0x1E Val: 0x00000004
In clock cycle: 426
Register Write to Reg: 0x1E Val: 0x10010018
In clock cycle: 427
Register Write to Reg: 0x1D Val: 0x00000046
In clock cycle: 431
Register Write to Reg: 0x00 Val: 0x00000000
In clock cycle: 432
Register Write to Reg: 0x1E Val: 0x00000000
In clock cycle: 433
Register Write to Reg: 0x1E Val: 0x10010034
In clock cycle: 433
Memory Write to Addr: 0x10010034 Val: 0x0000000B
In clock cycle: 435
Register Write to Reg: 0x05 Val: 0x00000001
In clock cycle: 436
Register Write to Reg: 0x07 Val: 0x00000001
In clock cycle: 437
Register Write to Reg: 0x00 Val: 0x00400110
In clock cycle: 439
Register Write to Reg: 0x00 Val: 0x00000000
In clock cycle: 442
Register Write to Reg: 0x00 Val: 0x00000000
In clock cycle: 444
Register Write to Reg: 0x1E Val: 0x00000004
In clock cycle: 445
Register Write to Reg: 0x1E Val: 0x10010018
In clock cycle: 446
Register Write to Reg: 0x1C Val: 0x00000046
In clock cycle: 447
Register Write to Reg: 0x1E Val: 0x00000004
In clock cycle: 448
Register Write to Reg: 0x1E Val: 0x10010038
In clock cycle: 448
Memory Write to Addr: 0x10010038 Val: 0x00000046
In clock cycle: 450
Register Write to Reg: 0x06 Val: 0x00000002
In clock cycle: 451
Register Write to Reg: 0x07 Val: 0x00000002
In clock cycle: 452
Register Write to Reg: 0x00 Val: 0x00400160
In clock cycle: 454
Register Write to Reg: 0x00 Val: 0x00000000
In clock cycle: 457
Register Write to Reg: 0x00 Val: 0x00000000
In clock cycle: 458
Register Write to Reg: 0x05 Val: 0x00000000
In clock cycle: 460
Register Write to Reg: 0x1E Val: 0x00000000
In clock cycle: 461
Register Write to Reg: 0x1F Val: 0x10010034
In clock cycle: 462
Register Write to Reg: 0x1C Val: 0x0000000B
In clock cycle: 463
Register Write to Reg: 0x1F Val: 0x10010014
In clock cycle: 463
Memory Write to Addr: 0x10010014 Val: 0x0000000B
In clock cycle: 465
Register Write to Reg: 0x05 Val: 0x00000001
In clock cycle: 466
Register Write to Reg: 0x00 Val: 0x00400184
In clock cycle: 468
Register Write to Reg: 0x00 Val: 0x00000000
In clock cycle: 470
Register Write to Reg: 0x1E Val: 0x00000004
In clock cycle: 471
Register Write to Reg: 0x1F Val: 0x10010038
In clock cycle: 472
Register Write to Reg: 0x1C Val: 0x00000046
In clock cycle: 473
Register Write to Reg: 0x1F Val: 0x10010018
In clock cycle: 473
Memory Write to Addr: 0x10010018 Val: 0x00000046
In clock cycle: 475
Register Write to Reg: 0x05 Val: 0x00000002
In clock cycle: 476
Register Write to Reg: 0x00 Val: 0x00400184
In clock cycle: 478
Register Write to Reg: 0x00 Val: 0x00000000
In clock cycle: 481
Register Write to Reg: 0x00 Val: 0x00000000
In clock cycle: 482
Register Write to Reg: 0x0A Val: 0x10010014
In clock cycle: 483
Register Write to Reg: 0x0B Val: 0x00000002
In clock cycle: 484
Register Write to Reg: 0x01 Val: 0x0040007C
In clock cycle: 485
Register Write to Reg: 0x08 Val: 0x10010004
In clock cycle: 486
Register Write to Reg: 0x09 Val: 0x0000000C
In clock cycle: 487
Register Write to Reg: 0x12 Val: 0x00000000
In clock cycle: 488
Register Write to Reg: 0x02 Val: 0x7FFFFFBC
In clock cycle: 489
Register Write to Reg: 0x00 Val: 0x004001A4
In clock cycle: 491
Register Write to Reg: 0x00 Val: 0x00000000
In clock cycle: 492
Register Write to Reg: 0x01 Val: 0x00400070
In clock cycle: 493
Register Write to Reg: 0x02 Val: 0x7FFFFFCC
In clock cycle: 494
Register Write to Reg: 0x00 Val: 0x00400088
In clock cycle: 496
Register Write to Reg: 0x00 Val: 0x00000000
In clock cycle: 497
Register Write to Reg: 0x0A Val: 0x10010010
In clock cycle: 498
Register Write to Reg: 0x0B Val: 0x00000003
In clock cycle: 499
Register Write to Reg: 0x01 Val: 0x0040007C
In clock cycle: 501
Register Write to Reg: 0x00 Val: 0x00000000
In clock cycle: 502
Register Write to Reg: 0x02 Val: 0x7FFFFFAC
In clock cycle: 502
Memory Write to Addr: 0x7FFFFFC8 Val: 0x0040007C
In clock cycle: 503
Memory Write to Addr: 0x7FFFFFC4 Val: 0x10010004
In clock cycle: 504
Memory Write to Addr: 0x7FFFFFC0 Val: 0x0000000C
In clock cycle: 505
Memory Write to Addr: 0x7FFFFFBC Val: 0x00000000
In clock cycle: 506
Memory Write to Addr: 0x7FFFFFB8 Val: 0x10010010
In clock cycle: 507
Memory Write to Addr: 0x7FFFFFB4 Val: 0x00000003
In clock cycle: 509
Register Write to Reg: 0x08 Val: 0x00000001
In clock cycle: 510
Register Write to Reg: 0x12 Val: 0x00000003
In clock cycle: 511
Register Write to Reg: 0x05 Val: 0x00000000
In clock cycle: 512
Register Write to Reg: 0x06 Val: 0x00000001
In clock cycle: 513
Register Write to Reg: 0x07 Val: 0x00000000
In clock cycle: 514
Register Write to Reg: 0x09 Val: 0x100100B8
In clock cycle: 515
Register Write to Reg: 0x09 Val: 0x10010034
In clock cycle: 518
Register Write to Reg: 0x1E Val: 0x00000000
In clock cycle: 519
Register Write to Reg: 0x1E Val: 0x10010010
In clock cycle: 520
Register Write to Reg: 0x1C Val: 0x00000059
In clock cycle: 521
Register Write to Reg: 0x1E Val: 0x00000004
In clock cycle: 522
Register Write to Reg: 0x1E Val: 0x10010014
In clock cycle: 523
Register Write to Reg: 0x1D Val: 0x0000000B
In clock cycle: 526
Register Write to Reg: 0x1E Val: 0x00000000
In clock cycle: 527
Register Write to Reg: 0x1E Val: 0x10010034
In clock cycle: 527
Memory Write to Addr: 0x10010034 Val: 0x0000000B
In clock cycle: 529
Register Write to Reg: 0x06 Val: 0x00000002
In clock cycle: 530
Register Write to Reg: 0x00 Val: 0x004000F8
In clock cycle: 532
Register Write to Reg: 0x00 Val: 0x00000000
In clock cycle: 533
Register Write to Reg: 0x07 Val: 0x00000001
In clock cycle: 534
Register Write to Reg: 0x00 Val: 0x00400110
In clock cycle: 536
Register Write to Reg: 0x00 Val: 0x00000000
In clock cycle: 539
Register Write to Reg: 0x1E Val: 0x00000000
In clock cycle: 540
Register Write to Reg: 0x1E Val: 0x10010010
In clock cycle: 541
Register Write to Reg: 0x1C Val: 0x00000059
In clock cycle: 542
Register Write to Reg: 0x1E Val: 0x00000008
In clock cycle: 543
Register Write to Reg: 0x1E Val: 0x10010018
In clock cycle: 544
Register Write to Reg: 0x1D Val: 0x00000046
In clock cycle: 547
Register Write to Reg: 0x1E Val: 0x00000004
In clock cycle: 548
Register Write to Reg: 0x1E Val: 0x10010038
In clock cycle: 548
Memory Write to Addr: 0x10010038 Val: 0x00000046
In clock cycle: 550
Register Write to Reg: 0x06 Val: 0x00000003
In clock cycle: 551
Register Write to Reg: 0x00 Val: 0x004000F8
In clock cycle: 553
Register Write to Reg: 0x00 Val: 0x00000000
In clock cycle: 554
Register Write to Reg: 0x07 Val: 0x00000002
In clock cycle: 555
Register Write to Reg: 0x00 Val: 0x00400110
In clock cycle: 557
Register Write to Reg: 0x00 Val: 0x00000000
In clock cycle: 561
Register Write to Reg: 0x00 Val: 0x00000000
In clock cycle: 563
Register Write to Reg: 0x1E Val: 0x00000000
In clock cycle: 564
Register Write to Reg: 0x1E Val: 0x10010010
In clock cycle: 565
Register Write to Reg: 0x1C Val: 0x00000059
In clock cycle: 566
Register Write to Reg: 0x1E Val: 0x00000008
In clock cycle: 567
Register Write to Reg: 0x1E Val: 0x1001003C
In clock cycle: 567
Memory Write to Addr: 0x1001003C Val: 0x00000059
In clock cycle: 569
Register Write to Reg: 0x05 Val: 0x00000001
In clock cycle: 570
Register Write to Reg: 0x07 Val: 0x00000003
In clock cycle: 571
Register Write to Reg: 0x00 Val: 0x00400138
In clock cycle: 573
Register Write to Reg: 0x00 Val: 0x00000000
In clock cycle: 576
Register Write to Reg: 0x00 Val: 0x00000000
In clock cycle: 577
Register Write to Reg: 0x05 Val: 0x00000000
In clock cycle: 579
Register Write to Reg: 0x1E Val: 0x00000000
In clock cycle: 580
Register Write to Reg: 0x1F Val: 0x10010034
In clock cycle: 581
Register Write to Reg: 0x1C Val: 0x0000000B
In clock cycle: 582
Register Write to Reg: 0x1F Val: 0x10010010
In clock cycle: 582
Memory Write to Addr: 0x10010010 Val: 0x0000000B
In clock cycle: 584
Register Write to Reg: 0x05 Val: 0x00000001
In clock cycle: 585
Register Write to Reg: 0x00 Val: 0x00400184
In clock cycle: 587
Register Write to Reg: 0x00 Val: 0x00000000
In clock cycle: 589
Register Write to Reg: 0x1E Val: 0x00000004
In clock cycle: 590
Register Write to Reg: 0x1F Val: 0x10010038
In clock cycle: 591
Register Write to Reg: 0x1C Val: 0x00000046
In clock cycle: 592
Register Write to Reg: 0x1F Val: 0x10010014
In clock cycle: 592
Memory Write to Addr: 0x10010014 Val: 0x00000046
In clock cycle: 594
Register Write to Reg: 0x05 Val: 0x00000002
In clock cycle: 595
Register Write to Reg: 0x00 Val: 0x00400184
In clock cycle: 597
Register Write to Reg: 0x00 Val: 0x00000000
In clock cycle: 599
Register Write to Reg: 0x1E Val: 0x00000008
In clock cycle: 600
Register Write to Reg: 0x1F Val: 0x1001003C
In clock cycle: 601
Register Write to Reg: 0x1C Val: 0x00000059
In clock cycle: 602
Register Write to Reg: 0x1F Val: 0x10010018
In clock cycle: 602
Memory Write to Addr: 0x10010018 Val: 0x00000059
In clock cycle: 604
Register Write to Reg: 0x05 Val: 0x00000003
In clock cycle: 605
Register Write to Reg: 0x00 Val: 0x00400184
In clock cycle: 607
Register Write to Reg: 0x00 Val: 0x00000000
In clock cycle: 610
Register Write to Reg: 0x00 Val: 0x00000000
In clock cycle: 611
Register Write to Reg: 0x0A Val: 0x10010010
In clock cycle: 612
Register Write to Reg: 0x0B Val: 0x00000003
In clock cycle: 613
Register Write to Reg: 0x01 Val: 0x0040007C
In clock cycle: 614
Register Write to Reg: 0x08 Val: 0x10010004
In clock cycle: 615
Register Write to Reg: 0x09 Val: 0x0000000C
In clock cycle: 616
Register Write to Reg: 0x12 Val: 0x00000000
In clock cycle: 617
Register Write to Reg: 0x02 Val: 0x7FFFFFCC
In clock cycle: 618
Register Write to Reg: 0x00 Val: 0x004001A4
In clock cycle: 620
Register Write to Reg: 0x00 Val: 0x00000000
In clock cycle: 621
Register Write to Reg: 0x01 Val: 0x00400070
In clock cycle: 622
Register Write to Reg: 0x02 Val: 0x7FFFFFDC
In clock cycle: 623
Register Write to Reg: 0x00 Val: 0x00400088
In clock cycle: 625
Register Write to Reg: 0x00 Val: 0x00000000
In clock cycle: 626
Register Write to Reg: 0x0A Val: 0x10010004
In clock cycle: 627
Register Write to Reg: 0x0B Val: 0x00000006
In clock cycle: 628
Register Write to Reg: 0x01 Val: 0x0040007C
In clock cycle: 630
Register Write to Reg: 0x00 Val: 0x00000000
In clock cycle: 631
Register Write to Reg: 0x02 Val: 0x7FFFFFBC
In clock cycle: 631
Memory Write to Addr: 0x7FFFFFD8 Val: 0x0040007C
In clock cycle: 632
Memory Write to Addr: 0x7FFFFFD4 Val: 0x10010004
In clock cycle: 633
Memory Write to Addr: 0x7FFFFFD0 Val: 0x0000000C
In clock cycle: 634
Memory Write to Addr: 0x7FFFFFCC Val: 0x00000000
In clock cycle: 635
Memory Write to Addr: 0x7FFFFFC8 Val: 0x10010004
In clock cycle: 636
Memory Write to Addr: 0x7FFFFFC4 Val: 0x00000006
In clock cycle: 638
Register Write to Reg: 0x08 Val: 0x00000003
In clock cycle: 639
Register Write to Reg: 0x12 Val: 0x00000006
In clock cycle: 640
Register Write to Reg: 0x05 Val: 0x00000000
In clock cycle: 641
Register Write to Reg: 0x06 Val: 0x00000003
In clock cycle: 642
Register Write to Reg: 0x07 Val: 0x00000000
In clock cycle: 643
Register Write to Reg: 0x09 Val: 0x100100B8
In clock cycle: 644
Register Write to Reg: 0x09 Val: 0x10010034
In clock cycle: 647
Register Write to Reg: 0x1E Val: 0x00000000
In clock cycle: 648
Register Write to Reg: 0x1E Val: 0x10010004
In clock cycle: 649
Register Write to Reg: 0x1C Val: 0x0000000A
In clock cycle: 650
Register Write to Reg: 0x1E Val: 0x0000000C
In clock cycle: 651
Register Write to Reg: 0x1E Val: 0x10010010
In clock cycle: 652
Register Write to Reg: 0x1D Val: 0x0000000B
In clock cycle: 656
Register Write to Reg: 0x00 Val: 0x00000000
In clock cycle: 657
Register Write to Reg: 0x1E Val: 0x00000000
In clock cycle: 658
Register Write to Reg: 0x1E Val: 0x10010034
In clock cycle: 658
Memory Write to Addr: 0x10010034 Val: 0x0000000A
In clock cycle: 660
Register Write to Reg: 0x05 Val: 0x00000001
In clock cycle: 661
Register Write to Reg: 0x07 Val: 0x00000001
In clock cycle: 662
Register Write to Reg: 0x00 Val: 0x00400110
In clock cycle: 664
Register Write to Reg: 0x00 Val: 0x00000000
In clock cycle: 667
Register Write to Reg: 0x1E Val: 0x00000004
In clock cycle: 668
Register Write to Reg: 0x1E Val: 0x10010008
In clock cycle: 669
Register Write to Reg: 0x1C Val: 0x0000000C
In clock cycle: 670
Register Write to Reg: 0x1E Val: 0x0000000C
In clock cycle: 671
Register Write to Reg: 0x1E Val: 0x10010010
In clock cycle: 672
Register Write to Reg: 0x1D Val: 0x0000000B
In clock cycle: 675
Register Write to Reg: 0x1E Val: 0x00000004
In clock cycle: 676
Register Write to Reg: 0x1E Val: 0x10010038
In clock cycle: 676
Memory Write to Addr: 0x10010038 Val: 0x0000000B
In clock cycle: 678
Register Write to Reg: 0x06 Val: 0x00000004
In clock cycle: 679
Register Write to Reg: 0x00 Val: 0x004000F8
In clock cycle: 681
Register Write to Reg: 0x00 Val: 0x00000000
In clock cycle: 682
Register Write to Reg: 0x07 Val: 0x00000002
In clock cycle: 683
Register Write to Reg: 0x00 Val: 0x00400110
In clock cycle: 685
Register Write to Reg: 0x00 Val: 0x00000000
In clock cycle: 688
Register Write to Reg: 0x1E Val: 0x00000004
In clock cycle: 689
Register Write to Reg: 0x1E Val: 0x10010008
In clock cycle: 690
Register Write to Reg: 0x1C Val: 0x0000000C
In clock cycle: 691
Register Write to Reg: 0x1E Val: 0x00000010
In clock cycle: 692
Register Write to Reg: 0x1E Val: 0x10010014
In clock cycle: 693
Register Write to Reg: 0x1D Val: 0x00000046
In clock cycle: 697
Register Write to Reg: 0x00 Val: 0x00000000
In clock cycle: 698
Register Write to Reg: 0x1E Val: 0x00000008
In clock cycle: 699
Register Write to Reg: 0x1E Val: 0x1001003C
In clock cycle: 699
Memory Write to Addr: 0x1001003C Val: 0x0000000C
In clock cycle: 701
Register Write to Reg: 0x05 Val: 0x00000002
In clock cycle: 702
Register Write to Reg: 0x07 Val: 0x00000003
In clock cycle: 703
Register Write to Reg: 0x00 Val: 0x00400110
In clock cycle: 705
Register Write to Reg: 0x00 Val: 0x00000000
In clock cycle: 708
Register Write to Reg: 0x1E Val: 0x00000008
In clock cycle: 709
Register Write to Reg: 0x1E Val: 0x1001000C
In clock cycle: 710
Register Write to Reg: 0x1C Val: 0x00000041
In clock cycle: 711
Register Write to Reg: 0x1E Val: 0x00000010
In clock cycle: 712
Register Write to Reg: 0x1E Val: 0x10010014
In clock cycle: 713
Register Write to Reg: 0x1D Val: 0x00000046
In clock cycle: 717
Register Write to Reg: 0x00 Val: 0x00000000
In clock cycle: 718
Register Write to Reg: 0x1E Val: 0x0000000C
In clock cycle: 719
Register Write to Reg: 0x1E Val: 0x10010040
In clock cycle: 719
Memory Write to Addr: 0x10010040 Val: 0x00000041
In clock cycle: 721
Register Write to Reg: 0x05 Val: 0x00000003
In clock cycle: 722
Register Write to Reg: 0x07 Val: 0x00000004
In clock cycle: 723
Register Write to Reg: 0x00 Val: 0x00400110
In clock cycle: 725
Register Write to Reg: 0x00 Val: 0x00000000
In clock cycle: 728
Register Write to Reg: 0x00 Val: 0x00000000
In clock cycle: 730
Register Write to Reg: 0x1E Val: 0x00000010
In clock cycle: 731
Register Write to Reg: 0x1E Val: 0x10010014
In clock cycle: 732
Register Write to Reg: 0x1C Val: 0x00000046
In clock cycle: 733
Register Write to Reg: 0x1E Val: 0x00000010
In clock cycle: 734
Register Write to Reg: 0x1E Val: 0x10010044
In clock cycle: 734
Memory Write to Addr: 0x10010044 Val: 0x00000046
In clock cycle: 736
Register Write to Reg: 0x06 Val: 0x00000005
In clock cycle: 737
Register Write to Reg: 0x07 Val: 0x00000005
In clock cycle: 738
Register Write to Reg: 0x00 Val: 0x00400160
In clock cycle: 740
Register Write to Reg: 0x00 Val: 0x00000000
In clock cycle: 742
Register Write to Reg: 0x1E Val: 0x00000014
In clock cycle: 743
Register Write to Reg: 0x1E Val: 0x10010018
In clock cycle: 744
Register Write to Reg: 0x1C Val: 0x00000059
In clock cycle: 745
Register Write to Reg: 0x1E Val: 0x00000014
In clock cycle: 746
Register Write to Reg: 0x1E Val: 0x10010048
In clock cycle: 746
Memory Write to Addr: 0x10010048 Val: 0x00000059
In clock cycle: 748
Register Write to Reg: 0x06 Val: 0x00000006
In clock cycle: 749
Register Write to Reg: 0x07 Val: 0x00000006
In clock cycle: 750
Register Write to Reg: 0x00 Val: 0x00400160
In clock cycle: 752
Register Write to Reg: 0x00 Val: 0x00000000
In clock cycle: 755
Register Write to Reg: 0x00 Val: 0x00000000
In clock cycle: 756
Register Write to Reg: 0x05 Val: 0x00000000
In clock cycle: 758
Register Write to Reg: 0x1E Val: 0x00000000
In clock cycle: 759
Register Write to Reg: 0x1F Val: 0x10010034
In clock cycle: 760
Register Write to Reg: 0x1C Val: 0x0000000A
In clock cycle: 761
Register Write to Reg: 0x1F Val: 0x10010004
In clock cycle: 761
Memory Write to Addr: 0x10010004 Val: 0x0000000A
In clock cycle: 763
Register Write to Reg: 0x05 Val: 0x00000001
In clock cycle: 764
Register Write to Reg: 0x00 Val: 0x00400184
In clock cycle: 766
Register Write to Reg: 0x00 Val: 0x00000000
In clock cycle: 768
Register Write to Reg: 0x1E Val: 0x00000004
In clock cycle: 769
Register Write to Reg: 0x1F Val: 0x10010038
In clock cycle: 770
Register Write to Reg: 0x1C Val: 0x0000000B
In clock cycle: 771
Register Write to Reg: 0x1F Val: 0x10010008
In clock cycle: 771
Memory Write to Addr: 0x10010008 Val: 0x0000000B
In clock cycle: 773
Register Write to Reg: 0x05 Val: 0x00000002
In clock cycle: 774
Register Write to Reg: 0x00 Val: 0x00400184
In clock cycle: 776
Register Write to Reg: 0x00 Val: 0x00000000
In clock cycle: 778
Register Write to Reg: 0x1E Val: 0x00000008
In clock cycle: 779
Register Write to Reg: 0x1F Val: 0x1001003C
In clock cycle: 780
Register Write to Reg: 0x1C Val: 0x0000000C
In clock cycle: 781
Register Write to Reg: 0x1F Val: 0x1001000C
In clock cycle: 781
Memory Write to Addr: 0x1001000C Val: 0x0000000C
In clock cycle: 783
Register Write to Reg: 0x05 Val: 0x00000003
In clock cycle: 784
Register Write to Reg: 0x00 Val: 0x00400184
In clock cycle: 786
Register Write to Reg: 0x00 Val: 0x00000000
In clock cycle: 788
Register Write to Reg: 0x1E Val: 0x0000000C
In clock cycle: 789
Register Write to Reg: 0x1F Val: 0x10010040
In clock cycle: 790
Register Write to Reg: 0x1C Val: 0x00000041
In clock cycle: 791
Register Write to Reg: 0x1F Val: 0x10010010
In clock cycle: 791
Memory Write to Addr: 0x10010010 Val: 0x00000041
In clock cycle: 793
Register Write to Reg: 0x05 Val: 0x00000004
In clock cycle: 794
Register Write to Reg: 0x00 Val: 0x00400184
In clock cycle: 796
Register Write to Reg: 0x00 Val: 0x00000000
In clock cycle: 798
Register Write to Reg: 0x1E Val: 0x00000010
In clock cycle: 799
Register Write to Reg: 0x1F Val: 0x10010044
In clock cycle: 800
Register Write to Reg: 0x1C Val: 0x00000046
In clock cycle: 801
Register Write to Reg: 0x1F Val: 0x10010014
In clock cycle: 801
Memory Write to Addr: 0x10010014 Val: 0x00000046
In clock cycle: 803
Register Write to Reg: 0x05 Val: 0x00000005
In clock cycle: 804
Register Write to Reg: 0x00 Val: 0x00400184
In clock cycle: 806
Register Write to Reg: 0x00 Val: 0x00000000
In clock cycle: 808
Register Write to Reg: 0x1E Val: 0x00000014
In clock cycle: 809
Register Write to Reg: 0x1F Val: 0x10010048
In clock cycle: 810
Register Write to Reg: 0x1C Val: 0x00000059
In clock cycle: 811
Register Write to Reg: 0x1F Val: 0x10010018
In clock cycle: 811
Memory Write to Addr: 0x10010018 Val: 0x00000059
In clock cycle: 813
Register Write to Reg: 0x05 Val: 0x00000006
In clock cycle: 814
Register Write to Reg: 0x00 Val: 0x00400184
In clock cycle: 816
Register Write to Reg: 0x00 Val: 0x00000000
In clock cycle: 819
Register Write to Reg: 0x00 Val: 0x00000000
In clock cycle: 820
Register Write to Reg: 0x0A Val: 0x10010004
In clock cycle: 821
Register Write to Reg: 0x0B Val: 0x00000006
In clock cycle: 822
Register Write to Reg: 0x01 Val: 0x0040007C
In clock cycle: 823
Register Write to Reg: 0x08 Val: 0x10010004
In clock cycle: 824
Register Write to Reg: 0x09 Val: 0x0000000C
In clock cycle: 825
Register Write to Reg: 0x12 Val: 0x00000000
In clock cycle: 826
Register Write to Reg: 0x02 Val: 0x7FFFFFDC
In clock cycle: 827
Register Write to Reg: 0x00 Val: 0x004001A4
In clock cycle: 829
Register Write to Reg: 0x00 Val: 0x00000000
In clock cycle: 830
Register Write to Reg: 0x01 Val: 0x00400054
In clock cycle: 831
Register Write to Reg: 0x02 Val: 0x7FFFFFEC
In clock cycle: 832
Register Write to Reg: 0x00 Val: 0x00400088
In clock cycle: 834
Register Write to Reg: 0x00 Val: 0x00000000
In clock cycle: 835
Register Write to Reg: 0x0A Val: 0x10010004
In clock cycle: 836
Register Write to Reg: 0x0B Val: 0x0000000C
In clock cycle: 838
Register Write to Reg: 0x05 Val: 0x00000006
In clock cycle: 839
Register Write to Reg: 0x06 Val: 0x00000018
In clock cycle: 840
Register Write to Reg: 0x0A Val: 0x1001001C
In clock cycle: 841
Register Write to Reg: 0x0B Val: 0x00000006
In clock cycle: 842
Register Write to Reg: 0x01 Val: 0x00400070
In clock cycle: 844
Register Write to Reg: 0x00 Val: 0x00000000
In clock cycle: 845
Register Write to Reg: 0x05 Val: 0x00000001
In clock cycle: 847
Register Write to Reg: 0x02 Val: 0x7FFFFFDC
In clock cycle: 847
Memory Write to Addr: 0x7FFFFFE8 Val: 0x00400070
In clock cycle: 848
Memory Write to Addr: 0x7FFFFFE4 Val: 0x1001001C
In clock cycle: 849
Memory Write to Addr: 0x7FFFFFE0 Val: 0x00000006
In clock cycle: 851
Register Write to Reg: 0x05 Val: 0x00000003
In clock cycle: 852
Register Write to Reg: 0x0B Val: 0x00000003
In clock cycle: 853
Register Write to Reg: 0x01 Val: 0x00400054
In clock cycle: 855
Register Write to Reg: 0x00 Val: 0x00000000
In clock cycle: 856
Register Write to Reg: 0x05 Val: 0x00000001
In clock cycle: 858
Register Write to Reg: 0x02 Val: 0x7FFFFFCC
In clock cycle: 858
Memory Write to Addr: 0x7FFFFFD8 Val: 0x00400054
In clock cycle: 859
Memory Write to Addr: 0x7FFFFFD4 Val: 0x1001001C
In clock cycle: 860
Memory Write to Addr: 0x7FFFFFD0 Val: 0x00000003
In clock cycle: 862
Register Write to Reg: 0x05 Val: 0x00000001
In clock cycle: 863
Register Write to Reg: 0x0B Val: 0x00000001
In clock cycle: 864
Register Write to Reg: 0x01 Val: 0x00400054
In clock cycle: 866
Register Write to Reg: 0x00 Val: 0x00000000
In clock cycle: 867
Register Write to Reg: 0x05 Val: 0x00000001
In clock cycle: 870
Register Write to Reg: 0x00 Val: 0x00000000
In clock cycle: 871
Register Write to Reg: 0x00 Val: 0x00400088
In clock cycle: 873
Register Write to Reg: 0x00 Val: 0x00000000
In clock cycle: 874
Register Write to Reg: 0x0A Val: 0x1001001C
In clock cycle: 875
Register Write to Reg: 0x0B Val: 0x00000003
In clock cycle: 877
Register Write to Reg: 0x05 Val: 0x00000001
In clock cycle: 878
Register Write to Reg: 0x06 Val: 0x00000004
In clock cycle: 879
Register Write to Reg: 0x0A Val: 0x10010020
In clock cycle: 880
Register Write to Reg: 0x0B Val: 0x00000002
In clock cycle: 881
Register Write to Reg: 0x01 Val: 0x00400070
In clock cycle: 883
Register Write to Reg: 0x00 Val: 0x00000000
In clock cycle: 884
Register Write to Reg: 0x05 Val: 0x00000001
In clock cycle: 886
Register Write to Reg: 0x02 Val: 0x7FFFFFBC
In clock cycle: 886
Memory Write to Addr: 0x7FFFFFC8 Val: 0x00400070
In clock cycle: 887
Memory Write to Addr: 0x7FFFFFC4 Val: 0x10010020
In clock cycle: 888
Memory Write to Addr: 0x7FFFFFC0 Val: 0x00000002
In clock cycle: 890
Register Write to Reg: 0x05 Val: 0x00000001
In clock cycle: 891
Register Write to Reg: 0x0B Val: 0x00000001
In clock cycle: 892
Register Write to Reg: 0x01 Val: 0x00400054
In clock cycle: 894
Register Write to Reg: 0x00 Val: 0x00000000
In clock cycle: 895
Register Write to Reg: 0x05 Val: 0x00000001
In clock cycle: 898
Register Write to Reg: 0x00 Val: 0x00000000
In clock cycle: 899
Register Write to Reg: 0x00 Val: 0x00400088
In clock cycle: 901
Register Write to Reg: 0x00 Val: 0x00000000
In clock cycle: 902
Register Write to Reg: 0x0A Val: 0x10010020
In clock cycle: 903
Register Write to Reg: 0x0B Val: 0x00000002
In clock cycle: 905
Register Write to Reg: 0x05 Val: 0x00000001
In clock cycle: 906
Register Write to Reg: 0x06 Val: 0x00000004
In clock cycle: 907
Register Write to Reg: 0x0A Val: 0x10010024
In clock cycle: 908
Register Write to Reg: 0x0B Val: 0x00000001
In clock cycle: 909
Register Write to Reg: 0x01 Val: 0x00400070
In clock cycle: 911
Register Write to Reg: 0x00 Val: 0x00000000
In clock cycle: 912
Register Write to Reg: 0x05 Val: 0x00000001
In clock cycle: 915
Register Write to Reg: 0x00 Val: 0x00000000
In clock cycle: 916
Register Write to Reg: 0x00 Val: 0x00400088
In clock cycle: 918
Register Write to Reg: 0x00 Val: 0x00000000
In clock cycle: 919
Register Write to Reg: 0x0A Val: 0x10010020
In clock cycle: 920
Register Write to Reg: 0x0B Val: 0x00000002
In clock cycle: 921
Register Write to Reg: 0x01 Val: 0x0040007C
In clock cycle: 923
Register Write to Reg: 0x00 Val: 0x00000000
In clock cycle: 924
Register Write to Reg: 0x02 Val: 0x7FFFFF9C
In clock cycle: 924
Memory Write to Addr: 0x7FFFFFB8 Val: 0x0040007C
In clock cycle: 925
Memory Write to Addr: 0x7FFFFFB4 Val: 0x10010004
In clock cycle: 926
Memory Write to Addr: 0x7FFFFFB0 Val: 0x0000000C
In clock cycle: 927
Memory Write to Addr: 0x7FFFFFAC Val: 0x00000000
In clock cycle: 928
Memory Write to Addr: 0x7FFFFFA8 Val: 0x10010020
In clock cycle: 929
Memory Write to Addr: 0x7FFFFFA4 Val: 0x00000002
In clock cycle: 931
Register Write to Reg: 0x08 Val: 0x00000001
In clock cycle: 932
Register Write to Reg: 0x12 Val: 0x00000002
In clock cycle: 933
Register Write to Reg: 0x05 Val: 0x00000000
In clock cycle: 934
Register Write to Reg: 0x06 Val: 0x00000001
In clock cycle: 935
Register Write to Reg: 0x07 Val: 0x00000000
In clock cycle: 936
Register Write to Reg: 0x09 Val: 0x100100B8
In clock cycle: 937
Register Write to Reg: 0x09 Val: 0x10010034
In clock cycle: 940
Register Write to Reg: 0x1E Val: 0x00000000
In clock cycle: 941
Register Write to Reg: 0x1E Val: 0x10010020
In clock cycle: 942
Register Write to Reg: 0x1C Val: 0x00000005
In clock cycle: 943
Register Write to Reg: 0x1E Val: 0x00000004
In clock cycle: 944
Register Write to Reg: 0x1E Val: 0x10010024
In clock cycle: 945
Register Write to Reg: 0x1D Val: 0x00000009
In clock cycle: 949
Register Write to Reg: 0x00 Val: 0x00000000
In clock cycle: 950
Register Write to Reg: 0x1E Val: 0x00000000
In clock cycle: 951
Register Write to Reg: 0x1E Val: 0x10010034
In clock cycle: 951
Memory Write to Addr: 0x10010034 Val: 0x00000005
In clock cycle: 953
Register Write to Reg: 0x05 Val: 0x00000001
In clock cycle: 954
Register Write to Reg: 0x07 Val: 0x00000001
In clock cycle: 955
Register Write to Reg: 0x00 Val: 0x00400110
In clock cycle: 957
Register Write to Reg: 0x00 Val: 0x00000000
In clock cycle: 960
Register Write to Reg: 0x00 Val: 0x00000000
In clock cycle: 962
Register Write to Reg: 0x1E Val: 0x00000004
In clock cycle: 963
Register Write to Reg: 0x1E Val: 0x10010024
In clock cycle: 964
Register Write to Reg: 0x1C Val: 0x00000009
In clock cycle: 965
Register Write to Reg: 0x1E Val: 0x00000004
In clock cycle: 966
Register Write to Reg: 0x1E Val: 0x10010038
In clock cycle: 966
Memory Write to Addr: 0x10010038 Val: 0x00000009
In clock cycle: 968
Register Write to Reg: 0x06 Val: 0x00000002
In clock cycle: 969
Register Write to Reg: 0x07 Val: 0x00000002
In clock cycle: 970
Register Write to Reg: 0x00 Val: 0x00400160
In clock cycle: 972
Register Write to Reg: 0x00 Val: 0x00000000
In clock cycle: 975
Register Write to Reg: 0x00 Val: 0x00000000
In clock cycle: 976
Register Write to Reg: 0x05 Val: 0x00000000
In clock cycle: 978
Register Write to Reg: 0x1E Val: 0x00000000
In clock cycle: 979
Register Write to Reg: 0x1F Val: 0x10010034
In clock cycle: 980
Register Write to Reg: 0x1C Val: 0x00000005
In clock cycle: 981
Register Write to Reg: 0x1F Val: 0x10010020
In clock cycle: 981
Memory Write to Addr: 0x10010020 Val: 0x00000005
In clock cycle: 983
Register Write to Reg: 0x05 Val: 0x00000001
In clock cycle: 984
Register Write to Reg: 0x00 Val: 0x00400184
In clock cycle: 986
Register Write to Reg: 0x00 Val: 0x00000000
In clock cycle: 988
Register Write to Reg: 0x1E Val: 0x00000004
In clock cycle: 989
Register Write to Reg: 0x1F Val: 0x10010038
In clock cycle: 990
Register Write to Reg: 0x1C Val: 0x00000009
In clock cycle: 991
Register Write to Reg: 0x1F Val: 0x10010024
In clock cycle: 991
Memory Write to Addr: 0x10010024 Val: 0x00000009
In clock cycle: 993
Register Write to Reg: 0x05 Val: 0x00000002
In clock cycle: 994
Register Write to Reg: 0x00 Val: 0x00400184
In clock cycle: 996
Register Write to Reg: 0x00 Val: 0x00000000
In clock cycle: 999
Register Write to Reg: 0x00 Val: 0x00000000
In clock cycle: 1000
Register Write to Reg: 0x0A Val: 0x10010020
In clock cycle: 1001
Register Write to Reg: 0x0B Val: 0x00000002
In clock cycle: 1002
Register Write to Reg: 0x01 Val: 0x0040007C
In clock cycle: 1003
Register Write to Reg: 0x08 Val: 0x10010004
In clock cycle: 1004
Register Write to Reg: 0x09 Val: 0x0000000C
In clock cycle: 1005
Register Write to Reg: 0x12 Val: 0x00000000
In clock cycle: 1006
Register Write to Reg: 0x02 Val: 0x7FFFFFBC
In clock cycle: 1007
Register Write to Reg: 0x00 Val: 0x004001A4
In clock cycle: 1009
Register Write to Reg: 0x00 Val: 0x00000000
In clock cycle: 1010
Register Write to Reg: 0x01 Val: 0x00400070
In clock cycle: 1011
Register Write to Reg: 0x02 Val: 0x7FFFFFCC
In clock cycle: 1012
Register Write to Reg: 0x00 Val: 0x00400088
In clock cycle: 1014
Register Write to Reg: 0x00 Val: 0x00000000
In clock cycle: 1015
Register Write to Reg: 0x0A Val: 0x1001001C
In clock cycle: 1016
Register Write to Reg: 0x0B Val: 0x00000003
In clock cycle: 1017
Register Write to Reg: 0x01 Val: 0x0040007C
In clock cycle: 1019
Register Write to Reg: 0x00 Val: 0x00000000
In clock cycle: 1020
Register Write to Reg: 0x02 Val: 0x7FFFFFAC
In clock cycle: 1020
Memory Write to Addr: 0x7FFFFFC8 Val: 0x0040007C
In clock cycle: 1021
Memory Write to Addr: 0x7FFFFFC4 Val: 0x10010004
In clock cycle: 1022
Memory Write to Addr: 0x7FFFFFC0 Val: 0x0000000C
In clock cycle: 1023
Memory Write to Addr: 0x7FFFFFBC Val: 0x00000000
In clock cycle: 1024
Memory Write to Addr: 0x7FFFFFB8 Val: 0x1001001C
In clock cycle: 1025
Memory Write to Addr: 0x7FFFFFB4 Val: 0x00000003
In clock cycle: 1027
Register Write to Reg: 0x08 Val: 0x00000001
In clock cycle: 1028
Register Write to Reg: 0x12 Val: 0x00000003
In clock cycle: 1029
Register Write to Reg: 0x05 Val: 0x00000000
In clock cycle: 1030
Register Write to Reg: 0x06 Val: 0x00000001
In clock cycle: 1031
Register Write to Reg: 0x07 Val: 0x00000000
In clock cycle: 1032
Register Write to Reg: 0x09 Val: 0x100100B8
In clock cycle: 1033
Register Write to Reg: 0x09 Val: 0x10010034
In clock cycle: 1036
Register Write to Reg: 0x1E Val: 0x00000000
In clock cycle: 1037
Register Write to Reg: 0x1E Val: 0x1001001C
In clock cycle: 1038
Register Write to Reg: 0x1C Val: 0x00000043
In clock cycle: 1039
Register Write to Reg: 0x1E Val: 0x00000004
In clock cycle: 1040
Register Write to Reg: 0x1E Val: 0x10010020
In clock cycle: 1041
Register Write to Reg: 0x1D Val: 0x00000005
In clock cycle: 1044
Register Write to Reg: 0x1E Val: 0x00000000
In clock cycle: 1045
Register Write to Reg: 0x1E Val: 0x10010034
In clock cycle: 1045
Memory Write to Addr: 0x10010034 Val: 0x00000005
In clock cycle: 1047
Register Write to Reg: 0x06 Val: 0x00000002
In clock cycle: 1048
Register Write to Reg: 0x00 Val: 0x004000F8
In clock cycle: 1050
Register Write to Reg: 0x00 Val: 0x00000000
In clock cycle: 1051
Register Write to Reg: 0x07 Val: 0x00000001
In clock cycle: 1052
Register Write to Reg: 0x00 Val: 0x00400110
In clock cycle: 1054
Register Write to Reg: 0x00 Val: 0x00000000
In clock cycle: 1057
Register Write to Reg: 0x1E Val: 0x00000000
In clock cycle: 1058
Register Write to Reg: 0x1E Val: 0x1001001C
In clock cycle: 1059
Register Write to Reg: 0x1C Val: 0x00000043
In clock cycle: 1060
Register Write to Reg: 0x1E Val: 0x00000008
In clock cycle: 1061
Register Write to Reg: 0x1E Val: 0x10010024
In clock cycle: 1062
Register Write to Reg: 0x1D Val: 0x00000009
In clock cycle: 1065
Register Write to Reg: 0x1E Val: 0x00000004
In clock cycle: 1066
Register Write to Reg: 0x1E Val: 0x10010038
In clock cycle: 1066
Memory Write to Addr: 0x10010038 Val: 0x00000009
In clock cycle: 1068
Register Write to Reg: 0x06 Val: 0x00000003
In clock cycle: 1069
Register Write to Reg: 0x00 Val: 0x004000F8
In clock cycle: 1071
Register Write to Reg: 0x00 Val: 0x00000000
In clock cycle: 1072
Register Write to Reg: 0x07 Val: 0x00000002
In clock cycle: 1073
Register Write to Reg: 0x00 Val: 0x00400110
In clock cycle: 1075
Register Write to Reg: 0x00 Val: 0x00000000
In clock cycle: 1079
Register Write to Reg: 0x00 Val: 0x00000000
In clock cycle: 1081
Register Write to Reg: 0x1E Val: 0x00000000
In clock cycle: 1082
Register Write to Reg: 0x1E Val: 0x1001001C
In clock cycle: 1083
Register Write to Reg: 0x1C Val: 0x00000043
In clock cycle: 1084
Register Write to Reg: 0x1E Val: 0x00000008
In clock cycle: 1085
Register Write to Reg: 0x1E Val: 0x1001003C
In clock cycle: 1085
Memory Write to Addr: 0x1001003C Val: 0x00000043
In clock cycle: 1087
Register Write to Reg: 0x05 Val: 0x00000001
In clock cycle: 1088
Register Write to Reg: 0x07 Val: 0x00000003
In clock cycle: 1089
Register Write to Reg: 0x00 Val: 0x00400138
In clock cycle: 1091
Register Write to Reg: 0x00 Val: 0x00000000
In clock cycle: 1094
Register Write to Reg: 0x00 Val: 0x00000000
In clock cycle: 1095
Register Write to Reg: 0x05 Val: 0x00000000
In clock cycle: 1097
Register Write to Reg: 0x1E Val: 0x00000000
In clock cycle: 1098
Register Write to Reg: 0x1F Val: 0x10010034
In clock cycle: 1099
Register Write to Reg: 0x1C Val: 0x00000005
In clock cycle: 1100
Register Write to Reg: 0x1F Val: 0x1001001C
In clock cycle: 1100
Memory Write to Addr: 0x1001001C Val: 0x00000005
In clock cycle: 1102
Register Write to Reg: 0x05 Val: 0x00000001
In clock cycle: 1103
Register Write to Reg: 0x00 Val: 0x00400184
In clock cycle: 1105
Register Write to Reg: 0x00 Val: 0x00000000
In clock cycle: 1107
Register Write to Reg: 0x1E Val: 0x00000004
In clock cycle: 1108
Register Write to Reg: 0x1F Val: 0x10010038
In clock cycle: 1109
Register Write to Reg: 0x1C Val: 0x00000009
In clock cycle: 1110
Register Write to Reg: 0x1F Val: 0x10010020
In clock cycle: 1110
Memory Write to Addr: 0x10010020 Val: 0x00000009
In clock cycle: 1112
Register Write to Reg: 0x05 Val: 0x00000002
In clock cycle: 1113
Register Write to Reg: 0x00 Val: 0x00400184
In clock cycle: 1115
Register Write to Reg: 0x00 Val: 0x00000000
In clock cycle: 1117
Register Write to Reg: 0x1E Val: 0x00000008
In clock cycle: 1118
Register Write to Reg: 0x1F Val: 0x1001003C
In clock cycle: 1119
Register Write to Reg: 0x1C Val: 0x00000043
In clock cycle: 1120
Register Write to Reg: 0x1F Val: 0x10010024
In clock cycle: 1120
Memory Write to Addr: 0x10010024 Val: 0x00000043
In clock cycle: 1122
Register Write to Reg: 0x05 Val: 0x00000003
In clock cycle: 1123
Register Write to Reg: 0x00 Val: 0x00400184
In clock cycle: 1125
Register Write to Reg: 0x00 Val: 0x00000000
In clock cycle: 1128
Register Write to Reg: 0x00 Val: 0x00000000
In clock cycle: 1129
Register Write to Reg: 0x0A Val: 0x1001001C
In clock cycle: 1130
Register Write to Reg: 0x0B Val: 0x00000003
In clock cycle: 1131
Register Write to Reg: 0x01 Val: 0x0040007C
In clock cycle: 1132
Register Write to Reg: 0x08 Val: 0x10010004
In clock cycle: 1133
Register Write to Reg: 0x09 Val: 0x0000000C
In clock cycle: 1134
Register Write to Reg: 0x12 Val: 0x00000000
In clock cycle: 1135
Register Write to Reg: 0x02 Val: 0x7FFFFFCC
In clock cycle: 1136
Register Write to Reg: 0x00 Val: 0x004001A4
In clock cycle: 1138
Register Write to Reg: 0x00 Val: 0x00000000
In clock cycle: 1139
Register Write to Reg: 0x01 Val: 0x00400054
In clock cycle: 1140
Register Write to Reg: 0x02 Val: 0x7FFFFFDC
In clock cycle: 1141
Register Write to Reg: 0x00 Val: 0x00400088
In clock cycle: 1143
Register Write to Reg: 0x00 Val: 0x00000000
In clock cycle: 1144
Register Write to Reg: 0x0A Val: 0x1001001C
In clock cycle: 1145
Register Write to Reg: 0x0B Val: 0x00000006
In clock cycle: 1147
Register Write to Reg: 0x05 Val: 0x00000003
In clock cycle: 1148
Register Write to Reg: 0x06 Val: 0x0000000C
In clock cycle: 1149
Register Write to Reg: 0x0A Val: 0x10010028
In clock cycle: 1150
Register Write to Reg: 0x0B Val: 0x00000003
In clock cycle: 1151
Register Write to Reg: 0x01 Val: 0x00400070
In clock cycle: 1153
Register Write to Reg: 0x00 Val: 0x00000000
In clock cycle: 1154
Register Write to Reg: 0x05 Val: 0x00000001
In clock cycle: 1156
Register Write to Reg: 0x02 Val: 0x7FFFFFCC
In clock cycle: 1156
Memory Write to Addr: 0x7FFFFFD8 Val: 0x00400070
In clock cycle: 1157
Memory Write to Addr: 0x7FFFFFD4 Val: 0x10010028
In clock cycle: 1158
Memory Write to Addr: 0x7FFFFFD0 Val: 0x00000003
In clock cycle: 1160
Register Write to Reg: 0x05 Val: 0x00000001
In clock cycle: 1161
Register Write to Reg: 0x0B Val: 0x00000001
In clock cycle: 1162
Register Write to Reg: 0x01 Val: 0x00400054
In clock cycle: 1164
Register Write to Reg: 0x00 Val: 0x00000000
In clock cycle: 1165
Register Write to Reg: 0x05 Val: 0x00000001
In clock cycle: 1168
Register Write to Reg: 0x00 Val: 0x00000000
In clock cycle: 1169
Register Write to Reg: 0x00 Val: 0x00400088
In clock cycle: 1171
Register Write to Reg: 0x00 Val: 0x00000000
In clock cycle: 1172
Register Write to Reg: 0x0A Val: 0x10010028
In clock cycle: 1173
Register Write to Reg: 0x0B Val: 0x00000003
In clock cycle: 1175
Register Write to Reg: 0x05 Val: 0x00000001
In clock cycle: 1176
Register Write to Reg: 0x06 Val: 0x00000004
In clock cycle: 1177
Register Write to Reg: 0x0A Val: 0x1001002C
In clock cycle: 1178
Register Write to Reg: 0x0B Val: 0x00000002
In clock cycle: 1179
Register Write to Reg: 0x01 Val: 0x00400070
In clock cycle: 1181
Register Write to Reg: 0x00 Val: 0x00000000
In clock cycle: 1182
Register Write to Reg: 0x05 Val: 0x00000001
In clock cycle: 1184
Register Write to Reg: 0x02 Val: 0x7FFFFFBC
In clock cycle: 1184
Memory Write to Addr: 0x7FFFFFC8 Val: 0x00400070
In clock cycle: 1185
Memory Write to Addr: 0x7FFFFFC4 Val: 0x1001002C
In clock cycle: 1186
Memory Write to Addr: 0x7FFFFFC0 Val: 0x00000002
In clock cycle: 1188
Register Write to Reg: 0x05 Val: 0x00000001
In clock cycle: 1189
Register Write to Reg: 0x0B Val: 0x00000001
In clock cycle: 1190
Register Write to Reg: 0x01 Val: 0x00400054
In clock cycle: 1192
Register Write to Reg: 0x00 Val: 0x00000000
In clock cycle: 1193
Register Write to Reg: 0x05 Val: 0x00000001
In clock cycle: 1196
Register Write to Reg: 0x00 Val: 0x00000000
In clock cycle: 1197
Register Write to Reg: 0x00 Val: 0x00400088
In clock cycle: 1199
Register Write to Reg: 0x00 Val: 0x00000000
In clock cycle: 1200
Register Write to Reg: 0x0A Val: 0x1001002C
In clock cycle: 1201
Register Write to Reg: 0x0B Val: 0x00000002
In clock cycle: 1203
Register Write to Reg: 0x05 Val: 0x00000001
In clock cycle: 1204
Register Write to Reg: 0x06 Val: 0x00000004
In clock cycle: 1205
Register Write to Reg: 0x0A Val: 0x10010030
In clock cycle: 1206
Register Write to Reg: 0x0B Val: 0x00000001
In clock cycle: 1207
Register Write to Reg: 0x01 Val: 0x00400070
In clock cycle: 1209
Register Write to Reg: 0x00 Val: 0x00000000
In clock cycle: 1210
Register Write to Reg: 0x05 Val: 0x00000001
In clock cycle: 1213
Register Write to Reg: 0x00 Val: 0x00000000
In clock cycle: 1214
Register Write to Reg: 0x00 Val: 0x00400088
In clock cycle: 1216
Register Write to Reg: 0x00 Val: 0x00000000
In clock cycle: 1217
Register Write to Reg: 0x0A Val: 0x1001002C
In clock cycle: 1218
Register Write to Reg: 0x0B Val: 0x00000002
In clock cycle: 1219
Register Write to Reg: 0x01 Val: 0x0040007C
In clock cycle: 1221
Register Write to Reg: 0x00 Val: 0x00000000
In clock cycle: 1222
Register Write to Reg: 0x02 Val: 0x7FFFFF9C
In clock cycle: 1222
Memory Write to Addr: 0x7FFFFFB8 Val: 0x0040007C
In clock cycle: 1223
Memory Write to Addr: 0x7FFFFFB4 Val: 0x10010004
In clock cycle: 1224
Memory Write to Addr: 0x7FFFFFB0 Val: 0x0000000C
In clock cycle: 1225
Memory Write to Addr: 0x7FFFFFAC Val: 0x00000000
In clock cycle: 1226
Memory Write to Addr: 0x7FFFFFA8 Val: 0x1001002C
In clock cycle: 1227
Memory Write to Addr: 0x7FFFFFA4 Val: 0x00000002
In clock cycle: 1229
Register Write to Reg: 0x08 Val: 0x00000001
In clock cycle: 1230
Register Write to Reg: 0x12 Val: 0x00000002
In clock cycle: 1231
Register Write to Reg: 0x05 Val: 0x00000000
In clock cycle: 1232
Register Write to Reg: 0x06 Val: 0x00000001
In clock cycle: 1233
Register Write to Reg: 0x07 Val: 0x00000000
In clock cycle: 1234
Register Write to Reg: 0x09 Val: 0x100100B8
In clock cycle: 1235
Register Write to Reg: 0x09 Val: 0x10010034
In clock cycle: 1238
Register Write to Reg: 0x1E Val: 0x00000000
In clock cycle: 1239
Register Write to Reg: 0x1E Val: 0x1001002C
In clock cycle: 1240
Register Write to Reg: 0x1C Val: 0x0000005A
In clock cycle: 1241
Register Write to Reg: 0x1E Val: 0x00000004
In clock cycle: 1242
Register Write to Reg: 0x1E Val: 0x10010030
In clock cycle: 1243
Register Write to Reg: 0x1D Val: 0x00000007
In clock cycle: 1246
Register Write to Reg: 0x1E Val: 0x00000000
In clock cycle: 1247
Register Write to Reg: 0x1E Val: 0x10010034
In clock cycle: 1247
Memory Write to Addr: 0x10010034 Val: 0x00000007
In clock cycle: 1249
Register Write to Reg: 0x06 Val: 0x00000002
In clock cycle: 1250
Register Write to Reg: 0x00 Val: 0x004000F8
In clock cycle: 1252
Register Write to Reg: 0x00 Val: 0x00000000
In clock cycle: 1253
Register Write to Reg: 0x07 Val: 0x00000001
In clock cycle: 1254
Register Write to Reg: 0x00 Val: 0x00400110
In clock cycle: 1256
Register Write to Reg: 0x00 Val: 0x00000000
In clock cycle: 1260
Register Write to Reg: 0x00 Val: 0x00000000
In clock cycle: 1262
Register Write to Reg: 0x1E Val: 0x00000000
In clock cycle: 1263
Register Write to Reg: 0x1E Val: 0x1001002C
In clock cycle: 1264
Register Write to Reg: 0x1C Val: 0x0000005A
In clock cycle: 1265
Register Write to Reg: 0x1E Val: 0x00000004
In clock cycle: 1266
Register Write to Reg: 0x1E Val: 0x10010038
In clock cycle: 1266
Memory Write to Addr: 0x10010038 Val: 0x0000005A
In clock cycle: 1268
Register Write to Reg: 0x05 Val: 0x00000001
In clock cycle: 1269
Register Write to Reg: 0x07 Val: 0x00000002
In clock cycle: 1270
Register Write to Reg: 0x00 Val: 0x00400138
In clock cycle: 1272
Register Write to Reg: 0x00 Val: 0x00000000
In clock cycle: 1275
Register Write to Reg: 0x00 Val: 0x00000000
In clock cycle: 1276
Register Write to Reg: 0x05 Val: 0x00000000
In clock cycle: 1278
Register Write to Reg: 0x1E Val: 0x00000000
In clock cycle: 1279
Register Write to Reg: 0x1F Val: 0x10010034
In clock cycle: 1280
Register Write to Reg: 0x1C Val: 0x00000007
In clock cycle: 1281
Register Write to Reg: 0x1F Val: 0x1001002C
In clock cycle: 1281
Memory Write to Addr: 0x1001002C Val: 0x00000007
In clock cycle: 1283
Register Write to Reg: 0x05 Val: 0x00000001
In clock cycle: 1284
Register Write to Reg: 0x00 Val: 0x00400184
In clock cycle: 1286
Register Write to Reg: 0x00 Val: 0x00000000
In clock cycle: 1288
Register Write to Reg: 0x1E Val: 0x00000004
In clock cycle: 1289
Register Write to Reg: 0x1F Val: 0x10010038
In clock cycle: 1290
Register Write to Reg: 0x1C Val: 0x0000005A
In clock cycle: 1291
Register Write to Reg: 0x1F Val: 0x10010030
In clock cycle: 1291
Memory Write to Addr: 0x10010030 Val: 0x0000005A
In clock cycle: 1293
Register Write to Reg: 0x05 Val: 0x00000002
In clock cycle: 1294
Register Write to Reg: 0x00 Val: 0x00400184
In clock cycle: 1296
Register Write to Reg: 0x00 Val: 0x00000000
In clock cycle: 1299
Register Write to Reg: 0x00 Val: 0x00000000
In clock cycle: 1300
Register Write to Reg: 0x0A Val: 0x1001002C
In clock cycle: 1301
Register Write to Reg: 0x0B Val: 0x00000002
In clock cycle: 1302
Register Write to Reg: 0x01 Val: 0x0040007C
In clock cycle: 1303
Register Write to Reg: 0x08 Val: 0x10010004
In clock cycle: 1304
Register Write to Reg: 0x09 Val: 0x0000000C
In clock cycle: 1305
Register Write to Reg: 0x12 Val: 0x00000000
In clock cycle: 1306
Register Write to Reg: 0x02 Val: 0x7FFFFFBC
In clock cycle: 1307
Register Write to Reg: 0x00 Val: 0x004001A4
In clock cycle: 1309
Register Write to Reg: 0x00 Val: 0x00000000
In clock cycle: 1310
Register Write to Reg: 0x01 Val: 0x00400070
In clock cycle: 1311
Register Write to Reg: 0x02 Val: 0x7FFFFFCC
In clock cycle: 1312
Register Write to Reg: 0x00 Val: 0x00400088
In clock cycle: 1314
Register Write to Reg: 0x00 Val: 0x00000000
In clock cycle: 1315
Register Write to Reg: 0x0A Val: 0x10010028
In clock cycle: 1316
Register Write to Reg: 0x0B Val: 0x00000003
In clock cycle: 1317
Register Write to Reg: 0x01 Val: 0x0040007C
In clock cycle: 1319
Register Write to Reg: 0x00 Val: 0x00000000
In clock cycle: 1320
Register Write to Reg: 0x02 Val: 0x7FFFFFAC
In clock cycle: 1320
Memory Write to Addr: 0x7FFFFFC8 Val: 0x0040007C
In clock cycle: 1321
Memory Write to Addr: 0x7FFFFFC4 Val: 0x10010004
In clock cycle: 1322
Memory Write to Addr: 0x7FFFFFC0 Val: 0x0000000C
In clock cycle: 1323
Memory Write to Addr: 0x7FFFFFBC Val: 0x00000000
In clock cycle: 1324
Memory Write to Addr: 0x7FFFFFB8 Val: 0x10010028
In clock cycle: 1325
Memory Write to Addr: 0x7FFFFFB4 Val: 0x00000003
In clock cycle: 1327
Register Write to Reg: 0x08 Val: 0x00000001
In clock cycle: 1328
Register Write to Reg: 0x12 Val: 0x00000003
In clock cycle: 1329
Register Write to Reg: 0x05 Val: 0x00000000
In clock cycle: 1330
Register Write to Reg: 0x06 Val: 0x00000001
In clock cycle: 1331
Register Write to Reg: 0x07 Val: 0x00000000
In clock cycle: 1332
Register Write to Reg: 0x09 Val: 0x100100B8
In clock cycle: 1333
Register Write to Reg: 0x09 Val: 0x10010034
In clock cycle: 1336
Register Write to Reg: 0x1E Val: 0x00000000
In clock cycle: 1337
Register Write to Reg: 0x1E Val: 0x10010028
In clock cycle: 1338
Register Write to Reg: 0x1C Val: 0x0000002D
In clock cycle: 1339
Register Write to Reg: 0x1E Val: 0x00000004
In clock cycle: 1340
Register Write to Reg: 0x1E Val: 0x1001002C
In clock cycle: 1341
Register Write to Reg: 0x1D Val: 0x00000007
In clock cycle: 1344
Register Write to Reg: 0x1E Val: 0x00000000
In clock cycle: 1345
Register Write to Reg: 0x1E Val: 0x10010034
In clock cycle: 1345
Memory Write to Addr: 0x10010034 Val: 0x00000007
In clock cycle: 1347
Register Write to Reg: 0x06 Val: 0x00000002
In clock cycle: 1348
Register Write to Reg: 0x00 Val: 0x004000F8
In clock cycle: 1350
Register Write to Reg: 0x00 Val: 0x00000000
In clock cycle: 1351
Register Write to Reg: 0x07 Val: 0x00000001
In clock cycle: 1352
Register Write to Reg: 0x00 Val: 0x00400110
In clock cycle: 1354
Register Write to Reg: 0x00 Val: 0x00000000
In clock cycle: 1357
Register Write to Reg: 0x1E Val: 0x00000000
In clock cycle: 1358
Register Write to Reg: 0x1E Val: 0x10010028
In clock cycle: 1359
Register Write to Reg: 0x1C Val: 0x0000002D
In clock cycle: 1360
Register Write to Reg: 0x1E Val: 0x00000008
In clock cycle: 1361
Register Write to Reg: 0x1E Val: 0x10010030
In clock cycle: 1362
Register Write to Reg: 0x1D Val: 0x0000005A
In clock cycle: 1366
Register Write to Reg: 0x00 Val: 0x00000000
In clock cycle: 1367
Register Write to Reg: 0x1E Val: 0x00000004
In clock cycle: 1368
Register Write to Reg: 0x1E Val: 0x10010038
In clock cycle: 1368
Memory Write to Addr: 0x10010038 Val: 0x0000002D
In clock cycle: 1370
Register Write to Reg: 0x05 Val: 0x00000001
In clock cycle: 1371
Register Write to Reg: 0x07 Val: 0x00000002
In clock cycle: 1372
Register Write to Reg: 0x00 Val: 0x00400110
In clock cycle: 1374
Register Write to Reg: 0x00 Val: 0x00000000
In clock cycle: 1377
Register Write to Reg: 0x00 Val: 0x00000000
In clock cycle: 1379
Register Write to Reg: 0x1E Val: 0x00000008
In clock cycle: 1380
Register Write to Reg: 0x1E Val: 0x10010030
In clock cycle: 1381
Register Write to Reg: 0x1C Val: 0x0000005A
In clock cycle: 1382
Register Write to Reg: 0x1E Val: 0x00000008
In clock cycle: 1383
Register Write to Reg: 0x1E Val: 0x1001003C
In clock cycle: 1383
Memory Write to Addr: 0x1001003C Val: 0x0000005A
In clock cycle: 1385
Register Write to Reg: 0x06 Val: 0x00000003
In clock cycle: 1386
Register Write to Reg: 0x07 Val: 0x00000003
In clock cycle: 1387
Register Write to Reg: 0x00 Val: 0x00400160
In clock cycle: 1389
Register Write to Reg: 0x00 Val: 0x00000000
In clock cycle: 1392
Register Write to Reg: 0x00 Val: 0x00000000
In clock cycle: 1393
Register Write to Reg: 0x05 Val: 0x00000000
In clock cycle: 1395
Register Write to Reg: 0x1E Val: 0x00000000
In clock cycle: 1396
Register Write to Reg: 0x1F Val: 0x10010034
In clock cycle: 1397
Register Write to Reg: 0x1C Val: 0x00000007
In clock cycle: 1398
Register Write to Reg: 0x1F Val: 0x10010028
In clock cycle: 1398
Memory Write to Addr: 0x10010028 Val: 0x00000007
In clock cycle: 1400
Register Write to Reg: 0x05 Val: 0x00000001
In clock cycle: 1401
Register Write to Reg: 0x00 Val: 0x00400184
In clock cycle: 1403
Register Write to Reg: 0x00 Val: 0x00000000
In clock cycle: 1405
Register Write to Reg: 0x1E Val: 0x00000004
In clock cycle: 1406
Register Write to Reg: 0x1F Val: 0x10010038
In clock cycle: 1407
Register Write to Reg: 0x1C Val: 0x0000002D
In clock cycle: 1408
Register Write to Reg: 0x1F Val: 0x1001002C
In clock cycle: 1408
Memory Write to Addr: 0x1001002C Val: 0x0000002D
In clock cycle: 1410
Register Write to Reg: 0x05 Val: 0x00000002
In clock cycle: 1411
Register Write to Reg: 0x00 Val: 0x00400184
In clock cycle: 1413
Register Write to Reg: 0x00 Val: 0x00000000
In clock cycle: 1415
Register Write to Reg: 0x1E Val: 0x00000008
In clock cycle: 1416
Register Write to Reg: 0x1F Val: 0x1001003C
In clock cycle: 1417
Register Write to Reg: 0x1C Val: 0x0000005A
In clock cycle: 1418
Register Write to Reg: 0x1F Val: 0x10010030
In clock cycle: 1418
Memory Write to Addr: 0x10010030 Val: 0x0000005A
In clock cycle: 1420
Register Write to Reg: 0x05 Val: 0x00000003
In clock cycle: 1421
Register Write to Reg: 0x00 Val: 0x00400184
In clock cycle: 1423
Register Write to Reg: 0x00 Val: 0x00000000
In clock cycle: 1426
Register Write to Reg: 0x00 Val: 0x00000000
In clock cycle: 1427
Register Write to Reg: 0x0A Val: 0x10010028
In clock cycle: 1428
Register Write to Reg: 0x0B Val: 0x00000003
In clock cycle: 1429
Register Write to Reg: 0x01 Val: 0x0040007C
In clock cycle: 1430
Register Write to Reg: 0x08 Val: 0x10010004
In clock cycle: 1431
Register Write to Reg: 0x09 Val: 0x0000000C
In clock cycle: 1432
Register Write to Reg: 0x12 Val: 0x00000000
In clock cycle: 1433
Register Write to Reg: 0x02 Val: 0x7FFFFFCC
In clock cycle: 1434
Register Write to Reg: 0x00 Val: 0x004001A4
In clock cycle: 1436
Register Write to Reg: 0x00 Val: 0x00000000
In clock cycle: 1437
Register Write to Reg: 0x01 Val: 0x00400070
In clock cycle: 1438
Register Write to Reg: 0x02 Val: 0x7FFFFFDC
In clock cycle: 1439
Register Write to Reg: 0x00 Val: 0x00400088
In clock cycle: 1441
Register Write to Reg: 0x00 Val: 0x00000000
In clock cycle: 1442
Register Write to Reg: 0x0A Val: 0x1001001C
In clock cycle: 1443
Register Write to Reg: 0x0B Val: 0x00000006
In clock cycle: 1444
Register Write to Reg: 0x01 Val: 0x0040007C
In clock cycle: 1446
Register Write to Reg: 0x00 Val: 0x00000000
In clock cycle: 1447
Register Write to Reg: 0x02 Val: 0x7FFFFFBC
In clock cycle: 1447
Memory Write to Addr: 0x7FFFFFD8 Val: 0x0040007C
In clock cycle: 1448
Memory Write to Addr: 0x7FFFFFD4 Val: 0x10010004
In clock cycle: 1449
Memory Write to Addr: 0x7FFFFFD0 Val: 0x0000000C
In clock cycle: 1450
Memory Write to Addr: 0x7FFFFFCC Val: 0x00000000
In clock cycle: 1451
Memory Write to Addr: 0x7FFFFFC8 Val: 0x1001001C
In clock cycle: 1452
Memory Write to Addr: 0x7FFFFFC4 Val: 0x00000006
In clock cycle: 1454
Register Write to Reg: 0x08 Val: 0x00000003
In clock cycle: 1455
Register Write to Reg: 0x12 Val: 0x00000006
In clock cycle: 1456
Register Write to Reg: 0x05 Val: 0x00000000
In clock cycle: 1457
Register Write to Reg: 0x06 Val: 0x00000003
In clock cycle: 1458
Register Write to Reg: 0x07 Val: 0x00000000
In clock cycle: 1459
Register Write to Reg: 0x09 Val: 0x100100B8
In clock cycle: 1460
Register Write to Reg: 0x09 Val: 0x10010034
In clock cycle: 1463
Register Write to Reg: 0x1E Val: 0x00000000
In clock cycle: 1464
Register Write to Reg: 0x1E Val: 0x1001001C
In clock cycle: 1465
Register Write to Reg: 0x1C Val: 0x00000005
In clock cycle: 1466
Register Write to Reg: 0x1E Val: 0x0000000C
In clock cycle: 1467
Register Write to Reg: 0x1E Val: 0x10010028
In clock cycle: 1468
Register Write to Reg: 0x1D Val: 0x00000007
In clock cycle: 1472
Register Write to Reg: 0x00 Val: 0x00000000
In clock cycle: 1473
Register Write to Reg: 0x1E Val: 0x00000000
In clock cycle: 1474
Register Write to Reg: 0x1E Val: 0x10010034
In clock cycle: 1474
Memory Write to Addr: 0x10010034 Val: 0x00000005
In clock cycle: 1476
Register Write to Reg: 0x05 Val: 0x00000001
In clock cycle: 1477
Register Write to Reg: 0x07 Val: 0x00000001
In clock cycle: 1478
Register Write to Reg: 0x00 Val: 0x00400110
In clock cycle: 1480
Register Write to Reg: 0x00 Val: 0x00000000
In clock cycle: 1483
Register Write to Reg: 0x1E Val: 0x00000004
In clock cycle: 1484
Register Write to Reg: 0x1E Val: 0x10010020
In clock cycle: 1485
Register Write to Reg: 0x1C Val: 0x00000009
In clock cycle: 1486
Register Write to Reg: 0x1E Val: 0x0000000C
In clock cycle: 1487
Register Write to Reg: 0x1E Val: 0x10010028
In clock cycle: 1488
Register Write to Reg: 0x1D Val: 0x00000007
In clock cycle: 1491
Register Write to Reg: 0x1E Val: 0x00000004
In clock cycle: 1492
Register Write to Reg: 0x1E Val: 0x10010038
In clock cycle: 1492
Memory Write to Addr: 0x10010038 Val: 0x00000007
In clock cycle: 1494
Register Write to Reg: 0x06 Val: 0x00000004
In clock cycle: 1495
Register Write to Reg: 0x00 Val: 0x004000F8
In clock cycle: 1497
Register Write to Reg: 0x00 Val: 0x00000000
In clock cycle: 1498
Register Write to Reg: 0x07 Val: 0x00000002
In clock cycle: 1499
Register Write to Reg: 0x00 Val: 0x00400110
In clock cycle: 1501
Register Write to Reg: 0x00 Val: 0x00000000
In clock cycle: 1504
Register Write to Reg: 0x1E Val: 0x00000004
In clock cycle: 1505
Register Write to Reg: 0x1E Val: 0x10010020
In clock cycle: 1506
Register Write to Reg: 0x1C Val: 0x00000009
In clock cycle: 1507
Register Write to Reg: 0x1E Val: 0x00000010
In clock cycle: 1508
Register Write to Reg: 0x1E Val: 0x1001002C
In clock cycle: 1509
Register Write to Reg: 0x1D Val: 0x0000002D
In clock cycle: 1513
Register Write to Reg: 0x00 Val: 0x00000000
In clock cycle: 1514
Register Write to Reg: 0x1E Val: 0x00000008
In clock cycle: 1515
Register Write to Reg: 0x1E Val: 0x1001003C
In clock cycle: 1515
Memory Write to Addr: 0x1001003C Val: 0x00000009
In clock cycle: 1517
Register Write to Reg: 0x05 Val: 0x00000002
In clock cycle: 1518
Register Write to Reg: 0x07 Val: 0x00000003
In clock cycle: 1519
Register Write to Reg: 0x00 Val: 0x00400110
In clock cycle: 1521
Register Write to Reg: 0x00 Val: 0x00000000
In clock cycle: 1524
Register Write to Reg: 0x1E Val: 0x00000008
In clock cycle: 1525
Register Write to Reg: 0x1E Val: 0x10010024
In clock cycle: 1526
Register Write to Reg: 0x1C Val: 0x00000043
In clock cycle: 1527
Register Write to Reg: 0x1E Val: 0x00000010
In clock cycle: 1528
Register Write to Reg: 0x1E Val: 0x1001002C
In clock cycle: 1529
Register Write to Reg: 0x1D Val: 0x0000002D
In clock cycle: 1532
Register Write to Reg: 0x1E Val: 0x0000000C
In clock cycle: 1533
Register Write to Reg: 0x1E Val: 0x10010040
In clock cycle: 1533
Memory Write to Addr: 0x10010040 Val: 0x0000002D
In clock cycle: 1535
Register Write to Reg: 0x06 Val: 0x00000005
In clock cycle: 1536
Register Write to Reg: 0x00 Val: 0x004000F8
In clock cycle: 1538
Register Write to Reg: 0x00 Val: 0x00000000
In clock cycle: 1539
Register Write to Reg: 0x07 Val: 0x00000004
In clock cycle: 1540
Register Write to Reg: 0x00 Val: 0x00400110
In clock cycle: 1542
Register Write to Reg: 0x00 Val: 0x00000000
In clock cycle: 1545
Register Write to Reg: 0x1E Val: 0x00000008
In clock cycle: 1546
Register Write to Reg: 0x1E Val: 0x10010024
In clock cycle: 1547
Register Write to Reg: 0x1C Val: 0x00000043
In clock cycle: 1548
Register Write to Reg: 0x1E Val: 0x00000014
In clock cycle: 1549
Register Write to Reg: 0x1E Val: 0x10010030
In clock cycle: 1550
Register Write to Reg: 0x1D Val: 0x0000005A
In clock cycle: 1554
Register Write to Reg: 0x00 Val: 0x00000000
In clock cycle: 1555
Register Write to Reg: 0x1E Val: 0x00000010
In clock cycle: 1556
Register Write to Reg: 0x1E Val: 0x10010044
In clock cycle: 1556
Memory Write to Addr: 0x10010044 Val: 0x00000043
In clock cycle: 1558
Register Write to Reg: 0x05 Val: 0x00000003
In clock cycle: 1559
Register Write to Reg: 0x07 Val: 0x00000005
In clock cycle: 1560
Register Write to Reg: 0x00 Val: 0x00400110
In clock cycle: 1562
Register Write to Reg: 0x00 Val: 0x00000000
In clock cycle: 1565
Register Write to Reg: 0x00 Val: 0x00000000
In clock cycle: 1567
Register Write to Reg: 0x1E Val: 0x00000014
In clock cycle: 1568
Register Write to Reg: 0x1E Val: 0x10010030
In clock cycle: 1569
Register Write to Reg: 0x1C Val: 0x0000005A
In clock cycle: 1570
Register Write to Reg: 0x1E Val: 0x00000014
In clock cycle: 1571
Register Write to Reg: 0x1E Val: 0x10010048
In clock cycle: 1571
Memory Write to Addr: 0x10010048 Val: 0x0000005A
In clock cycle: 1573
Register Write to Reg: 0x06 Val: 0x00000006
In clock cycle: 1574
Register Write to Reg: 0x07 Val: 0x00000006
In clock cycle: 1575
Register Write to Reg: 0x00 Val: 0x00400160
In clock cycle: 1577
Register Write to Reg: 0x00 Val: 0x00000000
In clock cycle: 1580
Register Write to Reg: 0x00 Val: 0x00000000
In clock cycle: 1581
Register Write to Reg: 0x05 Val: 0x00000000
In clock cycle: 1583
Register Write to Reg: 0x1E Val: 0x00000000
In clock cycle: 1584
Register Write to Reg: 0x1F Val: 0x10010034
In clock cycle: 1585
Register Write to Reg: 0x1C Val: 0x00000005
In clock cycle: 1586
Register Write to Reg: 0x1F Val: 0x1001001C
In clock cycle: 1586
Memory Write to Addr: 0x1001001C Val: 0x00000005
In clock cycle: 1588
Register Write to Reg: 0x05 Val: 0x00000001
In clock cycle: 1589
Register Write to Reg: 0x00 Val: 0x00400184
In clock cycle: 1591
Register Write to Reg: 0x00 Val: 0x00000000
In clock cycle: 1593
Register Write to Reg: 0x1E Val: 0x00000004
In clock cycle: 1594
Register Write to Reg: 0x1F Val: 0x10010038
In clock cycle: 1595
Register Write to Reg: 0x1C Val: 0x00000007
In clock cycle: 1596
Register Write to Reg: 0x1F Val: 0x10010020
In clock cycle: 1596
Memory Write to Addr: 0x10010020 Val: 0x00000007
In clock cycle: 1598
Register Write to Reg: 0x05 Val: 0x00000002
In clock cycle: 1599
Register Write to Reg: 0x00 Val: 0x00400184
In clock cycle: 1601
Register Write to Reg: 0x00 Val: 0x00000000
In clock cycle: 1603
Register Write to Reg: 0x1E Val: 0x00000008
In clock cycle: 1604
Register Write to Reg: 0x1F Val: 0x1001003C
In clock cycle: 1605
Register Write to Reg: 0x1C Val: 0x00000009
In clock cycle: 1606
Register Write to Reg: 0x1F Val: 0x10010024
In clock cycle: 1606
Memory Write to Addr: 0x10010024 Val: 0x00000009
In clock cycle: 1608
Register Write to Reg: 0x05 Val: 0x00000003
In clock cycle: 1609
Register Write to Reg: 0x00 Val: 0x00400184
In clock cycle: 1611
Register Write to Reg: 0x00 Val: 0x00000000
In clock cycle: 1613
Register Write to Reg: 0x1E Val: 0x0000000C
In clock cycle: 1614
Register Write to Reg: 0x1F Val: 0x10010040
In clock cycle: 1615
Register Write to Reg: 0x1C Val: 0x0000002D
In clock cycle: 1616
Register Write to Reg: 0x1F Val: 0x10010028
In clock cycle: 1616
Memory Write to Addr: 0x10010028 Val: 0x0000002D
In clock cycle: 1618
Register Write to Reg: 0x05 Val: 0x00000004
In clock cycle: 1619
Register Write to Reg: 0x00 Val: 0x00400184
In clock cycle: 1621
Register Write to Reg: 0x00 Val: 0x00000000
In clock cycle: 1623
Register Write to Reg: 0x1E Val: 0x00000010
In clock cycle: 1624
Register Write to Reg: 0x1F Val: 0x10010044
In clock cycle: 1625
Register Write to Reg: 0x1C Val: 0x00000043
In clock cycle: 1626
Register Write to Reg: 0x1F Val: 0x1001002C
In clock cycle: 1626
Memory Write to Addr: 0x1001002C Val: 0x00000043
In clock cycle: 1628
Register Write to Reg: 0x05 Val: 0x00000005
In clock cycle: 1629
Register Write to Reg: 0x00 Val: 0x00400184
In clock cycle: 1631
Register Write to Reg: 0x00 Val: 0x00000000
In clock cycle: 1633
Register Write to Reg: 0x1E Val: 0x00000014
In clock cycle: 1634
Register Write to Reg: 0x1F Val: 0x10010048
In clock cycle: 1635
Register Write to Reg: 0x1C Val: 0x0000005A
In clock cycle: 1636
Register Write to Reg: 0x1F Val: 0x10010030
In clock cycle: 1636
Memory Write to Addr: 0x10010030 Val: 0x0000005A
In clock cycle: 1638
Register Write to Reg: 0x05 Val: 0x00000006
In clock cycle: 1639
Register Write to Reg: 0x00 Val: 0x00400184
In clock cycle: 1641
Register Write to Reg: 0x00 Val: 0x00000000
In clock cycle: 1644
Register Write to Reg: 0x00 Val: 0x00000000
In clock cycle: 1645
Register Write to Reg: 0x0A Val: 0x1001001C
In clock cycle: 1646
Register Write to Reg: 0x0B Val: 0x00000006
In clock cycle: 1647
Register Write to Reg: 0x01 Val: 0x0040007C
In clock cycle: 1648
Register Write to Reg: 0x08 Val: 0x10010004
In clock cycle: 1649
Register Write to Reg: 0x09 Val: 0x0000000C
In clock cycle: 1650
Register Write to Reg: 0x12 Val: 0x00000000
In clock cycle: 1651
Register Write to Reg: 0x02 Val: 0x7FFFFFDC
In clock cycle: 1652
Register Write to Reg: 0x00 Val: 0x004001A4
In clock cycle: 1654
Register Write to Reg: 0x00 Val: 0x00000000
In clock cycle: 1655
Register Write to Reg: 0x01 Val: 0x00400070
In clock cycle: 1656
Register Write to Reg: 0x02 Val: 0x7FFFFFEC
In clock cycle: 1657
Register Write to Reg: 0x00 Val: 0x00400088
In clock cycle: 1659
Register Write to Reg: 0x00 Val: 0x00000000
In clock cycle: 1660
Register Write to Reg: 0x0A Val: 0x10010004
In clock cycle: 1661
Register Write to Reg: 0x0B Val: 0x0000000C
In clock cycle: 1662
Register Write to Reg: 0x01 Val: 0x0040007C
In clock cycle: 1664
Register Write to Reg: 0x00 Val: 0x00000000
In clock cycle: 1665
Register Write to Reg: 0x02 Val: 0x7FFFFFCC
In clock cycle: 1665
Memory Write to Addr: 0x7FFFFFE8 Val: 0x0040007C
In clock cycle: 1666
Memory Write to Addr: 0x7FFFFFE4 Val: 0x10010004
In clock cycle: 1667
Memory Write to Addr: 0x7FFFFFE0 Val: 0x0000000C
In clock cycle: 1668
Memory Write to Addr: 0x7FFFFFDC Val: 0x00000000
In clock cycle: 1669
Memory Write to Addr: 0x7FFFFFD8 Val: 0x10010004
In clock cycle: 1670
Memory Write to Addr: 0x7FFFFFD4 Val: 0x0000000C
In clock cycle: 1672
Register Write to Reg: 0x08 Val: 0x00000006
In clock cycle: 1673
Register Write to Reg: 0x12 Val: 0x0000000C
In clock cycle: 1674
Register Write to Reg: 0x05 Val: 0x00000000
In clock cycle: 1675
Register Write to Reg: 0x06 Val: 0x00000006
In clock cycle: 1676
Register Write to Reg: 0x07 Val: 0x00000000
In clock cycle: 1677
Register Write to Reg: 0x09 Val: 0x100100B8
In clock cycle: 1678
Register Write to Reg: 0x09 Val: 0x10010034
In clock cycle: 1681
Register Write to Reg: 0x1E Val: 0x00000000
In clock cycle: 1682
Register Write to Reg: 0x1E Val: 0x10010004
In clock cycle: 1683
Register Write to Reg: 0x1C Val: 0x0000000A
In clock cycle: 1684
Register Write to Reg: 0x1E Val: 0x00000018
In clock cycle: 1685
Register Write to Reg: 0x1E Val: 0x1001001C
In clock cycle: 1686
Register Write to Reg: 0x1D Val: 0x00000005
In clock cycle: 1689
Register Write to Reg: 0x1E Val: 0x00000000
In clock cycle: 1690
Register Write to Reg: 0x1E Val: 0x10010034
In clock cycle: 1690
Memory Write to Addr: 0x10010034 Val: 0x00000005
In clock cycle: 1692
Register Write to Reg: 0x06 Val: 0x00000007
In clock cycle: 1693
Register Write to Reg: 0x00 Val: 0x004000F8
In clock cycle: 1695
Register Write to Reg: 0x00 Val: 0x00000000
In clock cycle: 1696
Register Write to Reg: 0x07 Val: 0x00000001
In clock cycle: 1697
Register Write to Reg: 0x00 Val: 0x00400110
In clock cycle: 1699
Register Write to Reg: 0x00 Val: 0x00000000
In clock cycle: 1702
Register Write to Reg: 0x1E Val: 0x00000000
In clock cycle: 1703
Register Write to Reg: 0x1E Val: 0x10010004
In clock cycle: 1704
Register Write to Reg: 0x1C Val: 0x0000000A
In clock cycle: 1705
Register Write to Reg: 0x1E Val: 0x0000001C
In clock cycle: 1706
Register Write to Reg: 0x1E Val: 0x10010020
In clock cycle: 1707
Register Write to Reg: 0x1D Val: 0x00000007
In clock cycle: 1710
Register Write to Reg: 0x1E Val: 0x00000004
In clock cycle: 1711
Register Write to Reg: 0x1E Val: 0x10010038
In clock cycle: 1711
Memory Write to Addr: 0x10010038 Val: 0x00000007
In clock cycle: 1713
Register Write to Reg: 0x06 Val: 0x00000008
In clock cycle: 1714
Register Write to Reg: 0x00 Val: 0x004000F8
In clock cycle: 1716
Register Write to Reg: 0x00 Val: 0x00000000
In clock cycle: 1717
Register Write to Reg: 0x07 Val: 0x00000002
In clock cycle: 1718
Register Write to Reg: 0x00 Val: 0x00400110
In clock cycle: 1720
Register Write to Reg: 0x00 Val: 0x00000000
In clock cycle: 1723
Register Write to Reg: 0x1E Val: 0x00000000
In clock cycle: 1724
Register Write to Reg: 0x1E Val: 0x10010004
In clock cycle: 1725
Register Write to Reg: 0x1C Val: 0x0000000A
In clock cycle: 1726
Register Write to Reg: 0x1E Val: 0x00000020
In clock cycle: 1727
Register Write to Reg: 0x1E Val: 0x10010024
In clock cycle: 1728
Register Write to Reg: 0x1D Val: 0x00000009
In clock cycle: 1731
Register Write to Reg: 0x1E Val: 0x00000008
In clock cycle: 1732
Register Write to Reg: 0x1E Val: 0x1001003C
In clock cycle: 1732
Memory Write to Addr: 0x1001003C Val: 0x00000009
In clock cycle: 1734
Register Write to Reg: 0x06 Val: 0x00000009
In clock cycle: 1735
Register Write to Reg: 0x00 Val: 0x004000F8
In clock cycle: 1737
Register Write to Reg: 0x00 Val: 0x00000000
In clock cycle: 1738
Register Write to Reg: 0x07 Val: 0x00000003
In clock cycle: 1739
Register Write to Reg: 0x00 Val: 0x00400110
In clock cycle: 1741
Register Write to Reg: 0x00 Val: 0x00000000
In clock cycle: 1744
Register Write to Reg: 0x1E Val: 0x00000000
In clock cycle: 1745
Register Write to Reg: 0x1E Val: 0x10010004
In clock cycle: 1746
Register Write to Reg: 0x1C Val: 0x0000000A
In clock cycle: 1747
Register Write to Reg: 0x1E Val: 0x00000024
In clock cycle: 1748
Register Write to Reg: 0x1E Val: 0x10010028
In clock cycle: 1749
Register Write to Reg: 0x1D Val: 0x0000002D
In clock cycle: 1753
Register Write to Reg: 0x00 Val: 0x00000000
In clock cycle: 1754
Register Write to Reg: 0x1E Val: 0x0000000C
In clock cycle: 1755
Register Write to Reg: 0x1E Val: 0x10010040
In clock cycle: 1755
Memory Write to Addr: 0x10010040 Val: 0x0000000A
In clock cycle: 1757
Register Write to Reg: 0x05 Val: 0x00000001
In clock cycle: 1758
Register Write to Reg: 0x07 Val: 0x00000004
In clock cycle: 1759
Register Write to Reg: 0x00 Val: 0x00400110
In clock cycle: 1761
Register Write to Reg: 0x00 Val: 0x00000000
In clock cycle: 1764
Register Write to Reg: 0x1E Val: 0x00000004
In clock cycle: 1765
Register Write to Reg: 0x1E Val: 0x10010008
In clock cycle: 1766
Register Write to Reg: 0x1C Val: 0x0000000B
In clock cycle: 1767
Register Write to Reg: 0x1E Val: 0x00000024
In clock cycle: 1768
Register Write to Reg: 0x1E Val: 0x10010028
In clock cycle: 1769
Register Write to Reg: 0x1D Val: 0x0000002D
In clock cycle: 1773
Register Write to Reg: 0x00 Val: 0x00000000
In clock cycle: 1774
Register Write to Reg: 0x1E Val: 0x00000010
In clock cycle: 1775
Register Write to Reg: 0x1E Val: 0x10010044
In clock cycle: 1775
Memory Write to Addr: 0x10010044 Val: 0x0000000B
In clock cycle: 1777
Register Write to Reg: 0x05 Val: 0x00000002
In clock cycle: 1778
Register Write to Reg: 0x07 Val: 0x00000005
In clock cycle: 1779
Register Write to Reg: 0x00 Val: 0x00400110
In clock cycle: 1781
Register Write to Reg: 0x00 Val: 0x00000000
In clock cycle: 1784
Register Write to Reg: 0x1E Val: 0x00000008
In clock cycle: 1785
Register Write to Reg: 0x1E Val: 0x1001000C
In clock cycle: 1786
Register Write to Reg: 0x1C Val: 0x0000000C
In clock cycle: 1787
Register Write to Reg: 0x1E Val: 0x00000024
In clock cycle: 1788
Register Write to Reg: 0x1E Val: 0x10010028
In clock cycle: 1789
Register Write to Reg: 0x1D Val: 0x0000002D
In clock cycle: 1793
Register Write to Reg: 0x00 Val: 0x00000000
In clock cycle: 1794
Register Write to Reg: 0x1E Val: 0x00000014
In clock cycle: 1795
Register Write to Reg: 0x1E Val: 0x10010048
In clock cycle: 1795
Memory Write to Addr: 0x10010048 Val: 0x0000000C
In clock cycle: 1797
Register Write to Reg: 0x05 Val: 0x00000003
In clock cycle: 1798
Register Write to Reg: 0x07 Val: 0x00000006
In clock cycle: 1799
Register Write to Reg: 0x00 Val: 0x00400110
In clock cycle: 1801
Register Write to Reg: 0x00 Val: 0x00000000
In clock cycle: 1804
Register Write to Reg: 0x1E Val: 0x0000000C
In clock cycle: 1805
Register Write to Reg: 0x1E Val: 0x10010010
In clock cycle: 1806
Register Write to Reg: 0x1C Val: 0x00000041
In clock cycle: 1807
Register Write to Reg: 0x1E Val: 0x00000024
In clock cycle: 1808
Register Write to Reg: 0x1E Val: 0x10010028
In clock cycle: 1809
Register Write to Reg: 0x1D Val: 0x0000002D
In clock cycle: 1812
Register Write to Reg: 0x1E Val: 0x00000018
In clock cycle: 1813
Register Write to Reg: 0x1E Val: 0x1001004C
In clock cycle: 1813
Memory Write to Addr: 0x1001004C Val: 0x0000002D
In clock cycle: 1815
Register Write to Reg: 0x06 Val: 0x0000000A
In clock cycle: 1816
Register Write to Reg: 0x00 Val: 0x004000F8
In clock cycle: 1818
Register Write to Reg: 0x00 Val: 0x00000000
In clock cycle: 1819
Register Write to Reg: 0x07 Val: 0x00000007
In clock cycle: 1820
Register Write to Reg: 0x00 Val: 0x00400110
In clock cycle: 1822
Register Write to Reg: 0x00 Val: 0x00000000
In clock cycle: 1825
Register Write to Reg: 0x1E Val: 0x0000000C
In clock cycle: 1826
Register Write to Reg: 0x1E Val: 0x10010010
In clock cycle: 1827
Register Write to Reg: 0x1C Val: 0x00000041
In clock cycle: 1828
Register Write to Reg: 0x1E Val: 0x00000028
In clock cycle: 1829
Register Write to Reg: 0x1E Val: 0x1001002C
In clock cycle: 1830
Register Write to Reg: 0x1D Val: 0x00000043
In clock cycle: 1834
Register Write to Reg: 0x00 Val: 0x00000000
In clock cycle: 1835
Register Write to Reg: 0x1E Val: 0x0000001C
In clock cycle: 1836
Register Write to Reg: 0x1E Val: 0x10010050
In clock cycle: 1836
Memory Write to Addr: 0x10010050 Val: 0x00000041
In clock cycle: 1838
Register Write to Reg: 0x05 Val: 0x00000004
In clock cycle: 1839
Register Write to Reg: 0x07 Val: 0x00000008
In clock cycle: 1840
Register Write to Reg: 0x00 Val: 0x00400110
In clock cycle: 1842
Register Write to Reg: 0x00 Val: 0x00000000
In clock cycle: 1845
Register Write to Reg: 0x1E Val: 0x00000010
In clock cycle: 1846
Register Write to Reg: 0x1E Val: 0x10010014
In clock cycle: 1847
Register Write to Reg: 0x1C Val: 0x00000046
In clock cycle: 1848
Register Write to Reg: 0x1E Val: 0x00000028
In clock cycle: 1849
Register Write to Reg: 0x1E Val: 0x1001002C
In clock cycle: 1850
Register Write to Reg: 0x1D Val: 0x00000043
In clock cycle: 1853
Register Write to Reg: 0x1E Val: 0x00000020
In clock cycle: 1854
Register Write to Reg: 0x1E Val: 0x10010054
In clock cycle: 1854
Memory Write to Addr: 0x10010054 Val: 0x00000043
In clock cycle: 1856
Register Write to Reg: 0x06 Val: 0x0000000B
In clock cycle: 1857
Register Write to Reg: 0x00 Val: 0x004000F8
In clock cycle: 1859
Register Write to Reg: 0x00 Val: 0x00000000
In clock cycle: 1860
Register Write to Reg: 0x07 Val: 0x00000009
In clock cycle: 1861
Register Write to Reg: 0x00 Val: 0x00400110
In clock cycle: 1863
Register Write to Reg: 0x00 Val: 0x00000000
In clock cycle: 1866
Register Write to Reg: 0x1E Val: 0x00000010
In clock cycle: 1867
Register Write to Reg: 0x1E Val: 0x10010014
In clock cycle: 1868
Register Write to Reg: 0x1C Val: 0x00000046
In clock cycle: 1869
Register Write to Reg: 0x1E Val: 0x0000002C
In clock cycle: 1870
Register Write to Reg: 0x1E Val: 0x10010030
In clock cycle: 1871
Register Write to Reg: 0x1D Val: 0x0000005A
In clock cycle: 1875
Register Write to Reg: 0x00 Val: 0x00000000
In clock cycle: 1876
Register Write to Reg: 0x1E Val: 0x00000024
In clock cycle: 1877
Register Write to Reg: 0x1E Val: 0x10010058
In clock cycle: 1877
Memory Write to Addr: 0x10010058 Val: 0x00000046
In clock cycle: 1879
Register Write to Reg: 0x05 Val: 0x00000005
In clock cycle: 1880
Register Write to Reg: 0x07 Val: 0x0000000A
In clock cycle: 1881
Register Write to Reg: 0x00 Val: 0x00400110
In clock cycle: 1883
Register Write to Reg: 0x00 Val: 0x00000000
In clock cycle: 1886
Register Write to Reg: 0x1E Val: 0x00000014
In clock cycle: 1887
Register Write to Reg: 0x1E Val: 0x10010018
In clock cycle: 1888
Register Write to Reg: 0x1C Val: 0x00000059
In clock cycle: 1889
Register Write to Reg: 0x1E Val: 0x0000002C
In clock cycle: 1890
Register Write to Reg: 0x1E Val: 0x10010030
In clock cycle: 1891
Register Write to Reg: 0x1D Val: 0x0000005A
In clock cycle: 1895
Register Write to Reg: 0x00 Val: 0x00000000
In clock cycle: 1896
Register Write to Reg: 0x1E Val: 0x00000028
In clock cycle: 1897
Register Write to Reg: 0x1E Val: 0x1001005C
In clock cycle: 1897
Memory Write to Addr: 0x1001005C Val: 0x00000059
In clock cycle: 1899
Register Write to Reg: 0x05 Val: 0x00000006
In clock cycle: 1900
Register Write to Reg: 0x07 Val: 0x0000000B
In clock cycle: 1901
Register Write to Reg: 0x00 Val: 0x00400110
In clock cycle: 1903
Register Write to Reg: 0x00 Val: 0x00000000
In clock cycle: 1906
Register Write to Reg: 0x00 Val: 0x00000000
In clock cycle: 1908
Register Write to Reg: 0x1E Val: 0x0000002C
In clock cycle: 1909
Register Write to Reg: 0x1E Val: 0x10010030
In clock cycle: 1910
Register Write to Reg: 0x1C Val: 0x0000005A
In clock cycle: 1911
Register Write to Reg: 0x1E Val: 0x0000002C
In clock cycle: 1912
Register Write to Reg: 0x1E Val: 0x10010060
In clock cycle: 1912
Memory Write to Addr: 0x10010060 Val: 0x0000005A
In clock cycle: 1914
Register Write to Reg: 0x06 Val: 0x0000000C
In clock cycle: 1915
Register Write to Reg: 0x07 Val: 0x0000000C
In clock cycle: 1916
Register Write to Reg: 0x00 Val: 0x00400160
In clock cycle: 1918
Register Write to Reg: 0x00 Val: 0x00000000
In clock cycle: 1921
Register Write to Reg: 0x00 Val: 0x00000000
In clock cycle: 1922
Register Write to Reg: 0x05 Val: 0x00000000
In clock cycle: 1924
Register Write to Reg: 0x1E Val: 0x00000000
In clock cycle: 1925
Register Write to Reg: 0x1F Val: 0x10010034
In clock cycle: 1926
Register Write to Reg: 0x1C Val: 0x00000005
In clock cycle: 1927
Register Write to Reg: 0x1F Val: 0x10010004
In clock cycle: 1927
Memory Write to Addr: 0x10010004 Val: 0x00000005
In clock cycle: 1929
Register Write to Reg: 0x05 Val: 0x00000001
In clock cycle: 1930
Register Write to Reg: 0x00 Val: 0x00400184
In clock cycle: 1932
Register Write to Reg: 0x00 Val: 0x00000000
In clock cycle: 1934
Register Write to Reg: 0x1E Val: 0x00000004
In clock cycle: 1935
Register Write to Reg: 0x1F Val: 0x10010038
In clock cycle: 1936
Register Write to Reg: 0x1C Val: 0x00000007
In clock cycle: 1937
Register Write to Reg: 0x1F Val: 0x10010008
In clock cycle: 1937
Memory Write to Addr: 0x10010008 Val: 0x00000007
In clock cycle: 1939
Register Write to Reg: 0x05 Val: 0x00000002
In clock cycle: 1940
Register Write to Reg: 0x00 Val: 0x00400184
In clock cycle: 1942
Register Write to Reg: 0x00 Val: 0x00000000
In clock cycle: 1944
Register Write to Reg: 0x1E Val: 0x00000008
In clock cycle: 1945
Register Write to Reg: 0x1F Val: 0x1001003C
In clock cycle: 1946
Register Write to Reg: 0x1C Val: 0x00000009
In clock cycle: 1947
Register Write to Reg: 0x1F Val: 0x1001000C
In clock cycle: 1947
Memory Write to Addr: 0x1001000C Val: 0x00000009
In clock cycle: 1949
Register Write to Reg: 0x05 Val: 0x00000003
In clock cycle: 1950
Register Write to Reg: 0x00 Val: 0x00400184
In clock cycle: 1952
Register Write to Reg: 0x00 Val: 0x00000000
In clock cycle: 1954
Register Write to Reg: 0x1E Val: 0x0000000C
In clock cycle: 1955
Register Write to Reg: 0x1F Val: 0x10010040
In clock cycle: 1956
Register Write to Reg: 0x1C Val: 0x0000000A
In clock cycle: 1957
Register Write to Reg: 0x1F Val: 0x10010010
In clock cycle: 1957
Memory Write to Addr: 0x10010010 Val: 0x0000000A
In clock cycle: 1959
Register Write to Reg: 0x05 Val: 0x00000004
In clock cycle: 1960
Register Write to Reg: 0x00 Val: 0x00400184
In clock cycle: 1962
Register Write to Reg: 0x00 Val: 0x00000000
In clock cycle: 1964
Register Write to Reg: 0x1E Val: 0x00000010
In clock cycle: 1965
Register Write to Reg: 0x1F Val: 0x10010044
In clock cycle: 1966
Register Write to Reg: 0x1C Val: 0x0000000B
In clock cycle: 1967
Register Write to Reg: 0x1F Val: 0x10010014
In clock cycle: 1967
Memory Write to Addr: 0x10010014 Val: 0x0000000B
In clock cycle: 1969
Register Write to Reg: 0x05 Val: 0x00000005
In clock cycle: 1970
Register Write to Reg: 0x00 Val: 0x00400184
In clock cycle: 1972
Register Write to Reg: 0x00 Val: 0x00000000
In clock cycle: 1974
Register Write to Reg: 0x1E Val: 0x00000014
In clock cycle: 1975
Register Write to Reg: 0x1F Val: 0x10010048
In clock cycle: 1976
Register Write to Reg: 0x1C Val: 0x0000000C
In clock cycle: 1977
Register Write to Reg: 0x1F Val: 0x10010018
In clock cycle: 1977
Memory Write to Addr: 0x10010018 Val: 0x0000000C
In clock cycle: 1979
Register Write to Reg: 0x05 Val: 0x00000006
In clock cycle: 1980
Register Write to Reg: 0x00 Val: 0x00400184
In clock cycle: 1982
Register Write to Reg: 0x00 Val: 0x00000000
In clock cycle: 1984
Register Write to Reg: 0x1E Val: 0x00000018
In clock cycle: 1985
Register Write to Reg: 0x1F Val: 0x1001004C
In clock cycle: 1986
Register Write to Reg: 0x1C Val: 0x0000002D
In clock cycle: 1987
Register Write to Reg: 0x1F Val: 0x1001001C
In clock cycle: 1987
Memory Write to Addr: 0x1001001C Val: 0x0000002D
In clock cycle: 1989
Register Write to Reg: 0x05 Val: 0x00000007
In clock cycle: 1990
Register Write to Reg: 0x00 Val: 0x00400184
In clock cycle: 1992
Register Write to Reg: 0x00 Val: 0x00000000
In clock cycle: 1994
Register Write to Reg: 0x1E Val: 0x0000001C
In clock cycle: 1995
Register Write to Reg: 0x1F Val: 0x10010050
In clock cycle: 1996
Register Write to Reg: 0x1C Val: 0x00000041
In clock cycle: 1997
Register Write to Reg: 0x1F Val: 0x10010020
In clock cycle: 1997
Memory Write to Addr: 0x10010020 Val: 0x00000041
In clock cycle: 1999
Register Write to Reg: 0x05 Val: 0x00000008
In clock cycle: 2000
Register Write to Reg: 0x00 Val: 0x00400184
In clock cycle: 2002
Register Write to Reg: 0x00 Val: 0x00000000
In clock cycle: 2004
Register Write to Reg: 0x1E Val: 0x00000020
In clock cycle: 2005
Register Write to Reg: 0x1F Val: 0x10010054
In clock cycle: 2006
Register Write to Reg: 0x1C Val: 0x00000043
In clock cycle: 2007
Register Write to Reg: 0x1F Val: 0x10010024
In clock cycle: 2007
Memory Write to Addr: 0x10010024 Val: 0x00000043
In clock cycle: 2009
Register Write to Reg: 0x05 Val: 0x00000009
In clock cycle: 2010
Register Write to Reg: 0x00 Val: 0x00400184
In clock cycle: 2012
Register Write to Reg: 0x00 Val: 0x00000000
In clock cycle: 2014
Register Write to Reg: 0x1E Val: 0x00000024
In clock cycle: 2015
Register Write to Reg: 0x1F Val: 0x10010058
In clock cycle: 2016
Register Write to Reg: 0x1C Val: 0x00000046
In clock cycle: 2017
Register Write to Reg: 0x1F Val: 0x10010028
In clock cycle: 2017
Memory Write to Addr: 0x10010028 Val: 0x00000046
In clock cycle: 2019
Register Write to Reg: 0x05 Val: 0x0000000A
In clock cycle: 2020
Register Write to Reg: 0x00 Val: 0x00400184
In clock cycle: 2022
Register Write to Reg: 0x00 Val: 0x00000000
In clock cycle: 2024
Register Write to Reg: 0x1E Val: 0x00000028
In clock cycle: 2025
Register Write to Reg: 0x1F Val: 0x1001005C
In clock cycle: 2026
Register Write to Reg: 0x1C Val: 0x00000059
In clock cycle: 2027
Register Write to Reg: 0x1F Val: 0x1001002C
In clock cycle: 2027
Memory Write to Addr: 0x1001002C Val: 0x00000059
In clock cycle: 2029
Register Write to Reg: 0x05 Val: 0x0000000B
In clock cycle: 2030
Register Write to Reg: 0x00 Val: 0x00400184
In clock cycle: 2032
Register Write to Reg: 0x00 Val: 0x00000000
In clock cycle: 2034
Register Write to Reg: 0x1E Val: 0x0000002C
In clock cycle: 2035
Register Write to Reg: 0x1F Val: 0x10010060
In clock cycle: 2036
Register Write to Reg: 0x1C Val: 0x0000005A
In clock cycle: 2037
Register Write to Reg: 0x1F Val: 0x10010030
In clock cycle: 2037
Memory Write to Addr: 0x10010030 Val: 0x0000005A
In clock cycle: 2039
Register Write to Reg: 0x05 Val: 0x0000000C
In clock cycle: 2040
Register Write to Reg: 0x00 Val: 0x00400184
In clock cycle: 2042
Register Write to Reg: 0x00 Val: 0x00000000
In clock cycle: 2045
Register Write to Reg: 0x00 Val: 0x00000000
In clock cycle: 2046
Register Write to Reg: 0x0A Val: 0x10010004
In clock cycle: 2047
Register Write to Reg: 0x0B Val: 0x0000000C
In clock cycle: 2048
Register Write to Reg: 0x01 Val: 0x0040007C
In clock cycle: 2049
Register Write to Reg: 0x08 Val: 0x10010004
In clock cycle: 2050
Register Write to Reg: 0x09 Val: 0x0000000C
In clock cycle: 2051
Register Write to Reg: 0x12 Val: 0x00000000
In clock cycle: 2052
Register Write to Reg: 0x02 Val: 0x7FFFFFEC
In clock cycle: 2053
Register Write to Reg: 0x00 Val: 0x004001A4
In clock cycle: 2055
Register Write to Reg: 0x00 Val: 0x00000000
In clock cycle: 2056
Register Write to Reg: 0x01 Val: 0x00400028
In clock cycle: 2057
Register Write to Reg: 0x02 Val: 0x7FFFFFFC
In clock cycle: 2058
Register Write to Reg: 0x00 Val: 0x00400088
In clock cycle: 2060
Register Write to Reg: 0x00 Val: 0x00000000
In clock cycle: 2061
Register Write to Reg: 0x11 Val: 0x0000000A
Execution is stopping! Clock Cycle: 2062
